Wavelength_um,Total_T,Planet
0.4,0.99935987,HD_132406_b
0.4002,0.99936053,HD_132406_b
0.4004001,0.99936131,HD_132406_b
0.4006003,0.99936221,HD_132406_b
0.4008006002,0.99936322,HD_132406_b
0.4010010005,0.99936431,HD_132406_b
0.401201501,0.99936546,HD_132406_b
0.4014021018,0.99936667,HD_132406_b
0.4016028028,0.99936791,HD_132406_b
0.4018036042,0.99936917,HD_132406_b
0.402004506,0.99937043,HD_132406_b
0.4022055083,0.99937171,HD_132406_b
0.402406611,0.99937299,HD_132406_b
0.4026078143,0.99937426,HD_132406_b
0.4028091182,0.99937553,HD_132406_b
0.4030105228,0.99937679,HD_132406_b
0.403212028,0.99937804,HD_132406_b
0.4034136341,0.99937929,HD_132406_b
0.4036153409,0.99938053,HD_132406_b
0.4038171485,0.99938176,HD_132406_b
0.4040190571,0.99938299,HD_132406_b
0.4042210666,0.99938422,HD_132406_b
0.4044231772,0.99938544,HD_132406_b
0.4046253888,0.99938666,HD_132406_b
0.4048277015,0.99938789,HD_132406_b
0.4050301153,0.99938911,HD_132406_b
0.4052326304,0.99939033,HD_132406_b
0.4054352467,0.99939155,HD_132406_b
0.4056379643,0.99939276,HD_132406_b
0.4058407833,0.99939397,HD_132406_b
0.4060437037,0.99939518,HD_132406_b
0.4062467255,0.99939639,HD_132406_b
0.4064498489,0.99939759,HD_132406_b
0.4066530738,0.99939879,HD_132406_b
0.4068564004,0.99939998,HD_132406_b
0.4070598286,0.99940117,HD_132406_b
0.4072633585,0.99940236,HD_132406_b
0.4074669902,0.99940354,HD_132406_b
0.4076707237,0.99940472,HD_132406_b
0.407874559,0.9994059,HD_132406_b
0.4080784963,0.99940707,HD_132406_b
0.4082825355,0.99940825,HD_132406_b
0.4084866768,0.99940941,HD_132406_b
0.4086909201,0.99941058,HD_132406_b
0.4088952656,0.99941175,HD_132406_b
0.4090997132,0.99941292,HD_132406_b
0.4093042631,0.99941408,HD_132406_b
0.4095089152,0.99941525,HD_132406_b
0.4097136697,0.99941642,HD_132406_b
0.4099185265,0.99941758,HD_132406_b
0.4101234858,0.99941875,HD_132406_b
0.4103285475,0.99941991,HD_132406_b
0.4105337118,0.99942107,HD_132406_b
0.4107389787,0.99942223,HD_132406_b
0.4109443481,0.99942339,HD_132406_b
0.4111498203,0.99942455,HD_132406_b
0.4113553952,0.9994257,HD_132406_b
0.4115610729,0.99942685,HD_132406_b
0.4117668535,0.99942799,HD_132406_b
0.4119727369,0.99942913,HD_132406_b
0.4121787233,0.99943028,HD_132406_b
0.4123848126,0.99943141,HD_132406_b
0.412591005,0.99943255,HD_132406_b
0.4127973005,0.99943368,HD_132406_b
0.4130036992,0.99943481,HD_132406_b
0.413210201,0.99943593,HD_132406_b
0.4134168061,0.99943706,HD_132406_b
0.4136235145,0.99943818,HD_132406_b
0.4138303263,0.9994393,HD_132406_b
0.4140372415,0.99944042,HD_132406_b
0.4142442601,0.99944153,HD_132406_b
0.4144513822,0.99944263,HD_132406_b
0.4146586079,0.99944372,HD_132406_b
0.4148659372,0.9994448,HD_132406_b
0.4150733702,0.99944587,HD_132406_b
0.4152809069,0.99944693,HD_132406_b
0.4154885473,0.99944798,HD_132406_b
0.4156962916,0.99944903,HD_132406_b
0.4159041397,0.99945008,HD_132406_b
0.4161120918,0.99945113,HD_132406_b
0.4163201478,0.9994522,HD_132406_b
0.4165283079,0.99945328,HD_132406_b
0.4167365721,0.99945436,HD_132406_b
0.4169449404,0.99945546,HD_132406_b
0.4171534128,0.99945655,HD_132406_b
0.4173619895,0.99945765,HD_132406_b
0.4175706705,0.99945875,HD_132406_b
0.4177794559,0.99945984,HD_132406_b
0.4179883456,0.99946092,HD_132406_b
0.4181973398,0.999462,HD_132406_b
0.4184064384,0.99946308,HD_132406_b
0.4186156417,0.99946417,HD_132406_b
0.4188249495,0.99946526,HD_132406_b
0.4190343619,0.99946635,HD_132406_b
0.4192438791,0.99946745,HD_132406_b
0.4194535011,0.99946855,HD_132406_b
0.4196632278,0.99946964,HD_132406_b
0.4198730594,0.99947072,HD_132406_b
0.420082996,0.9994718,HD_132406_b
0.4202930375,0.99947286,HD_132406_b
0.420503184,0.99947391,HD_132406_b
0.4207134356,0.99947494,HD_132406_b
0.4209237923,0.99947597,HD_132406_b
0.4211342542,0.99947699,HD_132406_b
0.4213448213,0.999478,HD_132406_b
0.4215554937,0.99947902,HD_132406_b
0.4217662715,0.99948004,HD_132406_b
0.4219771546,0.99948106,HD_132406_b
0.4221881432,0.9994821,HD_132406_b
0.4223992373,0.99948315,HD_132406_b
0.4226104369,0.99948421,HD_132406_b
0.4228217421,0.99948528,HD_132406_b
0.423033153,0.99948636,HD_132406_b
0.4232446695,0.99948745,HD_132406_b
0.4234562919,0.99948855,HD_132406_b
0.42366802,0.99948963,HD_132406_b
0.423879854,0.99949071,HD_132406_b
0.424091794,0.99949177,HD_132406_b
0.4243038399,0.99949282,HD_132406_b
0.4245159918,0.99949384,HD_132406_b
0.4247282498,0.99949484,HD_132406_b
0.4249406139,0.99949582,HD_132406_b
0.4251530842,0.99949678,HD_132406_b
0.4253656607,0.99949772,HD_132406_b
0.4255783436,0.99949865,HD_132406_b
0.4257911327,0.99949957,HD_132406_b
0.4260040283,0.99950049,HD_132406_b
0.4262170303,0.99950141,HD_132406_b
0.4264301388,0.99950234,HD_132406_b
0.4266433539,0.99950328,HD_132406_b
0.4268566756,0.99950423,HD_132406_b
0.4270701039,0.99950519,HD_132406_b
0.427283639,0.99950616,HD_132406_b
0.4274972808,0.99950713,HD_132406_b
0.4277110294,0.99950811,HD_132406_b
0.427924885,0.99950909,HD_132406_b
0.4281388474,0.99951007,HD_132406_b
0.4283529168,0.99951105,HD_132406_b
0.4285670933,0.99951204,HD_132406_b
0.4287813768,0.99951303,HD_132406_b
0.4289957675,0.99951402,HD_132406_b
0.4292102654,0.99951501,HD_132406_b
0.4294248705,0.99951601,HD_132406_b
0.429639583,0.999517,HD_132406_b
0.4298544028,0.999518,HD_132406_b
0.43006933,0.999519,HD_132406_b
0.4302843646,0.99952,HD_132406_b
0.4304995068,0.999521,HD_132406_b
0.4307147566,0.99952199,HD_132406_b
0.4309301139,0.99952298,HD_132406_b
0.431145579,0.99952396,HD_132406_b
0.4313611518,0.99952494,HD_132406_b
0.4315768324,0.9995259,HD_132406_b
0.4317926208,0.99952686,HD_132406_b
0.4320085171,0.9995278,HD_132406_b
0.4322245213,0.99952872,HD_132406_b
0.4324406336,0.99952964,HD_132406_b
0.4326568539,0.99953055,HD_132406_b
0.4328731823,0.99953145,HD_132406_b
0.4330896189,0.99953236,HD_132406_b
0.4333061637,0.99953327,HD_132406_b
0.4335228168,0.99953419,HD_132406_b
0.4337395782,0.99953512,HD_132406_b
0.433956448,0.99953606,HD_132406_b
0.4341734263,0.999537,HD_132406_b
0.434390513,0.99953794,HD_132406_b
0.4346077082,0.99953888,HD_132406_b
0.4348250121,0.99953981,HD_132406_b
0.4350424246,0.99954073,HD_132406_b
0.4352599458,0.99954164,HD_132406_b
0.4354775758,0.99954254,HD_132406_b
0.4356953146,0.99954344,HD_132406_b
0.4359131622,0.99954434,HD_132406_b
0.4361311188,0.99954524,HD_132406_b
0.4363491844,0.99954614,HD_132406_b
0.4365673589,0.99954705,HD_132406_b
0.4367856426,0.99954795,HD_132406_b
0.4370040354,0.99954885,HD_132406_b
0.4372225375,0.99954975,HD_132406_b
0.4374411487,0.99955064,HD_132406_b
0.4376598693,0.99955152,HD_132406_b
0.4378786992,0.9995524,HD_132406_b
0.4380976386,0.99955327,HD_132406_b
0.4383166874,0.99955413,HD_132406_b
0.4385358458,0.99955499,HD_132406_b
0.4387551137,0.99955584,HD_132406_b
0.4389744912,0.99955669,HD_132406_b
0.4391939785,0.99955753,HD_132406_b
0.4394135755,0.99955837,HD_132406_b
0.4396332823,0.99955919,HD_132406_b
0.4398530989,0.99956,HD_132406_b
0.4400730254,0.99956079,HD_132406_b
0.440293062,0.99956156,HD_132406_b
0.4405132085,0.9995623,HD_132406_b
0.4407334651,0.99956301,HD_132406_b
0.4409538318,0.99956369,HD_132406_b
0.4411743087,0.99956433,HD_132406_b
0.4413948959,0.99956494,HD_132406_b
0.4416155933,0.99956552,HD_132406_b
0.4418364011,0.9995661,HD_132406_b
0.4420573193,0.99956668,HD_132406_b
0.442278348,0.99956728,HD_132406_b
0.4424994872,0.99956794,HD_132406_b
0.4427207369,0.99956865,HD_132406_b
0.4429420973,0.99956944,HD_132406_b
0.4431635683,0.99957029,HD_132406_b
0.4433851501,0.9995712,HD_132406_b
0.4436068427,0.99957215,HD_132406_b
0.4438286461,0.99957312,HD_132406_b
0.4440505604,0.99957411,HD_132406_b
0.4442725857,0.99957509,HD_132406_b
0.444494722,0.99957606,HD_132406_b
0.4447169694,0.99957703,HD_132406_b
0.4449393279,0.99957798,HD_132406_b
0.4451617975,0.99957893,HD_132406_b
0.4453843784,0.99957989,HD_132406_b
0.4456070706,0.99958084,HD_132406_b
0.4458298741,0.9995818,HD_132406_b
0.4460527891,0.99958277,HD_132406_b
0.4462758155,0.99958375,HD_132406_b
0.4464989534,0.99958473,HD_132406_b
0.4467222029,0.99958572,HD_132406_b
0.446945564,0.99958669,HD_132406_b
0.4471690367,0.99958765,HD_132406_b
0.4473926213,0.9995886,HD_132406_b
0.4476163176,0.99958953,HD_132406_b
0.4478401257,0.99959044,HD_132406_b
0.4480640458,0.99959133,HD_132406_b
0.4482880778,0.9995922,HD_132406_b
0.4485122219,0.99959306,HD_132406_b
0.448736478,0.99959391,HD_132406_b
0.4489608462,0.99959475,HD_132406_b
0.4491853266,0.99959559,HD_132406_b
0.4494099193,0.99959642,HD_132406_b
0.4496346243,0.99959725,HD_132406_b
0.4498594416,0.99959808,HD_132406_b
0.4500843713,0.9995989,HD_132406_b
0.4503094135,0.99959972,HD_132406_b
0.4505345682,0.99960053,HD_132406_b
0.4507598355,0.99960134,HD_132406_b
0.4509852154,0.99960213,HD_132406_b
0.451210708,0.99960292,HD_132406_b
0.4514363133,0.99960371,HD_132406_b
0.4516620315,0.99960448,HD_132406_b
0.4518878625,0.99960525,HD_132406_b
0.4521138064,0.99960602,HD_132406_b
0.4523398633,0.99960679,HD_132406_b
0.4525660333,0.99960756,HD_132406_b
0.4527923163,0.99960834,HD_132406_b
0.4530187125,0.99960911,HD_132406_b
0.4532452218,0.99960989,HD_132406_b
0.4534718444,0.99961067,HD_132406_b
0.4536985803,0.99961144,HD_132406_b
0.4539254296,0.99961221,HD_132406_b
0.4541523924,0.99961298,HD_132406_b
0.4543794685,0.99961374,HD_132406_b
0.4546066583,0.9996145,HD_132406_b
0.4548339616,0.99961527,HD_132406_b
0.4550613786,0.99961603,HD_132406_b
0.4552889093,0.9996168,HD_132406_b
0.4555165537,0.99961756,HD_132406_b
0.455744312,0.99961833,HD_132406_b
0.4559721842,0.99961909,HD_132406_b
0.4562001703,0.99961985,HD_132406_b
0.4564282703,0.99962061,HD_132406_b
0.4566564845,0.99962137,HD_132406_b
0.4568848127,0.99962212,HD_132406_b
0.4571132551,0.99962287,HD_132406_b
0.4573418118,0.99962362,HD_132406_b
0.4575704827,0.99962438,HD_132406_b
0.4577992679,0.99962513,HD_132406_b
0.4580281675,0.99962588,HD_132406_b
0.4582571816,0.99962663,HD_132406_b
0.4584863102,0.99962738,HD_132406_b
0.4587155534,0.99962813,HD_132406_b
0.4589449111,0.99962888,HD_132406_b
0.4591743836,0.99962962,HD_132406_b
0.4594039708,0.99963037,HD_132406_b
0.4596336728,0.99963112,HD_132406_b
0.4598634896,0.99963187,HD_132406_b
0.4600934214,0.99963261,HD_132406_b
0.4603234681,0.99963335,HD_132406_b
0.4605536298,0.99963408,HD_132406_b
0.4607839066,0.99963482,HD_132406_b
0.4610142986,0.99963555,HD_132406_b
0.4612448057,0.99963627,HD_132406_b
0.4614754281,0.99963699,HD_132406_b
0.4617061658,0.99963771,HD_132406_b
0.4619370189,0.99963843,HD_132406_b
0.4621679874,0.99963914,HD_132406_b
0.4623990714,0.99963986,HD_132406_b
0.462630271,0.99964057,HD_132406_b
0.4628615861,0.99964129,HD_132406_b
0.4630930169,0.999642,HD_132406_b
0.4633245634,0.99964271,HD_132406_b
0.4635562257,0.99964342,HD_132406_b
0.4637880038,0.99964413,HD_132406_b
0.4640198978,0.99964484,HD_132406_b
0.4642519077,0.99964554,HD_132406_b
0.4644840337,0.99964624,HD_132406_b
0.4647162757,0.99964693,HD_132406_b
0.4649486338,0.99964762,HD_132406_b
0.4651811082,0.9996483,HD_132406_b
0.4654136987,0.99964898,HD_132406_b
0.4656464056,0.99964966,HD_132406_b
0.4658792288,0.99965033,HD_132406_b
0.4661121684,0.999651,HD_132406_b
0.4663452245,0.99965166,HD_132406_b
0.4665783971,0.99965233,HD_132406_b
0.4668116863,0.99965299,HD_132406_b
0.4670450921,0.99965365,HD_132406_b
0.4672786147,0.9996543,HD_132406_b
0.467512254,0.99965495,HD_132406_b
0.4677460101,0.99965558,HD_132406_b
0.4679798831,0.9996562,HD_132406_b
0.4682138731,0.99965681,HD_132406_b
0.46844798,0.99965741,HD_132406_b
0.468682204,0.999658,HD_132406_b
0.4689165451,0.99965858,HD_132406_b
0.4691510034,0.99965916,HD_132406_b
0.4693855789,0.99965975,HD_132406_b
0.4696202716,0.99966036,HD_132406_b
0.4698550818,0.99966098,HD_132406_b
0.4700900093,0.99966163,HD_132406_b
0.4703250543,0.9996623,HD_132406_b
0.4705602169,0.99966299,HD_132406_b
0.470795497,0.99966369,HD_132406_b
0.4710308947,0.99966441,HD_132406_b
0.4712664102,0.99966514,HD_132406_b
0.4715020434,0.99966587,HD_132406_b
0.4717377944,0.99966659,HD_132406_b
0.4719736633,0.99966731,HD_132406_b
0.4722096501,0.99966803,HD_132406_b
0.4724457549,0.99966873,HD_132406_b
0.4726819778,0.99966944,HD_132406_b
0.4729183188,0.99967013,HD_132406_b
0.473154778,0.99967083,HD_132406_b
0.4733913554,0.99967153,HD_132406_b
0.473628051,0.99967223,HD_132406_b
0.4738648651,0.99967293,HD_132406_b
0.4741017975,0.99967364,HD_132406_b
0.4743388484,0.99967434,HD_132406_b
0.4745760178,0.99967503,HD_132406_b
0.4748133058,0.99967572,HD_132406_b
0.4750507125,0.9996764,HD_132406_b
0.4752882378,0.99967708,HD_132406_b
0.4755258819,0.99967774,HD_132406_b
0.4757636449,0.9996784,HD_132406_b
0.4760015267,0.99967905,HD_132406_b
0.4762395275,0.9996797,HD_132406_b
0.4764776472,0.99968035,HD_132406_b
0.4767158861,0.99968099,HD_132406_b
0.476954244,0.99968164,HD_132406_b
0.4771927211,0.99968228,HD_132406_b
0.4774313175,0.99968291,HD_132406_b
0.4776700331,0.99968355,HD_132406_b
0.4779088682,0.99968418,HD_132406_b
0.4781478226,0.9996848,HD_132406_b
0.4783868965,0.99968543,HD_132406_b
0.47862609,0.99968605,HD_132406_b
0.478865403,0.99968667,HD_132406_b
0.4791048357,0.99968728,HD_132406_b
0.4793443881,0.99968789,HD_132406_b
0.4795840603,0.99968849,HD_132406_b
0.4798238523,0.99968909,HD_132406_b
0.4800637643,0.99968969,HD_132406_b
0.4803037962,0.99969027,HD_132406_b
0.4805439481,0.99969086,HD_132406_b
0.48078422,0.99969145,HD_132406_b
0.4810246121,0.99969203,HD_132406_b
0.4812651244,0.99969262,HD_132406_b
0.481505757,0.9996932,HD_132406_b
0.4817465099,0.99969378,HD_132406_b
0.4819873831,0.99969436,HD_132406_b
0.4822283768,0.99969493,HD_132406_b
0.482469491,0.99969549,HD_132406_b
0.4827107258,0.99969604,HD_132406_b
0.4829520811,0.99969657,HD_132406_b
0.4831935572,0.99969707,HD_132406_b
0.4834351539,0.99969756,HD_132406_b
0.4836768715,0.99969803,HD_132406_b
0.48391871,0.99969848,HD_132406_b
0.4841606693,0.99969892,HD_132406_b
0.4844027496,0.99969936,HD_132406_b
0.484644951,0.9996998,HD_132406_b
0.4848872735,0.99970026,HD_132406_b
0.4851297171,0.99970074,HD_132406_b
0.485372282,0.99970124,HD_132406_b
0.4856149681,0.99970178,HD_132406_b
0.4858577756,0.99970234,HD_132406_b
0.4861007045,0.99970293,HD_132406_b
0.4863437549,0.99970355,HD_132406_b
0.4865869267,0.99970418,HD_132406_b
0.4868302202,0.99970483,HD_132406_b
0.4870736353,0.99970548,HD_132406_b
0.4873171721,0.99970615,HD_132406_b
0.4875608307,0.99970682,HD_132406_b
0.4878046111,0.99970749,HD_132406_b
0.4880485134,0.99970817,HD_132406_b
0.4882925377,0.99970885,HD_132406_b
0.488536684,0.99970953,HD_132406_b
0.4887809523,0.99971021,HD_132406_b
0.4890253428,0.99971089,HD_132406_b
0.4892698554,0.99971156,HD_132406_b
0.4895144904,0.99971222,HD_132406_b
0.4897592476,0.99971287,HD_132406_b
0.4900041272,0.99971352,HD_132406_b
0.4902491293,0.99971415,HD_132406_b
0.4904942539,0.99971477,HD_132406_b
0.490739501,0.99971539,HD_132406_b
0.4909848708,0.999716,HD_132406_b
0.4912303632,0.9997166,HD_132406_b
0.4914759784,0.9997172,HD_132406_b
0.4917217164,0.9997178,HD_132406_b
0.4919675772,0.9997184,HD_132406_b
0.492213561,0.999719,HD_132406_b
0.4924596678,0.99971959,HD_132406_b
0.4927058976,0.99972019,HD_132406_b
0.4929522506,0.99972078,HD_132406_b
0.4931987267,0.99972137,HD_132406_b
0.4934453261,0.99972195,HD_132406_b
0.4936920487,0.99972252,HD_132406_b
0.4939388947,0.99972309,HD_132406_b
0.4941858642,0.99972366,HD_132406_b
0.4944329571,0.99972422,HD_132406_b
0.4946801736,0.99972477,HD_132406_b
0.4949275137,0.99972533,HD_132406_b
0.4951749774,0.99972589,HD_132406_b
0.4954225649,0.99972644,HD_132406_b
0.4956702762,0.99972699,HD_132406_b
0.4959181114,0.99972754,HD_132406_b
0.4961660704,0.99972809,HD_132406_b
0.4964141534,0.99972863,HD_132406_b
0.4966623605,0.99972917,HD_132406_b
0.4969106917,0.99972969,HD_132406_b
0.497159147,0.99973021,HD_132406_b
0.4974077266,0.99973073,HD_132406_b
0.4976564305,0.99973123,HD_132406_b
0.4979052587,0.99973173,HD_132406_b
0.4981542113,0.99973223,HD_132406_b
0.4984032884,0.99973272,HD_132406_b
0.4986524901,0.9997332,HD_132406_b
0.4989018163,0.99973367,HD_132406_b
0.4991512672,0.99973413,HD_132406_b
0.4994008429,0.99973457,HD_132406_b
0.4996505433,0.99973498,HD_132406_b
0.4999003686,0.99973537,HD_132406_b
0.5001503187,0.99973571,HD_132406_b
0.5004003939,0.99973601,HD_132406_b
0.5006505941,0.99973625,HD_132406_b
0.5009009194,0.99973642,HD_132406_b
0.5011513699,0.99973648,HD_132406_b
0.5014019455,0.99973643,HD_132406_b
0.5016526465,0.99973622,HD_132406_b
0.5019034728,0.99973584,HD_132406_b
0.5021544246,0.99973526,HD_132406_b
0.5024055018,0.9997345,HD_132406_b
0.5026567045,0.99973358,HD_132406_b
0.5029080329,0.99973257,HD_132406_b
0.5031594869,0.99973156,HD_132406_b
0.5034110666,0.99973067,HD_132406_b
0.5036627722,0.99973,HD_132406_b
0.5039146036,0.99972965,HD_132406_b
0.5041665609,0.99972965,HD_132406_b
0.5044186442,0.99972999,HD_132406_b
0.5046708535,0.99973061,HD_132406_b
0.5049231889,0.99973142,HD_132406_b
0.5051756505,0.99973233,HD_132406_b
0.5054282383,0.99973325,HD_132406_b
0.5056809524,0.99973411,HD_132406_b
0.5059337929,0.99973492,HD_132406_b
0.5061867598,0.99973567,HD_132406_b
0.5064398532,0.9997364,HD_132406_b
0.5066930731,0.99973715,HD_132406_b
0.5069464197,0.99973796,HD_132406_b
0.5071998929,0.99973887,HD_132406_b
0.5074534928,0.99973989,HD_132406_b
0.5077072196,0.99974102,HD_132406_b
0.5079610732,0.99974225,HD_132406_b
0.5082150537,0.99974356,HD_132406_b
0.5084691612,0.99974491,HD_132406_b
0.5087233958,0.99974627,HD_132406_b
0.5089777575,0.99974761,HD_132406_b
0.5092322464,0.99974891,HD_132406_b
0.5094868625,0.99975015,HD_132406_b
0.5097416059,0.99975134,HD_132406_b
0.5099964767,0.99975246,HD_132406_b
0.510251475,0.99975352,HD_132406_b
0.5105066007,0.99975451,HD_132406_b
0.510761854,0.99975544,HD_132406_b
0.5110172349,0.99975631,HD_132406_b
0.5112727436,0.99975712,HD_132406_b
0.5115283799,0.99975788,HD_132406_b
0.5117841441,0.99975858,HD_132406_b
0.5120400362,0.99975925,HD_132406_b
0.5122960562,0.99975988,HD_132406_b
0.5125522042,0.99976048,HD_132406_b
0.5128084803,0.99976106,HD_132406_b
0.5130648846,0.99976161,HD_132406_b
0.513321417,0.99976215,HD_132406_b
0.5135780777,0.99976267,HD_132406_b
0.5138348668,0.99976318,HD_132406_b
0.5140917842,0.99976367,HD_132406_b
0.5143488301,0.99976415,HD_132406_b
0.5146060045,0.99976463,HD_132406_b
0.5148633075,0.99976509,HD_132406_b
0.5151207392,0.99976555,HD_132406_b
0.5153782995,0.999766,HD_132406_b
0.5156359887,0.99976645,HD_132406_b
0.5158938067,0.99976691,HD_132406_b
0.5161517536,0.99976737,HD_132406_b
0.5164098295,0.99976783,HD_132406_b
0.5166680344,0.99976831,HD_132406_b
0.5169263684,0.99976878,HD_132406_b
0.5171848316,0.99976926,HD_132406_b
0.517443424,0.99976974,HD_132406_b
0.5177021457,0.99977022,HD_132406_b
0.5179609968,0.9997707,HD_132406_b
0.5182199773,0.99977117,HD_132406_b
0.5184790873,0.99977163,HD_132406_b
0.5187383268,0.99977209,HD_132406_b
0.518997696,0.99977253,HD_132406_b
0.5192571948,0.99977298,HD_132406_b
0.5195168234,0.99977342,HD_132406_b
0.5197765818,0.99977385,HD_132406_b
0.5200364701,0.99977428,HD_132406_b
0.5202964884,0.99977472,HD_132406_b
0.5205566366,0.99977515,HD_132406_b
0.5208169149,0.99977558,HD_132406_b
0.5210773234,0.99977601,HD_132406_b
0.521337862,0.99977645,HD_132406_b
0.521598531,0.99977688,HD_132406_b
0.5218593302,0.9997773,HD_132406_b
0.5221202599,0.99977772,HD_132406_b
0.52238132,0.99977813,HD_132406_b
0.5226425107,0.99977853,HD_132406_b
0.522903832,0.9997789,HD_132406_b
0.5231652839,0.99977926,HD_132406_b
0.5234268665,0.9997796,HD_132406_b
0.5236885799,0.99977994,HD_132406_b
0.5239504242,0.99978027,HD_132406_b
0.5242123994,0.99978062,HD_132406_b
0.5244745056,0.99978098,HD_132406_b
0.5247367429,0.99978138,HD_132406_b
0.5249991113,0.9997818,HD_132406_b
0.5252616108,0.99978225,HD_132406_b
0.5255242416,0.99978272,HD_132406_b
0.5257870037,0.99978321,HD_132406_b
0.5260498973,0.99978369,HD_132406_b
0.5263129222,0.99978417,HD_132406_b
0.5265760787,0.99978464,HD_132406_b
0.5268393667,0.9997851,HD_132406_b
0.5271027864,0.99978556,HD_132406_b
0.5273663378,0.999786,HD_132406_b
0.5276300209,0.99978644,HD_132406_b
0.527893836,0.99978687,HD_132406_b
0.5281577829,0.9997873,HD_132406_b
0.5284218618,0.99978772,HD_132406_b
0.5286860727,0.99978814,HD_132406_b
0.5289504157,0.99978856,HD_132406_b
0.5292148909,0.99978898,HD_132406_b
0.5294794984,0.99978941,HD_132406_b
0.5297442381,0.99978983,HD_132406_b
0.5300091103,0.99979027,HD_132406_b
0.5302741148,0.9997907,HD_132406_b
0.5305392519,0.99979113,HD_132406_b
0.5308045215,0.99979157,HD_132406_b
0.5310699238,0.999792,HD_132406_b
0.5313354587,0.99979242,HD_132406_b
0.5316011264,0.99979285,HD_132406_b
0.531866927,0.99979327,HD_132406_b
0.5321328605,0.99979368,HD_132406_b
0.5323989269,0.99979409,HD_132406_b
0.5326651264,0.99979449,HD_132406_b
0.5329314589,0.99979489,HD_132406_b
0.5331979247,0.99979528,HD_132406_b
0.5334645236,0.99979566,HD_132406_b
0.5337312559,0.99979604,HD_132406_b
0.5339981215,0.99979642,HD_132406_b
0.5342651206,0.99979678,HD_132406_b
0.5345322531,0.99979714,HD_132406_b
0.5347995193,0.99979749,HD_132406_b
0.535066919,0.99979783,HD_132406_b
0.5353344525,0.99979816,HD_132406_b
0.5356021197,0.99979848,HD_132406_b
0.5358699208,0.99979878,HD_132406_b
0.5361378557,0.99979906,HD_132406_b
0.5364059247,0.99979934,HD_132406_b
0.5366741276,0.9997996,HD_132406_b
0.5369424647,0.99979985,HD_132406_b
0.5372109359,0.99980007,HD_132406_b
0.5374795414,0.99980028,HD_132406_b
0.5377482811,0.99980046,HD_132406_b
0.5380171553,0.99980061,HD_132406_b
0.5382861639,0.9998007,HD_132406_b
0.5385553069,0.99980074,HD_132406_b
0.5388245846,0.9998007,HD_132406_b
0.5390939969,0.99980057,HD_132406_b
0.5393635439,0.99980035,HD_132406_b
0.5396332257,0.99980002,HD_132406_b
0.5399030423,0.99979959,HD_132406_b
0.5401729938,0.99979909,HD_132406_b
0.5404430803,0.99979854,HD_132406_b
0.5407133018,0.99979799,HD_132406_b
0.5409836585,0.99979748,HD_132406_b
0.5412541503,0.99979708,HD_132406_b
0.5415247774,0.99979681,HD_132406_b
0.5417955398,0.99979672,HD_132406_b
0.5420664375,0.9997968,HD_132406_b
0.5423374708,0.99979705,HD_132406_b
0.5426086395,0.99979746,HD_132406_b
0.5428799438,0.99979798,HD_132406_b
0.5431513838,0.99979859,HD_132406_b
0.5434229595,0.99979927,HD_132406_b
0.543694671,0.9998,HD_132406_b
0.5439665183,0.99980075,HD_132406_b
0.5442385016,0.99980153,HD_132406_b
0.5445106208,0.99980232,HD_132406_b
0.5447828761,0.99980312,HD_132406_b
0.5450552676,0.99980392,HD_132406_b
0.5453277952,0.99980474,HD_132406_b
0.5456004591,0.99980557,HD_132406_b
0.5458732593,0.99980644,HD_132406_b
0.546146196,0.99980734,HD_132406_b
0.546419269,0.99980829,HD_132406_b
0.5466924787,0.99980926,HD_132406_b
0.5469658249,0.99981024,HD_132406_b
0.5472393078,0.99981122,HD_132406_b
0.5475129275,0.99981217,HD_132406_b
0.547786684,0.99981307,HD_132406_b
0.5480605773,0.99981391,HD_132406_b
0.5483346076,0.99981469,HD_132406_b
0.5486087749,0.9998154,HD_132406_b
0.5488830793,0.99981606,HD_132406_b
0.5491575208,0.99981667,HD_132406_b
0.5494320996,0.99981724,HD_132406_b
0.5497068156,0.99981778,HD_132406_b
0.549981669,0.9998183,HD_132406_b
0.5502566599,0.9998188,HD_132406_b
0.5505317882,0.99981929,HD_132406_b
0.5508070541,0.99981977,HD_132406_b
0.5510824576,0.99982023,HD_132406_b
0.5513579988,0.99982068,HD_132406_b
0.5516336778,0.99982112,HD_132406_b
0.5519094947,0.99982154,HD_132406_b
0.5521854494,0.99982196,HD_132406_b
0.5524615422,0.99982236,HD_132406_b
0.5527377729,0.99982276,HD_132406_b
0.5530141418,0.99982315,HD_132406_b
0.5532906489,0.99982353,HD_132406_b
0.5535672942,0.9998239,HD_132406_b
0.5538440779,0.99982426,HD_132406_b
0.5541209999,0.99982462,HD_132406_b
0.5543980604,0.99982497,HD_132406_b
0.5546752594,0.99982532,HD_132406_b
0.5549525971,0.99982566,HD_132406_b
0.5552300734,0.999826,HD_132406_b
0.5555076884,0.99982634,HD_132406_b
0.5557854422,0.99982668,HD_132406_b
0.556063335,0.99982702,HD_132406_b
0.5563413666,0.99982737,HD_132406_b
0.5566195373,0.99982771,HD_132406_b
0.5568978471,0.99982806,HD_132406_b
0.557176296,0.9998284,HD_132406_b
0.5574548841,0.99982874,HD_132406_b
0.5577336116,0.99982908,HD_132406_b
0.5580124784,0.9998294,HD_132406_b
0.5582914846,0.99982972,HD_132406_b
0.5585706304,0.99983004,HD_132406_b
0.5588499157,0.99983034,HD_132406_b
0.5591293407,0.99983065,HD_132406_b
0.5594089053,0.99983095,HD_132406_b
0.5596886098,0.99983126,HD_132406_b
0.5599684541,0.99983157,HD_132406_b
0.5602484383,0.99983189,HD_132406_b
0.5605285625,0.99983221,HD_132406_b
0.5608088268,0.99983254,HD_132406_b
0.5610892312,0.99983287,HD_132406_b
0.5613697758,0.9998332,HD_132406_b
0.5616504607,0.99983353,HD_132406_b
0.561931286,0.99983386,HD_132406_b
0.5622122516,0.9998342,HD_132406_b
0.5624933577,0.99983453,HD_132406_b
0.5627746044,0.99983485,HD_132406_b
0.5630559917,0.99983517,HD_132406_b
0.5633375197,0.99983549,HD_132406_b
0.5636191885,0.9998358,HD_132406_b
0.5639009981,0.99983609,HD_132406_b
0.5641829486,0.99983638,HD_132406_b
0.56446504,0.99983666,HD_132406_b
0.5647472725,0.99983691,HD_132406_b
0.5650296462,0.99983714,HD_132406_b
0.565312161,0.99983733,HD_132406_b
0.5655948171,0.99983747,HD_132406_b
0.5658776145,0.99983754,HD_132406_b
0.5661605533,0.9998375,HD_132406_b
0.5664436336,0.99983734,HD_132406_b
0.5667268554,0.99983703,HD_132406_b
0.5670102188,0.99983656,HD_132406_b
0.5672937239,0.99983591,HD_132406_b
0.5675773708,0.99983511,HD_132406_b
0.5678611595,0.99983419,HD_132406_b
0.5681450901,0.99983323,HD_132406_b
0.5684291626,0.99983229,HD_132406_b
0.5687133772,0.99983148,HD_132406_b
0.5689977339,0.99983087,HD_132406_b
0.5692822327,0.99983052,HD_132406_b
0.5695668739,0.99983044,HD_132406_b
0.5698516573,0.99983063,HD_132406_b
0.5701365831,0.99983103,HD_132406_b
0.5704216514,0.99983155,HD_132406_b
0.5707068622,0.99983212,HD_132406_b
0.5709922157,0.99983267,HD_132406_b
0.5712777118,0.99983315,HD_132406_b
0.5715633506,0.99983354,HD_132406_b
0.5718491323,0.99983388,HD_132406_b
0.5721350569,0.9998342,HD_132406_b
0.5724211244,0.99983452,HD_132406_b
0.572707335,0.99983489,HD_132406_b
0.5729936886,0.99983532,HD_132406_b
0.5732801855,0.9998358,HD_132406_b
0.5735668256,0.99983634,HD_132406_b
0.573853609,0.99983692,HD_132406_b
0.5741405358,0.99983753,HD_132406_b
0.5744276061,0.99983817,HD_132406_b
0.5747148199,0.99983884,HD_132406_b
0.5750021773,0.99983955,HD_132406_b
0.5752896784,0.99984029,HD_132406_b
0.5755773232,0.99984106,HD_132406_b
0.5758651119,0.99984185,HD_132406_b
0.5761530444,0.99984265,HD_132406_b
0.5764411209,0.99984345,HD_132406_b
0.5767293415,0.99984425,HD_132406_b
0.5770177062,0.99984504,HD_132406_b
0.577306215,0.99984581,HD_132406_b
0.5775948681,0.99984656,HD_132406_b
0.5778836656,0.99984728,HD_132406_b
0.5781726074,0.99984797,HD_132406_b
0.5784616937,0.99984863,HD_132406_b
0.5787509245,0.99984926,HD_132406_b
0.5790403,0.99984985,HD_132406_b
0.5793298202,0.99985042,HD_132406_b
0.5796194851,0.99985095,HD_132406_b
0.5799092948,0.99985146,HD_132406_b
0.5801992495,0.99985194,HD_132406_b
0.5804893491,0.99985239,HD_132406_b
0.5807795938,0.99985281,HD_132406_b
0.5810699836,0.99985321,HD_132406_b
0.5813605185,0.99985357,HD_132406_b
0.5816511988,0.99985391,HD_132406_b
0.5819420244,0.99985422,HD_132406_b
0.5822329954,0.99985451,HD_132406_b
0.5825241119,0.99985477,HD_132406_b
0.582815374,0.999855,HD_132406_b
0.5831067817,0.99985521,HD_132406_b
0.583398335,0.99985538,HD_132406_b
0.5836900342,0.99985551,HD_132406_b
0.5839818792,0.99985559,HD_132406_b
0.5842738702,0.9998556,HD_132406_b
0.5845660071,0.99985551,HD_132406_b
0.5848582901,0.99985527,HD_132406_b
0.5851507193,0.99985483,HD_132406_b
0.5854432946,0.99985408,HD_132406_b
0.5857360163,0.99985291,HD_132406_b
0.5860288843,0.99985118,HD_132406_b
0.5863218987,0.9998487,HD_132406_b
0.5866150597,0.99984533,HD_132406_b
0.5869083672,0.99984094,HD_132406_b
0.5872018214,0.99983546,HD_132406_b
0.5874954223,0.99982894,HD_132406_b
0.58778917,0.99982155,HD_132406_b
0.5880830646,0.9998136,HD_132406_b
0.5883771061,0.99980552,HD_132406_b
0.5886712947,0.99979778,HD_132406_b
0.5889656303,0.9997909,HD_132406_b
0.5892601131,0.99978527,HD_132406_b
0.5895547432,0.99978113,HD_132406_b
0.5898495206,0.99977854,HD_132406_b
0.5901444453,0.99977735,HD_132406_b
0.5904395175,0.99977728,HD_132406_b
0.5907347373,0.99977794,HD_132406_b
0.5910301047,0.99977902,HD_132406_b
0.5913256197,0.99978026,HD_132406_b
0.5916212825,0.99978152,HD_132406_b
0.5919170932,0.99978277,HD_132406_b
0.5922130517,0.99978402,HD_132406_b
0.5925091582,0.99978529,HD_132406_b
0.5928054128,0.9997866,HD_132406_b
0.5931018155,0.99978794,HD_132406_b
0.5933983664,0.99978935,HD_132406_b
0.5936950656,0.99979093,HD_132406_b
0.5939919132,0.99979283,HD_132406_b
0.5942889091,0.99979522,HD_132406_b
0.5945860536,0.99979823,HD_132406_b
0.5948833466,0.99980192,HD_132406_b
0.5951807883,0.99980619,HD_132406_b
0.5954783787,0.99981085,HD_132406_b
0.5957761179,0.99981563,HD_132406_b
0.5960740059,0.99982029,HD_132406_b
0.5963720429,0.99982465,HD_132406_b
0.5966702289,0.99982866,HD_132406_b
0.596968564,0.99983233,HD_132406_b
0.5972670483,0.99983577,HD_132406_b
0.5975656819,0.99983906,HD_132406_b
0.5978644647,0.99984229,HD_132406_b
0.5981633969,0.9998455,HD_132406_b
0.5984624786,0.99984866,HD_132406_b
0.5987617099,0.99985173,HD_132406_b
0.5990610907,0.99985465,HD_132406_b
0.5993606213,0.99985736,HD_132406_b
0.5996603016,0.99985983,HD_132406_b
0.5999601317,0.99986204,HD_132406_b
0.6002601118,0.99986398,HD_132406_b
0.6005602418,0.99986568,HD_132406_b
0.600860522,0.99986714,HD_132406_b
0.6011609522,0.99986841,HD_132406_b
0.6014615327,0.99986949,HD_132406_b
0.6017622635,0.99987043,HD_132406_b
0.6020631446,0.99987124,HD_132406_b
0.6023641762,0.99987195,HD_132406_b
0.6026653583,0.99987258,HD_132406_b
0.6029666909,0.99987313,HD_132406_b
0.6032681743,0.99987363,HD_132406_b
0.6035698084,0.99987408,HD_132406_b
0.6038715933,0.99987448,HD_132406_b
0.6041735291,0.99987484,HD_132406_b
0.6044756158,0.99987518,HD_132406_b
0.6047778537,0.99987548,HD_132406_b
0.6050802426,0.99987576,HD_132406_b
0.6053827827,0.99987601,HD_132406_b
0.6056854741,0.99987625,HD_132406_b
0.6059883168,0.99987647,HD_132406_b
0.606291311,0.99987667,HD_132406_b
0.6065944566,0.99987687,HD_132406_b
0.6068977539,0.99987705,HD_132406_b
0.6072012027,0.99987723,HD_132406_b
0.6075048033,0.99987741,HD_132406_b
0.6078085557,0.99987758,HD_132406_b
0.60811246,0.99987774,HD_132406_b
0.6084165163,0.9998779,HD_132406_b
0.6087207245,0.99987805,HD_132406_b
0.6090250849,0.9998782,HD_132406_b
0.6093295974,0.99987832,HD_132406_b
0.6096342622,0.99987843,HD_132406_b
0.6099390793,0.9998785,HD_132406_b
0.6102440489,0.99987854,HD_132406_b
0.6105491709,0.99987853,HD_132406_b
0.6108544455,0.99987847,HD_132406_b
0.6111598727,0.99987835,HD_132406_b
0.6114654527,0.99987816,HD_132406_b
0.6117711854,0.9998779,HD_132406_b
0.612077071,0.99987757,HD_132406_b
0.6123831095,0.99987718,HD_132406_b
0.6126893011,0.99987674,HD_132406_b
0.6129956457,0.99987626,HD_132406_b
0.6133021435,0.99987574,HD_132406_b
0.6136087946,0.9998752,HD_132406_b
0.613915599,0.99987466,HD_132406_b
0.6142225568,0.99987413,HD_132406_b
0.6145296681,0.9998736,HD_132406_b
0.6148369329,0.99987307,HD_132406_b
0.6151443514,0.99987255,HD_132406_b
0.6154519236,0.999872,HD_132406_b
0.6157596495,0.99987142,HD_132406_b
0.6160675294,0.99987078,HD_132406_b
0.6163755631,0.99987009,HD_132406_b
0.6166837509,0.99986932,HD_132406_b
0.6169920928,0.9998685,HD_132406_b
0.6173005888,0.99986764,HD_132406_b
0.6176092391,0.99986678,HD_132406_b
0.6179180437,0.99986596,HD_132406_b
0.6182270028,0.99986524,HD_132406_b
0.6185361163,0.99986466,HD_132406_b
0.6188453843,0.99986428,HD_132406_b
0.619154807,0.99986413,HD_132406_b
0.6194643844,0.99986422,HD_132406_b
0.6197741166,0.99986457,HD_132406_b
0.6200840037,0.99986517,HD_132406_b
0.6203940457,0.99986598,HD_132406_b
0.6207042427,0.999867,HD_132406_b
0.6210145948,0.99986819,HD_132406_b
0.6213251021,0.9998695,HD_132406_b
0.6216357647,0.99987092,HD_132406_b
0.6219465825,0.99987241,HD_132406_b
0.6222575558,0.99987394,HD_132406_b
0.6225686846,0.99987548,HD_132406_b
0.6228799689,0.999877,HD_132406_b
0.6231914089,0.99987849,HD_132406_b
0.6235030046,0.9998799,HD_132406_b
0.6238147561,0.99988122,HD_132406_b
0.6241266635,0.99988242,HD_132406_b
0.6244387268,0.99988348,HD_132406_b
0.6247509462,0.99988435,HD_132406_b
0.6250633217,0.99988503,HD_132406_b
0.6253758533,0.9998855,HD_132406_b
0.6256885413,0.99988573,HD_132406_b
0.6260013855,0.99988574,HD_132406_b
0.6263143862,0.99988554,HD_132406_b
0.6266275434,0.99988518,HD_132406_b
0.6269408572,0.99988471,HD_132406_b
0.6272543276,0.99988422,HD_132406_b
0.6275679548,0.99988377,HD_132406_b
0.6278817388,0.99988344,HD_132406_b
0.6281956796,0.9998833,HD_132406_b
0.6285097775,0.99988338,HD_132406_b
0.6288240324,0.99988368,HD_132406_b
0.6291384444,0.99988418,HD_132406_b
0.6294530136,0.99988482,HD_132406_b
0.6297677401,0.99988553,HD_132406_b
0.630082624,0.99988623,HD_132406_b
0.6303976653,0.99988687,HD_132406_b
0.6307128641,0.99988739,HD_132406_b
0.6310282206,0.9998878,HD_132406_b
0.6313437347,0.9998881,HD_132406_b
0.6316594065,0.99988832,HD_132406_b
0.6319752362,0.99988852,HD_132406_b
0.6322912239,0.99988873,HD_132406_b
0.6326073695,0.99988898,HD_132406_b
0.6329236732,0.99988927,HD_132406_b
0.633240135,0.9998896,HD_132406_b
0.6335567551,0.99988998,HD_132406_b
0.6338735334,0.99989037,HD_132406_b
0.6341904702,0.99989079,HD_132406_b
0.6345075654,0.99989122,HD_132406_b
0.6348248192,0.99989169,HD_132406_b
0.6351422316,0.99989218,HD_132406_b
0.6354598027,0.99989271,HD_132406_b
0.6357775327,0.99989325,HD_132406_b
0.6360954214,0.99989381,HD_132406_b
0.6364134691,0.99989437,HD_132406_b
0.6367316759,0.9998949,HD_132406_b
0.6370500417,0.99989541,HD_132406_b
0.6373685667,0.99989586,HD_132406_b
0.637687251,0.99989628,HD_132406_b
0.6380060946,0.99989663,HD_132406_b
0.6383250977,0.99989694,HD_132406_b
0.6386442602,0.9998972,HD_132406_b
0.6389635824,0.99989741,HD_132406_b
0.6392830641,0.99989759,HD_132406_b
0.6396027057,0.99989772,HD_132406_b
0.639922507,0.99989783,HD_132406_b
0.6402424683,0.99989792,HD_132406_b
0.6405625895,0.99989799,HD_132406_b
0.6408828708,0.99989804,HD_132406_b
0.6412033122,0.99989808,HD_132406_b
0.6415239139,0.99989811,HD_132406_b
0.6418446759,0.99989811,HD_132406_b
0.6421655982,0.99989808,HD_132406_b
0.642486681,0.999898,HD_132406_b
0.6428079243,0.99989784,HD_132406_b
0.6431293283,0.99989756,HD_132406_b
0.643450893,0.99989712,HD_132406_b
0.6437726184,0.99989643,HD_132406_b
0.6440945047,0.99989539,HD_132406_b
0.644416552,0.99989391,HD_132406_b
0.6447387603,0.99989185,HD_132406_b
0.6450611296,0.99988913,HD_132406_b
0.6453836602,0.99988566,HD_132406_b
0.645706352,0.99988142,HD_132406_b
0.6460292052,0.99987649,HD_132406_b
0.6463522198,0.99987103,HD_132406_b
0.6466753959,0.9998653,HD_132406_b
0.6469987336,0.99985966,HD_132406_b
0.647322233,0.99985449,HD_132406_b
0.6476458941,0.99985018,HD_132406_b
0.647969717,0.99984704,HD_132406_b
0.6482937019,0.99984526,HD_132406_b
0.6486178488,0.99984483,HD_132406_b
0.6489421577,0.99984561,HD_132406_b
0.6492666288,0.99984729,HD_132406_b
0.6495912621,0.99984949,HD_132406_b
0.6499160577,0.9998518,HD_132406_b
0.6502410157,0.99985389,HD_132406_b
0.6505661362,0.99985556,HD_132406_b
0.6508914193,0.99985675,HD_132406_b
0.651216865,0.99985757,HD_132406_b
0.6515424734,0.99985819,HD_132406_b
0.6518682447,0.99985878,HD_132406_b
0.6521941788,0.99985949,HD_132406_b
0.6525202759,0.99986035,HD_132406_b
0.652846536,0.99986129,HD_132406_b
0.6531729593,0.99986223,HD_132406_b
0.6534995458,0.99986306,HD_132406_b
0.6538262956,0.99986377,HD_132406_b
0.6541532087,0.99986441,HD_132406_b
0.6544802853,0.99986509,HD_132406_b
0.6548075254,0.99986598,HD_132406_b
0.6551349292,0.99986724,HD_132406_b
0.6554624967,0.99986897,HD_132406_b
0.6557902279,0.99987119,HD_132406_b
0.656118123,0.99987383,HD_132406_b
0.6564461821,0.9998768,HD_132406_b
0.6567744052,0.99987992,HD_132406_b
0.6571027924,0.99988307,HD_132406_b
0.6574313438,0.9998861,HD_132406_b
0.6577600595,0.99988894,HD_132406_b
0.6580889395,0.99989154,HD_132406_b
0.658417984,0.99989388,HD_132406_b
0.658747193,0.99989598,HD_132406_b
0.6590765666,0.99989784,HD_132406_b
0.6594061048,0.99989949,HD_132406_b
0.6597358079,0.99990095,HD_132406_b
0.6600656758,0.99990221,HD_132406_b
0.6603957086,0.99990328,HD_132406_b
0.6607259065,0.99990417,HD_132406_b
0.6610562694,0.99990487,HD_132406_b
0.6613867976,0.99990539,HD_132406_b
0.661717491,0.99990574,HD_132406_b
0.6620483497,0.99990593,HD_132406_b
0.6623793739,0.999906,HD_132406_b
0.6627105636,0.99990598,HD_132406_b
0.6630419189,0.99990593,HD_132406_b
0.6633734398,0.99990588,HD_132406_b
0.6637051265,0.99990587,HD_132406_b
0.6640369791,0.99990595,HD_132406_b
0.6643689976,0.99990612,HD_132406_b
0.6647011821,0.99990638,HD_132406_b
0.6650335327,0.99990671,HD_132406_b
0.6653660494,0.99990709,HD_132406_b
0.6656987325,0.99990749,HD_132406_b
0.6660315818,0.9999079,HD_132406_b
0.6663645976,0.9999083,HD_132406_b
0.6666977799,0.99990868,HD_132406_b
0.6670311288,0.99990905,HD_132406_b
0.6673646444,0.99990942,HD_132406_b
0.6676983267,0.99990979,HD_132406_b
0.6680321759,0.99991017,HD_132406_b
0.668366192,0.99991057,HD_132406_b
0.6687003751,0.99991099,HD_132406_b
0.6690347252,0.99991143,HD_132406_b
0.6693692426,0.99991188,HD_132406_b
0.6697039272,0.99991236,HD_132406_b
0.6700387792,0.99991284,HD_132406_b
0.6703737986,0.99991333,HD_132406_b
0.6707089855,0.99991383,HD_132406_b
0.67104434,0.99991433,HD_132406_b
0.6713798621,0.99991482,HD_132406_b
0.6717155521,0.9999153,HD_132406_b
0.6720514098,0.99991577,HD_132406_b
0.6723874355,0.99991622,HD_132406_b
0.6727236293,0.99991665,HD_132406_b
0.6730599911,0.99991707,HD_132406_b
0.6733965211,0.99991746,HD_132406_b
0.6737332193,0.99991784,HD_132406_b
0.6740700859,0.99991819,HD_132406_b
0.674407121,0.99991852,HD_132406_b
0.6747443246,0.99991884,HD_132406_b
0.6750816967,0.99991913,HD_132406_b
0.6754192376,0.9999194,HD_132406_b
0.6757569472,0.99991965,HD_132406_b
0.6760948257,0.99991987,HD_132406_b
0.6764328731,0.99992008,HD_132406_b
0.6767710895,0.99992026,HD_132406_b
0.677109475,0.99992042,HD_132406_b
0.6774480298,0.99992056,HD_132406_b
0.6777867538,0.99992067,HD_132406_b
0.6781256472,0.99992076,HD_132406_b
0.67846471,0.99992082,HD_132406_b
0.6788039424,0.99992085,HD_132406_b
0.6791433443,0.99992086,HD_132406_b
0.679482916,0.99992085,HD_132406_b
0.6798226575,0.99992081,HD_132406_b
0.6801625688,0.99992075,HD_132406_b
0.6805026501,0.99992066,HD_132406_b
0.6808429014,0.99992056,HD_132406_b
0.6811833228,0.99992046,HD_132406_b
0.6815239145,0.99992035,HD_132406_b
0.6818646765,0.99992026,HD_132406_b
0.6822056088,0.99992018,HD_132406_b
0.6825467116,0.99992012,HD_132406_b
0.682887985,0.9999201,HD_132406_b
0.683229429,0.9999201,HD_132406_b
0.6835710437,0.99992013,HD_132406_b
0.6839128292,0.99992019,HD_132406_b
0.6842547856,0.99992026,HD_132406_b
0.684596913,0.99992036,HD_132406_b
0.6849392115,0.99992046,HD_132406_b
0.6852816811,0.99992058,HD_132406_b
0.6856243219,0.99992072,HD_132406_b
0.6859671341,0.99992088,HD_132406_b
0.6863101176,0.99992105,HD_132406_b
0.6866532727,0.99992125,HD_132406_b
0.6869965993,0.99992146,HD_132406_b
0.6873400976,0.99992167,HD_132406_b
0.6876837677,0.99992185,HD_132406_b
0.6880276096,0.99992197,HD_132406_b
0.6883716234,0.999922,HD_132406_b
0.6887158092,0.99992187,HD_132406_b
0.6890601671,0.99992153,HD_132406_b
0.6894046972,0.99992086,HD_132406_b
0.6897493995,0.99991971,HD_132406_b
0.6900942742,0.99991789,HD_132406_b
0.6904393213,0.99991512,HD_132406_b
0.690784541,0.99991108,HD_132406_b
0.6911299333,0.99990544,HD_132406_b
0.6914754982,0.99989787,HD_132406_b
0.691821236,0.99988817,HD_132406_b
0.6921671466,0.99987629,HD_132406_b
0.6925132302,0.99986247,HD_132406_b
0.6928594868,0.99984724,HD_132406_b
0.6932059165,0.99983144,HD_132406_b
0.6935525195,0.99981615,HD_132406_b
0.6938992958,0.99980255,HD_132406_b
0.6942462454,0.99979174,HD_132406_b
0.6945933685,0.99978456,HD_132406_b
0.6949406652,0.99978145,HD_132406_b
0.6952881356,0.99978233,HD_132406_b
0.6956357796,0.99978661,HD_132406_b
0.6959835975,0.99979326,HD_132406_b
0.6963315893,0.99980099,HD_132406_b
0.6966797551,0.9998084,HD_132406_b
0.697028095,0.99981427,HD_132406_b
0.697376609,0.99981773,HD_132406_b
0.6977252973,0.99981845,HD_132406_b
0.69807416,0.99981662,HD_132406_b
0.6984231971,0.99981293,HD_132406_b
0.6987724087,0.99980835,HD_132406_b
0.6991217949,0.99980394,HD_132406_b
0.6994713558,0.99980059,HD_132406_b
0.6998210914,0.99979887,HD_132406_b
0.700171002,0.999799,HD_132406_b
0.7005210875,0.99980089,HD_132406_b
0.700871348,0.99980421,HD_132406_b
0.7012217837,0.99980857,HD_132406_b
0.7015723946,0.99981357,HD_132406_b
0.7019231808,0.99981892,HD_132406_b
0.7022741424,0.99982444,HD_132406_b
0.7026252795,0.99983003,HD_132406_b
0.7029765921,0.99983564,HD_132406_b
0.7033280804,0.99984125,HD_132406_b
0.7036797444,0.99984682,HD_132406_b
0.7040315843,0.9998523,HD_132406_b
0.7043836001,0.99985762,HD_132406_b
0.7047357919,0.99986275,HD_132406_b
0.7050881598,0.99986762,HD_132406_b
0.7054407039,0.99987223,HD_132406_b
0.7057934242,0.99987655,HD_132406_b
0.7061463209,0.99988059,HD_132406_b
0.7064993941,0.99988436,HD_132406_b
0.7068526438,0.99988786,HD_132406_b
0.7072060701,0.99989109,HD_132406_b
0.7075596731,0.99989406,HD_132406_b
0.707913453,0.99989677,HD_132406_b
0.7082674097,0.99989923,HD_132406_b
0.7086215434,0.99990144,HD_132406_b
0.7089758542,0.99990343,HD_132406_b
0.7093303421,0.99990521,HD_132406_b
0.7096850073,0.9999068,HD_132406_b
0.7100398498,0.99990821,HD_132406_b
0.7103948697,0.99990946,HD_132406_b
0.7107500671,0.99991051,HD_132406_b
0.7111054422,0.99991134,HD_132406_b
0.7114609949,0.99991186,HD_132406_b
0.7118167254,0.99991196,HD_132406_b
0.7121726338,0.9999115,HD_132406_b
0.7125287201,0.99991029,HD_132406_b
0.7128849844,0.99990803,HD_132406_b
0.7132414269,0.9999043,HD_132406_b
0.7135980476,0.99989843,HD_132406_b
0.7139548467,0.99988947,HD_132406_b
0.7143118241,0.9998761,HD_132406_b
0.71466898,0.99985662,HD_132406_b
0.7150263145,0.99982902,HD_132406_b
0.7153838277,0.9997912,HD_132406_b
0.7157415196,0.99974129,HD_132406_b
0.7160993903,0.99967805,HD_132406_b
0.71645744,0.9996014,HD_132406_b
0.7168156687,0.99951277,HD_132406_b
0.7171740766,0.99941538,HD_132406_b
0.7175326636,0.99931412,HD_132406_b
0.7178914299,0.99921518,HD_132406_b
0.7182503757,0.99912533,HD_132406_b
0.7186095008,0.99905103,HD_132406_b
0.7189688056,0.99899749,HD_132406_b
0.71932829,0.99896785,HD_132406_b
0.7196879541,0.99896273,HD_132406_b
0.7200477981,0.99897992,HD_132406_b
0.720407822,0.99901466,HD_132406_b
0.7207680259,0.99906021,HD_132406_b
0.7211284099,0.99910886,HD_132406_b
0.7214889742,0.99915314,HD_132406_b
0.7218497186,0.99918716,HD_132406_b
0.7222106435,0.9992076,HD_132406_b
0.7225717488,0.99921422,HD_132406_b
0.7229330347,0.99920956,HD_132406_b
0.7232945012,0.99919807,HD_132406_b
0.7236561485,0.99918482,HD_132406_b
0.7240179765,0.99917423,HD_132406_b
0.7243799855,0.99916917,HD_132406_b
0.7247421755,0.9991707,HD_132406_b
0.7251045466,0.99917829,HD_132406_b
0.7254670989,0.99919042,HD_132406_b
0.7258298324,0.99920532,HD_132406_b
0.7261927473,0.99922158,HD_132406_b
0.7265558437,0.99923843,HD_132406_b
0.7269191216,0.99925585,HD_132406_b
0.7272825812,0.99927435,HD_132406_b
0.7276462225,0.99929468,HD_132406_b
0.7280100456,0.99931756,HD_132406_b
0.7283740506,0.99934343,HD_132406_b
0.7287382377,0.99937234,HD_132406_b
0.7291026068,0.99940399,HD_132406_b
0.7294671581,0.99943783,HD_132406_b
0.7298318917,0.99947315,HD_132406_b
0.7301968076,0.99950928,HD_132406_b
0.730561906,0.99954559,HD_132406_b
0.730927187,0.99958153,HD_132406_b
0.7312926505,0.99961659,HD_132406_b
0.7316582969,0.99965028,HD_132406_b
0.732024126,0.99968207,HD_132406_b
0.7323901381,0.99971142,HD_132406_b
0.7327563332,0.99973783,HD_132406_b
0.7331227113,0.99976093,HD_132406_b
0.7334892727,0.99978055,HD_132406_b
0.7338560173,0.99979674,HD_132406_b
0.7342229453,0.99980981,HD_132406_b
0.7345900568,0.99982023,HD_132406_b
0.7349573518,0.99982862,HD_132406_b
0.7353248305,0.99983561,HD_132406_b
0.7356924929,0.99984181,HD_132406_b
0.7360603392,0.99984773,HD_132406_b
0.7364283693,0.99985373,HD_132406_b
0.7367965835,0.99986,HD_132406_b
0.7371649818,0.99986662,HD_132406_b
0.7375335643,0.99987348,HD_132406_b
0.7379023311,0.99988045,HD_132406_b
0.7382712822,0.99988733,HD_132406_b
0.7386404179,0.99989394,HD_132406_b
0.7390097381,0.99990016,HD_132406_b
0.739379243,0.99990591,HD_132406_b
0.7397489326,0.99991115,HD_132406_b
0.7401188071,0.99991589,HD_132406_b
0.7404888665,0.99992014,HD_132406_b
0.7408591109,0.99992393,HD_132406_b
0.7412295404,0.99992728,HD_132406_b
0.7416001552,0.99993022,HD_132406_b
0.7419709553,0.99993278,HD_132406_b
0.7423419408,0.99993497,HD_132406_b
0.7427131117,0.99993684,HD_132406_b
0.7430844683,0.99993842,HD_132406_b
0.7434560105,0.99993974,HD_132406_b
0.7438277385,0.99994082,HD_132406_b
0.7441996524,0.99994171,HD_132406_b
0.7445717522,0.99994243,HD_132406_b
0.7449440381,0.99994301,HD_132406_b
0.7453165101,0.99994347,HD_132406_b
0.7456891684,0.99994384,HD_132406_b
0.746062013,0.99994415,HD_132406_b
0.746435044,0.9999444,HD_132406_b
0.7468082615,0.99994463,HD_132406_b
0.7471816656,0.99994483,HD_132406_b
0.7475552565,0.99994501,HD_132406_b
0.7479290341,0.99994519,HD_132406_b
0.7483029986,0.99994535,HD_132406_b
0.7486771501,0.99994551,HD_132406_b
0.7490514887,0.99994565,HD_132406_b
0.7494260144,0.99994577,HD_132406_b
0.7498007274,0.9999459,HD_132406_b
0.7501756278,0.99994601,HD_132406_b
0.7505507156,0.99994613,HD_132406_b
0.750925991,0.99994626,HD_132406_b
0.751301454,0.99994639,HD_132406_b
0.7516771047,0.99994652,HD_132406_b
0.7520529432,0.99994666,HD_132406_b
0.7524289697,0.99994681,HD_132406_b
0.7528051842,0.99994695,HD_132406_b
0.7531815868,0.9999471,HD_132406_b
0.7535581776,0.99994724,HD_132406_b
0.7539349567,0.99994737,HD_132406_b
0.7543119241,0.99994749,HD_132406_b
0.7546890801,0.9999476,HD_132406_b
0.7550664246,0.99994769,HD_132406_b
0.7554439579,0.99994776,HD_132406_b
0.7558216798,0.99994781,HD_132406_b
0.7561995907,0.99994784,HD_132406_b
0.7565776905,0.99994784,HD_132406_b
0.7569559793,0.99994782,HD_132406_b
0.7573344573,0.99994778,HD_132406_b
0.7577131245,0.99994771,HD_132406_b
0.7580919811,0.99994762,HD_132406_b
0.7584710271,0.99994751,HD_132406_b
0.7588502626,0.99994738,HD_132406_b
0.7592296877,0.99994723,HD_132406_b
0.7596093026,0.99994707,HD_132406_b
0.7599891072,0.9999469,HD_132406_b
0.7603691018,0.99994671,HD_132406_b
0.7607492863,0.99994653,HD_132406_b
0.761129661,0.99994635,HD_132406_b
0.7615102258,0.99994617,HD_132406_b
0.7618909809,0.999946,HD_132406_b
0.7622719264,0.99994585,HD_132406_b
0.7626530624,0.9999457,HD_132406_b
0.7630343889,0.99994558,HD_132406_b
0.7634159061,0.99994548,HD_132406_b
0.7637976141,0.9999454,HD_132406_b
0.7641795129,0.99994535,HD_132406_b
0.7645616026,0.99994533,HD_132406_b
0.7649438834,0.99994533,HD_132406_b
0.7653263554,0.99994535,HD_132406_b
0.7657090185,0.99994538,HD_132406_b
0.766091873,0.99994544,HD_132406_b
0.766474919,0.9999455,HD_132406_b
0.7668581564,0.99994558,HD_132406_b
0.7672415855,0.99994568,HD_132406_b
0.7676252063,0.99994578,HD_132406_b
0.7680090189,0.99994589,HD_132406_b
0.7683930234,0.999946,HD_132406_b
0.7687772199,0.9999461,HD_132406_b
0.7691616085,0.99994618,HD_132406_b
0.7695461894,0.99994624,HD_132406_b
0.7699309624,0.99994625,HD_132406_b
0.7703159279,0.99994623,HD_132406_b
0.7707010859,0.99994615,HD_132406_b
0.7710864364,0.99994603,HD_132406_b
0.7714719797,0.99994585,HD_132406_b
0.7718577156,0.99994564,HD_132406_b
0.7722436445,0.99994539,HD_132406_b
0.7726297663,0.99994512,HD_132406_b
0.7730160812,0.99994483,HD_132406_b
0.7734025892,0.99994453,HD_132406_b
0.7737892905,0.99994422,HD_132406_b
0.7741761852,0.99994391,HD_132406_b
0.7745632733,0.99994358,HD_132406_b
0.7749505549,0.99994324,HD_132406_b
0.7753380302,0.99994287,HD_132406_b
0.7757256992,0.99994245,HD_132406_b
0.7761135621,0.99994199,HD_132406_b
0.7765016188,0.99994147,HD_132406_b
0.7768898697,0.99994086,HD_132406_b
0.7772783146,0.99994017,HD_132406_b
0.7776669537,0.99993938,HD_132406_b
0.7780557872,0.99993848,HD_132406_b
0.7784448151,0.99993746,HD_132406_b
0.7788340375,0.99993632,HD_132406_b
0.7792234545,0.99993509,HD_132406_b
0.7796130663,0.99993378,HD_132406_b
0.7800028728,0.99993243,HD_132406_b
0.7803928742,0.99993107,HD_132406_b
0.7807830707,0.99992974,HD_132406_b
0.7811734622,0.99992848,HD_132406_b
0.7815640489,0.99992732,HD_132406_b
0.781954831,0.99992629,HD_132406_b
0.7823458084,0.99992539,HD_132406_b
0.7827369813,0.99992464,HD_132406_b
0.7831283498,0.99992401,HD_132406_b
0.7835199139,0.99992347,HD_132406_b
0.7839116739,0.99992297,HD_132406_b
0.7843036297,0.99992243,HD_132406_b
0.7846957816,0.99992175,HD_132406_b
0.7850881294,0.99992084,HD_132406_b
0.7854806735,0.99991958,HD_132406_b
0.7858734139,0.99991788,HD_132406_b
0.7862663506,0.99991565,HD_132406_b
0.7866594837,0.99991283,HD_132406_b
0.7870528135,0.99990938,HD_132406_b
0.7874463399,0.99990528,HD_132406_b
0.7878400631,0.99990056,HD_132406_b
0.7882339831,0.99989528,HD_132406_b
0.7886281001,0.99988954,HD_132406_b
0.7890224141,0.99988349,HD_132406_b
0.7894169253,0.99987733,HD_132406_b
0.7898116338,0.99987129,HD_132406_b
0.7902065396,0.99986561,HD_132406_b
0.7906016429,0.99986059,HD_132406_b
0.7909969437,0.99985651,HD_132406_b
0.7913924422,0.9998536,HD_132406_b
0.7917881384,0.99985206,HD_132406_b
0.7921840325,0.9998519,HD_132406_b
0.7925801245,0.99985296,HD_132406_b
0.7929764145,0.99985487,HD_132406_b
0.7933729028,0.99985709,HD_132406_b
0.7937695892,0.99985902,HD_132406_b
0.794166474,0.99986015,HD_132406_b
0.7945635572,0.99986017,HD_132406_b
0.794960839,0.99985909,HD_132406_b
0.7953583194,0.9998572,HD_132406_b
0.7957559986,0.999855,HD_132406_b
0.7961538766,0.99985307,HD_132406_b
0.7965519535,0.99985184,HD_132406_b
0.7969502295,0.99985155,HD_132406_b
0.7973487046,0.99985216,HD_132406_b
0.797747379,0.99985343,HD_132406_b
0.7981462527,0.99985497,HD_132406_b
0.7985453258,0.99985642,HD_132406_b
0.7989445985,0.99985751,HD_132406_b
0.7993440708,0.99985811,HD_132406_b
0.7997437428,0.99985827,HD_132406_b
0.8001436147,0.99985814,HD_132406_b
0.8005436865,0.99985797,HD_132406_b
0.8009439583,0.99985798,HD_132406_b
0.8013444303,0.9998584,HD_132406_b
0.8017451025,0.9998594,HD_132406_b
0.8021459751,0.9998611,HD_132406_b
0.802547048,0.9998636,HD_132406_b
0.8029483216,0.99986692,HD_132406_b
0.8033497957,0.99987104,HD_132406_b
0.8037514706,0.99987586,HD_132406_b
0.8041533464,0.9998812,HD_132406_b
0.804555423,0.99988681,HD_132406_b
0.8049577007,0.99989238,HD_132406_b
0.8053601796,0.99989759,HD_132406_b
0.8057628597,0.99990215,HD_132406_b
0.8061657411,0.99990581,HD_132406_b
0.806568824,0.99990844,HD_132406_b
0.8069721084,0.99990998,HD_132406_b
0.8073755945,0.99991044,HD_132406_b
0.8077792822,0.99990992,HD_132406_b
0.8081831719,0.99990848,HD_132406_b
0.8085872635,0.99990615,HD_132406_b
0.8089915571,0.99990285,HD_132406_b
0.8093960529,0.99989838,HD_132406_b
0.8098007509,0.99989235,HD_132406_b
0.8102056513,0.99988417,HD_132406_b
0.8106107541,0.99987304,HD_132406_b
0.8110160595,0.99985801,HD_132406_b
0.8114215675,0.99983797,HD_132406_b
0.8118272783,0.99981175,HD_132406_b
0.8122331919,0.99977823,HD_132406_b
0.8126393085,0.99973641,HD_132406_b
0.8130456282,0.99968554,HD_132406_b
0.813452151,0.99962528,HD_132406_b
0.8138588771,0.99955584,HD_132406_b
0.8142658065,0.99947814,HD_132406_b
0.8146729394,0.99939388,HD_132406_b
0.8150802759,0.99930556,HD_132406_b
0.815487816,0.9992164,HD_132406_b
0.8158955599,0.9991301,HD_132406_b
0.8163035077,0.99905053,HD_132406_b
0.8167116595,0.99898139,HD_132406_b
0.8171200153,0.99892591,HD_132406_b
0.8175285753,0.99888659,HD_132406_b
0.8179373396,0.9988649,HD_132406_b
0.8183463083,0.99886107,HD_132406_b
0.8187554814,0.99887381,HD_132406_b
0.8191648592,0.99890004,HD_132406_b
0.8195744416,0.998935,HD_132406_b
0.8199842288,0.99897258,HD_132406_b
0.8203942209,0.99900637,HD_132406_b
0.820804418,0.99903098,HD_132406_b
0.8212148202,0.99904352,HD_132406_b
0.8216254277,0.9990445,HD_132406_b
0.8220362404,0.99903794,HD_132406_b
0.8224472585,0.99903035,HD_132406_b
0.8228584821,0.99902885,HD_132406_b
0.8232699114,0.99903916,HD_132406_b
0.8236815463,0.99906399,HD_132406_b
0.8240933871,0.99910245,HD_132406_b
0.8245054338,0.99915058,HD_132406_b
0.8249176865,0.9992027,HD_132406_b
0.8253301453,0.99925307,HD_132406_b
0.8257428104,0.9992972,HD_132406_b
0.8261556818,0.99933266,HD_132406_b
0.8265687597,0.99935921,HD_132406_b
0.826982044,0.99937837,HD_132406_b
0.8273955351,0.99939277,HD_132406_b
0.8278092328,0.99940537,HD_132406_b
0.8282231374,0.99941887,HD_132406_b
0.828637249,0.99943525,HD_132406_b
0.8290515676,0.99945555,HD_132406_b
0.8294660934,0.99947994,HD_132406_b
0.8298808265,0.99950785,HD_132406_b
0.8302957669,0.99953832,HD_132406_b
0.8307109148,0.99957027,HD_132406_b
0.8311262702,0.99960276,HD_132406_b
0.8315418334,0.99963513,HD_132406_b
0.8319576043,0.99966694,HD_132406_b
0.8323735831,0.99969793,HD_132406_b
0.8327897699,0.9997279,HD_132406_b
0.8332061648,0.99975663,HD_132406_b
0.8336227678,0.99978379,HD_132406_b
0.8340395792,0.99980899,HD_132406_b
0.834456599,0.99983183,HD_132406_b
0.8348738273,0.99985196,HD_132406_b
0.8352912642,0.99986918,HD_132406_b
0.8357089099,0.99988344,HD_132406_b
0.8361267643,0.99989491,HD_132406_b
0.8365448277,0.99990386,HD_132406_b
0.8369631001,0.99991069,HD_132406_b
0.8373815817,0.99991581,HD_132406_b
0.8378002725,0.99991959,HD_132406_b
0.8382191726,0.99992234,HD_132406_b
0.8386382822,0.99992432,HD_132406_b
0.8390576013,0.99992571,HD_132406_b
0.8394771301,0.99992665,HD_132406_b
0.8398968687,0.99992729,HD_132406_b
0.8403168171,0.99992777,HD_132406_b
0.8407369755,0.99992824,HD_132406_b
0.841157344,0.99992884,HD_132406_b
0.8415779227,0.99992966,HD_132406_b
0.8419987116,0.99993078,HD_132406_b
0.842419711,0.99993221,HD_132406_b
0.8428409209,0.99993393,HD_132406_b
0.8432623413,0.9999359,HD_132406_b
0.8436839725,0.99993805,HD_132406_b
0.8441058145,0.9999403,HD_132406_b
0.8445278674,0.99994257,HD_132406_b
0.8449501313,0.99994478,HD_132406_b
0.8453726064,0.99994686,HD_132406_b
0.8457952927,0.99994873,HD_132406_b
0.8462181903,0.99995034,HD_132406_b
0.8466412994,0.99995165,HD_132406_b
0.8470646201,0.99995264,HD_132406_b
0.8474881524,0.99995332,HD_132406_b
0.8479118965,0.99995371,HD_132406_b
0.8483358524,0.99995385,HD_132406_b
0.8487600203,0.99995377,HD_132406_b
0.8491844003,0.99995355,HD_132406_b
0.8496089925,0.99995324,HD_132406_b
0.850033797,0.99995291,HD_132406_b
0.8504588139,0.99995263,HD_132406_b
0.8508840433,0.99995246,HD_132406_b
0.8513094854,0.99995245,HD_132406_b
0.8517351401,0.99995263,HD_132406_b
0.8521610077,0.99995302,HD_132406_b
0.8525870882,0.99995359,HD_132406_b
0.8530133817,0.99995431,HD_132406_b
0.8534398884,0.99995515,HD_132406_b
0.8538666084,0.99995606,HD_132406_b
0.8542935417,0.99995703,HD_132406_b
0.8547206884,0.99995802,HD_132406_b
0.8551480488,0.99995901,HD_132406_b
0.8555756228,0.99995999,HD_132406_b
0.8560034106,0.99996094,HD_132406_b
0.8564314123,0.99996185,HD_132406_b
0.856859628,0.9999627,HD_132406_b
0.8572880578,0.99996348,HD_132406_b
0.8577167019,0.9999642,HD_132406_b
0.8581455602,0.99996485,HD_132406_b
0.858574633,0.99996543,HD_132406_b
0.8590039203,0.99996594,HD_132406_b
0.8594334223,0.99996641,HD_132406_b
0.859863139,0.99996682,HD_132406_b
0.8602930706,0.99996719,HD_132406_b
0.8607232171,0.99996751,HD_132406_b
0.8611535787,0.9999678,HD_132406_b
0.8615841555,0.99996806,HD_132406_b
0.8620149476,0.99996829,HD_132406_b
0.862445955,0.9999685,HD_132406_b
0.862877178,0.99996868,HD_132406_b
0.8633086166,0.99996883,HD_132406_b
0.8637402709,0.99996895,HD_132406_b
0.8641721411,0.99996901,HD_132406_b
0.8646042271,0.99996897,HD_132406_b
0.8650365292,0.99996876,HD_132406_b
0.8654690475,0.99996829,HD_132406_b
0.865901782,0.99996742,HD_132406_b
0.8663347329,0.99996601,HD_132406_b
0.8667679003,0.99996389,HD_132406_b
0.8672012842,0.99996091,HD_132406_b
0.8676348849,0.999957,HD_132406_b
0.8680687023,0.99995219,HD_132406_b
0.8685027367,0.99994664,HD_132406_b
0.868936988,0.99994064,HD_132406_b
0.8693714565,0.99993461,HD_132406_b
0.8698061423,0.999929,HD_132406_b
0.8702410453,0.99992424,HD_132406_b
0.8706761659,0.99992066,HD_132406_b
0.8711115039,0.9999184,HD_132406_b
0.8715470597,0.99991744,HD_132406_b
0.8719828332,0.99991757,HD_132406_b
0.8724188246,0.99991847,HD_132406_b
0.872855034,0.99991977,HD_132406_b
0.8732914616,0.99992112,HD_132406_b
0.8737281073,0.99992221,HD_132406_b
0.8741649714,0.99992277,HD_132406_b
0.8746020538,0.99992263,HD_132406_b
0.8750393549,0.9999216,HD_132406_b
0.8754768745,0.99991945,HD_132406_b
0.875914613,0.99991588,HD_132406_b
0.8763525703,0.99991041,HD_132406_b
0.8767907466,0.99990237,HD_132406_b
0.8772291419,0.99989087,HD_132406_b
0.8776677565,0.99987482,HD_132406_b
0.8781065904,0.99985298,HD_132406_b
0.8785456437,0.99982407,HD_132406_b
0.8789849165,0.9997869,HD_132406_b
0.879424409,0.99974058,HD_132406_b
0.8798641212,0.99968474,HD_132406_b
0.8803040532,0.99961981,HD_132406_b
0.8807442053,0.99954721,HD_132406_b
0.8811845774,0.99946944,HD_132406_b
0.8816251697,0.99938998,HD_132406_b
0.8820659822,0.99931295,HD_132406_b
0.8825070152,0.99924253,HD_132406_b
0.8829482687,0.99918225,HD_132406_b
0.8833897429,0.99913436,HD_132406_b
0.8838314377,0.99909945,HD_132406_b
0.8842733535,0.99907647,HD_132406_b
0.8847154901,0.99906321,HD_132406_b
0.8851578479,0.99905708,HD_132406_b
0.8856004268,0.99905588,HD_132406_b
0.886043227,0.99905835,HD_132406_b
0.8864862486,0.9990643,HD_132406_b
0.8869294918,0.99907427,HD_132406_b
0.8873729565,0.999089,HD_132406_b
0.887816643,0.99910885,HD_132406_b
0.8882605513,0.99913345,HD_132406_b
0.8887046816,0.99916173,HD_132406_b
0.8891490339,0.9991921,HD_132406_b
0.8895936084,0.99922281,HD_132406_b
0.8900384052,0.99925217,HD_132406_b
0.8904834244,0.99927875,HD_132406_b
0.8909286662,0.99930131,HD_132406_b
0.8913741305,0.99931875,HD_132406_b
0.8918198176,0.99933,HD_132406_b
0.8922657275,0.999334,HD_132406_b
0.8927118603,0.9993297,HD_132406_b
0.8931582163,0.9993161,HD_132406_b
0.8936047954,0.99929225,HD_132406_b
0.8940515978,0.99925721,HD_132406_b
0.8944986236,0.99921002,HD_132406_b
0.8949458729,0.99914961,HD_132406_b
0.8953933458,0.99907487,HD_132406_b
0.8958410425,0.99898487,HD_132406_b
0.896288963,0.9988794,HD_132406_b
0.8967371075,0.99875959,HD_132406_b
0.897185476,0.99862867,HD_132406_b
0.8976340688,0.99849236,HD_132406_b
0.8980828858,0.99835875,HD_132406_b
0.8985319273,0.9982375,HD_132406_b
0.8989811932,0.9981385,HD_132406_b
0.8994306838,0.9980702,HD_132406_b
0.8998803992,0.99803828,HD_132406_b
0.9003303394,0.99804486,HD_132406_b
0.9007805045,0.99808846,HD_132406_b
0.9012308948,0.99816449,HD_132406_b
0.9016815102,0.9982661,HD_132406_b
0.902132351,0.99838479,HD_132406_b
0.9025834172,0.99851103,HD_132406_b
0.9030347089,0.99863466,HD_132406_b
0.9034862262,0.99874548,HD_132406_b
0.9039379693,0.99883412,HD_132406_b
0.9043899383,0.99889325,HD_132406_b
0.9048421333,0.99891878,HD_132406_b
0.9052945544,0.99891084,HD_132406_b
0.9057472016,0.99887399,HD_132406_b
0.9062000752,0.99881658,HD_132406_b
0.9066531753,0.99874925,HD_132406_b
0.9071065019,0.99868299,HD_132406_b
0.9075600551,0.99862715,HD_132406_b
0.9080138351,0.99858795,HD_132406_b
0.9084678421,0.9985678,HD_132406_b
0.908922076,0.99856551,HD_132406_b
0.909376537,0.99857719,HD_132406_b
0.9098312253,0.99859753,HD_132406_b
0.9102861409,0.99862111,HD_132406_b
0.910741284,0.99864354,HD_132406_b
0.9111966546,0.99866208,HD_132406_b
0.9116522529,0.99867591,HD_132406_b
0.9121080791,0.99868587,HD_132406_b
0.9125641331,0.99869401,HD_132406_b
0.9130204152,0.9987029,HD_132406_b
0.9134769254,0.998715,HD_132406_b
0.9139336638,0.99873228,HD_132406_b
0.9143906307,0.99875598,HD_132406_b
0.914847826,0.99878675,HD_132406_b
0.9153052499,0.99882487,HD_132406_b
0.9157629025,0.9988705,HD_132406_b
0.916220784,0.99892373,HD_132406_b
0.9166788944,0.99898455,HD_132406_b
0.9171372338,0.99905257,HD_132406_b
0.9175958024,0.99912675,HD_132406_b
0.9180546003,0.99920513,HD_132406_b
0.9185136276,0.99928486,HD_132406_b
0.9189728844,0.99936243,HD_132406_b
0.9194323709,0.99943411,HD_132406_b
0.9198920871,0.99949657,HD_132406_b
0.9203520331,0.99954741,HD_132406_b
0.9208122091,0.99958552,HD_132406_b
0.9212726152,0.99961112,HD_132406_b
0.9217332515,0.99962564,HD_132406_b
0.9221941182,0.99963123,HD_132406_b
0.9226552152,0.99963039,HD_132406_b
0.9231165428,0.99962542,HD_132406_b
0.9235781011,0.9996181,HD_132406_b
0.9240398902,0.9996093,HD_132406_b
0.9245019101,0.99959882,HD_132406_b
0.9249641611,0.99958523,HD_132406_b
0.9254266431,0.99956581,HD_132406_b
0.9258893565,0.99953652,HD_132406_b
0.9263523011,0.9994918,HD_132406_b
0.9268154773,0.9994245,HD_132406_b
0.927278885,0.99932549,HD_132406_b
0.9277425245,0.99918335,HD_132406_b
0.9282063957,0.99898426,HD_132406_b
0.9286704989,0.99871218,HD_132406_b
0.9291348342,0.99834961,HD_132406_b
0.9295994016,0.99787872,HD_132406_b
0.9300642013,0.99728317,HD_132406_b
0.9305292334,0.99655009,HD_132406_b
0.930994498,0.99567262,HD_132406_b
0.9314599953,0.9946528,HD_132406_b
0.9319257253,0.99350447,HD_132406_b
0.9323916881,0.99225595,HD_132406_b
0.932857884,0.99095108,HD_132406_b
0.9333243129,0.9896477,HD_132406_b
0.9337909751,0.98841299,HD_132406_b
0.9342578706,0.98731602,HD_132406_b
0.9347249995,0.98641896,HD_132406_b
0.935192362,0.98576971,HD_132406_b
0.9356599582,0.98539739,HD_132406_b
0.9361277881,0.98531156,HD_132406_b
0.936595852,0.98550408,HD_132406_b
0.93706415,0.98595166,HD_132406_b
0.937532682,0.98661717,HD_132406_b
0.9380014484,0.98744936,HD_132406_b
0.9384704491,0.98838258,HD_132406_b
0.9389396843,0.98933868,HD_132406_b
0.9394091542,0.99023339,HD_132406_b
0.9398788588,0.99098694,HD_132406_b
0.9403487982,0.99153737,HD_132406_b
0.9408189726,0.9918525,HD_132406_b
0.9412893821,0.99193681,HD_132406_b
0.9417600268,0.99183068,HD_132406_b
0.9422309068,0.99160169,HD_132406_b
0.9427020222,0.99133014,HD_132406_b
0.9431733732,0.99109222,HD_132406_b
0.9436449599,0.99094529,HD_132406_b
0.9441167824,0.99091849,HD_132406_b
0.9445888408,0.99101066,HD_132406_b
0.9450611352,0.99119523,HD_132406_b
0.9455336658,0.99143047,HD_132406_b
0.9460064326,0.99167159,HD_132406_b
0.9464794358,0.99188218,HD_132406_b
0.9469526755,0.99204189,HD_132406_b
0.9474261519,0.99214936,HD_132406_b
0.947899865,0.9922203,HD_132406_b
0.9483738149,0.99228157,HD_132406_b
0.9488480018,0.99236331,HD_132406_b
0.9493224258,0.99249099,HD_132406_b
0.949797087,0.99267933,HD_132406_b
0.9502719856,0.99292965,HD_132406_b
0.9507471216,0.99323073,HD_132406_b
0.9512224951,0.99356289,HD_132406_b
0.9516981064,0.99390361,HD_132406_b
0.9521739554,0.99423315,HD_132406_b
0.9526500424,0.99453845,HD_132406_b
0.9531263674,0.99481482,HD_132406_b
0.9536029306,0.99506511,HD_132406_b
0.9540797321,0.9952973,HD_132406_b
0.9545567719,0.99552113,HD_132406_b
0.9550340503,0.99574497,HD_132406_b
0.9555115673,0.99597343,HD_132406_b
0.9559893231,0.99620622,HD_132406_b
0.9564673178,0.99643844,HD_132406_b
0.9569455514,0.99666212,HD_132406_b
0.9574240242,0.99686844,HD_132406_b
0.9579027362,0.99705006,HD_132406_b
0.9583816876,0.99720289,HD_132406_b
0.9588608784,0.99732687,HD_132406_b
0.9593403089,0.99742577,HD_132406_b
0.959819979,0.99750607,HD_132406_b
0.960299889,0.99757537,HD_132406_b
0.960780039,0.99764094,HD_132406_b
0.961260429,0.99770852,HD_132406_b
0.9617410592,0.99778153,HD_132406_b
0.9622219297,0.99786096,HD_132406_b
0.9627030407,0.99794568,HD_132406_b
0.9631843922,0.99803323,HD_132406_b
0.9636659844,0.99812078,HD_132406_b
0.9641478174,0.99820612,HD_132406_b
0.9646298913,0.99828842,HD_132406_b
0.9651122063,0.99836835,HD_132406_b
0.9655947624,0.99844779,HD_132406_b
0.9660775597,0.99852887,HD_132406_b
0.9665605985,0.99861297,HD_132406_b
0.9670438788,0.99869983,HD_132406_b
0.9675274008,0.99878726,HD_132406_b
0.9680111645,0.99887151,HD_132406_b
0.96849517,0.99894805,HD_132406_b
0.9689794176,0.99901271,HD_132406_b
0.9694639073,0.99906253,HD_132406_b
0.9699486393,0.99909624,HD_132406_b
0.9704336136,0.9991142,HD_132406_b
0.9709188304,0.99911809,HD_132406_b
0.9714042898,0.99911041,HD_132406_b
0.971889992,0.99909425,HD_132406_b
0.972375937,0.99907304,HD_132406_b
0.9728621249,0.99905053,HD_132406_b
0.973348556,0.99903064,HD_132406_b
0.9738352303,0.99901713,HD_132406_b
0.9743221479,0.99901318,HD_132406_b
0.974809309,0.99902079,HD_132406_b
0.9752967136,0.99904051,HD_132406_b
0.975784362,0.9990713,HD_132406_b
0.9762722542,0.99911086,HD_132406_b
0.9767603903,0.99915614,HD_132406_b
0.9772487705,0.99920404,HD_132406_b
0.9777373949,0.99925197,HD_132406_b
0.9782262636,0.99929822,HD_132406_b
0.9787153767,0.99934202,HD_132406_b
0.9792047344,0.99938331,HD_132406_b
0.9796943368,0.99942244,HD_132406_b
0.9801841839,0.99945978,HD_132406_b
0.980674276,0.99949553,HD_132406_b
0.9811646132,0.99952961,HD_132406_b
0.9816551955,0.99956173,HD_132406_b
0.9821460231,0.99959151,HD_132406_b
0.9826370961,0.99961856,HD_132406_b
0.9831284146,0.99964257,HD_132406_b
0.9836199788,0.99966326,HD_132406_b
0.9841117888,0.99968034,HD_132406_b
0.9846038447,0.99969355,HD_132406_b
0.9850961466,0.99970265,HD_132406_b
0.9855886947,0.99970755,HD_132406_b
0.9860814891,0.99970844,HD_132406_b
0.9865745298,0.99970589,HD_132406_b
0.9870678171,0.99970084,HD_132406_b
0.987561351,0.99969453,HD_132406_b
0.9880551316,0.9996883,HD_132406_b
0.9885491592,0.99968338,HD_132406_b
0.9890434338,0.99968064,HD_132406_b
0.9895379555,0.99968047,HD_132406_b
0.9900327245,0.99968277,HD_132406_b
0.9905277409,0.99968704,HD_132406_b
0.9910230047,0.99969247,HD_132406_b
0.9915185162,0.99969821,HD_132406_b
0.9920142755,0.99970344,HD_132406_b
0.9925102826,0.99970754,HD_132406_b
0.9930065378,0.99971015,HD_132406_b
0.993503041,0.99971117,HD_132406_b
0.9939997926,0.99971077,HD_132406_b
0.9944967924,0.99970932,HD_132406_b
0.9949940408,0.99970729,HD_132406_b
0.9954915379,0.99970516,HD_132406_b
0.9959892836,0.99970333,HD_132406_b
0.9964872783,0.9997021,HD_132406_b
0.9969855219,0.99970159,HD_132406_b
0.9974840147,0.99970182,HD_132406_b
0.9979827567,0.99970272,HD_132406_b
0.9984817481,0.99970418,HD_132406_b
0.9989809889,0.99970606,HD_132406_b
0.9994804794,0.99970825,HD_132406_b
0.9999802197,0.99971064,HD_132406_b
1.00048021,0.99971311,HD_132406_b
1.00098045,0.99971559,HD_132406_b
1.00148094,0.99971799,HD_132406_b
1.001981681,0.99972024,HD_132406_b
1.002482671,0.99972227,HD_132406_b
1.002983913,0.99972405,HD_132406_b
1.003485405,0.99972555,HD_132406_b
1.003987147,0.99972678,HD_132406_b
1.004489141,0.9997278,HD_132406_b
1.004991386,0.99972866,HD_132406_b
1.005493881,0.9997294,HD_132406_b
1.005996628,0.99973006,HD_132406_b
1.006499627,0.99973059,HD_132406_b
1.007002876,0.99973096,HD_132406_b
1.007506378,0.99973111,HD_132406_b
1.008010131,0.99973103,HD_132406_b
1.008514136,0.99973078,HD_132406_b
1.009018393,0.9997305,HD_132406_b
1.009522902,0.9997304,HD_132406_b
1.010027664,0.99973068,HD_132406_b
1.010532678,0.99973157,HD_132406_b
1.011037944,0.99973324,HD_132406_b
1.011543463,0.9997358,HD_132406_b
1.012049235,0.99973928,HD_132406_b
1.012555259,0.99974366,HD_132406_b
1.013061537,0.99974883,HD_132406_b
1.013568068,0.99975464,HD_132406_b
1.014074852,0.9997609,HD_132406_b
1.014581889,0.99976742,HD_132406_b
1.01508918,0.99977404,HD_132406_b
1.015596725,0.99978064,HD_132406_b
1.016104523,0.99978713,HD_132406_b
1.016612575,0.99979348,HD_132406_b
1.017120882,0.99979964,HD_132406_b
1.017629442,0.99980559,HD_132406_b
1.018138257,0.99981128,HD_132406_b
1.018647326,0.99981668,HD_132406_b
1.019156649,0.99982174,HD_132406_b
1.019666228,0.99982644,HD_132406_b
1.020176061,0.99983084,HD_132406_b
1.020686149,0.99983501,HD_132406_b
1.021196492,0.99983908,HD_132406_b
1.02170709,0.99984318,HD_132406_b
1.022217944,0.99984745,HD_132406_b
1.022729053,0.99985198,HD_132406_b
1.023240417,0.99985681,HD_132406_b
1.023752038,0.99986194,HD_132406_b
1.024263914,0.9998673,HD_132406_b
1.024776045,0.99987281,HD_132406_b
1.025288434,0.99987837,HD_132406_b
1.025801078,0.9998839,HD_132406_b
1.026313978,0.99988933,HD_132406_b
1.026827135,0.99989465,HD_132406_b
1.027340549,0.99989983,HD_132406_b
1.027854219,0.99990488,HD_132406_b
1.028368146,0.99990981,HD_132406_b
1.02888233,0.99991462,HD_132406_b
1.029396771,0.99991929,HD_132406_b
1.02991147,0.99992382,HD_132406_b
1.030426426,0.99992818,HD_132406_b
1.030941639,0.99993234,HD_132406_b
1.03145711,0.99993628,HD_132406_b
1.031972838,0.99993998,HD_132406_b
1.032488825,0.9999434,HD_132406_b
1.033005069,0.99994655,HD_132406_b
1.033521572,0.99994941,HD_132406_b
1.034038332,0.999952,HD_132406_b
1.034555351,0.99995432,HD_132406_b
1.035072629,0.99995642,HD_132406_b
1.035590165,0.99995832,HD_132406_b
1.036107961,0.99996005,HD_132406_b
1.036626015,0.99996165,HD_132406_b
1.037144328,0.99996313,HD_132406_b
1.0376629,0.99996452,HD_132406_b
1.038181731,0.99996582,HD_132406_b
1.038700822,0.99996704,HD_132406_b
1.039220172,0.99996818,HD_132406_b
1.039739783,0.99996923,HD_132406_b
1.040259652,0.9999702,HD_132406_b
1.040779782,0.99997108,HD_132406_b
1.041300172,0.99997188,HD_132406_b
1.041820822,0.9999726,HD_132406_b
1.042341733,0.99997327,HD_132406_b
1.042862903,0.99997388,HD_132406_b
1.043384335,0.99997445,HD_132406_b
1.043906027,0.99997499,HD_132406_b
1.04442798,0.99997549,HD_132406_b
1.044950194,0.99997596,HD_132406_b
1.045472669,0.99997639,HD_132406_b
1.045995406,0.99997679,HD_132406_b
1.046518403,0.99997716,HD_132406_b
1.047041662,0.99997749,HD_132406_b
1.047565183,0.99997777,HD_132406_b
1.048088966,0.999978,HD_132406_b
1.04861301,0.99997817,HD_132406_b
1.049137317,0.99997828,HD_132406_b
1.049661886,0.99997832,HD_132406_b
1.050186716,0.9999783,HD_132406_b
1.05071181,0.99997824,HD_132406_b
1.051237166,0.99997814,HD_132406_b
1.051762784,0.99997804,HD_132406_b
1.052288666,0.99997795,HD_132406_b
1.05281481,0.99997789,HD_132406_b
1.053341217,0.99997787,HD_132406_b
1.053867888,0.9999779,HD_132406_b
1.054394822,0.99997795,HD_132406_b
1.054922019,0.999978,HD_132406_b
1.05544948,0.99997805,HD_132406_b
1.055977205,0.99997806,HD_132406_b
1.056505194,0.99997802,HD_132406_b
1.057033446,0.99997794,HD_132406_b
1.057561963,0.99997782,HD_132406_b
1.058090744,0.99997766,HD_132406_b
1.058619789,0.99997747,HD_132406_b
1.059149099,0.99997726,HD_132406_b
1.059678674,0.99997703,HD_132406_b
1.060208513,0.9999768,HD_132406_b
1.060738617,0.99997656,HD_132406_b
1.061268987,0.99997632,HD_132406_b
1.061799621,0.99997608,HD_132406_b
1.062330521,0.99997584,HD_132406_b
1.062861686,0.9999756,HD_132406_b
1.063393117,0.99997536,HD_132406_b
1.063924814,0.99997512,HD_132406_b
1.064456776,0.99997485,HD_132406_b
1.064989005,0.99997456,HD_132406_b
1.065521499,0.99997422,HD_132406_b
1.06605426,0.99997383,HD_132406_b
1.066587287,0.99997339,HD_132406_b
1.067120581,0.99997288,HD_132406_b
1.067654141,0.9999723,HD_132406_b
1.068187968,0.99997164,HD_132406_b
1.068722062,0.99997091,HD_132406_b
1.069256423,0.99997009,HD_132406_b
1.069791051,0.99996915,HD_132406_b
1.070325947,0.99996809,HD_132406_b
1.07086111,0.99996687,HD_132406_b
1.07139654,0.99996549,HD_132406_b
1.071932238,0.99996393,HD_132406_b
1.072468205,0.99996218,HD_132406_b
1.073004439,0.99996025,HD_132406_b
1.073540941,0.99995816,HD_132406_b
1.074077711,0.99995591,HD_132406_b
1.07461475,0.99995352,HD_132406_b
1.075152058,0.99995103,HD_132406_b
1.075689634,0.99994845,HD_132406_b
1.076227478,0.99994582,HD_132406_b
1.076765592,0.99994318,HD_132406_b
1.077303975,0.99994053,HD_132406_b
1.077842627,0.99993791,HD_132406_b
1.078381548,0.9999353,HD_132406_b
1.078920739,0.99993268,HD_132406_b
1.079460199,0.99993,HD_132406_b
1.07999993,0.99992718,HD_132406_b
1.080539929,0.99992406,HD_132406_b
1.081080199,0.99992044,HD_132406_b
1.08162074,0.99991611,HD_132406_b
1.08216155,0.99991085,HD_132406_b
1.082702631,0.99990452,HD_132406_b
1.083243982,0.99989712,HD_132406_b
1.083785604,0.99988881,HD_132406_b
1.084327497,0.99987992,HD_132406_b
1.084869661,0.99987085,HD_132406_b
1.085412095,0.99986193,HD_132406_b
1.085954801,0.99985333,HD_132406_b
1.086497779,0.9998449,HD_132406_b
1.087041028,0.99983616,HD_132406_b
1.087584548,0.99982643,HD_132406_b
1.088128341,0.99981494,HD_132406_b
1.088672405,0.99980107,HD_132406_b
1.089216741,0.99978456,HD_132406_b
1.089761349,0.99976558,HD_132406_b
1.09030623,0.99974472,HD_132406_b
1.090851383,0.99972285,HD_132406_b
1.091396809,0.99970097,HD_132406_b
1.091942507,0.99967999,HD_132406_b
1.092488478,0.99966054,HD_132406_b
1.093034723,0.99964292,HD_132406_b
1.09358124,0.99962701,HD_132406_b
1.094128031,0.99961238,HD_132406_b
1.094675095,0.99959829,HD_132406_b
1.095222432,0.99958387,HD_132406_b
1.095770043,0.99956819,HD_132406_b
1.096317928,0.99955044,HD_132406_b
1.096866087,0.99953018,HD_132406_b
1.09741452,0.99950746,HD_132406_b
1.097963228,0.99948294,HD_132406_b
1.098512209,0.99945777,HD_132406_b
1.099061465,0.99943337,HD_132406_b
1.099610996,0.99941099,HD_132406_b
1.100160802,0.9993913,HD_132406_b
1.100710882,0.99937416,HD_132406_b
1.101261237,0.99935858,HD_132406_b
1.101811868,0.99934296,HD_132406_b
1.102362774,0.9993255,HD_132406_b
1.102913955,0.9993047,HD_132406_b
1.103465412,0.99927973,HD_132406_b
1.104017145,0.99925062,HD_132406_b
1.104569154,0.99921827,HD_132406_b
1.105121438,0.99918412,HD_132406_b
1.105673999,0.99914966,HD_132406_b
1.106226836,0.9991158,HD_132406_b
1.106779949,0.99908229,HD_132406_b
1.107333339,0.99904706,HD_132406_b
1.107887006,0.99900597,HD_132406_b
1.10844095,0.99895266,HD_132406_b
1.10899517,0.99887872,HD_132406_b
1.109549668,0.99877428,HD_132406_b
1.110104442,0.99862856,HD_132406_b
1.110659495,0.99843072,HD_132406_b
1.111214824,0.99817063,HD_132406_b
1.111770432,0.99783961,HD_132406_b
1.112326317,0.99743103,HD_132406_b
1.11288248,0.99694084,HD_132406_b
1.113438921,0.99636776,HD_132406_b
1.113995641,0.9957128,HD_132406_b
1.114552639,0.99497819,HD_132406_b
1.115109915,0.99416514,HD_132406_b
1.11566747,0.99327107,HD_132406_b
1.116225304,0.992287,HD_132406_b
1.116783416,0.99119665,HD_132406_b
1.117341808,0.98997829,HD_132406_b
1.117900479,0.98861024,HD_132406_b
1.118459429,0.98707951,HD_132406_b
1.119018659,0.98539201,HD_132406_b
1.119578168,0.98358053,HD_132406_b
1.120137957,0.98170768,HD_132406_b
1.120698026,0.97986083,HD_132406_b
1.121258375,0.97813888,HD_132406_b
1.121819005,0.97663342,HD_132406_b
1.122379914,0.97540928,HD_132406_b
1.122941104,0.97449049,HD_132406_b
1.123502575,0.97385626,HD_132406_b
1.124064326,0.97344925,HD_132406_b
1.124626358,0.9731931,HD_132406_b
1.125188671,0.97301573,HD_132406_b
1.125751266,0.97287059,HD_132406_b
1.126314141,0.97275064,HD_132406_b
1.126877298,0.97269002,HD_132406_b
1.127440737,0.97275169,HD_132406_b
1.128004457,0.97300307,HD_132406_b
1.128568459,0.973485,HD_132406_b
1.129132744,0.97418335,HD_132406_b
1.12969731,0.97501356,HD_132406_b
1.130262159,0.97582662,HD_132406_b
1.13082729,0.97643904,HD_132406_b
1.131392703,0.97668165,HD_132406_b
1.1319584,0.97645378,HD_132406_b
1.132524379,0.97576544,HD_132406_b
1.133090641,0.97475191,HD_132406_b
1.133657186,0.97365249,HD_132406_b
1.134224015,0.97275715,HD_132406_b
1.134791127,0.97233576,HD_132406_b
1.135358523,0.9725711,HD_132406_b
1.135926202,0.97351584,HD_132406_b
1.136494165,0.97508568,HD_132406_b
1.137062412,0.97708806,HD_132406_b
1.137630943,0.97927466,HD_132406_b
1.138199759,0.98139978,HD_132406_b
1.138768859,0.98326708,HD_132406_b
1.139338243,0.98475426,HD_132406_b
1.139907912,0.98581451,HD_132406_b
1.140477866,0.98646099,HD_132406_b
1.141048105,0.98674431,HD_132406_b
1.141618629,0.98673224,HD_132406_b
1.142189438,0.9864965,HD_132406_b
1.142760533,0.98610772,HD_132406_b
1.143331913,0.98563464,HD_132406_b
1.143903579,0.98514382,HD_132406_b
1.144475531,0.98469664,HD_132406_b
1.145047769,0.9843432,HD_132406_b
1.145620293,0.98411529,HD_132406_b
1.146193103,0.98402149,HD_132406_b
1.1467662,0.98404736,HD_132406_b
1.147339583,0.98416095,HD_132406_b
1.147913252,0.98432302,HD_132406_b
1.148487209,0.9844977,HD_132406_b
1.149061453,0.98466179,HD_132406_b
1.149635983,0.98480929,HD_132406_b
1.150210801,0.98495105,HD_132406_b
1.150785907,0.98511014,HD_132406_b
1.1513613,0.98531451,HD_132406_b
1.15193698,0.98558923,HD_132406_b
1.152512949,0.98595013,HD_132406_b
1.153089205,0.98640044,HD_132406_b
1.15366575,0.98693065,HD_132406_b
1.154242583,0.98752133,HD_132406_b
1.154819704,0.98814729,HD_132406_b
1.155397114,0.98878169,HD_132406_b
1.155974813,0.98939871,HD_132406_b
1.1565528,0.98997452,HD_132406_b
1.157131076,0.99048737,HD_132406_b
1.157709642,0.99091774,HD_132406_b
1.158288497,0.99124971,HD_132406_b
1.158867641,0.99147369,HD_132406_b
1.159447075,0.99158959,HD_132406_b
1.160026798,0.99160936,HD_132406_b
1.160606812,0.99155721,HD_132406_b
1.161187115,0.99146698,HD_132406_b
1.161767709,0.99137693,HD_132406_b
1.162348593,0.99132324,HD_132406_b
1.162929767,0.99133395,HD_132406_b
1.163511232,0.99142476,HD_132406_b
1.164092987,0.99159778,HD_132406_b
1.164675034,0.99184308,HD_132406_b
1.165257371,0.99214237,HD_132406_b
1.16584,0.99247352,HD_132406_b
1.16642292,0.99281496,HD_132406_b
1.167006131,0.99314891,HD_132406_b
1.167589635,0.99346327,HD_132406_b
1.168173429,0.99375196,HD_132406_b
1.168757516,0.99401412,HD_132406_b
1.169341895,0.99425261,HD_132406_b
1.169926566,0.99447214,HD_132406_b
1.170511529,0.99467776,HD_132406_b
1.171096785,0.99487373,HD_132406_b
1.171682333,0.99506297,HD_132406_b
1.172268174,0.99524705,HD_132406_b
1.172854308,0.99542641,HD_132406_b
1.173440736,0.9956006,HD_132406_b
1.174027456,0.99576857,HD_132406_b
1.17461447,0.99592885,HD_132406_b
1.175201777,0.99607985,HD_132406_b
1.175789378,0.99622005,HD_132406_b
1.176377273,0.99634838,HD_132406_b
1.176965461,0.99646434,HD_132406_b
1.177553944,0.99656813,HD_132406_b
1.178142721,0.99666055,HD_132406_b
1.178731792,0.99674289,HD_132406_b
1.179321158,0.99681678,HD_132406_b
1.179910819,0.99688396,HD_132406_b
1.180500774,0.99694608,HD_132406_b
1.181091025,0.99700426,HD_132406_b
1.18168157,0.9970586,HD_132406_b
1.182272411,0.9971079,HD_132406_b
1.182863547,0.99714965,HD_132406_b
1.183454979,0.99718069,HD_132406_b
1.184046706,0.99719832,HD_132406_b
1.18463873,0.99720182,HD_132406_b
1.185231049,0.99719369,HD_132406_b
1.185823665,0.99718009,HD_132406_b
1.186416576,0.99717031,HD_132406_b
1.187009785,0.99717499,HD_132406_b
1.18760329,0.99720374,HD_132406_b
1.188197091,0.99726278,HD_132406_b
1.18879119,0.99735342,HD_132406_b
1.189385585,0.99747191,HD_132406_b
1.189980278,0.99761057,HD_132406_b
1.190575268,0.99775975,HD_132406_b
1.191170556,0.99790995,HD_132406_b
1.191766141,0.99805342,HD_132406_b
1.192362024,0.9981848,HD_132406_b
1.192958205,0.99830104,HD_132406_b
1.193554684,0.99840081,HD_132406_b
1.194151462,0.9984838,HD_132406_b
1.194748537,0.99855033,HD_132406_b
1.195345912,0.99860121,HD_132406_b
1.195943585,0.9986378,HD_132406_b
1.196541556,0.99866214,HD_132406_b
1.197139827,0.99867682,HD_132406_b
1.197738397,0.99868471,HD_132406_b
1.198337266,0.99868854,HD_132406_b
1.198936435,0.99869045,HD_132406_b
1.199535903,0.99869192,HD_132406_b
1.200135671,0.99869393,HD_132406_b
1.200735739,0.99869734,HD_132406_b
1.201336107,0.99870349,HD_132406_b
1.201936775,0.9987144,HD_132406_b
1.202537743,0.99873268,HD_132406_b
1.203139012,0.99876096,HD_132406_b
1.203740582,0.99880107,HD_132406_b
1.204342452,0.9988533,HD_132406_b
1.204944623,0.99891597,HD_132406_b
1.205547095,0.99898567,HD_132406_b
1.206149869,0.9990579,HD_132406_b
1.206752944,0.99912809,HD_132406_b
1.20735632,0.99919249,HD_132406_b
1.207959999,0.99924877,HD_132406_b
1.208563979,0.99929616,HD_132406_b
1.209168261,0.99933523,HD_132406_b
1.209772845,0.99936742,HD_132406_b
1.210377731,0.99939458,HD_132406_b
1.21098292,0.99941857,HD_132406_b
1.211588411,0.99944098,HD_132406_b
1.212194206,0.99946311,HD_132406_b
1.212800303,0.99948581,HD_132406_b
1.213406703,0.99950959,HD_132406_b
1.214013406,0.99953456,HD_132406_b
1.214620413,0.99956046,HD_132406_b
1.215227723,0.99958671,HD_132406_b
1.215835337,0.99961251,HD_132406_b
1.216443255,0.99963691,HD_132406_b
1.217051476,0.99965898,HD_132406_b
1.217660002,0.99967795,HD_132406_b
1.218268832,0.99969333,HD_132406_b
1.218877966,0.99970496,HD_132406_b
1.219487405,0.9997131,HD_132406_b
1.220097149,0.9997183,HD_132406_b
1.220707198,0.99972137,HD_132406_b
1.221317551,0.99972317,HD_132406_b
1.22192821,0.99972452,HD_132406_b
1.222539174,0.99972602,HD_132406_b
1.223150444,0.99972804,HD_132406_b
1.223762019,0.99973068,HD_132406_b
1.2243739,0.99973386,HD_132406_b
1.224986087,0.9997374,HD_132406_b
1.22559858,0.99974114,HD_132406_b
1.226211379,0.99974495,HD_132406_b
1.226824485,0.99974877,HD_132406_b
1.227437897,0.99975258,HD_132406_b
1.228051616,0.9997564,HD_132406_b
1.228665642,0.9997602,HD_132406_b
1.229279975,0.99976393,HD_132406_b
1.229894615,0.99976755,HD_132406_b
1.230509562,0.999771,HD_132406_b
1.231124817,0.99977423,HD_132406_b
1.231740379,0.99977727,HD_132406_b
1.23235625,0.99978016,HD_132406_b
1.232972428,0.99978298,HD_132406_b
1.233588914,0.99978585,HD_132406_b
1.234205708,0.99978886,HD_132406_b
1.234822811,0.99979213,HD_132406_b
1.235440223,0.99979574,HD_132406_b
1.236057943,0.99979973,HD_132406_b
1.236675972,0.99980414,HD_132406_b
1.23729431,0.99980899,HD_132406_b
1.237912957,0.99981428,HD_132406_b
1.238531913,0.99981995,HD_132406_b
1.239151179,0.99982595,HD_132406_b
1.239770755,0.99983218,HD_132406_b
1.24039064,0.99983849,HD_132406_b
1.241010836,0.99984478,HD_132406_b
1.241631341,0.9998509,HD_132406_b
1.242252157,0.99985679,HD_132406_b
1.242873283,0.99986239,HD_132406_b
1.243494719,0.99986773,HD_132406_b
1.244116467,0.99987284,HD_132406_b
1.244738525,0.99987779,HD_132406_b
1.245360894,0.99988267,HD_132406_b
1.245983575,0.99988753,HD_132406_b
1.246606566,0.9998924,HD_132406_b
1.24722987,0.99989727,HD_132406_b
1.247853485,0.99990211,HD_132406_b
1.248477411,0.99990686,HD_132406_b
1.24910165,0.99991145,HD_132406_b
1.249726201,0.99991584,HD_132406_b
1.250351064,0.99992,HD_132406_b
1.25097624,0.99992391,HD_132406_b
1.251601728,0.9999276,HD_132406_b
1.252227529,0.99993109,HD_132406_b
1.252853642,0.9999344,HD_132406_b
1.253480069,0.99993755,HD_132406_b
1.254106809,0.99994054,HD_132406_b
1.254733863,0.99994336,HD_132406_b
1.255361229,0.999946,HD_132406_b
1.25598891,0.99994844,HD_132406_b
1.256616905,0.99995067,HD_132406_b
1.257245213,0.99995268,HD_132406_b
1.257873836,0.99995448,HD_132406_b
1.258502773,0.99995609,HD_132406_b
1.259132024,0.99995751,HD_132406_b
1.25976159,0.99995878,HD_132406_b
1.260391471,0.99995994,HD_132406_b
1.261021666,0.99996101,HD_132406_b
1.261652177,0.99996203,HD_132406_b
1.262283003,0.99996303,HD_132406_b
1.262914145,0.99996403,HD_132406_b
1.263545602,0.99996503,HD_132406_b
1.264177375,0.99996603,HD_132406_b
1.264809463,0.99996702,HD_132406_b
1.265441868,0.99996796,HD_132406_b
1.266074589,0.99996884,HD_132406_b
1.266707626,0.99996962,HD_132406_b
1.26734098,0.99997031,HD_132406_b
1.267974651,0.9999709,HD_132406_b
1.268608638,0.9999714,HD_132406_b
1.269242942,0.99997182,HD_132406_b
1.269877564,0.99997219,HD_132406_b
1.270512503,0.99997251,HD_132406_b
1.271147759,0.99997281,HD_132406_b
1.271783333,0.99997307,HD_132406_b
1.272419224,0.99997328,HD_132406_b
1.273055434,0.99997343,HD_132406_b
1.273691962,0.99997349,HD_132406_b
1.274328808,0.99997348,HD_132406_b
1.274965972,0.99997339,HD_132406_b
1.275603455,0.99997325,HD_132406_b
1.276241257,0.99997312,HD_132406_b
1.276879377,0.99997303,HD_132406_b
1.277517817,0.99997302,HD_132406_b
1.278156576,0.99997312,HD_132406_b
1.278795654,0.99997331,HD_132406_b
1.279435052,0.99997359,HD_132406_b
1.28007477,0.99997391,HD_132406_b
1.280714807,0.99997422,HD_132406_b
1.281355164,0.99997444,HD_132406_b
1.281995842,0.99997453,HD_132406_b
1.28263684,0.9999744,HD_132406_b
1.283278158,0.999974,HD_132406_b
1.283919797,0.99997327,HD_132406_b
1.284561757,0.99997216,HD_132406_b
1.285204038,0.99997065,HD_132406_b
1.28584664,0.99996871,HD_132406_b
1.286489564,0.99996636,HD_132406_b
1.287132808,0.99996367,HD_132406_b
1.287776375,0.99996073,HD_132406_b
1.288420263,0.99995764,HD_132406_b
1.289064473,0.99995452,HD_132406_b
1.289709005,0.99995149,HD_132406_b
1.29035386,0.99994857,HD_132406_b
1.290999037,0.99994574,HD_132406_b
1.291644536,0.99994288,HD_132406_b
1.292290359,0.99993976,HD_132406_b
1.292936504,0.99993611,HD_132406_b
1.293582972,0.99993163,HD_132406_b
1.294229763,0.99992608,HD_132406_b
1.294876878,0.99991924,HD_132406_b
1.295524317,0.999911,HD_132406_b
1.296172079,0.99990125,HD_132406_b
1.296820165,0.99988986,HD_132406_b
1.297468575,0.9998766,HD_132406_b
1.298117309,0.99986107,HD_132406_b
1.298766368,0.99984273,HD_132406_b
1.299415751,0.99982094,HD_132406_b
1.300065459,0.99979505,HD_132406_b
1.300715492,0.99976452,HD_132406_b
1.30136585,0.99972902,HD_132406_b
1.302016532,0.99968842,HD_132406_b
1.302667541,0.9996428,HD_132406_b
1.303318875,0.99959231,HD_132406_b
1.303970534,0.99953709,HD_132406_b
1.304622519,0.99947719,HD_132406_b
1.30527483,0.99941254,HD_132406_b
1.305927468,0.99934296,HD_132406_b
1.306580432,0.99926818,HD_132406_b
1.307233722,0.99918775,HD_132406_b
1.307887339,0.99910101,HD_132406_b
1.308541282,0.99900693,HD_132406_b
1.309195553,0.99890402,HD_132406_b
1.309850151,0.99879038,HD_132406_b
1.310505076,0.99866383,HD_132406_b
1.311160328,0.99852223,HD_132406_b
1.311815909,0.99836378,HD_132406_b
1.312471817,0.99818734,HD_132406_b
1.313128052,0.99799272,HD_132406_b
1.313784616,0.99778073,HD_132406_b
1.314441509,0.99755336,HD_132406_b
1.31509873,0.99731379,HD_132406_b
1.315756279,0.99706631,HD_132406_b
1.316414157,0.99681622,HD_132406_b
1.317072364,0.99656942,HD_132406_b
1.3177309,0.99633198,HD_132406_b
1.318389766,0.99610968,HD_132406_b
1.319048961,0.99590779,HD_132406_b
1.319708485,0.99573084,HD_132406_b
1.320368339,0.99558253,HD_132406_b
1.321028524,0.99546527,HD_132406_b
1.321689038,0.99537895,HD_132406_b
1.322349882,0.99531901,HD_132406_b
1.323011057,0.99527386,HD_132406_b
1.323672563,0.99522274,HD_132406_b
1.324334399,0.99513497,HD_132406_b
1.324996566,0.99497188,HD_132406_b
1.325659065,0.99469213,HD_132406_b
1.326321894,0.99426028,HD_132406_b
1.326985055,0.99365735,HD_132406_b
1.327648548,0.99289093,HD_132406_b
1.328312372,0.99200162,HD_132406_b
1.328976528,0.99106246,HD_132406_b
1.329641016,0.99016965,HD_132406_b
1.330305837,0.98942494,HD_132406_b
1.33097099,0.98891363,HD_132406_b
1.331636475,0.98868422,HD_132406_b
1.332302293,0.98873619,HD_132406_b
1.332968445,0.98902036,HD_132406_b
1.333634929,0.98945195,HD_132406_b
1.334301746,0.98993186,HD_132406_b
1.334968897,0.99036947,HD_132406_b
1.335636382,0.9907,HD_132406_b
1.3363042,0.990892,HD_132406_b
1.336972352,0.99094507,HD_132406_b
1.337640838,0.99088033,HD_132406_b
1.338309658,0.99072791,HD_132406_b
1.338978813,0.99051567,HD_132406_b
1.339648303,0.99026138,HD_132406_b
1.340318127,0.98996894,HD_132406_b
1.340988286,0.98962802,HD_132406_b
1.34165878,0.98921669,HD_132406_b
1.342329609,0.98870486,HD_132406_b
1.343000774,0.98805963,HD_132406_b
1.343672275,0.98724979,HD_132406_b
1.344344111,0.98625072,HD_132406_b
1.345016283,0.98504599,HD_132406_b
1.345688791,0.98362549,HD_132406_b
1.346361635,0.98197818,HD_132406_b
1.347034816,0.98008121,HD_132406_b
1.347708334,0.97788863,HD_132406_b
1.348382188,0.97532545,HD_132406_b
1.349056379,0.97229299,HD_132406_b
1.349730907,0.96868634,HD_132406_b
1.350405772,0.9644223,HD_132406_b
1.351080975,0.95946997,HD_132406_b
1.351756516,0.95387303,HD_132406_b
1.352432394,0.94775286,HD_132406_b
1.35310861,0.94128747,HD_132406_b
1.353785165,0.93467028,HD_132406_b
1.354462057,0.92805685,HD_132406_b
1.355139288,0.92151584,HD_132406_b
1.355816858,0.91500172,HD_132406_b
1.356494766,0.90835905,HD_132406_b
1.357173014,0.90136326,HD_132406_b
1.3578516,0.89378879,HD_132406_b
1.358530526,0.88548572,HD_132406_b
1.359209791,0.87644588,HD_132406_b
1.359889396,0.86683605,HD_132406_b
1.360569341,0.85699041,HD_132406_b
1.361249626,0.84736355,HD_132406_b
1.36193025,0.83845797,HD_132406_b
1.362611215,0.83074413,HD_132406_b
1.363292521,0.82459166,HD_132406_b
1.363974167,0.82022364,HD_132406_b
1.364656154,0.81769764,HD_132406_b
1.365338482,0.81691727,HD_132406_b
1.366021152,0.81766905,HD_132406_b
1.366704162,0.81967953,HD_132406_b
1.367387514,0.82268357,HD_132406_b
1.368071208,0.82648211,HD_132406_b
1.368755244,0.83097335,HD_132406_b
1.369439621,0.83614235,HD_132406_b
1.370124341,0.84200441,HD_132406_b
1.370809403,0.84852108,HD_132406_b
1.371494808,0.85551618,HD_132406_b
1.372180555,0.86262448,HD_132406_b
1.372866646,0.8692957,HD_132406_b
1.373553079,0.87485594,HD_132406_b
1.374239856,0.87861019,HD_132406_b
1.374926976,0.87995882,HD_132406_b
1.375614439,0.87849946,HD_132406_b
1.376302246,0.87410116,HD_132406_b
1.376990397,0.86694433,HD_132406_b
1.377678893,0.85753083,HD_132406_b
1.378367732,0.84666212,HD_132406_b
1.379056916,0.83538399,HD_132406_b
1.379746444,0.82488863,HD_132406_b
1.380436318,0.81637773,HD_132406_b
1.381126536,0.81089778,HD_132406_b
1.381817099,0.80917708,HD_132406_b
1.382508008,0.81150202,HD_132406_b
1.383199262,0.81766746,HD_132406_b
1.383890861,0.82701414,HD_132406_b
1.384582807,0.83854977,HD_132406_b
1.385275098,0.8511193,HD_132406_b
1.385967736,0.86358261,HD_132406_b
1.386660719,0.87495861,HD_132406_b
1.38735405,0.88450885,HD_132406_b
1.388047727,0.89176163,HD_132406_b
1.388741751,0.8964923,HD_132406_b
1.389436122,0.8986872,HD_132406_b
1.39013084,0.89851114,HD_132406_b
1.390825905,0.89628682,HD_132406_b
1.391521318,0.89248034,HD_132406_b
1.392217079,0.8876772,HD_132406_b
1.392913187,0.88253899,HD_132406_b
1.393609644,0.87773211,HD_132406_b
1.394306449,0.8738385,HD_132406_b
1.395003602,0.87126658,HD_132406_b
1.395701104,0.8701898,HD_132406_b
1.396398954,0.87053979,HD_132406_b
1.397097154,0.87205829,HD_132406_b
1.397795702,0.87439555,HD_132406_b
1.3984946,0.8772207,HD_132406_b
1.399193847,0.88029824,HD_132406_b
1.399893444,0.88350965,HD_132406_b
1.400593391,0.88682026,HD_132406_b
1.401293688,0.89022257,HD_132406_b
1.401994335,0.89369195,HD_132406_b
1.402695332,0.89717981,HD_132406_b
1.403396679,0.90064054,HD_132406_b
1.404098378,0.90407083,HD_132406_b
1.404800427,0.90753053,HD_132406_b
1.405502827,0.91113223,HD_132406_b
1.406205579,0.91500129,HD_132406_b
1.406908681,0.91922548,HD_132406_b
1.407612136,0.92381392,HD_132406_b
1.408315942,0.92868197,HD_132406_b
1.4090201,0.93366236,HD_132406_b
1.40972461,0.93854017,HD_132406_b
1.410429472,0.94310014,HD_132406_b
1.411134687,0.9471749,HD_132406_b
1.411840254,0.95067952,HD_132406_b
1.412546174,0.95362523,HD_132406_b
1.413252447,0.95610509,HD_132406_b
1.413959074,0.95825844,HD_132406_b
1.414666053,0.96022616,HD_132406_b
1.415373386,0.96211306,HD_132406_b
1.416081073,0.96396995,HD_132406_b
1.416789113,0.96579858,HD_132406_b
1.417497508,0.96757166,HD_132406_b
1.418206257,0.969256,HD_132406_b
1.41891536,0.97082842,HD_132406_b
1.419624817,0.97227958,HD_132406_b
1.42033463,0.97360889,HD_132406_b
1.421044797,0.97481791,HD_132406_b
1.42175532,0.97590477,HD_132406_b
1.422466197,0.97686312,HD_132406_b
1.42317743,0.97768351,HD_132406_b
1.423889019,0.97835414,HD_132406_b
1.424600964,0.9788609,HD_132406_b
1.425313264,0.97918832,HD_132406_b
1.426025921,0.97932303,HD_132406_b
1.426738934,0.97925956,HD_132406_b
1.427452303,0.97900767,HD_132406_b
1.428166029,0.97859743,HD_132406_b
1.428880112,0.97807904,HD_132406_b
1.429594552,0.97751616,HD_132406_b
1.43030935,0.97697437,HD_132406_b
1.431024504,0.97650807,HD_132406_b
1.431740017,0.976151,HD_132406_b
1.432455887,0.97591295,HD_132406_b
1.433172115,0.97578455,HD_132406_b
1.433888701,0.97574694,HD_132406_b
1.434605645,0.97578121,HD_132406_b
1.435322948,0.97587313,HD_132406_b
1.436040609,0.97601042,HD_132406_b
1.43675863,0.97617476,HD_132406_b
1.437477009,0.97633296,HD_132406_b
1.438195747,0.97643409,HD_132406_b
1.438914845,0.97641572,HD_132406_b
1.439634303,0.97621899,HD_132406_b
1.44035412,0.97580825,HD_132406_b
1.441074297,0.97518821,HD_132406_b
1.441794834,0.97441262,HD_132406_b
1.442515731,0.97357998,HD_132406_b
1.443236989,0.97281585,HD_132406_b
1.443958608,0.97224508,HD_132406_b
1.444680587,0.97196124,HD_132406_b
1.445402927,0.97200289,HD_132406_b
1.446125629,0.97234621,HD_132406_b
1.446848692,0.97291812,HD_132406_b
1.447572116,0.97362715,HD_132406_b
1.448295902,0.9743999,HD_132406_b
1.44902005,0.975209,HD_132406_b
1.44974456,0.97607932,HD_132406_b
1.450469432,0.97707089,HD_132406_b
1.451194667,0.97824617,HD_132406_b
1.451920264,0.97963578,HD_132406_b
1.452646224,0.98121757,HD_132406_b
1.453372548,0.98291505,HD_132406_b
1.454099234,0.98461423,HD_132406_b
1.454826283,0.98618921,HD_132406_b
1.455553697,0.98752765,HD_132406_b
1.456281473,0.98854819,HD_132406_b
1.457009614,0.98920843,HD_132406_b
1.457738119,0.98950433,HD_132406_b
1.458466988,0.98946477,HD_132406_b
1.459196222,0.98914322,HD_132406_b
1.45992582,0.98860857,HD_132406_b
1.460655783,0.98793536,HD_132406_b
1.46138611,0.98719378,HD_132406_b
1.462116804,0.98644114,HD_132406_b
1.462847862,0.98571469,HD_132406_b
1.463579286,0.98502867,HD_132406_b
1.464311076,0.9843761,HD_132406_b
1.465043231,0.98373631,HD_132406_b
1.465775753,0.98308734,HD_132406_b
1.466508641,0.9824207,HD_132406_b
1.467241895,0.98175462,HD_132406_b
1.467975516,0.98114027,HD_132406_b
1.468709504,0.98065753,HD_132406_b
1.469443858,0.98039959,HD_132406_b
1.47017858,0.98044924,HD_132406_b
1.47091367,0.98085424,HD_132406_b
1.471649126,0.9816098,HD_132406_b
1.472384951,0.98265492,HD_132406_b
1.473121143,0.98388408,HD_132406_b
1.473857704,0.98517139,HD_132406_b
1.474594633,0.98639924,HD_132406_b
1.47533193,0.98748273,HD_132406_b
1.476069596,0.98838311,HD_132406_b
1.476807631,0.98910771,HD_132406_b
1.477546035,0.98969819,HD_132406_b
1.478284808,0.99021264,HD_132406_b
1.47902395,0.99070718,HD_132406_b
1.479763462,0.99122266,HD_132406_b
1.480503344,0.99177795,HD_132406_b
1.481243596,0.99237039,HD_132406_b
1.481984217,0.99298166,HD_132406_b
1.482725209,0.99358611,HD_132406_b
1.483466572,0.99415938,HD_132406_b
1.484208305,0.99468499,HD_132406_b
1.484950409,0.99515751,HD_132406_b
1.485692885,0.99558175,HD_132406_b
1.486435731,0.99596927,HD_132406_b
1.487178949,0.99633292,HD_132406_b
1.487922538,0.99668226,HD_132406_b
1.4886665,0.99702057,HD_132406_b
1.489410833,0.99734488,HD_132406_b
1.490155538,0.99764788,HD_132406_b
1.490900616,0.99792128,HD_132406_b
1.491646066,0.99815887,HD_132406_b
1.49239189,0.99835851,HD_132406_b
1.493138085,0.99852259,HD_132406_b
1.493884655,0.99865698,HD_132406_b
1.494631597,0.99876923,HD_132406_b
1.495378913,0.9988665,HD_132406_b
1.496126602,0.99895394,HD_132406_b
1.496874665,0.99903383,HD_132406_b
1.497623103,0.99910575,HD_132406_b
1.498371914,0.9991674,HD_132406_b
1.4991211,0.99921605,HD_132406_b
1.499870661,0.99924995,HD_132406_b
1.500620596,0.99926946,HD_132406_b
1.501370906,0.99927741,HD_132406_b
1.502121592,0.99927875,HD_132406_b
1.502872653,0.99927939,HD_132406_b
1.503624089,0.99928487,HD_132406_b
1.504375901,0.99929908,HD_132406_b
1.505128089,0.99932357,HD_132406_b
1.505880653,0.99935763,HD_132406_b
1.506633593,0.99939891,HD_132406_b
1.50738691,0.99944439,HD_132406_b
1.508140604,0.99949121,HD_132406_b
1.508894674,0.99953709,HD_132406_b
1.509649121,0.99958051,HD_132406_b
1.510403946,0.99962049,HD_132406_b
1.511159148,0.99965646,HD_132406_b
1.511914727,0.99968809,HD_132406_b
1.512670685,0.9997153,HD_132406_b
1.51342702,0.99973835,HD_132406_b
1.514183734,0.99975778,HD_132406_b
1.514940825,0.99977442,HD_132406_b
1.515698296,0.99978923,HD_132406_b
1.516456145,0.99980312,HD_132406_b
1.517214373,0.99981676,HD_132406_b
1.51797298,0.99983054,HD_132406_b
1.518731967,0.99984446,HD_132406_b
1.519491333,0.99985823,HD_132406_b
1.520251078,0.99987134,HD_132406_b
1.521011204,0.99988326,HD_132406_b
1.52177171,0.99989354,HD_132406_b
1.522532595,0.99990192,HD_132406_b
1.523293862,0.99990843,HD_132406_b
1.524055509,0.99991334,HD_132406_b
1.524817536,0.99991709,HD_132406_b
1.525579945,0.99992019,HD_132406_b
1.526342735,0.99992315,HD_132406_b
1.527105906,0.99992631,HD_132406_b
1.527869459,0.99992988,HD_132406_b
1.528633394,0.99993388,HD_132406_b
1.529397711,0.9999382,HD_132406_b
1.53016241,0.99994264,HD_132406_b
1.530927491,0.99994698,HD_132406_b
1.531692955,0.99995101,HD_132406_b
1.532458801,0.99995457,HD_132406_b
1.533225031,0.99995756,HD_132406_b
1.533991643,0.99995996,HD_132406_b
1.534758639,0.9999618,HD_132406_b
1.535526018,0.99996314,HD_132406_b
1.536293781,0.9999641,HD_132406_b
1.537061928,0.99996476,HD_132406_b
1.537830459,0.99996521,HD_132406_b
1.538599374,0.99996551,HD_132406_b
1.539368674,0.99996571,HD_132406_b
1.540138358,0.99996583,HD_132406_b
1.540908428,0.99996592,HD_132406_b
1.541678882,0.999966,HD_132406_b
1.542449721,0.99996612,HD_132406_b
1.543220946,0.99996633,HD_132406_b
1.543992556,0.99996667,HD_132406_b
1.544764553,0.99996717,HD_132406_b
1.545536935,0.99996784,HD_132406_b
1.546309704,0.99996866,HD_132406_b
1.547082858,0.99996957,HD_132406_b
1.5478564,0.99997051,HD_132406_b
1.548630328,0.99997142,HD_132406_b
1.549404643,0.99997225,HD_132406_b
1.550179345,0.99997295,HD_132406_b
1.550954435,0.99997354,HD_132406_b
1.551729912,0.99997403,HD_132406_b
1.552505777,0.99997444,HD_132406_b
1.55328203,0.9999748,HD_132406_b
1.554058671,0.99997513,HD_132406_b
1.554835701,0.99997542,HD_132406_b
1.555613118,0.99997563,HD_132406_b
1.556390925,0.99997572,HD_132406_b
1.55716912,0.99997563,HD_132406_b
1.557947705,0.99997534,HD_132406_b
1.558726679,0.99997483,HD_132406_b
1.559506042,0.99997414,HD_132406_b
1.560285795,0.99997333,HD_132406_b
1.561065938,0.99997249,HD_132406_b
1.561846471,0.99997173,HD_132406_b
1.562627394,0.99997114,HD_132406_b
1.563408708,0.99997079,HD_132406_b
1.564190412,0.99997071,HD_132406_b
1.564972508,0.9999709,HD_132406_b
1.565754994,0.99997131,HD_132406_b
1.566537871,0.9999719,HD_132406_b
1.56732114,0.99997261,HD_132406_b
1.568104801,0.9999734,HD_132406_b
1.568888853,0.99997422,HD_132406_b
1.569673298,0.99997504,HD_132406_b
1.570458134,0.99997584,HD_132406_b
1.571243363,0.9999766,HD_132406_b
1.572028985,0.99997729,HD_132406_b
1.572815,0.9999779,HD_132406_b
1.573601407,0.99997842,HD_132406_b
1.574388208,0.99997882,HD_132406_b
1.575175402,0.99997911,HD_132406_b
1.57596299,0.99997929,HD_132406_b
1.576750971,0.99997938,HD_132406_b
1.577539347,0.99997938,HD_132406_b
1.578328116,0.99997931,HD_132406_b
1.57911728,0.99997918,HD_132406_b
1.579906839,0.99997899,HD_132406_b
1.580696792,0.99997876,HD_132406_b
1.581487141,0.99997849,HD_132406_b
1.582277884,0.99997819,HD_132406_b
1.583069023,0.99997787,HD_132406_b
1.583860558,0.99997753,HD_132406_b
1.584652488,0.99997717,HD_132406_b
1.585444814,0.9999768,HD_132406_b
1.586237537,0.9999764,HD_132406_b
1.587030655,0.99997594,HD_132406_b
1.587824171,0.9999754,HD_132406_b
1.588618083,0.99997476,HD_132406_b
1.589412392,0.99997397,HD_132406_b
1.590207098,0.99997302,HD_132406_b
1.591002202,0.99997187,HD_132406_b
1.591797703,0.99997053,HD_132406_b
1.592593602,0.999969,HD_132406_b
1.593389898,0.99996729,HD_132406_b
1.594186593,0.99996543,HD_132406_b
1.594983687,0.99996344,HD_132406_b
1.595781178,0.99996135,HD_132406_b
1.596579069,0.99995918,HD_132406_b
1.597377359,0.99995694,HD_132406_b
1.598176047,0.99995459,HD_132406_b
1.598975135,0.99995213,HD_132406_b
1.599774623,0.99994948,HD_132406_b
1.60057451,0.99994656,HD_132406_b
1.601374797,0.99994325,HD_132406_b
1.602175485,0.99993934,HD_132406_b
1.602976573,0.99993456,HD_132406_b
1.603778061,0.99992853,HD_132406_b
1.60457995,0.99992075,HD_132406_b
1.60538224,0.99991061,HD_132406_b
1.606184931,0.9998974,HD_132406_b
1.606988023,0.99988033,HD_132406_b
1.607791517,0.99985856,HD_132406_b
1.608595413,0.99983124,HD_132406_b
1.609399711,0.99979757,HD_132406_b
1.610204411,0.99975679,HD_132406_b
1.611009513,0.99970823,HD_132406_b
1.611815018,0.99965128,HD_132406_b
1.612620925,0.99958535,HD_132406_b
1.613427236,0.99950976,HD_132406_b
1.614233949,0.99942367,HD_132406_b
1.615041066,0.99932593,HD_132406_b
1.615848587,0.99921496,HD_132406_b
1.616656511,0.9990886,HD_132406_b
1.617464839,0.99894407,HD_132406_b
1.618273572,0.99877785,HD_132406_b
1.619082709,0.99858568,HD_132406_b
1.61989225,0.99836269,HD_132406_b
1.620702196,0.9981034,HD_132406_b
1.621512547,0.99780186,HD_132406_b
1.622323303,0.99745209,HD_132406_b
1.623134465,0.99704805,HD_132406_b
1.623946032,0.99658388,HD_132406_b
1.624758005,0.9960542,HD_132406_b
1.625570384,0.9954536,HD_132406_b
1.62638317,0.99477631,HD_132406_b
1.627196361,0.99401587,HD_132406_b
1.628009959,0.99316436,HD_132406_b
1.628823964,0.99221239,HD_132406_b
1.629638376,0.99114959,HD_132406_b
1.630453195,0.98996595,HD_132406_b
1.631268422,0.98865401,HD_132406_b
1.632084056,0.98721194,HD_132406_b
1.632900098,0.98564719,HD_132406_b
1.633716548,0.98397966,HD_132406_b
1.634533407,0.98224404,HD_132406_b
1.635350673,0.98049063,HD_132406_b
1.636168349,0.97878252,HD_132406_b
1.636986433,0.97718991,HD_132406_b
1.637804926,0.97578125,HD_132406_b
1.638623829,0.97461145,HD_132406_b
1.63944314,0.97371061,HD_132406_b
1.640262862,0.97307522,HD_132406_b
1.641082993,0.97266497,HD_132406_b
1.641903535,0.9724066,HD_132406_b
1.642724487,0.97220483,HD_132406_b
1.643545849,0.97195848,HD_132406_b
1.644367622,0.97157871,HD_132406_b
1.645189806,0.97100635,HD_132406_b
1.646012401,0.97022562,HD_132406_b
1.646835407,0.9692719,HD_132406_b
1.647658824,0.9682319,HD_132406_b
1.648482654,0.96723493,HD_132406_b
1.649306895,0.96643569,HD_132406_b
1.650131549,0.96599052,HD_132406_b
1.650956614,0.96602968,HD_132406_b
1.651782093,0.96663292,HD_132406_b
1.652607984,0.96781202,HD_132406_b
1.653434288,0.9695037,HD_132406_b
1.654261005,0.97157319,HD_132406_b
1.655088135,0.97382523,HD_132406_b
1.65591568,0.97601867,HD_132406_b
1.656743637,0.97788234,HD_132406_b
1.657572009,0.97913183,HD_132406_b
1.658400795,0.97949184,HD_132406_b
1.659229996,0.97872962,HD_132406_b
1.660059611,0.97670183,HD_132406_b
1.66088964,0.9734105,HD_132406_b
1.661720085,0.96905411,HD_132406_b
1.662550945,0.96404952,HD_132406_b
1.663382221,0.95900466,HD_132406_b
1.664213912,0.95463152,HD_132406_b
1.665046019,0.95161117,HD_132406_b
1.665878542,0.95044415,HD_132406_b
1.666711481,0.95133236,HD_132406_b
1.667544837,0.95413203,HD_132406_b
1.668378609,0.95839381,HD_132406_b
1.669212799,0.96347627,HD_132406_b
1.670047405,0.96869557,HD_132406_b
1.670882429,0.9734635,HD_132406_b
1.67171787,0.97737922,HD_132406_b
1.672553729,0.98025999,HD_132406_b
1.673390006,0.98211732,HD_132406_b
1.674226701,0.98310049,HD_132406_b
1.675063814,0.9834303,HD_132406_b
1.675901346,0.98334171,HD_132406_b
1.676739297,0.9830436,HD_132406_b
1.677577666,0.98269751,HD_132406_b
1.678416455,0.98241196,HD_132406_b
1.679255663,0.98224705,HD_132406_b
1.680095291,0.98222483,HD_132406_b
1.680935339,0.98234139,HD_132406_b
1.681775806,0.98257747,HD_132406_b
1.682616694,0.98290622,HD_132406_b
1.683458003,0.98329765,HD_132406_b
1.684299732,0.98372066,HD_132406_b
1.685141882,0.9841448,HD_132406_b
1.685984452,0.98454123,HD_132406_b
1.686827445,0.98488506,HD_132406_b
1.687670858,0.98515804,HD_132406_b
1.688514694,0.98535067,HD_132406_b
1.689358951,0.98546309,HD_132406_b
1.690203631,0.98550385,HD_132406_b
1.691048732,0.98548648,HD_132406_b
1.691894257,0.98542487,HD_132406_b
1.692740204,0.98532806,HD_132406_b
1.693586574,0.9851961,HD_132406_b
1.694433367,0.9850175,HD_132406_b
1.695280584,0.98476888,HD_132406_b
1.696128224,0.98441678,HD_132406_b
1.696976288,0.98392191,HD_132406_b
1.697824777,0.98324477,HD_132406_b
1.698673689,0.98235308,HD_132406_b
1.699523026,0.9812299,HD_132406_b
1.700372787,0.97988197,HD_132406_b
1.701222974,0.97834591,HD_132406_b
1.702073585,0.97669137,HD_132406_b
1.702924622,0.97501912,HD_132406_b
1.703776084,0.97345359,HD_132406_b
1.704627972,0.97212971,HD_132406_b
1.705480286,0.97117588,HD_132406_b
1.706333027,0.97069562,HD_132406_b
1.707186193,0.97075148,HD_132406_b
1.708039786,0.97135443,HD_132406_b
1.708893806,0.97246163,HD_132406_b
1.709748253,0.97398257,HD_132406_b
1.710603127,0.97579198,HD_132406_b
1.711458429,0.97774574,HD_132406_b
1.712314158,0.97969619,HD_132406_b
1.713170315,0.98150384,HD_132406_b
1.7140269,0.98304506,HD_132406_b
1.714883914,0.9842167,HD_132406_b
1.715741355,0.98494007,HD_132406_b
1.716599226,0.98516599,HD_132406_b
1.717457526,0.98488095,HD_132406_b
1.718316255,0.98411288,HD_132406_b
1.719175413,0.98293364,HD_132406_b
1.720035,0.9814557,HD_132406_b
1.720895018,0.97982174,HD_132406_b
1.721755465,0.97818822,HD_132406_b
1.722616343,0.97670593,HD_132406_b
1.723477651,0.9755018,HD_132406_b
1.72433939,0.97466539,HD_132406_b
1.72520156,0.97424278,HD_132406_b
1.726064161,0.97423763,HD_132406_b
1.726927193,0.97461805,HD_132406_b
1.727790656,0.97532677,HD_132406_b
1.728654552,0.97629207,HD_132406_b
1.729518879,0.97743757,HD_132406_b
1.730383638,0.97869003,HD_132406_b
1.73124883,0.9799846,HD_132406_b
1.732114455,0.98126803,HD_132406_b
1.732980512,0.98250011,HD_132406_b
1.733847002,0.98365392,HD_132406_b
1.734713926,0.98471516,HD_132406_b
1.735581282,0.98568063,HD_132406_b
1.736449073,0.98655589,HD_132406_b
1.737317298,0.98735214,HD_132406_b
1.738185956,0.98808242,HD_132406_b
1.739055049,0.98875794,HD_132406_b
1.739924577,0.98938544,HD_132406_b
1.740794539,0.98996637,HD_132406_b
1.741664936,0.99049818,HD_132406_b
1.742535769,0.99097741,HD_132406_b
1.743407037,0.99140311,HD_132406_b
1.74427874,0.99177929,HD_132406_b
1.74515088,0.99211521,HD_132406_b
1.746023455,0.99242338,HD_132406_b
1.746896467,0.99271599,HD_132406_b
1.747769915,0.99300125,HD_132406_b
1.7486438,0.99328114,HD_132406_b
1.749518122,0.99355145,HD_132406_b
1.750392881,0.9938039,HD_132406_b
1.751268077,0.99402954,HD_132406_b
1.752143711,0.99422169,HD_132406_b
1.753019783,0.99437738,HD_132406_b
1.753896293,0.99449686,HD_132406_b
1.754773241,0.99458135,HD_132406_b
1.755650628,0.9946302,HD_132406_b
1.756528453,0.99463878,HD_132406_b
1.757406717,0.99459764,HD_132406_b
1.758285421,0.9944937,HD_132406_b
1.759164564,0.99431241,HD_132406_b
1.760044146,0.9940409,HD_132406_b
1.760924168,0.99367097,HD_132406_b
1.76180463,0.99320146,HD_132406_b
1.762685532,0.9926392,HD_132406_b
1.763566875,0.99199855,HD_132406_b
1.764448658,0.99129906,HD_132406_b
1.765330883,0.99056166,HD_132406_b
1.766213548,0.98980455,HD_132406_b
1.767096655,0.98903978,HD_132406_b
1.767980203,0.9882721,HD_132406_b
1.768864193,0.98750074,HD_132406_b
1.769748626,0.98672417,HD_132406_b
1.7706335,0.98594645,HD_132406_b
1.771518817,0.98518317,HD_132406_b
1.772404576,0.98446441,HD_132406_b
1.773290778,0.98383335,HD_132406_b
1.774177424,0.9833393,HD_132406_b
1.775064512,0.98302707,HD_132406_b
1.775952045,0.98292498,HD_132406_b
1.776840021,0.98303506,HD_132406_b
1.777728441,0.98332857,HD_132406_b
1.778617305,0.98374814,HD_132406_b
1.779506614,0.98421622,HD_132406_b
1.780396367,0.9846471,HD_132406_b
1.781286565,0.98495936,HD_132406_b
1.782177208,0.98508579,HD_132406_b
1.783068297,0.98497972,HD_132406_b
1.783959831,0.98461837,HD_132406_b
1.784851811,0.98400557,HD_132406_b
1.785744237,0.98317512,HD_132406_b
1.786637109,0.98219433,HD_132406_b
1.787530428,0.98116423,HD_132406_b
1.788424193,0.98021213,HD_132406_b
1.789318405,0.97947374,HD_132406_b
1.790213064,0.97906591,HD_132406_b
1.791108171,0.97905735,HD_132406_b
1.792003725,0.97944649,HD_132406_b
1.792899727,0.98015569,HD_132406_b
1.793796176,0.98104553,HD_132406_b
1.794693075,0.98194551,HD_132406_b
1.795590421,0.98269315,HD_132406_b
1.796488216,0.98316816,HD_132406_b
1.79738646,0.98331304,HD_132406_b
1.798285154,0.98313531,HD_132406_b
1.799184296,0.98269183,HD_132406_b
1.800083888,0.98206267,HD_132406_b
1.80098393,0.98132334,HD_132406_b
1.801884422,0.98052255,HD_132406_b
1.802785364,0.97967174,HD_132406_b
1.803686757,0.97874563,HD_132406_b
1.804588601,0.97769262,HD_132406_b
1.805490895,0.97645019,HD_132406_b
1.80639364,0.97496191,HD_132406_b
1.807296837,0.97319264,HD_132406_b
1.808200486,0.97113825,HD_132406_b
1.809104586,0.96882869,HD_132406_b
1.810009138,0.96631798,HD_132406_b
1.810914143,0.96366638,HD_132406_b
1.8118196,0.96091568,HD_132406_b
1.812725509,0.95806831,HD_132406_b
1.813631872,0.95508108,HD_132406_b
1.814538688,0.95187873,HD_132406_b
1.815445958,0.94838816,HD_132406_b
1.816353681,0.94457859,HD_132406_b
1.817261857,0.94049142,HD_132406_b
1.818170488,0.93624057,HD_132406_b
1.819079574,0.9319792,HD_132406_b
1.819989113,0.92784176,HD_132406_b
1.820899108,0.92388707,HD_132406_b
1.821809557,0.92006974,HD_132406_b
1.822720462,0.91625881,HD_132406_b
1.823631822,0.9122956,HD_132406_b
1.824543638,0.9080709,HD_132406_b
1.82545591,0.90358006,HD_132406_b
1.826368638,0.89893293,HD_132406_b
1.827281822,0.89430805,HD_132406_b
1.828195463,0.88986919,HD_132406_b
1.829109561,0.88568007,HD_132406_b
1.830024116,0.88165306,HD_132406_b
1.830939128,0.87755936,HD_132406_b
1.831854597,0.87310014,HD_132406_b
1.832770525,0.86801894,HD_132406_b
1.83368691,0.86221495,HD_132406_b
1.834603753,0.85581635,HD_132406_b
1.835521055,0.84918698,HD_132406_b
1.836438816,0.84286142,HD_132406_b
1.837357035,0.8374242,HD_132406_b
1.838275714,0.83337003,HD_132406_b
1.839194852,0.83098206,HD_132406_b
1.840114449,0.83025711,HD_132406_b
1.841034506,0.83090294,HD_132406_b
1.841955024,0.8324111,HD_132406_b
1.842876001,0.83418974,HD_132406_b
1.843797439,0.83572067,HD_132406_b
1.844719338,0.83669141,HD_132406_b
1.845641697,0.83705306,HD_132406_b
1.846564518,0.83698139,HD_132406_b
1.847487801,0.83675991,HD_132406_b
1.848411544,0.83663482,HD_132406_b
1.84933575,0.83670985,HD_132406_b
1.850260418,0.83692373,HD_132406_b
1.851185548,0.83711056,HD_132406_b
1.852111141,0.83711186,HD_132406_b
1.853037197,0.83688192,HD_132406_b
1.853963715,0.83654672,HD_132406_b
1.854890697,0.83639857,HD_132406_b
1.855818142,0.83683631,HD_132406_b
1.856746052,0.83826701,HD_132406_b
1.857674425,0.840994,HD_132406_b
1.858603262,0.84510421,HD_132406_b
1.859532563,0.8503807,HD_132406_b
1.86046233,0.85626162,HD_132406_b
1.861392561,0.86187849,HD_132406_b
1.862323257,0.86617884,HD_132406_b
1.863254419,0.86812568,HD_132406_b
1.864186046,0.86692387,HD_132406_b
1.865118139,0.86221923,HD_132406_b
1.866050698,0.85421373,HD_132406_b
1.866983723,0.84366368,HD_132406_b
1.867917215,0.83176686,HD_132406_b
1.868851174,0.8199669,HD_132406_b
1.869785599,0.8097247,HD_132406_b
1.870720492,0.8023042,HD_132406_b
1.871655853,0.79861125,HD_132406_b
1.87259168,0.79910313,HD_132406_b
1.873527976,0.80376819,HD_132406_b
1.87446474,0.81216781,HD_132406_b
1.875401973,0.82352145,HD_132406_b
1.876339674,0.83681857,HD_132406_b
1.877277843,0.85094649,HD_132406_b
1.878216482,0.86482478,HD_132406_b
1.879155591,0.87753018,HD_132406_b
1.880095168,0.88839769,HD_132406_b
1.881035216,0.89707848,HD_132406_b
1.881975734,0.90353921,HD_132406_b
1.882916722,0.90800127,HD_132406_b
1.88385818,0.91084004,HD_132406_b
1.884800109,0.91247574,HD_132406_b
1.885742509,0.91328699,HD_132406_b
1.88668538,0.91356862,HD_132406_b
1.887628723,0.9135303,HD_132406_b
1.888572537,0.91331297,HD_132406_b
1.889516824,0.91299725,HD_132406_b
1.890461582,0.91258701,HD_132406_b
1.891406813,0.91197794,HD_132406_b
1.892352516,0.91093806,HD_132406_b
1.893298692,0.90912984,HD_132406_b
1.894245342,0.9061871,HD_132406_b
1.895192464,0.90183518,HD_132406_b
1.896140061,0.89600733,HD_132406_b
1.897088131,0.88891486,HD_132406_b
1.898036675,0.88103675,HD_132406_b
1.898985693,0.87303282,HD_132406_b
1.899935186,0.86561059,HD_132406_b
1.900885154,0.85939519,HD_132406_b
1.901835596,0.854838,HD_132406_b
1.902786514,0.85217779,HD_132406_b
1.903737907,0.85144182,HD_132406_b
1.904689776,0.85246969,HD_132406_b
1.905642121,0.85494854,HD_132406_b
1.906594942,0.85845758,HD_132406_b
1.90754824,0.86253335,HD_132406_b
1.908502014,0.86675362,HD_132406_b
1.909456265,0.87081954,HD_132406_b
1.910410993,0.87460774,HD_132406_b
1.911366198,0.87816386,HD_132406_b
1.912321881,0.88163834,HD_132406_b
1.913278042,0.88518741,HD_132406_b
1.914234681,0.88888855,HD_132406_b
1.915191799,0.8927074,HD_132406_b
1.916149395,0.8965304,HD_132406_b
1.917107469,0.90024137,HD_132406_b
1.918066023,0.90379941,HD_132406_b
1.919025056,0.90727424,HD_132406_b
1.919984569,0.91082203,HD_132406_b
1.920944561,0.9146141,HD_132406_b
1.921905033,0.91875656,HD_132406_b
1.922865986,0.92324054,HD_132406_b
1.923827419,0.92794416,HD_132406_b
1.924789332,0.93268362,HD_132406_b
1.925751727,0.93728104,HD_132406_b
1.926714603,0.94161914,HD_132406_b
1.92767796,0.94565945,HD_132406_b
1.928641799,0.9494228,HD_132406_b
1.92960612,0.95294781,HD_132406_b
1.930570923,0.95625373,HD_132406_b
1.931536209,0.95932439,HD_132406_b
1.932501977,0.96211883,HD_132406_b
1.933468228,0.96460016,HD_132406_b
1.934434962,0.96676387,HD_132406_b
1.935402179,0.96865382,HD_132406_b
1.93636988,0.97035633,HD_132406_b
1.937338065,0.97197671,HD_132406_b
1.938306734,0.97360988,HD_132406_b
1.939275888,0.97531585,HD_132406_b
1.940245526,0.97710916,HD_132406_b
1.941215648,0.97896373,HD_132406_b
1.942186256,0.98082861,HD_132406_b
1.943157349,0.98264739,HD_132406_b
1.944128928,0.9843724,HD_132406_b
1.945100993,0.98597187,HD_132406_b
1.946073543,0.98742974,HD_132406_b
1.94704658,0.9887402,HD_132406_b
1.948020103,0.98990156,HD_132406_b
1.948994113,0.99091235,HD_132406_b
1.94996861,0.9917698,HD_132406_b
1.950943595,0.99247148,HD_132406_b
1.951919066,0.99301713,HD_132406_b
1.952895026,0.99341148,HD_132406_b
1.953871473,0.99366595,HD_132406_b
1.954848409,0.99379951,HD_132406_b
1.955825833,0.99383867,HD_132406_b
1.956803746,0.99381622,HD_132406_b
1.957782148,0.99376857,HD_132406_b
1.958761039,0.99373252,HD_132406_b
1.95974042,0.9937408,HD_132406_b
1.96072029,0.99381783,HD_132406_b
1.96170065,0.99397636,HD_132406_b
1.9626815,0.99421541,HD_132406_b
1.963662841,0.99452079,HD_132406_b
1.964644673,0.99486782,HD_132406_b
1.965626995,0.99522632,HD_132406_b
1.966609808,0.99556655,HD_132406_b
1.967593113,0.9958648,HD_132406_b
1.96857691,0.99610713,HD_132406_b
1.969561198,0.9962903,HD_132406_b
1.970545979,0.99641991,HD_132406_b
1.971531252,0.9965067,HD_132406_b
1.972517017,0.99656241,HD_132406_b
1.973503276,0.99659686,HD_132406_b
1.974490028,0.99661683,HD_132406_b
1.975477273,0.99662684,HD_132406_b
1.976465011,0.99663067,HD_132406_b
1.977453244,0.99663277,HD_132406_b
1.97844197,0.99663847,HD_132406_b
1.979431191,0.99665293,HD_132406_b
1.980420907,0.99667949,HD_132406_b
1.981411117,0.99671826,HD_132406_b
1.982401823,0.99676585,HD_132406_b
1.983393024,0.99681629,HD_132406_b
1.98438472,0.99686301,HD_132406_b
1.985376913,0.99690073,HD_132406_b
1.986369601,0.9969269,HD_132406_b
1.987362786,0.99694185,HD_132406_b
1.988356467,0.9969481,HD_132406_b
1.989350646,0.99694911,HD_132406_b
1.990345321,0.9969481,HD_132406_b
1.991340494,0.99694732,HD_132406_b
1.992336164,0.99694783,HD_132406_b
1.993332332,0.99694977,HD_132406_b
1.994328998,0.99695275,HD_132406_b
1.995326163,0.99695609,HD_132406_b
1.996323826,0.99695902,HD_132406_b
1.997321988,0.99696073,HD_132406_b
1.998320649,0.99696047,HD_132406_b
1.999319809,0.99695772,HD_132406_b
2.000319469,0.99695251,HD_132406_b
2.001319629,0.9969455,HD_132406_b
2.002320288,0.99693801,HD_132406_b
2.003321449,0.99693157,HD_132406_b
2.004323109,0.99692747,HD_132406_b
2.005325271,0.99692618,HD_132406_b
2.006327933,0.996927,HD_132406_b
2.007331097,0.99692813,HD_132406_b
2.008334763,0.99692706,HD_132406_b
2.00933893,0.9969212,HD_132406_b
2.0103436,0.99690856,HD_132406_b
2.011348772,0.99688825,HD_132406_b
2.012354446,0.99686062,HD_132406_b
2.013360623,0.99682716,HD_132406_b
2.014367304,0.99679004,HD_132406_b
2.015374487,0.99675161,HD_132406_b
2.016382174,0.99671386,HD_132406_b
2.017390366,0.9966781,HD_132406_b
2.018399061,0.99664478,HD_132406_b
2.01940826,0.99661354,HD_132406_b
2.020417964,0.99658342,HD_132406_b
2.021428173,0.99655316,HD_132406_b
2.022438887,0.9965216,HD_132406_b
2.023450107,0.99648788,HD_132406_b
2.024461832,0.9964517,HD_132406_b
2.025474063,0.9964133,HD_132406_b
2.0264868,0.99637337,HD_132406_b
2.027500043,0.99633283,HD_132406_b
2.028513793,0.9962926,HD_132406_b
2.02952805,0.99625332,HD_132406_b
2.030542814,0.9962153,HD_132406_b
2.031558086,0.99617843,HD_132406_b
2.032573865,0.99614226,HD_132406_b
2.033590152,0.99610618,HD_132406_b
2.034606947,0.9960695,HD_132406_b
2.03562425,0.9960316,HD_132406_b
2.036642062,0.99599202,HD_132406_b
2.037660383,0.99595049,HD_132406_b
2.038679214,0.99590694,HD_132406_b
2.039698553,0.99586145,HD_132406_b
2.040718402,0.99581421,HD_132406_b
2.041738762,0.99576541,HD_132406_b
2.042759631,0.99571516,HD_132406_b
2.043781011,0.99566349,HD_132406_b
2.044802901,0.99561027,HD_132406_b
2.045825303,0.99555526,HD_132406_b
2.046848215,0.99549815,HD_132406_b
2.04787164,0.99543855,HD_132406_b
2.048895575,0.99537612,HD_132406_b
2.049920023,0.99531054,HD_132406_b
2.050944983,0.99524159,HD_132406_b
2.051970456,0.99516913,HD_132406_b
2.052996441,0.99509318,HD_132406_b
2.054022939,0.99501392,HD_132406_b
2.055049951,0.99493175,HD_132406_b
2.056077476,0.99484727,HD_132406_b
2.057105514,0.99476133,HD_132406_b
2.058134067,0.99467484,HD_132406_b
2.059163134,0.99458869,HD_132406_b
2.060192716,0.99450351,HD_132406_b
2.061222812,0.99441955,HD_132406_b
2.062253423,0.9943366,HD_132406_b
2.06328455,0.99425398,HD_132406_b
2.064316192,0.99417072,HD_132406_b
2.06534835,0.9940857,HD_132406_b
2.066381025,0.99399794,HD_132406_b
2.067414215,0.99390666,HD_132406_b
2.068447922,0.99381142,HD_132406_b
2.069482146,0.99371209,HD_132406_b
2.070516887,0.99360881,HD_132406_b
2.071552146,0.99350197,HD_132406_b
2.072587922,0.99339218,HD_132406_b
2.073624216,0.99328023,HD_132406_b
2.074661028,0.99316701,HD_132406_b
2.075698358,0.99305344,HD_132406_b
2.076736208,0.99294025,HD_132406_b
2.077774576,0.99282788,HD_132406_b
2.078813463,0.99271637,HD_132406_b
2.07985287,0.99260538,HD_132406_b
2.080892796,0.99249432,HD_132406_b
2.081933243,0.99238252,HD_132406_b
2.082974209,0.99226943,HD_132406_b
2.084015696,0.9921547,HD_132406_b
2.085057704,0.99203825,HD_132406_b
2.086100233,0.99192021,HD_132406_b
2.087143283,0.99180087,HD_132406_b
2.088186855,0.99168067,HD_132406_b
2.089230948,0.9915601,HD_132406_b
2.090275564,0.99143976,HD_132406_b
2.091320701,0.99132034,HD_132406_b
2.092366362,0.99120256,HD_132406_b
2.093412545,0.99108721,HD_132406_b
2.094459251,0.99097511,HD_132406_b
2.095506481,0.99086709,HD_132406_b
2.096554234,0.99076406,HD_132406_b
2.097602511,0.99066694,HD_132406_b
2.098651312,0.99057659,HD_132406_b
2.099700638,0.99049372,HD_132406_b
2.100750488,0.99041874,HD_132406_b
2.101800864,0.99035171,HD_132406_b
2.102851764,0.99029231,HD_132406_b
2.10390319,0.99023993,HD_132406_b
2.104955142,0.99019385,HD_132406_b
2.106007619,0.99015342,HD_132406_b
2.107060623,0.9901181,HD_132406_b
2.108114153,0.99008756,HD_132406_b
2.10916821,0.99006147,HD_132406_b
2.110222794,0.99003937,HD_132406_b
2.111277906,0.99002053,HD_132406_b
2.112333545,0.99000386,HD_132406_b
2.113389712,0.98998817,HD_132406_b
2.114446406,0.98997256,HD_132406_b
2.11550363,0.98995691,HD_132406_b
2.116561381,0.98994242,HD_132406_b
2.117619662,0.98993181,HD_132406_b
2.118678472,0.98992911,HD_132406_b
2.119737811,0.98993897,HD_132406_b
2.12079768,0.98996559,HD_132406_b
2.121858079,0.99001167,HD_132406_b
2.122919008,0.99007753,HD_132406_b
2.123980467,0.99016089,HD_132406_b
2.125042458,0.99025723,HD_132406_b
2.126104979,0.99036059,HD_132406_b
2.127168031,0.99046469,HD_132406_b
2.128231615,0.99056388,HD_132406_b
2.129295731,0.99065374,HD_132406_b
2.130360379,0.99073128,HD_132406_b
2.131425559,0.99079472,HD_132406_b
2.132491272,0.99084304,HD_132406_b
2.133557518,0.99087522,HD_132406_b
2.134624296,0.99088972,HD_132406_b
2.135691609,0.99088387,HD_132406_b
2.136759454,0.99085374,HD_132406_b
2.137827834,0.9907943,HD_132406_b
2.138896748,0.99069987,HD_132406_b
2.139966196,0.99056488,HD_132406_b
2.14103618,0.99038451,HD_132406_b
2.142106698,0.99015534,HD_132406_b
2.143177751,0.9898758,HD_132406_b
2.14424934,0.98954645,HD_132406_b
2.145321465,0.98916987,HD_132406_b
2.146394125,0.98875052,HD_132406_b
2.147467322,0.98829384,HD_132406_b
2.148541056,0.98780544,HD_132406_b
2.149615327,0.98729042,HD_132406_b
2.150690134,0.98675254,HD_132406_b
2.151765479,0.98619414,HD_132406_b
2.152841362,0.98561539,HD_132406_b
2.153917783,0.98501404,HD_132406_b
2.154994742,0.98438495,HD_132406_b
2.156072239,0.9837201,HD_132406_b
2.157150275,0.9830092,HD_132406_b
2.15822885,0.982241,HD_132406_b
2.159307965,0.98140492,HD_132406_b
2.160387619,0.98049304,HD_132406_b
2.161467812,0.97950231,HD_132406_b
2.162548546,0.97843705,HD_132406_b
2.163629821,0.97731196,HD_132406_b
2.164711636,0.97615467,HD_132406_b
2.165793991,0.97500742,HD_132406_b
2.166876888,0.9739263,HD_132406_b
2.167960327,0.97297725,HD_132406_b
2.169044307,0.9722288,HD_132406_b
2.170128829,0.97174179,HD_132406_b
2.171213893,0.97155871,HD_132406_b
2.1722995,0.97169505,HD_132406_b
2.17338565,0.97213594,HD_132406_b
2.174472343,0.97283975,HD_132406_b
2.175559579,0.97374739,HD_132406_b
2.176647359,0.97479468,HD_132406_b
2.177735683,0.97592307,HD_132406_b
2.178824551,0.97708598,HD_132406_b
2.179913963,0.97824863,HD_132406_b
2.18100392,0.97938338,HD_132406_b
2.182094422,0.98046242,HD_132406_b
2.183185469,0.98144924,HD_132406_b
2.184277062,0.98229032,HD_132406_b
2.1853692,0.98290626,HD_132406_b
2.186461885,0.98318322,HD_132406_b
2.187555116,0.98296591,HD_132406_b
2.188648893,0.98205544,HD_132406_b
2.189743218,0.98021799,HD_132406_b
2.190838089,0.97720981,HD_132406_b
2.191933508,0.9728237,HD_132406_b
2.193029475,0.96695451,HD_132406_b
2.19412599,0.95967327,HD_132406_b
2.195223053,0.95128965,HD_132406_b
2.196320664,0.94237497,HD_132406_b
2.197418825,0.93372559,HD_132406_b
2.198517534,0.92625734,HD_132406_b
2.199616793,0.9208474,HD_132406_b
2.200716601,0.91816026,HD_132406_b
2.20181696,0.9185046,HD_132406_b
2.202917868,0.92176387,HD_132406_b
2.204019327,0.92741977,HD_132406_b
2.205121337,0.93466034,HD_132406_b
2.206223897,0.9425402,HD_132406_b
2.207327009,0.95014909,HD_132406_b
2.208430673,0.95674959,HD_132406_b
2.209534888,0.96186012,HD_132406_b
2.210639656,0.96527724,HD_132406_b
2.211744975,0.96704691,HD_132406_b
2.212850848,0.96740201,HD_132406_b
2.213957273,0.96668529,HD_132406_b
2.215064252,0.96527435,HD_132406_b
2.216171784,0.96351997,HD_132406_b
2.21727987,0.96170461,HD_132406_b
2.21838851,0.96002232,HD_132406_b
2.219497704,0.95857647,HD_132406_b
2.220607453,0.95738962,HD_132406_b
2.221717757,0.95641903,HD_132406_b
2.222828616,0.9555748,HD_132406_b
2.22394003,0.95473787,HD_132406_b
2.225052,0.95378091,HD_132406_b
2.226164526,0.95258961,HD_132406_b
2.227277608,0.95108413,HD_132406_b
2.228391247,0.94923683,HD_132406_b
2.229505443,0.94708053,HD_132406_b
2.230620195,0.94470442,HD_132406_b
2.231735505,0.94223604,HD_132406_b
2.232851373,0.93981303,HD_132406_b
2.233967799,0.93755092,HD_132406_b
2.235084783,0.93551619,HD_132406_b
2.236202325,0.93371184,HD_132406_b
2.237320426,0.93208089,HD_132406_b
2.238439087,0.93052688,HD_132406_b
2.239558306,0.92894574,HD_132406_b
2.240678085,0.92725768,HD_132406_b
2.241798424,0.9254293,HD_132406_b
2.242919324,0.92347719,HD_132406_b
2.244040783,0.92145253,HD_132406_b
2.245162804,0.91941324,HD_132406_b
2.246285385,0.91739558,HD_132406_b
2.247408528,0.91539652,HD_132406_b
2.248532232,0.91337266,HD_132406_b
2.249656498,0.91125416,HD_132406_b
2.250781326,0.90896603,HD_132406_b
2.251906717,0.90644506,HD_132406_b
2.25303267,0.9036485,HD_132406_b
2.254159187,0.90055612,HD_132406_b
2.255286266,0.89717035,HD_132406_b
2.256413909,0.89352194,HD_132406_b
2.257542116,0.88967916,HD_132406_b
2.258670887,0.88575247,HD_132406_b
2.259800223,0.88188332,HD_132406_b
2.260930123,0.87821458,HD_132406_b
2.262060588,0.87484831,HD_132406_b
2.263191618,0.87180853,HD_132406_b
2.264323214,0.86902683,HD_132406_b
2.265455376,0.86636047,HD_132406_b
2.266588103,0.86363739,HD_132406_b
2.267721397,0.8607141,HD_132406_b
2.268855258,0.85752481,HD_132406_b
2.269989686,0.85410986,HD_132406_b
2.271124681,0.85061363,HD_132406_b
2.272260243,0.84725432,HD_132406_b
2.273396373,0.84427211,HD_132406_b
2.274533071,0.84186885,HD_132406_b
2.275670338,0.8401578,HD_132406_b
2.276808173,0.83914195,HD_132406_b
2.277946577,0.83872684,HD_132406_b
2.27908555,0.83876203,HD_132406_b
2.280225093,0.83908875,HD_132406_b
2.281365206,0.83956919,HD_132406_b
2.282505888,0.84008453,HD_132406_b
2.283647141,0.84050665,HD_132406_b
2.284788965,0.84066697,HD_132406_b
2.285931359,0.8403452,HD_132406_b
2.287074325,0.83928895,HD_132406_b
2.288217862,0.83725738,HD_132406_b
2.289361971,0.83407027,HD_132406_b
2.290506652,0.82964692,HD_132406_b
2.291651905,0.82402621,HD_132406_b
2.292797731,0.81737227,HD_132406_b
2.29394413,0.80997364,HD_132406_b
2.295091102,0.80223915,HD_132406_b
2.296238648,0.79468592,HD_132406_b
2.297386767,0.78791363,HD_132406_b
2.298535461,0.78256065,HD_132406_b
2.299684728,0.77923851,HD_132406_b
2.300834571,0.77845117,HD_132406_b
2.301984988,0.78050636,HD_132406_b
2.30313598,0.78542636,HD_132406_b
2.304287548,0.79287031,HD_132406_b
2.305439692,0.80208716,HD_132406_b
2.306592412,0.81192841,HD_132406_b
2.307745708,0.82094609,HD_132406_b
2.308899581,0.82759832,HD_132406_b
2.310054031,0.83054525,HD_132406_b
2.311209058,0.82898009,HD_132406_b
2.312364662,0.8229037,HD_132406_b
2.313520845,0.81323926,HD_132406_b
2.314677605,0.80171648,HD_132406_b
2.315834944,0.79052684,HD_132406_b
2.316992861,0.78182899,HD_132406_b
2.318151358,0.77725161,HD_132406_b
2.319310434,0.77754301,HD_132406_b
2.320470089,0.78247122,HD_132406_b
2.321630324,0.79098522,HD_132406_b
2.322791139,0.8015605,HD_132406_b
2.323952535,0.81259856,HD_132406_b
2.325114511,0.822758,HD_132406_b
2.326277068,0.83113617,HD_132406_b
2.327440207,0.8372919,HD_132406_b
2.328603927,0.84115109,HD_132406_b
2.329768229,0.8428617,HD_132406_b
2.330933113,0.84266303,HD_132406_b
2.332098579,0.840802,HD_132406_b
2.333264629,0.83750821,HD_132406_b
2.334431261,0.83300549,HD_132406_b
2.335598477,0.82753544,HD_132406_b
2.336766276,0.82136464,HD_132406_b
2.337934659,0.81476415,HD_132406_b
2.339103626,0.80797115,HD_132406_b
2.340273178,0.80114891,HD_132406_b
2.341443315,0.79437239,HD_132406_b
2.342614036,0.78764908,HD_132406_b
2.343785343,0.78097246,HD_132406_b
2.344957236,0.77438481,HD_132406_b
2.346129715,0.76802439,HD_132406_b
2.347302779,0.7621435,HD_132406_b
2.348476431,0.75709277,HD_132406_b
2.349650669,0.75328009,HD_132406_b
2.350825494,0.75111768,HD_132406_b
2.352000907,0.75096331,HD_132406_b
2.353176908,0.75305365,HD_132406_b
2.354353496,0.75742976,HD_132406_b
2.355530673,0.7638604,HD_132406_b
2.356708438,0.7717811,HD_132406_b
2.357886792,0.78027946,HD_132406_b
2.359065736,0.78815143,HD_132406_b
2.360245269,0.7940471,HD_132406_b
2.361425391,0.79669617,HD_132406_b
2.362606104,0.79517821,HD_132406_b
2.363787407,0.78918053,HD_132406_b
2.364969301,0.77917204,HD_132406_b
2.366151785,0.76642961,HD_132406_b
2.367334861,0.75288431,HD_132406_b
2.368518529,0.74079384,HD_132406_b
2.369702788,0.73230654,HD_132406_b
2.370887639,0.72902174,HD_132406_b
2.372073083,0.73166258,HD_132406_b
2.37325912,0.73995204,HD_132406_b
2.374445749,0.75272446,HD_132406_b
2.375632972,0.76823193,HD_132406_b
2.376820789,0.78454954,HD_132406_b
2.378009199,0.79996388,HD_132406_b
2.379198204,0.81324737,HD_132406_b
2.380387803,0.82377509,HD_132406_b
2.381577997,0.83148822,HD_132406_b
2.382768786,0.83675684,HD_132406_b
2.38396017,0.84019964,HD_132406_b
2.38515215,0.84251816,HD_132406_b
2.386344726,0.84437397,HD_132406_b
2.387537899,0.84631519,HD_132406_b
2.388731668,0.84874625,HD_132406_b
2.389926033,0.85192189,HD_132406_b
2.391120996,0.85595624,HD_132406_b
2.392316557,0.86083775,HD_132406_b
2.393512715,0.86644947,HD_132406_b
2.394709471,0.87259656,HD_132406_b
2.395906826,0.8790388,HD_132406_b
2.39710478,0.88552951,HD_132406_b
2.398303332,0.89185591,HD_132406_b
2.399502484,0.89787196,HD_132406_b
2.400702235,0.90351802,HD_132406_b
2.401902586,0.90882128,HD_132406_b
2.403103537,0.91387359,HD_132406_b
2.404305089,0.9187936,HD_132406_b
2.405507242,0.92367944,HD_132406_b
2.406709995,0.92856762,HD_132406_b
2.40791335,0.93341031,HD_132406_b
2.409117307,0.9380754,HD_132406_b
2.410321866,0.94237283,HD_132406_b
2.411527027,0.94609622,HD_132406_b
2.41273279,0.94906839,HD_132406_b
2.413939156,0.9511794,HD_132406_b
2.415146126,0.95240656,HD_132406_b
2.416353699,0.95281557,HD_132406_b
2.417561876,0.95254765,HD_132406_b
2.418770657,0.95179867,HD_132406_b
2.419980042,0.95079566,HD_132406_b
2.421190032,0.94977468,HD_132406_b
2.422400627,0.94895805,HD_132406_b
2.423611828,0.94853007,HD_132406_b
2.424823633,0.9486129,HD_132406_b
2.426036045,0.94924791,HD_132406_b
2.427249063,0.95039064,HD_132406_b
2.428462688,0.95192396,HD_132406_b
2.429676919,0.95368887,HD_132406_b
2.430891758,0.95552499,HD_132406_b
2.432107204,0.95730737,HD_132406_b
2.433323257,0.95896781,HD_132406_b
2.434539919,0.96049441,HD_132406_b
2.435757189,0.96191257,HD_132406_b
2.436975067,0.96325726,HD_132406_b
2.438193555,0.96454883,HD_132406_b
2.439412652,0.96578221,HD_132406_b
2.440632358,0.96693122,HD_132406_b
2.441852674,0.96796451,HD_132406_b
2.4430736,0.96886385,HD_132406_b
2.444295137,0.96963707,HD_132406_b
2.445517285,0.97032058,HD_132406_b
2.446740043,0.97097136,HD_132406_b
2.447963413,0.97165225,HD_132406_b
2.449187395,0.9724158,HD_132406_b
2.450411989,0.97329098,HD_132406_b
2.451637195,0.97427671,HD_132406_b
2.452863013,0.97534248,HD_132406_b
2.454089445,0.97643557,HD_132406_b
2.45531649,0.97749288,HD_132406_b
2.456544148,0.97845377,HD_132406_b
2.45777242,0.97927107,HD_132406_b
2.459001306,0.9799166,HD_132406_b
2.460230807,0.98038119,HD_132406_b
2.461460922,0.98066927,HD_132406_b
2.462691653,0.98079246,HD_132406_b
2.463922999,0.98076605,HD_132406_b
2.46515496,0.98060984,HD_132406_b
2.466387538,0.98035282,HD_132406_b
2.467620731,0.98003663,HD_132406_b
2.468854542,0.9797129,HD_132406_b
2.470088969,0.97943111,HD_132406_b
2.471324013,0.97922032,HD_132406_b
2.472559675,0.97907134,HD_132406_b
2.473795955,0.9789299,HD_132406_b
2.475032853,0.97870686,HD_132406_b
2.47627037,0.9783053,HD_132406_b
2.477508505,0.97765617,HD_132406_b
2.478747259,0.97674937,HD_132406_b
2.479986633,0.97564746,HD_132406_b
2.481226626,0.97447568,HD_132406_b
2.482467239,0.9733912,HD_132406_b
2.483708473,0.97254233,HD_132406_b
2.484950327,0.9720325,HD_132406_b
2.486192802,0.97190108,HD_132406_b
2.487435899,0.97212604,HD_132406_b
2.488679617,0.97264446,HD_132406_b
2.489923957,0.97338055,HD_132406_b
2.491168919,0.97426901,HD_132406_b
2.492414503,0.97526529,HD_132406_b
2.49366071,0.97634098,HD_132406_b
2.494907541,0.97747006,HD_132406_b
2.496154994,0.97861513,HD_132406_b
2.497403072,0.97972063,HD_132406_b
2.498651773,0.98071589,HD_132406_b
2.499901099,0.98152515,HD_132406_b
2.50115105,0.98207822,HD_132406_b
2.502401625,0.98231714,HD_132406_b
2.503652826,0.98219748,HD_132406_b
2.504904653,0.98168714,HD_132406_b
2.506157105,0.98076731,HD_132406_b
2.507410183,0.97943896,HD_132406_b
2.508663889,0.977733,HD_132406_b
2.509918221,0.97572067,HD_132406_b
2.51117318,0.97351584,HD_132406_b
2.512428766,0.97126473,HD_132406_b
2.513684981,0.96911846,HD_132406_b
2.514941823,0.9671954,HD_132406_b
2.516199294,0.96554157,HD_132406_b
2.517457394,0.96410274,HD_132406_b
2.518716122,0.96271976,HD_132406_b
2.51997548,0.96115191,HD_132406_b
2.521235468,0.95912743,HD_132406_b
2.522496086,0.95640823,HD_132406_b
2.523757334,0.95285698,HD_132406_b
2.525019213,0.94848421,HD_132406_b
2.526281722,0.94346499,HD_132406_b
2.527544863,0.93811224,HD_132406_b
2.528808636,0.93280927,HD_132406_b
2.53007304,0.92791139,HD_132406_b
2.531338076,0.9236443,HD_132406_b
2.532603745,0.9200287,HD_132406_b
2.533870047,0.91686005,HD_132406_b
2.535136982,0.91375697,HD_132406_b
2.536404551,0.91027141,HD_132406_b
2.537672753,0.90602785,HD_132406_b
2.538941589,0.90085215,HD_132406_b
2.54021106,0.89484843,HD_132406_b
2.541481166,0.88839634,HD_132406_b
2.542751906,0.88207014,HD_132406_b
2.544023282,0.87649844,HD_132406_b
2.545295294,0.87220282,HD_132406_b
2.546567942,0.86944639,HD_132406_b
2.547841226,0.86812822,HD_132406_b
2.549115146,0.86774178,HD_132406_b
2.550389704,0.86740415,HD_132406_b
2.551664899,0.86596661,HD_132406_b
2.552940731,0.8622027,HD_132406_b
2.554217201,0.85504927,HD_132406_b
2.55549431,0.84386117,HD_132406_b
2.556772057,0.82861197,HD_132406_b
2.558050443,0.80996487,HD_132406_b
2.559329468,0.78917954,HD_132406_b
2.560609133,0.7678528,HD_132406_b
2.561889438,0.74757007,HD_132406_b
2.563170382,0.72957165,HD_132406_b
2.564451968,0.7145379,HD_132406_b
2.565734194,0.70255032,HD_132406_b
2.567017061,0.69321331,HD_132406_b
2.568300569,0.68586347,HD_132406_b
2.56958472,0.67977103,HD_132406_b
2.570869512,0.67426261,HD_132406_b
2.572154947,0.66875002,HD_132406_b
2.573441024,0.66270237,HD_132406_b
2.574727745,0.65562572,HD_132406_b
2.576015108,0.64709769,HD_132406_b
2.577303116,0.63686442,HD_132406_b
2.578591768,0.6249521,HD_132406_b
2.579881063,0.6117268,HD_132406_b
2.581171004,0.59784571,HD_132406_b
2.58246159,0.58409666,HD_132406_b
2.58375282,0.57117728,HD_132406_b
2.585044697,0.55951365,HD_132406_b
2.586337219,0.5491944,HD_132406_b
2.587630388,0.54005898,HD_132406_b
2.588924203,0.53188604,HD_132406_b
2.590218665,0.52458107,HD_132406_b
2.591513774,0.51825098,HD_132406_b
2.592809531,0.51311163,HD_132406_b
2.594105936,0.50927058,HD_132406_b
2.595402989,0.50650986,HD_132406_b
2.59670069,0.50420529,HD_132406_b
2.597999041,0.50146665,HD_132406_b
2.59929804,0.49746293,HD_132406_b
2.600597689,0.4917836,HD_132406_b
2.601897988,0.4846613,HD_132406_b
2.603198937,0.4769284,HD_132406_b
2.604500537,0.46971316,HD_132406_b
2.605802787,0.46400573,HD_132406_b
2.607105688,0.46029253,HD_132406_b
2.608409241,0.45842648,HD_132406_b
2.609713446,0.45778748,HD_132406_b
2.611018302,0.45765727,HD_132406_b
2.612323812,0.45762192,HD_132406_b
2.613629974,0.45781788,HD_132406_b
2.614936789,0.45889024,HD_132406_b
2.616244257,0.46168065,HD_132406_b
2.617552379,0.46678025,HD_132406_b
2.618861155,0.47415586,HD_132406_b
2.620170586,0.48304162,HD_132406_b
2.621480671,0.49217356,HD_132406_b
2.622791411,0.50029987,HD_132406_b
2.624102807,0.50677087,HD_132406_b
2.625414859,0.51196056,HD_132406_b
2.626727566,0.5173291,HD_132406_b
2.62804093,0.52506798,HD_132406_b
2.62935495,0.53743105,HD_132406_b
2.630669628,0.55597909,HD_132406_b
2.631984962,0.58099341,HD_132406_b
2.633300955,0.61126119,HD_132406_b
2.634617605,0.64430203,HD_132406_b
2.635934914,0.67695188,HD_132406_b
2.637252882,0.70611616,HD_132406_b
2.638571508,0.72944833,HD_132406_b
2.639890794,0.74576597,HD_132406_b
2.641210739,0.75509802,HD_132406_b
2.642531345,0.75840357,HD_132406_b
2.64385261,0.75709092,HD_132406_b
2.645174537,0.75251849,HD_132406_b
2.646497124,0.74563051,HD_132406_b
2.647820372,0.73681082,HD_132406_b
2.649144283,0.72593455,HD_132406_b
2.650468855,0.71254679,HD_132406_b
2.651794089,0.6960642,HD_132406_b
2.653119986,0.67593719,HD_132406_b
2.654446546,0.65176093,HD_132406_b
2.65577377,0.62335683,HD_132406_b
2.657101656,0.59086535,HD_132406_b
2.658430207,0.55484846,HD_132406_b
2.659759422,0.51637728,HD_132406_b
2.661089302,0.47705165,HD_132406_b
2.662419847,0.43889358,HD_132406_b
2.663751057,0.40411697,HD_132406_b
2.665082932,0.37480579,HD_132406_b
2.666415474,0.35259171,HD_132406_b
2.667748681,0.33843092,HD_132406_b
2.669082556,0.33254787,HD_132406_b
2.670417097,0.33455724,HD_132406_b
2.671752306,0.34370088,HD_132406_b
2.673088182,0.35909612,HD_132406_b
2.674424726,0.37988497,HD_132406_b
2.675761938,0.40523999,HD_132406_b
2.677099819,0.43423863,HD_132406_b
2.678438369,0.46570039,HD_132406_b
2.679777588,0.49808941,HD_132406_b
2.681117477,0.52955532,HD_132406_b
2.682458036,0.55812821,HD_132406_b
2.683799265,0.58201821,HD_132406_b
2.685141164,0.59993871,HD_132406_b
2.686483735,0.61137407,HD_132406_b
2.687826977,0.61672625,HD_132406_b
2.68917089,0.6172973,HD_132406_b
2.690515476,0.61509121,HD_132406_b
2.691860734,0.61244105,HD_132406_b
2.693206664,0.6115185,HD_132406_b
2.694553267,0.61383193,HD_132406_b
2.695900544,0.61984477,HD_132406_b
2.697248494,0.6288373,HD_132406_b
2.698597118,0.63907725,HD_132406_b
2.699946417,0.64826405,HD_132406_b
2.70129639,0.65413519,HD_132406_b
2.702647038,0.65505707,HD_132406_b
2.703998362,0.65043084,HD_132406_b
2.705350361,0.64078744,HD_132406_b
2.706703036,0.62754353,HD_132406_b
2.708056388,0.61250142,HD_132406_b
2.709410416,0.59726961,HD_132406_b
2.710765121,0.5828213,HD_132406_b
2.712120504,0.56936849,HD_132406_b
2.713476564,0.55660525,HD_132406_b
2.714833302,0.54421746,HD_132406_b
2.716190719,0.53243176,HD_132406_b
2.717548814,0.52234795,HD_132406_b
2.718907589,0.51587458,HD_132406_b
2.720267042,0.51525225,HD_132406_b
2.721627176,0.5223137,HD_132406_b
2.72298799,0.53774136,HD_132406_b
2.724349484,0.56058889,HD_132406_b
2.725711658,0.58824709,HD_132406_b
2.727074514,0.61688394,HD_132406_b
2.728438051,0.64224831,HD_132406_b
2.72980227,0.66061789,HD_132406_b
2.731167172,0.66963738,HD_132406_b
2.732532755,0.66884331,HD_132406_b
2.733899021,0.65974521,HD_132406_b
2.735265971,0.64545882,HD_132406_b
2.736633604,0.62998505,HD_132406_b
2.738001921,0.61730349,HD_132406_b
2.739370922,0.61049373,HD_132406_b
2.740740607,0.61108939,HD_132406_b
2.742110978,0.61881661,HD_132406_b
2.743482033,0.63177275,HD_132406_b
2.744853774,0.6469955,HD_132406_b
2.746226201,0.66125576,HD_132406_b
2.747599314,0.6718506,HD_132406_b
2.748973114,0.67718344,HD_132406_b
2.7503476,0.67698284,HD_132406_b
2.751722774,0.67214294,HD_132406_b
2.753098635,0.66428058,HD_132406_b
2.754475185,0.65518955,HD_132406_b
2.755852422,0.64638558,HD_132406_b
2.757230349,0.63887178,HD_132406_b
2.758608964,0.63315318,HD_132406_b
2.759988268,0.62942893,HD_132406_b
2.761368262,0.62782536,HD_132406_b
2.762748946,0.62854109,HD_132406_b
2.764130321,0.63184394,HD_132406_b
2.765512386,0.63793425,HD_132406_b
2.766895142,0.64676692,HD_132406_b
2.76827859,0.65792562,HD_132406_b
2.769662729,0.67062579,HD_132406_b
2.771047561,0.68385216,HD_132406_b
2.772433084,0.69657742,HD_132406_b
2.773819301,0.70798555,HD_132406_b
2.77520621,0.71761902,HD_132406_b
2.776593814,0.72541814,HD_132406_b
2.777982111,0.73165712,HD_132406_b
2.779371102,0.73682655,HD_132406_b
2.780760787,0.74151331,HD_132406_b
2.782151168,0.74630916,HD_132406_b
2.783542243,0.75174941,HD_132406_b
2.784934014,0.75825218,HD_132406_b
2.786326481,0.76604101,HD_132406_b
2.787719644,0.77505326,HD_132406_b
2.789113504,0.7848665,HD_132406_b
2.790508061,0.79469599,HD_132406_b
2.791903315,0.80350062,HD_132406_b
2.793299267,0.81019448,HD_132406_b
2.794695916,0.81392454,HD_132406_b
2.796093264,0.81433553,HD_132406_b
2.797491311,0.81174214,HD_132406_b
2.798890057,0.80714412,HD_132406_b
2.800289502,0.80206044,HD_132406_b
2.801689646,0.79820702,HD_132406_b
2.803090491,0.79709964,HD_132406_b
2.804492036,0.79969009,HD_132406_b
2.805894282,0.80614424,HD_132406_b
2.80729723,0.81583439,HD_132406_b
2.808700878,0.82754713,HD_132406_b
2.810105229,0.83983725,HD_132406_b
2.811510281,0.85141528,HD_132406_b
2.812916036,0.8614475,HD_132406_b
2.814322494,0.86968914,HD_132406_b
2.815729656,0.87642984,HD_132406_b
2.817137521,0.88228992,HD_132406_b
2.818546089,0.8879456,HD_132406_b
2.819955362,0.89387107,HD_132406_b
2.82136534,0.90016682,HD_132406_b
2.822776023,0.90652218,HD_132406_b
2.824187411,0.91230918,HD_132406_b
2.825599504,0.91678123,HD_132406_b
2.827012304,0.91931531,HD_132406_b
2.82842581,0.91962575,HD_132406_b
2.829840023,0.91789031,HD_132406_b
2.831254943,0.91474621,HD_132406_b
2.832670571,0.91115678,HD_132406_b
2.834086906,0.90818209,HD_132406_b
2.835503949,0.90671838,HD_132406_b
2.836921701,0.90727678,HD_132406_b
2.838340162,0.9098645,HD_132406_b
2.839759332,0.91399808,HD_132406_b
2.841179212,0.91884398,HD_132406_b
2.842599802,0.92344375,HD_132406_b
2.844021101,0.926963,HD_132406_b
2.845443112,0.92889469,HD_132406_b
2.846865834,0.9291697,HD_132406_b
2.848289267,0.92815024,HD_132406_b
2.849713411,0.92651468,HD_132406_b
2.851138268,0.9250707,HD_132406_b
2.852563837,0.92454689,HD_132406_b
2.853990119,0.9254176,HD_132406_b
2.855417114,0.92780073,HD_132406_b
2.856844823,0.93144996,HD_132406_b
2.858273245,0.93583506,HD_132406_b
2.859702382,0.94028461,HD_132406_b
2.861132233,0.94415188,HD_132406_b
2.862562799,0.94696302,HD_132406_b
2.86399408,0.94851648,HD_132406_b
2.865426077,0.94891407,HD_132406_b
2.86685879,0.94852088,HD_132406_b
2.86829222,0.94786645,HD_132406_b
2.869726366,0.94751136,HD_132406_b
2.871161229,0.94791506,HD_132406_b
2.87259681,0.94933447,HD_132406_b
2.874033108,0.95178089,HD_132406_b
2.875470125,0.95504037,HD_132406_b
2.87690786,0.95874903,HD_132406_b
2.878346314,0.96249608,HD_132406_b
2.879785487,0.96592545,HD_132406_b
2.881225379,0.96880717,HD_132406_b
2.882665992,0.97106406,HD_132406_b
2.884107325,0.97274959,HD_132406_b
2.885549379,0.9739896,HD_132406_b
2.886992154,0.97491007,HD_132406_b
2.88843565,0.97557319,HD_132406_b
2.889879867,0.97594749,HD_132406_b
2.891324807,0.97592198,HD_132406_b
2.89277047,0.97536243,HD_132406_b
2.894216855,0.97418984,HD_132406_b
2.895663963,0.97245215,HD_132406_b
2.897111795,0.97035936,HD_132406_b
2.898560351,0.96826393,HD_132406_b
2.900009631,0.96658793,HD_132406_b
2.901459636,0.96571749,HD_132406_b
2.902910366,0.96589857,HD_132406_b
2.904361821,0.96716941,HD_132406_b
2.905814002,0.96934859,HD_132406_b
2.907266909,0.97208127,HD_132406_b
2.908720543,0.97492551,HD_132406_b
2.910174903,0.97745146,HD_132406_b
2.91162999,0.97932608,HD_132406_b
2.913085805,0.98036721,HD_132406_b
2.914542348,0.98056233,HD_132406_b
2.915999619,0.98005612,HD_132406_b
2.917457619,0.97911449,HD_132406_b
2.918916348,0.9780722,HD_132406_b
2.920375806,0.97727004,HD_132406_b
2.921835994,0.97699063,HD_132406_b
2.923296912,0.97740291,HD_132406_b
2.924758561,0.97852967,HD_132406_b
2.92622094,0.98024717,HD_132406_b
2.92768405,0.98231804,HD_132406_b
2.929147892,0.98444829,HD_132406_b
2.930612466,0.9863513,HD_132406_b
2.932077773,0.98780105,HD_132406_b
2.933543811,0.98866285,HD_132406_b
2.935010583,0.98889966,HD_132406_b
2.936478089,0.98855844,HD_132406_b
2.937946328,0.98774813,HD_132406_b
2.939415301,0.98661589,HD_132406_b
2.940885009,0.98532685,HD_132406_b
2.942355451,0.98404788,HD_132406_b
2.943826629,0.9829328,HD_132406_b
2.945298542,0.98210885,HD_132406_b
2.946771191,0.98166503,HD_132406_b
2.948244577,0.98164414,HD_132406_b
2.949718699,0.98203943,HD_132406_b
2.951193559,0.98279601,HD_132406_b
2.952669155,0.98381457,HD_132406_b
2.95414549,0.98495615,HD_132406_b
2.955622563,0.98604855,HD_132406_b
2.957100374,0.98689795,HD_132406_b
2.958578924,0.98730897,HD_132406_b
2.960058214,0.98711586,HD_132406_b
2.961538243,0.98622124,HD_132406_b
2.963019012,0.98463339,HD_132406_b
2.964500521,0.98248921,HD_132406_b
2.965982772,0.98005052,HD_132406_b
2.967465763,0.97766806,HD_132406_b
2.968949496,0.97571737,HD_132406_b
2.970433971,0.97452211,HD_132406_b
2.971919188,0.97428654,HD_132406_b
2.973405147,0.97505729,HD_132406_b
2.97489185,0.97672484,HD_132406_b
2.976379296,0.9790615,HD_132406_b
2.977867485,0.98178077,HD_132406_b
2.979356419,0.98459767,HD_132406_b
2.980846097,0.98727413,HD_132406_b
2.98233652,0.98964086,HD_132406_b
2.983827689,0.99159856,HD_132406_b
2.985319602,0.99310629,HD_132406_b
2.986812262,0.99416642,HD_132406_b
2.988305668,0.99481218,HD_132406_b
2.989799821,0.99509962,HD_132406_b
2.991294721,0.99510149,HD_132406_b
2.992790368,0.99490096,HD_132406_b
2.994286764,0.99458292,HD_132406_b
2.995783907,0.99422326,HD_132406_b
2.997281799,0.99387912,HD_132406_b
2.99878044,0.99358244,HD_132406_b
3.00027983,0.99333869,HD_132406_b
3.00177997,0.9931301,HD_132406_b
3.00328086,0.99292114,HD_132406_b
3.0047825,0.99266416,HD_132406_b
3.006284892,0.99230405,HD_132406_b
3.007788034,0.99178383,HD_132406_b
3.009291928,0.99105367,HD_132406_b
3.010796574,0.99008477,HD_132406_b
3.012301972,0.98888609,HD_132406_b
3.013808123,0.9875176,HD_132406_b
3.015315027,0.98609216,HD_132406_b
3.016822685,0.98476024,HD_132406_b
3.018331096,0.9836773,HD_132406_b
3.019840262,0.98296178,HD_132406_b
3.021350182,0.98265636,HD_132406_b
3.022860857,0.98270786,HD_132406_b
3.024372288,0.98297372,HD_132406_b
3.025884474,0.98325773,HD_132406_b
3.027397416,0.98336299,HD_132406_b
3.028911115,0.98314789,HD_132406_b
3.03042557,0.98256566,HD_132406_b
3.031940783,0.98167444,HD_132406_b
3.033456753,0.9806136,HD_132406_b
3.034973482,0.97955307,HD_132406_b
3.036490968,0.97863211,HD_132406_b
3.038009214,0.9779081,HD_132406_b
3.039528219,0.97733292,HD_132406_b
3.041047983,0.97676731,HD_132406_b
3.042568507,0.97602916,HD_132406_b
3.044089791,0.97496266,HD_132406_b
3.045611836,0.97350413,HD_132406_b
3.047134642,0.97172372,HD_132406_b
3.048658209,0.96982623,HD_132406_b
3.050182538,0.96810813,HD_132406_b
3.051707629,0.966882,HD_132406_b
3.053233483,0.96639029,HD_132406_b
3.0547601,0.9667346,HD_132406_b
3.05628748,0.96784371,HD_132406_b
3.057815624,0.96948973,HD_132406_b
3.059344532,0.97134694,HD_132406_b
3.060874204,0.97307474,HD_132406_b
3.062404641,0.97439848,HD_132406_b
3.063935843,0.97516582,HD_132406_b
3.065467811,0.97536425,HD_132406_b
3.067000545,0.97510057,HD_132406_b
3.068534045,0.9745524,HD_132406_b
3.070068312,0.97391038,HD_132406_b
3.071603347,0.97332959,HD_132406_b
3.073139148,0.97290308,HD_132406_b
3.074675718,0.97266106,HD_132406_b
3.076213056,0.97259042,HD_132406_b
3.077751162,0.97266068,HD_132406_b
3.079290038,0.97284421,HD_132406_b
3.080829683,0.97312273,HD_132406_b
3.082370098,0.97348139,HD_132406_b
3.083911283,0.97389806,HD_132406_b
3.085453238,0.97433757,HD_132406_b
3.086995965,0.97475504,HD_132406_b
3.088539463,0.97510525,HD_132406_b
3.090083733,0.97535239,HD_132406_b
3.091628774,0.97547094,HD_132406_b
3.093174589,0.97543815,HD_132406_b
3.094721176,0.97522244,HD_132406_b
3.096268537,0.97477678,HD_132406_b
3.097816671,0.97404521,HD_132406_b
3.099365579,0.97298287,HD_132406_b
3.100915262,0.97158407,HD_132406_b
3.10246572,0.96990758,HD_132406_b
3.104016953,0.96808723,HD_132406_b
3.105568961,0.96632248,HD_132406_b
3.107121746,0.96484771,HD_132406_b
3.108675306,0.96388838,HD_132406_b
3.110229644,0.96361245,HD_132406_b
3.111784759,0.96408942,HD_132406_b
3.113340651,0.96526721,HD_132406_b
3.114897322,0.96697441,HD_132406_b
3.11645477,0.96895275,HD_132406_b
3.118012998,0.97091237,HD_132406_b
3.119572004,0.97259998,HD_132406_b
3.12113179,0.97385834,HD_132406_b
3.122692356,0.97465718,HD_132406_b
3.124253702,0.97508274,HD_132406_b
3.125815829,0.97528752,HD_132406_b
3.127378737,0.9754173,HD_132406_b
3.128942426,0.97554334,HD_132406_b
3.130506898,0.97562501,HD_132406_b
3.132072151,0.97551887,HD_132406_b
3.133638187,0.97503037,HD_132406_b
3.135205006,0.97398939,HD_132406_b
3.136772609,0.97232386,HD_132406_b
3.138340995,0.97010389,HD_132406_b
3.139910166,0.96754471,HD_132406_b
3.141480121,0.96496584,HD_132406_b
3.143050861,0.96271764,HD_132406_b
3.144622386,0.96109687,HD_132406_b
3.146194697,0.9602722,HD_132406_b
3.147767795,0.96024084,HD_132406_b
3.149341679,0.96082667,HD_132406_b
3.150916349,0.96171986,HD_132406_b
3.152491808,0.96254339,HD_132406_b
3.154068053,0.96293027,HD_132406_b
3.155645088,0.96258451,HD_132406_b
3.15722291,0.96131993,HD_132406_b
3.158801521,0.95906838,HD_132406_b
3.160380922,0.95586399,HD_132406_b
3.161961113,0.95181197,HD_132406_b
3.163542093,0.94705273,HD_132406_b
3.165123864,0.94172542,HD_132406_b
3.166706426,0.93594238,HD_132406_b
3.168289779,0.9297747,HD_132406_b
3.169873924,0.9232518,HD_132406_b
3.171458861,0.9163747,HD_132406_b
3.173044591,0.90913665,HD_132406_b
3.174631113,0.90154816,HD_132406_b
3.176218429,0.89366286,HD_132406_b
3.177806538,0.88559371,HD_132406_b
3.179395441,0.87751427,HD_132406_b
3.180985139,0.86963723,HD_132406_b
3.182575631,0.86216858,HD_132406_b
3.184166919,0.85525127,HD_132406_b
3.185759003,0.84892183,HD_132406_b
3.187351882,0.84309603,HD_132406_b
3.188945558,0.83759348,HD_132406_b
3.190540031,0.83219145,HD_132406_b
3.192135301,0.82667817,HD_132406_b
3.193731369,0.82089136,HD_132406_b
3.195328234,0.81472912,HD_132406_b
3.196925898,0.80813698,HD_132406_b
3.198524361,0.80108793,HD_132406_b
3.200123623,0.79357034,HD_132406_b
3.201723685,0.78558647,HD_132406_b
3.203324547,0.77716973,HD_132406_b
3.204926209,0.76840511,HD_132406_b
3.206528673,0.75944095,HD_132406_b
3.208131937,0.75047764,HD_132406_b
3.209736003,0.74173107,HD_132406_b
3.211340871,0.73337947,HD_132406_b
3.212946541,0.72552147,HD_132406_b
3.214553015,0.71816382,HD_132406_b
3.216160291,0.71124503,HD_132406_b
3.217768371,0.70467854,HD_132406_b
3.219377255,0.69839154,HD_132406_b
3.220986944,0.69233986,HD_132406_b
3.222597437,0.68649707,HD_132406_b
3.224208736,0.68083248,HD_132406_b
3.225820841,0.67529256,HD_132406_b
3.227433751,0.66979432,HD_132406_b
3.229047468,0.66423497,HD_132406_b
3.230661992,0.65851543,HD_132406_b
3.232277323,0.65257663,HD_132406_b
3.233893461,0.6464436,HD_132406_b
3.235510408,0.64025645,HD_132406_b
3.237128163,0.63426522,HD_132406_b
3.238746727,0.62878047,HD_132406_b
3.240366101,0.62408687,HD_132406_b
3.241986284,0.62035746,HD_132406_b
3.243607277,0.61760983,HD_132406_b
3.24522908,0.61571672,HD_132406_b
3.246851695,0.61446112,HD_132406_b
3.248475121,0.61360975,HD_132406_b
3.250099358,0.6129744,HD_132406_b
3.251724408,0.61245366,HD_132406_b
3.25335027,0.61206154,HD_132406_b
3.254976945,0.61193614,HD_132406_b
3.256604434,0.61232169,HD_132406_b
3.258232736,0.61352104,HD_132406_b
3.259861852,0.61582545,HD_132406_b
3.261491783,0.61945082,HD_132406_b
3.263122529,0.62451671,HD_132406_b
3.264754091,0.63106748,HD_132406_b
3.266386468,0.63911192,HD_132406_b
3.268019661,0.64864298,HD_132406_b
3.269653671,0.65961077,HD_132406_b
3.271288497,0.67186707,HD_132406_b
3.272924142,0.68512348,HD_132406_b
3.274560604,0.69896016,HD_132406_b
3.276197884,0.71288408,HD_132406_b
3.277835983,0.72640945,HD_132406_b
3.279474901,0.73911037,HD_132406_b
3.281114638,0.75063299,HD_132406_b
3.282755196,0.7606781,HD_132406_b
3.284396573,0.76898503,HD_132406_b
3.286038772,0.77533131,HD_132406_b
3.287681791,0.77954266,HD_132406_b
3.289325632,0.78147824,HD_132406_b
3.290970295,0.78097967,HD_132406_b
3.29261578,0.77778723,HD_132406_b
3.294262088,0.77145308,HD_132406_b
3.295909219,0.76128738,HD_132406_b
3.297557173,0.74636774,HD_132406_b
3.299205952,0.72562148,HD_132406_b
3.300855555,0.69799406,HD_132406_b
3.302505983,0.66270794,HD_132406_b
3.304157236,0.61958838,HD_132406_b
3.305809314,0.5694049,HD_132406_b
3.307462219,0.51412737,HD_132406_b
3.30911595,0.45697757,HD_132406_b
3.310770508,0.40219315,HD_132406_b
3.312425893,0.35450348,HD_132406_b
3.314082106,0.31841431,HD_132406_b
3.315739147,0.29746432,HD_132406_b
3.317397017,0.29364293,HD_132406_b
3.319055716,0.30709814,HD_132406_b
3.320715243,0.33617876,HD_132406_b
3.322375601,0.37777456,HD_132406_b
3.324036789,0.4278521,HD_132406_b
3.325698807,0.48206236,HD_132406_b
3.327361657,0.53629952,HD_132406_b
3.329025337,0.58713018,HD_132406_b
3.33068985,0.63203339,HD_132406_b
3.332355195,0.66945855,HD_132406_b
3.334021373,0.69874113,HD_132406_b
3.335688383,0.7199454,HD_132406_b
3.337356227,0.73369486,HD_132406_b
3.339024906,0.74102191,HD_132406_b
3.340694418,0.74322856,HD_132406_b
3.342364765,0.74173134,HD_132406_b
3.344035948,0.73788728,HD_132406_b
3.345707966,0.73282727,HD_132406_b
3.34738082,0.72735491,HD_132406_b
3.34905451,0.72194516,HD_132406_b
3.350729037,0.71683392,HD_132406_b
3.352404402,0.71213912,HD_132406_b
3.354080604,0.7079385,HD_132406_b
3.355757644,0.70426901,HD_132406_b
3.357435523,0.70107754,HD_132406_b
3.359114241,0.69819206,HD_132406_b
3.360793798,0.69536457,HD_132406_b
3.362474195,0.69238533,HD_132406_b
3.364155432,0.68919996,HD_132406_b
3.36583751,0.68594774,HD_132406_b
3.367520428,0.68288479,HD_132406_b
3.369204189,0.68023217,HD_132406_b
3.370888791,0.67804221,HD_132406_b
3.372574235,0.67616783,HD_132406_b
3.374260522,0.67435011,HD_132406_b
3.375947653,0.67237194,HD_132406_b
3.377635626,0.67018419,HD_132406_b
3.379324444,0.66793741,HD_132406_b
3.381014106,0.66592002,HD_132406_b
3.382704613,0.66445979,HD_132406_b
3.384395966,0.66385267,HD_132406_b
3.386088164,0.66433596,HD_132406_b
3.387781208,0.66609027,HD_132406_b
3.389475098,0.66921794,HD_132406_b
3.391169836,0.67368222,HD_132406_b
3.392865421,0.67923926,HD_132406_b
3.394561854,0.68542356,HD_132406_b
3.396259135,0.6916329,HD_132406_b
3.397957264,0.69728678,HD_132406_b
3.399656243,0.7019954,HD_132406_b
3.401356071,0.70564491,HD_132406_b
3.403056749,0.70836059,HD_132406_b
3.404758277,0.71037611,HD_132406_b
3.406460656,0.71189315,HD_132406_b
3.408163887,0.71300773,HD_132406_b
3.409867969,0.71372283,HD_132406_b
3.411572903,0.71401698,HD_132406_b
3.413278689,0.71390247,HD_132406_b
3.414985328,0.71343586,HD_132406_b
3.416692821,0.71269621,HD_132406_b
3.418401168,0.71177801,HD_132406_b
3.420110368,0.71082921,HD_132406_b
3.421820423,0.71011389,HD_132406_b
3.423531334,0.71004108,HD_132406_b
3.425243099,0.71109954,HD_132406_b
3.426955721,0.71369295,HD_132406_b
3.428669199,0.71794572,HD_132406_b
3.430383533,0.7235885,HD_132406_b
3.432098725,0.72999903,HD_132406_b
3.433814774,0.7363984,HD_132406_b
3.435531682,0.74211892,HD_132406_b
3.437249448,0.74682366,HD_132406_b
3.438968072,0.75058768,HD_132406_b
3.440687556,0.7538264,HD_132406_b
3.4424079,0.75712885,HD_132406_b
3.444129104,0.76107597,HD_132406_b
3.445851169,0.76610568,HD_132406_b
3.447574094,0.77243973,HD_132406_b
3.449297881,0.78005425,HD_132406_b
3.45102253,0.78867056,HD_132406_b
3.452748041,0.79776849,HD_132406_b
3.454474415,0.80664474,HD_132406_b
3.456201653,0.81453444,HD_132406_b
3.457929753,0.82077929,HD_132406_b
3.459658718,0.82499792,HD_132406_b
3.461388548,0.82718677,HD_132406_b
3.463119242,0.82770461,HD_132406_b
3.464850802,0.82714505,HD_132406_b
3.466583227,0.82614816,HD_132406_b
3.468316519,0.82523061,HD_132406_b
3.470050677,0.82469063,HD_132406_b
3.471785702,0.82460781,HD_132406_b
3.473521595,0.8249101,HD_132406_b
3.475258356,0.8254634,HD_132406_b
3.476995985,0.82614555,HD_132406_b
3.478734483,0.82689403,HD_132406_b
3.48047385,0.82773336,HD_132406_b
3.482214087,0.82878747,HD_132406_b
3.483955194,0.83027745,HD_132406_b
3.485697172,0.8324951,HD_132406_b
3.48744002,0.83574401,HD_132406_b
3.48918374,0.84026076,HD_132406_b
3.490928332,0.84614222,HD_132406_b
3.492673796,0.85330975,HD_132406_b
3.494420133,0.86152426,HD_132406_b
3.496167343,0.87044473,HD_132406_b
3.497915427,0.87970553,HD_132406_b
3.499664385,0.88898015,HD_132406_b
3.501414217,0.89801382,HD_132406_b
3.503164924,0.90662142,HD_132406_b
3.504916507,0.91466517,HD_132406_b
3.506668965,0.92202514,HD_132406_b
3.508422299,0.92857311,HD_132406_b
3.51017651,0.93415259,HD_132406_b
3.511931599,0.93856529,HD_132406_b
3.513687565,0.94156475,HD_132406_b
3.515444408,0.94286034,HD_132406_b
3.517202131,0.94213939,HD_132406_b
3.518960732,0.93910781,HD_132406_b
3.520720212,0.93354631,HD_132406_b
3.522480572,0.92537028,HD_132406_b
3.524241812,0.91468123,HD_132406_b
3.526003933,0.90179835,HD_132406_b
3.527766935,0.88726079,HD_132406_b
3.529530819,0.87180225,HD_132406_b
3.531295584,0.85630006,HD_132406_b
3.533061232,0.84170648,HD_132406_b
3.534827763,0.8289692,HD_132406_b
3.536595176,0.81894691,HD_132406_b
3.538363474,0.8123254,HD_132406_b
3.540132656,0.80953833,HD_132406_b
3.541902722,0.81070241,HD_132406_b
3.543673673,0.81558186,HD_132406_b
3.54544551,0.82359372,HD_132406_b
3.547218233,0.83386643,HD_132406_b
3.548991842,0.84534724,HD_132406_b
3.550766338,0.85694437,HD_132406_b
3.552541721,0.86767643,HD_132406_b
3.554317992,0.87679751,HD_132406_b
3.556095151,0.88387499,HD_132406_b
3.557873199,0.8888073,HD_132406_b
3.559652135,0.89178203,HD_132406_b
3.561431961,0.89318898,HD_132406_b
3.563212677,0.89350764,HD_132406_b
3.564994284,0.8931958,HD_132406_b
3.566776781,0.89260403,HD_132406_b
3.568560169,0.89193566,HD_132406_b
3.570344449,0.89125988,HD_132406_b
3.572129621,0.89057026,HD_132406_b
3.573915686,0.88986515,HD_132406_b
3.575702644,0.88921869,HD_132406_b
3.577490495,0.88881526,HD_132406_b
3.579279241,0.88893264,HD_132406_b
3.58106888,0.88987868,HD_132406_b
3.582859415,0.89190255,HD_132406_b
3.584650844,0.89510807,HD_132406_b
3.58644317,0.89939645,HD_132406_b
3.588236391,0.90445416,HD_132406_b
3.59003051,0.90978967,HD_132406_b
3.591825525,0.91481473,HD_132406_b
3.593621438,0.91895441,HD_132406_b
3.595418248,0.92176825,HD_132406_b
3.597215958,0.92305743,HD_132406_b
3.599014565,0.92293081,HD_132406_b
3.600814073,0.92180636,HD_132406_b
3.60261448,0.9203335,HD_132406_b
3.604415787,0.91924569,HD_132406_b
3.606217995,0.91917639,HD_132406_b
3.608021104,0.92048889,HD_132406_b
3.609825114,0.92317321,HD_132406_b
3.611630027,0.92684854,HD_132406_b
3.613435842,0.9308742,HD_132406_b
3.61524256,0.93453638,HD_132406_b
3.617050181,0.93725497,HD_132406_b
3.618858706,0.93874386,HD_132406_b
3.620668136,0.93907561,HD_132406_b
3.62247847,0.93863273,HD_132406_b
3.624289709,0.93796272,HD_132406_b
3.626101854,0.93758742,HD_132406_b
3.627914905,0.93782971,HD_132406_b
3.629728862,0.9387131,HD_132406_b
3.631543727,0.93996554,HD_132406_b
3.633359499,0.94112514,HD_132406_b
3.635176178,0.94170926,HD_132406_b
3.636993766,0.94139459,HD_132406_b
3.638812263,0.94014843,HD_132406_b
3.640631669,0.93826993,HD_132406_b
3.642451985,0.9363255,HD_132406_b
3.644273211,0.93499586,HD_132406_b
3.646095348,0.93488039,HD_132406_b
3.647918395,0.93631836,HD_132406_b
3.649742355,0.93928435,HD_132406_b
3.651567226,0.94338994,HD_132406_b
3.653393009,0.94799233,HD_132406_b
3.655219706,0.95237219,HD_132406_b
3.657047316,0.95592653,HD_132406_b
3.65887584,0.95831748,HD_132406_b
3.660705277,0.95953638,HD_132406_b
3.66253563,0.95987035,HD_132406_b
3.664366898,0.95978697,HD_132406_b
3.666199081,0.95977634,HD_132406_b
3.668032181,0.96020009,HD_132406_b
3.669866197,0.9611912,HD_132406_b
3.67170113,0.96263187,HD_132406_b
3.673536981,0.96421257,HD_132406_b
3.675373749,0.96554813,HD_132406_b
3.677211436,0.9663123,HD_132406_b
3.679050042,0.96634674,HD_132406_b
3.680889567,0.96571175,HD_132406_b
3.682730012,0.96466543,HD_132406_b
3.684571377,0.96358154,HD_132406_b
3.686413662,0.96283392,HD_132406_b
3.688256869,0.96268614,HD_132406_b
3.690100997,0.96321868,HD_132406_b
3.691946048,0.96431351,HD_132406_b
3.693792021,0.96569715,HD_132406_b
3.695638917,0.96702433,HD_132406_b
3.697486736,0.96797536,HD_132406_b
3.69933548,0.96833937,HD_132406_b
3.701185148,0.96806365,HD_132406_b
3.70303574,0.96725939,HD_132406_b
3.704887258,0.96616633,HD_132406_b
3.706739702,0.96508723,HD_132406_b
3.708593071,0.9643093,HD_132406_b
3.710447368,0.96403296,HD_132406_b
3.712302592,0.96432372,HD_132406_b
3.714158743,0.96510082,HD_132406_b
3.716015822,0.96616382,HD_132406_b
3.71787383,0.96724981,HD_132406_b
3.719732767,0.96810506,HD_132406_b
3.721592634,0.96855179,HD_132406_b
3.72345343,0.96853165,HD_132406_b
3.725315157,0.96811532,HD_132406_b
3.727177814,0.96747683,HD_132406_b
3.729041403,0.96684242,HD_132406_b
3.730905924,0.96642927,HD_132406_b
3.732771377,0.96639174,HD_132406_b
3.734637762,0.96679028,HD_132406_b
3.736505081,0.96758861,HD_132406_b
3.738373334,0.96867716,HD_132406_b
3.740242521,0.96991295,HD_132406_b
3.742112642,0.97116123,HD_132406_b
3.743983698,0.97232607,HD_132406_b
3.74585569,0.97336082,HD_132406_b
3.747728618,0.97425826,HD_132406_b
3.749602482,0.97502779,HD_132406_b
3.751477283,0.97567143,HD_132406_b
3.753353022,0.97617049,HD_132406_b
3.755229699,0.97648943,HD_132406_b
3.757107313,0.97659438,HD_132406_b
3.758985867,0.97647733,HD_132406_b
3.76086536,0.97617302,HD_132406_b
3.762745793,0.97575996,HD_132406_b
3.764627166,0.97534377,HD_132406_b
3.766509479,0.975029,HD_132406_b
3.768392734,0.97489052,HD_132406_b
3.77027693,0.97495447,HD_132406_b
3.772162069,0.97519431,HD_132406_b
3.77404815,0.97554123,HD_132406_b
3.775935174,0.97590422,HD_132406_b
3.777823141,0.97619224,HD_132406_b
3.779712053,0.97633353,HD_132406_b
3.781601909,0.97628872,HD_132406_b
3.78349271,0.97605679,HD_132406_b
3.785384456,0.97567431,HD_132406_b
3.787277149,0.97520928,HD_132406_b
3.789170787,0.97475088,HD_132406_b
3.791065372,0.97439593,HD_132406_b
3.792960905,0.97423414,HD_132406_b
3.794857386,0.97433365,HD_132406_b
3.796754814,0.97472865,HD_132406_b
3.798653192,0.9754116,HD_132406_b
3.800552518,0.97633184,HD_132406_b
3.802452795,0.97740208,HD_132406_b
3.804354021,0.97851254,HD_132406_b
3.806256198,0.97955052,HD_132406_b
3.808159326,0.98042168,HD_132406_b
3.810063406,0.98106825,HD_132406_b
3.811968437,0.98147843,HD_132406_b
3.813874422,0.98168483,HD_132406_b
3.815781359,0.98175062,HD_132406_b
3.81768925,0.98174621,HD_132406_b
3.819598094,0.98172185,HD_132406_b
3.821507893,0.98168357,HD_132406_b
3.823418647,0.98157942,HD_132406_b
3.825330357,0.98130109,HD_132406_b
3.827243022,0.9807027,HD_132406_b
3.829156643,0.97963454,HD_132406_b
3.831071222,0.9779857,HD_132406_b
3.832986757,0.97572709,HD_132406_b
3.834903251,0.9729444,HD_132406_b
3.836820702,0.96985061,HD_132406_b
3.838739112,0.9667706,HD_132406_b
3.840658482,0.96409554,HD_132406_b
3.842578811,0.96221297,HD_132406_b
3.844500101,0.96142703,HD_132406_b
3.846422351,0.96188896,HD_132406_b
3.848345562,0.96355845,HD_132406_b
3.850269735,0.96620787,HD_132406_b
3.85219487,0.96947043,HD_132406_b
3.854120967,0.97291872,HD_132406_b
3.856048027,0.97615185,HD_132406_b
3.857976051,0.97886782,HD_132406_b
3.85990504,0.98090445,HD_132406_b
3.861834992,0.98224278,HD_132406_b
3.86376591,0.98297885,HD_132406_b
3.865697792,0.98327583,HD_132406_b
3.867630641,0.98331248,HD_132406_b
3.869564457,0.98324057,HD_132406_b
3.871499239,0.98315828,HD_132406_b
3.873434989,0.98310298,HD_132406_b
3.875371706,0.98305926,HD_132406_b
3.877309392,0.98297868,HD_132406_b
3.879248047,0.98280423,HD_132406_b
3.881187671,0.98249304,HD_132406_b
3.883128264,0.98203209,HD_132406_b
3.885069829,0.98144236,HD_132406_b
3.887012364,0.98077038,HD_132406_b
3.88895587,0.9800692,HD_132406_b
3.890900348,0.97937689,HD_132406_b
3.892845798,0.97870026,HD_132406_b
3.894792221,0.97801377,HD_132406_b
3.896739617,0.97727577,HD_132406_b
3.898687987,0.9764579,HD_132406_b
3.900637331,0.97557577,HD_132406_b
3.902587649,0.97470635,HD_132406_b
3.904538943,0.97398162,HD_132406_b
3.906491213,0.9735567,HD_132406_b
3.908444458,0.97356263,HD_132406_b
3.91039868,0.97406088,HD_132406_b
3.91235388,0.97501822,HD_132406_b
3.914310057,0.97631265,HD_132406_b
3.916267212,0.97776913,HD_132406_b
3.918225345,0.97921126,HD_132406_b
3.920184458,0.98050937,HD_132406_b
3.92214455,0.98160735,HD_132406_b
3.924105622,0.98252024,HD_132406_b
3.926067675,0.98330767,HD_132406_b
3.928030709,0.98403692,HD_132406_b
3.929994724,0.9847523,HD_132406_b
3.931959722,0.98546194,HD_132406_b
3.933925702,0.98614351,HD_132406_b
3.935892665,0.98676188,HD_132406_b
3.937860611,0.98728801,HD_132406_b
3.939829541,0.98770988,HD_132406_b
3.941799456,0.98803381,HD_132406_b
3.943770356,0.98827918,HD_132406_b
3.945742241,0.98847206,HD_132406_b
3.947715112,0.98864186,HD_132406_b
3.94968897,0.98882009,HD_132406_b
3.951663814,0.98903794,HD_132406_b
3.953639646,0.98931857,HD_132406_b
3.955616466,0.98966543,HD_132406_b
3.957594274,0.99004916,HD_132406_b
3.959573071,0.99040163,HD_132406_b
3.961552858,0.9906226,HD_132406_b
3.963533634,0.99060105,HD_132406_b
3.965515401,0.99024711,HD_132406_b
3.967498159,0.98952562,HD_132406_b
3.969481908,0.98848029,HD_132406_b
3.971466649,0.98723908,HD_132406_b
3.973452382,0.98599602,HD_132406_b
3.975439108,0.98497269,HD_132406_b
3.977426828,0.98436873,HD_132406_b
3.979415541,0.98431483,HD_132406_b
3.981405249,0.98484163,HD_132406_b
3.983395952,0.98587298,HD_132406_b
3.98538765,0.98724403,HD_132406_b
3.987380343,0.98873791,HD_132406_b
3.989374034,0.99012886,HD_132406_b
3.991368721,0.99122152,HD_132406_b
3.993364405,0.99187909,HD_132406_b
3.995361087,0.99203874,HD_132406_b
3.997358768,0.99171636,HD_132406_b
3.999357447,0.99100279,HD_132406_b
4.001357126,0.99005206,HD_132406_b
4.003357804,0.98906045,HD_132406_b
4.005359483,0.98823545,HD_132406_b
4.007362163,0.98775784,HD_132406_b
4.009365844,0.98774438,HD_132406_b
4.011370527,0.98822166,HD_132406_b
4.013376212,0.98911943,HD_132406_b
4.0153829,0.99028658,HD_132406_b
4.017390592,0.99152503,HD_132406_b
4.019399287,0.99263154,HD_132406_b
4.021408987,0.99343669,HD_132406_b
4.023419691,0.99383195,HD_132406_b
4.025431401,0.99378234,HD_132406_b
4.027444117,0.99332549,HD_132406_b
4.029457839,0.99256011,HD_132406_b
4.031472568,0.9916279,HD_132406_b
4.033488304,0.99069125,HD_132406_b
4.035505048,0.989909,HD_132406_b
4.037522801,0.98941287,HD_132406_b
4.039541562,0.98928782,HD_132406_b
4.041561333,0.98956008,HD_132406_b
4.043582114,0.99019542,HD_132406_b
4.045603905,0.99110859,HD_132406_b
4.047626707,0.99218171,HD_132406_b
4.04965052,0.99328738,HD_132406_b
4.051675345,0.99431087,HD_132406_b
4.053701183,0.99516678,HD_132406_b
4.055728033,0.99580721,HD_132406_b
4.057755897,0.9962207,HD_132406_b
4.059784775,0.99642469,HD_132406_b
4.061814668,0.9964546,HD_132406_b
4.063845575,0.99635343,HD_132406_b
4.065877498,0.99616448,HD_132406_b
4.067910437,0.99592834,HD_132406_b
4.069944392,0.9956832,HD_132406_b
4.071979364,0.99546599,HD_132406_b
4.074015354,0.99531214,HD_132406_b
4.076052361,0.99525222,HD_132406_b
4.078090388,0.99530631,HD_132406_b
4.080129433,0.99547817,HD_132406_b
4.082169498,0.99575266,HD_132406_b
4.084210582,0.99609799,HD_132406_b
4.086252688,0.99647262,HD_132406_b
4.088295814,0.99683452,HD_132406_b
4.090339962,0.99714885,HD_132406_b
4.092385132,0.99739156,HD_132406_b
4.094431324,0.99754845,HD_132406_b
4.09647854,0.99761133,HD_132406_b
4.098526779,0.99757468,HD_132406_b
4.100576043,0.99743541,HD_132406_b
4.102626331,0.99719647,HD_132406_b
4.104677644,0.99687276,HD_132406_b
4.106729983,0.9964958,HD_132406_b
4.108783348,0.99611399,HD_132406_b
4.110837739,0.99578644,HD_132406_b
4.112893158,0.99557168,HD_132406_b
4.114949605,0.99551428,HD_132406_b
4.11700708,0.99563413,HD_132406_b
4.119065583,0.99592187,HD_132406_b
4.121125116,0.9963418,HD_132406_b
4.123185678,0.99684091,HD_132406_b
4.125247271,0.9973606,HD_132406_b
4.127309895,0.99784735,HD_132406_b
4.12937355,0.99825972,HD_132406_b
4.131438237,0.998571,HD_132406_b
4.133503956,0.99876838,HD_132406_b
4.135570708,0.99885053,HD_132406_b
4.137638493,0.99882533,HD_132406_b
4.139707312,0.99870842,HD_132406_b
4.141777166,0.99852266,HD_132406_b
4.143848055,0.99829747,HD_132406_b
4.145919979,0.99806703,HD_132406_b
4.147992939,0.99786693,HD_132406_b
4.150066935,0.99772933,HD_132406_b
4.152141969,0.9976777,HD_132406_b
4.15421804,0.9977226,HD_132406_b
4.156295149,0.99785981,HD_132406_b
4.158373296,0.99807153,HD_132406_b
4.160452483,0.99833038,HD_132406_b
4.162532709,0.99860489,HD_132406_b
4.164613975,0.99886523,HD_132406_b
4.166696282,0.99908747,HD_132406_b
4.168779631,0.99925585,HD_132406_b
4.17086402,0.99936306,HD_132406_b
4.172949452,0.99940912,HD_132406_b
4.175035927,0.99939987,HD_132406_b
4.177123445,0.99934546,HD_132406_b
4.179212007,0.99925928,HD_132406_b
4.181301613,0.9991571,HD_132406_b
4.183392264,0.99905585,HD_132406_b
4.18548396,0.99897206,HD_132406_b
4.187576702,0.9989197,HD_132406_b
4.18967049,0.99890804,HD_132406_b
4.191765325,0.99894006,HD_132406_b
4.193861208,0.99901198,HD_132406_b
4.195958139,0.99911414,HD_132406_b
4.198056118,0.99923306,HD_132406_b
4.200155146,0.99935403,HD_132406_b
4.202255223,0.99946365,HD_132406_b
4.204356351,0.99955147,HD_132406_b
4.206458529,0.99961082,HD_132406_b
4.208561758,0.99963875,HD_132406_b
4.210666039,0.99963542,HD_132406_b
4.212771372,0.99960351,HD_132406_b
4.214877758,0.99954776,HD_132406_b
4.216985197,0.99947471,HD_132406_b
4.219093689,0.99939252,HD_132406_b
4.221203236,0.99931059,HD_132406_b
4.223313838,0.99923886,HD_132406_b
4.225425495,0.99918667,HD_132406_b
4.227538207,0.99916134,HD_132406_b
4.229651977,0.9991669,HD_132406_b
4.231766803,0.99920316,HD_132406_b
4.233882686,0.99926571,HD_132406_b
4.235999627,0.99934659,HD_132406_b
4.238117627,0.99943587,HD_132406_b
4.240236686,0.99952344,HD_132406_b
4.242356804,0.99960069,HD_132406_b
4.244477983,0.99966166,HD_132406_b
4.246600222,0.99970353,HD_132406_b
4.248723522,0.99972637,HD_132406_b
4.250847884,0.99973261,HD_132406_b
4.252973307,0.99972612,HD_132406_b
4.255099794,0.99971149,HD_132406_b
4.257227344,0.99969333,HD_132406_b
4.259355958,0.99967583,HD_132406_b
4.261485636,0.99966239,HD_132406_b
4.263616379,0.99965551,HD_132406_b
4.265748187,0.9996567,HD_132406_b
4.267881061,0.99966647,HD_132406_b
4.270015001,0.99968434,HD_132406_b
4.272150009,0.99970902,HD_132406_b
4.274286084,0.9997385,HD_132406_b
4.276423227,0.9997703,HD_132406_b
4.278561438,0.99980186,HD_132406_b
4.280700719,0.99983082,HD_132406_b
4.28284107,0.99985534,HD_132406_b
4.28498249,0.99987425,HD_132406_b
4.287124981,0.99988705,HD_132406_b
4.289268544,0.99989382,HD_132406_b
4.291413178,0.99989489,HD_132406_b
4.293558885,0.99989073,HD_132406_b
4.295705664,0.99988172,HD_132406_b
4.297853517,0.99986816,HD_132406_b
4.300002444,0.9998503,HD_132406_b
4.302152445,0.99982863,HD_132406_b
4.304303521,0.999804,HD_132406_b
4.306455673,0.99977786,HD_132406_b
4.308608901,0.99975228,HD_132406_b
4.310763205,0.9997298,HD_132406_b
4.312918587,0.99971309,HD_132406_b
4.315075046,0.99970443,HD_132406_b
4.317232584,0.99970517,HD_132406_b
4.3193912,0.99971541,HD_132406_b
4.321550896,0.99973389,HD_132406_b
4.323711671,0.99975823,HD_132406_b
4.325873527,0.99978541,HD_132406_b
4.328036464,0.99981239,HD_132406_b
4.330200482,0.9998366,HD_132406_b
4.332365582,0.99985634,HD_132406_b
4.334531765,0.99987079,HD_132406_b
4.336699031,0.99987995,HD_132406_b
4.33886738,0.9998844,HD_132406_b
4.341036814,0.99988504,HD_132406_b
4.343207332,0.99988287,HD_132406_b
4.345378936,0.99987887,HD_132406_b
4.347551625,0.99987394,HD_132406_b
4.349725401,0.99986875,HD_132406_b
4.351900264,0.99986381,HD_132406_b
4.354076214,0.99985936,HD_132406_b
4.356253252,0.9998554,HD_132406_b
4.358431379,0.99985169,HD_132406_b
4.360610595,0.99984785,HD_132406_b
4.3627909,0.99984344,HD_132406_b
4.364972295,0.99983811,HD_132406_b
4.367154781,0.99983162,HD_132406_b
4.369338359,0.99982395,HD_132406_b
4.371523028,0.9998152,HD_132406_b
4.37370879,0.99980557,HD_132406_b
4.375895644,0.99979523,HD_132406_b
4.378083592,0.99978435,HD_132406_b
4.380272634,0.99977301,HD_132406_b
4.38246277,0.99976129,HD_132406_b
4.384654001,0.99974929,HD_132406_b
4.386846328,0.99973714,HD_132406_b
4.389039751,0.99972504,HD_132406_b
4.391234271,0.99971317,HD_132406_b
4.393429888,0.99970165,HD_132406_b
4.395626603,0.99969052,HD_132406_b
4.397824417,0.99967967,HD_132406_b
4.400023329,0.99966891,HD_132406_b
4.402223341,0.99965799,HD_132406_b
4.404424452,0.9996467,HD_132406_b
4.406626664,0.99963494,HD_132406_b
4.408829978,0.99962262,HD_132406_b
4.411034393,0.99960969,HD_132406_b
4.41323991,0.99959604,HD_132406_b
4.41544653,0.99958156,HD_132406_b
4.417654253,0.99956627,HD_132406_b
4.41986308,0.9995504,HD_132406_b
4.422073012,0.99953454,HD_132406_b
4.424284048,0.99951952,HD_132406_b
4.42649619,0.99950631,HD_132406_b
4.428709438,0.9994958,HD_132406_b
4.430923793,0.99948871,HD_132406_b
4.433139255,0.99948552,HD_132406_b
4.435355825,0.99948646,HD_132406_b
4.437573503,0.99949145,HD_132406_b
4.439792289,0.99950006,HD_132406_b
4.442012186,0.99951145,HD_132406_b
4.444233192,0.99952439,HD_132406_b
4.446455308,0.99953753,HD_132406_b
4.448678536,0.99954957,HD_132406_b
4.450902875,0.99955957,HD_132406_b
4.453128327,0.99956702,HD_132406_b
4.455354891,0.9995719,HD_132406_b
4.457582568,0.99957456,HD_132406_b
4.459811359,0.99957572,HD_132406_b
4.462041265,0.99957639,HD_132406_b
4.464272286,0.99957778,HD_132406_b
4.466504422,0.99958112,HD_132406_b
4.468737674,0.99958733,HD_132406_b
4.470972043,0.99959683,HD_132406_b
4.473207529,0.99960941,HD_132406_b
4.475444133,0.99962441,HD_132406_b
4.477681855,0.99964097,HD_132406_b
4.479920696,0.99965831,HD_132406_b
4.482160656,0.99967592,HD_132406_b
4.484401736,0.99969351,HD_132406_b
4.486643937,0.99971092,HD_132406_b
4.488887259,0.99972792,HD_132406_b
4.491131703,0.99974423,HD_132406_b
4.493377269,0.99975951,HD_132406_b
4.495623957,0.99977347,HD_132406_b
4.497871769,0.9997859,HD_132406_b
4.500120705,0.99979667,HD_132406_b
4.502370766,0.99980576,HD_132406_b
4.504621951,0.99981323,HD_132406_b
4.506874262,0.99981922,HD_132406_b
4.509127699,0.99982393,HD_132406_b
4.511382263,0.99982752,HD_132406_b
4.513637954,0.99982988,HD_132406_b
4.515894773,0.99983029,HD_132406_b
4.51815272,0.9998271,HD_132406_b
4.520411797,0.99981739,HD_132406_b
4.522672003,0.99979691,HD_132406_b
4.524933339,0.99976026,HD_132406_b
4.527195805,0.99970155,HD_132406_b
4.529459403,0.99961569,HD_132406_b
4.531724133,0.99950009,HD_132406_b
4.533989995,0.99935662,HD_132406_b
4.53625699,0.99919306,HD_132406_b
4.538525119,0.99902344,HD_132406_b
4.540794381,0.99886659,HD_132406_b
4.543064778,0.99874299,HD_132406_b
4.545336311,0.99867049,HD_132406_b
4.547608979,0.99866009,HD_132406_b
4.549882783,0.99871329,HD_132406_b
4.552157725,0.99882168,HD_132406_b
4.554433804,0.99896912,HD_132406_b
4.55671102,0.99913556,HD_132406_b
4.558989376,0.99930131,HD_132406_b
4.561268871,0.99945061,HD_132406_b
4.563549505,0.99957354,HD_132406_b
4.56583128,0.99966632,HD_132406_b
4.568114195,0.99973022,HD_132406_b
4.570398253,0.99976991,HD_132406_b
4.572683452,0.99979156,HD_132406_b
4.574969793,0.99980135,HD_132406_b
4.577257278,0.99980447,HD_132406_b
4.579545907,0.99980457,HD_132406_b
4.58183568,0.99980366,HD_132406_b
4.584126598,0.99980237,HD_132406_b
4.586418661,0.99980033,HD_132406_b
4.58871187,0.99979665,HD_132406_b
4.591006226,0.99979042,HD_132406_b
4.593301729,0.99978105,HD_132406_b
4.59559838,0.99976851,HD_132406_b
4.597896179,0.99975342,HD_132406_b
4.600195128,0.99973692,HD_132406_b
4.602495225,0.99972035,HD_132406_b
4.604796473,0.9997049,HD_132406_b
4.607098871,0.9996912,HD_132406_b
4.60940242,0.99967911,HD_132406_b
4.611707122,0.99966782,HD_132406_b
4.614012975,0.99965623,HD_132406_b
4.616319982,0.99964348,HD_132406_b
4.618628142,0.99962953,HD_132406_b
4.620937456,0.99961528,HD_132406_b
4.623247924,0.9996024,HD_132406_b
4.625559548,0.99959267,HD_132406_b
4.627872328,0.99958722,HD_132406_b
4.630186264,0.99958601,HD_132406_b
4.632501358,0.99958776,HD_132406_b
4.634817608,0.99959036,HD_132406_b
4.637135017,0.99959155,HD_132406_b
4.639453584,0.99958955,HD_132406_b
4.641773311,0.99958348,HD_132406_b
4.644094198,0.99957326,HD_132406_b
4.646416245,0.99955941,HD_132406_b
4.648739453,0.99954266,HD_132406_b
4.651063823,0.99952366,HD_132406_b
4.653389355,0.99950283,HD_132406_b
4.655716049,0.99948009,HD_132406_b
4.658043908,0.99945475,HD_132406_b
4.660372929,0.99942533,HD_132406_b
4.662703116,0.99938978,HD_132406_b
4.665034467,0.99934618,HD_132406_b
4.667366985,0.9992939,HD_132406_b
4.669700668,0.99923486,HD_132406_b
4.672035519,0.99917429,HD_132406_b
4.674371536,0.99912044,HD_132406_b
4.676708722,0.99908295,HD_132406_b
4.679047076,0.99907035,HD_132406_b
4.6813866,0.99908743,HD_132406_b
4.683727293,0.9991335,HD_132406_b
4.686069157,0.99920222,HD_132406_b
4.688412191,0.99928319,HD_132406_b
4.690756398,0.99936464,HD_132406_b
4.693101776,0.99943627,HD_132406_b
4.695448327,0.99949142,HD_132406_b
4.697796051,0.99952792,HD_132406_b
4.700144949,0.99954749,HD_132406_b
4.702495021,0.99955434,HD_132406_b
4.704846269,0.99955333,HD_132406_b
4.707198692,0.99954855,HD_132406_b
4.709552291,0.9995425,HD_132406_b
4.711907067,0.99953608,HD_132406_b
4.714263021,0.99952912,HD_132406_b
4.716620153,0.99952121,HD_132406_b
4.718978463,0.9995124,HD_132406_b
4.721337952,0.99950345,HD_132406_b
4.723698621,0.99949567,HD_132406_b
4.72606047,0.99949031,HD_132406_b
4.7284235,0.9994879,HD_132406_b
4.730787712,0.99948783,HD_132406_b
4.733153106,0.99948845,HD_132406_b
4.735519683,0.99948771,HD_132406_b
4.737887442,0.99948399,HD_132406_b
4.740256386,0.99947694,HD_132406_b
4.742626514,0.9994676,HD_132406_b
4.744997828,0.9994581,HD_132406_b
4.747370326,0.99945075,HD_132406_b
4.749744012,0.99944711,HD_132406_b
4.752118884,0.99944728,HD_132406_b
4.754494943,0.99944968,HD_132406_b
4.756872191,0.99945118,HD_132406_b
4.759250627,0.99944741,HD_132406_b
4.761630252,0.99943305,HD_132406_b
4.764011067,0.99940224,HD_132406_b
4.766393073,0.99934924,HD_132406_b
4.768776269,0.99926967,HD_132406_b
4.771160657,0.99916229,HD_132406_b
4.773546238,0.99903085,HD_132406_b
4.775933011,0.99888536,HD_132406_b
4.778320977,0.99874171,HD_132406_b
4.780710138,0.99861934,HD_132406_b
4.783100493,0.99853731,HD_132406_b
4.785492043,0.99850969,HD_132406_b
4.787884789,0.99854187,HD_132406_b
4.790278731,0.99862898,HD_132406_b
4.792673871,0.99875692,HD_132406_b
4.795070208,0.99890562,HD_132406_b
4.797467743,0.99905332,HD_132406_b
4.799866477,0.9991805,HD_132406_b
4.80226641,0.99927263,HD_132406_b
4.804667543,0.99932139,HD_132406_b
4.807069877,0.99932452,HD_132406_b
4.809473412,0.99928457,HD_132406_b
4.811878149,0.99920704,HD_132406_b
4.814284088,0.9990978,HD_132406_b
4.81669123,0.99896017,HD_132406_b
4.819099575,0.9987921,HD_132406_b
4.821509125,0.99858451,HD_132406_b
4.82391988,0.99832209,HD_132406_b
4.82633184,0.99798738,HD_132406_b
4.828745006,0.99756765,HD_132406_b
4.831159378,0.99706303,HD_132406_b
4.833574958,0.99649295,HD_132406_b
4.835991745,0.99589807,HD_132406_b
4.838409741,0.99533611,HD_132406_b
4.840828946,0.99487212,HD_132406_b
4.84324936,0.99456568,HD_132406_b
4.845670985,0.99445891,HD_132406_b
4.848093821,0.99456825,HD_132406_b
4.850517867,0.99488217,HD_132406_b
4.852943126,0.99536456,HD_132406_b
4.855369598,0.99596196,HD_132406_b
4.857797283,0.99661261,HD_132406_b
4.860226181,0.99725495,HD_132406_b
4.862656295,0.99783392,HD_132406_b
4.865087623,0.99830451,HD_132406_b
4.867520166,0.9986324,HD_132406_b
4.869953927,0.9987929,HD_132406_b
4.872388904,0.99876945,HD_132406_b
4.874825098,0.9985535,HD_132406_b
4.877262511,0.99814676,HD_132406_b
4.879701142,0.99756557,HD_132406_b
4.882140992,0.99684583,HD_132406_b
4.884582063,0.99604586,HD_132406_b
4.887024354,0.99524445,HD_132406_b
4.889467866,0.99453248,HD_132406_b
4.8919126,0.99399906,HD_132406_b
4.894358556,0.99371504,HD_132406_b
4.896805736,0.9937184,HD_132406_b
4.899254138,0.99400583,HD_132406_b
4.901703765,0.99453308,HD_132406_b
4.904154617,0.99522393,HD_132406_b
4.906606695,0.99598511,HD_132406_b
4.909059998,0.99672273,HD_132406_b
4.911514528,0.99735673,HD_132406_b
4.913970285,0.99782984,HD_132406_b
4.91642727,0.99811144,HD_132406_b
4.918885484,0.99819639,HD_132406_b
4.921344927,0.99810039,HD_132406_b
4.923805599,0.9978528,HD_132406_b
4.926267502,0.99748738,HD_132406_b
4.928730636,0.99703187,HD_132406_b
4.931195001,0.99649799,HD_132406_b
4.933660599,0.99587519,HD_132406_b
4.936127429,0.99513173,HD_132406_b
4.938595493,0.99422574,HD_132406_b
4.94106479,0.99312555,HD_132406_b
4.943535323,0.99183419,HD_132406_b
4.94600709,0.99040953,HD_132406_b
4.948480094,0.98897076,HD_132406_b
4.950954334,0.98768476,HD_132406_b
4.953429811,0.98673334,HD_132406_b
4.955906526,0.98626982,HD_132406_b
4.958384479,0.98637815,HD_132406_b
4.960863672,0.98704954,HD_132406_b
4.963344103,0.9881842,HD_132406_b
4.965825776,0.98961777,HD_132406_b
4.968308688,0.99116237,HD_132406_b
4.970792843,0.99264805,HD_132406_b
4.973278239,0.99395174,HD_132406_b
4.975764878,0.99500606,HD_132406_b
4.978252761,0.9957905,HD_132406_b
4.980741887,0.99631205,HD_132406_b
4.983232258,0.99658352,HD_132406_b
4.985723874,0.99660809,HD_132406_b
4.988216736,0.99637187,HD_132406_b
4.990710844,0.99584317,HD_132406_b
4.9932062,0.99497496,HD_132406_b
4.995702803,0.99370849,HD_132406_b
4.998200654,0.99197885,HD_132406_b
5.000699755,0.98972633,HD_132406_b
5.003200105,0.98691752,HD_132406_b
5.005701705,0.98357605,HD_132406_b
5.008204556,0.97981573,HD_132406_b
5.010708658,0.97586304,HD_132406_b
5.013214012,0.97205333,HD_132406_b
5.015720619,0.968793,HD_132406_b
5.018228479,0.96648961,HD_132406_b
5.020737594,0.96546796,HD_132406_b
5.023247962,0.96589617,HD_132406_b
5.025759586,0.96774537,HD_132406_b
5.028272466,0.97079509,HD_132406_b
5.030786602,0.97468161,HD_132406_b
5.033301996,0.9789734,HD_132406_b
5.035818647,0.98325084,HD_132406_b
5.038336556,0.98717085,HD_132406_b
5.040855724,0.99050344,HD_132406_b
5.043376152,0.99313862,HD_132406_b
5.04589784,0.9950685,HD_132406_b
5.048420789,0.99635464,HD_132406_b
5.050945,0.99709051,HD_132406_b
5.053470472,0.997367,HD_132406_b
5.055997207,0.99724698,HD_132406_b
5.058525206,0.99675205,HD_132406_b
5.061054469,0.99586418,HD_132406_b
5.063584996,0.99454266,HD_132406_b
5.066116788,0.99275462,HD_132406_b
5.068649847,0.99051219,HD_132406_b
5.071184172,0.98790596,HD_132406_b
5.073719764,0.98512106,HD_132406_b
5.076256624,0.98242524,HD_132406_b
5.078794752,0.98012671,HD_132406_b
5.081334149,0.97850903,HD_132406_b
5.083874816,0.97776291,HD_132406_b
5.086416754,0.97793684,HD_132406_b
5.088959962,0.97892357,HD_132406_b
5.091504442,0.98048708,HD_132406_b
5.094050194,0.98232119,HD_132406_b
5.096597219,0.98412035,HD_132406_b
5.099145518,0.98564295,HD_132406_b
5.101695091,0.98674528,HD_132406_b
5.104245938,0.9873846,HD_132406_b
5.106798061,0.98758915,HD_132406_b
5.10935146,0.98740609,HD_132406_b
5.111906136,0.98684202,HD_132406_b
5.114462089,0.98581335,HD_132406_b
5.11701932,0.9841237,HD_132406_b
5.11957783,0.9814808,HD_132406_b
5.122137619,0.97755682,HD_132406_b
5.124698688,0.97208416,HD_132406_b
5.127261037,0.96496635,HD_132406_b
5.129824667,0.95637565,HD_132406_b
5.13238958,0.94680672,HD_132406_b
5.134955775,0.9370629,HD_132406_b
5.137523252,0.92816519,HD_132406_b
5.140092014,0.92119446,HD_132406_b
5.14266206,0.91709536,HD_132406_b
5.145233391,0.91648692,HD_132406_b
5.147806008,0.91952738,HD_132406_b
5.150379911,0.92587412,HD_132406_b
5.152955101,0.93474965,HD_132406_b
5.155531578,0.94510068,HD_132406_b
5.158109344,0.95580486,HD_132406_b
5.160688399,0.96586708,HD_132406_b
5.163268743,0.9745574,HD_132406_b
5.165850377,0.9814579,HD_132406_b
5.168433303,0.98642534,HD_132406_b
5.171017519,0.98949504,HD_132406_b
5.173603028,0.99076675,HD_132406_b
5.176189829,0.99031093,HD_132406_b
5.178777924,0.98812255,HD_132406_b
5.181367313,0.98413121,HD_132406_b
5.183957997,0.97825921,HD_132406_b
5.186549976,0.97050621,HD_132406_b
5.189143251,0.9610292,HD_132406_b
5.191737823,0.95019449,HD_132406_b
5.194333692,0.93858138,HD_132406_b
5.196930858,0.92694088,HD_132406_b
5.199529324,0.91611858,HD_132406_b
5.202129088,0.90695966,HD_132406_b
5.204730153,0.90020724,HD_132406_b
5.207332518,0.89640419,HD_132406_b
5.209936184,0.89579753,HD_132406_b
5.212541152,0.8982658,HD_132406_b
5.215147423,0.90329359,HD_132406_b
5.217754997,0.91002326,HD_132406_b
5.220363874,0.91739759,HD_132406_b
5.222974056,0.92437286,HD_132406_b
5.225585543,0.93014959,HD_132406_b
5.228198336,0.9343452,HD_132406_b
5.230812435,0.93705308,HD_132406_b
5.233427841,0.9387656,HD_132406_b
5.236044555,0.94018945,HD_132406_b
5.238662578,0.94201669,HD_132406_b
5.241281909,0.94472672,HD_132406_b
5.24390255,0.94846708,HD_132406_b
5.246524501,0.95303764,HD_132406_b
5.249147763,0.95795931,HD_132406_b
5.251772337,0.96259286,HD_132406_b
5.254398223,0.96627092,HD_132406_b
5.257025422,0.96841443,HD_132406_b
5.259653935,0.96862121,HD_132406_b
5.262283762,0.96671669,HD_132406_b
5.264914904,0.9627658,HD_132406_b
5.267547361,0.95704605,HD_132406_b
5.270181135,0.94998827,HD_132406_b
5.272816226,0.94210706,HD_132406_b
5.275452634,0.93394045,HD_132406_b
5.27809036,0.92602151,HD_132406_b
5.280729405,0.91888149,HD_132406_b
5.28336977,0.91306272,HD_132406_b
5.286011455,0.90910843,HD_132406_b
5.288654461,0.90750648,HD_132406_b
5.291298788,0.90859157,HD_132406_b
5.293944437,0.91244091,HD_132406_b
5.29659141,0.91881286,HD_132406_b
5.299239705,0.92716133,HD_132406_b
5.301889325,0.93672966,HD_132406_b
5.30454027,0.94668836,HD_132406_b
5.30719254,0.95627178,HD_132406_b
5.309846136,0.96486491,HD_132406_b
5.312501059,0.97202542,HD_132406_b
5.31515731,0.97744327,HD_132406_b
5.317814888,0.98086299,HD_132406_b
5.320473796,0.98199861,HD_132406_b
5.323134033,0.98047107,HD_132406_b
5.3257956,0.97579553,HD_132406_b
5.328458498,0.96743996,HD_132406_b
5.331122727,0.95496461,HD_132406_b
5.333788288,0.93822834,HD_132406_b
5.336455182,0.91762002,HD_132406_b
5.33912341,0.89423687,HD_132406_b
5.341792972,0.86992828,HD_132406_b
5.344463868,0.84713957,HD_132406_b
5.3471361,0.8285493,HD_132406_b
5.349809668,0.81656522,HD_132406_b
5.352484573,0.81281467,HD_132406_b
5.355160815,0.81777507,HD_132406_b
5.357838396,0.83066654,HD_132406_b
5.360517315,0.84964123,HD_132406_b
5.363197573,0.8722048,HD_132406_b
5.365879172,0.89574226,HD_132406_b
5.368562112,0.91799397,HD_132406_b
5.371246393,0.93736686,HD_132406_b
5.373932016,0.95302797,HD_132406_b
5.376618982,0.9648091,HD_132406_b
5.379307292,0.97298813,HD_132406_b
5.381996945,0.97803307,HD_132406_b
5.384687944,0.98037744,HD_132406_b
5.387380288,0.98026707,HD_132406_b
5.390073978,0.9776923,HD_132406_b
5.392769015,0.97240035,HD_132406_b
5.395465399,0.96397921,HD_132406_b
5.398163132,0.95200236,HD_132406_b
5.400862214,0.93621867,HD_132406_b
5.403562645,0.91676086,HD_132406_b
5.406264426,0.89432737,HD_132406_b
5.408967558,0.87027615,HD_132406_b
5.411672042,0.84657476,HD_132406_b
5.414377878,0.82556715,HD_132406_b
5.417085067,0.8095777,HD_132406_b
5.419793609,0.80043851,HD_132406_b
5.422503506,0.79906184,HD_132406_b
5.425214758,0.80519575,HD_132406_b
5.427927365,0.8174425,HD_132406_b
5.430641329,0.83353431,HD_132406_b
5.43335665,0.85077524,HD_132406_b
5.436073328,0.86650656,HD_132406_b
5.438791365,0.8784732,HD_132406_b
5.44151076,0.88503476,HD_132406_b
5.444231516,0.88524348,HD_132406_b
5.446953632,0.87885799,HD_132406_b
5.449677108,0.86635297,HD_132406_b
5.452401947,0.84893134,HD_132406_b
5.455128148,0.82849043,HD_132406_b
5.457855712,0.8074718,HD_132406_b
5.46058464,0.78856052,HD_132406_b
5.463314932,0.77427041,HD_132406_b
5.46604659,0.76652031,HD_132406_b
5.468779613,0.76632688,HD_132406_b
5.471514003,0.77370118,HD_132406_b
5.47424976,0.78776002,HD_132406_b
5.476986885,0.80698714,HD_132406_b
5.479725378,0.82954652,HD_132406_b
5.482465241,0.85355884,HD_132406_b
5.485206473,0.87730008,HD_132406_b
5.487949077,0.89931342,HD_132406_b
5.490693051,0.91846103,HD_132406_b
5.493438398,0.93393567,HD_132406_b
5.496185117,0.94524864,HD_132406_b
5.498933209,0.9522046,HD_132406_b
5.501682676,0.9548754,HD_132406_b
5.504433517,0.95358718,HD_132406_b
5.507185734,0.94891721,HD_132406_b
5.509939327,0.94169269,HD_132406_b
5.512694297,0.93295905,HD_132406_b
5.515450644,0.9238888,HD_132406_b
5.518208369,0.91561782,HD_132406_b
5.520967473,0.90903433,HD_132406_b
5.523727957,0.90457497,HD_132406_b
5.526489821,0.90209861,HD_132406_b
5.529253066,0.90088954,HD_132406_b
5.532017692,0.89980814,HD_132406_b
5.534783701,0.89755685,HD_132406_b
5.537551093,0.89299012,HD_132406_b
5.540319869,0.88538235,HD_132406_b
5.543090029,0.87457706,HD_132406_b
5.545861574,0.8609733,HD_132406_b
5.548634504,0.84536109,HD_132406_b
5.551408822,0.82865857,HD_132406_b
5.554184526,0.81165242,HD_132406_b
5.556961618,0.79484208,HD_132406_b
5.559740099,0.77845733,HD_132406_b
5.562519969,0.76265113,HD_132406_b
5.565301229,0.74777897,HD_132406_b
5.56808388,0.73463357,HD_132406_b
5.570867922,0.72449276,HD_132406_b
5.573653356,0.71891242,HD_132406_b
5.576440182,0.71930286,HD_132406_b
5.579228403,0.72643113,HD_132406_b
5.582018017,0.74003686,HD_132406_b
5.584809026,0.75872137,HD_132406_b
5.58760143,0.78016511,HD_132406_b
5.590395231,0.80160396,HD_132406_b
5.593190429,0.82041266,HD_132406_b
5.595987024,0.83461116,HD_132406_b
5.598785017,0.8431585,HD_132406_b
5.60158441,0.84598257,HD_132406_b
5.604385202,0.84376763,HD_132406_b
5.607187395,0.83758945,HD_132406_b
5.609990988,0.82850112,HD_132406_b
5.612795984,0.8171781,HD_132406_b
5.615602382,0.80371581,HD_132406_b
5.618410183,0.78764632,HD_132406_b
5.621219388,0.7681999,HD_132406_b
5.624029998,0.7447499,HD_132406_b
5.626842013,0.717327,HD_132406_b
5.629655434,0.6870232,HD_132406_b
5.632470261,0.65611974,HD_132406_b
5.635286497,0.62784055,HD_132406_b
5.63810414,0.60576217,HD_132406_b
5.640923192,0.59302415,HD_132406_b
5.643743654,0.59157064,HD_132406_b
5.646565525,0.60164401,HD_132406_b
5.649388808,0.62168073,HD_132406_b
5.652213503,0.64863282,HD_132406_b
5.655039609,0.67862303,HD_132406_b
5.657867129,0.70774909,HD_132406_b
5.660696063,0.73283839,HD_132406_b
5.663526411,0.7519743,HD_132406_b
5.666358174,0.76468587,HD_132406_b
5.669191353,0.77178368,HD_132406_b
5.672025949,0.7749137,HD_132406_b
5.674861962,0.77597315,HD_132406_b
5.677699393,0.7765497,HD_132406_b
5.680538242,0.77753002,HD_132406_b
5.683378511,0.778937,HD_132406_b
5.686220201,0.77999978,HD_132406_b
5.689063311,0.7793939,HD_132406_b
5.691907842,0.77557945,HD_132406_b
5.694753796,0.7671712,HD_132406_b
5.697601173,0.75329466,HD_132406_b
5.700449974,0.73387557,HD_132406_b
5.703300199,0.7098006,HD_132406_b
5.706151849,0.68288659,HD_132406_b
5.709004925,0.65562217,HD_132406_b
5.711859427,0.6307093,HD_132406_b
5.714715357,0.6105044,HD_132406_b
5.717572715,0.59650481,HD_132406_b
5.720431501,0.58903373,HD_132406_b
5.723291717,0.58721124,HD_132406_b
5.726153363,0.58922307,HD_132406_b
5.729016439,0.59279573,HD_132406_b
5.731880948,0.59573469,HD_132406_b
5.734746888,0.59636415,HD_132406_b
5.737614261,0.59375527,HD_132406_b
5.740483069,0.58771886,HD_132406_b
5.74335331,0.57861996,HD_132406_b
5.746224987,0.56714503,HD_132406_b
5.749098099,0.55414441,HD_132406_b
5.751972648,0.5406217,HD_132406_b
5.754848635,0.52783728,HD_132406_b
5.757726059,0.51742012,HD_132406_b
5.760604922,0.5113466,HD_132406_b
5.763485224,0.51171111,HD_132406_b
5.766366967,0.52030743,HD_132406_b
5.769250151,0.53814797,HD_132406_b
5.772134776,0.56508784,HD_132406_b
5.775020843,0.59969669,HD_132406_b
5.777908353,0.63941203,HD_132406_b
5.780797308,0.68092372,HD_132406_b
5.783687706,0.72066636,HD_132406_b
5.78657955,0.7552794,HD_132406_b
5.78947284,0.78194465,HD_132406_b
5.792367576,0.7985647,HD_132406_b
5.79526376,0.80381381,HD_132406_b
5.798161392,0.79713155,HD_132406_b
5.801060473,0.77873481,HD_132406_b
5.803961003,0.74968764,HD_132406_b
5.806862983,0.7120059,HD_132406_b
5.809766415,0.6687191,HD_132406_b
5.812671298,0.62377463,HD_132406_b
5.815577634,0.58169548,HD_132406_b
5.818485423,0.54698628,HD_132406_b
5.821394665,0.52338604,HD_132406_b
5.824305363,0.51314138,HD_132406_b
5.827217515,0.51650307,HD_132406_b
5.830131124,0.53159787,HD_132406_b
5.83304619,0.55472557,HD_132406_b
5.835962713,0.58102342,HD_132406_b
5.838880694,0.60534294,HD_132406_b
5.841800134,0.62314367,HD_132406_b
5.844721035,0.63121252,HD_132406_b
5.847643395,0.62806913,HD_132406_b
5.850567217,0.61398851,HD_132406_b
5.8534925,0.59067273,HD_132406_b
5.856419247,0.5606797,HD_132406_b
5.859347456,0.52678309,HD_132406_b
5.86227713,0.49144138,HD_132406_b
5.865208268,0.45651583,HD_132406_b
5.868140873,0.42328305,HD_132406_b
5.871074943,0.39267416,HD_132406_b
5.874010481,0.36560381,HD_132406_b
5.876947486,0.34322662,HD_132406_b
5.87988596,0.32700463,HD_132406_b
5.882825903,0.31855605,HD_132406_b
5.885767315,0.3193353,HD_132406_b
5.888710199,0.33023827,HD_132406_b
5.891654554,0.35124518,HD_132406_b
5.894600381,0.38119019,HD_132406_b
5.897547682,0.41772377,HD_132406_b
5.900496456,0.45749266,HD_132406_b
5.903446704,0.4965254,HD_132406_b
5.906398427,0.53076122,HD_132406_b
5.909351626,0.556626,HD_132406_b
5.912306302,0.57154976,HD_132406_b
5.915262455,0.57434009,HD_132406_b
5.918220087,0.56536684,HD_132406_b
5.921179197,0.54654943,HD_132406_b
5.924139786,0.5211477,HD_132406_b
5.927101856,0.49336056,HD_132406_b
5.930065407,0.46773917,HD_132406_b
5.93303044,0.44847292,HD_132406_b
5.935996955,0.43865095,HD_132406_b
5.938964953,0.43966519,HD_132406_b
5.941934436,0.45092425,HD_132406_b
5.944905403,0.46998566,HD_132406_b
5.947877856,0.49309702,HD_132406_b
5.950851795,0.51601491,HD_132406_b
5.953827221,0.53488435,HD_132406_b
5.956804134,0.54695247,HD_132406_b
5.959782536,0.55095213,HD_132406_b
5.962762428,0.54711316,HD_132406_b
5.965743809,0.53687118,HD_132406_b
5.968726681,0.52242446,HD_132406_b
5.971711044,0.50629899,HD_132406_b
5.9746969,0.49102088,HD_132406_b
5.977684248,0.4789059,HD_132406_b
5.98067309,0.47189935,HD_132406_b
5.983663427,0.47139599,HD_132406_b
5.986655258,0.47801847,HD_132406_b
5.989648586,0.49142533,HD_132406_b
5.99264341,0.51027503,HD_132406_b
5.995639732,0.53244562,HD_132406_b
5.998637552,0.55550686,HD_132406_b
6.001636871,0.57730729,HD_132406_b
6.004637689,0.59644802,HD_132406_b
6.007640008,0.61243688,HD_132406_b
6.010643828,0.62544129,HD_132406_b
6.01364915,0.63573772,HD_132406_b
6.016655974,0.64310643,HD_132406_b
6.019664302,0.64645616,HD_132406_b
6.022674135,0.64387369,HD_132406_b
6.025685472,0.6331221,HD_132406_b
6.028698314,0.61242364,HD_132406_b
6.031712663,0.58124168,HD_132406_b
6.03472852,0.5407692,HD_132406_b
6.037745884,0.49393669,HD_132406_b
6.040764757,0.44491127,HD_132406_b
6.043785139,0.39824656,HD_132406_b
6.046807032,0.35795822,HD_132406_b
6.049830435,0.32682224,HD_132406_b
6.052855351,0.30610554,HD_132406_b
6.055881778,0.29577228,HD_132406_b
6.058909719,0.2950277,HD_132406_b
6.061939174,0.30292967,HD_132406_b
6.064970144,0.31879374,HD_132406_b
6.068002629,0.34222067,HD_132406_b
6.07103663,0.37275692,HD_132406_b
6.074072148,0.40936943,HD_132406_b
6.077109184,0.45000181,HD_132406_b
6.080147739,0.49144921,HD_132406_b
6.083187813,0.52966344,HD_132406_b
6.086229407,0.56043052,HD_132406_b
6.089272522,0.58024253,HD_132406_b
6.092317158,0.58712332,HD_132406_b
6.095363316,0.58118557,HD_132406_b
6.098410998,0.56477058,HD_132406_b
6.101460204,0.54211555,HD_132406_b
6.104510934,0.5185954,HD_132406_b
6.107563189,0.49967957,HD_132406_b
6.110616971,0.48982239,HD_132406_b
6.113672279,0.49154057,HD_132406_b
6.116729115,0.50491073,HD_132406_b
6.11978748,0.52762596,HD_132406_b
6.122847374,0.55560364,HD_132406_b
6.125908797,0.58397521,HD_132406_b
6.128971752,0.60818251,HD_132406_b
6.132036238,0.62488612,HD_132406_b
6.135102256,0.63247596,HD_132406_b
6.138169807,0.63111611,HD_132406_b
6.141238892,0.62240265,HD_132406_b
6.144309511,0.60880487,HD_132406_b
6.147381666,0.59306475,HD_132406_b
6.150455357,0.5776758,HD_132406_b
6.153530584,0.56449905,HD_132406_b
6.15660735,0.55452731,HD_132406_b
6.159685653,0.54782175,HD_132406_b
6.162765496,0.54365142,HD_132406_b
6.165846879,0.54085144,HD_132406_b
6.168929802,0.5383499,HD_132406_b
6.172014267,0.53571694,HD_132406_b
6.175100274,0.53352875,HD_132406_b
6.178187825,0.53336605,HD_132406_b
6.181276919,0.53738602,HD_132406_b
6.184367557,0.54759633,HD_132406_b
6.187459741,0.56509214,HD_132406_b
6.190553471,0.58955533,HD_132406_b
6.193648747,0.61922149,HD_132406_b
6.196745572,0.65132717,HD_132406_b
6.199843945,0.68286391,HD_132406_b
6.202943867,0.71135502,HD_132406_b
6.206045338,0.73538654,HD_132406_b
6.209148361,0.75474125,HD_132406_b
6.212252935,0.77015666,HD_132406_b
6.215359062,0.78285219,HD_132406_b
6.218466741,0.79403786,HD_132406_b
6.221575975,0.80457758,HD_132406_b
6.224686763,0.81488196,HD_132406_b
6.227799106,0.8250007,HD_132406_b
6.230913006,0.83480982,HD_132406_b
6.234028462,0.84417291,HD_132406_b
6.237145476,0.85300418,HD_132406_b
6.240264049,0.86122911,HD_132406_b
6.243384181,0.86869807,HD_132406_b
6.246505873,0.87513293,HD_132406_b
6.249629126,0.88016221,HD_132406_b
6.252753941,0.88344973,HD_132406_b
6.255880318,0.88486511,HD_132406_b
6.259008258,0.88461815,HD_132406_b
6.262137762,0.88328835,HD_132406_b
6.265268831,0.88172681,HD_132406_b
6.268401465,0.88086133,HD_132406_b
6.271535666,0.88147529,HD_132406_b
6.274671434,0.88403797,HD_132406_b
6.27780877,0.88863734,HD_132406_b
6.280947674,0.89501784,HD_132406_b
6.284088148,0.90268914,HD_132406_b
6.287230192,0.91104553,HD_132406_b
6.290373807,0.91945063,HD_132406_b
6.293518994,0.92727021,HD_132406_b
6.296665753,0.93385357,HD_132406_b
6.299814086,0.93848989,HD_132406_b
6.302963993,0.94036257,HD_132406_b
6.306115475,0.93852001,HD_132406_b
6.309268533,0.9318835,HD_132406_b
6.312423167,0.91930481,HD_132406_b
6.315579379,0.8997007,HD_132406_b
6.318737168,0.87227723,HD_132406_b
6.321896537,0.8368267,HD_132406_b
6.325057485,0.79403751,HD_132406_b
6.328220014,0.74571073,HD_132406_b
6.331384124,0.69475674,HD_132406_b
6.334549816,0.64488459,HD_132406_b
6.337717091,0.59999051,HD_132406_b
6.34088595,0.56336949,HD_132406_b
6.344056393,0.53698633,HD_132406_b
6.347228421,0.52105376,HD_132406_b
6.350402035,0.5140922,HD_132406_b
6.353577236,0.51347147,HD_132406_b
6.356754025,0.51624756,HD_132406_b
6.359932402,0.51998851,HD_132406_b
6.363112368,0.52329256,HD_132406_b
6.366293924,0.52583487,HD_132406_b
6.369477071,0.52798287,HD_132406_b
6.37266181,0.53018673,HD_132406_b
6.37584814,0.53241463,HD_132406_b
6.379036064,0.53385287,HD_132406_b
6.382225583,0.53295188,HD_132406_b
6.385416695,0.52776424,HD_132406_b
6.388609404,0.51644419,HD_132406_b
6.391803708,0.4977643,HD_132406_b
6.39499961,0.47153615,HD_132406_b
6.39819711,0.43886335,HD_132406_b
6.401396209,0.40216943,HD_132406_b
6.404596907,0.3649702,HD_132406_b
6.407799205,0.33139702,HD_132406_b
6.411003105,0.30554348,HD_132406_b
6.414208606,0.290768,HD_132406_b
6.417415711,0.2891263,HD_132406_b
6.420624418,0.30106684,HD_132406_b
6.423834731,0.32545037,HD_132406_b
6.427046648,0.35985285,HD_132406_b
6.430260171,0.40104003,HD_132406_b
6.433475301,0.44547394,HD_132406_b
6.436692039,0.48973773,HD_132406_b
6.439910385,0.53081209,HD_132406_b
6.44313034,0.5661915,HD_132406_b
6.446351905,0.59387212,HD_132406_b
6.449575081,0.61227125,HD_132406_b
6.452799869,0.62015609,HD_132406_b
6.456026269,0.61664786,HD_132406_b
6.459254282,0.6013296,HD_132406_b
6.462483909,0.57443935,HD_132406_b
6.465715151,0.53707813,HD_132406_b
6.468948009,0.49133962,HD_132406_b
6.472182483,0.44028673,HD_132406_b
6.475418574,0.38774006,HD_132406_b
6.478656283,0.33789933,HD_132406_b
6.481895611,0.29485393,HD_132406_b
6.485136559,0.262066,HD_132406_b
6.488379127,0.24190798,HD_132406_b
6.491623317,0.23534682,HD_132406_b
6.494869129,0.24184621,HD_132406_b
6.498116563,0.25953462,HD_132406_b
6.501365622,0.2856312,HD_132406_b
6.504616304,0.31703799,HD_132406_b
6.507868612,0.35093837,HD_132406_b
6.511122547,0.38521742,HD_132406_b
6.514378108,0.41857315,HD_132406_b
6.517635297,0.45030491,HD_132406_b
6.520894115,0.47989572,HD_132406_b
6.524154562,0.50659729,HD_132406_b
6.527416639,0.52921473,HD_132406_b
6.530680347,0.54618457,HD_132406_b
6.533945688,0.55590865,HD_132406_b
6.53721266,0.55719071,HD_132406_b
6.540481267,0.54959224,HD_132406_b
6.543751507,0.53358922,HD_132406_b
6.547023383,0.51051118,HD_132406_b
6.550296895,0.48232945,HD_132406_b
6.553572043,0.45139781,HD_132406_b
6.556848829,0.42022052,HD_132406_b
6.560127254,0.39126584,HD_132406_b
6.563407317,0.36679833,HD_132406_b
6.566689021,0.34871124,HD_132406_b
6.569972366,0.33835983,HD_132406_b
6.573257352,0.33643961,HD_132406_b
6.57654398,0.3429532,HD_132406_b
6.579832252,0.35727781,HD_132406_b
6.583122169,0.37829472,HD_132406_b
6.58641373,0.40451075,HD_132406_b
6.589706936,0.4341155,HD_132406_b
6.59300179,0.46497423,HD_132406_b
6.596298291,0.4946164,HD_132406_b
6.59959644,0.52030572,HD_132406_b
6.602896238,0.53925942,HD_132406_b
6.606197686,0.54901609,HD_132406_b
6.609500785,0.5478873,HD_132406_b
6.612805536,0.53538234,HD_132406_b
6.616111938,0.51250266,HD_132406_b
6.619419994,0.48181389,HD_132406_b
6.622729704,0.44724794,HD_132406_b
6.626041069,0.41362493,HD_132406_b
6.62935409,0.38594228,HD_132406_b
6.632668767,0.3685275,HD_132406_b
6.635985101,0.36421364,HD_132406_b
6.639303094,0.37373301,HD_132406_b
6.642622745,0.39550607,HD_132406_b
6.645944057,0.42591765,HD_132406_b
6.649267029,0.4600602,HD_132406_b
6.652591662,0.49277806,HD_132406_b
6.655917958,0.51976171,HD_132406_b
6.659245917,0.538417,HD_132406_b
6.66257554,0.54828937,HD_132406_b
6.665906828,0.55095618,HD_132406_b
6.669239781,0.54943121,HD_132406_b
6.672574401,0.54725285,HD_132406_b
6.675910688,0.54750568,HD_132406_b
6.679248644,0.55202364,HD_132406_b
6.682588268,0.56097901,HD_132406_b
6.685929562,0.57295514,HD_132406_b
6.689272527,0.58547308,HD_132406_b
6.692617163,0.59581523,HD_132406_b
6.695963472,0.60190901,HD_132406_b
6.699311453,0.60301169,HD_132406_b
6.702661109,0.59999567,HD_132406_b
6.70601244,0.59516456,HD_132406_b
6.709365446,0.59166915,HD_132406_b
6.712720129,0.59270302,HD_132406_b
6.716076489,0.60071751,HD_132406_b
6.719434527,0.61685903,HD_132406_b
6.722794244,0.64075376,HD_132406_b
6.726155641,0.67065506,HD_132406_b
6.729518719,0.70387908,HD_132406_b
6.732883478,0.73737639,HD_132406_b
6.73624992,0.76828054,HD_132406_b
6.739618045,0.79429079,HD_132406_b
6.742987854,0.81381963,HD_132406_b
6.746359348,0.82592037,HD_132406_b
6.749732528,0.83008887,HD_132406_b
6.753107394,0.82606496,HD_132406_b
6.756483948,0.8137495,HD_132406_b
6.75986219,0.79328707,HD_132406_b
6.763242121,0.76527701,HD_132406_b
6.766623742,0.73102019,HD_132406_b
6.770007054,0.69268661,HD_132406_b
6.773392057,0.65330251,HD_132406_b
6.776778753,0.61650704,HD_132406_b
6.780167143,0.58608613,HD_132406_b
6.783557226,0.56535202,HD_132406_b
6.786949005,0.55648729,HD_132406_b
6.790342479,0.56001128,HD_132406_b
6.793737651,0.57453431,HD_132406_b
6.797134519,0.59691995,HD_132406_b
6.800533087,0.62288122,HD_132406_b
6.803933353,0.64788924,HD_132406_b
6.80733532,0.66816802,HD_132406_b
6.810738988,0.68147734,HD_132406_b
6.814144357,0.68743621,HD_132406_b
6.817551429,0.68727587,HD_132406_b
6.820960205,0.68310652,HD_132406_b
6.824370685,0.67695406,HD_132406_b
6.82778287,0.66992243,HD_132406_b
6.831196762,0.66178789,HD_132406_b
6.83461236,0.65118577,HD_132406_b
6.838029666,0.63632387,HD_132406_b
6.841448681,0.6159621,HD_132406_b
6.844869406,0.59028663,HD_132406_b
6.84829184,0.56135117,HD_132406_b
6.851715986,0.53290621,HD_132406_b
6.855141844,0.50964711,HD_132406_b
6.858569415,0.49611756,HD_132406_b
6.8619987,0.49560246,HD_132406_b
6.865429699,0.50933756,HD_132406_b
6.868862414,0.53624151,HD_132406_b
6.872296845,0.57321403,HD_132406_b
6.875732994,0.61587047,HD_132406_b
6.87917086,0.6594901,HD_132406_b
6.882610446,0.69992942,HD_132406_b
6.886051751,0.73430219,HD_132406_b
6.889494777,0.76131647,HD_132406_b
6.892939524,0.78125192,HD_132406_b
6.896385994,0.79562678,HD_132406_b
6.899834187,0.80665956,HD_132406_b
6.903284104,0.81665219,HD_132406_b
6.906735746,0.82742725,HD_132406_b
6.910189114,0.83993366,HD_132406_b
6.913644208,0.8540922,HD_132406_b
6.91710103,0.86888817,HD_132406_b
6.920559581,0.8826517,HD_132406_b
6.924019861,0.89343252,HD_132406_b
6.927481871,0.89937441,HD_132406_b
6.930945612,0.89902774,HD_132406_b
6.934411084,0.89158586,HD_132406_b
6.93787829,0.87705164,HD_132406_b
6.941347229,0.8563357,HD_132406_b
6.944817903,0.83125886,HD_132406_b
6.948290312,0.80440524,HD_132406_b
6.951764457,0.77879002,HD_132406_b
6.955240339,0.75735957,HD_132406_b
6.958717959,0.74242071,HD_132406_b
6.962197318,0.73516205,HD_132406_b
6.965678417,0.73543419,HD_132406_b
6.969161256,0.74187692,HD_132406_b
6.972645837,0.75236772,HD_132406_b
6.97613216,0.76464042,HD_132406_b
6.979620226,0.77685991,HD_132406_b
6.983110036,0.78795736,HD_132406_b
6.986601591,0.79764316,HD_132406_b
6.990094892,0.80612789,HD_132406_b
6.993589939,0.81370971,HD_132406_b
6.997086734,0.82041117,HD_132406_b
7.000585277,0.82581285,HD_132406_b
7.00408557,0.82912616,HD_132406_b
7.007587613,0.82944084,HD_132406_b
7.011091407,0.82601674,HD_132406_b
7.014596952,0.81849736,HD_132406_b
7.018104251,0.80698753,HD_132406_b
7.021613303,0.7920239,HD_132406_b
7.02512411,0.77451558,HD_132406_b
7.028636672,0.75571945,HD_132406_b
7.03215099,0.73725234,HD_132406_b
7.035667065,0.72107146,HD_132406_b
7.039184899,0.70933524,HD_132406_b
7.042704491,0.7040945,HD_132406_b
7.046225844,0.70686359,HD_132406_b
7.049748957,0.71820805,HD_132406_b
7.053273831,0.73750458,HD_132406_b
7.056800468,0.76299334,HD_132406_b
7.060328868,0.79212,HD_132406_b
7.063859033,0.82206594,HD_132406_b
7.067390962,0.85029485,HD_132406_b
7.070924658,0.87495419,HD_132406_b
7.07446012,0.89503853,HD_132406_b
7.07799735,0.91030834,HD_132406_b
7.081536349,0.92104193,HD_132406_b
7.085077117,0.92773988,HD_132406_b
7.088619655,0.93089261,HD_132406_b
7.092163965,0.93087947,HD_132406_b
7.095710047,0.92800852,HD_132406_b
7.099257902,0.92263646,HD_132406_b
7.102807531,0.91529174,HD_132406_b
7.106358935,0.90670148,HD_132406_b
7.109912115,0.89768867,HD_132406_b
7.113467071,0.88895887,HD_132406_b
7.117023804,0.88086274,HD_132406_b
7.120582316,0.87324709,HD_132406_b
7.124142607,0.86548319,HD_132406_b
7.127704678,0.85668758,HD_132406_b
7.131268531,0.84606081,HD_132406_b
7.134834165,0.83322127,HD_132406_b
7.138401582,0.8184075,HD_132406_b
7.141970783,0.80248061,HD_132406_b
7.145541768,0.78675402,HD_132406_b
7.149114539,0.77273341,HD_132406_b
7.152689096,0.76186652,HD_132406_b
7.156265441,0.75535982,HD_132406_b
7.159843574,0.75406052,HD_132406_b
7.163423496,0.75836533,HD_132406_b
7.167005207,0.76812556,HD_132406_b
7.17058871,0.78256479,HD_132406_b
7.174174004,0.8002684,HD_132406_b
7.177761091,0.81931258,HD_132406_b
7.181349972,0.83755885,HD_132406_b
7.184940647,0.85306914,HD_132406_b
7.188533117,0.86452944,HD_132406_b
7.192127384,0.87154705,HD_132406_b
7.195723447,0.8747151,HD_132406_b
7.199321309,0.8754174,HD_132406_b
7.20292097,0.87542473,HD_132406_b
7.20652243,0.8764065,HD_132406_b
7.210125691,0.87950872,HD_132406_b
7.213730754,0.88510787,HD_132406_b
7.21733762,0.89279424,HD_132406_b
7.220946288,0.90155539,HD_132406_b
7.224556762,0.91007112,HD_132406_b
7.22816904,0.91701656,HD_132406_b
7.231783125,0.92128565,HD_132406_b
7.235399016,0.92210078,HD_132406_b
7.239016716,0.91902214,HD_132406_b
7.242636224,0.91189884,HD_132406_b
7.246257542,0.90082245,HD_132406_b
7.249880671,0.88611396,HD_132406_b
7.253505611,0.86835624,HD_132406_b
7.257132364,0.84844224,HD_132406_b
7.26076093,0.82759213,HD_132406_b
7.264391311,0.80728301,HD_132406_b
7.268023506,0.78906439,HD_132406_b
7.271657518,0.77427467,HD_132406_b
7.275293347,0.76373601,HD_132406_b
7.278930993,0.7575276,HD_132406_b
7.282570459,0.75493634,HD_132406_b
7.286211744,0.75461701,HD_132406_b
7.28985485,0.75492602,HD_132406_b
7.293499777,0.75430841,HD_132406_b
7.297146527,0.75160713,HD_132406_b
7.300795101,0.74620675,HD_132406_b
7.304445498,0.7379925,HD_132406_b
7.308097721,0.72719039,HD_132406_b
7.31175177,0.71418624,HD_132406_b
7.315407646,0.69940847,HD_132406_b
7.31906535,0.683304,HD_132406_b
7.322724882,0.66637412,HD_132406_b
7.326386245,0.6492143,HD_132406_b
7.330049438,0.63250161,HD_132406_b
7.333714462,0.61690623,HD_132406_b
7.33738132,0.60295099,HD_132406_b
7.34105001,0.59086937,HD_132406_b
7.344720535,0.58051845,HD_132406_b
7.348392896,0.57139694,HD_132406_b
7.352067092,0.56277573,HD_132406_b
7.355743126,0.55391977,HD_132406_b
7.359420997,0.54432166,HD_132406_b
7.363100708,0.53387495,HD_132406_b
7.366782258,0.5229112,HD_132406_b
7.370465649,0.51208745,HD_132406_b
7.374150882,0.50216924,HD_132406_b
7.377837957,0.49379275,HD_132406_b
7.381526876,0.48728969,HD_132406_b
7.38521764,0.48262105,HD_132406_b
7.388910249,0.47941518,HD_132406_b
7.392604704,0.47707464,HD_132406_b
7.396301006,0.47491349,HD_132406_b
7.399999157,0.47230486,HD_132406_b
7.403699156,0.46882691,HD_132406_b
7.407401006,0.46437061,HD_132406_b
7.411104706,0.45916687,HD_132406_b
7.414810259,0.4536902,HD_132406_b
7.418517664,0.44844505,HD_132406_b
7.422226923,0.44371619,HD_132406_b
7.425938036,0.43940614,HD_132406_b
7.429651005,0.43507064,HD_132406_b
7.433365831,0.4301586,HD_132406_b
7.437082514,0.42435362,HD_132406_b
7.440801055,0.41783719,HD_132406_b
7.444521455,0.4113329,HD_132406_b
7.448243716,0.40590231,HD_132406_b
7.451967838,0.40259138,HD_132406_b
7.455693822,0.40211047,HD_132406_b
7.459421669,0.4046841,HD_132406_b
7.46315138,0.41010159,HD_132406_b
7.466882955,0.41787965,HD_132406_b
7.470616397,0.42741277,HD_132406_b
7.474351705,0.4380367,HD_132406_b
7.478088881,0.44901936,HD_132406_b
7.481827925,0.45957477,HD_132406_b
7.485568839,0.46897378,HD_132406_b
7.489311624,0.47674334,HD_132406_b
7.493056279,0.48284907,HD_132406_b
7.496802808,0.48772914,HD_132406_b
7.500551209,0.49211543,HD_132406_b
7.504301485,0.49670812,HD_132406_b
7.508053635,0.50186616,HD_132406_b
7.511807662,0.50749445,HD_132406_b
7.515563566,0.51319098,HD_132406_b
7.519321348,0.51857935,HD_132406_b
7.523081008,0.52362995,HD_132406_b
7.526842549,0.5287774,HD_132406_b
7.53060597,0.53476532,HD_132406_b
7.534371273,0.54229816,HD_132406_b
7.538138459,0.55169673,HD_132406_b
7.541907528,0.56274386,HD_132406_b
7.545678482,0.57479764,HD_132406_b
7.549451321,0.587096,HD_132406_b
7.553226047,0.59908192,HD_132406_b
7.55700266,0.61057433,HD_132406_b
7.560781161,0.62172422,HD_132406_b
7.564561552,0.63280997,HD_132406_b
7.568343832,0.64401323,HD_132406_b
7.572128004,0.65530476,HD_132406_b
7.575914068,0.66648594,HD_132406_b
7.579702025,0.67732782,HD_132406_b
7.583491876,0.68769272,HD_132406_b
7.587283622,0.69754668,HD_132406_b
7.591077264,0.70684875,HD_132406_b
7.594872803,0.71538857,HD_132406_b
7.598670239,0.7226804,HD_132406_b
7.602469574,0.72799163,HD_132406_b
7.606270809,0.73049748,HD_132406_b
7.610073944,0.72947424,HD_132406_b
7.613878981,0.7244086,HD_132406_b
7.617685921,0.7149517,HD_132406_b
7.621494764,0.70073285,HD_132406_b
7.625305511,0.6811445,HD_132406_b
7.629118164,0.65525721,HD_132406_b
7.632932723,0.62197186,HD_132406_b
7.636749189,0.58041041,HD_132406_b
7.640567564,0.53043012,HD_132406_b
7.644387848,0.47306156,HD_132406_b
7.648210042,0.41068795,HD_132406_b
7.652034147,0.34686939,HD_132406_b
7.655860164,0.2858393,HD_132406_b
7.659688094,0.23182111,HD_132406_b
7.663517938,0.18835395,HD_132406_b
7.667349697,0.15778855,HD_132406_b
7.671183372,0.14105227,HD_132406_b
7.675018963,0.13768136,HD_132406_b
7.678856473,0.14606523,HD_132406_b
7.682695901,0.16381406,HD_132406_b
7.686537249,0.18816488,HD_132406_b
7.690380518,0.21637054,HD_132406_b
7.694225708,0.24603104,HD_132406_b
7.698072821,0.2753466,HD_132406_b
7.701921857,0.30326683,HD_132406_b
7.705772818,0.32951628,HD_132406_b
7.709625705,0.35447341,HD_132406_b
7.713480517,0.37890549,HD_132406_b
7.717337258,0.4035867,HD_132406_b
7.721195926,0.42888382,HD_132406_b
7.725056524,0.45442821,HD_132406_b
7.728919053,0.47900815,HD_132406_b
7.732783512,0.50076032,HD_132406_b
7.736649904,0.51765639,HD_132406_b
7.740518229,0.52815159,HD_132406_b
7.744388488,0.53177198,HD_132406_b
7.748260682,0.52940188,HD_132406_b
7.752134813,0.52312162,HD_132406_b
7.75601088,0.51560919,HD_132406_b
7.759888885,0.50930577,HD_132406_b
7.76376883,0.50566412,HD_132406_b
7.767650714,0.50478423,HD_132406_b
7.77153454,0.50558947,HD_132406_b
7.775420307,0.5064742,HD_132406_b
7.779308017,0.50614645,HD_132406_b
7.783197671,0.50429624,HD_132406_b
7.78708927,0.50179309,HD_132406_b
7.790982815,0.50032897,HD_132406_b
7.794878306,0.50166034,HD_132406_b
7.798775745,0.50678131,HD_132406_b
7.802675133,0.51539542,HD_132406_b
7.806576471,0.5259153,HD_132406_b
7.810479759,0.53599369,HD_132406_b
7.814384999,0.54336679,HD_132406_b
7.818292191,0.54666095,HD_132406_b
7.822201337,0.54584069,HD_132406_b
7.826112438,0.54213086,HD_132406_b
7.830025494,0.53744933,HD_132406_b
7.833940507,0.53359756,HD_132406_b
7.837857477,0.53153017,HD_132406_b
7.841776406,0.5309857,HD_132406_b
7.845697294,0.5306089,HD_132406_b
7.849620143,0.5285028,HD_132406_b
7.853544953,0.52298464,HD_132406_b
7.857471725,0.51325965,HD_132406_b
7.861400461,0.49977688,HD_132406_b
7.865331161,0.48415882,HD_132406_b
7.869263827,0.46876003,HD_132406_b
7.873198459,0.45602321,HD_132406_b
7.877135058,0.44784108,HD_132406_b
7.881073626,0.44510655,HD_132406_b
7.885014162,0.44754525,HD_132406_b
7.888956669,0.45384317,HD_132406_b
7.892901148,0.46201771,HD_132406_b
7.896847598,0.46991861,HD_132406_b
7.900796022,0.47575625,HD_132406_b
7.90474642,0.47853392,HD_132406_b
7.908698793,0.47830132,HD_132406_b
7.912653143,0.47617017,HD_132406_b
7.916609469,0.47408315,HD_132406_b
7.920567774,0.47437346,HD_132406_b
7.924528058,0.47920444,HD_132406_b
7.928490322,0.49001224,HD_132406_b
7.932454567,0.50709673,HD_132406_b
7.936420794,0.52947471,HD_132406_b
7.940389005,0.5550569,HD_132406_b
7.944359199,0.5811246,HD_132406_b
7.948331379,0.60498685,HD_132406_b
7.952305545,0.6246368,HD_132406_b
7.956281697,0.63921312,HD_132406_b
7.960259838,0.64912584,HD_132406_b
7.964239968,0.65580662,HD_132406_b
7.968222088,0.66116699,HD_132406_b
7.972206199,0.66694024,HD_132406_b
7.976192302,0.67412276,HD_132406_b
7.980180398,0.68269167,HD_132406_b
7.984170489,0.69167824,HD_132406_b
7.988162574,0.69955301,HD_132406_b
7.992156655,0.70477724,HD_132406_b
7.996152734,0.706324,HD_132406_b
8.00015081,0.70400642,HD_132406_b
8.004150885,0.69853318,HD_132406_b
8.008152961,0.69130345,HD_132406_b
8.012157037,0.68403326,HD_132406_b
8.016163116,0.67833918,HD_132406_b
8.020171197,0.67539406,HD_132406_b
8.024181283,0.6757344,HD_132406_b
8.028193374,0.6792456,HD_132406_b
8.03220747,0.68530124,HD_132406_b
8.036223574,0.69299275,HD_132406_b
8.040241686,0.70137225,HD_132406_b
8.044261807,0.70963464,HD_132406_b
8.048283938,0.71720951,HD_132406_b
8.052308079,0.72377475,HD_132406_b
8.056334234,0.72923655,HD_132406_b
8.060362401,0.73372955,HD_132406_b
8.064392582,0.73763913,HD_132406_b
8.068424778,0.74162599,HD_132406_b
8.072458991,0.74658429,HD_132406_b
8.07649522,0.75349555,HD_132406_b
8.080533468,0.76318334,HD_132406_b
8.084573734,0.77603405,HD_132406_b
8.088616021,0.79178356,HD_132406_b
8.092660329,0.80946419,HD_132406_b
8.096706659,0.82754674,HD_132406_b
8.100755013,0.84425258,HD_132406_b
8.10480539,0.85795494,HD_132406_b
8.108857793,0.86755598,HD_132406_b
8.112912222,0.87274404,HD_132406_b
8.116968678,0.87406274,HD_132406_b
8.121027162,0.8727756,HD_132406_b
8.125087676,0.87055497,HD_132406_b
8.12915022,0.86907545,HD_132406_b
8.133214795,0.86961668,HD_132406_b
8.137281402,0.87278194,HD_132406_b
8.141350043,0.87840583,HD_132406_b
8.145420718,0.88566789,HD_132406_b
8.149493428,0.89336264,HD_132406_b
8.153568175,0.90023487,HD_132406_b
8.157644959,0.9052804,HD_132406_b
8.161723782,0.90793946,HD_132406_b
8.165804643,0.90815881,HD_132406_b
8.169887546,0.90633616,HD_132406_b
8.17397249,0.90319213,HD_132406_b
8.178059476,0.8996118,HD_132406_b
8.182148506,0.89649152,HD_132406_b
8.18623958,0.89460849,HD_132406_b
8.1903327,0.89452401,HD_132406_b
8.194427866,0.89652665,HD_132406_b
8.19852508,0.90061889,HD_132406_b
8.202624342,0.90654691,HD_132406_b
8.206725655,0.9138643,HD_132406_b
8.210829017,0.92201409,HD_132406_b
8.214934432,0.93040935,HD_132406_b
8.219041899,0.93849749,HD_132406_b
8.22315142,0.94580685,HD_132406_b
8.227262996,0.95197766,HD_132406_b
8.231376627,0.95678953,HD_132406_b
8.235492316,0.96018504,HD_132406_b
8.239610062,0.96228473,HD_132406_b
8.243729867,0.96337908,HD_132406_b
8.247851732,0.96388635,HD_132406_b
8.251975658,0.96427685,HD_132406_b
8.256101645,0.96497787,HD_132406_b
8.260229696,0.96628475,HD_132406_b
8.264359811,0.96830424,HD_132406_b
8.268491991,0.97094519,HD_132406_b
8.272626237,0.97395737,HD_132406_b
8.27676255,0.97700368,HD_132406_b
8.280900931,0.97974306,HD_132406_b
8.285041382,0.98190356,HD_132406_b
8.289183903,0.98332931,HD_132406_b
8.293328494,0.98399764,HD_132406_b
8.297475159,0.98400678,HD_132406_b
8.301623896,0.98354376,HD_132406_b
8.305774708,0.98284072,HD_132406_b
8.309927596,0.98212944,HD_132406_b
8.314082559,0.98160287,HD_132406_b
8.318239601,0.98139037,HD_132406_b
8.32239872,0.98154848,HD_132406_b
8.32655992,0.98206781,HD_132406_b
8.3307232,0.98289051,HD_132406_b
8.334888561,0.98393181,HD_132406_b
8.339056006,0.98509902,HD_132406_b
8.343225534,0.98630381,HD_132406_b
8.347397146,0.98746732,HD_132406_b
8.351570845,0.98851995,HD_132406_b
8.35574663,0.98940024,HD_132406_b
8.359924504,0.99005617,HD_132406_b
8.364104466,0.99045023,HD_132406_b
8.368286518,0.99056766,HD_132406_b
8.372470662,0.99042478,HD_132406_b
8.376656897,0.9900734,HD_132406_b
8.380845225,0.98959804,HD_132406_b
8.385035648,0.98910452,HD_132406_b
8.389228166,0.9887014,HD_132406_b
8.39342278,0.98847863,HD_132406_b
8.397619491,0.9884895,HD_132406_b
8.401818301,0.98874146,HD_132406_b
8.40601921,0.98919876,HD_132406_b
8.41022222,0.98979598,HD_132406_b
8.414427331,0.99045735,HD_132406_b
8.418634544,0.9911158,HD_132406_b
8.422843862,0.99172559,HD_132406_b
8.427055284,0.99226573,HD_132406_b
8.431268811,0.9927352,HD_132406_b
8.435484446,0.99314325,HD_132406_b
8.439702188,0.99349969,HD_132406_b
8.443922039,0.99380829,HD_132406_b
8.448144,0.99406494,HD_132406_b
8.452368072,0.9942599,HD_132406_b
8.456594256,0.99438216,HD_132406_b
8.460822553,0.99442405,HD_132406_b
8.465052965,0.99438474,HD_132406_b
8.469285491,0.9942721,HD_132406_b
8.473520134,0.99410264,HD_132406_b
8.477756894,0.9938999,HD_132406_b
8.481995772,0.99369114,HD_132406_b
8.48623677,0.99350315,HD_132406_b
8.490479889,0.9933579,HD_132406_b
8.494725128,0.99326946,HD_132406_b
8.498972491,0.99324285,HD_132406_b
8.503221977,0.99327512,HD_132406_b
8.507473588,0.99335797,HD_132406_b
8.511727325,0.99348055,HD_132406_b
8.515983189,0.99363144,HD_132406_b
8.52024118,0.99379959,HD_132406_b
8.524501301,0.9939745,HD_132406_b
8.528763552,0.99414651,HD_132406_b
8.533027933,0.99430743,HD_132406_b
8.537294447,0.99445139,HD_132406_b
8.541563095,0.99457543,HD_132406_b
8.545833876,0.99467921,HD_132406_b
8.550106793,0.99476396,HD_132406_b
8.554381846,0.99483131,HD_132406_b
8.558659037,0.9948826,HD_132406_b
8.562938367,0.99491927,HD_132406_b
8.567219836,0.99494379,HD_132406_b
8.571503446,0.99496066,HD_132406_b
8.575789198,0.99497632,HD_132406_b
8.580077092,0.99499786,HD_132406_b
8.584367131,0.99503084,HD_132406_b
8.588659314,0.99507719,HD_132406_b
8.592953644,0.99513414,HD_132406_b
8.597250121,0.9951947,HD_132406_b
8.601548746,0.99524951,HD_132406_b
8.60584952,0.99528907,HD_132406_b
8.610152445,0.99530567,HD_132406_b
8.614457521,0.99529445,HD_132406_b
8.61876475,0.99525369,HD_132406_b
8.623074132,0.99518488,HD_132406_b
8.627385669,0.99509289,HD_132406_b
8.631699362,0.99498638,HD_132406_b
8.636015212,0.99487787,HD_132406_b
8.64033322,0.99478292,HD_132406_b
8.644653386,0.99471786,HD_132406_b
8.648975713,0.99469661,HD_132406_b
8.653300201,0.99472735,HD_132406_b
8.657626851,0.99481051,HD_132406_b
8.661955664,0.99493883,HD_132406_b
8.666286642,0.99509952,HD_132406_b
8.670619785,0.99527769,HD_132406_b
8.674955095,0.99545984,HD_132406_b
8.679292573,0.99563615,HD_132406_b
8.683632219,0.99580113,HD_132406_b
8.687974035,0.99595293,HD_132406_b
8.692318022,0.99609183,HD_132406_b
8.696664181,0.99621878,HD_132406_b
8.701012513,0.99633432,HD_132406_b
8.70536302,0.99643812,HD_132406_b
8.709715701,0.99652907,HD_132406_b
8.714070559,0.9966057,HD_132406_b
8.718427594,0.99666692,HD_132406_b
8.722786808,0.99671278,HD_132406_b
8.727148201,0.99674501,HD_132406_b
8.731511776,0.99676705,HD_132406_b
8.735877531,0.99678328,HD_132406_b
8.74024547,0.9967977,HD_132406_b
8.744615593,0.99681236,HD_132406_b
8.748987901,0.99682621,HD_132406_b
8.753362395,0.99683488,HD_132406_b
8.757739076,0.99683151,HD_132406_b
8.762117945,0.99680851,HD_132406_b
8.766499004,0.99675968,HD_132406_b
8.770882254,0.99668217,HD_132406_b
8.775267695,0.9965778,HD_132406_b
8.779655329,0.99645363,HD_132406_b
8.784045157,0.99632158,HD_132406_b
8.788437179,0.99619712,HD_132406_b
8.792831398,0.99609713,HD_132406_b
8.797227813,0.99603696,HD_132406_b
8.801626427,0.99602741,HD_132406_b
8.806027241,0.99607216,HD_132406_b
8.810430254,0.99616667,HD_132406_b
8.814835469,0.99629904,HD_132406_b
8.819242887,0.99645268,HD_132406_b
8.823652508,0.9966101,HD_132406_b
8.828064335,0.9967565,HD_132406_b
8.832478367,0.99688217,HD_132406_b
8.836894606,0.99698309,HD_132406_b
8.841313053,0.99705987,HD_132406_b
8.84573371,0.9971158,HD_132406_b
8.850156577,0.99715492,HD_132406_b
8.854581655,0.99718063,HD_132406_b
8.859008946,0.99719511,HD_132406_b
8.86343845,0.99719935,HD_132406_b
8.86787017,0.99719337,HD_132406_b
8.872304105,0.99717654,HD_132406_b
8.876740257,0.99714796,HD_132406_b
8.881178627,0.99710696,HD_132406_b
8.885619216,0.99705379,HD_132406_b
8.890062026,0.99699041,HD_132406_b
8.894507057,0.99692093,HD_132406_b
8.89895431,0.9968515,HD_132406_b
8.903403787,0.99678951,HD_132406_b
8.907855489,0.99674231,HD_132406_b
8.912309417,0.99671569,HD_132406_b
8.916765572,0.9967128,HD_132406_b
8.921223955,0.9967336,HD_132406_b
8.925684567,0.99677508,HD_132406_b
8.930147409,0.996832,HD_132406_b
8.934612483,0.99689794,HD_132406_b
8.939079789,0.99696628,HD_132406_b
8.943549329,0.99703106,HD_132406_b
8.948021103,0.9970875,HD_132406_b
8.952495114,0.99713234,HD_132406_b
8.956971361,0.99716389,HD_132406_b
8.961449847,0.99718199,HD_132406_b
8.965930572,0.99718774,HD_132406_b
8.970413537,0.99718311,HD_132406_b
8.974898744,0.99717063,HD_132406_b
8.979386194,0.99715307,HD_132406_b
8.983875887,0.99713326,HD_132406_b
8.988367825,0.99711389,HD_132406_b
8.992862008,0.99709736,HD_132406_b
8.997358439,0.99708544,HD_132406_b
9.001857119,0.99707893,HD_132406_b
9.006358047,0.9970775,HD_132406_b
9.010861226,0.99707979,HD_132406_b
9.015366657,0.99708385,HD_132406_b
9.01987434,0.99708781,HD_132406_b
9.024384277,0.99709056,HD_132406_b
9.02889647,0.99709202,HD_132406_b
9.033410918,0.99709307,HD_132406_b
9.037927623,0.99709504,HD_132406_b
9.042446587,0.99709903,HD_132406_b
9.04696781,0.9971055,HD_132406_b
9.051491294,0.99711404,HD_132406_b
9.05601704,0.99712374,HD_132406_b
9.060545048,0.99713361,HD_132406_b
9.065075321,0.99714318,HD_132406_b
9.069607859,0.99715263,HD_132406_b
9.074142663,0.99716277,HD_132406_b
9.078679734,0.99717457,HD_132406_b
9.083219074,0.99718871,HD_132406_b
9.087760683,0.99720523,HD_132406_b
9.092304564,0.99722346,HD_132406_b
9.096850716,0.99724225,HD_132406_b
9.101399141,0.99726026,HD_132406_b
9.105949841,0.99727634,HD_132406_b
9.110502816,0.99728967,HD_132406_b
9.115058067,0.99729985,HD_132406_b
9.119615596,0.99730675,HD_132406_b
9.124175404,0.99731039,HD_132406_b
9.128737492,0.99731085,HD_132406_b
9.13330186,0.99730822,HD_132406_b
9.137868511,0.9973026,HD_132406_b
9.142437446,0.99729415,HD_132406_b
9.147008664,0.9972832,HD_132406_b
9.151582169,0.99727025,HD_132406_b
9.15615796,0.99725608,HD_132406_b
9.160736039,0.99724167,HD_132406_b
9.165316407,0.9972282,HD_132406_b
9.169899065,0.99721691,HD_132406_b
9.174484014,0.99720887,HD_132406_b
9.179071256,0.99720488,HD_132406_b
9.183660792,0.99720521,HD_132406_b
9.188252622,0.99720959,HD_132406_b
9.192846749,0.9972172,HD_132406_b
9.197443172,0.99722684,HD_132406_b
9.202041894,0.99723713,HD_132406_b
9.206642915,0.99724672,HD_132406_b
9.211246236,0.9972545,HD_132406_b
9.215851859,0.99725969,HD_132406_b
9.220459785,0.9972619,HD_132406_b
9.225070015,0.99726111,HD_132406_b
9.22968255,0.99725762,HD_132406_b
9.234297391,0.99725198,HD_132406_b
9.23891454,0.99724494,HD_132406_b
9.243533997,0.99723729,HD_132406_b
9.248155764,0.99722975,HD_132406_b
9.252779842,0.99722285,HD_132406_b
9.257406232,0.99721683,HD_132406_b
9.262034935,0.99721158,HD_132406_b
9.266665953,0.99720667,HD_132406_b
9.271299286,0.99720152,HD_132406_b
9.275934935,0.99719546,HD_132406_b
9.280572903,0.99718799,HD_132406_b
9.285213189,0.99717886,HD_132406_b
9.289855796,0.99716818,HD_132406_b
9.294500724,0.9971564,HD_132406_b
9.299147974,0.99714421,HD_132406_b
9.303797548,0.99713246,HD_132406_b
9.308449447,0.99712192,HD_132406_b
9.313103672,0.99711318,HD_132406_b
9.317760223,0.99710647,HD_132406_b
9.322419104,0.99710163,HD_132406_b
9.327080313,0.99709805,HD_132406_b
9.331743853,0.99709473,HD_132406_b
9.336409725,0.99709047,HD_132406_b
9.34107793,0.99708398,HD_132406_b
9.345748469,0.99707419,HD_132406_b
9.350421343,0.99706055,HD_132406_b
9.355096554,0.99704322,HD_132406_b
9.359774102,0.99702323,HD_132406_b
9.364453989,0.99700237,HD_132406_b
9.369136216,0.99698293,HD_132406_b
9.373820784,0.99696715,HD_132406_b
9.378507695,0.99695675,HD_132406_b
9.383196949,0.99695245,HD_132406_b
9.387888547,0.9969539,HD_132406_b
9.392582491,0.9969598,HD_132406_b
9.397278783,0.99696829,HD_132406_b
9.401977422,0.99697749,HD_132406_b
9.406678411,0.99698588,HD_132406_b
9.41138175,0.99699253,HD_132406_b
9.416087441,0.99699707,HD_132406_b
9.420795485,0.99699956,HD_132406_b
9.425505882,0.99700023,HD_132406_b
9.430218635,0.99699933,HD_132406_b
9.434933745,0.99699704,HD_132406_b
9.439651211,0.99699348,HD_132406_b
9.444371037,0.99698874,HD_132406_b
9.449093222,0.99698299,HD_132406_b
9.453817769,0.9969765,HD_132406_b
9.458544678,0.99696962,HD_132406_b
9.46327395,0.9969627,HD_132406_b
9.468005587,0.99695605,HD_132406_b
9.47273959,0.99694983,HD_132406_b
9.47747596,0.99694405,HD_132406_b
9.482214698,0.9969386,HD_132406_b
9.486955805,0.9969333,HD_132406_b
9.491699283,0.99692798,HD_132406_b
9.496445133,0.99692254,HD_132406_b
9.501193355,0.99691698,HD_132406_b
9.505943952,0.99691141,HD_132406_b
9.510696924,0.996906,HD_132406_b
9.515452272,0.99690094,HD_132406_b
9.520209999,0.99689641,HD_132406_b
9.524970104,0.99689253,HD_132406_b
9.529732589,0.9968893,HD_132406_b
9.534497455,0.99688667,HD_132406_b
9.539264704,0.99688447,HD_132406_b
9.544034336,0.99688246,HD_132406_b
9.548806353,0.99688038,HD_132406_b
9.553580756,0.99687799,HD_132406_b
9.558357547,0.99687508,HD_132406_b
9.563136726,0.99687154,HD_132406_b
9.567918294,0.99686737,HD_132406_b
9.572702253,0.99686263,HD_132406_b
9.577488604,0.99685748,HD_132406_b
9.582277348,0.99685207,HD_132406_b
9.587068487,0.99684659,HD_132406_b
9.591862021,0.99684118,HD_132406_b
9.596657952,0.99683591,HD_132406_b
9.601456281,0.99683086,HD_132406_b
9.606257009,0.99682602,HD_132406_b
9.611060138,0.99682138,HD_132406_b
9.615865668,0.99681685,HD_132406_b
9.620673601,0.99681234,HD_132406_b
9.625483938,0.9968077,HD_132406_b
9.63029668,0.99680279,HD_132406_b
9.635111828,0.99679749,HD_132406_b
9.639929384,0.99679173,HD_132406_b
9.644749349,0.99678556,HD_132406_b
9.649571723,0.99677913,HD_132406_b
9.654396509,0.99677269,HD_132406_b
9.659223707,0.99676649,HD_132406_b
9.664053319,0.99676074,HD_132406_b
9.668885346,0.99675552,HD_132406_b
9.673719789,0.99675073,HD_132406_b
9.678556648,0.99674618,HD_132406_b
9.683395927,0.99674158,HD_132406_b
9.688237625,0.99673673,HD_132406_b
9.693081744,0.99673152,HD_132406_b
9.697928284,0.99672606,HD_132406_b
9.702777249,0.99672062,HD_132406_b
9.707628637,0.9967156,HD_132406_b
9.712482452,0.99671139,HD_132406_b
9.717338693,0.9967083,HD_132406_b
9.722197362,0.99670642,HD_132406_b
9.727058461,0.99670567,HD_132406_b
9.73192199,0.99670575,HD_132406_b
9.736787951,0.99670628,HD_132406_b
9.741656345,0.99670682,HD_132406_b
9.746527173,0.99670706,HD_132406_b
9.751400437,0.99670676,HD_132406_b
9.756276137,0.99670582,HD_132406_b
9.761154275,0.99670426,HD_132406_b
9.766034852,0.99670215,HD_132406_b
9.77091787,0.99669958,HD_132406_b
9.775803329,0.99669661,HD_132406_b
9.78069123,0.99669326,HD_132406_b
9.785581576,0.99668953,HD_132406_b
9.790474367,0.99668541,HD_132406_b
9.795369604,0.99668089,HD_132406_b
9.800267289,0.99667598,HD_132406_b
9.805167422,0.99667077,HD_132406_b
9.810070006,0.99666538,HD_132406_b
9.814975041,0.99665995,HD_132406_b
9.819882528,0.99665461,HD_132406_b
9.82479247,0.99664949,HD_132406_b
9.829704866,0.99664467,HD_132406_b
9.834619718,0.99664017,HD_132406_b
9.839537028,0.99663603,HD_132406_b
9.844456797,0.99663227,HD_132406_b
9.849379025,0.99662889,HD_132406_b
9.854303715,0.99662591,HD_132406_b
9.859230867,0.99662328,HD_132406_b
9.864160482,0.99662092,HD_132406_b
9.869092562,0.99661873,HD_132406_b
9.874027109,0.99661658,HD_132406_b
9.878964122,0.99661436,HD_132406_b
9.883903604,0.99661203,HD_132406_b
9.888845556,0.99660964,HD_132406_b
9.893789979,0.99660726,HD_132406_b
9.898736874,0.99660498,HD_132406_b
9.903686242,0.99660284,HD_132406_b
9.908638085,0.99660082,HD_132406_b
9.913592404,0.99659884,HD_132406_b
9.9185492,0.99659674,HD_132406_b
9.923508475,0.99659437,HD_132406_b
9.928470229,0.99659163,HD_132406_b
9.933434464,0.99658845,HD_132406_b
9.938401182,0.99658489,HD_132406_b
9.943370382,0.99658105,HD_132406_b
9.948342067,0.99657709,HD_132406_b
9.953316238,0.9965732,HD_132406_b
9.958292897,0.99656952,HD_132406_b
9.963272043,0.99656613,HD_132406_b
9.968253679,0.99656304,HD_132406_b
9.973237806,0.9965602,HD_132406_b
9.978224425,0.99655751,HD_132406_b
9.983213537,0.99655483,HD_132406_b
9.988205144,0.99655208,HD_132406_b
9.993199246,0.9965492,HD_132406_b
9.998195846,0.99654619,HD_132406_b
10.00319494,0.99654307,HD_132406_b
10.00819654,0.9965399,HD_132406_b
10.01320064,0.99653672,HD_132406_b
10.01820724,0.99653356,HD_132406_b
10.02321634,0.9965304,HD_132406_b
10.02822795,0.99652724,HD_132406_b
10.03324207,0.99652403,HD_132406_b
10.03825869,0.99652075,HD_132406_b
10.04327782,0.99651735,HD_132406_b
10.04829946,0.99651384,HD_132406_b
10.0533236,0.99651021,HD_132406_b
10.05835027,0.99650648,HD_132406_b
10.06337944,0.99650265,HD_132406_b
10.06841113,0.99649875,HD_132406_b
10.07344534,0.99649478,HD_132406_b
10.07848206,0.99649075,HD_132406_b
10.0835213,0.99648667,HD_132406_b
10.08856306,0.99648253,HD_132406_b
10.09360734,0.99647835,HD_132406_b
10.09865415,0.99647412,HD_132406_b
10.10370347,0.99646983,HD_132406_b
10.10875533,0.99646548,HD_132406_b
10.1138097,0.99646107,HD_132406_b
10.11886661,0.9964566,HD_132406_b
10.12392604,0.99645205,HD_132406_b
10.128988,0.99644743,HD_132406_b
10.1340525,0.99644273,HD_132406_b
10.13911952,0.99643796,HD_132406_b
10.14418908,0.99643312,HD_132406_b
10.14926118,0.99642824,HD_132406_b
10.15433581,0.99642332,HD_132406_b
10.15941298,0.99641837,HD_132406_b
10.16449268,0.99641341,HD_132406_b
10.16957493,0.99640842,HD_132406_b
10.17465972,0.99640339,HD_132406_b
10.17974705,0.99639828,HD_132406_b
10.18483692,0.99639303,HD_132406_b
10.18992934,0.99638755,HD_132406_b
10.1950243,0.99638175,HD_132406_b
10.20012182,0.99637553,HD_132406_b
10.20522188,0.99636883,HD_132406_b
10.21032449,0.99636159,HD_132406_b
10.21542965,0.99635384,HD_132406_b
10.22053737,0.99634565,HD_132406_b
10.22564763,0.99633718,HD_132406_b
10.23076046,0.99632861,HD_132406_b
10.23587584,0.99632017,HD_132406_b
10.24099378,0.99631208,HD_132406_b
10.24611427,0.99630451,HD_132406_b
10.25123733,0.99629759,HD_132406_b
10.25636295,0.99629137,HD_132406_b
10.26149113,0.99628586,HD_132406_b
10.26662188,0.99628098,HD_132406_b
10.27175519,0.99627664,HD_132406_b
10.27689106,0.99627272,HD_132406_b
10.28202951,0.99626907,HD_132406_b
10.28717052,0.99626557,HD_132406_b
10.29231411,0.99626208,HD_132406_b
10.29746027,0.9962585,HD_132406_b
10.302609,0.99625471,HD_132406_b
10.3077603,0.99625062,HD_132406_b
10.31291418,0.99624615,HD_132406_b
10.31807064,0.99624127,HD_132406_b
10.32322967,0.99623596,HD_132406_b
10.32839129,0.99623025,HD_132406_b
10.33355548,0.9962242,HD_132406_b
10.33872226,0.99621788,HD_132406_b
10.34389162,0.99621139,HD_132406_b
10.34906357,0.99620478,HD_132406_b
10.3542381,0.99619809,HD_132406_b
10.35941522,0.99619136,HD_132406_b
10.36459493,0.99618456,HD_132406_b
10.36977722,0.99617767,HD_132406_b
10.37496211,0.99617068,HD_132406_b
10.38014959,0.99616355,HD_132406_b
10.38533967,0.99615628,HD_132406_b
10.39053234,0.99614887,HD_132406_b
10.39572761,0.99614133,HD_132406_b
10.40092547,0.99613367,HD_132406_b
10.40612593,0.99612589,HD_132406_b
10.41132899,0.99611797,HD_132406_b
10.41653466,0.99610987,HD_132406_b
10.42174293,0.9961015,HD_132406_b
10.4269538,0.99609278,HD_132406_b
10.43216728,0.99608362,HD_132406_b
10.43738336,0.99607397,HD_132406_b
10.44260205,0.99606388,HD_132406_b
10.44782335,0.99605349,HD_132406_b
10.45304726,0.99604304,HD_132406_b
10.45827379,0.9960328,HD_132406_b
10.46350292,0.99602309,HD_132406_b
10.46873468,0.9960141,HD_132406_b
10.47396904,0.99600591,HD_132406_b
10.47920603,0.99599845,HD_132406_b
10.48444563,0.99599143,HD_132406_b
10.48968785,0.99598448,HD_132406_b
10.4949327,0.99597713,HD_132406_b
10.50018016,0.99596893,HD_132406_b
10.50543025,0.99595952,HD_132406_b
10.51068297,0.99594869,HD_132406_b
10.51593831,0.99593645,HD_132406_b
10.52119628,0.99592306,HD_132406_b
10.52645688,0.99590905,HD_132406_b
10.53172011,0.9958951,HD_132406_b
10.53698597,0.99588198,HD_132406_b
10.54225446,0.99587038,HD_132406_b
10.54752559,0.99586073,HD_132406_b
10.55279935,0.99585316,HD_132406_b
10.55807575,0.99584746,HD_132406_b
10.56335479,0.99584313,HD_132406_b
10.56863646,0.99583951,HD_132406_b
10.57392078,0.99583595,HD_132406_b
10.57920774,0.99583191,HD_132406_b
10.58449735,0.99582704,HD_132406_b
10.58978959,0.99582117,HD_132406_b
10.59508449,0.99581432,HD_132406_b
10.60038203,0.99580659,HD_132406_b
10.60568222,0.99579816,HD_132406_b
10.61098506,0.99578921,HD_132406_b
10.61629056,0.99577991,HD_132406_b
10.6215987,0.99577038,HD_132406_b
10.6269095,0.9957607,HD_132406_b
10.63222296,0.99575093,HD_132406_b
10.63753907,0.9957411,HD_132406_b
10.64285784,0.9957312,HD_132406_b
10.64817927,0.99572122,HD_132406_b
10.65350336,0.99571117,HD_132406_b
10.65883011,0.99570103,HD_132406_b
10.66415952,0.99569082,HD_132406_b
10.6694916,0.99568052,HD_132406_b
10.67482635,0.99567015,HD_132406_b
10.68016376,0.99565971,HD_132406_b
10.68550384,0.9956492,HD_132406_b
10.69084659,0.99563859,HD_132406_b
10.69619202,0.9956279,HD_132406_b
10.70154011,0.99561712,HD_132406_b
10.70689088,0.99560624,HD_132406_b
10.71224433,0.99559528,HD_132406_b
10.71760045,0.99558423,HD_132406_b
10.72295925,0.9955731,HD_132406_b
10.72832073,0.99556189,HD_132406_b
10.73368489,0.99555055,HD_132406_b
10.73905173,0.99553902,HD_132406_b
10.74442126,0.9955272,HD_132406_b
10.74979347,0.99551488,HD_132406_b
10.75516837,0.99550183,HD_132406_b
10.76054595,0.99548774,HD_132406_b
10.76592622,0.99547229,HD_132406_b
10.77130919,0.99545526,HD_132406_b
10.77669484,0.99543658,HD_132406_b
10.78208319,0.99541644,HD_132406_b
10.78747423,0.99539537,HD_132406_b
10.79286797,0.99537418,HD_132406_b
10.7982644,0.99535384,HD_132406_b
10.80366353,0.99533534,HD_132406_b
10.80906537,0.99531941,HD_132406_b
10.8144699,0.99530642,HD_132406_b
10.81987713,0.99529628,HD_132406_b
10.82528707,0.99528855,HD_132406_b
10.83069972,0.99528253,HD_132406_b
10.83611507,0.99527748,HD_132406_b
10.84153312,0.99527273,HD_132406_b
10.84695389,0.9952678,HD_132406_b
10.85237737,0.99526234,HD_132406_b
10.85780356,0.99525617,HD_132406_b
10.86323246,0.99524917,HD_132406_b
10.86866407,0.9952413,HD_132406_b
10.87409841,0.99523257,HD_132406_b
10.87953545,0.99522303,HD_132406_b
10.88497522,0.99521276,HD_132406_b
10.89041771,0.99520187,HD_132406_b
10.89586292,0.99519048,HD_132406_b
10.90131085,0.99517866,HD_132406_b
10.90676151,0.99516651,HD_132406_b
10.91221489,0.99515408,HD_132406_b
10.91767099,0.99514139,HD_132406_b
10.92312983,0.99512845,HD_132406_b
10.92859139,0.99511523,HD_132406_b
10.93405569,0.99510167,HD_132406_b
10.93952272,0.99508764,HD_132406_b
10.94499248,0.99507293,HD_132406_b
10.95046498,0.99505731,HD_132406_b
10.95594021,0.9950405,HD_132406_b
10.96141818,0.99502231,HD_132406_b
10.96689889,0.9950027,HD_132406_b
10.97238234,0.99498187,HD_132406_b
10.97786853,0.99496033,HD_132406_b
10.98335746,0.99493887,HD_132406_b
10.98884914,0.99491844,HD_132406_b
10.99434357,0.99489998,HD_132406_b
10.99984074,0.99488419,HD_132406_b
11.00534066,0.99487136,HD_132406_b
11.01084333,0.99486131,HD_132406_b
11.01634875,0.99485342,HD_132406_b
11.02185692,0.99484682,HD_132406_b
11.02736785,0.99484058,HD_132406_b
11.03288154,0.99483388,HD_132406_b
11.03839798,0.99482618,HD_132406_b
11.04391718,0.99481721,HD_132406_b
11.04943913,0.99480693,HD_132406_b
11.05496385,0.9947955,HD_132406_b
11.06049134,0.99478313,HD_132406_b
11.06602158,0.99477003,HD_132406_b
11.07155459,0.99475643,HD_132406_b
11.07709037,0.99474246,HD_132406_b
11.08262892,0.99472824,HD_132406_b
11.08817023,0.99471384,HD_132406_b
11.09371431,0.99469932,HD_132406_b
11.09926117,0.9946847,HD_132406_b
11.1048108,0.99467,HD_132406_b
11.11036321,0.99465524,HD_132406_b
11.11591839,0.99464043,HD_132406_b
11.12147635,0.99462557,HD_132406_b
11.12703709,0.99461065,HD_132406_b
11.13260061,0.9945957,HD_132406_b
11.13816691,0.9945807,HD_132406_b
11.14373599,0.99456564,HD_132406_b
11.14930786,0.99455053,HD_132406_b
11.15488251,0.99453535,HD_132406_b
11.16045995,0.99452009,HD_132406_b
11.16604018,0.99450471,HD_132406_b
11.1716232,0.99448919,HD_132406_b
11.17720901,0.9944735,HD_132406_b
11.18279762,0.99445759,HD_132406_b
11.18838902,0.9944414,HD_132406_b
11.19398321,0.99442483,HD_132406_b
11.1995802,0.99440773,HD_132406_b
11.20517999,0.99438987,HD_132406_b
11.21078258,0.99437091,HD_132406_b
11.21638797,0.99435042,HD_132406_b
11.22199617,0.99432792,HD_132406_b
11.22760717,0.99430297,HD_132406_b
11.23322097,0.99427537,HD_132406_b
11.23883758,0.99424527,HD_132406_b
11.244457,0.9942134,HD_132406_b
11.25007923,0.99418102,HD_132406_b
11.25570427,0.99414983,HD_132406_b
11.26133212,0.99412167,HD_132406_b
11.26696279,0.99409811,HD_132406_b
11.27259627,0.99408007,HD_132406_b
11.27823257,0.99406758,HD_132406_b
11.28387168,0.99405982,HD_132406_b
11.28951362,0.99405529,HD_132406_b
11.29515837,0.99405223,HD_132406_b
11.30080595,0.99404901,HD_132406_b
11.30645636,0.9940444,HD_132406_b
11.31210958,0.9940377,HD_132406_b
11.31776564,0.99402869,HD_132406_b
11.32342452,0.9940175,HD_132406_b
11.32908623,0.99400442,HD_132406_b
11.33475078,0.9939898,HD_132406_b
11.34041815,0.993974,HD_132406_b
11.34608836,0.99395731,HD_132406_b
11.35176141,0.99394003,HD_132406_b
11.35743729,0.99392246,HD_132406_b
11.36311601,0.99390494,HD_132406_b
11.36879756,0.99388777,HD_132406_b
11.37448196,0.99387127,HD_132406_b
11.3801692,0.99385563,HD_132406_b
11.38585929,0.99384091,HD_132406_b
11.39155222,0.993827,HD_132406_b
11.39724799,0.99381361,HD_132406_b
11.40294662,0.99380033,HD_132406_b
11.40864809,0.99378665,HD_132406_b
11.41435242,0.99377206,HD_132406_b
11.42005959,0.99375606,HD_132406_b
11.42576962,0.9937382,HD_132406_b
11.43148251,0.99371818,HD_132406_b
11.43719825,0.99369584,HD_132406_b
11.44291685,0.99367128,HD_132406_b
11.44863831,0.99364496,HD_132406_b
11.45436262,0.99361768,HD_132406_b
11.46008981,0.99359059,HD_132406_b
11.46581985,0.99356498,HD_132406_b
11.47155276,0.99354209,HD_132406_b
11.47728854,0.99352278,HD_132406_b
11.48302718,0.99350738,HD_132406_b
11.48876869,0.99349553,HD_132406_b
11.49451308,0.99348634,HD_132406_b
11.50026034,0.99347858,HD_132406_b
11.50601047,0.99347096,HD_132406_b
11.51176347,0.99346237,HD_132406_b
11.51751935,0.9934521,HD_132406_b
11.52327811,0.99343985,HD_132406_b
11.52903975,0.9934257,HD_132406_b
11.53480427,0.99341002,HD_132406_b
11.54057167,0.99339332,HD_132406_b
11.54634196,0.99337613,HD_132406_b
11.55211513,0.9933589,HD_132406_b
11.55789119,0.99334196,HD_132406_b
11.56367013,0.99332546,HD_132406_b
11.56945197,0.99330942,HD_132406_b
11.57523669,0.99329371,HD_132406_b
11.58102431,0.99327817,HD_132406_b
11.58681482,0.99326261,HD_132406_b
11.59260823,0.99324688,HD_132406_b
11.59840454,0.99323089,HD_132406_b
11.60420374,0.99321459,HD_132406_b
11.61000584,0.993198,HD_132406_b
11.61581084,0.99318113,HD_132406_b
11.62161875,0.99316404,HD_132406_b
11.62742956,0.99314674,HD_132406_b
11.63324327,0.9931292,HD_132406_b
11.63905989,0.99311135,HD_132406_b
11.64487942,0.99309305,HD_132406_b
11.65070186,0.99307406,HD_132406_b
11.65652722,0.99305409,HD_132406_b
11.66235548,0.99303274,HD_132406_b
11.66818666,0.99300957,HD_132406_b
11.67402075,0.99298413,HD_132406_b
11.67985776,0.99295603,HD_132406_b
11.68569769,0.99292503,HD_132406_b
11.69154054,0.99289117,HD_132406_b
11.69738631,0.9928549,HD_132406_b
11.703235,0.99281716,HD_132406_b
11.70908662,0.99277935,HD_132406_b
11.71494116,0.99274322,HD_132406_b
11.72079863,0.99271058,HD_132406_b
11.72665903,0.99268293,HD_132406_b
11.73252236,0.99266121,HD_132406_b
11.73838862,0.99264556,HD_132406_b
11.74425782,0.9926354,HD_132406_b
11.75012995,0.99262964,HD_132406_b
11.75600501,0.99262698,HD_132406_b
11.76188301,0.99262622,HD_132406_b
11.76776396,0.99262641,HD_132406_b
11.77364784,0.99262684,HD_132406_b
11.77953466,0.99262699,HD_132406_b
11.78542443,0.99262636,HD_132406_b
11.79131714,0.9926245,HD_132406_b
11.7972128,0.99262096,HD_132406_b
11.80311141,0.99261538,HD_132406_b
11.80901296,0.99260757,HD_132406_b
11.81491747,0.99259747,HD_132406_b
11.82082493,0.99258519,HD_132406_b
11.82673534,0.99257089,HD_132406_b
11.83264871,0.99255478,HD_132406_b
11.83856503,0.99253705,HD_132406_b
11.84448431,0.99251787,HD_132406_b
11.85040656,0.99249746,HD_132406_b
11.85633176,0.99247609,HD_132406_b
11.86225992,0.99245412,HD_132406_b
11.86819105,0.99243199,HD_132406_b
11.87412515,0.99241024,HD_132406_b
11.88006221,0.99238941,HD_132406_b
11.88600224,0.99237001,HD_132406_b
11.89194525,0.99235246,HD_132406_b
11.89789122,0.992337,HD_132406_b
11.90384016,0.99232369,HD_132406_b
11.90979208,0.99231234,HD_132406_b
11.91574698,0.99230253,HD_132406_b
11.92170485,0.99229371,HD_132406_b
11.92766571,0.99228528,HD_132406_b
11.93362954,0.99227664,HD_132406_b
11.93959635,0.99226736,HD_132406_b
11.94556615,0.99225716,HD_132406_b
11.95153893,0.99224597,HD_132406_b
11.9575147,0.99223385,HD_132406_b
11.96349346,0.99222096,HD_132406_b
11.96947521,0.99220751,HD_132406_b
11.97545995,0.99219367,HD_132406_b
11.98144768,0.99217961,HD_132406_b
11.9874384,0.99216541,HD_132406_b
11.99343212,0.99215113,HD_132406_b
11.99942883,0.99213675,HD_132406_b
12.00542855,0.99212222,HD_132406_b
12.01143126,0.99210741,HD_132406_b
12.01743698,0.99209215,HD_132406_b
12.0234457,0.9920762,HD_132406_b
12.02945742,0.99205927,HD_132406_b
12.03547215,0.99204106,HD_132406_b
12.04148988,0.99202133,HD_132406_b
12.04751063,0.99199996,HD_132406_b
12.05353439,0.99197703,HD_132406_b
12.05956115,0.99195283,HD_132406_b
12.06559093,0.99192787,HD_132406_b
12.07162373,0.99190279,HD_132406_b
12.07765954,0.99187825,HD_132406_b
12.08369837,0.9918549,HD_132406_b
12.08974022,0.99183327,HD_132406_b
12.09578509,0.99181386,HD_132406_b
12.10183298,0.99179709,HD_132406_b
12.1078839,0.99178337,HD_132406_b
12.11393784,0.99177301,HD_132406_b
12.11999481,0.99176607,HD_132406_b
12.12605481,0.99176233,HD_132406_b
12.13211783,0.99176117,HD_132406_b
12.13818389,0.99176164,HD_132406_b
12.14425298,0.99176264,HD_132406_b
12.15032511,0.99176311,HD_132406_b
12.15640027,0.99176219,HD_132406_b
12.16247847,0.9917594,HD_132406_b
12.16855971,0.99175456,HD_132406_b
12.17464399,0.99174782,HD_132406_b
12.18073132,0.99173946,HD_132406_b
12.18682168,0.99172982,HD_132406_b
12.19291509,0.99171922,HD_132406_b
12.19901155,0.99170784,HD_132406_b
12.20511105,0.99169577,HD_132406_b
12.21121361,0.99168295,HD_132406_b
12.21731922,0.99166918,HD_132406_b
12.22342788,0.99165417,HD_132406_b
12.22953959,0.99163757,HD_132406_b
12.23565436,0.99161909,HD_132406_b
12.24177219,0.99159862,HD_132406_b
12.24789307,0.99157635,HD_132406_b
12.25401702,0.99155288,HD_132406_b
12.26014403,0.99152926,HD_132406_b
12.2662741,0.99150682,HD_132406_b
12.27240724,0.99148696,HD_132406_b
12.27854344,0.99147083,HD_132406_b
12.28468271,0.99145901,HD_132406_b
12.29082505,0.99145128,HD_132406_b
12.29697047,0.99144664,HD_132406_b
12.30311895,0.9914434,HD_132406_b
12.30927051,0.99143947,HD_132406_b
12.31542515,0.99143274,HD_132406_b
12.32158286,0.99142141,HD_132406_b
12.32774365,0.99140433,HD_132406_b
12.33390752,0.99138127,HD_132406_b
12.34007448,0.99135305,HD_132406_b
12.34624451,0.99132156,HD_132406_b
12.35241764,0.99128951,HD_132406_b
12.35859385,0.99126002,HD_132406_b
12.36477314,0.99123599,HD_132406_b
12.37095553,0.99121943,HD_132406_b
12.37714101,0.99121095,HD_132406_b
12.38332958,0.99120959,HD_132406_b
12.38952124,0.99121301,HD_132406_b
12.395716,0.99121809,HD_132406_b
12.40191386,0.99122165,HD_132406_b
12.40811482,0.99122116,HD_132406_b
12.41431887,0.9912153,HD_132406_b
12.42052603,0.99120404,HD_132406_b
12.4267363,0.99118847,HD_132406_b
12.43294967,0.9911702,HD_132406_b
12.43916614,0.99115056,HD_132406_b
12.44538572,0.99112979,HD_132406_b
12.45160842,0.99110634,HD_132406_b
12.45783422,0.99107662,HD_132406_b
12.46406314,0.99103523,HD_132406_b
12.47029517,0.99097592,HD_132406_b
12.47653032,0.99089307,HD_132406_b
12.48276858,0.99078346,HD_132406_b
12.48900997,0.99064788,HD_132406_b
12.49525447,0.99049189,HD_132406_b
12.5015021,0.99032538,HD_132406_b
12.50775285,0.99016087,HD_132406_b
12.51400673,0.99001079,HD_132406_b
12.52026373,0.98988494,HD_132406_b
12.52652386,0.98978879,HD_132406_b
12.53278712,0.98972357,HD_132406_b
12.53905352,0.98968772,HD_132406_b
12.54532304,0.98967917,HD_132406_b
12.5515957,0.98969696,HD_132406_b
12.5578715,0.98974162,HD_132406_b
12.56415044,0.98981398,HD_132406_b
12.57043251,0.98991328,HD_132406_b
12.57671773,0.99003552,HD_132406_b
12.58300609,0.99017311,HD_132406_b
12.58929759,0.99031591,HD_132406_b
12.59559224,0.99045324,HD_132406_b
12.60189004,0.99057608,HD_132406_b
12.60819098,0.99067856,HD_132406_b
12.61449508,0.99075845,HD_132406_b
12.62080232,0.99081665,HD_132406_b
12.62711273,0.99085611,HD_132406_b
12.63342628,0.99088067,HD_132406_b
12.639743,0.9908941,HD_132406_b
12.64606287,0.99089947,HD_132406_b
12.6523859,0.99089898,HD_132406_b
12.65871209,0.99089381,HD_132406_b
12.66504145,0.99088421,HD_132406_b
12.67137397,0.99086952,HD_132406_b
12.67770965,0.99084814,HD_132406_b
12.68404851,0.99081764,HD_132406_b
12.69039053,0.99077503,HD_132406_b
12.69673573,0.99071733,HD_132406_b
12.7030841,0.99064253,HD_132406_b
12.70943564,0.99055075,HD_132406_b
12.71579036,0.99044528,HD_132406_b
12.72214825,0.99033318,HD_132406_b
12.72850933,0.99022485,HD_132406_b
12.73487358,0.99013246,HD_132406_b
12.74124102,0.9900675,HD_132406_b
12.74761164,0.99003811,HD_132406_b
12.75398544,0.99004698,HD_132406_b
12.76036244,0.99009053,HD_132406_b
12.76674262,0.99015981,HD_132406_b
12.77312599,0.99024261,HD_132406_b
12.77951255,0.99032618,HD_132406_b
12.78590231,0.9903997,HD_132406_b
12.79229526,0.99045583,HD_132406_b
12.79869141,0.99049114,HD_132406_b
12.80509075,0.99050558,HD_132406_b
12.8114933,0.99050138,HD_132406_b
12.81789905,0.99048192,HD_132406_b
12.82430799,0.99045081,HD_132406_b
12.83072015,0.9904115,HD_132406_b
12.83713551,0.99036718,HD_132406_b
12.84355408,0.99032102,HD_132406_b
12.84997585,0.99027637,HD_132406_b
12.85640084,0.99023679,HD_132406_b
12.86282904,0.99020577,HD_132406_b
12.86926046,0.99018612,HD_132406_b
12.87569509,0.99017947,HD_132406_b
12.88213293,0.99018576,HD_132406_b
12.888574,0.99020323,HD_132406_b
12.89501829,0.99022875,HD_132406_b
12.9014658,0.99025836,HD_132406_b
12.90791653,0.990288,HD_132406_b
12.91437049,0.99031404,HD_132406_b
12.92082767,0.99033356,HD_132406_b
12.92728809,0.99034441,HD_132406_b
12.93375173,0.99034504,HD_132406_b
12.94021861,0.9903343,HD_132406_b
12.94668872,0.99031135,HD_132406_b
12.95316206,0.9902757,HD_132406_b
12.95963864,0.99022762,HD_132406_b
12.96611846,0.99016855,HD_132406_b
12.97260152,0.99010162,HD_132406_b
12.97908782,0.99003175,HD_132406_b
12.98557736,0.98996531,HD_132406_b
12.99207015,0.98990925,HD_132406_b
12.99856619,0.98986975,HD_132406_b
13.00506547,0.98985084,HD_132406_b
13.011568,0.98985345,HD_132406_b
13.01807379,0.98987515,HD_132406_b
13.02458283,0.98991079,HD_132406_b
13.03109512,0.9899537,HD_132406_b
13.03761066,0.98999717,HD_132406_b
13.04412947,0.99003575,HD_132406_b
13.05065153,0.99006592,HD_132406_b
13.05717686,0.99008624,HD_132406_b
13.06370545,0.99009699,HD_132406_b
13.0702373,0.99009953,HD_132406_b
13.07677242,0.99009567,HD_132406_b
13.08331081,0.99008719,HD_132406_b
13.08985246,0.99007556,HD_132406_b
13.09639739,0.99006188,HD_132406_b
13.10294559,0.99004686,HD_132406_b
13.10949706,0.99003096,HD_132406_b
13.11605181,0.99001448,HD_132406_b
13.12260983,0.98999766,HD_132406_b
13.12917114,0.98998069,HD_132406_b
13.13573572,0.98996373,HD_132406_b
13.14230359,0.98994691,HD_132406_b
13.14887474,0.9899302,HD_132406_b
13.15544918,0.98991341,HD_132406_b
13.16202691,0.98989606,HD_132406_b
13.16860792,0.98987734,HD_132406_b
13.17519222,0.98985599,HD_132406_b
13.18177982,0.98983032,HD_132406_b
13.18837071,0.98979824,HD_132406_b
13.19496489,0.98975749,HD_132406_b
13.20156238,0.98970607,HD_132406_b
13.20816316,0.98964281,HD_132406_b
13.21476724,0.98956811,HD_132406_b
13.22137462,0.98948451,HD_132406_b
13.22798531,0.98939691,HD_132406_b
13.2345993,0.98931222,HD_132406_b
13.2412166,0.98923828,HD_132406_b
13.24783721,0.98918237,HD_132406_b
13.25446113,0.98914957,HD_132406_b
13.26108836,0.98914148,HD_132406_b
13.2677189,0.9891558,HD_132406_b
13.27435276,0.98918665,HD_132406_b
13.28098994,0.98922577,HD_132406_b
13.28763044,0.98926388,HD_132406_b
13.29427425,0.98929207,HD_132406_b
13.30092139,0.9893029,HD_132406_b
13.30757185,0.98929105,HD_132406_b
13.31422563,0.98925392,HD_132406_b
13.32088275,0.98919198,HD_132406_b
13.32754319,0.98910918,HD_132406_b
13.33420696,0.98901288,HD_132406_b
13.34087406,0.9889132,HD_132406_b
13.3475445,0.98882149,HD_132406_b
13.35421827,0.98874818,HD_132406_b
13.36089538,0.98870034,HD_132406_b
13.36757583,0.98867993,HD_132406_b
13.37425962,0.98868331,HD_132406_b
13.38094675,0.98870226,HD_132406_b
13.38763722,0.98872634,HD_132406_b
13.39433104,0.98874582,HD_132406_b
13.4010282,0.98875408,HD_132406_b
13.40772872,0.98874891,HD_132406_b
13.41443258,0.98873222,HD_132406_b
13.4211398,0.98870851,HD_132406_b
13.42785037,0.98868268,HD_132406_b
13.43456429,0.98865806,HD_132406_b
13.44128158,0.98863533,HD_132406_b
13.44800222,0.98861251,HD_132406_b
13.45472622,0.98858619,HD_132406_b
13.46145358,0.98855321,HD_132406_b
13.46818431,0.98851237,HD_132406_b
13.4749184,0.98846556,HD_132406_b
13.48165586,0.9884178,HD_132406_b
13.48839669,0.98837624,HD_132406_b
13.49514089,0.9883483,HD_132406_b
13.50188846,0.98833972,HD_132406_b
13.5086394,0.98835285,HD_132406_b
13.51539372,0.98838601,HD_132406_b
13.52215142,0.98843396,HD_132406_b
13.52891249,0.98848924,HD_132406_b
13.53567695,0.98854404,HD_132406_b
13.54244479,0.98859175,HD_132406_b
13.54921601,0.9886281,HD_132406_b
13.55599062,0.98865129,HD_132406_b
13.56276861,0.98866162,HD_132406_b
13.56955,0.98866071,HD_132406_b
13.57633477,0.98865053,HD_132406_b
13.58312294,0.98863271,HD_132406_b
13.5899145,0.98860785,HD_132406_b
13.59670946,0.98857512,HD_132406_b
13.60350781,0.98853197,HD_132406_b
13.61030957,0.98847411,HD_132406_b
13.61711472,0.98839573,HD_132406_b
13.62392328,0.98829033,HD_132406_b
13.63073524,0.98815207,HD_132406_b
13.63755061,0.98797766,HD_132406_b
13.64436938,0.98776839,HD_132406_b
13.65119157,0.98753165,HD_132406_b
13.65801716,0.98728131,HD_132406_b
13.66484617,0.9870364,HD_132406_b
13.6716786,0.98681839,HD_132406_b
13.67851444,0.98664742,HD_132406_b
13.68535369,0.98653867,HD_132406_b
13.69219637,0.98649986,HD_132406_b
13.69904247,0.98653036,HD_132406_b
13.70589199,0.98662191,HD_132406_b
13.71274494,0.98676069,HD_132406_b
13.71960131,0.98692977,HD_132406_b
13.72646111,0.98711163,HD_132406_b
13.73332434,0.98729031,HD_132406_b
13.740191,0.98745292,HD_132406_b
13.7470611,0.98759059,HD_132406_b
13.75393463,0.98769876,HD_132406_b
13.76081159,0.98777676,HD_132406_b
13.767692,0.98782701,HD_132406_b
13.77457585,0.98785384,HD_132406_b
13.78146313,0.98786239,HD_132406_b
13.78835387,0.98785762,HD_132406_b
13.79524804,0.98784374,HD_132406_b
13.80214567,0.98782397,HD_132406_b
13.80904674,0.98780054,HD_132406_b
13.81595126,0.98777486,HD_132406_b
13.82285924,0.98774776,HD_132406_b
13.82977067,0.98771964,HD_132406_b
13.83668555,0.98769068,HD_132406_b
13.8436039,0.98766086,HD_132406_b
13.8505257,0.98763007,HD_132406_b
13.85745096,0.9875981,HD_132406_b
13.86437969,0.98756472,HD_132406_b
13.87131188,0.98752975,HD_132406_b
13.87824753,0.9874932,HD_132406_b
13.88518666,0.98745537,HD_132406_b
13.89212925,0.98741689,HD_132406_b
13.89907531,0.98737869,HD_132406_b
13.90602485,0.98734179,HD_132406_b
13.91297786,0.98730705,HD_132406_b
13.91993435,0.98727479,HD_132406_b
13.92689432,0.98724451,HD_132406_b
13.93385777,0.98721469,HD_132406_b
13.9408247,0.98718285,HD_132406_b
13.94779511,0.98714584,HD_132406_b
13.95476901,0.98710029,HD_132406_b
13.96174639,0.98704335,HD_132406_b
13.96872726,0.98697353,HD_132406_b
13.97571163,0.98689143,HD_132406_b
13.98269948,0.98680026,HD_132406_b
13.98969083,0.98670584,HD_132406_b
13.99668568,0.98661583,HD_132406_b
14.00368402,0.98653843,HD_132406_b
14.01068586,0.98648055,HD_132406_b
14.01769121,0.98644608,HD_132406_b
14.02470005,0.98643476,HD_132406_b
14.0317124,0.98644187,HD_132406_b
14.03872826,0.98645881,HD_132406_b
14.04574762,0.98647407,HD_132406_b
14.0527705,0.98647436,HD_132406_b
14.05979688,0.98644536,HD_132406_b
14.06682678,0.9863723,HD_132406_b
14.07386019,0.98624065,HD_132406_b
14.08089712,0.98603751,HD_132406_b
14.08793757,0.9857541,HD_132406_b
14.09498154,0.9853891,HD_132406_b
14.10202903,0.98495177,HD_132406_b
14.10908005,0.98446378,HD_132406_b
14.11613459,0.98395801,HD_132406_b
14.12319265,0.98347436,HD_132406_b
14.13025425,0.98305304,HD_132406_b
14.13731938,0.98272753,HD_132406_b
14.14438804,0.98251926,HD_132406_b
14.15146023,0.98243574,HD_132406_b
14.15853596,0.98247194,HD_132406_b
14.16561523,0.98261387,HD_132406_b
14.17269804,0.98284251,HD_132406_b
14.17978439,0.9831366,HD_132406_b
14.18687428,0.98347416,HD_132406_b
14.19396771,0.98383315,HD_132406_b
14.2010647,0.98419215,HD_132406_b
14.20816523,0.98453152,HD_132406_b
14.21526931,0.98483505,HD_132406_b
14.22237695,0.98509117,HD_132406_b
14.22948814,0.98529347,HD_132406_b
14.23660288,0.98544002,HD_132406_b
14.24372118,0.98553176,HD_132406_b
14.25084304,0.98557059,HD_132406_b
14.25796846,0.98555763,HD_132406_b
14.26509745,0.98549234,HD_132406_b
14.27223,0.98537282,HD_132406_b
14.27936611,0.98519719,HD_132406_b
14.2865058,0.98496597,HD_132406_b
14.29364905,0.98468446,HD_132406_b
14.30079587,0.98436459,HD_132406_b
14.30794627,0.98402499,HD_132406_b
14.31510024,0.9836892,HD_132406_b
14.32225779,0.98338218,HD_132406_b
14.32941892,0.98312596,HD_132406_b
14.33658363,0.98293575,HD_132406_b
14.34375192,0.98281762,HD_132406_b
14.3509238,0.98276829,HD_132406_b
14.35809926,0.98277698,HD_132406_b
14.36527831,0.9828288,HD_132406_b
14.37246095,0.98290856,HD_132406_b
14.37964718,0.98300407,HD_132406_b
14.386837,0.983108,HD_132406_b
14.39403042,0.98321782,HD_132406_b
14.40122744,0.98333388,HD_132406_b
14.40842805,0.98345611,HD_132406_b
14.41563227,0.98358075,HD_132406_b
14.42284008,0.98369808,HD_132406_b
14.4300515,0.98379223,HD_132406_b
14.43726653,0.98384293,HD_132406_b
14.44448516,0.98382897,HD_132406_b
14.4517074,0.98373207,HD_132406_b
14.45893326,0.98354045,HD_132406_b
14.46616272,0.98325134,HD_132406_b
14.47339581,0.98287229,HD_132406_b
14.4806325,0.98242137,HD_132406_b
14.48787282,0.98192643,HD_132406_b
14.49511676,0.98142361,HD_132406_b
14.50236431,0.98095471,HD_132406_b
14.5096155,0.98056336,HD_132406_b
14.5168703,0.98028995,HD_132406_b
14.52412874,0.98016563,HD_132406_b
14.5313908,0.98020661,HD_132406_b
14.5386565,0.98041016,HD_132406_b
14.54592583,0.98075389,HD_132406_b
14.55319879,0.98119894,HD_132406_b
14.56047539,0.98169672,HD_132406_b
14.56775563,0.98219756,HD_132406_b
14.57503951,0.98265892,HD_132406_b
14.58232703,0.9830511,HD_132406_b
14.58961819,0.98335944,HD_132406_b
14.596913,0.98358286,HD_132406_b
14.60421145,0.98373021,HD_132406_b
14.61151356,0.98381562,HD_132406_b
14.61881932,0.98385436,HD_132406_b
14.62612873,0.98385985,HD_132406_b
14.63344179,0.98384207,HD_132406_b
14.64075851,0.98380701,HD_132406_b
14.64807889,0.98375686,HD_132406_b
14.65540293,0.98369057,HD_132406_b
14.66273063,0.98360484,HD_132406_b
14.670062,0.98349538,HD_132406_b
14.67739703,0.9833587,HD_132406_b
14.68473573,0.98319417,HD_132406_b
14.69207809,0.98300592,HD_132406_b
14.69942413,0.98280398,HD_132406_b
14.70677385,0.98260408,HD_132406_b
14.71412723,0.98242546,HD_132406_b
14.7214843,0.9822872,HD_132406_b
14.72884504,0.9822039,HD_132406_b
14.73620946,0.98218199,HD_132406_b
14.74357757,0.98221791,HD_132406_b
14.75094935,0.98229886,HD_132406_b
14.75832483,0.98240557,HD_132406_b
14.76570399,0.98251642,HD_132406_b
14.77308684,0.98261122,HD_132406_b
14.78047339,0.98267409,HD_132406_b
14.78786362,0.98269469,HD_132406_b
14.79525756,0.98266837,HD_132406_b
14.80265518,0.98259579,HD_132406_b
14.81005651,0.98248239,HD_132406_b
14.81746154,0.98233779,HD_132406_b
14.82487027,0.982175,HD_132406_b
14.83228271,0.98200868,HD_132406_b
14.83969885,0.98185229,HD_132406_b
14.8471187,0.98171421,HD_132406_b
14.85454226,0.98159354,HD_132406_b
14.86196953,0.98147671,HD_132406_b
14.86940051,0.98133616,HD_132406_b
14.87683521,0.98113221,HD_132406_b
14.88427363,0.98081871,HD_132406_b
14.89171577,0.98035267,HD_132406_b
14.89916162,0.97970669,HD_132406_b
14.90661121,0.97888189,HD_132406_b
14.91406451,0.97791777,HD_132406_b
14.92152154,0.97689468,HD_132406_b
14.9289823,0.97592572,HD_132406_b
14.9364468,0.97513769,HD_132406_b
14.94391502,0.97464471,HD_132406_b
14.95138698,0.97452167,HD_132406_b
14.95886267,0.97478588,HD_132406_b
14.9663421,0.975393,HD_132406_b
14.97382527,0.97624859,HD_132406_b
14.98131218,0.97723111,HD_132406_b
14.98880284,0.97821847,HD_132406_b
14.99629724,0.97911028,HD_132406_b
15.00379539,0.97984019,HD_132406_b
15.01129729,0.98037753,HD_132406_b
15.01880294,0.98072113,HD_132406_b
15.02631234,0.98088936,HD_132406_b
15.03382549,0.98091082,HD_132406_b
15.04134241,0.980818,HD_132406_b
15.04886308,0.9806438,HD_132406_b
15.05638751,0.98041943,HD_132406_b
15.0639157,0.98017202,HD_132406_b
15.07144766,0.97992062,HD_132406_b
15.07898339,0.97967101,HD_132406_b
15.08652288,0.97941121,HD_132406_b
15.09406614,0.97911042,HD_132406_b
15.10161317,0.9787239,HD_132406_b
15.10916398,0.97820467,HD_132406_b
15.11671856,0.97752046,HD_132406_b
15.12427692,0.97667171,HD_132406_b
15.13183906,0.975704,HD_132406_b
15.13940498,0.97470957,HD_132406_b
15.14697468,0.97381443,HD_132406_b
15.15454817,0.97315276,HD_132406_b
15.16212544,0.97283531,HD_132406_b
15.1697065,0.97292141,HD_132406_b
15.17729136,0.97340376,HD_132406_b
15.18488,0.97421113,HD_132406_b
15.19247244,0.97522734,HD_132406_b
15.20006868,0.97631976,HD_132406_b
15.20766871,0.97736775,HD_132406_b
15.21527255,0.97828311,HD_132406_b
15.22288018,0.97901836,HD_132406_b
15.23049162,0.97956376,HD_132406_b
15.23810687,0.97993683,HD_132406_b
15.24572592,0.9801696,HD_132406_b
15.25334879,0.98029741,HD_132406_b
15.26097546,0.98035153,HD_132406_b
15.26860595,0.98035565,HD_132406_b
15.27624025,0.98032552,HD_132406_b
15.28387837,0.98027051,HD_132406_b
15.29152031,0.98019592,HD_132406_b
15.29916607,0.98010545,HD_132406_b
15.30681565,0.98000313,HD_132406_b
15.31446906,0.97989458,HD_132406_b
15.3221263,0.97978727,HD_132406_b
15.32978736,0.97968967,HD_132406_b
15.33745225,0.97960986,HD_132406_b
15.34512098,0.97955368,HD_132406_b
15.35279354,0.97952324,HD_132406_b
15.36046994,0.97951635,HD_132406_b
15.36815017,0.97952705,HD_132406_b
15.37583425,0.97954691,HD_132406_b
15.38352216,0.97956666,HD_132406_b
15.39121393,0.97957756,HD_132406_b
15.39890953,0.97957201,HD_132406_b
15.40660899,0.97954324,HD_132406_b
15.41431229,0.97948449,HD_132406_b
15.42201945,0.97938799,HD_132406_b
15.42973046,0.97924438,HD_132406_b
15.43744532,0.97904306,HD_132406_b
15.44516405,0.9787736,HD_132406_b
15.45288663,0.97842846,HD_132406_b
15.46061307,0.9780064,HD_132406_b
15.46834338,0.97751612,HD_132406_b
15.47607755,0.97697908,HD_132406_b
15.48381559,0.97643021,HD_132406_b
15.4915575,0.97591558,HD_132406_b
15.49930327,0.9754865,HD_132406_b
15.50705293,0.97519073,HD_132406_b
15.51480645,0.97506235,HD_132406_b
15.52256386,0.97511347,HD_132406_b
15.53032514,0.97532974,HD_132406_b
15.5380903,0.97567178,HD_132406_b
15.54585934,0.97608222,HD_132406_b
15.55363227,0.97649613,HD_132406_b
15.56140909,0.97685209,HD_132406_b
15.5691898,0.97710088,HD_132406_b
15.57697439,0.97720993,HD_132406_b
15.58476288,0.97716346,HD_132406_b
15.59255526,0.97695935,HD_132406_b
15.60035154,0.97660434,HD_132406_b
15.60815171,0.97611003,HD_132406_b
15.61595579,0.97549103,HD_132406_b
15.62376377,0.974766,HD_132406_b
15.63157565,0.97396078,HD_132406_b
15.63939144,0.97311143,HD_132406_b
15.64721113,0.9722643,HD_132406_b
15.65503474,0.97147076,HD_132406_b
15.66286225,0.97077703,HD_132406_b
15.67069369,0.97021224,HD_132406_b
15.67852903,0.96977998,HD_132406_b
15.6863683,0.9694586,HD_132406_b
15.69421148,0.96921168,HD_132406_b
15.70205859,0.96900554,HD_132406_b
15.70990962,0.96882645,HD_132406_b
15.71776457,0.9686895,HD_132406_b
15.72562345,0.9686345,HD_132406_b
15.73348626,0.96871022,HD_132406_b
15.74135301,0.96895372,HD_132406_b
15.74922368,0.96937426,HD_132406_b
15.7570983,0.96994838,HD_132406_b
15.76497685,0.97062797,HD_132406_b
15.77285933,0.97135632,HD_132406_b
15.78074576,0.97208476,HD_132406_b
15.78863614,0.97278272,HD_132406_b
15.79653045,0.9734384,HD_132406_b
15.80442872,0.97405205,HD_132406_b
15.81233093,0.97462651,HD_132406_b
15.8202371,0.97516025,HD_132406_b
15.82814722,0.97564519,HD_132406_b
15.83606129,0.97606932,HD_132406_b
15.84397932,0.97642145,HD_132406_b
15.85190131,0.97669513,HD_132406_b
15.85982726,0.97689018,HD_132406_b
15.86775718,0.97701124,HD_132406_b
15.87569105,0.97706403,HD_132406_b
15.8836289,0.97705049,HD_132406_b
15.89157071,0.97696392,HD_132406_b
15.8995165,0.97678495,HD_132406_b
15.90746626,0.97647952,HD_132406_b
15.91541999,0.97600018,HD_132406_b
15.9233777,0.97529246,HD_132406_b
15.93133939,0.97430715,HD_132406_b
15.93930506,0.97301841,HD_132406_b
15.94727471,0.97144424,HD_132406_b
15.95524835,0.96966301,HD_132406_b
15.96322597,0.96781838,HD_132406_b
15.97120759,0.96610634,HD_132406_b
15.97919319,0.96474326,HD_132406_b
15.98718279,0.96392096,HD_132406_b
15.99517638,0.9637615,HD_132406_b
16.00317397,0.96428622,HD_132406_b
16.01117555,0.96540973,HD_132406_b
16.01918114,0.9669611,HD_132406_b
16.02719073,0.96872487,HD_132406_b
16.03520433,0.97048811,HD_132406_b
16.04322193,0.97207952,HD_132406_b
16.05124354,0.97339127,HD_132406_b
16.05926916,0.97438179,HD_132406_b
16.0672988,0.97506355,HD_132406_b
16.07533245,0.97548448,HD_132406_b
16.08337011,0.9757078,HD_132406_b
16.0914118,0.97579672,HD_132406_b
16.0994575,0.9758037,HD_132406_b
16.10750723,0.97576392,HD_132406_b
16.11556099,0.97569099,HD_132406_b
16.12361877,0.97557359,HD_132406_b
16.13168058,0.97537261,HD_132406_b
16.13974642,0.97501977,HD_132406_b
16.14781629,0.97441961,HD_132406_b
16.1558902,0.97345845,HD_132406_b
16.16396814,0.97202288,HD_132406_b
16.17205013,0.9700291,HD_132406_b
16.18013615,0.96746002,HD_132406_b
16.18822622,0.96440035,HD_132406_b
16.19632033,0.96105668,HD_132406_b
16.20441849,0.95774851,HD_132406_b
16.2125207,0.9548629,HD_132406_b
16.22062696,0.95277831,HD_132406_b
16.22873728,0.95177647,HD_132406_b
16.23685165,0.95197006,HD_132406_b
16.24497007,0.95327155,HD_132406_b
16.25309256,0.95541575,HD_132406_b
16.2612191,0.95802944,HD_132406_b
16.26934971,0.96072503,HD_132406_b
16.27748439,0.96318796,HD_132406_b
16.28562313,0.96523244,HD_132406_b
16.29376594,0.96681361,HD_132406_b
16.30191282,0.96800017,HD_132406_b
16.31006378,0.96892313,HD_132406_b
16.31821881,0.96972098,HD_132406_b
16.32637792,0.97049795,HD_132406_b
16.33454111,0.97130424,HD_132406_b
16.34270838,0.9721381,HD_132406_b
16.35087973,0.97296286,HD_132406_b
16.35905517,0.97372923,HD_132406_b
16.3672347,0.97439455,HD_132406_b
16.37541832,0.97493405,HD_132406_b
16.38360603,0.97534339,HD_132406_b
16.39179783,0.97563477,HD_132406_b
16.39999373,0.97583009,HD_132406_b
16.40819373,0.97595377,HD_132406_b
16.41639782,0.97602834,HD_132406_b
16.42460602,0.97607139,HD_132406_b
16.43281833,0.97609484,HD_132406_b
16.44103474,0.9761054,HD_132406_b
16.44925525,0.97610549,HD_132406_b
16.45747988,0.97609422,HD_132406_b
16.46570862,0.97606858,HD_132406_b
16.47394147,0.97602464,HD_132406_b
16.48217845,0.97595904,HD_132406_b
16.49041953,0.97587063,HD_132406_b
16.49866474,0.97576194,HD_132406_b
16.50691408,0.97564036,HD_132406_b
16.51516753,0.97551765,HD_132406_b
16.52342512,0.97540838,HD_132406_b
16.53168683,0.97532677,HD_132406_b
16.53995267,0.97528267,HD_132406_b
16.54822265,0.97527757,HD_132406_b
16.55649676,0.97530163,HD_132406_b
16.56477501,0.97533256,HD_132406_b
16.5730574,0.97533654,HD_132406_b
16.58134393,0.97527135,HD_132406_b
16.5896346,0.97509183,HD_132406_b
16.59792942,0.97475762,HD_132406_b
16.60622838,0.97424303,HD_132406_b
16.61453149,0.97354764,HD_132406_b
16.62283876,0.9727052,HD_132406_b
16.63115018,0.97178694,HD_132406_b
16.63946575,0.97089577,HD_132406_b
16.64778549,0.97015067,HD_132406_b
16.65610938,0.96966241,HD_132406_b
16.66443743,0.96950806,HD_132406_b
16.67276965,0.96971132,HD_132406_b
16.68110604,0.97023532,HD_132406_b
16.68944659,0.97098995,HD_132406_b
16.69779131,0.97185047,HD_132406_b
16.70614021,0.97268053,HD_132406_b
16.71449328,0.97335222,HD_132406_b
16.72285053,0.97375883,HD_132406_b
16.73121195,0.97382042,HD_132406_b
16.73957756,0.97348686,HD_132406_b
16.74794735,0.97274046,HD_132406_b
16.75632132,0.97160313,HD_132406_b
16.76469948,0.97014343,HD_132406_b
16.77308183,0.96847737,HD_132406_b
16.78146837,0.96675485,HD_132406_b
16.78985911,0.96512769,HD_132406_b
16.79825404,0.9637028,HD_132406_b
16.80665316,0.96249305,HD_132406_b
16.81505649,0.961385,HD_132406_b
16.82346402,0.96014201,HD_132406_b
16.83187575,0.95845324,HD_132406_b
16.84029169,0.95602416,HD_132406_b
16.84871183,0.95268758,HD_132406_b
16.85713619,0.94850189,HD_132406_b
16.86556476,0.94379925,HD_132406_b
16.87399754,0.9391583,HD_132406_b
16.88243454,0.93529702,HD_132406_b
16.89087576,0.93290979,HD_132406_b
16.89932119,0.93249552,HD_132406_b
16.90777085,0.93423078,HD_132406_b
16.91622474,0.93792867,HD_132406_b
16.92468285,0.94309431,HD_132406_b
16.93314519,0.94905462,HD_132406_b
16.94161177,0.95511658,HD_132406_b
16.95008257,0.96070438,HD_132406_b
16.95855761,0.96544128,HD_132406_b
16.96703689,0.96916605,HD_132406_b
16.97552041,0.971897,HD_132406_b
16.98400817,0.97376855,HD_132406_b
16.99250017,0.97496532,HD_132406_b
17.00099642,0.97567133,HD_132406_b
17.00949692,0.97603942,HD_132406_b
17.01800167,0.97618022,HD_132406_b
17.02651067,0.97616432,HD_132406_b
17.03502393,0.97603177,HD_132406_b
17.04354144,0.97580456,HD_132406_b
17.05206321,0.97549876,HD_132406_b
17.06058924,0.97513496,HD_132406_b
17.06911954,0.97474374,HD_132406_b
17.0776541,0.97436578,HD_132406_b
17.08619292,0.97404484,HD_132406_b
17.09473602,0.97381651,HD_132406_b
17.10328339,0.97369266,HD_132406_b
17.11183503,0.97364877,HD_132406_b
17.12039095,0.97361702,HD_132406_b
17.12895114,0.97348851,HD_132406_b
17.13751562,0.97312612,HD_132406_b
17.14608438,0.97238761,HD_132406_b
17.15465742,0.97115678,HD_132406_b
17.16323475,0.96937826,HD_132406_b
17.17181636,0.96708926,HD_132406_b
17.18040227,0.96443837,HD_132406_b
17.18899247,0.96168278,HD_132406_b
17.19758697,0.95915622,HD_132406_b
17.20618576,0.95721,HD_132406_b
17.21478886,0.95613907,HD_132406_b
17.22339625,0.95611173,HD_132406_b
17.23200795,0.9571243,HD_132406_b
17.24062395,0.95899419,HD_132406_b
17.24924426,0.96139264,HD_132406_b
17.25786889,0.9639052,HD_132406_b
17.26649782,0.96610162,HD_132406_b
17.27513107,0.96759838,HD_132406_b
17.28376864,0.96810561,HD_132406_b
17.29241052,0.96745921,HD_132406_b
17.30105672,0.96564351,HD_132406_b
17.30970725,0.96280644,HD_132406_b
17.31836211,0.95926222,HD_132406_b
17.32702129,0.95547001,HD_132406_b
17.3356848,0.95197858,HD_132406_b
17.34435264,0.94933742,HD_132406_b
17.35302482,0.94799053,HD_132406_b
17.36170133,0.94818203,HD_132406_b
17.37038218,0.94990391,HD_132406_b
17.37906737,0.95290487,HD_132406_b
17.38775691,0.95675771,HD_132406_b
17.39645078,0.96096328,HD_132406_b
17.40514901,0.96505647,HD_132406_b
17.41385158,0.96868464,HD_132406_b
17.42255851,0.97164285,HD_132406_b
17.43126979,0.9738647,HD_132406_b
17.43998542,0.97538368,HD_132406_b
17.44870542,0.97628212,HD_132406_b
17.45742977,0.97664395,HD_132406_b
17.46615848,0.97652022,HD_132406_b
17.47489156,0.97591124,HD_132406_b
17.48362901,0.97476698,HD_132406_b
17.49237082,0.97300448,HD_132406_b
17.50111701,0.97054079,HD_132406_b
17.50986757,0.96733614,HD_132406_b
17.5186225,0.96343664,HD_132406_b
17.52738181,0.95900177,HD_132406_b
17.5361455,0.95430163,HD_132406_b
17.54491358,0.94967698,HD_132406_b
17.55368603,0.94547084,HD_132406_b
17.56246288,0.9419533,HD_132406_b
17.57124411,0.93927009,HD_132406_b
17.58002973,0.93743822,HD_132406_b
17.58881974,0.93639092,HD_132406_b
17.59761415,0.93605006,HD_132406_b
17.60641296,0.93639018,HD_132406_b
17.61521617,0.93746007,HD_132406_b
17.62402378,0.93934995,HD_132406_b
17.63283579,0.94211925,HD_132406_b
17.64165221,0.9457202,HD_132406_b
17.65047303,0.94995364,HD_132406_b
17.65929827,0.95447811,HD_132406_b
17.66812792,0.9588688,HD_132406_b
17.67696198,0.96270417,HD_132406_b
17.68580046,0.96565124,HD_132406_b
17.69464336,0.96752651,HD_132406_b
17.70349068,0.96832199,HD_132406_b
17.71234243,0.96819658,HD_132406_b
17.7211986,0.96743966,HD_132406_b
17.7300592,0.96641537,HD_132406_b
17.73892423,0.96549647,HD_132406_b
17.74779369,0.96499862,HD_132406_b
17.75666759,0.96512674,HD_132406_b
17.76554592,0.96594641,HD_132406_b
17.7744287,0.96738609,HD_132406_b
17.78331591,0.9692692,HD_132406_b
17.79220757,0.971366,HD_132406_b
17.80110367,0.97344906,HD_132406_b
17.81000422,0.9753373,HD_132406_b
17.81890923,0.97691918,HD_132406_b
17.82781868,0.97815439,HD_132406_b
17.83673259,0.97905937,HD_132406_b
17.84565096,0.97968481,HD_132406_b
17.85457378,0.98009458,HD_132406_b
17.86350107,0.98034957,HD_132406_b
17.87243282,0.98049881,HD_132406_b
17.88136903,0.98057657,HD_132406_b
17.89030972,0.98060301,HD_132406_b
17.89925487,0.98058601,HD_132406_b
17.9082045,0.98052241,HD_132406_b
17.9171586,0.98039774,HD_132406_b
17.92611718,0.98018466,HD_132406_b
17.93508024,0.97984174,HD_132406_b
17.94404778,0.97931487,HD_132406_b
17.95301981,0.97854431,HD_132406_b
17.96199632,0.97747932,HD_132406_b
17.97097731,0.97609882,HD_132406_b
17.9799628,0.9744342,HD_132406_b
17.98895278,0.97258569,HD_132406_b
17.99794726,0.97072333,HD_132406_b
18.00694623,0.9690672,HD_132406_b
18.01594971,0.96784665,HD_132406_b
18.02495768,0.96724928,HD_132406_b
18.03397016,0.96737409,HD_132406_b
18.04298715,0.96820442,HD_132406_b
18.05200864,0.96960994,HD_132406_b
18.06103464,0.97137612,HD_132406_b
18.07006516,0.97325029,HD_132406_b
18.07910019,0.97498914,HD_132406_b
18.08813974,0.976394,HD_132406_b
18.09718381,0.97732873,HD_132406_b
18.10623241,0.97772249,HD_132406_b
18.11528552,0.9775646,HD_132406_b
18.12434316,0.97689904,HD_132406_b
18.13340534,0.97582144,HD_132406_b
18.14247204,0.97447392,HD_132406_b
18.15154327,0.97303329,HD_132406_b
18.16061905,0.97168702,HD_132406_b
18.16969936,0.97059665,HD_132406_b
18.17878421,0.96985769,HD_132406_b
18.1878736,0.9694677,HD_132406_b
18.19696753,0.96931351,HD_132406_b
18.20606602,0.96918261,HD_132406_b
18.21516905,0.96879591,HD_132406_b
18.22427664,0.96785275,HD_132406_b
18.23338877,0.96607921,HD_132406_b
18.24250547,0.96327335,HD_132406_b
18.25162672,0.95934535,HD_132406_b
18.26075253,0.95435216,HD_132406_b
18.26988291,0.94852223,HD_132406_b
18.27901785,0.94226143,HD_132406_b
18.28815736,0.93612903,HD_132406_b
18.29730144,0.93077659,HD_132406_b
18.30645009,0.92685357,HD_132406_b
18.31560332,0.92489512,HD_132406_b
18.32476112,0.92521884,HD_132406_b
18.3339235,0.92785717,HD_132406_b
18.34309046,0.93254516,HD_132406_b
18.352262,0.93876793,HD_132406_b
18.36143814,0.94585577,HD_132406_b
18.37061885,0.95310184,HD_132406_b
18.37980416,0.95987286,HD_132406_b
18.38899407,0.96568945,HD_132406_b
18.39818856,0.97026308,HD_132406_b
18.40738766,0.97349319,HD_132406_b
18.41659135,0.9754369,HD_132406_b
18.42579965,0.97626788,HD_132406_b
18.43501255,0.9762366,HD_132406_b
18.44423005,0.97563682,HD_132406_b
18.45345217,0.97477605,HD_132406_b
18.46267889,0.97394568,HD_132406_b
18.47191023,0.97338969,HD_132406_b
18.48114619,0.97327378,HD_132406_b
18.49038676,0.97366494,HD_132406_b
18.49963196,0.97452711,HD_132406_b
18.50888177,0.975736,HD_132406_b
18.51813621,0.97710939,HD_132406_b
18.52739528,0.97844134,HD_132406_b
18.53665898,0.97953114,HD_132406_b
18.54592731,0.98020087,HD_132406_b
18.55520027,0.98030081,HD_132406_b
18.56447787,0.9797108,HD_132406_b
18.57376011,0.97834705,HD_132406_b
18.58304699,0.97618094,HD_132406_b
18.59233851,0.97326889,HD_132406_b
18.60163468,0.96978299,HD_132406_b
18.6109355,0.96602562,HD_132406_b
18.62024097,0.9624117,HD_132406_b
18.62955109,0.95941125,HD_132406_b
18.63886586,0.95746063,HD_132406_b
18.6481853,0.95686583,HD_132406_b
18.65750939,0.95772884,HD_132406_b
18.66683814,0.95992284,HD_132406_b
18.67617156,0.96312554,HD_132406_b
18.68550965,0.96689903,HD_132406_b
18.6948524,0.97078962,HD_132406_b
18.70419983,0.97441595,HD_132406_b
18.71355193,0.97752338,HD_132406_b
18.72290871,0.97999695,HD_132406_b
18.73227016,0.98184007,HD_132406_b
18.7416363,0.98313459,HD_132406_b
18.75100711,0.98399842,HD_132406_b
18.76038262,0.98455201,HD_132406_b
18.76976281,0.98489817,HD_132406_b
18.77914769,0.98511414,HD_132406_b
18.78853726,0.98525212,HD_132406_b
18.79793153,0.98534403,HD_132406_b
18.8073305,0.98540724,HD_132406_b
18.81673416,0.98544933,HD_132406_b
18.82614253,0.98547188,HD_132406_b
18.8355556,0.9854729,HD_132406_b
18.84497338,0.98544603,HD_132406_b
18.85439587,0.9853793,HD_132406_b
18.86382306,0.9852513,HD_132406_b
18.87325498,0.98502251,HD_132406_b
18.8826916,0.98462322,HD_132406_b
18.89213295,0.98393741,HD_132406_b
18.90157902,0.98278617,HD_132406_b
18.91102981,0.98091751,HD_132406_b
18.92048532,0.97801362,HD_132406_b
18.92994556,0.97372755,HD_132406_b
18.93941054,0.96775755,HD_132406_b
18.94888024,0.9599556,HD_132406_b
18.95835468,0.9504488,HD_132406_b
18.96783386,0.9397347,HD_132406_b
18.97731778,0.9287036,HD_132406_b
18.98680643,0.91855195,HD_132406_b
18.99629984,0.9105834,HD_132406_b
19.00579799,0.90593724,HD_132406_b
19.01530089,0.90532114,HD_132406_b
19.02480854,0.90883433,HD_132406_b
19.03432094,0.91594243,HD_132406_b
19.0438381,0.92561278,HD_132406_b
19.05336002,0.93656244,HD_132406_b
19.0628867,0.94753798,HD_132406_b
19.07241814,0.95754049,HD_132406_b
19.08195435,0.96594652,HD_132406_b
19.09149533,0.97251325,HD_132406_b
19.10104108,0.977297,HD_132406_b
19.1105916,0.9805302,HD_132406_b
19.12014689,0.98249955,HD_132406_b
19.12970697,0.98345473,HD_132406_b
19.13927182,0.98355414,HD_132406_b
19.14884146,0.98285055,HD_132406_b
19.15841588,0.98130739,HD_132406_b
19.16799509,0.97884003,HD_132406_b
19.17757908,0.97537135,HD_132406_b
19.18716787,0.97089262,HD_132406_b
19.19676146,0.96551077,HD_132406_b
19.20635984,0.95946389,HD_132406_b
19.21596302,0.95309079,HD_132406_b
19.225571,0.9467569,HD_132406_b
19.23518378,0.94075874,HD_132406_b
19.24480138,0.9352422,HD_132406_b
19.25442378,0.93017718,HD_132406_b
19.26405099,0.92540722,HD_132406_b
19.27368301,0.9207632,HD_132406_b
19.28331986,0.91619852,HD_132406_b
19.29296152,0.91188876,HD_132406_b
19.302608,0.90825044,HD_132406_b
19.3122593,0.90586496,HD_132406_b
19.32191543,0.90533183,HD_132406_b
19.33157639,0.90710103,HD_132406_b
19.34124218,0.91133957,HD_132406_b
19.3509128,0.91787156,HD_132406_b
19.36058825,0.92620442,HD_132406_b
19.37026855,0.93562717,HD_132406_b
19.37995368,0.94534833,HD_132406_b
19.38964366,0.95463515,HD_132406_b
19.39933848,0.96292123,HD_132406_b
19.40903815,0.96986286,HD_132406_b
19.41874267,0.9753412,HD_132406_b
19.42845204,0.97942149,HD_132406_b
19.43816627,0.98228902,HD_132406_b
19.44788535,0.98418283,HD_132406_b
19.45760929,0.98534181,HD_132406_b
19.4673381,0.9859729,HD_132406_b
19.47707177,0.98623753,HD_132406_b
19.4868103,0.98625388,HD_132406_b
19.49655371,0.98610648,HD_132406_b
19.50630198,0.98585725,HD_132406_b
19.51605513,0.98555426,HD_132406_b
19.52581316,0.98523558,HD_132406_b
19.53557607,0.98493346,HD_132406_b
19.54534386,0.98467116,HD_132406_b
19.55511653,0.9844599,HD_132406_b
19.56489409,0.98429293,HD_132406_b
19.57467653,0.98413626,HD_132406_b
19.58446387,0.98391348,HD_132406_b
19.5942561,0.98348698,HD_132406_b
19.60405323,0.98263708,HD_132406_b
19.61385526,0.98104568,HD_132406_b
19.62366219,0.97829515,HD_132406_b
19.63347402,0.97389711,HD_132406_b
19.64329075,0.96736481,HD_132406_b
19.6531124,0.95833449,HD_132406_b
19.66293896,0.9467229,HD_132406_b
19.67277043,0.93288391,HD_132406_b
19.68260681,0.91770654,HD_132406_b
19.69244811,0.90259406,HD_132406_b
19.70229434,0.88928847,HD_132406_b
19.71214549,0.87955489,HD_132406_b
19.72200156,0.874801,HD_132406_b
19.73186256,0.87573892,HD_132406_b
19.74172849,0.88220544,HD_132406_b
19.75159935,0.89319764,HD_132406_b
19.76147515,0.90711028,HD_132406_b
19.77135589,0.92209021,HD_132406_b
19.78124157,0.93639086,HD_132406_b
19.79113219,0.94862587,HD_132406_b
19.80102776,0.95787383,HD_132406_b
19.81092827,0.96364951,HD_132406_b
19.82083373,0.965802,HD_132406_b
19.83074415,0.96441391,HD_132406_b
19.84065952,0.9597551,HD_132406_b
19.85057985,0.95230371,HD_132406_b
19.86050514,0.94280413,HD_132406_b
19.8704354,0.93230362,HD_132406_b
19.88037061,0.92210914,HD_132406_b
19.8903108,0.91363527,HD_132406_b
19.90025595,0.90816293,HD_132406_b
19.91020608,0.90657478,HD_132406_b
19.92016119,0.90915586,HD_132406_b
19.93012127,0.91553261,HD_132406_b
19.94008633,0.9247744,HD_132406_b
19.95005637,0.93562707,HD_132406_b
19.9600314,0.94679667,HD_132406_b
19.97001141,0.95719853,HD_132406_b
19.97999642,0.96610931,HD_132406_b
19.98998642,0.97320138,HD_132406_b
19.99998141,0.97848155,HD_132406_b
