Wavelength_um,Total_T,Planet
0.4,0.64296398,Kelt-9_b
0.4002,0.64327356,Kelt-9_b
0.4004001,0.64363481,Kelt-9_b
0.4006003,0.64404355,Kelt-9_b
0.4008006002,0.64449351,Kelt-9_b
0.4010010005,0.64497732,Kelt-9_b
0.401201501,0.64548733,Kelt-9_b
0.4014021018,0.6460165,Kelt-9_b
0.4016028028,0.64655885,Kelt-9_b
0.4018036042,0.64710969,Kelt-9_b
0.402004506,0.64766563,Kelt-9_b
0.4022055083,0.64822439,Kelt-9_b
0.402406611,0.6487845,Kelt-9_b
0.4026078143,0.64934511,Kelt-9_b
0.4028091182,0.6499057,Kelt-9_b
0.4030105228,0.65046602,Kelt-9_b
0.403212028,0.6510259,Kelt-9_b
0.4034136341,0.65158526,Kelt-9_b
0.4036153409,0.65214406,Kelt-9_b
0.4038171485,0.65270225,Kelt-9_b
0.4040190571,0.65325982,Kelt-9_b
0.4042210666,0.65381674,Kelt-9_b
0.4044231772,0.654373,Kelt-9_b
0.4046253888,0.6549286,Kelt-9_b
0.4048277015,0.65548355,Kelt-9_b
0.4050301153,0.65603784,Kelt-9_b
0.4052326304,0.65659148,Kelt-9_b
0.4054352467,0.6571445,Kelt-9_b
0.4056379643,0.65769691,Kelt-9_b
0.4058407833,0.6582487,Kelt-9_b
0.4060437037,0.65879988,Kelt-9_b
0.4062467255,0.65935043,Kelt-9_b
0.4064498489,0.65990033,Kelt-9_b
0.4066530738,0.66044959,Kelt-9_b
0.4068564004,0.66099818,Kelt-9_b
0.4070598286,0.66154612,Kelt-9_b
0.4072633585,0.6620934,Kelt-9_b
0.4074669902,0.66264002,Kelt-9_b
0.4076707237,0.66318598,Kelt-9_b
0.407874559,0.66373126,Kelt-9_b
0.4080784963,0.66427585,Kelt-9_b
0.4082825355,0.66481971,Kelt-9_b
0.4084866768,0.66536282,Kelt-9_b
0.4086909201,0.66590518,Kelt-9_b
0.4088952656,0.66644676,Kelt-9_b
0.4090997132,0.66698759,Kelt-9_b
0.4093042631,0.66752766,Kelt-9_b
0.4095089152,0.66806701,Kelt-9_b
0.4097136697,0.66860563,Kelt-9_b
0.4099185265,0.66914356,Kelt-9_b
0.4101234858,0.66968081,Kelt-9_b
0.4103285475,0.67021738,Kelt-9_b
0.4105337118,0.67075328,Kelt-9_b
0.4107389787,0.67128851,Kelt-9_b
0.4109443481,0.67182309,Kelt-9_b
0.4111498203,0.67235702,Kelt-9_b
0.4113553952,0.67289029,Kelt-9_b
0.4115610729,0.67342291,Kelt-9_b
0.4117668535,0.67395488,Kelt-9_b
0.4119727369,0.6744862,Kelt-9_b
0.4121787233,0.67501685,Kelt-9_b
0.4123848126,0.6755468,Kelt-9_b
0.412591005,0.67607604,Kelt-9_b
0.4127973005,0.67660453,Kelt-9_b
0.4130036992,0.67713225,Kelt-9_b
0.413210201,0.6776592,Kelt-9_b
0.4134168061,0.67818538,Kelt-9_b
0.4136235145,0.67871083,Kelt-9_b
0.4138303263,0.6792356,Kelt-9_b
0.4140372415,0.67975973,Kelt-9_b
0.4142442601,0.68028326,Kelt-9_b
0.4144513822,0.68080623,Kelt-9_b
0.4146586079,0.68132862,Kelt-9_b
0.4148659372,0.68185041,Kelt-9_b
0.4150733702,0.68237155,Kelt-9_b
0.4152809069,0.68289201,Kelt-9_b
0.4154885473,0.68341178,Kelt-9_b
0.4156962916,0.68393084,Kelt-9_b
0.4159041397,0.68444926,Kelt-9_b
0.4161120918,0.68496709,Kelt-9_b
0.4163201478,0.6854844,Kelt-9_b
0.4165283079,0.68600123,Kelt-9_b
0.4167365721,0.68651763,Kelt-9_b
0.4169449404,0.68703359,Kelt-9_b
0.4171534128,0.68754906,Kelt-9_b
0.4173619895,0.68806401,Kelt-9_b
0.4175706705,0.68857838,Kelt-9_b
0.4177794559,0.68909212,Kelt-9_b
0.4179883456,0.68960519,Kelt-9_b
0.4181973398,0.69011756,Kelt-9_b
0.4184064384,0.69062923,Kelt-9_b
0.4186156417,0.6911402,Kelt-9_b
0.4188249495,0.69165047,Kelt-9_b
0.4190343619,0.69216005,Kelt-9_b
0.4192438791,0.69266896,Kelt-9_b
0.4194535011,0.6931772,Kelt-9_b
0.4196632278,0.69368478,Kelt-9_b
0.4198730594,0.69419171,Kelt-9_b
0.420082996,0.69469798,Kelt-9_b
0.4202930375,0.69520359,Kelt-9_b
0.420503184,0.69570855,Kelt-9_b
0.4207134356,0.69621286,Kelt-9_b
0.4209237923,0.69671653,Kelt-9_b
0.4211342542,0.69721957,Kelt-9_b
0.4213448213,0.69772199,Kelt-9_b
0.4215554937,0.69822382,Kelt-9_b
0.4217662715,0.69872504,Kelt-9_b
0.4219771546,0.69922568,Kelt-9_b
0.4221881432,0.69972572,Kelt-9_b
0.4223992373,0.70022517,Kelt-9_b
0.4226104369,0.700724,Kelt-9_b
0.4228217421,0.7012222,Kelt-9_b
0.423033153,0.70171977,Kelt-9_b
0.4232446695,0.7022167,Kelt-9_b
0.4234562919,0.70271297,Kelt-9_b
0.42366802,0.70320859,Kelt-9_b
0.423879854,0.70370356,Kelt-9_b
0.424091794,0.70419787,Kelt-9_b
0.4243038399,0.70469152,Kelt-9_b
0.4245159918,0.70518454,Kelt-9_b
0.4247282498,0.70567691,Kelt-9_b
0.4249406139,0.70616866,Kelt-9_b
0.4251530842,0.7066598,Kelt-9_b
0.4253656607,0.70715034,Kelt-9_b
0.4255783436,0.70764029,Kelt-9_b
0.4257911327,0.70812968,Kelt-9_b
0.4260040283,0.70861851,Kelt-9_b
0.4262170303,0.70910677,Kelt-9_b
0.4264301388,0.70959445,Kelt-9_b
0.4266433539,0.71008152,Kelt-9_b
0.4268566756,0.71056796,Kelt-9_b
0.4270701039,0.71105373,Kelt-9_b
0.427283639,0.71153879,Kelt-9_b
0.4274972808,0.71202313,Kelt-9_b
0.4277110294,0.71250673,Kelt-9_b
0.427924885,0.71298957,Kelt-9_b
0.4281388474,0.71347168,Kelt-9_b
0.4283529168,0.71395307,Kelt-9_b
0.4285670933,0.71443374,Kelt-9_b
0.4287813768,0.71491373,Kelt-9_b
0.4289957675,0.71539305,Kelt-9_b
0.4292102654,0.71587171,Kelt-9_b
0.4294248705,0.71634974,Kelt-9_b
0.429639583,0.71682712,Kelt-9_b
0.4298544028,0.71730388,Kelt-9_b
0.43006933,0.71777999,Kelt-9_b
0.4302843646,0.71825548,Kelt-9_b
0.4304995068,0.71873032,Kelt-9_b
0.4307147566,0.71920453,Kelt-9_b
0.4309301139,0.7196781,Kelt-9_b
0.431145579,0.72015104,Kelt-9_b
0.4313611518,0.72062336,Kelt-9_b
0.4315768324,0.72109507,Kelt-9_b
0.4317926208,0.72156616,Kelt-9_b
0.4320085171,0.72203663,Kelt-9_b
0.4322245213,0.72250648,Kelt-9_b
0.4324406336,0.72297571,Kelt-9_b
0.4326568539,0.72344432,Kelt-9_b
0.4328731823,0.7239123,Kelt-9_b
0.4330896189,0.72437965,Kelt-9_b
0.4333061637,0.72484636,Kelt-9_b
0.4335228168,0.72531242,Kelt-9_b
0.4337395782,0.72577783,Kelt-9_b
0.433956448,0.72624256,Kelt-9_b
0.4341734263,0.72670659,Kelt-9_b
0.434390513,0.7271699,Kelt-9_b
0.4346077082,0.72763248,Kelt-9_b
0.4348250121,0.72809432,Kelt-9_b
0.4350424246,0.72855543,Kelt-9_b
0.4352599458,0.72901583,Kelt-9_b
0.4354775758,0.72947554,Kelt-9_b
0.4356953146,0.7299346,Kelt-9_b
0.4359131622,0.73039303,Kelt-9_b
0.4361311188,0.73085082,Kelt-9_b
0.4363491844,0.73130793,Kelt-9_b
0.4365673589,0.7317643,Kelt-9_b
0.4367856426,0.73221982,Kelt-9_b
0.4370040354,0.73267434,Kelt-9_b
0.4372225375,0.73312773,Kelt-9_b
0.4374411487,0.73357991,Kelt-9_b
0.4376598693,0.73403083,Kelt-9_b
0.4378786992,0.73448055,Kelt-9_b
0.4380976386,0.73492922,Kelt-9_b
0.4383166874,0.73537707,Kelt-9_b
0.4385358458,0.73582437,Kelt-9_b
0.4387551137,0.73627132,Kelt-9_b
0.4389744912,0.73671806,Kelt-9_b
0.4391939785,0.73716452,Kelt-9_b
0.4394135755,0.7376105,Kelt-9_b
0.4396332823,0.7380556,Kelt-9_b
0.4398530989,0.73849933,Kelt-9_b
0.4400730254,0.73894114,Kelt-9_b
0.440293062,0.73938057,Kelt-9_b
0.4405132085,0.73981726,Kelt-9_b
0.4407334651,0.74025105,Kelt-9_b
0.4409538318,0.74068202,Kelt-9_b
0.4411743087,0.74111053,Kelt-9_b
0.4413948959,0.74153725,Kelt-9_b
0.4416155933,0.74196312,Kelt-9_b
0.4418364011,0.7423893,Kelt-9_b
0.4420573193,0.74281704,Kelt-9_b
0.442278348,0.74324743,Kelt-9_b
0.4424994872,0.74368126,Kelt-9_b
0.4427207369,0.74411884,Kelt-9_b
0.4429420973,0.74455991,Kelt-9_b
0.4431635683,0.74500375,Kelt-9_b
0.4433851501,0.74544933,Kelt-9_b
0.4436068427,0.74589551,Kelt-9_b
0.4438286461,0.74634128,Kelt-9_b
0.4440505604,0.74678583,Kelt-9_b
0.4442725857,0.74722866,Kelt-9_b
0.444494722,0.74766948,Kelt-9_b
0.4447169694,0.74810821,Kelt-9_b
0.4449393279,0.74854485,Kelt-9_b
0.4451617975,0.74897948,Kelt-9_b
0.4453843784,0.74941222,Kelt-9_b
0.4456070706,0.74984325,Kelt-9_b
0.4458298741,0.75027279,Kelt-9_b
0.4460527891,0.75070113,Kelt-9_b
0.4462758155,0.75112858,Kelt-9_b
0.4464989534,0.75155543,Kelt-9_b
0.4467222029,0.75198193,Kelt-9_b
0.446945564,0.75240825,Kelt-9_b
0.4471690367,0.75283445,Kelt-9_b
0.4473926213,0.75326052,Kelt-9_b
0.4476163176,0.75368642,Kelt-9_b
0.4478401257,0.75411205,Kelt-9_b
0.4480640458,0.75453735,Kelt-9_b
0.4482880778,0.75496231,Kelt-9_b
0.4485122219,0.75538692,Kelt-9_b
0.448736478,0.75581118,Kelt-9_b
0.4489608462,0.75623512,Kelt-9_b
0.4491853266,0.75665874,Kelt-9_b
0.4494099193,0.75708201,Kelt-9_b
0.4496346243,0.75750493,Kelt-9_b
0.4498594416,0.75792744,Kelt-9_b
0.4500843713,0.75834953,Kelt-9_b
0.4503094135,0.75877114,Kelt-9_b
0.4505345682,0.75919226,Kelt-9_b
0.4507598355,0.75961286,Kelt-9_b
0.4509852154,0.76003295,Kelt-9_b
0.451210708,0.76045254,Kelt-9_b
0.4514363133,0.7608717,Kelt-9_b
0.4516620315,0.76129045,Kelt-9_b
0.4518878625,0.76170884,Kelt-9_b
0.4521138064,0.76212688,Kelt-9_b
0.4523398633,0.76254454,Kelt-9_b
0.4525660333,0.76296176,Kelt-9_b
0.4527923163,0.76337848,Kelt-9_b
0.4530187125,0.76379461,Kelt-9_b
0.4532452218,0.76421011,Kelt-9_b
0.4534718444,0.76462493,Kelt-9_b
0.4536985803,0.76503906,Kelt-9_b
0.4539254296,0.76545249,Kelt-9_b
0.4541523924,0.76586522,Kelt-9_b
0.4543794685,0.76627727,Kelt-9_b
0.4546066583,0.76668867,Kelt-9_b
0.4548339616,0.76709946,Kelt-9_b
0.4550613786,0.76750967,Kelt-9_b
0.4552889093,0.76791932,Kelt-9_b
0.4555165537,0.7683284,Kelt-9_b
0.455744312,0.76873689,Kelt-9_b
0.4559721842,0.76914475,Kelt-9_b
0.4562001703,0.76955191,Kelt-9_b
0.4564282703,0.76995831,Kelt-9_b
0.4566564845,0.77036389,Kelt-9_b
0.4568848127,0.77076863,Kelt-9_b
0.4571132551,0.77117248,Kelt-9_b
0.4573418118,0.77157545,Kelt-9_b
0.4575704827,0.77197752,Kelt-9_b
0.4577992679,0.77237873,Kelt-9_b
0.4580281675,0.77277908,Kelt-9_b
0.4582571816,0.7731786,Kelt-9_b
0.4584863102,0.77357734,Kelt-9_b
0.4587155534,0.7739753,Kelt-9_b
0.4589449111,0.77437253,Kelt-9_b
0.4591743836,0.77476902,Kelt-9_b
0.4594039708,0.7751648,Kelt-9_b
0.4596336728,0.77555988,Kelt-9_b
0.4598634896,0.77595426,Kelt-9_b
0.4600934214,0.77634795,Kelt-9_b
0.4603234681,0.77674095,Kelt-9_b
0.4605536298,0.77713327,Kelt-9_b
0.4607839066,0.7775249,Kelt-9_b
0.4610142986,0.77791586,Kelt-9_b
0.4612448057,0.77830615,Kelt-9_b
0.4614754281,0.77869578,Kelt-9_b
0.4617061658,0.77908478,Kelt-9_b
0.4619370189,0.77947317,Kelt-9_b
0.4621679874,0.77986098,Kelt-9_b
0.4623990714,0.78024822,Kelt-9_b
0.462630271,0.78063493,Kelt-9_b
0.4628615861,0.78102107,Kelt-9_b
0.4630930169,0.78140664,Kelt-9_b
0.4633245634,0.78179156,Kelt-9_b
0.4635562257,0.78217576,Kelt-9_b
0.4637880038,0.78255912,Kelt-9_b
0.4640198978,0.7829415,Kelt-9_b
0.4642519077,0.78332279,Kelt-9_b
0.4644840337,0.78370289,Kelt-9_b
0.4647162757,0.78408176,Kelt-9_b
0.4649486338,0.78445947,Kelt-9_b
0.4651811082,0.78483618,Kelt-9_b
0.4654136987,0.78521216,Kelt-9_b
0.4656464056,0.78558774,Kelt-9_b
0.4658792288,0.78596323,Kelt-9_b
0.4661121684,0.78633889,Kelt-9_b
0.4663452245,0.78671478,Kelt-9_b
0.4665783971,0.78709082,Kelt-9_b
0.4668116863,0.78746672,Kelt-9_b
0.4670450921,0.78784207,Kelt-9_b
0.4672786147,0.78821642,Kelt-9_b
0.467512254,0.7885894,Kelt-9_b
0.4677460101,0.78896078,Kelt-9_b
0.4679798831,0.78933053,Kelt-9_b
0.4682138731,0.78969886,Kelt-9_b
0.46844798,0.79006615,Kelt-9_b
0.468682204,0.79043288,Kelt-9_b
0.4689165451,0.79079957,Kelt-9_b
0.4691510034,0.79116666,Kelt-9_b
0.4693855789,0.79153446,Kelt-9_b
0.4696202716,0.79190308,Kelt-9_b
0.4698550818,0.79227248,Kelt-9_b
0.4700900093,0.79264244,Kelt-9_b
0.4703250543,0.7930126,Kelt-9_b
0.4705602169,0.79338252,Kelt-9_b
0.470795497,0.79375174,Kelt-9_b
0.4710308947,0.79411981,Kelt-9_b
0.4712664102,0.79448639,Kelt-9_b
0.4715020434,0.79485126,Kelt-9_b
0.4717377944,0.79521437,Kelt-9_b
0.4719736633,0.79557589,Kelt-9_b
0.4722096501,0.79593612,Kelt-9_b
0.4724457549,0.79629549,Kelt-9_b
0.4726819778,0.79665444,Kelt-9_b
0.4729183188,0.79701335,Kelt-9_b
0.473154778,0.79737249,Kelt-9_b
0.4733913554,0.79773195,Kelt-9_b
0.473628051,0.79809168,Kelt-9_b
0.4738648651,0.79845149,Kelt-9_b
0.4741017975,0.79881115,Kelt-9_b
0.4743388484,0.79917042,Kelt-9_b
0.4745760178,0.79952909,Kelt-9_b
0.4748133058,0.79988705,Kelt-9_b
0.4750507125,0.80024428,Kelt-9_b
0.4752882378,0.80060083,Kelt-9_b
0.4755258819,0.80095681,Kelt-9_b
0.4757636449,0.80131233,Kelt-9_b
0.4760015267,0.80166752,Kelt-9_b
0.4762395275,0.80202245,Kelt-9_b
0.4764776472,0.80237718,Kelt-9_b
0.4767158861,0.80273167,Kelt-9_b
0.476954244,0.80308588,Kelt-9_b
0.4771927211,0.8034397,Kelt-9_b
0.4774313175,0.80379304,Kelt-9_b
0.4776700331,0.8041458,Kelt-9_b
0.4779088682,0.80449788,Kelt-9_b
0.4781478226,0.80484924,Kelt-9_b
0.4783868965,0.80519983,Kelt-9_b
0.47862609,0.80554964,Kelt-9_b
0.478865403,0.80589869,Kelt-9_b
0.4791048357,0.80624703,Kelt-9_b
0.4793443881,0.80659475,Kelt-9_b
0.4795840603,0.80694197,Kelt-9_b
0.4798238523,0.80728882,Kelt-9_b
0.4800637643,0.80763541,Kelt-9_b
0.4803037962,0.80798184,Kelt-9_b
0.4805439481,0.8083281,Kelt-9_b
0.48078422,0.80867413,Kelt-9_b
0.4810246121,0.80901979,Kelt-9_b
0.4812651244,0.80936486,Kelt-9_b
0.481505757,0.80970911,Kelt-9_b
0.4817465099,0.81005226,Kelt-9_b
0.4819873831,0.81039403,Kelt-9_b
0.4822283768,0.81073416,Kelt-9_b
0.482469491,0.81107241,Kelt-9_b
0.4827107258,0.81140858,Kelt-9_b
0.4829520811,0.8117426,Kelt-9_b
0.4831935572,0.81207453,Kelt-9_b
0.4834351539,0.81240463,Kelt-9_b
0.4836768715,0.81273335,Kelt-9_b
0.48391871,0.81306133,Kelt-9_b
0.4841606693,0.81338926,Kelt-9_b
0.4844027496,0.81371782,Kelt-9_b
0.484644951,0.81404754,Kelt-9_b
0.4848872735,0.81437872,Kelt-9_b
0.4851297171,0.81471138,Kelt-9_b
0.485372282,0.81504534,Kelt-9_b
0.4856149681,0.81538027,Kelt-9_b
0.4858577756,0.81571578,Kelt-9_b
0.4861007045,0.81605156,Kelt-9_b
0.4863437549,0.81638734,Kelt-9_b
0.4865869267,0.81672292,Kelt-9_b
0.4868302202,0.81705815,Kelt-9_b
0.4870736353,0.81739283,Kelt-9_b
0.4873171721,0.81772674,Kelt-9_b
0.4875608307,0.81805964,Kelt-9_b
0.4878046111,0.81839129,Kelt-9_b
0.4880485134,0.81872154,Kelt-9_b
0.4882925377,0.81905032,Kelt-9_b
0.488536684,0.81937772,Kelt-9_b
0.4887809523,0.8197039,Kelt-9_b
0.4890253428,0.82002909,Kelt-9_b
0.4892698554,0.82035354,Kelt-9_b
0.4895144904,0.82067741,Kelt-9_b
0.4897592476,0.8210008,Kelt-9_b
0.4900041272,0.82132375,Kelt-9_b
0.4902491293,0.82164621,Kelt-9_b
0.4904942539,0.82196811,Kelt-9_b
0.490739501,0.82228937,Kelt-9_b
0.4909848708,0.82260992,Kelt-9_b
0.4912303632,0.82292969,Kelt-9_b
0.4914759784,0.82324864,Kelt-9_b
0.4917217164,0.82356673,Kelt-9_b
0.4919675772,0.82388398,Kelt-9_b
0.492213561,0.82420041,Kelt-9_b
0.4924596678,0.8245161,Kelt-9_b
0.4927058976,0.82483118,Kelt-9_b
0.4929522506,0.82514579,Kelt-9_b
0.4931987267,0.82546011,Kelt-9_b
0.4934453261,0.8257743,Kelt-9_b
0.4936920487,0.82608847,Kelt-9_b
0.4939388947,0.82640269,Kelt-9_b
0.4941858642,0.82671691,Kelt-9_b
0.4944329571,0.82703102,Kelt-9_b
0.4946801736,0.8273448,Kelt-9_b
0.4949275137,0.82765795,Kelt-9_b
0.4951749774,0.82797009,Kelt-9_b
0.4954225649,0.82828077,Kelt-9_b
0.4956702762,0.82858952,Kelt-9_b
0.4959181114,0.82889586,Kelt-9_b
0.4961660704,0.82919938,Kelt-9_b
0.4964141534,0.82949986,Kelt-9_b
0.4966623605,0.82979737,Kelt-9_b
0.4969106917,0.83009233,Kelt-9_b
0.497159147,0.83038558,Kelt-9_b
0.4974077266,0.83067823,Kelt-9_b
0.4976564305,0.83097149,Kelt-9_b
0.4979052587,0.83126642,Kelt-9_b
0.4981542113,0.83156366,Kelt-9_b
0.4984032884,0.83186327,Kelt-9_b
0.4986524901,0.8321646,Kelt-9_b
0.4989018163,0.83246639,Kelt-9_b
0.4991512672,0.83276692,Kelt-9_b
0.4994008429,0.83306421,Kelt-9_b
0.4996505433,0.83335629,Kelt-9_b
0.4999003686,0.83364136,Kelt-9_b
0.5001503187,0.83391798,Kelt-9_b
0.5004003939,0.83418517,Kelt-9_b
0.5006505941,0.83444233,Kelt-9_b
0.5009009194,0.83468921,Kelt-9_b
0.5011513699,0.83492582,Kelt-9_b
0.5014019455,0.83515244,Kelt-9_b
0.5016526465,0.8353698,Kelt-9_b
0.5019034728,0.83557945,Kelt-9_b
0.5021544246,0.83578416,Kelt-9_b
0.5024055018,0.83598822,Kelt-9_b
0.5026567045,0.83619737,Kelt-9_b
0.5029080329,0.83641819,Kelt-9_b
0.5031594869,0.83665706,Kelt-9_b
0.5034110666,0.83691897,Kelt-9_b
0.5036627722,0.83720639,Kelt-9_b
0.5039146036,0.83751874,Kelt-9_b
0.5041665609,0.83785243,Kelt-9_b
0.5044186442,0.83820157,Kelt-9_b
0.5046708535,0.83855907,Kelt-9_b
0.5049231889,0.8389178,Kelt-9_b
0.5051756505,0.83927157,Kelt-9_b
0.5054282383,0.83961576,Kelt-9_b
0.5056809524,0.8399476,Kelt-9_b
0.5059337929,0.84026613,Kelt-9_b
0.5061867598,0.84057195,Kelt-9_b
0.5064398532,0.84086682,Kelt-9_b
0.5066930731,0.84115324,Kelt-9_b
0.5069464197,0.84143396,Kelt-9_b
0.5071998929,0.84171158,Kelt-9_b
0.5074534928,0.84198818,Kelt-9_b
0.5077072196,0.84226516,Kelt-9_b
0.5079610732,0.84254319,Kelt-9_b
0.5082150537,0.84282233,Kelt-9_b
0.5084691612,0.84310229,Kelt-9_b
0.5087233958,0.84338263,Kelt-9_b
0.5089777575,0.843663,Kelt-9_b
0.5092322464,0.8439432,Kelt-9_b
0.5094868625,0.84422319,Kelt-9_b
0.5097416059,0.84450303,Kelt-9_b
0.5099964767,0.84478279,Kelt-9_b
0.510251475,0.84506246,Kelt-9_b
0.5105066007,0.84534198,Kelt-9_b
0.510761854,0.84562124,Kelt-9_b
0.5110172349,0.84590022,Kelt-9_b
0.5112727436,0.8461791,Kelt-9_b
0.5115283799,0.84645826,Kelt-9_b
0.5117841441,0.84673832,Kelt-9_b
0.5120400362,0.84702,Kelt-9_b
0.5122960562,0.84730404,Kelt-9_b
0.5125522042,0.84759098,Kelt-9_b
0.5128084803,0.84788112,Kelt-9_b
0.5130648846,0.84817443,Kelt-9_b
0.513321417,0.84847059,Kelt-9_b
0.5135780777,0.84876904,Kelt-9_b
0.5138348668,0.84906905,Kelt-9_b
0.5140917842,0.84936982,Kelt-9_b
0.5143488301,0.84967061,Kelt-9_b
0.5146060045,0.84997083,Kelt-9_b
0.5148633075,0.8502701,Kelt-9_b
0.5151207392,0.8505683,Kelt-9_b
0.5153782995,0.85086552,Kelt-9_b
0.5156359887,0.85116195,Kelt-9_b
0.5158938067,0.85145774,Kelt-9_b
0.5161517536,0.85175296,Kelt-9_b
0.5164098295,0.85204753,Kelt-9_b
0.5166680344,0.85234129,Kelt-9_b
0.5169263684,0.85263403,Kelt-9_b
0.5171848316,0.85292563,Kelt-9_b
0.517443424,0.85321607,Kelt-9_b
0.5177021457,0.85350542,Kelt-9_b
0.5179609968,0.85379381,Kelt-9_b
0.5182199773,0.85408134,Kelt-9_b
0.5184790873,0.85436803,Kelt-9_b
0.5187383268,0.85465381,Kelt-9_b
0.518997696,0.85493851,Kelt-9_b
0.5192571948,0.85522193,Kelt-9_b
0.5195168234,0.85550389,Kelt-9_b
0.5197765818,0.85578426,Kelt-9_b
0.5200364701,0.856063,Kelt-9_b
0.5202964884,0.85634014,Kelt-9_b
0.5205566366,0.85661576,Kelt-9_b
0.5208169149,0.85688997,Kelt-9_b
0.5210773234,0.85716286,Kelt-9_b
0.521337862,0.8574345,Kelt-9_b
0.521598531,0.85770494,Kelt-9_b
0.5218593302,0.85797424,Kelt-9_b
0.5221202599,0.85824248,Kelt-9_b
0.52238132,0.85850983,Kelt-9_b
0.5226425107,0.8587765,Kelt-9_b
0.522903832,0.85904278,Kelt-9_b
0.5231652839,0.85930894,Kelt-9_b
0.5234268665,0.85957519,Kelt-9_b
0.5236885799,0.85984165,Kelt-9_b
0.5239504242,0.86010827,Kelt-9_b
0.5242123994,0.8603749,Kelt-9_b
0.5244745056,0.86064128,Kelt-9_b
0.5247367429,0.86090715,Kelt-9_b
0.5249991113,0.86117221,Kelt-9_b
0.5252616108,0.86143624,Kelt-9_b
0.5255242416,0.86169905,Kelt-9_b
0.5257870037,0.86196054,Kelt-9_b
0.5260498973,0.86222067,Kelt-9_b
0.5263129222,0.86247949,Kelt-9_b
0.5265760787,0.86273712,Kelt-9_b
0.5268393667,0.86299373,Kelt-9_b
0.5271027864,0.8632495,Kelt-9_b
0.5273663378,0.86350456,Kelt-9_b
0.5276300209,0.86375895,Kelt-9_b
0.527893836,0.86401263,Kelt-9_b
0.5281577829,0.86426543,Kelt-9_b
0.5284218618,0.86451719,Kelt-9_b
0.5286860727,0.86476774,Kelt-9_b
0.5289504157,0.86501702,Kelt-9_b
0.5292148909,0.86526507,Kelt-9_b
0.5294794984,0.8655121,Kelt-9_b
0.5297442381,0.86575837,Kelt-9_b
0.5300091103,0.86600418,Kelt-9_b
0.5302741148,0.86624982,Kelt-9_b
0.5305392519,0.86649545,Kelt-9_b
0.5308045215,0.86674117,Kelt-9_b
0.5310699238,0.86698699,Kelt-9_b
0.5313354587,0.86723287,Kelt-9_b
0.5316011264,0.86747881,Kelt-9_b
0.531866927,0.86772479,Kelt-9_b
0.5321328605,0.86797082,Kelt-9_b
0.5323989269,0.86821689,Kelt-9_b
0.5326651264,0.8684629,Kelt-9_b
0.5329314589,0.86870871,Kelt-9_b
0.5331979247,0.86895404,Kelt-9_b
0.5334645236,0.86919858,Kelt-9_b
0.5337312559,0.869442,Kelt-9_b
0.5339981215,0.86968395,Kelt-9_b
0.5342651206,0.86992412,Kelt-9_b
0.5345322531,0.87016223,Kelt-9_b
0.5347995193,0.87039808,Kelt-9_b
0.535066919,0.87063157,Kelt-9_b
0.5353344525,0.87086275,Kelt-9_b
0.5356021197,0.87109186,Kelt-9_b
0.5358699208,0.87131934,Kelt-9_b
0.5361378557,0.87154575,Kelt-9_b
0.5364059247,0.87177163,Kelt-9_b
0.5366741276,0.87199737,Kelt-9_b
0.5369424647,0.87222298,Kelt-9_b
0.5372109359,0.87244808,Kelt-9_b
0.5374795414,0.87267185,Kelt-9_b
0.5377482811,0.87289325,Kelt-9_b
0.5380171553,0.87311116,Kelt-9_b
0.5382861639,0.87332475,Kelt-9_b
0.5385553069,0.8735336,Kelt-9_b
0.5388245846,0.87373799,Kelt-9_b
0.5390939969,0.87393888,Kelt-9_b
0.5393635439,0.87413787,Kelt-9_b
0.5396332257,0.87433703,Kelt-9_b
0.5399030423,0.87453852,Kelt-9_b
0.5401729938,0.87474429,Kelt-9_b
0.5404430803,0.87495562,Kelt-9_b
0.5407133018,0.8751729,Kelt-9_b
0.5409836585,0.87539555,Kelt-9_b
0.5412541503,0.87562219,Kelt-9_b
0.5415247774,0.87585103,Kelt-9_b
0.5417955398,0.87608033,Kelt-9_b
0.5420664375,0.87630884,Kelt-9_b
0.5423374708,0.87653609,Kelt-9_b
0.5426086395,0.87676238,Kelt-9_b
0.5428799438,0.87698861,Kelt-9_b
0.5431513838,0.87721591,Kelt-9_b
0.5434229595,0.87744524,Kelt-9_b
0.543694671,0.87767705,Kelt-9_b
0.5439665183,0.87791114,Kelt-9_b
0.5442385016,0.87814664,Kelt-9_b
0.5445106208,0.87838232,Kelt-9_b
0.5447828761,0.87861685,Kelt-9_b
0.5450552676,0.87884919,Kelt-9_b
0.5453277952,0.8790788,Kelt-9_b
0.5456004591,0.87930576,Kelt-9_b
0.5458732593,0.87953063,Kelt-9_b
0.546146196,0.87975422,Kelt-9_b
0.546419269,0.87997727,Kelt-9_b
0.5466924787,0.88020025,Kelt-9_b
0.5469658249,0.88042318,Kelt-9_b
0.5472393078,0.88064566,Kelt-9_b
0.5475129275,0.88086693,Kelt-9_b
0.547786684,0.88108615,Kelt-9_b
0.5480605773,0.88130259,Kelt-9_b
0.5483346076,0.88151592,Kelt-9_b
0.5486087749,0.88172639,Kelt-9_b
0.5488830793,0.88193492,Kelt-9_b
0.5491575208,0.88214304,Kelt-9_b
0.5494320996,0.88235258,Kelt-9_b
0.5497068156,0.88256536,Kelt-9_b
0.549981669,0.88278272,Kelt-9_b
0.5502566599,0.88300523,Kelt-9_b
0.5505317882,0.88323253,Kelt-9_b
0.5508070541,0.88346344,Kelt-9_b
0.5510824576,0.88369623,Kelt-9_b
0.5513579988,0.88392901,Kelt-9_b
0.5516336778,0.88416015,Kelt-9_b
0.5519094947,0.88438854,Kelt-9_b
0.5521854494,0.88461374,Kelt-9_b
0.5524615422,0.88483594,Kelt-9_b
0.5527377729,0.8850558,Kelt-9_b
0.5530141418,0.88527419,Kelt-9_b
0.5532906489,0.88549205,Kelt-9_b
0.5535672942,0.88571017,Kelt-9_b
0.5538440779,0.88592913,Kelt-9_b
0.5541209999,0.8861493,Kelt-9_b
0.5543980604,0.88637081,Kelt-9_b
0.5546752594,0.88659364,Kelt-9_b
0.5549525971,0.88681761,Kelt-9_b
0.5552300734,0.88704246,Kelt-9_b
0.5555076884,0.88726788,Kelt-9_b
0.5557854422,0.88749356,Kelt-9_b
0.556063335,0.88771922,Kelt-9_b
0.5563413666,0.88794463,Kelt-9_b
0.5566195373,0.88816963,Kelt-9_b
0.5568978471,0.88839407,Kelt-9_b
0.557176296,0.88861783,Kelt-9_b
0.5574548841,0.8888408,Kelt-9_b
0.5577336116,0.88906292,Kelt-9_b
0.5580124784,0.88928415,Kelt-9_b
0.5582914846,0.88950451,Kelt-9_b
0.5585706304,0.88972407,Kelt-9_b
0.5588499157,0.88994292,Kelt-9_b
0.5591293407,0.89016115,Kelt-9_b
0.5594089053,0.89037883,Kelt-9_b
0.5596886098,0.89059605,Kelt-9_b
0.5599684541,0.89081284,Kelt-9_b
0.5602484383,0.89102928,Kelt-9_b
0.5605285625,0.89124543,Kelt-9_b
0.5608088268,0.89146134,Kelt-9_b
0.5610892312,0.89167703,Kelt-9_b
0.5613697758,0.89189247,Kelt-9_b
0.5616504607,0.89210752,Kelt-9_b
0.561931286,0.89232197,Kelt-9_b
0.5622122516,0.89253549,Kelt-9_b
0.5624933577,0.89274771,Kelt-9_b
0.5627746044,0.89295812,Kelt-9_b
0.5630559917,0.89316613,Kelt-9_b
0.5633375197,0.89337103,Kelt-9_b
0.5636191885,0.89357188,Kelt-9_b
0.5639009981,0.89376751,Kelt-9_b
0.5641829486,0.89395641,Kelt-9_b
0.56446504,0.89413671,Kelt-9_b
0.5647472725,0.89430608,Kelt-9_b
0.5650296462,0.89446186,Kelt-9_b
0.565312161,0.89460116,Kelt-9_b
0.5655948171,0.8947213,Kelt-9_b
0.5658776145,0.89482039,Kelt-9_b
0.5661605533,0.89489819,Kelt-9_b
0.5664436336,0.89495702,Kelt-9_b
0.5667268554,0.89500242,Kelt-9_b
0.5670102188,0.89504332,Kelt-9_b
0.5672937239,0.89509134,Kelt-9_b
0.5675773708,0.89515923,Kelt-9_b
0.5678611595,0.89525876,Kelt-9_b
0.5681450901,0.89539843,Kelt-9_b
0.5684291626,0.89558179,Kelt-9_b
0.5687133772,0.89580676,Kelt-9_b
0.5689977339,0.89606614,Kelt-9_b
0.5692822327,0.89634919,Kelt-9_b
0.5695668739,0.89664369,Kelt-9_b
0.5698516573,0.89693809,Kelt-9_b
0.5701365831,0.89722305,Kelt-9_b
0.5704216514,0.89749246,Kelt-9_b
0.5707068622,0.89774353,Kelt-9_b
0.5709922157,0.89797643,Kelt-9_b
0.5712777118,0.89819346,Kelt-9_b
0.5715633506,0.89839816,Kelt-9_b
0.5718491323,0.8985944,Kelt-9_b
0.5721350569,0.89878575,Kelt-9_b
0.5724211244,0.89897508,Kelt-9_b
0.572707335,0.8991644,Kelt-9_b
0.5729936886,0.8993549,Kelt-9_b
0.5732801855,0.89954707,Kelt-9_b
0.5735668256,0.89974074,Kelt-9_b
0.573853609,0.89993517,Kelt-9_b
0.5741405358,0.90012911,Kelt-9_b
0.5744276061,0.90032084,Kelt-9_b
0.5747148199,0.9005084,Kelt-9_b
0.5750021773,0.90068988,Kelt-9_b
0.5752896784,0.90086385,Kelt-9_b
0.5755773232,0.90102971,Kelt-9_b
0.5758651119,0.90118794,Kelt-9_b
0.5761530444,0.90134009,Kelt-9_b
0.5764411209,0.90148848,Kelt-9_b
0.5767293415,0.90163558,Kelt-9_b
0.5770177062,0.90178327,Kelt-9_b
0.577306215,0.90193219,Kelt-9_b
0.5775948681,0.90208136,Kelt-9_b
0.5778836656,0.90222823,Kelt-9_b
0.5781726074,0.90236931,Kelt-9_b
0.5784616937,0.90250113,Kelt-9_b
0.5787509245,0.90262149,Kelt-9_b
0.5790403,0.90273045,Kelt-9_b
0.5793298202,0.90283097,Kelt-9_b
0.5796194851,0.9029287,Kelt-9_b
0.5799092948,0.9030311,Kelt-9_b
0.5801992495,0.90314598,Kelt-9_b
0.5804893491,0.90327984,Kelt-9_b
0.5807795938,0.9034366,Kelt-9_b
0.5810699836,0.90361693,Kelt-9_b
0.5813605185,0.90381841,Kelt-9_b
0.5816511988,0.90403627,Kelt-9_b
0.5819420244,0.90426434,Kelt-9_b
0.5822329954,0.90449584,Kelt-9_b
0.5825241119,0.9047237,Kelt-9_b
0.582815374,0.90494045,Kelt-9_b
0.5831067817,0.90513782,Kelt-9_b
0.583398335,0.90530647,Kelt-9_b
0.5836900342,0.90543597,Kelt-9_b
0.5839818792,0.90551544,Kelt-9_b
0.5842738702,0.90553451,Kelt-9_b
0.5845660071,0.90548462,Kelt-9_b
0.5848582901,0.90536024,Kelt-9_b
0.5851507193,0.9051597,Kelt-9_b
0.5854432946,0.9048855,Kelt-9_b
0.5857360163,0.90454429,Kelt-9_b
0.5860288843,0.90414653,Kelt-9_b
0.5863218987,0.90370625,Kelt-9_b
0.5866150597,0.9032408,Kelt-9_b
0.5869083672,0.90277031,Kelt-9_b
0.5872018214,0.90231665,Kelt-9_b
0.5874954223,0.90190149,Kelt-9_b
0.58778917,0.90154409,Kelt-9_b
0.5880830646,0.90125926,Kelt-9_b
0.5883771061,0.90105654,Kelt-9_b
0.5886712947,0.90094091,Kelt-9_b
0.5889656303,0.90091466,Kelt-9_b
0.5892601131,0.90097964,Kelt-9_b
0.5895547432,0.90113861,Kelt-9_b
0.5898495206,0.90139504,Kelt-9_b
0.5901444453,0.90175121,Kelt-9_b
0.5904395175,0.90220554,Kelt-9_b
0.5907347373,0.90274988,Kelt-9_b
0.5910301047,0.90336783,Kelt-9_b
0.5913256197,0.90403457,Kelt-9_b
0.5916212825,0.90471849,Kelt-9_b
0.5919170932,0.90538431,Kelt-9_b
0.5922130517,0.90599738,Kelt-9_b
0.5925091582,0.90652863,Kelt-9_b
0.5928054128,0.9069589,Kelt-9_b
0.5931018155,0.90728206,Kelt-9_b
0.5933983664,0.90750559,Kelt-9_b
0.5936950656,0.90764849,Kelt-9_b
0.5939919132,0.90773673,Kelt-9_b
0.5942889091,0.90779751,Kelt-9_b
0.5945860536,0.90785385,Kelt-9_b
0.5948833466,0.90792091,Kelt-9_b
0.5951807883,0.90800484,Kelt-9_b
0.5954783787,0.90810388,Kelt-9_b
0.5957761179,0.90821093,Kelt-9_b
0.5960740059,0.90831644,Kelt-9_b
0.5963720429,0.90841092,Kelt-9_b
0.5966702289,0.90848676,Kelt-9_b
0.596968564,0.90853937,Kelt-9_b
0.5972670483,0.90856815,Kelt-9_b
0.5975656819,0.90857705,Kelt-9_b
0.5978644647,0.90857476,Kelt-9_b
0.5981633969,0.90857401,Kelt-9_b
0.5984624786,0.90858993,Kelt-9_b
0.5987617099,0.90863748,Kelt-9_b
0.5990610907,0.90872865,Kelt-9_b
0.5993606213,0.90887012,Kelt-9_b
0.5996603016,0.90906213,Kelt-9_b
0.5999601317,0.90929885,Kelt-9_b
0.6002601118,0.90956991,Kelt-9_b
0.6005602418,0.90986279,Kelt-9_b
0.600860522,0.91016504,Kelt-9_b
0.6011609522,0.910466,Kelt-9_b
0.6014615327,0.91075782,Kelt-9_b
0.6017622635,0.91103565,Kelt-9_b
0.6020631446,0.91129742,Kelt-9_b
0.6023641762,0.91154358,Kelt-9_b
0.6026653583,0.91177671,Kelt-9_b
0.6029666909,0.91200141,Kelt-9_b
0.6032681743,0.91222407,Kelt-9_b
0.6035698084,0.91245243,Kelt-9_b
0.6038715933,0.91269467,Kelt-9_b
0.6041735291,0.91295806,Kelt-9_b
0.6044756158,0.91324741,Kelt-9_b
0.6047778537,0.91356371,Kelt-9_b
0.6050802426,0.9139035,Kelt-9_b
0.6053827827,0.91425925,Kelt-9_b
0.6056854741,0.91462082,Kelt-9_b
0.6059883168,0.91497753,Kelt-9_b
0.606291311,0.91532036,Kelt-9_b
0.6065944566,0.91564362,Kelt-9_b
0.6068977539,0.91594572,Kelt-9_b
0.6072012027,0.91622889,Kelt-9_b
0.6075048033,0.91649804,Kelt-9_b
0.6078085557,0.91675922,Kelt-9_b
0.60811246,0.91701808,Kelt-9_b
0.6084165163,0.91727873,Kelt-9_b
0.6087207245,0.91754326,Kelt-9_b
0.6090250849,0.91781171,Kelt-9_b
0.6093295974,0.9180826,Kelt-9_b
0.6096342622,0.91835357,Kelt-9_b
0.6099390793,0.91862224,Kelt-9_b
0.6102440489,0.91888681,Kelt-9_b
0.6105491709,0.91914657,Kelt-9_b
0.6108544455,0.91940197,Kelt-9_b
0.6111598727,0.91965439,Kelt-9_b
0.6114654527,0.91990564,Kelt-9_b
0.6117711854,0.92015742,Kelt-9_b
0.612077071,0.92041079,Kelt-9_b
0.6123831095,0.92066608,Kelt-9_b
0.6126893011,0.9209229,Kelt-9_b
0.6129956457,0.92118053,Kelt-9_b
0.6133021435,0.92143832,Kelt-9_b
0.6136087946,0.92169598,Kelt-9_b
0.613915599,0.92195361,Kelt-9_b
0.6142225568,0.92221147,Kelt-9_b
0.6145296681,0.92246959,Kelt-9_b
0.6148369329,0.92272738,Kelt-9_b
0.6151443514,0.92298337,Kelt-9_b
0.6154519236,0.92323534,Kelt-9_b
0.6157596495,0.92348057,Kelt-9_b
0.6160675294,0.92371636,Kelt-9_b
0.6163755631,0.92394056,Kelt-9_b
0.6166837509,0.92415194,Kelt-9_b
0.6169920928,0.92435032,Kelt-9_b
0.6173005888,0.92453648,Kelt-9_b
0.6176092391,0.92471189,Kelt-9_b
0.6179180437,0.9248783,Kelt-9_b
0.6182270028,0.92503741,Kelt-9_b
0.6185361163,0.92519061,Kelt-9_b
0.6188453843,0.92533892,Kelt-9_b
0.619154807,0.92548296,Kelt-9_b
0.6194643844,0.92562308,Kelt-9_b
0.6197741166,0.92575952,Kelt-9_b
0.6200840037,0.92589244,Kelt-9_b
0.6203940457,0.92602204,Kelt-9_b
0.6207042427,0.9261485,Kelt-9_b
0.6210145948,0.92627192,Kelt-9_b
0.6213251021,0.92639213,Kelt-9_b
0.6216357647,0.92650854,Kelt-9_b
0.6219465825,0.92662002,Kelt-9_b
0.6222575558,0.92672494,Kelt-9_b
0.6225686846,0.92682133,Kelt-9_b
0.6228799689,0.92690736,Kelt-9_b
0.6231914089,0.92698174,Kelt-9_b
0.6235030046,0.92704417,Kelt-9_b
0.6238147561,0.92709569,Kelt-9_b
0.6241266635,0.92713876,Kelt-9_b
0.6244387268,0.92717717,Kelt-9_b
0.6247509462,0.92721587,Kelt-9_b
0.6250633217,0.92726068,Kelt-9_b
0.6253758533,0.9273179,Kelt-9_b
0.6256885413,0.92739376,Kelt-9_b
0.6260013855,0.92749374,Kelt-9_b
0.6263143862,0.92762166,Kelt-9_b
0.6266275434,0.92777887,Kelt-9_b
0.6269408572,0.92796364,Kelt-9_b
0.6272543276,0.92817105,Kelt-9_b
0.6275679548,0.92839347,Kelt-9_b
0.6278817388,0.92862161,Kelt-9_b
0.6281956796,0.92884584,Kelt-9_b
0.6285097775,0.92905745,Kelt-9_b
0.6288240324,0.92924971,Kelt-9_b
0.6291384444,0.92941846,Kelt-9_b
0.6294530136,0.9295623,Kelt-9_b
0.6297677401,0.92968244,Kelt-9_b
0.630082624,0.92978238,Kelt-9_b
0.6303976653,0.9298674,Kelt-9_b
0.6307128641,0.92994397,Kelt-9_b
0.6310282206,0.93001895,Kelt-9_b
0.6313437347,0.9300989,Kelt-9_b
0.6316594065,0.93018924,Kelt-9_b
0.6319752362,0.93029369,Kelt-9_b
0.6322912239,0.93041389,Kelt-9_b
0.6326073695,0.93054934,Kelt-9_b
0.6329236732,0.93069761,Kelt-9_b
0.633240135,0.93085475,Kelt-9_b
0.6335567551,0.93101578,Kelt-9_b
0.6338735334,0.93117522,Kelt-9_b
0.6341904702,0.93132766,Kelt-9_b
0.6345075654,0.93146817,Kelt-9_b
0.6348248192,0.93159279,Kelt-9_b
0.6351422316,0.93169885,Kelt-9_b
0.6354598027,0.93178529,Kelt-9_b
0.6357775327,0.93185285,Kelt-9_b
0.6360954214,0.93190417,Kelt-9_b
0.6364134691,0.93194363,Kelt-9_b
0.6367316759,0.93197707,Kelt-9_b
0.6370500417,0.93201119,Kelt-9_b
0.6373685667,0.93205275,Kelt-9_b
0.637687251,0.93210759,Kelt-9_b
0.6380060946,0.93217964,Kelt-9_b
0.6383250977,0.93227025,Kelt-9_b
0.6386442602,0.93237778,Kelt-9_b
0.6389635824,0.93249784,Kelt-9_b
0.6392830641,0.93262388,Kelt-9_b
0.6396027057,0.93274819,Kelt-9_b
0.639922507,0.93286275,Kelt-9_b
0.6402424683,0.93295996,Kelt-9_b
0.6405625895,0.93303284,Kelt-9_b
0.6408828708,0.93307497,Kelt-9_b
0.6412033122,0.93308022,Kelt-9_b
0.6415239139,0.93304257,Kelt-9_b
0.6418446759,0.93295629,Kelt-9_b
0.6421655982,0.93281638,Kelt-9_b
0.642486681,0.93261935,Kelt-9_b
0.6428079243,0.93236386,Kelt-9_b
0.6431293283,0.93205134,Kelt-9_b
0.643450893,0.93168628,Kelt-9_b
0.6437726184,0.93127643,Kelt-9_b
0.6440945047,0.93083303,Kelt-9_b
0.644416552,0.93037108,Kelt-9_b
0.6447387603,0.9299095,Kelt-9_b
0.6450611296,0.92947085,Kelt-9_b
0.6453836602,0.92908033,Kelt-9_b
0.645706352,0.92876369,Kelt-9_b
0.6460292052,0.92854453,Kelt-9_b
0.6463522198,0.92844135,Kelt-9_b
0.6466753959,0.92846504,Kelt-9_b
0.6469987336,0.92861746,Kelt-9_b
0.647322233,0.92889128,Kelt-9_b
0.6476458941,0.92927077,Kelt-9_b
0.647969717,0.92973312,Kelt-9_b
0.6482937019,0.93025,Kelt-9_b
0.6486178488,0.93078928,Kelt-9_b
0.6489421577,0.93131728,Kelt-9_b
0.6492666288,0.93180204,Kelt-9_b
0.6495912621,0.93221764,Kelt-9_b
0.6499160577,0.93254868,Kelt-9_b
0.6502410157,0.93279379,Kelt-9_b
0.6505661362,0.93296633,Kelt-9_b
0.6508914193,0.93309165,Kelt-9_b
0.651216865,0.93320093,Kelt-9_b
0.6515424734,0.93332348,Kelt-9_b
0.6518682447,0.93347955,Kelt-9_b
0.6521941788,0.93367605,Kelt-9_b
0.6525202759,0.93390622,Kelt-9_b
0.652846536,0.93415286,Kelt-9_b
0.6531729593,0.9343938,Kelt-9_b
0.6534995458,0.9346074,Kelt-9_b
0.6538262956,0.93477674,Kelt-9_b
0.6541532087,0.93489166,Kelt-9_b
0.6544802853,0.93494886,Kelt-9_b
0.6548075254,0.93495108,Kelt-9_b
0.6551349292,0.93490594,Kelt-9_b
0.6554624967,0.93482516,Kelt-9_b
0.6557902279,0.93472392,Kelt-9_b
0.656118123,0.93462011,Kelt-9_b
0.6564461821,0.9345328,Kelt-9_b
0.6567744052,0.9344801,Kelt-9_b
0.6571027924,0.93447653,Kelt-9_b
0.6574313438,0.93453078,Kelt-9_b
0.6577600595,0.93464446,Kelt-9_b
0.6580889395,0.9348123,Kelt-9_b
0.658417984,0.93502366,Kelt-9_b
0.658747193,0.93526467,Kelt-9_b
0.6590765666,0.93552053,Kelt-9_b
0.6594061048,0.93577714,Kelt-9_b
0.6597358079,0.93602216,Kelt-9_b
0.6600656758,0.93624563,Kelt-9_b
0.6603957086,0.93644048,Kelt-9_b
0.6607259065,0.93660305,Kelt-9_b
0.6610562694,0.93673375,Kelt-9_b
0.6613867976,0.93683737,Kelt-9_b
0.661717491,0.93692263,Kelt-9_b
0.6620483497,0.93700104,Kelt-9_b
0.6623793739,0.93708492,Kelt-9_b
0.6627105636,0.93718518,Kelt-9_b
0.6630419189,0.93730954,Kelt-9_b
0.6633734398,0.9374615,Kelt-9_b
0.6637051265,0.93764048,Kelt-9_b
0.6640369791,0.93784275,Kelt-9_b
0.6643689976,0.9380629,Kelt-9_b
0.6647011821,0.93829522,Kelt-9_b
0.6650335327,0.93853458,Kelt-9_b
0.6653660494,0.93877682,Kelt-9_b
0.6656987325,0.93901856,Kelt-9_b
0.6660315818,0.9392569,Kelt-9_b
0.6663645976,0.93948921,Kelt-9_b
0.6666977799,0.93971313,Kelt-9_b
0.6670311288,0.93992711,Kelt-9_b
0.6673646444,0.94013087,Kelt-9_b
0.6676983267,0.94032601,Kelt-9_b
0.6680321759,0.940516,Kelt-9_b
0.668366192,0.94070587,Kelt-9_b
0.6687003751,0.94090134,Kelt-9_b
0.6690347252,0.94110768,Kelt-9_b
0.6693692426,0.94132871,Kelt-9_b
0.6697039272,0.94156602,Kelt-9_b
0.6700387792,0.94181884,Kelt-9_b
0.6703737986,0.9420843,Kelt-9_b
0.6707089855,0.94235823,Kelt-9_b
0.67104434,0.94263611,Kelt-9_b
0.6713798621,0.94291394,Kelt-9_b
0.6717155521,0.9431888,Kelt-9_b
0.6720514098,0.94345898,Kelt-9_b
0.6723874355,0.94372373,Kelt-9_b
0.6727236293,0.94398273,Kelt-9_b
0.6730599911,0.94423562,Kelt-9_b
0.6733965211,0.94448167,Kelt-9_b
0.6737332193,0.94471972,Kelt-9_b
0.6740700859,0.94494837,Kelt-9_b
0.674407121,0.94516629,Kelt-9_b
0.6747443246,0.94537259,Kelt-9_b
0.6750816967,0.94556702,Kelt-9_b
0.6754192376,0.94575009,Kelt-9_b
0.6757569472,0.94592285,Kelt-9_b
0.6760948257,0.94608665,Kelt-9_b
0.6764328731,0.94624277,Kelt-9_b
0.6767710895,0.94639207,Kelt-9_b
0.677109475,0.94653486,Kelt-9_b
0.6774480298,0.94667093,Kelt-9_b
0.6777867538,0.94679979,Kelt-9_b
0.6781256472,0.94692095,Kelt-9_b
0.67846471,0.9470343,Kelt-9_b
0.6788039424,0.94714029,Kelt-9_b
0.6791433443,0.94724007,Kelt-9_b
0.679482916,0.94733543,Kelt-9_b
0.6798226575,0.94742865,Kelt-9_b
0.6801625688,0.94752221,Kelt-9_b
0.6805026501,0.94761845,Kelt-9_b
0.6808429014,0.94771924,Kelt-9_b
0.6811833228,0.94782577,Kelt-9_b
0.6815239145,0.94793833,Kelt-9_b
0.6818646765,0.94805644,Kelt-9_b
0.6822056088,0.94817891,Kelt-9_b
0.6825467116,0.948304,Kelt-9_b
0.682887985,0.94842961,Kelt-9_b
0.683229429,0.94855329,Kelt-9_b
0.6835710437,0.94867225,Kelt-9_b
0.6839128292,0.9487834,Kelt-9_b
0.6842547856,0.94888331,Kelt-9_b
0.684596913,0.94896837,Kelt-9_b
0.6849392115,0.9490347,Kelt-9_b
0.6852816811,0.94907823,Kelt-9_b
0.6856243219,0.9490941,Kelt-9_b
0.6859671341,0.94907597,Kelt-9_b
0.6863101176,0.94901494,Kelt-9_b
0.6866532727,0.94889821,Kelt-9_b
0.6869965993,0.9487079,Kelt-9_b
0.6873400976,0.94841993,Kelt-9_b
0.6876837677,0.94800342,Kelt-9_b
0.6880276096,0.94742098,Kelt-9_b
0.6883716234,0.94663058,Kelt-9_b
0.6887158092,0.94558987,Kelt-9_b
0.6890601671,0.94426411,Kelt-9_b
0.6894046972,0.94263772,Kelt-9_b
0.6897493995,0.94072825,Kelt-9_b
0.6900942742,0.93859933,Kelt-9_b
0.6904393213,0.93636742,Kelt-9_b
0.690784541,0.9341971,Kelt-9_b
0.6911299333,0.93228204,Kelt-9_b
0.6914754982,0.93081341,Kelt-9_b
0.691821236,0.92994255,Kelt-9_b
0.6921671466,0.92974849,Kelt-9_b
0.6925132302,0.93022046,Kelt-9_b
0.6928594868,0.93126119,Kelt-9_b
0.6932059165,0.93271007,Kelt-9_b
0.6935525195,0.93437889,Kelt-9_b
0.6938992958,0.93608931,Kelt-9_b
0.6942462454,0.93770206,Kelt-9_b
0.6945933685,0.93913175,Kelt-9_b
0.6949406652,0.94034626,Kelt-9_b
0.6952881356,0.94135453,Kelt-9_b
0.6956357796,0.94218858,Kelt-9_b
0.6959835975,0.9428858,Kelt-9_b
0.6963315893,0.94347618,Kelt-9_b
0.6966797551,0.94397623,Kelt-9_b
0.697028095,0.94438934,Kelt-9_b
0.697376609,0.94471055,Kelt-9_b
0.6977252973,0.94493272,Kelt-9_b
0.69807416,0.9450519,Kelt-9_b
0.6984231971,0.94507001,Kelt-9_b
0.6987724087,0.94499473,Kelt-9_b
0.6991217949,0.94483731,Kelt-9_b
0.6994713558,0.94460994,Kelt-9_b
0.6998210914,0.94432422,Kelt-9_b
0.700171002,0.94399133,Kelt-9_b
0.7005210875,0.94362396,Kelt-9_b
0.700871348,0.94323871,Kelt-9_b
0.7012217837,0.942857,Kelt-9_b
0.7015723946,0.94250381,Kelt-9_b
0.7019231808,0.94220382,Kelt-9_b
0.7022741424,0.94197634,Kelt-9_b
0.7026252795,0.94183106,Kelt-9_b
0.7029765921,0.94176605,Kelt-9_b
0.7033280804,0.94176904,Kelt-9_b
0.7036797444,0.941821,Kelt-9_b
0.7040315843,0.94190088,Kelt-9_b
0.7043836001,0.94198962,Kelt-9_b
0.7047357919,0.94207274,Kelt-9_b
0.7050881598,0.94214101,Kelt-9_b
0.7054407039,0.94218966,Kelt-9_b
0.7057934242,0.94221659,Kelt-9_b
0.7061463209,0.9422203,Kelt-9_b
0.7064993941,0.94219811,Kelt-9_b
0.7068526438,0.94214497,Kelt-9_b
0.7072060701,0.94205322,Kelt-9_b
0.7075596731,0.9419133,Kelt-9_b
0.707913453,0.94171498,Kelt-9_b
0.7082674097,0.94144857,Kelt-9_b
0.7086215434,0.94110563,Kelt-9_b
0.7089758542,0.94067876,Kelt-9_b
0.7093303421,0.94016177,Kelt-9_b
0.7096850073,0.93954888,Kelt-9_b
0.7100398498,0.93883502,Kelt-9_b
0.7103948697,0.93801545,Kelt-9_b
0.7107500671,0.93708366,Kelt-9_b
0.7111054422,0.93602566,Kelt-9_b
0.7114609949,0.9348099,Kelt-9_b
0.7118167254,0.93337333,Kelt-9_b
0.7121726338,0.9316083,Kelt-9_b
0.7125287201,0.92935574,Kelt-9_b
0.7128849844,0.92641305,Kelt-9_b
0.7132414269,0.92256201,Kelt-9_b
0.7135980476,0.91761866,Kelt-9_b
0.7139548467,0.91149825,Kelt-9_b
0.7143118241,0.90428057,Kelt-9_b
0.71466898,0.89625395,Kelt-9_b
0.7150263145,0.88791633,Kelt-9_b
0.7153838277,0.87992047,Kelt-9_b
0.7157415196,0.87296758,Kelt-9_b
0.7160993903,0.86767239,Kelt-9_b
0.71645744,0.86443719,Kelt-9_b
0.7168156687,0.86337282,Kelt-9_b
0.7171740766,0.86429118,Kelt-9_b
0.7175326636,0.86676975,Kelt-9_b
0.7178914299,0.8702657,Kelt-9_b
0.7182503757,0.87424248,Kelt-9_b
0.7186095008,0.87827201,Kelt-9_b
0.7189688056,0.88208862,Kelt-9_b
0.71932829,0.88558933,Kelt-9_b
0.7196879541,0.88879172,Kelt-9_b
0.7200477981,0.89177123,Kelt-9_b
0.720407822,0.89460068,Kelt-9_b
0.7207680259,0.89730896,Kelt-9_b
0.7211284099,0.89986702,Kelt-9_b
0.7214889742,0.9021992,Kelt-9_b
0.7218497186,0.90421043,Kelt-9_b
0.7222106435,0.90581753,Kelt-9_b
0.7225717488,0.90697324,Kelt-9_b
0.7229330347,0.90767753,Kelt-9_b
0.7232945012,0.9079751,Kelt-9_b
0.7236561485,0.90794393,Kelt-9_b
0.7240179765,0.9076799,Kelt-9_b
0.7243799855,0.90728434,Kelt-9_b
0.7247421755,0.90685307,Kelt-9_b
0.7251045466,0.90646842,Kelt-9_b
0.7254670989,0.90619051,Kelt-9_b
0.7258298324,0.9060477,Kelt-9_b
0.7261927473,0.90602858,Kelt-9_b
0.7265558437,0.90608035,Kelt-9_b
0.7269191216,0.90611796,Kelt-9_b
0.7272825812,0.90604526,Kelt-9_b
0.7276462225,0.90578374,Kelt-9_b
0.7280100456,0.90530033,Kelt-9_b
0.7283740506,0.90462444,Kelt-9_b
0.7287382377,0.90384735,Kelt-9_b
0.7291026068,0.90310335,Kelt-9_b
0.7294671581,0.90253765,Kelt-9_b
0.7298318917,0.90227128,Kelt-9_b
0.7301968076,0.90237237,Kelt-9_b
0.730561906,0.90284039,Kelt-9_b
0.730927187,0.9036064,Kelt-9_b
0.7312926505,0.90454625,Kelt-9_b
0.7316582969,0.90550388,Kelt-9_b
0.732024126,0.9063183,Kelt-9_b
0.7323901381,0.90685036,Kelt-9_b
0.7327563332,0.90700481,Kelt-9_b
0.7331227113,0.90674462,Kelt-9_b
0.7334892727,0.90609598,Kelt-9_b
0.7338560173,0.90514269,Kelt-9_b
0.7342229453,0.90401123,Kelt-9_b
0.7345900568,0.90284896,Kelt-9_b
0.7349573518,0.90179978,Kelt-9_b
0.7353248305,0.90098197,Kelt-9_b
0.7356924929,0.90047331,Kelt-9_b
0.7360603392,0.90030552,Kelt-9_b
0.7364283693,0.90046853,Kelt-9_b
0.7367965835,0.90092191,Kelt-9_b
0.7371649818,0.90160919,Kelt-9_b
0.7375335643,0.90247111,Kelt-9_b
0.7379023311,0.90345429,Kelt-9_b
0.7382712822,0.90451506,Kelt-9_b
0.7386404179,0.90561943,Kelt-9_b
0.7390097381,0.90674158,Kelt-9_b
0.739379243,0.90786287,Kelt-9_b
0.7397489326,0.90897239,Kelt-9_b
0.7401188071,0.91006746,Kelt-9_b
0.7404888665,0.91115324,Kelt-9_b
0.7408591109,0.91223991,Kelt-9_b
0.7412295404,0.91333827,Kelt-9_b
0.7416001552,0.91445561,Kelt-9_b
0.7419709553,0.91559393,Kelt-9_b
0.7423419408,0.91675143,Kelt-9_b
0.7427131117,0.91792588,Kelt-9_b
0.7430844683,0.91911748,Kelt-9_b
0.7434560105,0.9203286,Kelt-9_b
0.7438277385,0.92156089,Kelt-9_b
0.7441996524,0.92281072,Kelt-9_b
0.7445717522,0.9240663,Kelt-9_b
0.7449440381,0.92530781,Kelt-9_b
0.7453165101,0.92651114,Kelt-9_b
0.7456891684,0.92765359,Kelt-9_b
0.746062013,0.92871925,Kelt-9_b
0.746435044,0.92970254,Kelt-9_b
0.7468082615,0.9306081,Kelt-9_b
0.7471816656,0.93144824,Kelt-9_b
0.7475552565,0.93223828,Kelt-9_b
0.7479290341,0.93299225,Kelt-9_b
0.7483029986,0.93372057,Kelt-9_b
0.7486771501,0.93443025,Kelt-9_b
0.7490514887,0.93512725,Kelt-9_b
0.7494260144,0.93581912,Kelt-9_b
0.7498007274,0.93651641,Kelt-9_b
0.7501756278,0.93723197,Kelt-9_b
0.7505507156,0.93797877,Kelt-9_b
0.750925991,0.93876713,Kelt-9_b
0.751301454,0.93960265,Kelt-9_b
0.7516771047,0.94048511,Kelt-9_b
0.7520529432,0.94140869,Kelt-9_b
0.7524289697,0.94236333,Kelt-9_b
0.7528051842,0.94333719,Kelt-9_b
0.7531815868,0.9443198,Kelt-9_b
0.7535581776,0.94530508,Kelt-9_b
0.7539349567,0.94629278,Kelt-9_b
0.7543119241,0.9472878,Kelt-9_b
0.7546890801,0.9482972,Kelt-9_b
0.7550664246,0.94932626,Kelt-9_b
0.7554439579,0.95037524,Kelt-9_b
0.7558216798,0.95143818,Kelt-9_b
0.7561995907,0.95250406,Kelt-9_b
0.7565776905,0.95355964,Kelt-9_b
0.7569559793,0.95459264,Kelt-9_b
0.7573344573,0.9555941,Kelt-9_b
0.7577131245,0.95655921,Kelt-9_b
0.7580919811,0.95748657,Kelt-9_b
0.7584710271,0.95837655,Kelt-9_b
0.7588502626,0.95922924,Kelt-9_b
0.7592296877,0.96004287,Kelt-9_b
0.7596093026,0.96081318,Kelt-9_b
0.7599891072,0.96153368,Kelt-9_b
0.7603691018,0.96219679,Kelt-9_b
0.7607492863,0.96279545,Kelt-9_b
0.761129661,0.96332462,Kelt-9_b
0.7615102258,0.96378235,Kelt-9_b
0.7618909809,0.96417016,Kelt-9_b
0.7622719264,0.96449275,Kelt-9_b
0.7626530624,0.96475717,Kelt-9_b
0.7630343889,0.96497188,Kelt-9_b
0.7634159061,0.96514594,Kelt-9_b
0.7637976141,0.96528845,Kelt-9_b
0.7641795129,0.96540808,Kelt-9_b
0.7645616026,0.96551277,Kelt-9_b
0.7649438834,0.96560932,Kelt-9_b
0.7653263554,0.96570302,Kelt-9_b
0.7657090185,0.96579756,Kelt-9_b
0.766091873,0.96589517,Kelt-9_b
0.766474919,0.96599709,Kelt-9_b
0.7668581564,0.96610392,Kelt-9_b
0.7672415855,0.96621594,Kelt-9_b
0.7676252063,0.96633296,Kelt-9_b
0.7680090189,0.96645419,Kelt-9_b
0.7683930234,0.96657814,Kelt-9_b
0.7687772199,0.9667029,Kelt-9_b
0.7691616085,0.9668266,Kelt-9_b
0.7695461894,0.96694799,Kelt-9_b
0.7699309624,0.96706673,Kelt-9_b
0.7703159279,0.96718323,Kelt-9_b
0.7707010859,0.9672982,Kelt-9_b
0.7710864364,0.96741201,Kelt-9_b
0.7714719797,0.96752417,Kelt-9_b
0.7718577156,0.96763307,Kelt-9_b
0.7722436445,0.96773599,Kelt-9_b
0.7726297663,0.96782917,Kelt-9_b
0.7730160812,0.96790805,Kelt-9_b
0.7734025892,0.96796731,Kelt-9_b
0.7737892905,0.96800114,Kelt-9_b
0.7741761852,0.96800342,Kelt-9_b
0.7745632733,0.96796824,Kelt-9_b
0.7749505549,0.96789061,Kelt-9_b
0.7753380302,0.96776739,Kelt-9_b
0.7757256992,0.96759812,Kelt-9_b
0.7761135621,0.96738582,Kelt-9_b
0.7765016188,0.96713711,Kelt-9_b
0.7768898697,0.96686186,Kelt-9_b
0.7772783146,0.96657199,Kelt-9_b
0.7776669537,0.96627983,Kelt-9_b
0.7780557872,0.96599625,Kelt-9_b
0.7784448151,0.96572892,Kelt-9_b
0.7788340375,0.96548117,Kelt-9_b
0.7792234545,0.96525162,Kelt-9_b
0.7796130663,0.9650346,Kelt-9_b
0.7800028728,0.96482135,Kelt-9_b
0.7803928742,0.96460149,Kelt-9_b
0.7807830707,0.96436487,Kelt-9_b
0.7811734622,0.96410323,Kelt-9_b
0.7815640489,0.96381166,Kelt-9_b
0.781954831,0.96348958,Kelt-9_b
0.7823458084,0.96314109,Kelt-9_b
0.7827369813,0.96277457,Kelt-9_b
0.7831283498,0.96240185,Kelt-9_b
0.7835199139,0.96203713,Kelt-9_b
0.7839116739,0.96169606,Kelt-9_b
0.7843036297,0.96139492,Kelt-9_b
0.7846957816,0.96114981,Kelt-9_b
0.7850881294,0.96097518,Kelt-9_b
0.7854806735,0.96088172,Kelt-9_b
0.7858734139,0.96087378,Kelt-9_b
0.7862663506,0.96094735,Kelt-9_b
0.7866594837,0.96108966,Kelt-9_b
0.7870528135,0.96128106,Kelt-9_b
0.7874463399,0.96149893,Kelt-9_b
0.7878400631,0.96172239,Kelt-9_b
0.7882339831,0.96193625,Kelt-9_b
0.7886281001,0.96213271,Kelt-9_b
0.7890224141,0.96231059,Kelt-9_b
0.7894169253,0.96247261,Kelt-9_b
0.7898116338,0.96262216,Kelt-9_b
0.7902065396,0.96276068,Kelt-9_b
0.7906016429,0.96288639,Kelt-9_b
0.7909969437,0.96299432,Kelt-9_b
0.7913924422,0.96307697,Kelt-9_b
0.7917881384,0.96312508,Kelt-9_b
0.7921840325,0.96312826,Kelt-9_b
0.7925801245,0.96307584,Kelt-9_b
0.7929764145,0.96295813,Kelt-9_b
0.7933729028,0.96276848,Kelt-9_b
0.7937695892,0.96250568,Kelt-9_b
0.794166474,0.96217577,Kelt-9_b
0.7945635572,0.96179242,Kelt-9_b
0.794960839,0.9613753,Kelt-9_b
0.7953583194,0.96094663,Kelt-9_b
0.7957559986,0.96052705,Kelt-9_b
0.7961538766,0.96013222,Kelt-9_b
0.7965519535,0.95977109,Kelt-9_b
0.7969502295,0.95944612,Kelt-9_b
0.7973487046,0.95915522,Kelt-9_b
0.797747379,0.95889366,Kelt-9_b
0.7981462527,0.95865546,Kelt-9_b
0.7985453258,0.95843335,Kelt-9_b
0.7989445985,0.95821782,Kelt-9_b
0.7993440708,0.9579957,Kelt-9_b
0.7997437428,0.95774932,Kelt-9_b
0.8001436147,0.95745677,Kelt-9_b
0.8005436865,0.95709307,Kelt-9_b
0.8009439583,0.95663213,Kelt-9_b
0.8013444303,0.95604822,Kelt-9_b
0.8017451025,0.95531679,Kelt-9_b
0.8021459751,0.95441358,Kelt-9_b
0.802547048,0.95331251,Kelt-9_b
0.8029483216,0.95198235,Kelt-9_b
0.8033497957,0.95038347,Kelt-9_b
0.8037514706,0.94846561,Kelt-9_b
0.8041533464,0.94616786,Kelt-9_b
0.804555423,0.94342053,Kelt-9_b
0.8049577007,0.94015008,Kelt-9_b
0.8053601796,0.93628556,Kelt-9_b
0.8057628597,0.93176766,Kelt-9_b
0.8061657411,0.92656077,Kelt-9_b
0.806568824,0.92066748,Kelt-9_b
0.8069721084,0.91414399,Kelt-9_b
0.8073755945,0.90711251,Kelt-9_b
0.8077792822,0.89976504,Kelt-9_b
0.8081831719,0.8923539,Kelt-9_b
0.8085872635,0.88516683,Kelt-9_b
0.8089915571,0.87849049,Kelt-9_b
0.8093960529,0.87257023,Kelt-9_b
0.8098007509,0.86757715,Kelt-9_b
0.8102056513,0.86359328,Kelt-9_b
0.8106107541,0.86061917,Kelt-9_b
0.8110160595,0.85860137,Kelt-9_b
0.8114215675,0.85746935,Kelt-9_b
0.8118272783,0.85716692,Kelt-9_b
0.8122331919,0.85766587,Kelt-9_b
0.8126393085,0.85895702,Kelt-9_b
0.8130456282,0.86102403,Kelt-9_b
0.813452151,0.86381252,Kelt-9_b
0.8138588771,0.86720885,Kelt-9_b
0.8142658065,0.87103784,Kelt-9_b
0.8146729394,0.87507939,Kelt-9_b
0.8150802759,0.87909694,Kelt-9_b
0.815487816,0.88286763,Kelt-9_b
0.8158955599,0.88620578,Kelt-9_b
0.8163035077,0.88897638,Kelt-9_b
0.8167116595,0.89109953,Kelt-9_b
0.8171200153,0.89254891,Kelt-9_b
0.8175285753,0.89334577,Kelt-9_b
0.8179373396,0.89354928,Kelt-9_b
0.8183463083,0.8932415,Kelt-9_b
0.8187554814,0.89250956,Kelt-9_b
0.8191648592,0.89142887,Kelt-9_b
0.8195744416,0.89005577,Kelt-9_b
0.8199842288,0.88843576,Kelt-9_b
0.8203942209,0.88662829,Kelt-9_b
0.820804418,0.88473906,Kelt-9_b
0.8212148202,0.8829455,Kelt-9_b
0.8216254277,0.88149633,Kelt-9_b
0.8220362404,0.8806775,Kelt-9_b
0.8224472585,0.88074759,Kelt-9_b
0.8228584821,0.88186101,Kelt-9_b
0.8232699114,0.88400563,Kelt-9_b
0.8236815463,0.88697775,Kelt-9_b
0.8240933871,0.89040489,Kelt-9_b
0.8245054338,0.89381187,Kelt-9_b
0.8249176865,0.89671076,Kelt-9_b
0.8253301453,0.89869127,Kelt-9_b
0.8257428104,0.89949016,Kelt-9_b
0.8261556818,0.89902799,Kelt-9_b
0.8265687597,0.89741125,Kelt-9_b
0.826982044,0.89490426,Kelt-9_b
0.8273955351,0.8918802,Kelt-9_b
0.8278092328,0.88876009,Kelt-9_b
0.8282231374,0.88594912,Kelt-9_b
0.828637249,0.88378045,Kelt-9_b
0.8290515676,0.88247453,Kelt-9_b
0.8294660934,0.88212048,Kelt-9_b
0.8298808265,0.88268086,Kelt-9_b
0.8302957669,0.8840152,Kelt-9_b
0.8307109148,0.88591262,Kelt-9_b
0.8311262702,0.88812494,Kelt-9_b
0.8315418334,0.89039475,Kelt-9_b
0.8319576043,0.89247826,Kelt-9_b
0.8323735831,0.8941674,Kelt-9_b
0.8327897699,0.89531388,Kelt-9_b
0.8332061648,0.89585456,Kelt-9_b
0.8336227678,0.89582965,Kelt-9_b
0.8340395792,0.89538385,Kelt-9_b
0.834456599,0.89474301,Kelt-9_b
0.8348738273,0.89416635,Kelt-9_b
0.8352912642,0.89388545,Kelt-9_b
0.8357089099,0.89404764,Kelt-9_b
0.8361267643,0.89468118,Kelt-9_b
0.8365448277,0.89569435,Kelt-9_b
0.8369631001,0.89690779,Kelt-9_b
0.8373815817,0.89810909,Kelt-9_b
0.8378002725,0.89911319,Kelt-9_b
0.8382191726,0.89980816,Kelt-9_b
0.8386382822,0.90017655,Kelt-9_b
0.8390576013,0.90028701,Kelt-9_b
0.8394771301,0.90026272,Kelt-9_b
0.8398968687,0.90023924,Kelt-9_b
0.8403168171,0.90032521,Kelt-9_b
0.8407369755,0.90057749,Kelt-9_b
0.841157344,0.90099612,Kelt-9_b
0.8415779227,0.90153644,Kelt-9_b
0.8419987116,0.90213206,Kelt-9_b
0.842419711,0.9027196,Kelt-9_b
0.8428409209,0.90325738,Kelt-9_b
0.8432623413,0.90373434,Kelt-9_b
0.8436839725,0.9041685,Kelt-9_b
0.8441058145,0.90459795,Kelt-9_b
0.8445278674,0.9050682,Kelt-9_b
0.8449501313,0.90562001,Kelt-9_b
0.8453726064,0.90628144,Kelt-9_b
0.8457952927,0.90706448,Kelt-9_b
0.8462181903,0.9079679,Kelt-9_b
0.8466412994,0.90898358,Kelt-9_b
0.8470646201,0.91010408,Kelt-9_b
0.8474881524,0.91132874,Kelt-9_b
0.8479118965,0.91266622,Kelt-9_b
0.8483358524,0.91413147,Kelt-9_b
0.8487600203,0.91573908,Kelt-9_b
0.8491844003,0.9174944,Kelt-9_b
0.8496089925,0.91938565,Kelt-9_b
0.850033797,0.92138045,Kelt-9_b
0.8504588139,0.92342804,Kelt-9_b
0.8508840433,0.92546773,Kelt-9_b
0.8513094854,0.92744131,Kelt-9_b
0.8517351401,0.92930538,Kelt-9_b
0.8521610077,0.9310407,Kelt-9_b
0.8525870882,0.9326552,Kelt-9_b
0.8530133817,0.93418034,Kelt-9_b
0.8534398884,0.93566336,Kelt-9_b
0.8538666084,0.93715723,Kelt-9_b
0.8542935417,0.93871234,Kelt-9_b
0.8547206884,0.94037071,Kelt-9_b
0.8551480488,0.94216192,Kelt-9_b
0.8555756228,0.94410061,Kelt-9_b
0.8560034106,0.94618331,Kelt-9_b
0.8564314123,0.94838599,Kelt-9_b
0.856859628,0.95066341,Kelt-9_b
0.8572880578,0.95295215,Kelt-9_b
0.8577167019,0.95517843,Kelt-9_b
0.8581455602,0.9572691,Kelt-9_b
0.858574633,0.95916371,Kelt-9_b
0.8590039203,0.96082392,Kelt-9_b
0.8594334223,0.96223833,Kelt-9_b
0.859863139,0.96342114,Kelt-9_b
0.8602930706,0.96440617,Kelt-9_b
0.8607232171,0.96523768,Kelt-9_b
0.8611535787,0.96596074,Kelt-9_b
0.8615841555,0.96661331,Kelt-9_b
0.8620149476,0.96722165,Kelt-9_b
0.862445955,0.9677999,Kelt-9_b
0.862877178,0.96835241,Kelt-9_b
0.8633086166,0.96887846,Kelt-9_b
0.8637402709,0.96937596,Kelt-9_b
0.8641721411,0.96984348,Kelt-9_b
0.8646042271,0.97027985,Kelt-9_b
0.8650365292,0.97068227,Kelt-9_b
0.8654690475,0.97104462,Kelt-9_b
0.865901782,0.97135767,Kelt-9_b
0.8663347329,0.97161121,Kelt-9_b
0.8667679003,0.9717977,Kelt-9_b
0.8672012842,0.97191574,Kelt-9_b
0.8676348849,0.97197198,Kelt-9_b
0.8680687023,0.97198078,Kelt-9_b
0.8685027367,0.97196202,Kelt-9_b
0.868936988,0.97193772,Kelt-9_b
0.8693714565,0.9719284,Kelt-9_b
0.8698061423,0.97195012,Kelt-9_b
0.8702410453,0.97201222,Kelt-9_b
0.8706761659,0.97211639,Kelt-9_b
0.8711115039,0.97225689,Kelt-9_b
0.8715470597,0.97242214,Kelt-9_b
0.8719828332,0.9725975,Kelt-9_b
0.8724188246,0.9727687,Kelt-9_b
0.872855034,0.97292525,Kelt-9_b
0.8732914616,0.97306297,Kelt-9_b
0.8737281073,0.97318482,Kelt-9_b
0.8741649714,0.9732998,Kelt-9_b
0.8746020538,0.97342017,Kelt-9_b
0.8750393549,0.97355776,Kelt-9_b
0.8754768745,0.97372038,Kelt-9_b
0.875914613,0.97390942,Kelt-9_b
0.8763525703,0.97411915,Kelt-9_b
0.8767907466,0.97433773,Kelt-9_b
0.8772291419,0.97454953,Kelt-9_b
0.8776677565,0.97473804,Kelt-9_b
0.8781065904,0.97488881,Kelt-9_b
0.8785456437,0.97499192,Kelt-9_b
0.8789849165,0.97504377,Kelt-9_b
0.879424409,0.9750477,Kelt-9_b
0.8798641212,0.9750134,Kelt-9_b
0.8803040532,0.97495409,Kelt-9_b
0.8807442053,0.97488233,Kelt-9_b
0.8811845774,0.97480425,Kelt-9_b
0.8816251697,0.97471342,Kelt-9_b
0.8820659822,0.97458588,Kelt-9_b
0.8825070152,0.97437737,Kelt-9_b
0.8829482687,0.97402409,Kelt-9_b
0.8833897429,0.97344628,Kelt-9_b
0.8838314377,0.97255501,Kelt-9_b
0.8842733535,0.97125925,Kelt-9_b
0.8847154901,0.96947193,Kelt-9_b
0.8851578479,0.96711127,Kelt-9_b
0.8856004268,0.96409621,Kelt-9_b
0.886043227,0.9603361,Kelt-9_b
0.8864862486,0.9557183,Kelt-9_b
0.8869294918,0.95009953,Kelt-9_b
0.8873729565,0.94331179,Kelt-9_b
0.887816643,0.93518879,Kelt-9_b
0.8882605513,0.92561793,Kelt-9_b
0.8887046816,0.91460844,Kelt-9_b
0.8891490339,0.90236054,Kelt-9_b
0.8895936084,0.88930748,Kelt-9_b
0.8900384052,0.87610659,Kelt-9_b
0.8904834244,0.86356416,Kelt-9_b
0.8909286662,0.85250321,Kelt-9_b
0.8913741305,0.84360262,Kelt-9_b
0.8918198176,0.83725419,Kelt-9_b
0.8922657275,0.83348095,Kelt-9_b
0.8927118603,0.83194447,Kelt-9_b
0.8931582163,0.83203854,Kelt-9_b
0.8936047954,0.83304131,Kelt-9_b
0.8940515978,0.83428063,Kelt-9_b
0.8944986236,0.8352685,Kelt-9_b
0.8949458729,0.83577463,Kelt-9_b
0.8953933458,0.8358302,Kelt-9_b
0.8958410425,0.8356727,Kelt-9_b
0.896288963,0.83565517,Kelt-9_b
0.8967371075,0.83614688,Kelt-9_b
0.897185476,0.83744947,Kelt-9_b
0.8976340688,0.83974361,Kelt-9_b
0.8980828858,0.84307261,Kelt-9_b
0.8985319273,0.847359,Kelt-9_b
0.8989811932,0.85244244,Kelt-9_b
0.8994306838,0.85812457,Kelt-9_b
0.8998803992,0.86420582,Kelt-9_b
0.9003303394,0.87050485,Kelt-9_b
0.9007805045,0.87685921,Kelt-9_b
0.9012308948,0.88311292,Kelt-9_b
0.9016815102,0.88910299,Kelt-9_b
0.902132351,0.89465225,Kelt-9_b
0.9025834172,0.89957752,Kelt-9_b
0.9030347089,0.90370942,Kelt-9_b
0.9034862262,0.90691902,Kelt-9_b
0.9039379693,0.9091419,Kelt-9_b
0.9043899383,0.91039102,Kelt-9_b
0.9048421333,0.91075554,Kelt-9_b
0.9052945544,0.9103862,Kelt-9_b
0.9057472016,0.90946907,Kelt-9_b
0.9062000752,0.9081967,Kelt-9_b
0.9066531753,0.90673861,Kelt-9_b
0.9071065019,0.90521925,Kelt-9_b
0.9075600551,0.9037029,Kelt-9_b
0.9080138351,0.90218961,Kelt-9_b
0.9084678421,0.90062013,Kelt-9_b
0.908922076,0.8988904,Kelt-9_b
0.909376537,0.89687297,Kelt-9_b
0.9098312253,0.8944435,Kelt-9_b
0.9102861409,0.89150769,Kelt-9_b
0.910741284,0.88802279,Kelt-9_b
0.9111966546,0.88400737,Kelt-9_b
0.9116522529,0.87953648,Kelt-9_b
0.9121080791,0.87472082,Kelt-9_b
0.9125641331,0.86967912,Kelt-9_b
0.9130204152,0.86451261,Kelt-9_b
0.9134769254,0.85929327,Kelt-9_b
0.9139336638,0.8540699,Kelt-9_b
0.9143906307,0.84888836,Kelt-9_b
0.914847826,0.84381573,Kelt-9_b
0.9153052499,0.83895624,Kelt-9_b
0.9157629025,0.83445078,Kelt-9_b
0.916220784,0.83045963,Kelt-9_b
0.9166788944,0.8271332,Kelt-9_b
0.9171372338,0.82457995,Kelt-9_b
0.9175958024,0.82283853,Kelt-9_b
0.9180546003,0.8218593,Kelt-9_b
0.9185136276,0.8214954,Kelt-9_b
0.9189728844,0.82150408,Kelt-9_b
0.9194323709,0.82155546,Kelt-9_b
0.9198920871,0.82124896,Kelt-9_b
0.9203520331,0.82013389,Kelt-9_b
0.9208122091,0.81773175,Kelt-9_b
0.9212726152,0.81355267,Kelt-9_b
0.9217332515,0.80710508,Kelt-9_b
0.9221941182,0.7978967,Kelt-9_b
0.9226552152,0.78543721,Kelt-9_b
0.9231165428,0.76925909,Kelt-9_b
0.9235781011,0.74897405,Kelt-9_b
0.9240398902,0.72437512,Kelt-9_b
0.9245019101,0.69557314,Kelt-9_b
0.9249641611,0.6631309,Kelt-9_b
0.9254266431,0.62814254,Kelt-9_b
0.9258893565,0.59220549,Kelt-9_b
0.9263523011,0.55725838,Kelt-9_b
0.9268154773,0.52530053,Kelt-9_b
0.927278885,0.49805408,Kelt-9_b
0.9277425245,0.4766558,Kelt-9_b
0.9282063957,0.46146534,Kelt-9_b
0.9286704989,0.45204559,Kelt-9_b
0.9291348342,0.44731834,Kelt-9_b
0.9295994016,0.44585069,Kelt-9_b
0.9300642013,0.44618828,Kelt-9_b
0.9305292334,0.44714717,Kelt-9_b
0.930994498,0.44799518,Kelt-9_b
0.9314599953,0.44848937,Kelt-9_b
0.9319257253,0.44878533,Kelt-9_b
0.9323916881,0.44926533,Kelt-9_b
0.932857884,0.45035133,Kelt-9_b
0.9333243129,0.45235946,Kelt-9_b
0.9337909751,0.45542942,Kelt-9_b
0.9342578706,0.45953047,Kelt-9_b
0.9347249995,0.46452064,Kelt-9_b
0.935192362,0.47022136,Kelt-9_b
0.9356599582,0.47647699,Kelt-9_b
0.9361277881,0.48318012,Kelt-9_b
0.936595852,0.49026285,Kelt-9_b
0.93706415,0.49766529,Kelt-9_b
0.937532682,0.50530359,Kelt-9_b
0.9380014484,0.51305092,Kelt-9_b
0.9384704491,0.52074166,Kelt-9_b
0.9389396843,0.52819493,Kelt-9_b
0.9394091542,0.53524661,Kelt-9_b
0.9398788588,0.5417741,Kelt-9_b
0.9403487982,0.54770195,Kelt-9_b
0.9408189726,0.55298683,Kelt-9_b
0.9412893821,0.55759208,Kelt-9_b
0.9417600268,0.56146572,Kelt-9_b
0.9422309068,0.56453794,Kelt-9_b
0.9427020222,0.56673975,Kelt-9_b
0.9431733732,0.56803755,Kelt-9_b
0.9436449599,0.56846783,Kelt-9_b
0.9441167824,0.56815495,Kelt-9_b
0.9445888408,0.56730314,Kelt-9_b
0.9450611352,0.56616356,Kelt-9_b
0.9455336658,0.56498638,Kelt-9_b
0.9460064326,0.56397412,Kelt-9_b
0.9464794358,0.56324987,Kelt-9_b
0.9469526755,0.56285114,Kelt-9_b
0.9474261519,0.56274878,Kelt-9_b
0.947899865,0.56288348,Kelt-9_b
0.9483738149,0.56320643,Kelt-9_b
0.9488480018,0.56370773,Kelt-9_b
0.9493224258,0.56442194,Kelt-9_b
0.949797087,0.56540589,Kelt-9_b
0.9502719856,0.56669499,Kelt-9_b
0.9507471216,0.56825406,Kelt-9_b
0.9512224951,0.5699418,Kelt-9_b
0.9516981064,0.57150517,Kelt-9_b
0.9521739554,0.57261358,Kelt-9_b
0.9526500424,0.57292595,Kelt-9_b
0.9531263674,0.57217391,Kelt-9_b
0.9536029306,0.57023447,Kelt-9_b
0.9540797321,0.56717274,Kelt-9_b
0.9545567719,0.56324009,Kelt-9_b
0.9550340503,0.5588297,Kelt-9_b
0.9555115673,0.55440439,Kelt-9_b
0.9559893231,0.55041564,Kelt-9_b
0.9564673178,0.54723238,Kelt-9_b
0.9569455514,0.54509326,Kelt-9_b
0.9574240242,0.54408826,Kelt-9_b
0.9579027362,0.54416697,Kelt-9_b
0.9583816876,0.54516873,Kelt-9_b
0.9588608784,0.54685976,Kelt-9_b
0.9593403089,0.54897049,Kelt-9_b
0.959819979,0.55122492,Kelt-9_b
0.960299889,0.55335974,Kelt-9_b
0.960780039,0.55514335,Kelt-9_b
0.961260429,0.55639919,Kelt-9_b
0.9617410592,0.55703648,Kelt-9_b
0.9622219297,0.55708185,Kelt-9_b
0.9627030407,0.55669511,Kelt-9_b
0.9631843922,0.55615333,Kelt-9_b
0.9636659844,0.5557975,Kelt-9_b
0.9641478174,0.55595174,Kelt-9_b
0.9646298913,0.55683586,Kelt-9_b
0.9651122063,0.55850046,Kelt-9_b
0.9655947624,0.56080372,Kelt-9_b
0.9660775597,0.56343609,Kelt-9_b
0.9665605985,0.56598532,Kelt-9_b
0.9670438788,0.56802319,Kelt-9_b
0.9675274008,0.56919511,Kelt-9_b
0.9680111645,0.56929319,Kelt-9_b
0.96849517,0.56830237,Kelt-9_b
0.9689794176,0.5664112,Kelt-9_b
0.9694639073,0.56398662,Kelt-9_b
0.9699486393,0.56151502,Kelt-9_b
0.9704336136,0.55952093,Kelt-9_b
0.9709188304,0.55847803,Kelt-9_b
0.9714042898,0.55873418,Kelt-9_b
0.971889992,0.56046794,Kelt-9_b
0.972375937,0.56368765,Kelt-9_b
0.9728621249,0.56826787,Kelt-9_b
0.973348556,0.57400646,Kelt-9_b
0.9738352303,0.58067614,Kelt-9_b
0.9743221479,0.58805306,Kelt-9_b
0.974809309,0.59591406,Kelt-9_b
0.9752967136,0.60401205,Kelt-9_b
0.975784362,0.61204816,Kelt-9_b
0.9762722542,0.61966125,Kelt-9_b
0.9767603903,0.62644364,Kelt-9_b
0.9772487705,0.63198609,Kelt-9_b
0.9777373949,0.63593843,Kelt-9_b
0.9782262636,0.63807321,Kelt-9_b
0.9787153767,0.63833897,Kelt-9_b
0.9792047344,0.63688814,Kelt-9_b
0.9796943368,0.6340736,Kelt-9_b
0.9801841839,0.63041031,Kelt-9_b
0.980674276,0.62650295,Kelt-9_b
0.9811646132,0.62295616,Kelt-9_b
0.9816551955,0.62028381,Kelt-9_b
0.9821460231,0.61884093,Kelt-9_b
0.9826370961,0.61879276,Kelt-9_b
0.9831284146,0.62012868,Kelt-9_b
0.9836199788,0.62270803,Kelt-9_b
0.9841117888,0.62632003,Kelt-9_b
0.9846038447,0.63073609,Kelt-9_b
0.9850961466,0.63573841,Kelt-9_b
0.9855886947,0.64112139,Kelt-9_b
0.9860814891,0.64667621,Kelt-9_b
0.9865745298,0.65217389,Kelt-9_b
0.9870678171,0.65736513,Kelt-9_b
0.987561351,0.6620008,Kelt-9_b
0.9880551316,0.66587215,Kelt-9_b
0.9885491592,0.66885302,Kelt-9_b
0.9890434338,0.67092976,Kelt-9_b
0.9895379555,0.672205,Kelt-9_b
0.9900327245,0.67287582,Kelt-9_b
0.9905277409,0.67319328,Kelt-9_b
0.9910230047,0.6734199,Kelt-9_b
0.9915185162,0.67379672,Kelt-9_b
0.9920142755,0.67452789,Kelt-9_b
0.9925102826,0.67578056,Kelt-9_b
0.9930065378,0.67769391,Kelt-9_b
0.993503041,0.68038644,Kelt-9_b
0.9939997926,0.68395458,Kelt-9_b
0.9944967924,0.68845946,Kelt-9_b
0.9949940408,0.69390566,Kelt-9_b
0.9954915379,0.70022005,Kelt-9_b
0.9959892836,0.70724239,Kelt-9_b
0.9964872783,0.71473394,Kelt-9_b
0.9969855219,0.72240769,Kelt-9_b
0.9974840147,0.72997321,Kelt-9_b
0.9979827567,0.7371855,Kelt-9_b
0.9984817481,0.74388238,Kelt-9_b
0.9989809889,0.750004,Kelt-9_b
0.9994804794,0.75559096,Kelt-9_b
0.9999802197,0.76076632,Kelt-9_b
1.00048021,0.76570989,Kelt-9_b
1.00098045,0.77063051,Kelt-9_b
1.00148094,0.77574001,Kelt-9_b
1.001981681,0.78122898,Kelt-9_b
1.002482671,0.78724336,Kelt-9_b
1.002983913,0.79386319,Kelt-9_b
1.003485405,0.80108612,Kelt-9_b
1.003987147,0.80882249,Kelt-9_b
1.004489141,0.8169038,Kelt-9_b
1.004991386,0.82510752,Kelt-9_b
1.005493881,0.83319297,Kelt-9_b
1.005996628,0.84094214,Kelt-9_b
1.006499627,0.84819602,Kelt-9_b
1.007002876,0.8548774,Kelt-9_b
1.007506378,0.86099527,Kelt-9_b
1.008010131,0.86663244,Kelt-9_b
1.008514136,0.8719193,Kelt-9_b
1.009018393,0.87700428,Kelt-9_b
1.009522902,0.88202654,Kelt-9_b
1.010027664,0.88709656,Kelt-9_b
1.010532678,0.89228433,Kelt-9_b
1.011037944,0.89761346,Kelt-9_b
1.011543463,0.90305968,Kelt-9_b
1.012049235,0.90855306,Kelt-9_b
1.012555259,0.91398464,Kelt-9_b
1.013061537,0.91921906,Kelt-9_b
1.013568068,0.92411119,Kelt-9_b
1.014074852,0.92852655,Kelt-9_b
1.014581889,0.93236096,Kelt-9_b
1.01508918,0.93555698,Kelt-9_b
1.015596725,0.93811302,Kelt-9_b
1.016104523,0.94008488,Kelt-9_b
1.016612575,0.9415775,Kelt-9_b
1.017120882,0.94272895,Kelt-9_b
1.017629442,0.94368887,Kelt-9_b
1.018138257,0.94459622,Kelt-9_b
1.018647326,0.94556167,Kelt-9_b
1.019156649,0.94665803,Kelt-9_b
1.019666228,0.9479199,Kelt-9_b
1.020176061,0.94934971,Kelt-9_b
1.020686149,0.95092682,Kelt-9_b
1.021196492,0.95261535,Kelt-9_b
1.02170709,0.95437006,Kelt-9_b
1.022217944,0.95614015,Kelt-9_b
1.022729053,0.95787389,Kelt-9_b
1.023240417,0.95952468,Kelt-9_b
1.023752038,0.961058,Kelt-9_b
1.024263914,0.96245704,Kelt-9_b
1.024776045,0.96372423,Kelt-9_b
1.025288434,0.96487711,Kelt-9_b
1.025801078,0.96593935,Kelt-9_b
1.026313978,0.96693003,Kelt-9_b
1.026827135,0.96785518,Kelt-9_b
1.027340549,0.96870475,Kelt-9_b
1.027854219,0.96945661,Kelt-9_b
1.028368146,0.97008593,Kelt-9_b
1.02888233,0.97057636,Kelt-9_b
1.029396771,0.97092901,Kelt-9_b
1.02991147,0.97116584,Kelt-9_b
1.030426426,0.97132671,Kelt-9_b
1.030941639,0.97146109,Kelt-9_b
1.03145711,0.97161768,Kelt-9_b
1.031972838,0.97183467,Kelt-9_b
1.032488825,0.97213282,Kelt-9_b
1.033005069,0.97251291,Kelt-9_b
1.033521572,0.97295643,Kelt-9_b
1.034038332,0.97342953,Kelt-9_b
1.034555351,0.97388859,Kelt-9_b
1.035072629,0.97428641,Kelt-9_b
1.035590165,0.97457845,Kelt-9_b
1.036107961,0.97472844,Kelt-9_b
1.036626015,0.97471294,Kelt-9_b
1.037144328,0.97452442,Kelt-9_b
1.0376629,0.97417234,Kelt-9_b
1.038181731,0.97368151,Kelt-9_b
1.038700822,0.97308769,Kelt-9_b
1.039220172,0.9724311,Kelt-9_b
1.039739783,0.97174931,Kelt-9_b
1.040259652,0.97107151,Kelt-9_b
1.040779782,0.97041593,Kelt-9_b
1.041300172,0.96979052,Kelt-9_b
1.041820822,0.96919647,Kelt-9_b
1.042341733,0.96863235,Kelt-9_b
1.042862903,0.96809738,Kelt-9_b
1.043384335,0.96759228,Kelt-9_b
1.043906027,0.96711835,Kelt-9_b
1.04442798,0.96667557,Kelt-9_b
1.044950194,0.96626088,Kelt-9_b
1.045472669,0.96586744,Kelt-9_b
1.045995406,0.9654851,Kelt-9_b
1.046518403,0.9651015,Kelt-9_b
1.047041662,0.96470366,Kelt-9_b
1.047565183,0.96427971,Kelt-9_b
1.048088966,0.96382088,Kelt-9_b
1.04861301,0.96332353,Kelt-9_b
1.049137317,0.96279114,Kelt-9_b
1.049661886,0.96223506,Kelt-9_b
1.050186716,0.96167364,Kelt-9_b
1.05071181,0.96112913,Kelt-9_b
1.051237166,0.96062288,Kelt-9_b
1.051762784,0.96017002,Kelt-9_b
1.052288666,0.95977488,Kelt-9_b
1.05281481,0.95942857,Kelt-9_b
1.053341217,0.95910954,Kelt-9_b
1.053867888,0.95878737,Kelt-9_b
1.054394822,0.95842914,Kelt-9_b
1.054922019,0.9580077,Kelt-9_b
1.05544948,0.95750971,Kelt-9_b
1.055977205,0.95694136,Kelt-9_b
1.056505194,0.9563293,Kelt-9_b
1.057033446,0.95571534,Kelt-9_b
1.057561963,0.95514547,Kelt-9_b
1.058090744,0.95465609,Kelt-9_b
1.058619789,0.95426201,Kelt-9_b
1.059149099,0.95395066,Kelt-9_b
1.059678674,0.95368461,Kelt-9_b
1.060208513,0.953412,Kelt-9_b
1.060738617,0.95308095,Kelt-9_b
1.061268987,0.95265299,Kelt-9_b
1.061799621,0.95211112,Kelt-9_b
1.062330521,0.95146045,Kelt-9_b
1.062861686,0.95072243,Kelt-9_b
1.063393117,0.94992496,Kelt-9_b
1.063924814,0.94909263,Kelt-9_b
1.064456776,0.94823961,Kelt-9_b
1.064989005,0.94736737,Kelt-9_b
1.065521499,0.94646739,Kelt-9_b
1.06605426,0.94552755,Kelt-9_b
1.066587287,0.94454071,Kelt-9_b
1.067120581,0.943513,Kelt-9_b
1.067654141,0.94246983,Kelt-9_b
1.068187968,0.94145743,Kelt-9_b
1.068722062,0.94053867,Kelt-9_b
1.069256423,0.93978303,Kelt-9_b
1.069791051,0.93925141,Kelt-9_b
1.070325947,0.9389795,Kelt-9_b
1.07086111,0.93896351,Kelt-9_b
1.07139654,0.93915392,Kelt-9_b
1.071932238,0.93946011,Kelt-9_b
1.072468205,0.93976706,Kelt-9_b
1.073004439,0.93996007,Kelt-9_b
1.073540941,0.93995097,Kelt-9_b
1.074077711,0.9396979,Kelt-9_b
1.07461475,0.93921204,Kelt-9_b
1.075152058,0.93854944,Kelt-9_b
1.075689634,0.93779056,Kelt-9_b
1.076227478,0.93701453,Kelt-9_b
1.076765592,0.93627644,Kelt-9_b
1.077303975,0.93559438,Kelt-9_b
1.077842627,0.93494799,Kelt-9_b
1.078381548,0.9342866,Kelt-9_b
1.078920739,0.93354051,Kelt-9_b
1.079460199,0.93262986,Kelt-9_b
1.07999993,0.93146787,Kelt-9_b
1.080539929,0.92995956,Kelt-9_b
1.081080199,0.92799889,Kelt-9_b
1.08162074,0.92546983,Kelt-9_b
1.08216155,0.92225358,Kelt-9_b
1.082702631,0.91824013,Kelt-9_b
1.083243982,0.91334302,Kelt-9_b
1.083785604,0.90750922,Kelt-9_b
1.084327497,0.90071937,Kelt-9_b
1.084869661,0.89297739,Kelt-9_b
1.085412095,0.88428839,Kelt-9_b
1.085954801,0.87463535,Kelt-9_b
1.086497779,0.86396118,Kelt-9_b
1.087041028,0.85216547,Kelt-9_b
1.087584548,0.83912113,Kelt-9_b
1.088128341,0.82470772,Kelt-9_b
1.088672405,0.80885244,Kelt-9_b
1.089216741,0.79156968,Kelt-9_b
1.089761349,0.77298905,Kelt-9_b
1.09030623,0.75336501,Kelt-9_b
1.090851383,0.73307085,Kelt-9_b
1.091396809,0.71257428,Kelt-9_b
1.091942507,0.6924009,Kelt-9_b
1.092488478,0.67308444,Kelt-9_b
1.093034723,0.65511101,Kelt-9_b
1.09358124,0.6388594,Kelt-9_b
1.094128031,0.62455029,Kelt-9_b
1.094675095,0.61221218,Kelt-9_b
1.095222432,0.60167837,Kelt-9_b
1.095770043,0.59262003,Kelt-9_b
1.096317928,0.58461357,Kelt-9_b
1.096866087,0.57723203,Kelt-9_b
1.09741452,0.57013417,Kelt-9_b
1.097963228,0.56313189,Kelt-9_b
1.098512209,0.55621105,Kelt-9_b
1.099061465,0.54950161,Kelt-9_b
1.099610996,0.54320612,Kelt-9_b
1.100160802,0.5375137,Kelt-9_b
1.100710882,0.5325279,Kelt-9_b
1.101261237,0.5282333,Kelt-9_b
1.101811868,0.52450511,Kelt-9_b
1.102362774,0.52115008,Kelt-9_b
1.102913955,0.51795564,Kelt-9_b
1.103465412,0.51472548,Kelt-9_b
1.104017145,0.5112916,Kelt-9_b
1.104569154,0.50750546,Kelt-9_b
1.105121438,0.5032273,Kelt-9_b
1.105673999,0.49832357,Kelt-9_b
1.106226836,0.49268583,Kelt-9_b
1.106779949,0.48626298,Kelt-9_b
1.107333339,0.47909382,Kelt-9_b
1.107887006,0.47132558,Kelt-9_b
1.10844095,0.46320386,Kelt-9_b
1.10899517,0.45503912,Kelt-9_b
1.109549668,0.44715807,Kelt-9_b
1.110104442,0.4398565,Kelt-9_b
1.110659495,0.43336647,Kelt-9_b
1.111214824,0.42784327,Kelt-9_b
1.111770432,0.42336635,Kelt-9_b
1.112326317,0.41995081,Kelt-9_b
1.11288248,0.41756039,Kelt-9_b
1.113438921,0.41611823,Kelt-9_b
1.113995641,0.41551994,Kelt-9_b
1.114552639,0.41564273,Kelt-9_b
1.115109915,0.41635476,Kelt-9_b
1.11566747,0.41751964,Kelt-9_b
1.116225304,0.41900068,Kelt-9_b
1.116783416,0.42066539,Kelt-9_b
1.117341808,0.42239806,Kelt-9_b
1.117900479,0.42411623,Kelt-9_b
1.118459429,0.4257908,Kelt-9_b
1.119018659,0.42745722,Kelt-9_b
1.119578168,0.42921189,Kelt-9_b
1.120137957,0.43119173,Kelt-9_b
1.120698026,0.43353634,Kelt-9_b
1.121258375,0.43634821,Kelt-9_b
1.121819005,0.43965513,Kelt-9_b
1.122379914,0.44338802,Kelt-9_b
1.122941104,0.44737423,Kelt-9_b
1.123502575,0.45134724,Kelt-9_b
1.124064326,0.45496409,Kelt-9_b
1.124626358,0.45783037,Kelt-9_b
1.125188671,0.45952619,Kelt-9_b
1.125751266,0.45963615,Kelt-9_b
1.126314141,0.4577839,Kelt-9_b
1.126877298,0.45366986,Kelt-9_b
1.127440737,0.44711107,Kelt-9_b
1.128004457,0.43807382,Kelt-9_b
1.128568459,0.42669852,Kelt-9_b
1.129132744,0.41331276,Kelt-9_b
1.12969731,0.39843337,Kelt-9_b
1.130262159,0.38275527,Kelt-9_b
1.13082729,0.36712512,Kelt-9_b
1.131392703,0.3524932,Kelt-9_b
1.1319584,0.33983814,Kelt-9_b
1.132524379,0.33006771,Kelt-9_b
1.133090641,0.32390565,Kelt-9_b
1.133657186,0.32179184,Kelt-9_b
1.134224015,0.32381599,Kelt-9_b
1.134791127,0.32970467,Kelt-9_b
1.135358523,0.33885553,Kelt-9_b
1.135926202,0.3504074,Kelt-9_b
1.136494165,0.36332072,Kelt-9_b
1.137062412,0.37645694,Kelt-9_b
1.137630943,0.38866014,Kelt-9_b
1.138199759,0.39885419,Kelt-9_b
1.138768859,0.40616541,Kelt-9_b
1.139338243,0.41006502,Kelt-9_b
1.139907912,0.41049776,Kelt-9_b
1.140477866,0.40795047,Kelt-9_b
1.141048105,0.40341758,Kelt-9_b
1.141618629,0.39824564,Kelt-9_b
1.142189438,0.39388549,Kelt-9_b
1.142760533,0.39160907,Kelt-9_b
1.143331913,0.39226887,Kelt-9_b
1.143903579,0.39616147,Kelt-9_b
1.144475531,0.40302048,Kelt-9_b
1.145047769,0.41212504,Kelt-9_b
1.145620293,0.422475,Kelt-9_b
1.146193103,0.43297863,Kelt-9_b
1.1467662,0.44260879,Kelt-9_b
1.147339583,0.45051221,Kelt-9_b
1.147913252,0.45607152,Kelt-9_b
1.148487209,0.45894162,Kelt-9_b
1.149061453,0.45906788,Kelt-9_b
1.149635983,0.45669124,Kelt-9_b
1.150210801,0.45232746,Kelt-9_b
1.150785907,0.44670702,Kelt-9_b
1.1513613,0.4406741,Kelt-9_b
1.15193698,0.43505653,Kelt-9_b
1.152512949,0.43053463,Kelt-9_b
1.153089205,0.42754605,Kelt-9_b
1.15366575,0.42624924,Kelt-9_b
1.154242583,0.42654843,Kelt-9_b
1.154819704,0.42816426,Kelt-9_b
1.155397114,0.4307183,Kelt-9_b
1.155974813,0.4338053,Kelt-9_b
1.1565528,0.43703995,Kelt-9_b
1.157131076,0.44007493,Kelt-9_b
1.157709642,0.4426047,Kelt-9_b
1.158288497,0.44436307,Kelt-9_b
1.158867641,0.44512493,Kelt-9_b
1.159447075,0.44471509,Kelt-9_b
1.160026798,0.44302428,Kelt-9_b
1.160606812,0.44002937,Kelt-9_b
1.161187115,0.4358138,Kelt-9_b
1.161767709,0.43057912,Kelt-9_b
1.162348593,0.42464005,Kelt-9_b
1.162929767,0.41839884,Kelt-9_b
1.163511232,0.41229973,Kelt-9_b
1.164092987,0.40677013,Kelt-9_b
1.164675034,0.4021649,Kelt-9_b
1.165257371,0.39872718,Kelt-9_b
1.16584,0.39657375,Kelt-9_b
1.16642292,0.39570372,Kelt-9_b
1.167006131,0.39602015,Kelt-9_b
1.167589635,0.39734987,Kelt-9_b
1.168173429,0.39945336,Kelt-9_b
1.168757516,0.40202356,Kelt-9_b
1.169341895,0.40468737,Kelt-9_b
1.169926566,0.40702532,Kelt-9_b
1.170511529,0.40862119,Kelt-9_b
1.171096785,0.40913725,Kelt-9_b
1.171682333,0.40840188,Kelt-9_b
1.172268174,0.40647652,Kelt-9_b
1.172854308,0.40368196,Kelt-9_b
1.173440736,0.40056494,Kelt-9_b
1.174027456,0.39781141,Kelt-9_b
1.17461447,0.39612414,Kelt-9_b
1.175201777,0.3960933,Kelt-9_b
1.175789378,0.39809202,Kelt-9_b
1.176377273,0.40221742,Kelt-9_b
1.176965461,0.40828473,Kelt-9_b
1.177553944,0.41587157,Kelt-9_b
1.178142721,0.42439612,Kelt-9_b
1.178731792,0.4332112,Kelt-9_b
1.179321158,0.44169735,Kelt-9_b
1.179910819,0.44934152,Kelt-9_b
1.180500774,0.4557934,Kelt-9_b
1.181091025,0.46089459,Kelt-9_b
1.18168157,0.46468139,Kelt-9_b
1.182272411,0.46736167,Kelt-9_b
1.182863547,0.46927752,Kelt-9_b
1.183454979,0.47085386,Kelt-9_b
1.184046706,0.47254702,Kelt-9_b
1.18463873,0.47479305,Kelt-9_b
1.185231049,0.47796128,Kelt-9_b
1.185823665,0.4823175,Kelt-9_b
1.186416576,0.48800179,Kelt-9_b
1.187009785,0.49502203,Kelt-9_b
1.18760329,0.50326651,Kelt-9_b
1.188197091,0.51253217,Kelt-9_b
1.18879119,0.52255814,Kelt-9_b
1.189385585,0.53305966,Kelt-9_b
1.189980278,0.54375619,Kelt-9_b
1.190575268,0.55439245,Kelt-9_b
1.191170556,0.56475507,Kelt-9_b
1.191766141,0.57468336,Kelt-9_b
1.192362024,0.58407712,Kelt-9_b
1.192958205,0.59289809,Kelt-9_b
1.193554684,0.6011627,Kelt-9_b
1.194151462,0.60892955,Kelt-9_b
1.194748537,0.61628452,Kelt-9_b
1.195345912,0.62332813,Kelt-9_b
1.195943585,0.6301669,Kelt-9_b
1.196541556,0.63690727,Kelt-9_b
1.197139827,0.64364907,Kelt-9_b
1.197738397,0.65047887,Kelt-9_b
1.198337266,0.6574665,Kelt-9_b
1.198936435,0.66466966,Kelt-9_b
1.199535903,0.67214561,Kelt-9_b
1.200135671,0.67996293,Kelt-9_b
1.200735739,0.6882004,Kelt-9_b
1.201336107,0.69692386,Kelt-9_b
1.201936775,0.70614283,Kelt-9_b
1.202537743,0.71576627,Kelt-9_b
1.203139012,0.72558078,Kelt-9_b
1.203740582,0.73527318,Kelt-9_b
1.204342452,0.74449647,Kelt-9_b
1.204944623,0.75295782,Kelt-9_b
1.205547095,0.76049578,Kelt-9_b
1.206149869,0.76711374,Kelt-9_b
1.206752944,0.77296103,Kelt-9_b
1.20735632,0.77826814,Kelt-9_b
1.207959999,0.78327066,Kelt-9_b
1.208563979,0.7881455,Kelt-9_b
1.209168261,0.79298446,Kelt-9_b
1.209772845,0.79780312,Kelt-9_b
1.210377731,0.80257318,Kelt-9_b
1.21098292,0.80725833,Kelt-9_b
1.211588411,0.81183562,Kelt-9_b
1.212194206,0.81629511,Kelt-9_b
1.212800303,0.82061843,Kelt-9_b
1.213406703,0.82475183,Kelt-9_b
1.214013406,0.8285887,Kelt-9_b
1.214620413,0.83197812,Kelt-9_b
1.215227723,0.83476307,Kelt-9_b
1.215835337,0.83683668,Kelt-9_b
1.216443255,0.83819646,Kelt-9_b
1.217051476,0.83896791,Kelt-9_b
1.217660002,0.83938493,Kelt-9_b
1.218268832,0.83973025,Kelt-9_b
1.218877966,0.84025658,Kelt-9_b
1.219487405,0.84112075,Kelt-9_b
1.220097149,0.84235427,Kelt-9_b
1.220707198,0.84387801,Kelt-9_b
1.221317551,0.84554984,Kelt-9_b
1.22192821,0.84721928,Kelt-9_b
1.222539174,0.84876821,Kelt-9_b
1.223150444,0.85012461,Kelt-9_b
1.223762019,0.85125347,Kelt-9_b
1.2243739,0.85213904,Kelt-9_b
1.224986087,0.85277201,Kelt-9_b
1.22559858,0.85315018,Kelt-9_b
1.226211379,0.8532881,Kelt-9_b
1.226824485,0.85322799,Kelt-9_b
1.227437897,0.85304284,Kelt-9_b
1.228051616,0.85282962,Kelt-9_b
1.228665642,0.85269423,Kelt-9_b
1.229279975,0.8527353,Kelt-9_b
1.229894615,0.85302962,Kelt-9_b
1.230509562,0.85362056,Kelt-9_b
1.231124817,0.85450948,Kelt-9_b
1.231740379,0.85565256,Kelt-9_b
1.23235625,0.85696576,Kelt-9_b
1.232972428,0.85834033,Kelt-9_b
1.233588914,0.85966705,Kelt-9_b
1.234205708,0.86085961,Kelt-9_b
1.234822811,0.86187017,Kelt-9_b
1.235440223,0.8626899,Kelt-9_b
1.236057943,0.8633378,Kelt-9_b
1.236675972,0.86384737,Kelt-9_b
1.23729431,0.86425977,Kelt-9_b
1.237912957,0.86462729,Kelt-9_b
1.238531913,0.86502146,Kelt-9_b
1.239151179,0.86553452,Kelt-9_b
1.239770755,0.86626698,Kelt-9_b
1.24039064,0.86730116,Kelt-9_b
1.241010836,0.86867066,Kelt-9_b
1.241631341,0.87033932,Kelt-9_b
1.242252157,0.87220084,Kelt-9_b
1.242873283,0.87410182,Kelt-9_b
1.243494719,0.87588062,Kelt-9_b
1.244116467,0.87740879,Kelt-9_b
1.244738525,0.87862035,Kelt-9_b
1.245360894,0.87952189,Kelt-9_b
1.245983575,0.88018178,Kelt-9_b
1.246606566,0.88070571,Kelt-9_b
1.24722987,0.88120832,Kelt-9_b
1.247853485,0.88178899,Kelt-9_b
1.248477411,0.88251708,Kelt-9_b
1.24910165,0.8834272,Kelt-9_b
1.249726201,0.88452269,Kelt-9_b
1.250351064,0.88578338,Kelt-9_b
1.25097624,0.887175,Kelt-9_b
1.251601728,0.8886559,Kelt-9_b
1.252227529,0.89017927,Kelt-9_b
1.252853642,0.8916905,Kelt-9_b
1.253480069,0.893123,Kelt-9_b
1.254106809,0.89439661,Kelt-9_b
1.254733863,0.89542348,Kelt-9_b
1.255361229,0.89612169,Kelt-9_b
1.25598891,0.89643109,Kelt-9_b
1.256616905,0.89632478,Kelt-9_b
1.257245213,0.89580914,Kelt-9_b
1.257873836,0.89491309,Kelt-9_b
1.258502773,0.8936716,Kelt-9_b
1.259132024,0.89211227,Kelt-9_b
1.25976159,0.89025057,Kelt-9_b
1.260391471,0.88809341,Kelt-9_b
1.261021666,0.88564749,Kelt-9_b
1.261652177,0.88292605,Kelt-9_b
1.262283003,0.87995084,Kelt-9_b
1.262914145,0.87675159,Kelt-9_b
1.263545602,0.87336334,Kelt-9_b
1.264177375,0.86982438,Kelt-9_b
1.264809463,0.86617278,Kelt-9_b
1.265441868,0.86243892,Kelt-9_b
1.266074589,0.85863402,Kelt-9_b
1.266707626,0.8547392,Kelt-9_b
1.26734098,0.85070215,Kelt-9_b
1.267974651,0.84644902,Kelt-9_b
1.268608638,0.84191168,Kelt-9_b
1.269242942,0.83706432,Kelt-9_b
1.269877564,0.83195643,Kelt-9_b
1.270512503,0.82672715,Kelt-9_b
1.271147759,0.82158965,Kelt-9_b
1.271783333,0.81678809,Kelt-9_b
1.272419224,0.81253409,Kelt-9_b
1.273055434,0.80894464,Kelt-9_b
1.273691962,0.80600069,Kelt-9_b
1.274328808,0.80354328,Kelt-9_b
1.274965972,0.8013132,Kelt-9_b
1.275603455,0.79902209,Kelt-9_b
1.276241257,0.79643403,Kelt-9_b
1.276879377,0.79342697,Kelt-9_b
1.277517817,0.7900135,Kelt-9_b
1.278156576,0.78630988,Kelt-9_b
1.278795654,0.78246932,Kelt-9_b
1.279435052,0.77860468,Kelt-9_b
1.28007477,0.77473577,Kelt-9_b
1.280714807,0.7707832,Kelt-9_b
1.281355164,0.76661047,Kelt-9_b
1.281995842,0.76209501,Kelt-9_b
1.28263684,0.75719669,Kelt-9_b
1.283278158,0.75199459,Kelt-9_b
1.283919797,0.74667826,Kelt-9_b
1.284561757,0.74149793,Kelt-9_b
1.285204038,0.73669568,Kelt-9_b
1.28584664,0.7324446,Kelt-9_b
1.286489564,0.7288176,Kelt-9_b
1.287132808,0.72579612,Kelt-9_b
1.287776375,0.72331137,Kelt-9_b
1.288420263,0.72130032,Kelt-9_b
1.289064473,0.71975217,Kelt-9_b
1.289709005,0.71872745,Kelt-9_b
1.29035386,0.71834062,Kelt-9_b
1.290999037,0.71871506,Kelt-9_b
1.291644536,0.71992437,Kelt-9_b
1.292290359,0.72193979,Kelt-9_b
1.292936504,0.72459608,Kelt-9_b
1.293582972,0.72758318,Kelt-9_b
1.294229763,0.73046266,Kelt-9_b
1.294876878,0.73271186,Kelt-9_b
1.295524317,0.73379705,Kelt-9_b
1.296172079,0.73327169,Kelt-9_b
1.296820165,0.73088607,Kelt-9_b
1.297468575,0.72667945,Kelt-9_b
1.298117309,0.72101763,Kelt-9_b
1.298766368,0.71455377,Kelt-9_b
1.299415751,0.70810877,Kelt-9_b
1.300065459,0.70250581,Kelt-9_b
1.300715492,0.69840645,Kelt-9_b
1.30136585,0.69619838,Kelt-9_b
1.302016532,0.69596203,Kelt-9_b
1.302667541,0.69751216,Kelt-9_b
1.303318875,0.70048725,Kelt-9_b
1.303970534,0.70444776,Kelt-9_b
1.304622519,0.70895625,Kelt-9_b
1.30527483,0.71362045,Kelt-9_b
1.305927468,0.71810455,Kelt-9_b
1.306580432,0.72211722,Kelt-9_b
1.307233722,0.72539128,Kelt-9_b
1.307887339,0.7276691,Kelt-9_b
1.308541282,0.72870427,Kelt-9_b
1.309195553,0.72828277,Kelt-9_b
1.309850151,0.72626435,Kelt-9_b
1.310505076,0.72263211,Kelt-9_b
1.311160328,0.71753294,Kelt-9_b
1.311815909,0.71128999,Kelt-9_b
1.312471817,0.70437002,Kelt-9_b
1.313128052,0.69731151,Kelt-9_b
1.313784616,0.69062679,Kelt-9_b
1.314441509,0.68470888,Kelt-9_b
1.31509873,0.67976586,Kelt-9_b
1.315756279,0.67579944,Kelt-9_b
1.316414157,0.6726196,Kelt-9_b
1.317072364,0.66988327,Kelt-9_b
1.3177309,0.66713722,Kelt-9_b
1.318389766,0.66386181,Kelt-9_b
1.319048961,0.65951603,Kelt-9_b
1.319708485,0.65359292,Kelt-9_b
1.320368339,0.64568318,Kelt-9_b
1.321028524,0.63553572,Kelt-9_b
1.321689038,0.62309005,Kelt-9_b
1.322349882,0.60846211,Kelt-9_b
1.323011057,0.59188012,Kelt-9_b
1.323672563,0.57358808,Kelt-9_b
1.324334399,0.55375134,Kelt-9_b
1.324996566,0.53240047,Kelt-9_b
1.325659065,0.50943716,Kelt-9_b
1.326321894,0.48470054,Kelt-9_b
1.326985055,0.45807059,Kelt-9_b
1.327648548,0.42957174,Kelt-9_b
1.328312372,0.39944008,Kelt-9_b
1.328976528,0.36813158,Kelt-9_b
1.329641016,0.33626879,Kelt-9_b
1.330305837,0.30454617,Kelt-9_b
1.33097099,0.27362865,Kelt-9_b
1.331636475,0.24407643,Kelt-9_b
1.332302293,0.21631842,Kelt-9_b
1.332968445,0.19067042,Kelt-9_b
1.333634929,0.16737402,Kelt-9_b
1.334301746,0.14662492,Kelt-9_b
1.334968897,0.1285675,Kelt-9_b
1.335636382,0.11325552,Kelt-9_b
1.3363042,0.10060233,Kelt-9_b
1.336972352,0.090351267,Kelt-9_b
1.337640838,0.082091416,Kelt-9_b
1.338309658,0.075322652,Kelt-9_b
1.338978813,0.069548947,Kelt-9_b
1.339648303,0.064371171,Kelt-9_b
1.340318127,0.059544534,Kelt-9_b
1.340988286,0.054988487,Kelt-9_b
1.34165878,0.050750286,Kelt-9_b
1.342329609,0.046942647,Kelt-9_b
1.343000774,0.04367753,Kelt-9_b
1.343672275,0.041019446,Kelt-9_b
1.344344111,0.038963518,Kelt-9_b
1.345016283,0.037440459,Kelt-9_b
1.345688791,0.036336038,Kelt-9_b
1.346361635,0.035516567,Kelt-9_b
1.347034816,0.034851499,Kelt-9_b
1.347708334,0.034230632,Kelt-9_b
1.348382188,0.033575228,Kelt-9_b
1.349056379,0.032844357,Kelt-9_b
1.349730907,0.032035357,Kelt-9_b
1.350405772,0.031178112,Kelt-9_b
1.351080975,0.03032234,Kelt-9_b
1.351756516,0.029520616,Kelt-9_b
1.352432394,0.028811836,Kelt-9_b
1.35310861,0.028209801,Kelt-9_b
1.353785165,0.027702517,Kelt-9_b
1.354462057,0.027261273,Kelt-9_b
1.355139288,0.026856964,Kelt-9_b
1.355816858,0.026476578,Kelt-9_b
1.356494766,0.026134553,Kelt-9_b
1.357173014,0.025874415,Kelt-9_b
1.3578516,0.025761181,Kelt-9_b
1.358530526,0.025867074,Kelt-9_b
1.359209791,0.026254856,Kelt-9_b
1.359889396,0.026962728,Kelt-9_b
1.360569341,0.027993121,Kelt-9_b
1.361249626,0.029308006,Kelt-9_b
1.36193025,0.030830785,Kelt-9_b
1.362611215,0.032454384,Kelt-9_b
1.363292521,0.034053664,Kelt-9_b
1.363974167,0.03549975,Kelt-9_b
1.364656154,0.036673338,Kelt-9_b
1.365338482,0.037476062,Kelt-9_b
1.366021152,0.037839401,Kelt-9_b
1.366704162,0.037732393,Kelt-9_b
1.367387514,0.03716758,Kelt-9_b
1.368071208,0.036203901,Kelt-9_b
1.368755244,0.034943632,Kelt-9_b
1.369439621,0.033520801,Kelt-9_b
1.370124341,0.032081889,Kelt-9_b
1.370809403,0.030763011,Kelt-9_b
1.371494808,0.029670179,Kelt-9_b
1.372180555,0.028869282,Kelt-9_b
1.372866646,0.028388174,Kelt-9_b
1.373553079,0.028228713,Kelt-9_b
1.374239856,0.028381931,Kelt-9_b
1.374926976,0.028837769,Kelt-9_b
1.375614439,0.029585945,Kelt-9_b
1.376302246,0.03060782,Kelt-9_b
1.376990397,0.031864716,Kelt-9_b
1.377678893,0.03329162,Kelt-9_b
1.378367732,0.034801139,Kelt-9_b
1.379056916,0.036299156,Kelt-9_b
1.379746444,0.037708731,Kelt-9_b
1.380436318,0.038992522,Kelt-9_b
1.381126536,0.040167011,Kelt-9_b
1.381817099,0.041301414,Kelt-9_b
1.382508008,0.042500982,Kelt-9_b
1.383199262,0.043877281,Kelt-9_b
1.383890861,0.045512969,Kelt-9_b
1.384582807,0.047429722,Kelt-9_b
1.385275098,0.049569164,Kelt-9_b
1.385967736,0.051792676,Kelt-9_b
1.386660719,0.053902878,Kelt-9_b
1.38735405,0.055681411,Kelt-9_b
1.388047727,0.056934052,Kelt-9_b
1.388741751,0.057529713,Kelt-9_b
1.389436122,0.057422487,Kelt-9_b
1.39013084,0.056651868,Kelt-9_b
1.390825905,0.055324111,Kelt-9_b
1.391521318,0.053583023,Kelt-9_b
1.392217079,0.051581358,Kelt-9_b
1.392913187,0.049460467,Kelt-9_b
1.393609644,0.047340953,Kelt-9_b
1.394306449,0.045322182,Kelt-9_b
1.395003602,0.043485054,Kelt-9_b
1.395701104,0.041892951,Kelt-9_b
1.396398954,0.040587593,Kelt-9_b
1.397097154,0.039581119,Kelt-9_b
1.397795702,0.038847457,Kelt-9_b
1.3984946,0.038317686,Kelt-9_b
1.399193847,0.037883775,Kelt-9_b
1.399893444,0.037411832,Kelt-9_b
1.400593391,0.036762758,Kelt-9_b
1.401293688,0.035816422,Kelt-9_b
1.401994335,0.034493827,Kelt-9_b
1.402695332,0.032772922,Kelt-9_b
1.403396679,0.030695655,Kelt-9_b
1.404098378,0.028364042,Kelt-9_b
1.404800427,0.025926785,Kelt-9_b
1.405502827,0.023557646,Kelt-9_b
1.406205579,0.021428241,Kelt-9_b
1.406908681,0.019680924,Kelt-9_b
1.407612136,0.018407045,Kelt-9_b
1.408315942,0.017634976,Kelt-9_b
1.4090201,0.017332179,Kelt-9_b
1.40972461,0.017418087,Kelt-9_b
1.410429472,0.017783914,Kelt-9_b
1.411134687,0.018312311,Kelt-9_b
1.411840254,0.018892079,Kelt-9_b
1.412546174,0.01942613,Kelt-9_b
1.413252447,0.019834803,Kelt-9_b
1.413959074,0.020057874,Kelt-9_b
1.414666053,0.020058311,Kelt-9_b
1.415373386,0.019827153,Kelt-9_b
1.416081073,0.019386335,Kelt-9_b
1.416789113,0.018786385,Kelt-9_b
1.417497508,0.018096243,Kelt-9_b
1.418206257,0.017388074,Kelt-9_b
1.41891536,0.016721783,Kelt-9_b
1.419624817,0.01613553,Kelt-9_b
1.42033463,0.015645822,Kelt-9_b
1.421044797,0.015256769,Kelt-9_b
1.42175532,0.014974601,Kelt-9_b
1.422466197,0.014820533,Kelt-9_b
1.42317743,0.014835954,Kelt-9_b
1.423889019,0.015075994,Kelt-9_b
1.424600964,0.015591996,Kelt-9_b
1.425313264,0.016406756,Kelt-9_b
1.426025921,0.017490641,Kelt-9_b
1.426738934,0.018748298,Kelt-9_b
1.427452303,0.020023895,Kelt-9_b
1.428166029,0.021127839,Kelt-9_b
1.428880112,0.02188004,Kelt-9_b
1.429594552,0.022157488,Kelt-9_b
1.43030935,0.021929439,Kelt-9_b
1.431024504,0.021267447,Kelt-9_b
1.431740017,0.020326022,Kelt-9_b
1.432455887,0.019300538,Kelt-9_b
1.433172115,0.018377485,Kelt-9_b
1.433888701,0.01769303,Kelt-9_b
1.434605645,0.017311257,Kelt-9_b
1.435322948,0.017225107,Kelt-9_b
1.436040609,0.017374337,Kelt-9_b
1.43675863,0.017670913,Kelt-9_b
1.437477009,0.018023785,Kelt-9_b
1.438195747,0.018354719,Kelt-9_b
1.438914845,0.018607625,Kelt-9_b
1.439634303,0.018750983,Kelt-9_b
1.44035412,0.01877956,Kelt-9_b
1.441074297,0.018718803,Kelt-9_b
1.441794834,0.018631236,Kelt-9_b
1.442515731,0.018621702,Kelt-9_b
1.443236989,0.01883538,Kelt-9_b
1.443958608,0.019444514,Kelt-9_b
1.444680587,0.020622547,Kelt-9_b
1.445402927,0.022511166,Kelt-9_b
1.446125629,0.025186252,Kelt-9_b
1.446848692,0.028633104,Kelt-9_b
1.447572116,0.03273463,Kelt-9_b
1.448295902,0.03727635,Kelt-9_b
1.44902005,0.041967685,Kelt-9_b
1.44974456,0.04647853,Kelt-9_b
1.450469432,0.050486939,Kelt-9_b
1.451194667,0.05373082,Kelt-9_b
1.451920264,0.056052481,Kelt-9_b
1.452646224,0.057422989,Kelt-9_b
1.453372548,0.057936694,Kelt-9_b
1.454099234,0.057774869,Kelt-9_b
1.454826283,0.057149244,Kelt-9_b
1.455553697,0.056244322,Kelt-9_b
1.456281473,0.055179175,Kelt-9_b
1.457009614,0.054001011,Kelt-9_b
1.457738119,0.052709134,Kelt-9_b
1.458466988,0.051295477,Kelt-9_b
1.459196222,0.049780457,Kelt-9_b
1.45992582,0.048228016,Kelt-9_b
1.460655783,0.046733805,Kelt-9_b
1.46138611,0.045395096,Kelt-9_b
1.462116804,0.044278794,Kelt-9_b
1.462847862,0.043405548,Kelt-9_b
1.463579286,0.042757051,Kelt-9_b
1.464311076,0.042305083,Kelt-9_b
1.465043231,0.042045979,Kelt-9_b
1.465775753,0.042024514,Kelt-9_b
1.466508641,0.042332911,Kelt-9_b
1.467241895,0.043082435,Kelt-9_b
1.467975516,0.044358077,Kelt-9_b
1.468709504,0.046172883,Kelt-9_b
1.469443858,0.048444964,Kelt-9_b
1.47017858,0.051006826,Kelt-9_b
1.47091367,0.053647389,Kelt-9_b
1.471649126,0.05617076,Kelt-9_b
1.472384951,0.058450125,Kelt-9_b
1.473121143,0.060454283,Kelt-9_b
1.473857704,0.062238685,Kelt-9_b
1.474594633,0.063908975,Kelt-9_b
1.47533193,0.065575069,Kelt-9_b
1.476069596,0.067317971,Kelt-9_b
1.476807631,0.069181906,Kelt-9_b
1.477546035,0.071189254,Kelt-9_b
1.478284808,0.073364989,Kelt-9_b
1.47902395,0.075753163,Kelt-9_b
1.479763462,0.078412295,Kelt-9_b
1.480503344,0.081388559,Kelt-9_b
1.481243596,0.084677261,Kelt-9_b
1.481984217,0.088188151,Kelt-9_b
1.482725209,0.091731663,Kelt-9_b
1.483466572,0.095036078,Kelt-9_b
1.484208305,0.097796557,Kelt-9_b
1.484950409,0.099743707,Kelt-9_b
1.485692885,0.10071241,Kelt-9_b
1.486435731,0.100689,Kelt-9_b
1.487178949,0.099820411,Kelt-9_b
1.487922538,0.09838345,Kelt-9_b
1.4886665,0.096726621,Kelt-9_b
1.489410833,0.095203016,Kelt-9_b
1.490155538,0.094116678,Kelt-9_b
1.490900616,0.093690581,Kelt-9_b
1.491646066,0.094056785,Kelt-9_b
1.49239189,0.095261618,Kelt-9_b
1.493138085,0.097277387,Kelt-9_b
1.493884655,0.10001811,Kelt-9_b
1.494631597,0.10336083,Kelt-9_b
1.495378913,0.10717423,Kelt-9_b
1.496126602,0.11134976,Kelt-9_b
1.496874665,0.11582736,Kelt-9_b
1.497623103,0.12060423,Kelt-9_b
1.498371914,0.12572125,Kelt-9_b
1.4991211,0.13122933,Kelt-9_b
1.499870661,0.13715059,Kelt-9_b
1.500620596,0.14344919,Kelt-9_b
1.501370906,0.15002412,Kelt-9_b
1.502121592,0.15672575,Kelt-9_b
1.502872653,0.16338518,Kelt-9_b
1.503624089,0.16984822,Kelt-9_b
1.504375901,0.17600143,Kelt-9_b
1.505128089,0.18178925,Kelt-9_b
1.505880653,0.18722353,Kelt-9_b
1.506633593,0.19238602,Kelt-9_b
1.50738691,0.19741857,Kelt-9_b
1.508140604,0.20249671,Kelt-9_b
1.508894674,0.20778242,Kelt-9_b
1.509649121,0.21336288,Kelt-9_b
1.510403946,0.21919714,Kelt-9_b
1.511159148,0.22509775,Kelt-9_b
1.511914727,0.2307663,Kelt-9_b
1.512670685,0.23588229,Kelt-9_b
1.51342702,0.24022011,Kelt-9_b
1.514183734,0.24375219,Kelt-9_b
1.514940825,0.24669244,Kelt-9_b
1.515698296,0.24946179,Kelt-9_b
1.516456145,0.25258235,Kelt-9_b
1.517214373,0.256537,Kelt-9_b
1.51797298,0.261643,Kelt-9_b
1.518731967,0.26797959,Kelt-9_b
1.519491333,0.2753878,Kelt-9_b
1.520251078,0.28353386,Kelt-9_b
1.521011204,0.29200735,Kelt-9_b
1.52177171,0.30041844,Kelt-9_b
1.522532595,0.30846216,Kelt-9_b
1.523293862,0.31593179,Kelt-9_b
1.524055509,0.32269244,Kelt-9_b
1.524817536,0.32863724,Kelt-9_b
1.525579945,0.33366327,Kelt-9_b
1.526342735,0.33769102,Kelt-9_b
1.527105906,0.3407224,Kelt-9_b
1.527869459,0.34290652,Kelt-9_b
1.528633394,0.34456572,Kelt-9_b
1.529397711,0.34615489,Kelt-9_b
1.53016241,0.34815898,Kelt-9_b
1.530927491,0.35097169,Kelt-9_b
1.531692955,0.35481459,Kelt-9_b
1.532458801,0.35972947,Kelt-9_b
1.533225031,0.36564279,Kelt-9_b
1.533991643,0.37245263,Kelt-9_b
1.534758639,0.38008392,Kelt-9_b
1.535526018,0.38847995,Kelt-9_b
1.536293781,0.39754464,Kelt-9_b
1.537061928,0.40708244,Kelt-9_b
1.537830459,0.41679039,Kelt-9_b
1.538599374,0.42632192,Kelt-9_b
1.539368674,0.43539536,Kelt-9_b
1.540138358,0.44388858,Kelt-9_b
1.540908428,0.45186313,Kelt-9_b
1.541678882,0.45949598,Kelt-9_b
1.542449721,0.46694865,Kelt-9_b
1.543220946,0.47424101,Kelt-9_b
1.543992556,0.4811972,Kelt-9_b
1.544764553,0.48749572,Kelt-9_b
1.545536935,0.49280461,Kelt-9_b
1.546309704,0.49694039,Kelt-9_b
1.547082858,0.49997297,Kelt-9_b
1.5478564,0.50222274,Kelt-9_b
1.548630328,0.50414524,Kelt-9_b
1.549404643,0.50614701,Kelt-9_b
1.550179345,0.50841239,Kelt-9_b
1.550954435,0.51081907,Kelt-9_b
1.551729912,0.51298836,Kelt-9_b
1.552505777,0.51445586,Kelt-9_b
1.55328203,0.51489873,Kelt-9_b
1.554058671,0.51432605,Kelt-9_b
1.554835701,0.51315327,Kelt-9_b
1.555613118,0.51212463,Kelt-9_b
1.556390925,0.51211524,Kelt-9_b
1.55716912,0.51388596,Kelt-9_b
1.557947705,0.51788605,Kelt-9_b
1.558726679,0.52417029,Kelt-9_b
1.559506042,0.53244402,Kelt-9_b
1.560285795,0.54220175,Kelt-9_b
1.561065938,0.55288876,Kelt-9_b
1.561846471,0.56402123,Kelt-9_b
1.562627394,0.57523005,Kelt-9_b
1.563408708,0.58623452,Kelt-9_b
1.564190412,0.59678502,Kelt-9_b
1.564972508,0.60661686,Kelt-9_b
1.565754994,0.61544802,Kelt-9_b
1.566537871,0.62302023,Kelt-9_b
1.56732114,0.6291615,Kelt-9_b
1.568104801,0.6338338,Kelt-9_b
1.568888853,0.63714233,Kelt-9_b
1.569673298,0.63929686,Kelt-9_b
1.570458134,0.640543,Kelt-9_b
1.571243363,0.64109522,Kelt-9_b
1.572028985,0.64110224,Kelt-9_b
1.572815,0.64066138,Kelt-9_b
1.573601407,0.6398713,Kelt-9_b
1.574388208,0.63889428,Kelt-9_b
1.575175402,0.63799036,Kelt-9_b
1.57596299,0.63750071,Kelt-9_b
1.576750971,0.63778129,Kelt-9_b
1.577539347,0.63911411,Kelt-9_b
1.578328116,0.64163343,Kelt-9_b
1.57911728,0.64529248,Kelt-9_b
1.579906839,0.64988191,Kelt-9_b
1.580696792,0.65508157,Kelt-9_b
1.581487141,0.66052319,Kelt-9_b
1.582277884,0.66584047,Kelt-9_b
1.583069023,0.67069926,Kelt-9_b
1.583860558,0.67481275,Kelt-9_b
1.584652488,0.67795499,Kelt-9_b
1.585444814,0.67998358,Kelt-9_b
1.586237537,0.68087095,Kelt-9_b
1.587030655,0.6807328,Kelt-9_b
1.587824171,0.67983836,Kelt-9_b
1.588618083,0.67858657,Kelt-9_b
1.589412392,0.67744634,Kelt-9_b
1.590207098,0.67687076,Kelt-9_b
1.591002202,0.67720997,Kelt-9_b
1.591797703,0.67864834,Kelt-9_b
1.592593602,0.6811822,Kelt-9_b
1.593389898,0.68463893,Kelt-9_b
1.594186593,0.68872533,Kelt-9_b
1.594983687,0.69308299,Kelt-9_b
1.595781178,0.6973366,Kelt-9_b
1.596579069,0.70113125,Kelt-9_b
1.597377359,0.70416447,Kelt-9_b
1.598176047,0.70622184,Kelt-9_b
1.598975135,0.70721469,Kelt-9_b
1.599774623,0.70720893,Kelt-9_b
1.60057451,0.70642755,Kelt-9_b
1.601374797,0.70521346,Kelt-9_b
1.602175485,0.70395687,Kelt-9_b
1.602976573,0.70300686,Kelt-9_b
1.603778061,0.7025956,Kelt-9_b
1.60457995,0.70280087,Kelt-9_b
1.60538224,0.70355413,Kelt-9_b
1.606184931,0.70468829,Kelt-9_b
1.606988023,0.70600167,Kelt-9_b
1.607791517,0.70731754,Kelt-9_b
1.608595413,0.70852223,Kelt-9_b
1.609399711,0.70957726,Kelt-9_b
1.610204411,0.71050879,Kelt-9_b
1.611009513,0.71138304,Kelt-9_b
1.611815018,0.71227877,Kelt-9_b
1.612620925,0.71326211,Kelt-9_b
1.613427236,0.71437265,Kelt-9_b
1.614233949,0.71562043,Kelt-9_b
1.615041066,0.71699325,Kelt-9_b
1.615848587,0.71846881,Kelt-9_b
1.616656511,0.7200242,Kelt-9_b
1.617464839,0.7216375,Kelt-9_b
1.618273572,0.72327977,Kelt-9_b
1.619082709,0.72490141,Kelt-9_b
1.61989225,0.72642056,Kelt-9_b
1.620702196,0.7277182,Kelt-9_b
1.621512547,0.7286463,Kelt-9_b
1.622323303,0.72904561,Kelt-9_b
1.623134465,0.7287718,Kelt-9_b
1.623946032,0.72772465,Kelt-9_b
1.624758005,0.72587758,Kelt-9_b
1.625570384,0.72330204,Kelt-9_b
1.62638317,0.72017927,Kelt-9_b
1.627196361,0.716791,Kelt-9_b
1.628009959,0.71348446,Kelt-9_b
1.628823964,0.71061393,Kelt-9_b
1.629638376,0.70847298,Kelt-9_b
1.630453195,0.70723783,Kelt-9_b
1.631268422,0.70693721,Kelt-9_b
1.632084056,0.70745783,Kelt-9_b
1.632900098,0.70857856,Kelt-9_b
1.633716548,0.71001644,Kelt-9_b
1.634533407,0.71147076,Kelt-9_b
1.635350673,0.7126556,Kelt-9_b
1.636168349,0.7133232,Kelt-9_b
1.636986433,0.71328155,Kelt-9_b
1.637804926,0.712412,Kelt-9_b
1.638623829,0.71068452,Kelt-9_b
1.63944314,0.70816231,Kelt-9_b
1.640262862,0.70499325,Kelt-9_b
1.641082993,0.70138647,Kelt-9_b
1.641903535,0.69758185,Kelt-9_b
1.642724487,0.69382237,Kelt-9_b
1.643545849,0.69033284,Kelt-9_b
1.644367622,0.68730619,Kelt-9_b
1.645189806,0.68489176,Kelt-9_b
1.646012401,0.6831792,Kelt-9_b
1.646835407,0.68217877,Kelt-9_b
1.647658824,0.68180517,Kelt-9_b
1.648482654,0.68187229,Kelt-9_b
1.649306895,0.6821088,Kelt-9_b
1.650131549,0.6821942,Kelt-9_b
1.650956614,0.68180858,Kelt-9_b
1.651782093,0.68068473,Kelt-9_b
1.652607984,0.67864853,Kelt-9_b
1.653434288,0.67564018,Kelt-9_b
1.654261005,0.67171454,Kelt-9_b
1.655088135,0.66702523,Kelt-9_b
1.65591568,0.661802,Kelt-9_b
1.656743637,0.65632797,Kelt-9_b
1.657572009,0.65092161,Kelt-9_b
1.658400795,0.64591811,Kelt-9_b
1.659229996,0.64164581,Kelt-9_b
1.660059611,0.63839065,Kelt-9_b
1.66088964,0.63635031,Kelt-9_b
1.661720085,0.63558713,Kelt-9_b
1.662550945,0.63599679,Kelt-9_b
1.663382221,0.63730595,Kelt-9_b
1.664213912,0.6391101,Kelt-9_b
1.665046019,0.64094582,Kelt-9_b
1.665878542,0.64238263,Kelt-9_b
1.666711481,0.64310975,Kelt-9_b
1.667544837,0.64299695,Kelt-9_b
1.668378609,0.64211171,Kelt-9_b
1.669212799,0.64069148,Kelt-9_b
1.670047405,0.63907988,Kelt-9_b
1.670882429,0.63764856,Kelt-9_b
1.67171787,0.6367226,Kelt-9_b
1.672553729,0.6365277,Kelt-9_b
1.673390006,0.6371647,Kelt-9_b
1.674226701,0.63860584,Kelt-9_b
1.675063814,0.6407085,Kelt-9_b
1.675901346,0.64323634,Kelt-9_b
1.676739297,0.64588981,Kelt-9_b
1.677577666,0.64834354,Kelt-9_b
1.678416455,0.6502888,Kelt-9_b
1.679255663,0.65147498,Kelt-9_b
1.680095291,0.65173925,Kelt-9_b
1.680935339,0.65101687,Kelt-9_b
1.681775806,0.64933365,Kelt-9_b
1.682616694,0.64678822,Kelt-9_b
1.683458003,0.64353277,Kelt-9_b
1.684299732,0.6397583,Kelt-9_b
1.685141882,0.63568169,Kelt-9_b
1.685984452,0.63152788,Kelt-9_b
1.686827445,0.62750293,Kelt-9_b
1.687670858,0.62376194,Kelt-9_b
1.688514694,0.62038203,Kelt-9_b
1.689358951,0.61735326,Kelt-9_b
1.690203631,0.61459345,Kelt-9_b
1.691048732,0.61198544,Kelt-9_b
1.691894257,0.60942351,Kelt-9_b
1.692740204,0.60685794,Kelt-9_b
1.693586574,0.60432178,Kelt-9_b
1.694433367,0.60193332,Kelt-9_b
1.695280584,0.59987128,Kelt-9_b
1.696128224,0.59832798,Kelt-9_b
1.696976288,0.59745054,Kelt-9_b
1.697824777,0.59728579,Kelt-9_b
1.698673689,0.59774518,Kelt-9_b
1.699523026,0.59860418,Kelt-9_b
1.700372787,0.5995387,Kelt-9_b
1.701222974,0.60019297,Kelt-9_b
1.702073585,0.60025441,Kelt-9_b
1.702924622,0.59951341,Kelt-9_b
1.703776084,0.59788674,Kelt-9_b
1.704627972,0.59539776,Kelt-9_b
1.705480286,0.59212555,Kelt-9_b
1.706333027,0.58814546,Kelt-9_b
1.707186193,0.58348644,Kelt-9_b
1.708039786,0.57811676,Kelt-9_b
1.708893806,0.57196237,Kelt-9_b
1.709748253,0.56493809,Kelt-9_b
1.710603127,0.5569816,Kelt-9_b
1.711458429,0.548073,Kelt-9_b
1.712314158,0.53824329,Kelt-9_b
1.713170315,0.52757091,Kelt-9_b
1.7140269,0.51617415,Kelt-9_b
1.714883914,0.50419801,Kelt-9_b
1.715741355,0.49179411,Kelt-9_b
1.716599226,0.47909462,Kelt-9_b
1.717457526,0.4661897,Kelt-9_b
1.718316255,0.45311737,Kelt-9_b
1.719175413,0.43987661,Kelt-9_b
1.720035,0.4264592,Kelt-9_b
1.720895018,0.41289,Kelt-9_b
1.721755465,0.39925568,Kelt-9_b
1.722616343,0.38570906,Kelt-9_b
1.723477651,0.37244841,Kelt-9_b
1.72433939,0.35968067,Kelt-9_b
1.72520156,0.34758754,Kelt-9_b
1.726064161,0.33630385,Kelt-9_b
1.726927193,0.3259155,Kelt-9_b
1.727790656,0.31646925,Kelt-9_b
1.728654552,0.30798722,Kelt-9_b
1.729518879,0.30047717,Kelt-9_b
1.730383638,0.29393492,Kelt-9_b
1.73124883,0.28834028,Kelt-9_b
1.732114455,0.28365029,Kelt-9_b
1.732980512,0.2797936,Kelt-9_b
1.733847002,0.27666421,Kelt-9_b
1.734713926,0.27411597,Kelt-9_b
1.735581282,0.27195693,Kelt-9_b
1.736449073,0.26994526,Kelt-9_b
1.737317298,0.26779152,Kelt-9_b
1.738185956,0.2651738,Kelt-9_b
1.739055049,0.26176738,Kelt-9_b
1.739924577,0.25729235,Kelt-9_b
1.740794539,0.25156962,Kelt-9_b
1.741664936,0.2445743,Kelt-9_b
1.742535769,0.23646998,Kelt-9_b
1.743407037,0.22760668,Kelt-9_b
1.74427874,0.21847347,Kelt-9_b
1.74515088,0.20961339,Kelt-9_b
1.746023455,0.2015173,Kelt-9_b
1.746896467,0.19452953,Kelt-9_b
1.747769915,0.18879051,Kelt-9_b
1.7486438,0.18423614,Kelt-9_b
1.749518122,0.18064995,Kelt-9_b
1.750392881,0.17775082,Kelt-9_b
1.751268077,0.17528305,Kelt-9_b
1.752143711,0.17308001,Kelt-9_b
1.753019783,0.17107917,Kelt-9_b
1.753896293,0.16928895,Kelt-9_b
1.754773241,0.16772416,Kelt-9_b
1.755650628,0.16633931,Kelt-9_b
1.756528453,0.16499011,Kelt-9_b
1.757406717,0.16343988,Kelt-9_b
1.758285421,0.16140717,Kelt-9_b
1.759164564,0.1586337,Kelt-9_b
1.760044146,0.15494629,Kelt-9_b
1.760924168,0.15029087,Kelt-9_b
1.76180463,0.14473553,Kelt-9_b
1.762685532,0.13845124,Kelt-9_b
1.763566875,0.1316828,Kelt-9_b
1.764448658,0.1247202,Kelt-9_b
1.765330883,0.11786779,Kelt-9_b
1.766213548,0.11140903,Kelt-9_b
1.767096655,0.10556579,Kelt-9_b
1.767980203,0.10046284,Kelt-9_b
1.768864193,0.09611302,Kelt-9_b
1.769748626,0.092434573,Kelt-9_b
1.7706335,0.089297435,Kelt-9_b
1.771518817,0.086580099,Kelt-9_b
1.772404576,0.084212022,Kelt-9_b
1.773290778,0.082181314,Kelt-9_b
1.774177424,0.080503876,Kelt-9_b
1.775064512,0.079172911,Kelt-9_b
1.775952045,0.078113677,Kelt-9_b
1.776840021,0.077171055,Kelt-9_b
1.777728441,0.076139063,Kelt-9_b
1.778617305,0.07482193,Kelt-9_b
1.779506614,0.073105131,Kelt-9_b
1.780396367,0.07100292,Kelt-9_b
1.781286565,0.068663884,Kelt-9_b
1.782177208,0.066326625,Kelt-9_b
1.783068297,0.064239951,Kelt-9_b
1.783959831,0.062577314,Kelt-9_b
1.784851811,0.061375767,Kelt-9_b
1.785744237,0.060524618,Kelt-9_b
1.786637109,0.059809193,Kelt-9_b
1.787530428,0.058992576,Kelt-9_b
1.788424193,0.057903118,Kelt-9_b
1.789318405,0.056493757,Kelt-9_b
1.790213064,0.054850407,Kelt-9_b
1.791108171,0.053147149,Kelt-9_b
1.792003725,0.051570633,Kelt-9_b
1.792899727,0.05024247,Kelt-9_b
1.793796176,0.049172445,Kelt-9_b
1.794693075,0.048257087,Kelt-9_b
1.795590421,0.047321338,Kelt-9_b
1.796488216,0.046183727,Kelt-9_b
1.79738646,0.044717772,Kelt-9_b
1.798285154,0.042887359,Kelt-9_b
1.799184296,0.040745989,Kelt-9_b
1.800083888,0.038408505,Kelt-9_b
1.80098393,0.036011721,Kelt-9_b
1.801884422,0.033685233,Kelt-9_b
1.802785364,0.031540954,Kelt-9_b
1.803686757,0.02967966,Kelt-9_b
1.804588601,0.028200762,Kelt-9_b
1.805490895,0.027201153,Kelt-9_b
1.80639364,0.02675661,Kelt-9_b
1.807296837,0.026889478,Kelt-9_b
1.808200486,0.027536933,Kelt-9_b
1.809104586,0.028535987,Kelt-9_b
1.810009138,0.029637155,Kelt-9_b
1.810914143,0.030547801,Kelt-9_b
1.8118196,0.030996793,Kelt-9_b
1.812725509,0.030801464,Kelt-9_b
1.813631872,0.029917242,Kelt-9_b
1.814538688,0.028453386,Kelt-9_b
1.815445958,0.026648369,Kelt-9_b
1.816353681,0.024811259,Kelt-9_b
1.817261857,0.02324597,Kelt-9_b
1.818170488,0.022179825,Kelt-9_b
1.819079574,0.021717442,Kelt-9_b
1.819989113,0.021830148,Kelt-9_b
1.820899108,0.022380767,Kelt-9_b
1.821809557,0.023171893,Kelt-9_b
1.822720462,0.023999893,Kelt-9_b
1.823631822,0.024697122,Kelt-9_b
1.824543638,0.025152822,Kelt-9_b
1.82545591,0.025312595,Kelt-9_b
1.826368638,0.025164605,Kelt-9_b
1.827281822,0.024723984,Kelt-9_b
1.828195463,0.024023208,Kelt-9_b
1.829109561,0.023109838,Kelt-9_b
1.830024116,0.022047688,Kelt-9_b
1.830939128,0.020915221,Kelt-9_b
1.831854597,0.019797525,Kelt-9_b
1.832770525,0.018772441,Kelt-9_b
1.83368691,0.017894995,Kelt-9_b
1.834603753,0.017186201,Kelt-9_b
1.835521055,0.016629788,Kelt-9_b
1.836438816,0.016178049,Kelt-9_b
1.837357035,0.015766058,Kelt-9_b
1.838275714,0.015329687,Kelt-9_b
1.839194852,0.014823165,Kelt-9_b
1.840114449,0.014231599,Kelt-9_b
1.841034506,0.01357525,Kelt-9_b
1.841955024,0.012904808,Kelt-9_b
1.842876001,0.012288802,Kelt-9_b
1.843797439,0.011796931,Kelt-9_b
1.844719338,0.011483425,Kelt-9_b
1.845641697,0.011374069,Kelt-9_b
1.846564518,0.011459258,Kelt-9_b
1.847487801,0.011693829,Kelt-9_b
1.848411544,0.012003365,Kelt-9_b
1.84933575,0.01229506,Kelt-9_b
1.850260418,0.012472414,Kelt-9_b
1.851185548,0.012450919,Kelt-9_b
1.852111141,0.012173238,Kelt-9_b
1.853037197,0.011620802,Kelt-9_b
1.853963715,0.010819522,Kelt-9_b
1.854890697,0.0098373548,Kelt-9_b
1.855818142,0.0087734402,Kelt-9_b
1.856746052,0.0077404966,Kelt-9_b
1.857674425,0.0068445331,Kelt-9_b
1.858603262,0.006166655,Kelt-9_b
1.859532563,0.0057514085,Kelt-9_b
1.86046233,0.005603531,Kelt-9_b
1.861392561,0.0056929869,Kelt-9_b
1.862323257,0.0059658138,Kelt-9_b
1.863254419,0.0063570194,Kelt-9_b
1.864186046,0.0068026863,Kelt-9_b
1.865118139,0.0072489056,Kelt-9_b
1.866050698,0.0076565738,Kelt-9_b
1.866983723,0.0080020986,Kelt-9_b
1.867917215,0.0082757788,Kelt-9_b
1.868851174,0.0084790195,Kelt-9_b
1.869785599,0.0086229871,Kelt-9_b
1.870720492,0.0087289877,Kelt-9_b
1.871655853,0.0088301126,Kelt-9_b
1.87259168,0.0089724352,Kelt-9_b
1.873527976,0.0092126873,Kelt-9_b
1.87446474,0.0096108987,Kelt-9_b
1.875401973,0.010217883,Kelt-9_b
1.876339674,0.011060664,Kelt-9_b
1.877277843,0.012130345,Kelt-9_b
1.878216482,0.013376985,Kelt-9_b
1.879155591,0.01471451,Kelt-9_b
1.880095168,0.016035063,Kelt-9_b
1.881035216,0.017229416,Kelt-9_b
1.881975734,0.018208413,Kelt-9_b
1.882916722,0.018919875,Kelt-9_b
1.88385818,0.019358367,Kelt-9_b
1.884800109,0.019566359,Kelt-9_b
1.885742509,0.019627453,Kelt-9_b
1.88668538,0.019653389,Kelt-9_b
1.887628723,0.0197659,Kelt-9_b
1.888572537,0.020075869,Kelt-9_b
1.889516824,0.020662782,Kelt-9_b
1.890461582,0.021559316,Kelt-9_b
1.891406813,0.022745171,Kelt-9_b
1.892352516,0.024153097,Kelt-9_b
1.893298692,0.025686409,Kelt-9_b
1.894245342,0.027244051,Kelt-9_b
1.895192464,0.028746101,Kelt-9_b
1.896140061,0.030153618,Kelt-9_b
1.897088131,0.031479679,Kelt-9_b
1.898036675,0.032788661,Kelt-9_b
1.898985693,0.03418528,Kelt-9_b
1.899935186,0.03579357,Kelt-9_b
1.900885154,0.037727518,Kelt-9_b
1.901835596,0.040057272,Kelt-9_b
1.902786514,0.042778889,Kelt-9_b
1.903737907,0.045798614,Kelt-9_b
1.904689776,0.048941485,Kelt-9_b
1.905642121,0.051985954,Kelt-9_b
1.906594942,0.054716684,Kelt-9_b
1.90754824,0.056976667,Kelt-9_b
1.908502014,0.058697744,Kelt-9_b
1.909456265,0.059898603,Kelt-9_b
1.910410993,0.060650842,Kelt-9_b
1.911366198,0.061031211,Kelt-9_b
1.912321881,0.061082009,Kelt-9_b
1.913278042,0.060797596,Kelt-9_b
1.914234681,0.060140942,Kelt-9_b
1.915191799,0.059079994,Kelt-9_b
1.916149395,0.057624756,Kelt-9_b
1.917107469,0.055847615,Kelt-9_b
1.918066023,0.053877406,Kelt-9_b
1.919025056,0.051869848,Kelt-9_b
1.919984569,0.049965311,Kelt-9_b
1.920944561,0.048248778,Kelt-9_b
1.921905033,0.046725272,Kelt-9_b
1.922865986,0.045317037,Kelt-9_b
1.923827419,0.043883429,Kelt-9_b
1.924789332,0.042257259,Kelt-9_b
1.925751727,0.040287659,Kelt-9_b
1.926714603,0.037878673,Kelt-9_b
1.92767796,0.035013652,Kelt-9_b
1.928641799,0.031760018,Kelt-9_b
1.92960612,0.028254271,Kelt-9_b
1.930570923,0.024673376,Kelt-9_b
1.931536209,0.021201114,Kelt-9_b
1.932501977,0.017999256,Kelt-9_b
1.933468228,0.0151893,Kelt-9_b
1.934434962,0.012847343,Kelt-9_b
1.935402179,0.011008801,Kelt-9_b
1.93636988,0.009677445,Kelt-9_b
1.937338065,0.0088351162,Kelt-9_b
1.938306734,0.0084478696,Kelt-9_b
1.939275888,0.0084689667,Kelt-9_b
1.940245526,0.0088400435,Kelt-9_b
1.941215648,0.0094919373,Kelt-9_b
1.942186256,0.010345825,Kelt-9_b
1.943157349,0.011314989,Kelt-9_b
1.944128928,0.012306789,Kelt-9_b
1.945100993,0.013226048,Kelt-9_b
1.946073543,0.013979737,Kelt-9_b
1.94704658,0.014485586,Kelt-9_b
1.948020103,0.014683739,Kelt-9_b
1.948994113,0.014548495,Kelt-9_b
1.94996861,0.014097292,Kelt-9_b
1.950943595,0.013391181,Kelt-9_b
1.951919066,0.012525554,Kelt-9_b
1.952895026,0.01161224,Kelt-9_b
1.953871473,0.010758157,Kelt-9_b
1.954848409,0.010046611,Kelt-9_b
1.955825833,0.0095262453,Kelt-9_b
1.956803746,0.0092093704,Kelt-9_b
1.957782148,0.0090782513,Kelt-9_b
1.958761039,0.0090958389,Kelt-9_b
1.95974042,0.00921784,Kelt-9_b
1.96072029,0.0094034248,Kelt-9_b
1.96170065,0.0096230995,Kelt-9_b
1.9626815,0.0098623947,Kelt-9_b
1.963662841,0.010120262,Kelt-9_b
1.964644673,0.010401997,Kelt-9_b
1.965626995,0.0107085,Kelt-9_b
1.966609808,0.011025566,Kelt-9_b
1.967593113,0.011318141,Kelt-9_b
1.96857691,0.011533114,Kelt-9_b
1.969561198,0.011610905,Kelt-9_b
1.970545979,0.011502114,Kelt-9_b
1.971531252,0.011183295,Kelt-9_b
1.972517017,0.010665971,Kelt-9_b
1.973503276,0.0099960426,Kelt-9_b
1.974490028,0.0092446697,Kelt-9_b
1.975477273,0.0084942997,Kelt-9_b
1.976465011,0.0078246105,Kelt-9_b
1.977453244,0.0073014928,Kelt-9_b
1.97844197,0.0069695381,Kelt-9_b
1.979431191,0.0068482713,Kelt-9_b
1.980420907,0.0069306409,Kelt-9_b
1.981411117,0.0071847476,Kelt-9_b
1.982401823,0.0075595459,Kelt-9_b
1.983393024,0.0079951458,Kelt-9_b
1.98438472,0.0084367811,Kelt-9_b
1.985376913,0.0088487996,Kelt-9_b
1.986369601,0.009224681,Kelt-9_b
1.987362786,0.0095886219,Kelt-9_b
1.988356467,0.0099883637,Kelt-9_b
1.989350646,0.010480407,Kelt-9_b
1.990345321,0.011112553,Kelt-9_b
1.991340494,0.011908702,Kelt-9_b
1.992336164,0.01286029,Kelt-9_b
1.993332332,0.01392602,Kelt-9_b
1.994328998,0.015039887,Kelt-9_b
1.995326163,0.016125539,Kelt-9_b
1.996323826,0.017112917,Kelt-9_b
1.997321988,0.017953542,Kelt-9_b
1.998320649,0.018630473,Kelt-9_b
1.999319809,0.019160793,Kelt-9_b
2.000319469,0.019590293,Kelt-9_b
2.001319629,0.01998305,Kelt-9_b
2.002320288,0.020410433,Kelt-9_b
2.003321449,0.02094169,Kelt-9_b
2.004323109,0.021638109,Kelt-9_b
2.005325271,0.022549072,Kelt-9_b
2.006327933,0.023707281,Kelt-9_b
2.007331097,0.025122667,Kelt-9_b
2.008334763,0.026777729,Kelt-9_b
2.00933893,0.028628893,Kelt-9_b
2.0103436,0.030618975,Kelt-9_b
2.011348772,0.032698829,Kelt-9_b
2.012354446,0.034851626,Kelt-9_b
2.013360623,0.037105473,Kelt-9_b
2.014367304,0.039524017,Kelt-9_b
2.015374487,0.042173685,Kelt-9_b
2.016382174,0.04507715,Kelt-9_b
2.017390366,0.048176976,Kelt-9_b
2.018399061,0.051328328,Kelt-9_b
2.01940826,0.054332582,Kelt-9_b
2.020417964,0.057003598,Kelt-9_b
2.021428173,0.059242943,Kelt-9_b
2.022438887,0.061092692,Kelt-9_b
2.023450107,0.062743508,Kelt-9_b
2.024461832,0.064491725,Kelt-9_b
2.025474063,0.066660381,Kelt-9_b
2.0264868,0.069512849,Kelt-9_b
2.027500043,0.073187066,Kelt-9_b
2.028513793,0.077669794,Kelt-9_b
2.02952805,0.082810322,Kelt-9_b
2.030542814,0.088364985,Kelt-9_b
2.031558086,0.094055284,Kelt-9_b
2.032573865,0.099626185,Kelt-9_b
2.033590152,0.10489829,Kelt-9_b
2.034606947,0.10980989,Kelt-9_b
2.03562425,0.11444467,Kelt-9_b
2.036642062,0.11903398,Kelt-9_b
2.037660383,0.12392392,Kelt-9_b
2.038679214,0.12950299,Kelt-9_b
2.039698553,0.13610033,Kelt-9_b
2.040718402,0.14387943,Kelt-9_b
2.041738762,0.15276375,Kelt-9_b
2.042759631,0.16242403,Kelt-9_b
2.043781011,0.17233928,Kelt-9_b
2.044802901,0.18192054,Kelt-9_b
2.045825303,0.19065828,Kelt-9_b
2.046848215,0.1982454,Kelt-9_b
2.04787164,0.20463507,Kelt-9_b
2.048895575,0.21001493,Kelt-9_b
2.049920023,0.2147107,Kelt-9_b
2.050944983,0.21905853,Kelt-9_b
2.051970456,0.22329277,Kelt-9_b
2.052996441,0.22748908,Kelt-9_b
2.054022939,0.2315767,Kelt-9_b
2.055049951,0.23540621,Kelt-9_b
2.056077476,0.23883863,Kelt-9_b
2.057105514,0.24181639,Kelt-9_b
2.058134067,0.24438917,Kelt-9_b
2.059163134,0.24668582,Kelt-9_b
2.060192716,0.2488525,Kelt-9_b
2.061222812,0.25098534,Kelt-9_b
2.062253423,0.25309042,Kelt-9_b
2.06328455,0.2550864,Kelt-9_b
2.064316192,0.25684708,Kelt-9_b
2.06534835,0.25826116,Kelt-9_b
2.066381025,0.25928209,Kelt-9_b
2.067414215,0.25994738,Kelt-9_b
2.068447922,0.26036245,Kelt-9_b
2.069482146,0.26066097,Kelt-9_b
2.070516887,0.26096111,Kelt-9_b
2.071552146,0.26133558,Kelt-9_b
2.072587922,0.26180279,Kelt-9_b
2.073624216,0.26233595,Kelt-9_b
2.074661028,0.26288136,Kelt-9_b
2.075698358,0.26337595,Kelt-9_b
2.076736208,0.26376001,Kelt-9_b
2.077774576,0.26398633,Kelt-9_b
2.078813463,0.2640299,Kelt-9_b
2.07985287,0.26389884,Kelt-9_b
2.080892796,0.26364374,Kelt-9_b
2.081933243,0.26336035,Kelt-9_b
2.082974209,0.26318045,Kelt-9_b
2.084015696,0.26324917,Kelt-9_b
2.085057704,0.26369487,Kelt-9_b
2.086100233,0.26460152,Kelt-9_b
2.087143283,0.26599118,Kelt-9_b
2.088186855,0.26782302,Kelt-9_b
2.089230948,0.27000502,Kelt-9_b
2.090275564,0.27241174,Kelt-9_b
2.091320701,0.27489868,Kelt-9_b
2.092366362,0.27731006,Kelt-9_b
2.093412545,0.27948148,Kelt-9_b
2.094459251,0.28124608,Kelt-9_b
2.095506481,0.28244961,Kelt-9_b
2.096554234,0.28297718,Kelt-9_b
2.097602511,0.28278549,Kelt-9_b
2.098651312,0.28192757,Kelt-9_b
2.099700638,0.28055845,Kelt-9_b
2.100750488,0.2789158,Kelt-9_b
2.101800864,0.27727887,Kelt-9_b
2.102851764,0.275917,Kelt-9_b
2.10390319,0.27504042,Kelt-9_b
2.104955142,0.27476431,Kelt-9_b
2.106007619,0.27509215,Kelt-9_b
2.107060623,0.27591785,Kelt-9_b
2.108114153,0.27704758,Kelt-9_b
2.10916821,0.27823674,Kelt-9_b
2.110222794,0.27923824,Kelt-9_b
2.111277906,0.27985336,Kelt-9_b
2.112333545,0.27997344,Kelt-9_b
2.113389712,0.27960017,Kelt-9_b
2.114446406,0.27883855,Kelt-9_b
2.11550363,0.27786109,Kelt-9_b
2.116561381,0.27685632,Kelt-9_b
2.117619662,0.27597672,Kelt-9_b
2.118678472,0.27530289,Kelt-9_b
2.119737811,0.27483619,Kelt-9_b
2.12079768,0.27451984,Kelt-9_b
2.121858079,0.27428032,Kelt-9_b
2.122919008,0.27407258,Kelt-9_b
2.123980467,0.27391097,Kelt-9_b
2.125042458,0.27387321,Kelt-9_b
2.126104979,0.27407427,Kelt-9_b
2.127168031,0.27461916,Kelt-9_b
2.128231615,0.27555295,Kelt-9_b
2.129295731,0.27682757,Kelt-9_b
2.130360379,0.27830066,Kelt-9_b
2.131425559,0.27976809,Kelt-9_b
2.132491272,0.28102073,Kelt-9_b
2.133557518,0.28190409,Kelt-9_b
2.134624296,0.28236125,Kelt-9_b
2.135691609,0.28244407,Kelt-9_b
2.136759454,0.28229053,Kelt-9_b
2.137827834,0.28207517,Kelt-9_b
2.138896748,0.2819506,Kelt-9_b
2.139966196,0.28199582,Kelt-9_b
2.14103618,0.28218889,Kelt-9_b
2.142106698,0.28240894,Kelt-9_b
2.143177751,0.28246835,Kelt-9_b
2.14424934,0.28216455,Kelt-9_b
2.145321465,0.28133724,Kelt-9_b
2.146394125,0.27991513,Kelt-9_b
2.147467322,0.27794049,Kelt-9_b
2.148541056,0.27556397,Kelt-9_b
2.149615327,0.27301253,Kelt-9_b
2.150690134,0.27053971,Kelt-9_b
2.151765479,0.2683709,Kelt-9_b
2.152841362,0.26666029,Kelt-9_b
2.153917783,0.26546905,Kelt-9_b
2.154994742,0.26476866,Kelt-9_b
2.156072239,0.26446637,Kelt-9_b
2.157150275,0.26444078,Kelt-9_b
2.15822885,0.2645765,Kelt-9_b
2.159307965,0.26478778,Kelt-9_b
2.160387619,0.26502554,Kelt-9_b
2.161467812,0.26526879,Kelt-9_b
2.162548546,0.26550499,Kelt-9_b
2.163629821,0.26570682,Kelt-9_b
2.164711636,0.26581429,Kelt-9_b
2.165793991,0.26572876,Kelt-9_b
2.166876888,0.26532382,Kelt-9_b
2.167960327,0.26447254,Kelt-9_b
2.169044307,0.26308517,Kelt-9_b
2.170128829,0.2611474,Kelt-9_b
2.171213893,0.25874632,Kelt-9_b
2.1722995,0.25607296,Kelt-9_b
2.17338565,0.25339571,Kelt-9_b
2.174472343,0.25100675,Kelt-9_b
2.175559579,0.24915492,Kelt-9_b
2.176647359,0.24798476,Kelt-9_b
2.177735683,0.24750412,Kelt-9_b
2.178824551,0.24759373,Kelt-9_b
2.179913963,0.24805629,Kelt-9_b
2.18100392,0.24868689,Kelt-9_b
2.182094422,0.24933665,Kelt-9_b
2.183185469,0.24994287,Kelt-9_b
2.184277062,0.25051736,Kelt-9_b
2.1853692,0.25110038,Kelt-9_b
2.186461885,0.2517063,Kelt-9_b
2.187555116,0.25228599,Kelt-9_b
2.188648893,0.25272369,Kelt-9_b
2.189743218,0.25286589,Kelt-9_b
2.190838089,0.25256815,Kelt-9_b
2.191933508,0.25173823,Kelt-9_b
2.193029475,0.25035973,Kelt-9_b
2.19412599,0.24849127,Kelt-9_b
2.195223053,0.24624703,Kelt-9_b
2.196320664,0.24377118,Kelt-9_b
2.197418825,0.24121553,Kelt-9_b
2.198517534,0.23872546,Kelt-9_b
2.199616793,0.23643206,Kelt-9_b
2.200716601,0.2344448,Kelt-9_b
2.20181696,0.23284208,Kelt-9_b
2.202917868,0.23165838,Kelt-9_b
2.204019327,0.23087228,Kelt-9_b
2.205121337,0.23039882,Kelt-9_b
2.206223897,0.23008937,Kelt-9_b
2.207327009,0.22974127,Kelt-9_b
2.208430673,0.22911631,Kelt-9_b
2.209534888,0.22797018,Kelt-9_b
2.210639656,0.22609182,Kelt-9_b
2.211744975,0.22334872,Kelt-9_b
2.212850848,0.21972931,Kelt-9_b
2.213957273,0.2153679,Kelt-9_b
2.215064252,0.21053966,Kelt-9_b
2.216171784,0.2056197,Kelt-9_b
2.21727987,0.2010124,Kelt-9_b
2.21838851,0.19707066,Kelt-9_b
2.219497704,0.19402869,Kelt-9_b
2.220607453,0.19196763,Kelt-9_b
2.221717757,0.19082108,Kelt-9_b
2.222828616,0.19041226,Kelt-9_b
2.22394003,0.19050615,Kelt-9_b
2.225052,0.19085751,Kelt-9_b
2.226164526,0.19124495,Kelt-9_b
2.227277608,0.19148944,Kelt-9_b
2.228391247,0.19146269,Kelt-9_b
2.229505443,0.19109081,Kelt-9_b
2.230620195,0.19035621,Kelt-9_b
2.231735505,0.18929565,Kelt-9_b
2.232851373,0.18799175,Kelt-9_b
2.233967799,0.18655845,Kelt-9_b
2.235084783,0.18512353,Kelt-9_b
2.236202325,0.18381106,Kelt-9_b
2.237320426,0.18272718,Kelt-9_b
2.238439087,0.18194785,Kelt-9_b
2.239558306,0.18150721,Kelt-9_b
2.240678085,0.18138673,Kelt-9_b
2.241798424,0.18150916,Kelt-9_b
2.242919324,0.18174308,Kelt-9_b
2.244040783,0.18192259,Kelt-9_b
2.245162804,0.18188126,Kelt-9_b
2.246285385,0.18149238,Kelt-9_b
2.247408528,0.18070362,Kelt-9_b
2.248532232,0.17955308,Kelt-9_b
2.249656498,0.17815902,Kelt-9_b
2.250781326,0.17668284,Kelt-9_b
2.251906717,0.17527528,Kelt-9_b
2.25303267,0.17402152,Kelt-9_b
2.254159187,0.17290449,Kelt-9_b
2.255286266,0.17180126,Kelt-9_b
2.256413909,0.1705165,Kelt-9_b
2.257542116,0.16884491,Kelt-9_b
2.258670887,0.16664208,Kelt-9_b
2.259800223,0.163881,Kelt-9_b
2.260930123,0.1606753,Kelt-9_b
2.262060588,0.15726146,Kelt-9_b
2.263191618,0.15394921,Kelt-9_b
2.264323214,0.15105409,Kelt-9_b
2.265455376,0.14883254,Kelt-9_b
2.266588103,0.14743273,Kelt-9_b
2.267721397,0.14686961,Kelt-9_b
2.268855258,0.14702508,Kelt-9_b
2.269989686,0.14767237,Kelt-9_b
2.271124681,0.14852187,Kelt-9_b
2.272260243,0.14928002,Kelt-9_b
2.273396373,0.1497106,Kelt-9_b
2.274533071,0.14968177,Kelt-9_b
2.275670338,0.14918285,Kelt-9_b
2.276808173,0.14830234,Kelt-9_b
2.277946577,0.14717045,Kelt-9_b
2.27908555,0.14588267,Kelt-9_b
2.280225093,0.14442793,Kelt-9_b
2.281365206,0.14264611,Kelt-9_b
2.282505888,0.14023066,Kelt-9_b
2.283647141,0.13677924,Kelt-9_b
2.284788965,0.13188266,Kelt-9_b
2.285931359,0.12523142,Kelt-9_b
2.287074325,0.11671354,Kelt-9_b
2.288217862,0.10647813,Kelt-9_b
2.289361971,0.094946393,Kelt-9_b
2.290506652,0.082763362,Kelt-9_b
2.291651905,0.070700509,Kelt-9_b
2.292797731,0.059531439,Kelt-9_b
2.29394413,0.049911269,Kelt-9_b
2.295091102,0.042287378,Kelt-9_b
2.296238648,0.036858626,Kelt-9_b
2.297386767,0.033586122,Kelt-9_b
2.298535461,0.03224325,Kelt-9_b
2.299684728,0.032486331,Kelt-9_b
2.300834571,0.033926057,Kelt-9_b
2.301984988,0.036183763,Kelt-9_b
2.30313598,0.038927477,Kelt-9_b
2.304287548,0.04188696,Kelt-9_b
2.305439692,0.044854437,Kelt-9_b
2.306592412,0.047677051,Kelt-9_b
2.307745708,0.050246803,Kelt-9_b
2.308899581,0.052491099,Kelt-9_b
2.310054031,0.054361614,Kelt-9_b
2.311209058,0.055821399,Kelt-9_b
2.312364662,0.056829436,Kelt-9_b
2.313520845,0.057327085,Kelt-9_b
2.314677605,0.057232385,Kelt-9_b
2.315834944,0.056450528,Kelt-9_b
2.316992861,0.054901714,Kelt-9_b
2.318151358,0.052561206,Kelt-9_b
2.319310434,0.049498151,Kelt-9_b
2.320470089,0.045896404,Kelt-9_b
2.321630324,0.042045713,Kelt-9_b
2.322791139,0.038301415,Kelt-9_b
2.323952535,0.035022939,Kelt-9_b
2.325114511,0.032509538,Kelt-9_b
2.326277068,0.030951645,Kelt-9_b
2.327440207,0.030410184,Kelt-9_b
2.328603927,0.030825217,Kelt-9_b
2.329768229,0.032046711,Kelt-9_b
2.330933113,0.033874908,Kelt-9_b
2.332098579,0.036098967,Kelt-9_b
2.333264629,0.038525617,Kelt-9_b
2.334431261,0.040996046,Kelt-9_b
2.335598477,0.043391388,Kelt-9_b
2.336766276,0.045630986,Kelt-9_b
2.337934659,0.047665798,Kelt-9_b
2.339103626,0.049470491,Kelt-9_b
2.340273178,0.051035657,Kelt-9_b
2.341443315,0.052362086,Kelt-9_b
2.342614036,0.053458214,Kelt-9_b
2.343785343,0.054340433,Kelt-9_b
2.344957236,0.05503449,Kelt-9_b
2.346129715,0.05557488,Kelt-9_b
2.347302779,0.055998807,Kelt-9_b
2.348476431,0.056334374,Kelt-9_b
2.349650669,0.056585608,Kelt-9_b
2.350825494,0.056721062,Kelt-9_b
2.352000907,0.056672645,Kelt-9_b
2.353176908,0.056348311,Kelt-9_b
2.354353496,0.055656402,Kelt-9_b
2.355530673,0.05453371,Kelt-9_b
2.356708438,0.0529677,Kelt-9_b
2.357886792,0.051005219,Kelt-9_b
2.359065736,0.048746,Kelt-9_b
2.360245269,0.046324416,Kelt-9_b
2.361425391,0.043886781,Kelt-9_b
2.362606104,0.041571222,Kelt-9_b
2.363787407,0.039493813,Kelt-9_b
2.364969301,0.037741771,Kelt-9_b
2.366151785,0.036371303,Kelt-9_b
2.367334861,0.035407133,Kelt-9_b
2.368518529,0.034842001,Kelt-9_b
2.369702788,0.03463596,Kelt-9_b
2.370887639,0.034717513,Kelt-9_b
2.372073083,0.034988448,Kelt-9_b
2.37325912,0.03533344,Kelt-9_b
2.374445749,0.035634252,Kelt-9_b
2.375632972,0.035786192,Kelt-9_b
2.376820789,0.035714047,Kelt-9_b
2.378009199,0.035384134,Kelt-9_b
2.379198204,0.034810565,Kelt-9_b
2.380387803,0.03405405,Kelt-9_b
2.381577997,0.033213077,Kelt-9_b
2.382768786,0.032408349,Kelt-9_b
2.38396017,0.031762971,Kelt-9_b
2.38515215,0.031381573,Kelt-9_b
2.386344726,0.031333426,Kelt-9_b
2.387537899,0.031641906,Kelt-9_b
2.388731668,0.03228262,Kelt-9_b
2.389926033,0.033188428,Kelt-9_b
2.391120996,0.034259438,Kelt-9_b
2.392316557,0.035375489,Kelt-9_b
2.393512715,0.036410152,Kelt-9_b
2.394709471,0.03724549,Kelt-9_b
2.395906826,0.037787117,Kelt-9_b
2.39710478,0.03797708,Kelt-9_b
2.398303332,0.037801799,Kelt-9_b
2.399502484,0.037291605,Kelt-9_b
2.400702235,0.036511825,Kelt-9_b
2.401902586,0.035547553,Kelt-9_b
2.403103537,0.034487026,Kelt-9_b
2.404305089,0.033408172,Kelt-9_b
2.405507242,0.032370967,Kelt-9_b
2.406709995,0.031415425,Kelt-9_b
2.40791335,0.0305625,Kelt-9_b
2.409117307,0.029816115,Kelt-9_b
2.410321866,0.029164202,Kelt-9_b
2.411527027,0.028580154,Kelt-9_b
2.41273279,0.028025942,Kelt-9_b
2.413939156,0.027458378,Kelt-9_b
2.415146126,0.026838272,Kelt-9_b
2.416353699,0.026140044,Kelt-9_b
2.417561876,0.025358422,Kelt-9_b
2.418770657,0.02450894,Kelt-9_b
2.419980042,0.023621105,Kelt-9_b
2.421190032,0.022726346,Kelt-9_b
2.422400627,0.021845007,Kelt-9_b
2.423611828,0.020977447,Kelt-9_b
2.424823633,0.020103037,Kelt-9_b
2.426036045,0.019187887,Kelt-9_b
2.427249063,0.018198506,Kelt-9_b
2.428462688,0.017116012,Kelt-9_b
2.429676919,0.015945441,Kelt-9_b
2.430891758,0.014716633,Kelt-9_b
2.432107204,0.013476063,Kelt-9_b
2.433323257,0.012273665,Kelt-9_b
2.434539919,0.011149647,Kelt-9_b
2.435757189,0.010126491,Kelt-9_b
2.436975067,0.0092088272,Kelt-9_b
2.438193555,0.0083897777,Kelt-9_b
2.439412652,0.0076600889,Kelt-9_b
2.440632358,0.0070154743,Kelt-9_b
2.441852674,0.0064591125,Kelt-9_b
2.4430736,0.0059991337,Kelt-9_b
2.444295137,0.0056432665,Kelt-9_b
2.445517285,0.0053937144,Kelt-9_b
2.446740043,0.0052441328,Kelt-9_b
2.447963413,0.0051795171,Kelt-9_b
2.449187395,0.0051781979,Kelt-9_b
2.450411989,0.0052145736,Kelt-9_b
2.451637195,0.0052618231,Kelt-9_b
2.452863013,0.0052942168,Kelt-9_b
2.454089445,0.0052893465,Kelt-9_b
2.45531649,0.0052297303,Kelt-9_b
2.456544148,0.0051038928,Kelt-9_b
2.45777242,0.0049065151,Kelt-9_b
2.459001306,0.0046376199,Kelt-9_b
2.460230807,0.0043017447,Kelt-9_b
2.461460922,0.0039074782,Kelt-9_b
2.462691653,0.0034676196,Kelt-9_b
2.463922999,0.0029995369,Kelt-9_b
2.46515496,0.0025247509,Kelt-9_b
2.466387538,0.002067275,Kelt-9_b
2.467620731,0.0016507044,Kelt-9_b
2.468854542,0.0012948964,Kelt-9_b
2.470088969,0.0010133707,Kelt-9_b
2.471324013,0.00081218344,Kelt-9_b
2.472559675,0.00069037816,Kelt-9_b
2.473795955,0.00064148503,Kelt-9_b
2.475032853,0.00065515481,Kelt-9_b
2.47627037,0.00071828888,Kelt-9_b
2.477508505,0.00081553401,Kelt-9_b
2.478747259,0.00092958608,Kelt-9_b
2.479986633,0.0010419135,Kelt-9_b
2.481226626,0.0011344286,Kelt-9_b
2.482467239,0.0011920034,Kelt-9_b
2.483708473,0.0012051231,Kelt-9_b
2.484950327,0.0011717141,Kelt-9_b
2.486192802,0.0010972395,Kelt-9_b
2.487435899,0.0009929042,Kelt-9_b
2.488679617,0.00087252443,Kelt-9_b
2.489923957,0.00074921046,Kelt-9_b
2.491168919,0.00063284956,Kelt-9_b
2.492414503,0.00052913036,Kelt-9_b
2.49366071,0.0004399316,Kelt-9_b
2.494907541,0.00036458431,Kelt-9_b
2.496154994,0.00030127067,Kelt-9_b
2.497403072,0.00024805658,Kelt-9_b
2.498651773,0.00020336641,Kelt-9_b
2.499901099,0.0001660209,Kelt-9_b
2.50115105,0.00013507315,Kelt-9_b
2.502401625,0.00010965083,Kelt-9_b
2.503652826,8.8885034e-05,Kelt-9_b
2.504904653,7.1939094e-05,Kelt-9_b
2.506157105,5.806648e-05,Kelt-9_b
2.507410183,4.6656771e-05,Kelt-9_b
2.508663889,3.7247858e-05,Kelt-9_b
2.509918221,2.9503039e-05,Kelt-9_b
2.51117318,2.3188549e-05,Kelt-9_b
2.512428766,1.8105003e-05,Kelt-9_b
2.513684981,1.4092287e-05,Kelt-9_b
2.514941823,1.1007638e-05,Kelt-9_b
2.516199294,8.727054e-06,Kelt-9_b
2.517457394,7.1501338e-06,Kelt-9_b
2.518716122,6.2000453e-06,Kelt-9_b
2.51997548,5.8192196e-06,Kelt-9_b
2.521235468,5.9469081e-06,Kelt-9_b
2.522496086,6.5053661e-06,Kelt-9_b
2.523757334,7.3842333e-06,Kelt-9_b
2.525019213,8.4381118e-06,Kelt-9_b
2.526281722,9.4995929e-06,Kelt-9_b
2.527544863,1.0405977e-05,Kelt-9_b
2.528808636,1.1027322e-05,Kelt-9_b
2.53007304,1.1291337e-05,Kelt-9_b
2.531338076,1.1190395e-05,Kelt-9_b
2.532603745,1.0771402e-05,Kelt-9_b
2.533870047,1.0112449e-05,Kelt-9_b
2.535136982,9.2960962e-06,Kelt-9_b
2.536404551,8.3901207e-06,Kelt-9_b
2.537672753,7.4408189e-06,Kelt-9_b
2.538941589,6.4784297e-06,Kelt-9_b
2.54021106,5.5289268e-06,Kelt-9_b
2.541481166,4.6245486e-06,Kelt-9_b
2.542751906,3.8083443e-06,Kelt-9_b
2.544023282,3.1302902e-06,Kelt-9_b
2.545295294,2.6386592e-06,Kelt-9_b
2.546567942,2.3690809e-06,Kelt-9_b
2.547841226,2.3353499e-06,Kelt-9_b
2.549115146,2.5244633e-06,Kelt-9_b
2.550389704,2.8973228e-06,Kelt-9_b
2.551664899,3.3961132e-06,Kelt-9_b
2.552940731,3.9578639e-06,Kelt-9_b
2.554217201,4.5324735e-06,Kelt-9_b
2.55549431,5.1022193e-06,Kelt-9_b
2.556772057,5.6944839e-06,Kelt-9_b
2.558050443,6.382425e-06,Kelt-9_b
2.559329468,7.2703385e-06,Kelt-9_b
2.560609133,8.4657421e-06,Kelt-9_b
2.561889438,1.0046727e-05,Kelt-9_b
2.563170382,1.2037954e-05,Kelt-9_b
2.564451968,1.4406096e-05,Kelt-9_b
2.565734194,1.7078689e-05,Kelt-9_b
2.567017061,1.997787e-05,Kelt-9_b
2.568300569,2.3051095e-05,Kelt-9_b
2.56958472,2.6278909e-05,Kelt-9_b
2.570869512,2.9649022e-05,Kelt-9_b
2.572154947,3.3104276e-05,Kelt-9_b
2.573441024,3.64887e-05,Kelt-9_b
2.574727745,3.9525668e-05,Kelt-9_b
2.576015108,4.1848744e-05,Kelt-9_b
2.577303116,4.3085491e-05,Kelt-9_b
2.578591768,4.2966544e-05,Kelt-9_b
2.579881063,4.1417765e-05,Kelt-9_b
2.581171004,3.8599007e-05,Kelt-9_b
2.58246159,3.4874544e-05,Kelt-9_b
2.58375282,3.072879e-05,Kelt-9_b
2.585044697,2.6658856e-05,Kelt-9_b
2.586337219,2.3086166e-05,Kelt-9_b
2.587630388,2.0302942e-05,Kelt-9_b
2.588924203,1.8463851e-05,Kelt-9_b
2.590218665,1.7609902e-05,Kelt-9_b
2.591513774,1.7709264e-05,Kelt-9_b
2.592809531,1.8703128e-05,Kelt-9_b
2.594105936,2.0551728e-05,Kelt-9_b
2.595402989,2.3277045e-05,Kelt-9_b
2.59670069,2.69941e-05,Kelt-9_b
2.597999041,3.1912336e-05,Kelt-9_b
2.59929804,3.828794e-05,Kelt-9_b
2.600597689,4.6315593e-05,Kelt-9_b
2.601897988,5.5975307e-05,Kelt-9_b
2.603198937,6.6881261e-05,Kelt-9_b
2.604500537,7.8200171e-05,Kelt-9_b
2.605802787,8.8700471e-05,Kelt-9_b
2.607105688,9.6954293e-05,Kelt-9_b
2.608409241,0.00010165101,Kelt-9_b
2.609713446,0.0001019429,Kelt-9_b
2.611018302,9.7663617e-05,Kelt-9_b
2.612323812,8.9420254e-05,Kelt-9_b
2.613629974,7.8450641e-05,Kelt-9_b
2.614936789,6.6369054e-05,Kelt-9_b
2.616244257,5.4894098e-05,Kelt-9_b
2.617552379,4.5681398e-05,Kelt-9_b
2.618861155,4.0332191e-05,Kelt-9_b
2.620170586,4.0570502e-05,Kelt-9_b
2.621480671,4.8496672e-05,Kelt-9_b
2.622791411,6.6760157e-05,Kelt-9_b
2.624102807,9.8466289e-05,Kelt-9_b
2.625414859,0.00014667827,Kelt-9_b
2.626727566,0.00021347562,Kelt-9_b
2.62804093,0.00029872423,Kelt-9_b
2.62935495,0.0003989162,Kelt-9_b
2.630669628,0.00050657147,Kelt-9_b
2.631984962,0.00061065648,Kelt-9_b
2.633300955,0.00069823234,Kelt-9_b
2.634617605,0.00075706022,Kelt-9_b
2.635934914,0.00077849055,Kelt-9_b
2.637252882,0.00075972324,Kelt-9_b
2.638571508,0.00070464967,Kelt-9_b
2.639890794,0.00062298183,Kelt-9_b
2.641210739,0.00052798541,Kelt-9_b
2.642531345,0.00043358971,Kelt-9_b
2.64385261,0.00035177896,Kelt-9_b
2.645174537,0.0002909145,Kelt-9_b
2.646497124,0.00025518276,Kelt-9_b
2.647820372,0.00024493415,Kelt-9_b
2.649144283,0.00025746656,Kelt-9_b
2.650468855,0.00028785352,Kelt-9_b
2.651794089,0.00032963496,Kelt-9_b
2.653119986,0.00037541948,Kelt-9_b
2.654446546,0.00041755824,Kelt-9_b
2.65577377,0.00044899625,Kelt-9_b
2.657101656,0.00046424313,Kelt-9_b
2.658430207,0.00046024212,Kelt-9_b
2.659759422,0.00043685706,Kelt-9_b
2.661089302,0.00039678013,Kelt-9_b
2.662419847,0.00034485001,Kelt-9_b
2.663751057,0.00028696288,Kelt-9_b
2.665082932,0.00022890721,Kelt-9_b
2.666415474,0.00017536924,Kelt-9_b
2.667748681,0.00012940468,Kelt-9_b
2.669082556,9.2342527e-05,Kelt-9_b
2.670417097,6.4070314e-05,Kelt-9_b
2.671752306,4.3521146e-05,Kelt-9_b
2.673088182,2.9186722e-05,Kelt-9_b
2.674424726,1.9527796e-05,Kelt-9_b
2.675761938,1.3224013e-05,Kelt-9_b
2.677099819,9.26826e-06,Kelt-9_b
2.678438369,6.9510639e-06,Kelt-9_b
2.679777588,5.784931e-06,Kelt-9_b
2.681117477,5.4218147e-06,Kelt-9_b
2.682458036,5.5856018e-06,Kelt-9_b
2.683799265,6.0343826e-06,Kelt-9_b
2.685141164,6.5517236e-06,Kelt-9_b
2.686483735,6.9587568e-06,Kelt-9_b
2.687826977,7.1248942e-06,Kelt-9_b
2.68917089,6.9890418e-06,Kelt-9_b
2.690515476,6.5595231e-06,Kelt-9_b
2.691860734,5.8975089e-06,Kelt-9_b
2.693206664,5.0967302e-06,Kelt-9_b
2.694553267,4.2550469e-06,Kelt-9_b
2.695900544,3.4524797e-06,Kelt-9_b
2.697248494,2.7396686e-06,Kelt-9_b
2.698597118,2.1374611e-06,Kelt-9_b
2.699946417,1.6445576e-06,Kelt-9_b
2.70129639,1.2475297e-06,Kelt-9_b
2.702647038,9.299828e-07,Kelt-9_b
2.703998362,6.7758227e-07,Kelt-9_b
2.705350361,4.7954632e-07,Kelt-9_b
2.706703036,3.2784519e-07,Kelt-9_b
2.708056388,2.1577073e-07,Kelt-9_b
2.709410416,1.3696476e-07,Kelt-9_b
2.710765121,8.5255204e-08,Kelt-9_b
2.712120504,5.5099055e-08,Kelt-9_b
2.713476564,4.2231342e-08,Kelt-9_b
2.714833302,4.4123386e-08,Kelt-9_b
2.716190719,6.004035e-08,Kelt-9_b
2.717548814,9.0844843e-08,Kelt-9_b
2.718907589,1.3788868e-07,Kelt-9_b
2.720267042,2.0223798e-07,Kelt-9_b
2.721627176,2.8356728e-07,Kelt-9_b
2.72298799,3.7960278e-07,Kelt-9_b
2.724349484,4.8648901e-07,Kelt-9_b
2.725711658,6.0033655e-07,Kelt-9_b
2.727074514,7.1983563e-07,Kelt-9_b
2.728438051,8.4917124e-07,Kelt-9_b
2.72980227,1.0001003e-06,Kelt-9_b
2.731167172,1.1917465e-06,Kelt-9_b
2.732532755,1.4472282e-06,Kelt-9_b
2.733899021,1.7870352e-06,Kelt-9_b
2.735265971,2.2205339e-06,Kelt-9_b
2.736633604,2.7380227e-06,Kelt-9_b
2.738001921,3.3063412e-06,Kelt-9_b
2.739370922,3.8704825e-06,Kelt-9_b
2.740740607,4.3620478e-06,Kelt-9_b
2.742110978,4.7131126e-06,Kelt-9_b
2.743482033,4.871929e-06,Kelt-9_b
2.744853774,4.8159289e-06,Kelt-9_b
2.746226201,4.5573154e-06,Kelt-9_b
2.747599314,4.1404392e-06,Kelt-9_b
2.748973114,3.6306179e-06,Kelt-9_b
2.7503476,3.098943e-06,Kelt-9_b
2.751722774,2.6077679e-06,Kelt-9_b
2.753098635,2.2014285e-06,Kelt-9_b
2.754475185,1.904636e-06,Kelt-9_b
2.755852422,1.72818e-06,Kelt-9_b
2.757230349,1.6790058e-06,Kelt-9_b
2.758608964,1.7701682e-06,Kelt-9_b
2.759988268,2.0259903e-06,Kelt-9_b
2.761368262,2.4790887e-06,Kelt-9_b
2.762748946,3.1585256e-06,Kelt-9_b
2.764130321,4.0716555e-06,Kelt-9_b
2.765512386,5.1854905e-06,Kelt-9_b
2.766895142,6.4152883e-06,Kelt-9_b
2.76827859,7.6272077e-06,Kelt-9_b
2.769662729,8.6580069e-06,Kelt-9_b
2.771047561,9.3484996e-06,Kelt-9_b
2.772433084,9.5815771e-06,Kelt-9_b
2.773819301,9.3123987e-06,Kelt-9_b
2.77520621,8.5804266e-06,Kelt-9_b
2.776593814,7.4991171e-06,Kelt-9_b
2.777982111,6.2274144e-06,Kelt-9_b
2.779371102,4.9330881e-06,Kelt-9_b
2.780760787,3.7596452e-06,Kelt-9_b
2.782151168,2.8067317e-06,Kelt-9_b
2.783542243,2.1212329e-06,Kelt-9_b
2.784934014,1.7083067e-06,Kelt-9_b
2.786326481,1.544194e-06,Kelt-9_b
2.787719644,1.594735e-06,Kelt-9_b
2.789113504,1.8343327e-06,Kelt-9_b
2.790508061,2.2663179e-06,Kelt-9_b
2.791903315,2.9460099e-06,Kelt-9_b
2.793299267,4.0061081e-06,Kelt-9_b
2.794695916,5.6790773e-06,Kelt-9_b
2.796093264,8.3051272e-06,Kelt-9_b
2.797491311,1.2308844e-05,Kelt-9_b
2.798890057,1.8128613e-05,Kelt-9_b
2.800289502,2.6093366e-05,Kelt-9_b
2.801689646,3.6262723e-05,Kelt-9_b
2.803090491,4.8273752e-05,Kelt-9_b
2.804492036,6.1255719e-05,Kelt-9_b
2.805894282,7.3874097e-05,Kelt-9_b
2.80729723,8.4529899e-05,Kelt-9_b
2.808700878,9.1685631e-05,Kelt-9_b
2.810105229,9.423048e-05,Kelt-9_b
2.811510281,9.1767259e-05,Kelt-9_b
2.812916036,8.4720565e-05,Kelt-9_b
2.814322494,7.4226796e-05,Kelt-9_b
2.815729656,6.1845685e-05,Kelt-9_b
2.817137521,4.9193548e-05,Kelt-9_b
2.818546089,3.761498e-05,Kelt-9_b
2.819955362,2.797953e-05,Kelt-9_b
2.82136534,2.0633022e-05,Kelt-9_b
2.822776023,1.547826e-05,Kelt-9_b
2.824187411,1.2128112e-05,Kelt-9_b
2.825599504,1.0071072e-05,Kelt-9_b
2.827012304,8.8065761e-06,Kelt-9_b
2.82842581,7.9309321e-06,Kelt-9_b
2.829840023,7.1736498e-06,Kelt-9_b
2.831254943,6.3952109e-06,Kelt-9_b
2.832670571,5.5600968e-06,Kelt-9_b
2.834086906,4.6987274e-06,Kelt-9_b
2.835503949,3.8698833e-06,Kelt-9_b
2.836921701,3.131521e-06,Kelt-9_b
2.838340162,2.5244226e-06,Kelt-9_b
2.839759332,2.0683357e-06,Kelt-9_b
2.841179212,1.7700711e-06,Kelt-9_b
2.842599802,1.62964e-06,Kelt-9_b
2.844021101,1.6518552e-06,Kelt-9_b
2.845443112,1.8476139e-06,Kelt-9_b
2.846865834,2.2292841e-06,Kelt-9_b
2.848289267,2.8004295e-06,Kelt-9_b
2.849713411,3.5433996e-06,Kelt-9_b
2.851138268,4.4099954e-06,Kelt-9_b
2.852563837,5.3198903e-06,Kelt-9_b
2.853990119,6.1693435e-06,Kelt-9_b
2.855417114,6.8497791e-06,Kelt-9_b
2.856844823,7.2716222e-06,Kelt-9_b
2.858273245,7.3865705e-06,Kelt-9_b
2.859702382,7.2009792e-06,Kelt-9_b
2.861132233,6.7754466e-06,Kelt-9_b
2.862562799,6.2101132e-06,Kelt-9_b
2.86399408,5.6195738e-06,Kelt-9_b
2.865426077,5.1046245e-06,Kelt-9_b
2.86685879,4.7289601e-06,Kelt-9_b
2.86829222,4.5070793e-06,Kelt-9_b
2.869726366,4.4063219e-06,Kelt-9_b
2.871161229,4.3614396e-06,Kelt-9_b
2.87259681,4.2967378e-06,Kelt-9_b
2.874033108,4.148732e-06,Kelt-9_b
2.875470125,3.8828104e-06,Kelt-9_b
2.87690786,3.4997206e-06,Kelt-9_b
2.878346314,3.0314782e-06,Kelt-9_b
2.879785487,2.5296259e-06,Kelt-9_b
2.881225379,2.0506446e-06,Kelt-9_b
2.882665992,1.6431346e-06,Kelt-9_b
2.884107325,1.3396536e-06,Kelt-9_b
2.885549379,1.1537972e-06,Kelt-9_b
2.886992154,1.0814165e-06,Kelt-9_b
2.88843565,1.104256e-06,Kelt-9_b
2.889879867,1.1943811e-06,Kelt-9_b
2.891324807,1.3189204e-06,Kelt-9_b
2.89277047,1.4446998e-06,Kelt-9_b
2.894216855,1.5424889e-06,Kelt-9_b
2.895663963,1.5907253e-06,Kelt-9_b
2.897111795,1.5779064e-06,Kelt-9_b
2.898560351,1.503227e-06,Kelt-9_b
2.900009631,1.3753034e-06,Kelt-9_b
2.901459636,1.2093768e-06,Kelt-9_b
2.902910366,1.0236871e-06,Kelt-9_b
2.904361821,8.3617359e-07,Kelt-9_b
2.905814002,6.6162777e-07,Kelt-9_b
2.907266909,5.1052533e-07,Kelt-9_b
2.908720543,3.8890278e-07,Kelt-9_b
2.910174903,2.9948247e-07,Kelt-9_b
2.91162999,2.4373637e-07,Kelt-9_b
2.913085805,2.2465099e-07,Kelt-9_b
2.914542348,2.499465e-07,Kelt-9_b
2.915999619,3.3534695e-07,Kelt-9_b
2.917457619,5.07157e-07,Kelt-9_b
2.918916348,8.0298798e-07,Kelt-9_b
2.920375806,1.269103e-06,Kelt-9_b
2.921835994,1.9530402e-06,Kelt-9_b
2.923296912,2.8911706e-06,Kelt-9_b
2.924758561,4.0926333e-06,Kelt-9_b
2.92622094,5.5235468e-06,Kelt-9_b
2.92768405,7.0972619e-06,Kelt-9_b
2.929147892,8.6769077e-06,Kelt-9_b
2.930612466,1.0093095e-05,Kelt-9_b
2.932077773,1.1175608e-05,Kelt-9_b
2.933543811,1.1792155e-05,Kelt-9_b
2.935010583,1.1883082e-05,Kelt-9_b
2.936478089,1.1481454e-05,Kelt-9_b
2.937946328,1.0711734e-05,Kelt-9_b
2.939415301,9.7671088e-06,Kelt-9_b
2.940885009,8.8720766e-06,Kelt-9_b
2.942355451,8.2396823e-06,Kelt-9_b
2.943826629,8.0339295e-06,Kelt-9_b
2.945298542,8.3428154e-06,Kelt-9_b
2.946771191,9.1650488e-06,Kelt-9_b
2.948244577,1.0410843e-05,Kelt-9_b
2.949718699,1.1915835e-05,Kelt-9_b
2.951193559,1.3467135e-05,Kelt-9_b
2.952669155,1.4840602e-05,Kelt-9_b
2.95414549,1.584363e-05,Kelt-9_b
2.955622563,1.6355892e-05,Kelt-9_b
2.957100374,1.6357432e-05,Kelt-9_b
2.958578924,1.5934856e-05,Kelt-9_b
2.960058214,1.5261823e-05,Kelt-9_b
2.961538243,1.4557587e-05,Kelt-9_b
2.963019012,1.4035418e-05,Kelt-9_b
2.964500521,1.3854363e-05,Kelt-9_b
2.965982772,1.4089837e-05,Kelt-9_b
2.967465763,1.4727225e-05,Kelt-9_b
2.968949496,1.5678842e-05,Kelt-9_b
2.970433971,1.6816392e-05,Kelt-9_b
2.971919188,1.8006829e-05,Kelt-9_b
2.973405147,1.9148928e-05,Kelt-9_b
2.97489185,2.0201725e-05,Kelt-9_b
2.976379296,2.1207188e-05,Kelt-9_b
2.977867485,2.2304447e-05,Kelt-9_b
2.979356419,2.3729941e-05,Kelt-9_b
2.980846097,2.5799873e-05,Kelt-9_b
2.98233652,2.8848504e-05,Kelt-9_b
2.983827689,3.316639e-05,Kelt-9_b
2.985319602,3.8912644e-05,Kelt-9_b
2.986812262,4.6058178e-05,Kelt-9_b
2.988305668,5.4381884e-05,Kelt-9_b
2.989799821,6.3544162e-05,Kelt-9_b
2.991294721,7.3233435e-05,Kelt-9_b
2.992790368,8.3361492e-05,Kelt-9_b
2.994286764,9.4258366e-05,Kelt-9_b
2.995783907,0.00010680359,Kelt-9_b
2.997281799,0.00012242342,Kelt-9_b
2.99878044,0.00014289343,Kelt-9_b
3.00027983,0.00016991775,Kelt-9_b
3.00177997,0.00020452291,Kelt-9_b
3.00328086,0.00024639674,Kelt-9_b
3.0047825,0.00029339291,Kelt-9_b
3.006284892,0.00034142218,Kelt-9_b
3.007788034,0.00038493785,Kelt-9_b
3.009291928,0.00041795087,Kelt-9_b
3.010796574,0.00043536617,Kelt-9_b
3.012301972,0.00043425129,Kelt-9_b
3.013808123,0.00041463488,Kelt-9_b
3.015315027,0.00037960439,Kelt-9_b
3.016822685,0.00033472665,Kelt-9_b
3.018331096,0.00028703318,Kelt-9_b
3.019840262,0.00024390751,Kelt-9_b
3.021350182,0.00021214575,Kelt-9_b
3.022860857,0.00019731,Kelt-9_b
3.024372288,0.00020323622,Kelt-9_b
3.025884474,0.00023173395,Kelt-9_b
3.027397416,0.00028221282,Kelt-9_b
3.028911115,0.00035144089,Kelt-9_b
3.03042557,0.00043359209,Kelt-9_b
3.031940783,0.00052084044,Kelt-9_b
3.033456753,0.00060465802,Kelt-9_b
3.034973482,0.00067774138,Kelt-9_b
3.036490968,0.00073602614,Kelt-9_b
3.038009214,0.0007805104,Kelt-9_b
3.039528219,0.000817839,Kelt-9_b
3.041047983,0.000859439,Kelt-9_b
3.042568507,0.0009190367,Kelt-9_b
3.044089791,0.0010092718,Kelt-9_b
3.045611836,0.0011382253,Kelt-9_b
3.047134642,0.0013074648,Kelt-9_b
3.048658209,0.0015124672,Kelt-9_b
3.050182538,0.0017455189,Kelt-9_b
3.051707629,0.0020002614,Kelt-9_b
3.053233483,0.0022758894,Kelt-9_b
3.0547601,0.0025790226,Kelt-9_b
3.05628748,0.0029221062,Kelt-9_b
3.057815624,0.0033187754,Kelt-9_b
3.059344532,0.0037781395,Kelt-9_b
3.060874204,0.0043004534,Kelt-9_b
3.062404641,0.0048757865,Kelt-9_b
3.063935843,0.0054855131,Kelt-9_b
3.065467811,0.0061049123,Kelt-9_b
3.067000545,0.0067044337,Kelt-9_b
3.068534045,0.0072494746,Kelt-9_b
3.070068312,0.0076990319,Kelt-9_b
3.071603347,0.0080074395,Kelt-9_b
3.073139148,0.0081306551,Kelt-9_b
3.074675718,0.0080382145,Kelt-9_b
3.076213056,0.0077281397,Kelt-9_b
3.077751162,0.0072401344,Kelt-9_b
3.079290038,0.0066624868,Kelt-9_b
3.080829683,0.0061297698,Kelt-9_b
3.082370098,0.0058109166,Kelt-9_b
3.083911283,0.0058886611,Kelt-9_b
3.085453238,0.0065319649,Kelt-9_b
3.086995965,0.0078633942,Kelt-9_b
3.088539463,0.0099242866,Kelt-9_b
3.090083733,0.012644624,Kelt-9_b
3.091628774,0.01582706,Kelt-9_b
3.093174589,0.01915594,Kelt-9_b
3.094721176,0.022238056,Kelt-9_b
3.096268537,0.024672956,Kelt-9_b
3.097816671,0.026137773,Kelt-9_b
3.099365579,0.026463647,Kelt-9_b
3.100915262,0.025680101,Kelt-9_b
3.10246572,0.024012732,Kelt-9_b
3.104016953,0.021834534,Kelt-9_b
3.105568961,0.019587679,Kelt-9_b
3.107121746,0.017699331,Kelt-9_b
3.108675306,0.016514764,Kelt-9_b
3.110229644,0.016259533,Kelt-9_b
3.111784759,0.017029749,Kelt-9_b
3.113340651,0.01880002,Kelt-9_b
3.114897322,0.021435774,Kelt-9_b
3.11645477,0.024704158,Kelt-9_b
3.118012998,0.028285621,Kelt-9_b
3.119572004,0.031797151,Kelt-9_b
3.12113179,0.034835182,Kelt-9_b
3.122692356,0.037038664,Kelt-9_b
3.124253702,0.03815927,Kelt-9_b
3.125815829,0.038117038,Kelt-9_b
3.127378737,0.037020596,Kelt-9_b
3.128942426,0.035142244,Kelt-9_b
3.130506898,0.03285454,Kelt-9_b
3.132072151,0.030548696,Kelt-9_b
3.133638187,0.028559976,Kelt-9_b
3.135205006,0.027117799,Kelt-9_b
3.136772609,0.026329857,Kelt-9_b
3.138340995,0.026195964,Kelt-9_b
3.139910166,0.026641472,Kelt-9_b
3.141480121,0.027557497,Kelt-9_b
3.143050861,0.028838798,Kelt-9_b
3.144622386,0.030411187,Kelt-9_b
3.146194697,0.032244992,Kelt-9_b
3.147767795,0.034351453,Kelt-9_b
3.149341679,0.036763561,Kelt-9_b
3.150916349,0.039504362,Kelt-9_b
3.152491808,0.042551587,Kelt-9_b
3.154068053,0.045810389,Kelt-9_b
3.155645088,0.049106478,Kelt-9_b
3.15722291,0.052209319,Kelt-9_b
3.158801521,0.05488129,Kelt-9_b
3.160380922,0.056942645,Kelt-9_b
3.161961113,0.058331208,Kelt-9_b
3.163542093,0.059136126,Kelt-9_b
3.165123864,0.059591668,Kelt-9_b
3.166706426,0.060030052,Kelt-9_b
3.168289779,0.060803166,Kelt-9_b
3.169873924,0.062192252,Kelt-9_b
3.171458861,0.064328607,Kelt-9_b
3.173044591,0.067145055,Kelt-9_b
3.174631113,0.070371844,Kelt-9_b
3.176218429,0.073580612,Kelt-9_b
3.177806538,0.076265473,Kelt-9_b
3.179395441,0.077942431,Kelt-9_b
3.180985139,0.078240192,Kelt-9_b
3.182575631,0.076964153,Kelt-9_b
3.184166919,0.074121189,Kelt-9_b
3.185759003,0.069910132,Kelt-9_b
3.187351882,0.06468815,Kelt-9_b
3.188945558,0.058924471,Kelt-9_b
3.190540031,0.053152504,Kelt-9_b
3.192135301,0.047920246,Kelt-9_b
3.193731369,0.043741625,Kelt-9_b
3.195328234,0.041047895,Kelt-9_b
3.196925898,0.040141348,Kelt-9_b
3.198524361,0.041159361,Kelt-9_b
3.200123623,0.044055617,Kelt-9_b
3.201723685,0.04860464,Kelt-9_b
3.203324547,0.054431615,Kelt-9_b
3.204926209,0.061064472,Kelt-9_b
3.206528673,0.067995991,Kelt-9_b
3.208131937,0.074744626,Kelt-9_b
3.209736003,0.080902159,Kelt-9_b
3.211340871,0.086163046,Kelt-9_b
3.212946541,0.090336796,Kelt-9_b
3.214553015,0.093346449,Kelt-9_b
3.216160291,0.095218268,Kelt-9_b
3.217768371,0.096063708,Kelt-9_b
3.219377255,0.096054331,Kelt-9_b
3.220986944,0.095391528,Kelt-9_b
3.222597437,0.094275242,Kelt-9_b
3.224208736,0.092883062,Kelt-9_b
3.225820841,0.091360431,Kelt-9_b
3.227433751,0.089826586,Kelt-9_b
3.229047468,0.088387669,Kelt-9_b
3.230661992,0.087149816,Kelt-9_b
3.232277323,0.086225492,Kelt-9_b
3.233893461,0.085731251,Kelt-9_b
3.235510408,0.085781918,Kelt-9_b
3.237128163,0.086482852,Kelt-9_b
3.238746727,0.087922465,Kelt-9_b
3.240366101,0.090161498,Kelt-9_b
3.241986284,0.09321427,Kelt-9_b
3.243607277,0.097024386,Kelt-9_b
3.24522908,0.10143986,Kelt-9_b
3.246851695,0.10620297,Kelt-9_b
3.248475121,0.11096305,Kelt-9_b
3.250099358,0.11531839,Kelt-9_b
3.251724408,0.11887715,Kelt-9_b
3.25335027,0.12132085,Kelt-9_b
3.254976945,0.12245038,Kelt-9_b
3.256604434,0.12220349,Kelt-9_b
3.258232736,0.12064707,Kelt-9_b
3.259861852,0.11795384,Kelt-9_b
3.261491783,0.11437742,Kelt-9_b
3.263122529,0.11023221,Kelt-9_b
3.264754091,0.10587256,Kelt-9_b
3.266386468,0.10166408,Kelt-9_b
3.268019661,0.097943622,Kelt-9_b
3.269653671,0.094972014,Kelt-9_b
3.271288497,0.092892665,Kelt-9_b
3.272924142,0.091711325,Kelt-9_b
3.274560604,0.091300385,Kelt-9_b
3.276197884,0.091427129,Kelt-9_b
3.277835983,0.091794688,Kelt-9_b
3.279474901,0.092087552,Kelt-9_b
3.281114638,0.092015461,Kelt-9_b
3.282755196,0.091353108,Kelt-9_b
3.284396573,0.089972429,Kelt-9_b
3.286038772,0.087861504,Kelt-9_b
3.287681791,0.08512321,Kelt-9_b
3.289325632,0.08194924,Kelt-9_b
3.290970295,0.078573521,Kelt-9_b
3.29261578,0.075219954,Kelt-9_b
3.294262088,0.072058105,Kelt-9_b
3.295909219,0.069184194,Kelt-9_b
3.297557173,0.066631207,Kelt-9_b
3.299205952,0.0644048,Kelt-9_b
3.300855555,0.062529312,Kelt-9_b
3.302505983,0.061087229,Kelt-9_b
3.304157236,0.060239869,Kelt-9_b
3.305809314,0.06022,Kelt-9_b
3.307462219,0.06129649,Kelt-9_b
3.30911595,0.06371725,Kelt-9_b
3.310770508,0.067638815,Kelt-9_b
3.312425893,0.073059826,Kelt-9_b
3.314082106,0.07977434,Kelt-9_b
3.315739147,0.087363767,Kelt-9_b
3.317397017,0.095236075,Kelt-9_b
3.319055716,0.10270654,Kelt-9_b
3.320715243,0.10910174,Kelt-9_b
3.322375601,0.11386042,Kelt-9_b
3.324036789,0.11660529,Kelt-9_b
3.325698807,0.11717592,Kelt-9_b
3.327361657,0.11562615,Kelt-9_b
3.329025337,0.11219855,Kelt-9_b
3.33068985,0.1072885,Kelt-9_b
3.332355195,0.10140234,Kelt-9_b
3.334021373,0.095105866,Kelt-9_b
3.335688383,0.088958502,Kelt-9_b
3.337356227,0.083435652,Kelt-9_b
3.339024906,0.078856138,Kelt-9_b
3.340694418,0.075335858,Kelt-9_b
3.342364765,0.072791914,Kelt-9_b
3.344035948,0.071003051,Kelt-9_b
3.345707966,0.069712787,Kelt-9_b
3.34738082,0.068741766,Kelt-9_b
3.34905451,0.068067962,Kelt-9_b
3.350729037,0.067842207,Kelt-9_b
3.352404402,0.068330111,Kelt-9_b
3.354080604,0.069801039,Kelt-9_b
3.355757644,0.072402145,Kelt-9_b
3.357435523,0.076063918,Kelt-9_b
3.359114241,0.080469957,Kelt-9_b
3.360793798,0.085101223,Kelt-9_b
3.362474195,0.089343407,Kelt-9_b
3.364155432,0.092623951,Kelt-9_b
3.36583751,0.094540681,Kelt-9_b
3.367520428,0.094945436,Kelt-9_b
3.369204189,0.093965133,Kelt-9_b
3.370888791,0.091956307,Kelt-9_b
3.372574235,0.089412221,Kelt-9_b
3.374260522,0.086850558,Kelt-9_b
3.375947653,0.084708138,Kelt-9_b
3.377635626,0.083265889,Kelt-9_b
3.379324444,0.082611432,Kelt-9_b
3.381014106,0.08264069,Kelt-9_b
3.382704613,0.08309525,Kelt-9_b
3.384395966,0.083628416,Kelt-9_b
3.386088164,0.083890623,Kelt-9_b
3.387781208,0.083619794,Kelt-9_b
3.389475098,0.08271392,Kelt-9_b
3.391169836,0.081264841,Kelt-9_b
3.392865421,0.079539202,Kelt-9_b
3.394561854,0.077908225,Kelt-9_b
3.396259135,0.076742587,Kelt-9_b
3.397957264,0.076306679,Kelt-9_b
3.399656243,0.076683838,Kelt-9_b
3.401356071,0.077758251,Kelt-9_b
3.403056749,0.079261528,Kelt-9_b
3.404758277,0.080870316,Kelt-9_b
3.406460656,0.08232436,Kelt-9_b
3.408163887,0.083522181,Kelt-9_b
3.409867969,0.084561351,Kelt-9_b
3.411572903,0.085704371,Kelt-9_b
3.413278689,0.087282074,Kelt-9_b
3.414985328,0.089567411,Kelt-9_b
3.416692821,0.092666181,Kelt-9_b
3.418401168,0.096461513,Kelt-9_b
3.420110368,0.10063126,Kelt-9_b
3.421820423,0.10472847,Kelt-9_b
3.423531334,0.10829469,Kelt-9_b
3.425243099,0.11097025,Kelt-9_b
3.426955721,0.11256878,Kelt-9_b
3.428669199,0.11310083,Kelt-9_b
3.430383533,0.1127485,Kelt-9_b
3.432098725,0.11180561,Kelt-9_b
3.433814774,0.11060899,Kelt-9_b
3.435531682,0.10947891,Kelt-9_b
3.437249448,0.1086796,Kelt-9_b
3.438968072,0.10840276,Kelt-9_b
3.440687556,0.10876365,Kelt-9_b
3.4424079,0.10980543,Kelt-9_b
3.444129104,0.11150619,Kelt-9_b
3.445851169,0.11379263,Kelt-9_b
3.447574094,0.1165575,Kelt-9_b
3.449297881,0.11968283,Kelt-9_b
3.45102253,0.12305703,Kelt-9_b
3.452748041,0.12658229,Kelt-9_b
3.454474415,0.13016689,Kelt-9_b
3.456201653,0.1337091,Kelt-9_b
3.457929753,0.13708191,Kelt-9_b
3.459658718,0.14012786,Kelt-9_b
3.461388548,0.14267038,Kelt-9_b
3.463119242,0.14453902,Kelt-9_b
3.464850802,0.14560287,Kelt-9_b
3.466583227,0.14580323,Kelt-9_b
3.468316519,0.14517478,Kelt-9_b
3.470050677,0.14384446,Kelt-9_b
3.471785702,0.14200578,Kelt-9_b
3.473521595,0.13987206,Kelt-9_b
3.475258356,0.13762701,Kelt-9_b
3.476995985,0.13539485,Kelt-9_b
3.478734483,0.13325218,Kelt-9_b
3.48047385,0.13128283,Kelt-9_b
3.482214087,0.12966087,Kelt-9_b
3.483955194,0.1287208,Kelt-9_b
3.485697172,0.12897262,Kelt-9_b
3.48744002,0.13103357,Kelt-9_b
3.48918374,0.13547614,Kelt-9_b
3.490928332,0.14263247,Kelt-9_b
3.492673796,0.15241968,Kelt-9_b
3.494420133,0.16425971,Kelt-9_b
3.496167343,0.17713913,Kelt-9_b
3.497915427,0.18981135,Kelt-9_b
3.499664385,0.2010857,Kelt-9_b
3.501414217,0.21011555,Kelt-9_b
3.503164924,0.21658778,Kelt-9_b
3.504916507,0.22075297,Kelt-9_b
3.506668965,0.22329291,Kelt-9_b
3.508422299,0.22508136,Kelt-9_b
3.51017651,0.22692267,Kelt-9_b
3.511931599,0.22936055,Kelt-9_b
3.513687565,0.23260175,Kelt-9_b
3.515444408,0.23655961,Kelt-9_b
3.517202131,0.24096743,Kelt-9_b
3.518960732,0.24549946,Kelt-9_b
3.520720212,0.24984002,Kelt-9_b
3.522480572,0.25368312,Kelt-9_b
3.524241812,0.25668421,Kelt-9_b
3.526003933,0.25842173,Kelt-9_b
3.527766935,0.25842557,Kelt-9_b
3.529530819,0.25629872,Kelt-9_b
3.531295584,0.25190794,Kelt-9_b
3.533061232,0.24556424,Kelt-9_b
3.534827763,0.23810534,Kelt-9_b
3.536595176,0.23081346,Kelt-9_b
3.538363474,0.22516424,Kelt-9_b
3.540132656,0.22247077,Kelt-9_b
3.541902722,0.2235334,Kelt-9_b
3.543673673,0.22840692,Kelt-9_b
3.54544551,0.23636508,Kelt-9_b
3.547218233,0.24606885,Kelt-9_b
3.548991842,0.25588818,Kelt-9_b
3.550766338,0.26427897,Kelt-9_b
3.552541721,0.27010985,Kelt-9_b
3.554317992,0.27285916,Kelt-9_b
3.556095151,0.27265012,Kelt-9_b
3.557873199,0.27014215,Kelt-9_b
3.559652135,0.26633256,Kelt-9_b
3.561431961,0.26233743,Kelt-9_b
3.563212677,0.25920192,Kelt-9_b
3.564994284,0.2577702,Kelt-9_b
3.566776781,0.258612,Kelt-9_b
3.568560169,0.2619934,Kelt-9_b
3.570344449,0.26787604,Kelt-9_b
3.572129621,0.27594347,Kelt-9_b
3.573915686,0.28564802,Kelt-9_b
3.575702644,0.2962849,Kelt-9_b
3.577490495,0.30707771,Kelt-9_b
3.579279241,0.31727009,Kelt-9_b
3.58106888,0.32620412,Kelt-9_b
3.582859415,0.33339014,Kelt-9_b
3.584650844,0.33856251,Kelt-9_b
3.58644317,0.3417247,Kelt-9_b
3.588236391,0.34316835,Kelt-9_b
3.59003051,0.34344977,Kelt-9_b
3.591825525,0.34330208,Kelt-9_b
3.593621438,0.34348766,Kelt-9_b
3.595418248,0.34461678,Kelt-9_b
3.597215958,0.34698943,Kelt-9_b
3.599014565,0.35051907,Kelt-9_b
3.600814073,0.35477062,Kelt-9_b
3.60261448,0.35910674,Kelt-9_b
3.604415787,0.36288803,Kelt-9_b
3.606217995,0.36566033,Kelt-9_b
3.608021104,0.36726069,Kelt-9_b
3.609825114,0.36781662,Kelt-9_b
3.611630027,0.36765389,Kelt-9_b
3.613435842,0.36715981,Kelt-9_b
3.61524256,0.36665958,Kelt-9_b
3.617050181,0.3663445,Kelt-9_b
3.618858706,0.36626542,Kelt-9_b
3.620668136,0.36638309,Kelt-9_b
3.62247847,0.36665046,Kelt-9_b
3.624289709,0.36709855,Kelt-9_b
3.626101854,0.36789947,Kelt-9_b
3.627914905,0.36938055,Kelt-9_b
3.629728862,0.3719727,Kelt-9_b
3.631543727,0.37609229,Kelt-9_b
3.633359499,0.38197988,Kelt-9_b
3.635176178,0.38954658,Kelt-9_b
3.636993766,0.39828881,Kelt-9_b
3.638812263,0.40732097,Kelt-9_b
3.640631669,0.41553403,Kelt-9_b
3.642451985,0.42184345,Kelt-9_b
3.644273211,0.42544884,Kelt-9_b
3.646095348,0.42602656,Kelt-9_b
3.647918395,0.42379975,Kelt-9_b
3.649742355,0.41947107,Kelt-9_b
3.651567226,0.41405465,Kelt-9_b
3.653393009,0.40865815,Kelt-9_b
3.655219706,0.40427858,Kelt-9_b
3.657047316,0.40164601,Kelt-9_b
3.65887584,0.40113866,Kelt-9_b
3.660705277,0.40276557,Kelt-9_b
3.66253563,0.4062104,Kelt-9_b
3.664366898,0.41092225,Kelt-9_b
3.666199081,0.41624067,Kelt-9_b
3.668032181,0.42153204,Kelt-9_b
3.669866197,0.42631552,Kelt-9_b
3.67170113,0.43034625,Kelt-9_b
3.673536981,0.43363464,Kelt-9_b
3.675373749,0.43639516,Kelt-9_b
3.677211436,0.43893995,Kelt-9_b
3.679050042,0.44154996,Kelt-9_b
3.680889567,0.44436436,Kelt-9_b
3.682730012,0.44732491,Kelt-9_b
3.684571377,0.45018774,Kelt-9_b
3.686413662,0.45259603,Kelt-9_b
3.688256869,0.45418755,Kelt-9_b
3.690100997,0.45470091,Kelt-9_b
3.691946048,0.45405345,Kelt-9_b
3.693792021,0.45237172,Kelt-9_b
3.695638917,0.44997284,Kelt-9_b
3.697486736,0.44730789,Kelt-9_b
3.69933548,0.44488475,Kelt-9_b
3.701185148,0.44319229,Kelt-9_b
3.70303574,0.44263194,Kelt-9_b
3.704887258,0.44346762,Kelt-9_b
3.706739702,0.44578791,Kelt-9_b
3.708593071,0.4494867,Kelt-9_b
3.710447368,0.45426718,Kelt-9_b
3.712302592,0.45967626,Kelt-9_b
3.714158743,0.46517196,Kelt-9_b
3.716015822,0.47021368,Kelt-9_b
3.71787383,0.47435238,Kelt-9_b
3.719732767,0.47729463,Kelt-9_b
3.721592634,0.47892065,Kelt-9_b
3.72345343,0.47925684,Kelt-9_b
3.725315157,0.47841914,Kelt-9_b
3.727177814,0.47655555,Kelt-9_b
3.729041403,0.47380977,Kelt-9_b
3.730905924,0.47031571,Kelt-9_b
3.732771377,0.4662137,Kelt-9_b
3.734637762,0.46167299,Kelt-9_b
3.736505081,0.45690174,Kelt-9_b
3.738373334,0.45213855,Kelt-9_b
3.740242521,0.44762864,Kelt-9_b
3.742112642,0.44359558,Kelt-9_b
3.743983698,0.44022166,Kelt-9_b
3.74585569,0.43764132,Kelt-9_b
3.747728618,0.43594773,Kelt-9_b
3.749602482,0.43520681,Kelt-9_b
3.751477283,0.43547039,Kelt-9_b
3.753353022,0.43678113,Kelt-9_b
3.755229699,0.43916732,Kelt-9_b
3.757107313,0.44262491,Kelt-9_b
3.758985867,0.44709071,Kelt-9_b
3.76086536,0.45241539,Kelt-9_b
3.762745793,0.45834418,Kelt-9_b
3.764627166,0.464516,Kelt-9_b
3.766509479,0.47048879,Kelt-9_b
3.768392734,0.47579208,Kelt-9_b
3.77027693,0.47999858,Kelt-9_b
3.772162069,0.48280212,Kelt-9_b
3.77404815,0.48407838,Kelt-9_b
3.775935174,0.48391162,Kelt-9_b
3.777823141,0.48256965,Kelt-9_b
3.779712053,0.48043376,Kelt-9_b
3.781601909,0.47789592,Kelt-9_b
3.78349271,0.47525907,Kelt-9_b
3.785384456,0.47266686,Kelt-9_b
3.787277149,0.47008592,Kelt-9_b
3.789170787,0.4673457,Kelt-9_b
3.791065372,0.46421873,Kelt-9_b
3.792960905,0.46051822,Kelt-9_b
3.794857386,0.45618196,Kelt-9_b
3.796754814,0.45131917,Kelt-9_b
3.798653192,0.44620618,Kelt-9_b
3.800552518,0.4412318,Kelt-9_b
3.802452795,0.43680726,Kelt-9_b
3.804354021,0.43326591,Kelt-9_b
3.806256198,0.43078586,Kelt-9_b
3.808159326,0.42935867,Kelt-9_b
3.810063406,0.42881413,Kelt-9_b
3.811968437,0.42888769,Kelt-9_b
3.813874422,0.42930545,Kelt-9_b
3.815781359,0.42985423,Kelt-9_b
3.81768925,0.43041706,Kelt-9_b
3.819598094,0.43097028,Kelt-9_b
3.821507893,0.43155709,Kelt-9_b
3.823418647,0.43225564,Kelt-9_b
3.825330357,0.43315785,Kelt-9_b
3.827243022,0.43435833,Kelt-9_b
3.829156643,0.43594598,Kelt-9_b
3.831071222,0.43798732,Kelt-9_b
3.832986757,0.44049843,Kelt-9_b
3.834903251,0.44341385,Kelt-9_b
3.836820702,0.44657102,Kelt-9_b
3.838739112,0.44972346,Kelt-9_b
3.840658482,0.45258979,Kelt-9_b
3.842578811,0.45492496,Kelt-9_b
3.844500101,0.45659013,Kelt-9_b
3.846422351,0.45759405,Kelt-9_b
3.848345562,0.45809089,Kelt-9_b
3.850269735,0.45833222,Kelt-9_b
3.85219487,0.4585925,Kelt-9_b
3.854120967,0.45909306,Kelt-9_b
3.856048027,0.45994879,Kelt-9_b
3.857976051,0.46114899,Kelt-9_b
3.85990504,0.46256947,Kelt-9_b
3.861834992,0.4640017,Kelt-9_b
3.86376591,0.46518693,Kelt-9_b
3.865697792,0.46584622,Kelt-9_b
3.867630641,0.46570974,Kelt-9_b
3.869564457,0.46455373,Kelt-9_b
3.871499239,0.46225001,Kelt-9_b
3.873434989,0.45882201,Kelt-9_b
3.875371706,0.4544887,Kelt-9_b
3.877309392,0.44967179,Kelt-9_b
3.879248047,0.44494554,Kelt-9_b
3.881187671,0.44093228,Kelt-9_b
3.883128264,0.43816819,Kelt-9_b
3.885069829,0.43698374,Kelt-9_b
3.887012364,0.43744113,Kelt-9_b
3.88895587,0.43935123,Kelt-9_b
3.890900348,0.44235924,Kelt-9_b
3.892845798,0.44606032,Kelt-9_b
3.894792221,0.45009852,Kelt-9_b
3.896739617,0.45421596,Kelt-9_b
3.898687987,0.45824728,Kelt-9_b
3.900637331,0.46208076,Kelt-9_b
3.902587649,0.46562008,Kelt-9_b
3.904538943,0.46877219,Kelt-9_b
3.906491213,0.47146625,Kelt-9_b
3.908444458,0.47368689,Kelt-9_b
3.91039868,0.47549516,Kelt-9_b
3.91235388,0.47701732,Kelt-9_b
3.914310057,0.47839906,Kelt-9_b
3.916267212,0.47973937,Kelt-9_b
3.918225345,0.48103416,Kelt-9_b
3.920184458,0.48215196,Kelt-9_b
3.92214455,0.48285647,Kelt-9_b
3.924105622,0.48286796,Kelt-9_b
3.926067675,0.48194534,Kelt-9_b
3.928030709,0.47996408,Kelt-9_b
3.929994724,0.47696794,Kelt-9_b
3.931959722,0.47318343,Kelt-9_b
3.933925702,0.46899575,Kelt-9_b
3.935892665,0.46489156,Kelt-9_b
3.937860611,0.4613788,Kelt-9_b
3.939829541,0.45889893,Kelt-9_b
3.941799456,0.45774531,Kelt-9_b
3.943770356,0.4580041,Kelt-9_b
3.945742241,0.45953078,Kelt-9_b
3.947715112,0.46196849,Kelt-9_b
3.94968897,0.46480675,Kelt-9_b
3.951663814,0.46746795,Kelt-9_b
3.953639646,0.46940422,Kelt-9_b
3.955616466,0.47018337,Kelt-9_b
3.957594274,0.46954809,Kelt-9_b
3.959573071,0.46744393,Kelt-9_b
3.961552858,0.46401439,Kelt-9_b
3.963533634,0.45957484,Kelt-9_b
3.965515401,0.45457261,Kelt-9_b
3.967498159,0.44954038,Kelt-9_b
3.969481908,0.44504288,Kelt-9_b
3.971466649,0.44161519,Kelt-9_b
3.973452382,0.43969208,Kelt-9_b
3.975439108,0.43953268,Kelt-9_b
3.977426828,0.44115343,Kelt-9_b
3.979415541,0.44428999,Kelt-9_b
3.981405249,0.4484086,Kelt-9_b
3.983395952,0.45278451,Kelt-9_b
3.98538765,0.45664269,Kelt-9_b
3.987380343,0.45933761,Kelt-9_b
3.989374034,0.4605237,Kelt-9_b
3.991368721,0.46025925,Kelt-9_b
3.993364405,0.45899621,Kelt-9_b
3.995361087,0.45744341,Kelt-9_b
3.997358768,0.45633513,Kelt-9_b
3.999357447,0.4561755,Kelt-9_b
4.001357126,0.4570455,Kelt-9_b
4.003357804,0.45854141,Kelt-9_b
4.005359483,0.45987107,Kelt-9_b
4.007362163,0.46007821,Kelt-9_b
4.009365844,0.45832916,Kelt-9_b
4.011370527,0.45417378,Kelt-9_b
4.013376212,0.4477085,Kelt-9_b
4.0153829,0.43959494,Kelt-9_b
4.017390592,0.43092894,Kelt-9_b
4.019399287,0.42299277,Kelt-9_b
4.021408987,0.4169513,Kelt-9_b
4.023419691,0.41357303,Kelt-9_b
4.025431401,0.41304922,Kelt-9_b
4.027444117,0.41496002,Kelt-9_b
4.029457839,0.41839473,Kelt-9_b
4.031472568,0.42218812,Kelt-9_b
4.033488304,0.42520376,Kelt-9_b
4.035505048,0.42658637,Kelt-9_b
4.037522801,0.42592077,Kelt-9_b
4.039541562,0.4232701,Kelt-9_b
4.041561333,0.41910084,Kelt-9_b
4.043582114,0.41412926,Kelt-9_b
4.045603905,0.40913801,Kelt-9_b
4.047626707,0.40480634,Kelt-9_b
4.04965052,0.40158516,Kelt-9_b
4.051675345,0.39962504,Kelt-9_b
4.053701183,0.39875433,Kelt-9_b
4.055728033,0.39849833,Kelt-9_b
4.057755897,0.39813705,Kelt-9_b
4.059784775,0.39681128,Kelt-9_b
4.061814668,0.39367718,Kelt-9_b
4.063845575,0.38810114,Kelt-9_b
4.065877498,0.37985425,Kelt-9_b
4.067910437,0.36924751,Kelt-9_b
4.069944392,0.35714612,Kelt-9_b
4.071979364,0.3448309,Kelt-9_b
4.074015354,0.3337233,Kelt-9_b
4.076052361,0.32504149,Kelt-9_b
4.078090388,0.31948403,Kelt-9_b
4.080129433,0.31703835,Kelt-9_b
4.082169498,0.31697922,Kelt-9_b
4.084210582,0.31806152,Kelt-9_b
4.086252688,0.31885521,Kelt-9_b
4.088295814,0.31812304,Kelt-9_b
4.090339962,0.31513054,Kelt-9_b
4.092385132,0.30979531,Kelt-9_b
4.094431324,0.3026433,Kelt-9_b
4.09647854,0.29459314,Kelt-9_b
4.098526779,0.2866493,Kelt-9_b
4.100576043,0.27960342,Kelt-9_b
4.102626331,0.27383182,Kelt-9_b
4.104677644,0.26923427,Kelt-9_b
4.106729983,0.26531566,Kelt-9_b
4.108783348,0.26136604,Kelt-9_b
4.110837739,0.25667547,Kelt-9_b
4.112893158,0.25072547,Kelt-9_b
4.114949605,0.24331195,Kelt-9_b
4.11700708,0.23458379,Kelt-9_b
4.119065583,0.22500364,Kelt-9_b
4.121125116,0.2152505,Kelt-9_b
4.123185678,0.20608931,Kelt-9_b
4.125247271,0.19823235,Kelt-9_b
4.127309895,0.19221652,Kelt-9_b
4.12937355,0.18830949,Kelt-9_b
4.131438237,0.18645918,Kelt-9_b
4.133503956,0.18629171,Kelt-9_b
4.135570708,0.18716177,Kelt-9_b
4.137638493,0.18824856,Kelt-9_b
4.139707312,0.18868934,Kelt-9_b
4.141777166,0.18772564,Kelt-9_b
4.143848055,0.18483109,Kelt-9_b
4.145919979,0.17979338,Kelt-9_b
4.147992939,0.17272689,Kelt-9_b
4.150066935,0.1640174,Kelt-9_b
4.152141969,0.15422049,Kelt-9_b
4.15421804,0.14394986,Kelt-9_b
4.156295149,0.13378727,Kelt-9_b
4.158373296,0.12422888,Kelt-9_b
4.160452483,0.11566433,Kelt-9_b
4.162532709,0.10837069,Kelt-9_b
4.164613975,0.10250383,Kelt-9_b
4.166696282,0.098083703,Kelt-9_b
4.168779631,0.09498743,Kelt-9_b
4.17086402,0.092967025,Kelt-9_b
4.172949452,0.091702384,Kelt-9_b
4.175035927,0.090880066,Kelt-9_b
4.177123445,0.09027097,Kelt-9_b
4.179212007,0.089772268,Kelt-9_b
4.181301613,0.089394243,Kelt-9_b
4.183392264,0.089196464,Kelt-9_b
4.18548396,0.089202096,Kelt-9_b
4.187576702,0.089330437,Kelt-9_b
4.18967049,0.089382452,Kelt-9_b
4.191765325,0.089081262,Kelt-9_b
4.193861208,0.08815317,Kelt-9_b
4.195958139,0.086412234,Kelt-9_b
4.198056118,0.083814034,Kelt-9_b
4.200155146,0.080465137,Kelt-9_b
4.202255223,0.076591028,Kelt-9_b
4.204356351,0.072482121,Kelt-9_b
4.206458529,0.06843847,Kelt-9_b
4.208561758,0.064726124,Kelt-9_b
4.210666039,0.06154742,Kelt-9_b
4.212771372,0.059020424,Kelt-9_b
4.214877758,0.057166068,Kelt-9_b
4.216985197,0.055903327,Kelt-9_b
4.219093689,0.05505839,Kelt-9_b
4.221203236,0.054391123,Kelt-9_b
4.223313838,0.053637169,Kelt-9_b
4.225425495,0.052554668,Kelt-9_b
4.227538207,0.050968177,Kelt-9_b
4.229651977,0.048797251,Kelt-9_b
4.231766803,0.046067193,Kelt-9_b
4.233882686,0.042900749,Kelt-9_b
4.235999627,0.039495414,Kelt-9_b
4.238117627,0.036090191,Kelt-9_b
4.240236686,0.032926839,Kelt-9_b
4.242356804,0.030212167,Kelt-9_b
4.244477983,0.028088491,Kelt-9_b
4.246600222,0.026615486,Kelt-9_b
4.248723522,0.025767882,Kelt-9_b
4.250847884,0.025447766,Kelt-9_b
4.252973307,0.025507918,Kelt-9_b
4.255099794,0.025781242,Kelt-9_b
4.257227344,0.026109283,Kelt-9_b
4.259355958,0.026365739,Kelt-9_b
4.261485636,0.026469327,Kelt-9_b
4.263616379,0.026385972,Kelt-9_b
4.265748187,0.026121164,Kelt-9_b
4.267881061,0.025706612,Kelt-9_b
4.270015001,0.025184827,Kelt-9_b
4.272150009,0.024596259,Kelt-9_b
4.274286084,0.023970978,Kelt-9_b
4.276423227,0.02332466,Kelt-9_b
4.278561438,0.022659009,Kelt-9_b
4.280700719,0.021964883,Kelt-9_b
4.28284107,0.021227614,Kelt-9_b
4.28498249,0.020433266,Kelt-9_b
4.287124981,0.01957468,Kelt-9_b
4.289268544,0.018656315,Kelt-9_b
4.291413178,0.017696292,Kelt-9_b
4.293558885,0.016725954,Kelt-9_b
4.295705664,0.015786352,Kelt-9_b
4.297853517,0.014923269,Kelt-9_b
4.300002444,0.014181216,Kelt-9_b
4.302152445,0.013597626,Kelt-9_b
4.304303521,0.013197867,Kelt-9_b
4.306455673,0.012991157,Kelt-9_b
4.308608901,0.012967365,Kelt-9_b
4.310763205,0.013095069,Kelt-9_b
4.312918587,0.01332129,Kelt-9_b
4.315075046,0.013573652,Kelt-9_b
4.317232584,0.013766551,Kelt-9_b
4.3193912,0.013811094,Kelt-9_b
4.321550896,0.013628357,Kelt-9_b
4.323711671,0.013162815,Kelt-9_b
4.325873527,0.012393368,Kelt-9_b
4.328036464,0.011338358,Kelt-9_b
4.330200482,0.010053216,Kelt-9_b
4.332365582,0.0086209249,Kelt-9_b
4.334531765,0.0071379017,Kelt-9_b
4.336699031,0.0056984354,Kelt-9_b
4.33886738,0.0043812678,Kelt-9_b
4.341036814,0.0032408388,Kelt-9_b
4.343207332,0.002304235,Kelt-9_b
4.345378936,0.0015734084,Kelt-9_b
4.347551625,0.0010309794,Kelt-9_b
4.349725401,0.00064776799,Kelt-9_b
4.351900264,0.00038996528,Kelt-9_b
4.354076214,0.0002247887,Kelt-9_b
4.356253252,0.00012397313,Kelt-9_b
4.358431379,6.5379074e-05,Kelt-9_b
4.360610595,3.2947403e-05,Kelt-9_b
4.3627909,1.5848778e-05,Kelt-9_b
4.364972295,7.2686136e-06,Kelt-9_b
4.367154781,3.1784435e-06,Kelt-9_b
4.369338359,1.3215742e-06,Kelt-9_b
4.371523028,5.2208383e-07,Kelt-9_b
4.37370879,1.8744376e-07,Kelt-9_b
4.375895644,6.5813871e-08,Kelt-9_b
4.378083592,1.8533386e-08,Kelt-9_b
4.380272634,5.5397046e-09,Kelt-9_b
4.38246277,3.5968522e-10,Kelt-9_b
4.384654001,1.5164831e-10,Kelt-9_b
4.386846328,8.1376493e-11,Kelt-9_b
4.389039751,4.334843e-11,Kelt-9_b
4.391234271,2.3052236e-11,Kelt-9_b
4.393429888,1.2223961e-11,Kelt-9_b
4.395626603,6.4636803e-12,Kelt-9_b
4.397824417,3.3780115e-12,Kelt-9_b
4.400023329,1.7890434e-12,Kelt-9_b
4.402223341,9.4073152e-13,Kelt-9_b
4.404424452,4.925327e-13,Kelt-9_b
4.406626664,2.5989511e-13,Kelt-9_b
4.408829978,1.369794e-13,Kelt-9_b
4.411034393,7.2580178e-14,Kelt-9_b
4.41323991,3.8781766e-14,Kelt-9_b
4.41544653,2.1475807e-14,Kelt-9_b
4.417654253,1.2419513e-14,Kelt-9_b
4.41986308,7.3608689e-15,Kelt-9_b
4.422073012,4.5134971e-15,Kelt-9_b
4.424284048,2.8078232e-15,Kelt-9_b
4.42649619,1.7450777e-15,Kelt-9_b
4.428709438,1.0622542e-15,Kelt-9_b
4.430923793,6.245458e-16,Kelt-9_b
4.433139255,3.5920228000000003e-16,Kelt-9_b
4.435355825,1.9789920000000002e-16,Kelt-9_b
4.437573503,1.0472777000000001e-16,Kelt-9_b
4.439792289,5.2979932e-17,Kelt-9_b
4.442012186,2.5619892e-17,Kelt-9_b
4.444233192,1.179954e-17,Kelt-9_b
4.446455308,5.198268e-18,Kelt-9_b
4.448678536,2.1798040999999998e-18,Kelt-9_b
4.450902875,8.694757e-19,Kelt-9_b
4.453128327,3.1883775e-19,Kelt-9_b
4.455354891,1.1389911e-19,Kelt-9_b
4.457582568,2.8726597e-20,Kelt-9_b
4.459811359,9.4176616e-21,Kelt-9_b
4.462041265,1.1663913e-21,Kelt-9_b
4.464272286,3.4748143e-22,Kelt-9_b
4.466504422,1.7977918e-23,Kelt-9_b
4.468737674,9.0682542e-24,Kelt-9_b
4.470972043,4.4640895e-24,Kelt-9_b
4.473207529,3.3197958e-24,Kelt-9_b
4.475444133,2.4236741000000002e-24,Kelt-9_b
4.477681855,1.7275516e-24,Kelt-9_b
4.479920696,1.2067129e-24,Kelt-9_b
4.482160656,8.372433699999999e-25,Kelt-9_b
4.484401736,5.917279e-25,Kelt-9_b
4.486643937,4.5004525e-25,Kelt-9_b
4.488887259,3.8794966999999997e-25,Kelt-9_b
4.491131703,4.0313599999999997e-25,Kelt-9_b
4.493377269,5.336979099999999e-25,Kelt-9_b
4.495623957,8.9148498e-25,Kelt-9_b
4.497871769,1.7298818e-24,Kelt-9_b
4.500120705,3.5530523e-24,Kelt-9_b
4.502370766,7.2757124e-24,Kelt-9_b
4.504621951,1.4421838e-23,Kelt-9_b
4.506874262,2.7314435e-23,Kelt-9_b
4.509127699,4.9159109e-23,Kelt-9_b
4.511382263,8.3879603e-23,Kelt-9_b
4.513637954,1.3556020000000002e-22,Kelt-9_b
4.515894773,2.0742361000000002e-22,Kelt-9_b
4.51815272,3.0044415000000004e-22,Kelt-9_b
4.520411797,4.1192884e-22,Kelt-9_b
4.522672003,5.345959400000001e-22,Kelt-9_b
4.524933339,6.5671134e-22,Kelt-9_b
4.527195805,7.636121000000001e-22,Kelt-9_b
4.529459403,8.4047766e-22,Kelt-9_b
4.531724133,8.7567126e-22,Kelt-9_b
4.533989995,8.636234400000002e-22,Kelt-9_b
4.53625699,8.062751000000001e-22,Kelt-9_b
4.538525119,7.125656300000001e-22,Kelt-9_b
4.540794381,5.9615172e-22,Kelt-9_b
4.543064778,4.7466002e-22,Kelt-9_b
4.545336311,3.6139524e-22,Kelt-9_b
4.547608979,2.8918323e-22,Kelt-9_b
4.549882783,3.4323376000000004e-22,Kelt-9_b
4.552157725,5.888956300000001e-22,Kelt-9_b
4.554433804,1.3283332000000001e-21,Kelt-9_b
4.55671102,3.2090374e-21,Kelt-9_b
4.558989376,7.548684e-21,Kelt-9_b
4.561268871,1.6989607e-20,Kelt-9_b
4.563549505,3.6388442e-20,Kelt-9_b
4.56583128,7.4046417e-20,Kelt-9_b
4.568114195,1.4310976999999998e-19,Kelt-9_b
4.570398253,2.6264978e-19,Kelt-9_b
4.572683452,4.5770048e-19,Kelt-9_b
4.574969793,7.572848699999999e-19,Kelt-9_b
4.577257278,1.1896260999999999e-18,Kelt-9_b
4.579545907,1.7744348999999998e-18,Kelt-9_b
4.58183568,2.5133982e-18,Kelt-9_b
4.584126598,3.3815894999999995e-18,Kelt-9_b
4.586418661,4.3231427e-18,Kelt-9_b
4.58871187,5.2536947e-18,Kelt-9_b
4.591006226,6.073717999999999e-18,Kelt-9_b
4.593301729,6.6876535999999995e-18,Kelt-9_b
4.59559838,7.027236099999999e-18,Kelt-9_b
4.597896179,7.0729673e-18,Kelt-9_b
4.600195128,6.8672128e-18,Kelt-9_b
4.602495225,6.520784899999999e-18,Kelt-9_b
4.604796473,1.4347418000000002e-17,Kelt-9_b
4.607098871,2.1239453e-16,Kelt-9_b
4.60940242,6.109168300000001e-16,Kelt-9_b
4.611707122,1.8855157e-14,Kelt-9_b
4.614012975,4.8729828e-13,Kelt-9_b
4.616319982,1.4298306e-12,Kelt-9_b
4.618628142,3.9915109e-12,Kelt-9_b
4.620937456,1.0491675e-11,Kelt-9_b
4.623247924,2.6082755e-11,Kelt-9_b
4.625559548,6.1374315e-11,Kelt-9_b
4.627872328,1.3673621e-10,Kelt-9_b
4.630186264,2.8830755e-10,Kelt-9_b
4.632501358,5.754372e-10,Kelt-9_b
4.634817608,1.0872403e-09,Kelt-9_b
4.637135017,1.9447202e-09,Kelt-9_b
4.639453584,3.2931907e-09,Kelt-9_b
4.641773311,5.2801191e-09,Kelt-9_b
4.644094198,8.0165459e-09,Kelt-9_b
4.646416245,1.1526939e-08,Kelt-9_b
4.648739453,1.5700471e-08,Kelt-9_b
4.651063823,2.0262934e-08,Kelt-9_b
4.653389355,2.4788109e-08,Kelt-9_b
4.655716049,2.8757608e-08,Kelt-9_b
4.658043908,3.1661033e-08,Kelt-9_b
4.660372929,3.3110288e-08,Kelt-9_b
4.662703116,3.2931957e-08,Kelt-9_b
4.665034467,3.1206317e-08,Kelt-9_b
4.667366985,2.824013e-08,Kelt-9_b
4.669700668,2.4484041e-08,Kelt-9_b
4.672035519,2.0424836e-08,Kelt-9_b
4.674371536,1.648714e-08,Kelt-9_b
4.676708722,1.2972368e-08,Kelt-9_b
4.679047076,1.0042247e-08,Kelt-9_b
4.6813866,7.7399982e-09,Kelt-9_b
4.683727293,6.0310816e-09,Kelt-9_b
4.686069157,4.8454289e-09,Kelt-9_b
4.688412191,4.1090967e-09,Kelt-9_b
4.690756398,3.7614418e-09,Kelt-9_b
4.693101776,3.760072e-09,Kelt-9_b
4.695448327,4.0782429e-09,Kelt-9_b
4.697796051,4.6985218e-09,Kelt-9_b
4.700144949,5.6042447e-09,Kelt-9_b
4.702495021,6.7686726e-09,Kelt-9_b
4.704846269,8.1421308e-09,Kelt-9_b
4.707198692,9.6397089e-09,Kelt-9_b
4.709552291,1.1134688e-08,Kelt-9_b
4.711907067,1.2464621e-08,Kelt-9_b
4.714263021,1.345107e-08,Kelt-9_b
4.716620153,1.3934553e-08,Kelt-9_b
4.718978463,1.381205e-08,Kelt-9_b
4.721337952,1.3066176e-08,Kelt-9_b
4.723698621,1.1774179e-08,Kelt-9_b
4.72606047,1.0092432e-08,Kelt-9_b
4.7284235,8.2209037e-09,Kelt-9_b
4.730787712,6.3597326e-09,Kelt-9_b
4.733153106,4.6713266e-09,Kelt-9_b
4.735519683,3.258105e-09,Kelt-9_b
4.737887442,2.1589043e-09,Kelt-9_b
4.740256386,1.3605196e-09,Kelt-9_b
4.742626514,8.1694405e-10,Kelt-9_b
4.744997828,4.6890896e-10,Kelt-9_b
4.747370326,2.587202e-10,Kelt-9_b
4.749744012,1.3863014e-10,Kelt-9_b
4.752118884,7.3546911e-11,Kelt-9_b
4.754494943,4.0035968e-11,Kelt-9_b
4.756872191,2.3640343e-11,Kelt-9_b
4.759250627,1.6048882e-11,Kelt-9_b
4.761630252,1.2794219e-11,Kelt-9_b
4.764011067,1.1579555e-11,Kelt-9_b
4.766393073,1.1371438e-11,Kelt-9_b
4.768776269,1.1787892e-11,Kelt-9_b
4.771160657,1.3063907e-11,Kelt-9_b
4.773546238,1.5389561e-11,Kelt-9_b
4.775933011,1.9176865e-11,Kelt-9_b
4.778320977,2.47508e-11,Kelt-9_b
4.780710138,3.2200459e-11,Kelt-9_b
4.783100493,4.1249535e-11,Kelt-9_b
4.785492043,5.1196473e-11,Kelt-9_b
4.787884789,6.0961027e-11,Kelt-9_b
4.790278731,6.9250194e-11,Kelt-9_b
4.792673871,7.4820375e-11,Kelt-9_b
4.795070208,7.676324e-11,Kelt-9_b
4.797467743,7.4728114e-11,Kelt-9_b
4.799866477,6.9006025e-11,Kelt-9_b
4.80226641,6.0447335e-11,Kelt-9_b
4.804667543,5.02434e-11,Kelt-9_b
4.807069877,3.9648308e-11,Kelt-9_b
4.809473412,2.9728725e-11,Kelt-9_b
4.811878149,2.1207032e-11,Kelt-9_b
4.814284088,1.4420466e-11,Kelt-9_b
4.81669123,9.3768291e-12,Kelt-9_b
4.819099575,5.863748e-12,Kelt-9_b
4.821509125,3.5652803e-12,Kelt-9_b
4.82391988,2.1550296e-12,Kelt-9_b
4.82633184,1.3519608e-12,Kelt-9_b
4.828745006,9.4196904e-13,Kelt-9_b
4.831159378,7.7571501e-13,Kelt-9_b
4.833574958,7.5481861e-13,Kelt-9_b
4.835991745,8.1555364e-13,Kelt-9_b
4.838409741,9.1558191e-13,Kelt-9_b
4.840828946,1.0254114e-12,Kelt-9_b
4.84324936,1.1245381e-12,Kelt-9_b
4.845670985,1.2000451e-12,Kelt-9_b
4.848093821,1.2482637e-12,Kelt-9_b
4.850517867,1.2713799e-12,Kelt-9_b
4.852943126,1.2784701e-12,Kelt-9_b
4.855369598,1.2818828e-12,Kelt-9_b
4.857797283,1.2940903e-12,Kelt-9_b
4.860226181,1.3245559e-12,Kelt-9_b
4.862656295,1.377503e-12,Kelt-9_b
4.865087623,1.4506918e-12,Kelt-9_b
4.867520166,1.5355125e-12,Kelt-9_b
4.869953927,1.6183585e-12,Kelt-9_b
4.872388904,1.6831604e-12,Kelt-9_b
4.874825098,1.7146416e-12,Kelt-9_b
4.877262511,1.7016112e-12,Kelt-9_b
4.879701142,1.6394363e-12,Kelt-9_b
4.882140992,1.5309661e-12,Kelt-9_b
4.884582063,1.3856402e-12,Kelt-9_b
4.887024354,1.2170933e-12,Kelt-9_b
4.889467866,1.040058e-12,Kelt-9_b
4.8919126,8.6751867e-13,Kelt-9_b
4.894358556,7.0885353e-13,Kelt-9_b
4.896805736,5.6925859e-13,Kelt-9_b
4.899254138,4.5028443e-13,Kelt-9_b
4.901703765,3.5097734e-13,Kelt-9_b
4.904154617,2.6916819e-13,Kelt-9_b
4.906606695,2.0243847e-13,Kelt-9_b
4.909059998,1.4864765e-13,Kelt-9_b
4.911514528,1.0604489e-13,Kelt-9_b
4.913970285,7.315303e-14,Kelt-9_b
4.91642727,4.859391e-14,Kelt-9_b
4.918885484,3.0987659e-14,Kelt-9_b
4.921344927,1.8960827e-14,Kelt-9_b
4.923805599,1.1178946e-14,Kelt-9_b
4.926267502,6.5263924e-15,Kelt-9_b
4.928730636,4.1815276e-15,Kelt-9_b
4.931195001,3.7750405e-15,Kelt-9_b
4.933660599,5.4630559e-15,Kelt-9_b
4.936127429,1.0157607e-14,Kelt-9_b
4.938595493,1.9907982e-14,Kelt-9_b
4.94106479,3.8322856e-14,Kelt-9_b
4.943535323,7.1117247e-14,Kelt-9_b
4.94600709,1.26633e-13,Kelt-9_b
4.948480094,2.160392e-13,Kelt-9_b
4.950954334,3.5304021e-13,Kelt-9_b
4.953429811,5.527495e-13,Kelt-9_b
4.955906526,8.2967128e-13,Kelt-9_b
4.958384479,1.1948753e-12,Kelt-9_b
4.960863672,1.65273e-12,Kelt-9_b
4.963344103,2.1976807e-12,Kelt-9_b
4.965825776,2.8117245e-12,Kelt-9_b
4.968308688,3.4632575e-12,Kelt-9_b
4.970792843,4.1079733e-12,Kelt-9_b
4.973278239,4.6924627e-12,Kelt-9_b
4.975764878,5.1606929e-12,Kelt-9_b
4.978252761,5.4628341e-12,Kelt-9_b
4.980741887,5.5647756e-12,Kelt-9_b
4.983232258,5.4558245e-12,Kelt-9_b
4.985723874,5.1519987e-12,Kelt-9_b
4.988216736,4.6933903e-12,Kelt-9_b
4.990710844,4.1360313e-12,Kelt-9_b
4.9932062,3.5406294e-12,Kelt-9_b
4.995702803,2.9615969e-12,Kelt-9_b
4.998200654,2.4392628e-12,Kelt-9_b
5.000699755,1.9969591e-12,Kelt-9_b
5.003200105,1.6423887e-12,Kelt-9_b
5.005701705,1.3717851e-12,Kelt-9_b
5.008204556,1.1748172e-12,Kelt-9_b
5.010708658,1.0389533e-12,Kelt-9_b
5.013214012,9.520796e-13,Kelt-9_b
5.015720619,9.0462236e-13,Kelt-9_b
5.018228479,8.9498171e-13,Kelt-9_b
5.020737594,9.2480893e-13,Kelt-9_b
5.023247962,1.0073567e-12,Kelt-9_b
5.025759586,1.1821074e-12,Kelt-9_b
5.028272466,1.530762e-12,Kelt-9_b
5.030786602,2.2200462e-12,Kelt-9_b
5.033301996,3.5694662e-12,Kelt-9_b
5.035818647,6.1615243e-12,Kelt-9_b
5.038336556,1.0947625e-11,Kelt-9_b
5.040855724,1.9480093e-11,Kelt-9_b
5.043376152,3.43087e-11,Kelt-9_b
5.04589784,5.9275318e-11,Kelt-9_b
5.048420789,9.9046721e-11,Kelt-9_b
5.050945,1.613739e-10,Kelt-9_b
5.053470472,2.5807895e-10,Kelt-9_b
5.055997207,4.0876726e-10,Kelt-9_b
5.058525206,6.4729022e-10,Kelt-9_b
5.061054469,1.0318935e-09,Kelt-9_b
5.063584996,1.6588273e-09,Kelt-9_b
5.066116788,2.6771774e-09,Kelt-9_b
5.068649847,4.3001482e-09,Kelt-9_b
5.071184172,6.7994693e-09,Kelt-9_b
5.073719764,1.0481491e-08,Kelt-9_b
5.076256624,1.562714e-08,Kelt-9_b
5.078794752,2.2404127e-08,Kelt-9_b
5.081334149,3.0766321e-08,Kelt-9_b
5.083874816,4.0373971e-08,Kelt-9_b
5.086416754,5.0576914e-08,Kelt-9_b
5.088959962,6.0493758e-08,Kelt-9_b
5.091504442,6.9190894e-08,Kelt-9_b
5.094050194,7.592198e-08,Kelt-9_b
5.096597219,8.0358327e-08,Kelt-9_b
5.099145518,8.271217e-08,Kelt-9_b
5.101695091,8.3655571e-08,Kelt-9_b
5.104245938,8.4181573e-08,Kelt-9_b
5.106798061,8.530277e-08,Kelt-9_b
5.10935146,8.787391e-08,Kelt-9_b
5.111906136,9.264326e-08,Kelt-9_b
5.114462089,1.0063624e-07,Kelt-9_b
5.11701932,1.1387044e-07,Kelt-9_b
5.11957783,1.3622817e-07,Kelt-9_b
5.122137619,1.7418116e-07,Kelt-9_b
5.124698688,2.3694058e-07,Kelt-9_b
5.127261037,3.3559642e-07,Kelt-9_b
5.129824667,4.8096444e-07,Kelt-9_b
5.13238958,6.80225e-07,Kelt-9_b
5.134955775,9.3297873e-07,Kelt-9_b
5.137523252,1.2279387e-06,Kelt-9_b
5.140092014,1.5415766e-06,Kelt-9_b
5.14266206,1.8402448e-06,Kelt-9_b
5.145233391,2.08571e-06,Kelt-9_b
5.147806008,2.2433006e-06,Kelt-9_b
5.150379911,2.2903763e-06,Kelt-9_b
5.152955101,2.2225043e-06,Kelt-9_b
5.155531578,2.0553535e-06,Kelt-9_b
5.158109344,1.8218063e-06,Kelt-9_b
5.160688399,1.5653951e-06,Kelt-9_b
5.163268743,1.3321887e-06,Kelt-9_b
5.165850377,1.1632318e-06,Kelt-9_b
5.168433303,1.0887978e-06,Kelt-9_b
5.171017519,1.1246768e-06,Kelt-9_b
5.173603028,1.2701341e-06,Kelt-9_b
5.176189829,1.5073237e-06,Kelt-9_b
5.178777924,1.8026226e-06,Kelt-9_b
5.181367313,2.1102065e-06,Kelt-9_b
5.183957997,2.37921e-06,Kelt-9_b
5.186549976,2.5629636e-06,Kelt-9_b
5.189143251,2.628918e-06,Kelt-9_b
5.191737823,2.5664805e-06,Kelt-9_b
5.194333692,2.3905949e-06,Kelt-9_b
5.196930858,2.1398737e-06,Kelt-9_b
5.199529324,1.8711277e-06,Kelt-9_b
5.202129088,1.6515466e-06,Kelt-9_b
5.204730153,1.5512129e-06,Kelt-9_b
5.207332518,1.6365583e-06,Kelt-9_b
5.209936184,1.9639579e-06,Kelt-9_b
5.212541152,2.5724173e-06,Kelt-9_b
5.215147423,3.4745791e-06,Kelt-9_b
5.217754997,4.6477989e-06,Kelt-9_b
5.220363874,6.0290803e-06,Kelt-9_b
5.222974056,7.5178693e-06,Kelt-9_b
5.225585543,8.9889238e-06,Kelt-9_b
5.228198336,1.031327e-05,Kelt-9_b
5.230812435,1.138136e-05,Kelt-9_b
5.233427841,1.2120485e-05,Kelt-9_b
5.236044555,1.2501574e-05,Kelt-9_b
5.238662578,1.2534115e-05,Kelt-9_b
5.241281909,1.2254035e-05,Kelt-9_b
5.24390255,1.171287e-05,Kelt-9_b
5.246524501,1.0967095e-05,Kelt-9_b
5.249147763,1.008182e-05,Kelt-9_b
5.251772337,9.1337185e-06,Kelt-9_b
5.254398223,8.2176613e-06,Kelt-9_b
5.257025422,7.4557906e-06,Kelt-9_b
5.259653935,7.0044714e-06,Kelt-9_b
5.262283762,7.0737471e-06,Kelt-9_b
5.264914904,7.9495325e-06,Kelt-9_b
5.267547361,1.00186e-05,Kelt-9_b
5.270181135,1.3784296e-05,Kelt-9_b
5.272816226,1.9855763e-05,Kelt-9_b
5.275452634,2.8888655e-05,Kelt-9_b
5.27809036,4.1478863e-05,Kelt-9_b
5.280729405,5.8007679e-05,Kelt-9_b
5.28336977,7.8479591e-05,Kelt-9_b
5.286011455,0.00010240185,Kelt-9_b
5.288654461,0.00012875693,Kelt-9_b
5.291298788,0.00015609441,Kelt-9_b
5.293944437,0.00018272791,Kelt-9_b
5.29659141,0.00020698227,Kelt-9_b
5.299239705,0.00022742048,Kelt-9_b
5.301889325,0.0002429954,Kelt-9_b
5.30454027,0.00025310832,Kelt-9_b
5.30719254,0.00025758864,Kelt-9_b
5.309846136,0.00025662513,Kelt-9_b
5.312501059,0.00025067164,Kelt-9_b
5.31515731,0.00024034171,Kelt-9_b
5.317814888,0.00022630652,Kelt-9_b
5.320473796,0.00020921964,Kelt-9_b
5.323134033,0.00018969463,Kelt-9_b
5.3257956,0.0001683436,Kelt-9_b
5.328458498,0.00014585202,Kelt-9_b
5.331122727,0.00012303786,Kelt-9_b
5.333788288,0.0001008432,Kelt-9_b
5.336455182,8.0239448e-05,Kelt-9_b
5.33912341,6.2072045e-05,Kelt-9_b
5.341792972,4.6905977e-05,Kelt-9_b
5.344463868,3.4933276e-05,Kelt-9_b
5.3471361,2.5975975e-05,Kelt-9_b
5.349809668,1.9579115e-05,Kelt-9_b
5.352484573,1.5155374e-05,Kelt-9_b
5.355160815,1.2136314e-05,Kelt-9_b
5.357838396,1.008133e-05,Kelt-9_b
5.360517315,8.738812e-06,Kelt-9_b
5.363197573,8.0479816e-06,Kelt-9_b
5.365879172,8.0975629e-06,Kelt-9_b
5.368562112,9.0593892e-06,Kelt-9_b
5.371246393,1.1101209e-05,Kelt-9_b
5.373932016,1.430236e-05,Kelt-9_b
5.376618982,1.8577236e-05,Kelt-9_b
5.379307292,2.3626302e-05,Kelt-9_b
5.381996945,2.8934533e-05,Kelt-9_b
5.384687944,3.3832343e-05,Kelt-9_b
5.387380288,3.7609006e-05,Kelt-9_b
5.390073978,3.966502e-05,Kelt-9_b
5.392769015,3.9650552e-05,Kelt-9_b
5.395465399,3.7549817e-05,Kelt-9_b
5.398163132,3.3681331e-05,Kelt-9_b
5.400862214,2.8613675e-05,Kelt-9_b
5.403562645,2.3026527e-05,Kelt-9_b
5.406264426,1.7563072e-05,Kelt-9_b
5.408967558,1.2717183e-05,Kelt-9_b
5.411672042,8.7802243e-06,Kelt-9_b
5.414377878,5.8477831e-06,Kelt-9_b
5.417085067,3.8669786e-06,Kelt-9_b
5.419793609,2.7000129e-06,Kelt-9_b
5.422503506,2.1792344e-06,Kelt-9_b
5.425214758,2.1431786e-06,Kelt-9_b
5.427927365,2.4522506e-06,Kelt-9_b
5.430641329,2.9909421e-06,Kelt-9_b
5.43335665,3.6661024e-06,Kelt-9_b
5.436073328,4.4088881e-06,Kelt-9_b
5.438791365,5.1826856e-06,Kelt-9_b
5.44151076,5.9940214e-06,Kelt-9_b
5.444231516,6.8981527e-06,Kelt-9_b
5.446953632,7.9905727e-06,Kelt-9_b
5.449677108,9.3798181e-06,Kelt-9_b
5.452401947,1.1143202e-05,Kelt-9_b
5.455128148,1.3278266e-05,Kelt-9_b
5.457855712,1.5668793e-05,Kelt-9_b
5.46058464,1.8081726e-05,Kelt-9_b
5.463314932,2.0204691e-05,Kelt-9_b
5.46604659,2.1717371e-05,Kelt-9_b
5.468779613,2.2375225e-05,Kelt-9_b
5.471514003,2.207649e-05,Kelt-9_b
5.47424976,2.0887895e-05,Kelt-9_b
5.476986885,1.9019966e-05,Kelt-9_b
5.479725378,1.6762404e-05,Kelt-9_b
5.482465241,1.4404726e-05,Kelt-9_b
5.485206473,1.2170558e-05,Kelt-9_b
5.487949077,1.0185129e-05,Kelt-9_b
5.490693051,8.4798222e-06,Kelt-9_b
5.493438398,7.0231453e-06,Kelt-9_b
5.496185117,5.7601426e-06,Kelt-9_b
5.498933209,4.6439325e-06,Kelt-9_b
5.501682676,3.6508376e-06,Kelt-9_b
5.504433517,2.7794287e-06,Kelt-9_b
5.507185734,2.0398703e-06,Kelt-9_b
5.509939327,1.4416479e-06,Kelt-9_b
5.512694297,9.8507177e-07,Kelt-9_b
5.515450644,6.5871401e-07,Kelt-9_b
5.518208369,4.4169298e-07,Kelt-9_b
5.520967473,3.0835238e-07,Kelt-9_b
5.523727957,2.3301016e-07,Kelt-9_b
5.526489821,1.9332055e-07,Kelt-9_b
5.529253066,1.7243557e-07,Kelt-9_b
5.532017692,1.5859228e-07,Kelt-9_b
5.534783701,1.4517192e-07,Kelt-9_b
5.537551093,1.2936293e-07,Kelt-9_b
5.540319869,1.1106164e-07,Kelt-9_b
5.543090029,9.1764407e-08,Kelt-9_b
5.545861574,7.3788451e-08,Kelt-9_b
5.548634504,5.9875145e-08,Kelt-9_b
5.551408822,5.3362006e-08,Kelt-9_b
5.554184526,5.8581845e-08,Kelt-9_b
5.556961618,8.1762944e-08,Kelt-9_b
5.559740099,1.3180036e-07,Kelt-9_b
5.562519969,2.2052372e-07,Kelt-9_b
5.565301229,3.6190115e-07,Kelt-9_b
5.56808388,5.6967921e-07,Kelt-9_b
5.570867922,8.5334582e-07,Kelt-9_b
5.573653356,1.2131207e-06,Kelt-9_b
5.576440182,1.6373336e-06,Kelt-9_b
5.579228403,2.0953168e-06,Kelt-9_b
5.582018017,2.5476026e-06,Kelt-9_b
5.584809026,2.9532076e-06,Kelt-9_b
5.58760143,3.2894508e-06,Kelt-9_b
5.590395231,3.5787522e-06,Kelt-9_b
5.593190429,3.921902e-06,Kelt-9_b
5.595987024,4.5353869e-06,Kelt-9_b
5.598785017,5.7877807e-06,Kelt-9_b
5.60158441,8.224815e-06,Kelt-9_b
5.604385202,1.2564748e-05,Kelt-9_b
5.607187395,1.9638738e-05,Kelt-9_b
5.609990988,3.0252347e-05,Kelt-9_b
5.612795984,4.4961867e-05,Kelt-9_b
5.615602382,6.3795328e-05,Kelt-9_b
5.618410183,8.5993388e-05,Kelt-9_b
5.621219388,0.00010987833,Kelt-9_b
5.624029998,0.00013295374,Kelt-9_b
5.626842013,0.00015227883,Kelt-9_b
5.629655434,0.00016506092,Kelt-9_b
5.632470261,0.00016930841,Kelt-9_b
5.635286497,0.00016433498,Kelt-9_b
5.63810414,0.00015093914,Kelt-9_b
5.640923192,0.0001311938,Kelt-9_b
5.643743654,0.00010792177,Kelt-9_b
5.646565525,8.4038984e-05,Kelt-9_b
5.649388808,6.1974269e-05,Kelt-9_b
5.652213503,4.3317427e-05,Kelt-9_b
5.655039609,2.8743811e-05,Kelt-9_b
5.657867129,1.8165119e-05,Kelt-9_b
5.660696063,1.0999847e-05,Kelt-9_b
5.663526411,6.454574e-06,Kelt-9_b
5.666358174,3.7418383e-06,Kelt-9_b
5.669191353,2.206721e-06,Kelt-9_b
5.672025949,1.3709893e-06,Kelt-9_b
5.674861962,9.2192782e-07,Kelt-9_b
5.677699393,6.7480625e-07,Kelt-9_b
5.680538242,5.304783e-07,Kelt-9_b
5.683378511,4.3990071e-07,Kelt-9_b
5.686220201,3.7955068e-07,Kelt-9_b
5.689063311,3.3701349e-07,Kelt-9_b
5.691907842,3.0354455e-07,Kelt-9_b
5.694753796,2.751347e-07,Kelt-9_b
5.697601173,2.4596934e-07,Kelt-9_b
5.700449974,2.1427957e-07,Kelt-9_b
5.703300199,1.8042268e-07,Kelt-9_b
5.706151849,1.4648013e-07,Kelt-9_b
5.709004925,1.156835e-07,Kelt-9_b
5.711859427,9.197722e-08,Kelt-9_b
5.714715357,8.0070722e-08,Kelt-9_b
5.717572715,8.6099069e-08,Kelt-9_b
5.720431501,1.1873455e-07,Kelt-9_b
5.723291717,1.9031004e-07,Kelt-9_b
5.726153363,3.1722566e-07,Kelt-9_b
5.729016439,5.188309e-07,Kelt-9_b
5.731880948,8.1408654e-07,Kelt-9_b
5.734746888,1.2158647e-06,Kelt-9_b
5.737614261,1.7237802e-06,Kelt-9_b
5.740483069,2.3176206e-06,Kelt-9_b
5.74335331,2.9542604e-06,Kelt-9_b
5.746224987,3.5707222e-06,Kelt-9_b
5.749098099,4.0944114e-06,Kelt-9_b
5.751972648,4.4588442e-06,Kelt-9_b
5.754848635,4.6205743e-06,Kelt-9_b
5.757726059,4.5714807e-06,Kelt-9_b
5.760604922,4.3417165e-06,Kelt-9_b
5.763485224,3.9916886e-06,Kelt-9_b
5.766366967,3.5955008e-06,Kelt-9_b
5.769250151,3.2215237e-06,Kelt-9_b
5.772134776,2.916635e-06,Kelt-9_b
5.775020843,2.6989427e-06,Kelt-9_b
5.777908353,2.5602995e-06,Kelt-9_b
5.780797308,2.4762194e-06,Kelt-9_b
5.783687706,2.4184314e-06,Kelt-9_b
5.78657955,2.3650549e-06,Kelt-9_b
5.78947284,2.3051379e-06,Kelt-9_b
5.792367576,2.2371203e-06,Kelt-9_b
5.79526376,2.163373e-06,Kelt-9_b
5.798161392,2.084322e-06,Kelt-9_b
5.801060473,1.9952194e-06,Kelt-9_b
5.803961003,1.8868767e-06,Kelt-9_b
5.806862983,1.749679e-06,Kelt-9_b
5.809766415,1.5785083e-06,Kelt-9_b
5.812671298,1.3762057e-06,Kelt-9_b
5.815577634,1.154039e-06,Kelt-9_b
5.818485423,9.2938066e-07,Kelt-9_b
5.821394665,7.2147379e-07,Kelt-9_b
5.824305363,5.4761662e-07,Kelt-9_b
5.827217515,4.2050514e-07,Kelt-9_b
5.830131124,3.4738364e-07,Kelt-9_b
5.83304619,3.3047061e-07,Kelt-9_b
5.835962713,3.6778347e-07,Kelt-9_b
5.838880694,4.5361583e-07,Kelt-9_b
5.841800134,5.7843216e-07,Kelt-9_b
5.844721035,7.2854432e-07,Kelt-9_b
5.847643395,8.8625586e-07,Kelt-9_b
5.850567217,1.0311372e-06,Kelt-9_b
5.8534925,1.1427002e-06,Kelt-9_b
5.856419247,1.2039804e-06,Kelt-9_b
5.859347456,1.2050443e-06,Kelt-9_b
5.86227713,1.1452482e-06,Kelt-9_b
5.865208268,1.0333337e-06,Kelt-9_b
5.868140873,8.8531609e-07,Kelt-9_b
5.871074943,7.2074136e-07,Kelt-9_b
5.874010481,5.5852103e-07,Kelt-9_b
5.876947486,4.1365525e-07,Kelt-9_b
5.87988596,2.9553944e-07,Kelt-9_b
5.882825903,2.0805821e-07,Kelt-9_b
5.885767315,1.5101458e-07,Kelt-9_b
5.888710199,1.2214331e-07,Kelt-9_b
5.891654554,1.1895366e-07,Kelt-9_b
5.894600381,1.3985257e-07,Kelt-9_b
5.897547682,1.8429004e-07,Kelt-9_b
5.900496456,2.519958e-07,Kelt-9_b
5.903446704,3.4156501e-07,Kelt-9_b
5.906398427,4.4893972e-07,Kelt-9_b
5.909351626,5.6639016e-07,Kelt-9_b
5.912306302,6.825835e-07,Kelt-9_b
5.915262455,7.841318e-07,Kelt-9_b
5.918220087,8.580803e-07,Kelt-9_b
5.921179197,8.9539067e-07,Kelt-9_b
5.924139786,8.9361644e-07,Kelt-9_b
5.927101856,8.5829356e-07,Kelt-9_b
5.930065407,8.0252588e-07,Kelt-9_b
5.93303044,7.4495081e-07,Kelt-9_b
5.935996955,7.0753655e-07,Kelt-9_b
5.938964953,7.1232296e-07,Kelt-9_b
5.941934436,7.8197727e-07,Kelt-9_b
5.944905403,9.4004835e-07,Kelt-9_b
5.947877856,1.2128751e-06,Kelt-9_b
5.950851795,1.6310758e-06,Kelt-9_b
5.953827221,2.2306369e-06,Kelt-9_b
5.956804134,3.0529115e-06,Kelt-9_b
5.959782536,4.145463e-06,Kelt-9_b
5.962762428,5.5649278e-06,Kelt-9_b
5.965743809,7.3816706e-06,Kelt-9_b
5.968726681,9.6825583e-06,Kelt-9_b
5.971711044,1.2564744e-05,Kelt-9_b
5.9746969,1.6112798e-05,Kelt-9_b
5.977684248,2.0356429e-05,Kelt-9_b
5.98067309,2.5216258e-05,Kelt-9_b
5.983663427,3.0456609e-05,Kelt-9_b
5.986655258,3.5670382e-05,Kelt-9_b
5.989648586,4.0315623e-05,Kelt-9_b
5.99264341,4.3806312e-05,Kelt-9_b
5.995639732,4.5636927e-05,Kelt-9_b
5.998637552,4.5503207e-05,Kelt-9_b
6.001636871,4.3378899e-05,Kelt-9_b
6.004637689,3.9523131e-05,Kelt-9_b
6.007640008,3.4417724e-05,Kelt-9_b
6.010643828,2.8657833e-05,Kelt-9_b
6.01364915,2.283164e-05,Kelt-9_b
6.016655974,1.74228e-05,Kelt-9_b
6.019664302,1.275519e-05,Kelt-9_b
6.022674135,8.982748e-06,Kelt-9_b
6.025685472,6.1172534e-06,Kelt-9_b
6.028698314,4.0751077e-06,Kelt-9_b
6.031712663,2.7256459e-06,Kelt-9_b
6.03472852,1.9414808e-06,Kelt-9_b
6.037745884,1.6335232e-06,Kelt-9_b
6.040764757,1.7805467e-06,Kelt-9_b
6.043785139,2.4523135e-06,Kelt-9_b
6.046807032,3.8290259e-06,Kelt-9_b
6.049830435,6.213457e-06,Kelt-9_b
6.052855351,1.0027646e-05,Kelt-9_b
6.055881778,1.5780778e-05,Kelt-9_b
6.058909719,2.4002727e-05,Kelt-9_b
6.061939174,3.5113424e-05,Kelt-9_b
6.064970144,4.9312435e-05,Kelt-9_b
6.068002629,6.6369791e-05,Kelt-9_b
6.07103663,8.5635947e-05,Kelt-9_b
6.074072148,0.00010608378,Kelt-9_b
6.077109184,0.00012658455,Kelt-9_b
6.080147739,0.00014651856,Kelt-9_b
6.083187813,0.00016657948,Kelt-9_b
6.086229407,0.00018978088,Kelt-9_b
6.089272522,0.00022243214,Kelt-9_b
6.092317158,0.00027477808,Kelt-9_b
6.095363316,0.00036089993,Kelt-9_b
6.098410998,0.00049746203,Kelt-9_b
6.101460204,0.00070102579,Kelt-9_b
6.104510934,0.00098399259,Kelt-9_b
6.107563189,0.0013497647,Kelt-9_b
6.110616971,0.001788289,Kelt-9_b
6.113672279,0.002273523,Kelt-9_b
6.116729115,0.002764256,Kelt-9_b
6.11978748,0.0032089989,Kelt-9_b
6.122847374,0.0035544323,Kelt-9_b
6.125908797,0.0037556019,Kelt-9_b
6.128971752,0.0037852092,Kelt-9_b
6.132036238,0.0036393743,Kelt-9_b
6.135102256,0.0033382226,Kelt-9_b
6.138169807,0.0029212071,Kelt-9_b
6.141238892,0.0024386401,Kelt-9_b
6.144309511,0.0019418925,Kelt-9_b
6.147381666,0.0014747907,Kelt-9_b
6.150455357,0.0010681044,Kelt-9_b
6.153530584,0.00073776061,Kelt-9_b
6.15660735,0.00048637676,Kelt-9_b
6.159685653,0.00030689314,Kelt-9_b
6.162765496,0.00018696597,Kelt-9_b
6.165846879,0.00011280593,Kelt-9_b
6.168929802,7.2093329e-05,Kelt-9_b
6.172014267,5.5532977e-05,Kelt-9_b
6.175100274,5.7407974e-05,Kelt-9_b
6.178187825,7.542905e-05,Kelt-9_b
6.181276919,0.00011021437,Kelt-9_b
6.184367557,0.00016464836,Kelt-9_b
6.187459741,0.00024328978,Kelt-9_b
6.190553471,0.00035184182,Kelt-9_b
6.193648747,0.00049672587,Kelt-9_b
6.196745572,0.00068432976,Kelt-9_b
6.199843945,0.00091986357,Kelt-9_b
6.202943867,0.0012052754,Kelt-9_b
6.206045338,0.0015363482,Kelt-9_b
6.209148361,0.0018996726,Kelt-9_b
6.212252935,0.0022706906,Kelt-9_b
6.215359062,0.0026144872,Kelt-9_b
6.218466741,0.002890261,Kelt-9_b
6.221575975,0.0030592323,Kelt-9_b
6.224686763,0.0030942377,Kelt-9_b
6.227799106,0.0029877482,Kelt-9_b
6.230913006,0.002755778,Kelt-9_b
6.234028462,0.002435944,Kelt-9_b
6.237145476,0.0020803805,Kelt-9_b
6.240264049,0.001745854,Kelt-9_b
6.243384181,0.0014842428,Kelt-9_b
6.246505873,0.0013358903,Kelt-9_b
6.249629126,0.0013269406,Kelt-9_b
6.252753941,0.0014702404,Kelt-9_b
6.255880318,0.0017682508,Kelt-9_b
6.259008258,0.0022162099,Kelt-9_b
6.262137762,0.0028039394,Kelt-9_b
6.265268831,0.0035152163,Kelt-9_b
6.268401465,0.0043249685,Kelt-9_b
6.271535666,0.0051953326,Kelt-9_b
6.274671434,0.0060729079,Kelt-9_b
6.27780877,0.0068899613,Kelt-9_b
6.280947674,0.0075717119,Kelt-9_b
6.284088148,0.0080496281,Kelt-9_b
6.287230192,0.0082779855,Kelt-9_b
6.290373807,0.0082483156,Kelt-9_b
6.293518994,0.0079960173,Kelt-9_b
6.296665753,0.0075950425,Kelt-9_b
6.299814086,0.0071410703,Kelt-9_b
6.302963993,0.0067274005,Kelt-9_b
6.306115475,0.0064211728,Kelt-9_b
6.309268533,0.0062474008,Kelt-9_b
6.312423167,0.0061857421,Kelt-9_b
6.315579379,0.0061805092,Kelt-9_b
6.318737168,0.0061601212,Kelt-9_b
6.321896537,0.0060594372,Kelt-9_b
6.325057485,0.0058380451,Kelt-9_b
6.328220014,0.0054894739,Kelt-9_b
6.331384124,0.0050396216,Kelt-9_b
6.334549816,0.004536131,Kelt-9_b
6.337717091,0.004033058,Kelt-9_b
6.34088595,0.0035759118,Kelt-9_b
6.344056393,0.0031913351,Kelt-9_b
6.347228421,0.0028837157,Kelt-9_b
6.350402035,0.0026384876,Kelt-9_b
6.353577236,0.0024300001,Kelt-9_b
6.356754025,0.0022311086,Kelt-9_b
6.359932402,0.0020212151,Kelt-9_b
6.363112368,0.0017910547,Kelt-9_b
6.366293924,0.0015433406,Kelt-9_b
6.369477071,0.0012899214,Kelt-9_b
6.37266181,0.0010468727,Kelt-9_b
6.37584814,0.00082934887,Kelt-9_b
6.379036064,0.00064769327,Kelt-9_b
6.382225583,0.00050563579,Kelt-9_b
6.385416695,0.00040066662,Kelt-9_b
6.388609404,0.00032591354,Kelt-9_b
6.391803708,0.00027268083,Kelt-9_b
6.39499961,0.00023283129,Kelt-9_b
6.39819711,0.00020022822,Kelt-9_b
6.401396209,0.00017126382,Kelt-9_b
6.404596907,0.00014453477,Kelt-9_b
6.407799205,0.00012003411,Kelt-9_b
6.411003105,9.8284355e-05,Kelt-9_b
6.414208606,7.9712654e-05,Kelt-9_b
6.417415711,6.4338145e-05,Kelt-9_b
6.420624418,5.1802892e-05,Kelt-9_b
6.423834731,4.1554715e-05,Kelt-9_b
6.427046648,3.3048179e-05,Kelt-9_b
6.430260171,2.5871969e-05,Kelt-9_b
6.433475301,1.980023e-05,Kelt-9_b
6.436692039,1.4727384e-05,Kelt-9_b
6.439910385,1.0609433e-05,Kelt-9_b
6.44313034,7.3958098e-06,Kelt-9_b
6.446351905,4.9986556e-06,Kelt-9_b
6.449575081,3.2924454e-06,Kelt-9_b
6.452799869,2.131713e-06,Kelt-9_b
6.456026269,1.3728479e-06,Kelt-9_b
6.459254282,8.9171266e-07,Kelt-9_b
6.462483909,5.9134814e-07,Kelt-9_b
6.465715151,4.0280812e-07,Kelt-9_b
6.468948009,2.8047384e-07,Kelt-9_b
6.472182483,1.972699e-07,Kelt-9_b
6.475418574,1.3803344e-07,Kelt-9_b
6.478656283,9.4713217e-08,Kelt-9_b
6.481895611,6.3004049e-08,Kelt-9_b
6.485136559,4.0200366e-08,Kelt-9_b
6.488379127,2.4572302e-08,Kelt-9_b
6.491623317,1.4331238e-08,Kelt-9_b
6.494869129,7.9425002e-09,Kelt-9_b
6.498116563,4.1749416e-09,Kelt-9_b
6.501365622,2.0793827e-09,Kelt-9_b
6.504616304,9.7619694e-10,Kelt-9_b
6.507868612,4.3684782e-10,Kelt-9_b
6.511122547,1.8494564e-10,Kelt-9_b
6.514378108,7.4079143e-11,Kelt-9_b
6.517635297,2.8071673e-11,Kelt-9_b
6.520894115,1.0063879e-11,Kelt-9_b
6.524154562,3.412984e-12,Kelt-9_b
6.527416639,1.3443239e-15,Kelt-9_b
6.530680347,5.2774699e-16,Kelt-9_b
6.533945688,5.9763475e-16,Kelt-9_b
6.53721266,6.452318800000001e-16,Kelt-9_b
6.540481267,6.6208315e-16,Kelt-9_b
6.543751507,6.4583086e-16,Kelt-9_b
6.547023383,6.006018e-16,Kelt-9_b
6.550296895,5.359361900000001e-16,Kelt-9_b
6.553572043,4.6452005e-16,Kelt-9_b
6.556848829,3.9924881000000005e-16,Kelt-9_b
6.560127254,3.5054169e-16,Kelt-9_b
6.563407317,3.2453168e-16,Kelt-9_b
6.566689021,3.2239509e-16,Kelt-9_b
6.569972366,3.4083963000000005e-16,Kelt-9_b
6.573257352,3.7342152000000003e-16,Kelt-9_b
6.57654398,4.1224535000000004e-16,Kelt-9_b
6.579832252,4.495911100000001e-16,Kelt-9_b
6.583122169,4.791190600000001e-16,Kelt-9_b
6.58641373,4.964818700000001e-16,Kelt-9_b
6.589706936,4.993798400000001e-16,Kelt-9_b
6.59300179,4.8726789e-16,Kelt-9_b
6.596298291,4.6097411e-16,Kelt-9_b
6.59959644,4.2241511e-16,Kelt-9_b
6.602896238,3.7443915000000003e-16,Kelt-9_b
6.606197686,3.2069252000000003e-16,Kelt-9_b
6.609500785,2.6536614e-16,Kelt-9_b
6.612805536,2.1276920000000002e-16,Kelt-9_b
6.616111938,1.6673410000000003e-16,Kelt-9_b
6.619419994,1.3007974e-16,Kelt-9_b
6.622729704,1.0421555000000001e-16,Kelt-9_b
6.626041069,8.9561555e-17,Kelt-9_b
6.62935409,8.5045502e-17,Kelt-9_b
6.632668767,8.9415717e-17,Kelt-9_b
6.635985101,1.0339566000000001e-16,Kelt-9_b
6.639303094,1.3212963e-16,Kelt-9_b
6.642622745,1.9033118000000001e-16,Kelt-9_b
6.645944057,3.1020881000000003e-16,Kelt-9_b
6.649267029,5.5292064e-16,Kelt-9_b
6.652591662,1.0230085e-15,Kelt-9_b
6.655917958,1.8828576e-15,Kelt-9_b
6.659245917,3.3607677e-15,Kelt-9_b
6.66257554,5.7427485e-15,Kelt-9_b
6.665906828,9.3370495e-15,Kelt-9_b
6.669239781,1.4404632e-14,Kelt-9_b
6.672574401,2.1060028e-14,Kelt-9_b
6.675910688,2.916368e-14,Kelt-9_b
6.679248644,3.8242737e-14,Kelt-9_b
6.682588268,4.7482683e-14,Kelt-9_b
6.685929562,5.5820047e-14,Kelt-9_b
6.689272527,2.4253423e-13,Kelt-9_b
6.692617163,5.9740768e-13,Kelt-9_b
6.695963472,1.5491538e-12,Kelt-9_b
6.699311453,3.977561e-12,Kelt-9_b
6.702661109,9.8317492e-12,Kelt-9_b
6.70601244,2.3138818e-11,Kelt-9_b
6.709365446,5.1638431e-11,Kelt-9_b
6.712720129,1.0911471e-10,Kelt-9_b
6.716076489,2.1819292e-10,Kelt-9_b
6.719434527,4.1282131e-10,Kelt-9_b
6.722794244,7.3895482e-10,Kelt-9_b
6.726155641,1.2514033e-09,Kelt-9_b
6.729518719,2.0049173e-09,Kelt-9_b
6.732883478,3.0388835e-09,Kelt-9_b
6.73624992,4.3576218e-09,Kelt-9_b
6.739618045,5.9115689e-09,Kelt-9_b
6.742987854,7.587062e-09,Kelt-9_b
6.746359348,9.2121745e-09,Kelt-9_b
6.749732528,1.0582013e-08,Kelt-9_b
6.753107394,1.1499848e-08,Kelt-9_b
6.756483948,1.1823158e-08,Kelt-9_b
6.75986219,1.1499859e-08,Kelt-9_b
6.763242121,1.0582035e-08,Kelt-9_b
6.766623742,9.2122027e-09,Kelt-9_b
6.770007054,7.5870931e-09,Kelt-9_b
6.773392057,5.911599e-09,Kelt-9_b
6.776778753,4.3576481e-09,Kelt-9_b
6.780167143,3.038904e-09,Kelt-9_b
6.783557226,2.004931e-09,Kelt-9_b
6.786949005,1.2514097e-09,Kelt-9_b
6.790342479,7.3895374e-10,Kelt-9_b
6.793737651,4.1281229e-10,Kelt-9_b
6.797134519,2.1817532e-10,Kelt-9_b
6.800533087,1.0908782e-10,Kelt-9_b
6.803933353,5.1601767e-11,Kelt-9_b
6.80733532,2.3092477e-11,Kelt-9_b
6.810738988,9.776741e-12,Kelt-9_b
6.814144357,3.9159339e-12,Kelt-9_b
6.817551429,1.5203469e-12,Kelt-9_b
6.820960205,3.6665783e-12,Kelt-9_b
6.824370685,9.9638494e-12,Kelt-9_b
6.82778287,2.7334373e-11,Kelt-9_b
6.831196762,7.2270663e-11,Kelt-9_b
6.83461236,1.8082325e-10,Kelt-9_b
6.838029666,4.2821543e-10,Kelt-9_b
6.841448681,9.5953031e-10,Kelt-9_b
6.844869406,2.034732e-09,Kelt-9_b
6.84829184,4.0833174e-09,Kelt-9_b
6.851715986,7.7550177e-09,Kelt-9_b
6.855141844,1.3938747e-08,Kelt-9_b
6.858569415,2.3710737e-08,Kelt-9_b
6.8619987,3.8173129e-08,Kelt-9_b
6.865429699,5.8166822e-08,Kelt-9_b
6.868862414,8.3890799e-08,Kelt-9_b
6.872296845,1.1452367e-07,Kelt-9_b
6.875732994,1.4799388e-07,Kelt-9_b
6.87917086,1.810472e-07,Kelt-9_b
6.882610446,2.0969102e-07,Kelt-9_b
6.886051751,2.2996348e-07,Kelt-9_b
6.889494777,2.3883255e-07,Kelt-9_b
6.892939524,2.3494475e-07,Kelt-9_b
6.896385994,2.189674e-07,Kelt-9_b
6.899834187,1.9340434e-07,Kelt-9_b
6.903284104,1.6195415e-07,Kelt-9_b
6.906735746,1.286369e-07,Kelt-9_b
6.910189114,9.6972091e-08,Kelt-9_b
6.913644208,6.9431559e-08,Kelt-9_b
6.91710103,4.7259368e-08,Kelt-9_b
6.920559581,3.0613319e-08,Kelt-9_b
6.924019861,1.8896427e-08,Kelt-9_b
6.927481871,1.1131152e-08,Kelt-9_b
6.930945612,6.2681396e-09,Kelt-9_b
6.934411084,3.381332e-09,Kelt-9_b
6.93787829,1.7527189e-09,Kelt-9_b
6.941347229,8.7819365e-10,Kelt-9_b
6.944817903,4.3163202e-10,Kelt-9_b
6.948290312,2.1628903e-10,Kelt-9_b
6.951764457,1.2040944e-10,Kelt-9_b
6.955240339,8.3665488e-11,Kelt-9_b
6.958717959,7.4761429e-11,Kelt-9_b
6.962197318,7.6962449e-11,Kelt-9_b
6.965678417,8.4805116e-11,Kelt-9_b
6.969161256,9.2752721e-11,Kelt-9_b
6.972645837,9.8833782e-11,Kelt-9_b
6.97613216,1.0235368e-10,Kelt-9_b
6.979620226,1.0302756e-10,Kelt-9_b
6.983110036,1.0090039e-10,Kelt-9_b
6.986601591,9.6034941e-11,Kelt-9_b
6.990094892,8.867592e-11,Kelt-9_b
6.993589939,7.9217307e-11,Kelt-9_b
6.997086734,6.8238291e-11,Kelt-9_b
7.000585277,5.6485766e-11,Kelt-9_b
7.00408557,4.4787897e-11,Kelt-9_b
7.007587613,3.3922113e-11,Kelt-9_b
7.011091407,2.4485413e-11,Kelt-9_b
7.014596952,1.6812912e-11,Kelt-9_b
7.018104251,1.0966864e-11,Kelt-9_b
7.021613303,6.7885398e-12,Kelt-9_b
7.02512411,3.9848308e-12,Kelt-9_b
7.028636672,2.2171418e-12,Kelt-9_b
7.03215099,1.1691645e-12,Kelt-9_b
7.035667065,5.8451951e-13,Kelt-9_b
7.039184899,2.7736185e-13,Kelt-9_b
7.042704491,1.2492679e-13,Kelt-9_b
7.046225844,5.4114996e-14,Kelt-9_b
7.049748957,2.2916702e-14,Kelt-9_b
7.053273831,1.0135656e-14,Kelt-9_b
7.056800468,5.6529975e-15,Kelt-9_b
7.060328868,5.0863301e-15,Kelt-9_b
7.063859033,6.512259e-15,Kelt-9_b
7.067390962,1.0338002e-14,Kelt-9_b
7.070924658,1.5949078e-14,Kelt-9_b
7.07446012,2.3534368e-14,Kelt-9_b
7.07799735,3.300686e-14,Kelt-9_b
7.081536349,4.3893794e-14,Kelt-9_b
7.085077117,5.529884e-14,Kelt-9_b
7.088619655,6.5979196e-14,Kelt-9_b
7.092163965,7.4552092e-14,Kelt-9_b
7.095710047,7.9785873e-14,Kelt-9_b
7.099257902,8.089951e-14,Kelt-9_b
7.102807531,3.1544156e-12,Kelt-9_b
7.106358935,7.5622923e-11,Kelt-9_b
7.109912115,2.3001214e-10,Kelt-9_b
7.113467071,6.3905944e-10,Kelt-9_b
7.117023804,1.6807143e-09,Kelt-9_b
7.120582316,4.1837484e-09,Kelt-9_b
7.124142607,9.8569391e-09,Kelt-9_b
7.127704678,2.1979507e-08,Kelt-9_b
7.131268531,4.6386375e-08,Kelt-9_b
7.134834165,9.2652657e-08,Kelt-9_b
7.138401582,1.7515363e-07,Kelt-9_b
7.141970783,3.1338157e-07,Kelt-9_b
7.145541768,5.3066498e-07,Kelt-9_b
7.149114539,8.5047195e-07,Kelt-9_b
7.152689096,1.290008e-06,Kelt-9_b
7.156265441,1.851903e-06,Kelt-9_b
7.159843574,2.5161608e-06,Kelt-9_b
7.163423496,3.2355948e-06,Kelt-9_b
7.167005207,3.9379209e-06,Kelt-9_b
7.17058871,4.5360605e-06,Kelt-9_b
7.174174004,4.945291e-06,Kelt-9_b
7.177761091,5.1027998e-06,Kelt-9_b
7.181349972,4.9834678e-06,Kelt-9_b
7.184940647,4.6064282e-06,Kelt-9_b
7.188533117,4.0300446e-06,Kelt-9_b
7.192127384,3.3371209e-06,Kelt-9_b
7.195723447,2.6154986e-06,Kelt-9_b
7.199321309,1.9402679e-06,Kelt-9_b
7.20292097,1.3623792e-06,Kelt-9_b
7.20652243,9.0545775e-07,Kelt-9_b
7.210125691,5.6960959e-07,Kelt-9_b
7.213730754,3.3918049e-07,Kelt-9_b
7.21733762,1.9117684e-07,Kelt-9_b
7.220946288,1.0199973e-07,Kelt-9_b
7.224556762,5.1515388e-08,Kelt-9_b
7.22816904,2.4631203e-08,Kelt-9_b
7.231783125,1.1153726e-08,Kelt-9_b
7.235399016,4.7909311e-09,Kelt-9_b
7.239016716,1.9677386e-09,Kelt-9_b
7.242636224,8.5286984e-10,Kelt-9_b
7.246257542,5.4757545e-10,Kelt-9_b
7.249880671,7.7854287e-10,Kelt-9_b
7.253505611,1.6727173e-09,Kelt-9_b
7.257132364,3.8965649e-09,Kelt-9_b
7.26076093,8.7493415e-09,Kelt-9_b
7.264391311,1.8762352e-08,Kelt-9_b
7.268023506,3.8337235e-08,Kelt-9_b
7.271657518,7.4537303e-08,Kelt-9_b
7.275293347,1.3776752e-07,Kelt-9_b
7.278930993,2.4190753e-07,Kelt-9_b
7.282570459,4.033223e-07,Kelt-9_b
7.286211744,6.3821242e-07,Kelt-9_b
7.28985485,9.581333e-07,Kelt-9_b
7.293499777,1.3642483e-06,Kelt-9_b
7.297146527,1.841811e-06,Kelt-9_b
7.300795101,2.3570786e-06,Kelt-9_b
7.304445498,2.8588272e-06,Kelt-9_b
7.308097721,3.2855395e-06,Kelt-9_b
7.31175177,3.5773535e-06,Kelt-9_b
7.315407646,3.6897329e-06,Kelt-9_b
7.31906535,3.6045942e-06,Kelt-9_b
7.322724882,3.3350667e-06,Kelt-9_b
7.326386245,2.922164e-06,Kelt-9_b
7.330049438,2.4245316e-06,Kelt-9_b
7.333714462,1.9048075e-06,Kelt-9_b
7.33738132,1.4169557e-06,Kelt-9_b
7.34105001,9.9800136e-07,Kelt-9_b
7.344720535,6.6553692e-07,Kelt-9_b
7.348392896,4.2023615e-07,Kelt-9_b
7.352067092,2.5127661e-07,Kelt-9_b
7.355743126,1.4233752e-07,Kelt-9_b
7.359420997,7.6467608e-08,Kelt-9_b
7.363100708,3.9080588e-08,Kelt-9_b
7.366782258,1.9161055e-08,Kelt-9_b
7.370465649,9.2149527e-09,Kelt-9_b
7.374150882,4.5831683e-09,Kelt-9_b
7.377837957,2.5958067e-09,Kelt-9_b
7.381526876,1.8352863e-09,Kelt-9_b
7.38521764,1.6053887e-09,Kelt-9_b
7.388910249,1.5882014e-09,Kelt-9_b
7.392604704,1.6361232e-09,Kelt-9_b
7.396301006,1.7339954e-09,Kelt-9_b
7.399999157,1.8338718e-09,Kelt-9_b
7.403699156,1.9177292e-09,Kelt-9_b
7.407401006,1.9712867e-09,Kelt-9_b
7.411104706,1.9799424e-09,Kelt-9_b
7.414810259,1.9342049e-09,Kelt-9_b
7.418517664,1.8337167e-09,Kelt-9_b
7.422226923,1.6879451e-09,Kelt-9_b
7.425938036,1.5135363e-09,Kelt-9_b
7.429651005,1.3305047e-09,Kelt-9_b
7.433365831,1.1605605e-09,Kelt-9_b
7.437082514,1.0179405e-09,Kelt-9_b
7.440801055,9.4371438e-10,Kelt-9_b
7.444521455,9.7606852e-10,Kelt-9_b
7.448243716,1.2346064e-09,Kelt-9_b
7.451967838,1.9628441e-09,Kelt-9_b
7.455693822,3.6453161e-09,Kelt-9_b
7.459421669,7.1869906e-09,Kelt-9_b
7.46315138,1.4168033e-08,Kelt-9_b
7.466882955,2.715613e-08,Kelt-9_b
7.470616397,5.0005491e-08,Kelt-9_b
7.474351705,8.7999589e-08,Kelt-9_b
7.478088881,1.4762823e-07,Kelt-9_b
7.481827925,2.3577516e-07,Kelt-9_b
7.485568839,3.5818509e-07,Kelt-9_b
7.489311624,5.1731035e-07,Kelt-9_b
7.493056279,7.0997575e-07,Kelt-9_b
7.496802808,9.2562398e-07,Kelt-9_b
7.500551209,1.1460312e-06,Kelt-9_b
7.504301485,1.3471477e-06,Kelt-9_b
7.508053635,1.5030963e-06,Kelt-9_b
7.511807662,1.5915271e-06,Kelt-9_b
7.515563566,1.5988417e-06,Kelt-9_b
7.519321348,1.5236124e-06,Kelt-9_b
7.523081008,1.3770171e-06,Kelt-9_b
7.526842549,1.1801109e-06,Kelt-9_b
7.53060597,9.5885467e-07,Kelt-9_b
7.534371273,7.3852023e-07,Kelt-9_b
7.538138459,5.3912658e-07,Kelt-9_b
7.541907528,3.7298076e-07,Kelt-9_b
7.545678482,2.4451723e-07,Kelt-9_b
7.549451321,1.5189862e-07,Kelt-9_b
7.553226047,8.9439211e-08,Kelt-9_b
7.55700266,4.9993614e-08,Kelt-9_b
7.560781161,2.6699877e-08,Kelt-9_b
7.564561552,1.4024202e-08,Kelt-9_b
7.568343832,8.0981233e-09,Kelt-9_b
7.572128004,6.6813573e-09,Kelt-9_b
7.575914068,8.9720773e-09,Kelt-9_b
7.579702025,1.5431702e-08,Kelt-9_b
7.583491876,2.7689762e-08,Kelt-9_b
7.587283622,4.8500448e-08,Kelt-9_b
7.591077264,8.1657607e-08,Kelt-9_b
7.594872803,1.3170361e-07,Kelt-9_b
7.598670239,2.0334648e-07,Kelt-9_b
7.602469574,3.0038923e-07,Kelt-9_b
7.606270809,4.2434462e-07,Kelt-9_b
7.610073944,5.7288838e-07,Kelt-9_b
7.613878981,7.3864464e-07,Kelt-9_b
7.617685921,9.0890302e-07,Kelt-9_b
7.621494764,1.0667632e-06,Kelt-9_b
7.625305511,1.1938478e-06,Kelt-9_b
7.629118164,1.2741469e-06,Kelt-9_b
7.632932723,1.2979927e-06,Kelt-9_b
7.636749189,1.2648794e-06,Kelt-9_b
7.640567564,1.1840557e-06,Kelt-9_b
7.644387848,1.0725e-06,Kelt-9_b
7.648210042,9.5078422e-07,Kelt-9_b
7.652034147,8.3807773e-07,Kelt-9_b
7.655860164,7.4780931e-07,Kelt-9_b
7.659688094,6.8522152e-07,Kelt-9_b
7.663517938,6.4735722e-07,Kelt-9_b
7.667349697,6.2521411e-07,Kelt-9_b
7.671183372,6.0718213e-07,Kelt-9_b
7.675018963,5.8261963e-07,Kelt-9_b
7.678856473,5.4455398e-07,Kelt-9_b
7.682695901,4.9090957e-07,Kelt-9_b
7.686537249,4.2419597e-07,Kelt-9_b
7.690380518,3.5004914e-07,Kelt-9_b
7.694225708,2.7527432e-07,Kelt-9_b
7.698072821,2.060424e-07,Kelt-9_b
7.701921857,1.4669578e-07,Kelt-9_b
7.705772818,9.9309236e-08,Kelt-9_b
7.709625705,6.3912249e-08,Kelt-9_b
7.713480517,3.910015e-08,Kelt-9_b
7.717337258,2.2753129e-08,Kelt-9_b
7.721195926,1.2621861e-08,Kelt-9_b
7.725056524,6.7518556e-09,Kelt-9_b
7.728919053,3.6710071e-09,Kelt-9_b
7.732783512,2.4417729e-09,Kelt-9_b
7.736649904,2.7083917e-09,Kelt-9_b
7.740518229,4.7009696e-09,Kelt-9_b
7.744388488,9.1555983e-09,Kelt-9_b
7.748260682,1.7827328e-08,Kelt-9_b
7.752134813,3.3714778e-08,Kelt-9_b
7.75601088,6.1768245e-08,Kelt-9_b
7.759888885,1.1001341e-07,Kelt-9_b
7.76376883,1.9138875e-07,Kelt-9_b
7.767650714,3.2552046e-07,Kelt-9_b
7.77153454,5.424448e-07,Kelt-9_b
7.775420307,8.8490913e-07,Kelt-9_b
7.779308017,1.4096855e-06,Kelt-9_b
7.783197671,2.1853266e-06,Kelt-9_b
7.78708927,3.2847717e-06,Kelt-9_b
7.790982815,4.7725113e-06,Kelt-9_b
7.794878306,6.6884692e-06,Kelt-9_b
7.798775745,9.0332697e-06,Kelt-9_b
7.802675133,1.1760456e-05,Kelt-9_b
7.806576471,1.4779172e-05,Kelt-9_b
7.810479759,1.7966036e-05,Kelt-9_b
7.814384999,2.1179794e-05,Kelt-9_b
7.818292191,2.4270447e-05,Kelt-9_b
7.822201337,2.7078189e-05,Kelt-9_b
7.826112438,2.9425726e-05,Kelt-9_b
7.830025494,3.1115311e-05,Kelt-9_b
7.833940507,3.1943304e-05,Kelt-9_b
7.837857477,3.1737483e-05,Kelt-9_b
7.841776406,3.0408702e-05,Kelt-9_b
7.845697294,2.7996806e-05,Kelt-9_b
7.849620143,2.4688522e-05,Kelt-9_b
7.853544953,2.0794832e-05,Kelt-9_b
7.857471725,1.6692157e-05,Kelt-9_b
7.861400461,1.2746931e-05,Kelt-9_b
7.865331161,9.2486228e-06,Kelt-9_b
7.869263827,6.3707084e-06,Kelt-9_b
7.873198459,4.1662278e-06,Kelt-9_b
7.877135058,2.5915373e-06,Kelt-9_b
7.881073626,1.5443318e-06,Kelt-9_b
7.885014162,9.0162419e-07,Kelt-9_b
7.888956669,5.4796194e-07,Kelt-9_b
7.892901148,3.9052887e-07,Kelt-9_b
7.896847598,3.6271953e-07,Kelt-9_b
7.900796022,4.2033254e-07,Kelt-9_b
7.90474642,5.3460197e-07,Kelt-9_b
7.908698793,6.8499987e-07,Kelt-9_b
7.912653143,8.5438632e-07,Kelt-9_b
7.916609469,1.0260723e-06,Kelt-9_b
7.920567774,1.1837026e-06,Kelt-9_b
7.924528058,1.3124172e-06,Kelt-9_b
7.928490322,1.4015895e-06,Kelt-9_b
7.932454567,1.4468927e-06,Kelt-9_b
7.936420794,1.4538788e-06,Kelt-9_b
7.940389005,1.4403325e-06,Kelt-9_b
7.944359199,1.4382608e-06,Kelt-9_b
7.948331379,1.4944522e-06,Kelt-9_b
7.952305545,1.6683645e-06,Kelt-9_b
7.956281697,2.0258465e-06,Kelt-9_b
7.960259838,2.6275958e-06,Kelt-9_b
7.964239968,3.5126865e-06,Kelt-9_b
7.968222088,4.6798834e-06,Kelt-9_b
7.972206199,6.0720929e-06,Kelt-9_b
7.976192302,7.5707883e-06,Kelt-9_b
7.980180398,9.0061611e-06,Kelt-9_b
7.984170489,1.018449e-05,Kelt-9_b
7.988162574,1.0927836e-05,Kelt-9_b
7.992156655,1.1115306e-05,Kelt-9_b
7.996152734,1.071278e-05,Kelt-9_b
8.00015081,9.782754e-06,Kelt-9_b
8.004150885,8.4710343e-06,Kelt-9_b
8.008152961,6.964471e-06,Kelt-9_b
8.012157037,5.4723124e-06,Kelt-9_b
8.016163116,4.198301e-06,Kelt-9_b
8.020171197,3.3532417e-06,Kelt-9_b
8.024181283,3.2065257e-06,Kelt-9_b
8.028193374,4.1821826e-06,Kelt-9_b
8.03220747,6.9934292e-06,Kelt-9_b
8.036223574,1.2792794e-05,Kelt-9_b
8.040241686,2.3289358e-05,Kelt-9_b
8.044261807,4.0754769e-05,Kelt-9_b
8.048283938,6.7821227e-05,Kelt-9_b
8.052308079,0.00010699153,Kelt-9_b
8.056334234,0.00015985625,Kelt-9_b
8.060362401,0.00022614455,Kelt-9_b
8.064392582,0.00030288643,Kelt-9_b
8.068424778,0.00038405665,Kelt-9_b
8.072458991,0.00046102515,Kelt-9_b
8.07649522,0.00052391746,Kelt-9_b
8.080533468,0.0005636472,Kelt-9_b
8.084573734,0.00057406105,Kelt-9_b
8.088616021,0.00055350286,Kelt-9_b
8.092660329,0.00050524957,Kelt-9_b
8.096706659,0.00043666147,Kelt-9_b
8.100755013,0.00035734949,Kelt-9_b
8.10480539,0.00027698652,Kelt-9_b
8.108857793,0.00020344306,Kelt-9_b
8.112912222,0.00014171576,Kelt-9_b
8.116968678,9.3770143e-05,Kelt-9_b
8.121027162,5.9102672e-05,Kelt-9_b
8.125087676,3.5661758e-05,Kelt-9_b
8.12915022,2.0773209e-05,Kelt-9_b
8.133214795,1.1838091e-05,Kelt-9_b
8.137281402,6.7240584e-06,Kelt-9_b
8.141350043,3.8885551e-06,Kelt-9_b
8.145420718,2.3278834e-06,Kelt-9_b
8.149493428,1.4481e-06,Kelt-9_b
8.153568175,9.2664038e-07,Kelt-9_b
8.157644959,6.0034219e-07,Kelt-9_b
8.161723782,3.8972605e-07,Kelt-9_b
8.165804643,2.5440598e-07,Kelt-9_b
8.169887546,1.7165853e-07,Kelt-9_b
8.17397249,1.321507e-07,Kelt-9_b
8.178059476,1.2261121e-07,Kelt-9_b
8.182148506,1.3884644e-07,Kelt-9_b
8.18623958,1.8000327e-07,Kelt-9_b
8.1903327,2.4883298e-07,Kelt-9_b
8.194427866,3.5284746e-07,Kelt-9_b
8.19852508,5.0694514e-07,Kelt-9_b
8.202624342,7.3923764e-07,Kelt-9_b
8.206725655,1.127366e-06,Kelt-9_b
8.210829017,1.7648539e-06,Kelt-9_b
8.214934432,2.8291409e-06,Kelt-9_b
8.219041899,4.6619374e-06,Kelt-9_b
8.22315142,7.8877343e-06,Kelt-9_b
8.227262996,1.3670879e-05,Kelt-9_b
8.231376627,2.4161917e-05,Kelt-9_b
8.235492316,4.3182135e-05,Kelt-9_b
8.239610062,7.7130226e-05,Kelt-9_b
8.243729867,0.00013593316,Kelt-9_b
8.247851732,0.00023363304,Kelt-9_b
8.251975658,0.00038797136,Kelt-9_b
8.256101645,0.0006182549,Kelt-9_b
8.260229696,0.00094104917,Kelt-9_b
8.264359811,0.0013639567,Kelt-9_b
8.268491991,0.0018787916,Kelt-9_b
8.272626237,0.0024564661,Kelt-9_b
8.27676255,0.0030462603,Kelt-9_b
8.280900931,0.0035813605,Kelt-9_b
8.285041382,0.0039905925,Kelt-9_b
8.289183903,0.0042137701,Kelt-9_b
8.293328494,0.0042161643,Kelt-9_b
8.297475159,0.0039973129,Kelt-9_b
8.301623896,0.0035911026,Kelt-9_b
8.305774708,0.0030571163,Kelt-9_b
8.309927596,0.0024663021,Kelt-9_b
8.314082559,0.0018857076,Kelt-9_b
8.318239601,0.0013668053,Kelt-9_b
8.32239872,0.00093973166,Kelt-9_b
8.32655992,0.00061427837,Kelt-9_b
8.3307232,0.00038513349,Kelt-9_b
8.334888561,0.00023941717,Kelt-9_b
8.339056006,0.00016430284,Kelt-9_b
8.343225534,0.0001535976,Kelt-9_b
8.347397146,0.0002129818,Kelt-9_b
8.351570845,0.00036387141,Kelt-9_b
8.35574663,0.00064545963,Kelt-9_b
8.359924504,0.0011136467,Kelt-9_b
8.364104466,0.001834884,Kelt-9_b
8.368286518,0.0028731467,Kelt-9_b
8.372470662,0.0042699245,Kelt-9_b
8.376656897,0.0060201824,Kelt-9_b
8.380845225,0.0080509601,Kelt-9_b
8.385035648,0.010211637,Kelt-9_b
8.389228166,0.012283936,Kelt-9_b
8.39342278,0.014014899,Kelt-9_b
8.397619491,0.01516756,Kelt-9_b
8.401818301,0.015576513,Kelt-9_b
8.40601921,0.015191402,Kelt-9_b
8.41022222,0.014094095,Kelt-9_b
8.414427331,0.012483787,Kelt-9_b
8.418634544,0.010635023,Kelt-9_b
8.422843862,0.0088417661,Kelt-9_b
8.427055284,0.0073629442,Kelt-9_b
8.431268811,0.0063813802,Kelt-9_b
8.435484446,0.0059814708,Kelt-9_b
8.439702188,0.0061451206,Kelt-9_b
8.443922039,0.0067625948,Kelt-9_b
8.448144,0.0076548853,Kelt-9_b
8.452368072,0.0086049853,Kelt-9_b
8.456594256,0.0093950372,Kelt-9_b
8.460822553,0.0098443296,Kelt-9_b
8.465052965,0.0098408272,Kelt-9_b
8.469285491,0.0093585384,Kelt-9_b
8.473520134,0.0084558478,Kelt-9_b
8.477756894,0.0072553455,Kelt-9_b
8.481995772,0.0059114845,Kelt-9_b
8.48623677,0.0045756481,Kelt-9_b
8.490479889,0.0033684619,Kelt-9_b
8.494725128,0.0023649921,Kelt-9_b
8.498972491,0.0015934108,Kelt-9_b
8.503221977,0.0010446627,Kelt-9_b
8.507473588,0.00068692689,Kelt-9_b
8.511727325,0.00048031678,Kelt-9_b
8.515983189,0.00038849821,Kelt-9_b
8.52024118,0.00038595169,Kelt-9_b
8.524501301,0.00046108684,Kelt-9_b
8.528763552,0.00061565946,Kelt-9_b
8.533027933,0.00086111395,Kelt-9_b
8.537294447,0.0012122942,Kelt-9_b
8.541563095,0.0016793649,Kelt-9_b
8.545833876,0.0022595067,Kelt-9_b
8.550106793,0.0029307166,Kelt-9_b
8.554381846,0.0036502867,Kelt-9_b
8.558659037,0.0043593076,Kelt-9_b
8.562938367,0.0049930191,Kelt-9_b
8.567219836,0.0054940178,Kelt-9_b
8.571503446,0.0058242462,Kelt-9_b
8.575789198,0.0059715091,Kelt-9_b
8.580077092,0.0059485426,Kelt-9_b
8.584367131,0.005785531,Kelt-9_b
8.588659314,0.0055195379,Kelt-9_b
8.592953644,0.0051851372,Kelt-9_b
8.597250121,0.0048093056,Kelt-9_b
8.601548746,0.0044111319,Kelt-9_b
8.60584952,0.0040045796,Kelt-9_b
8.610152445,0.0036015571,Kelt-9_b
8.614457521,0.0032130822,Kelt-9_b
8.61876475,0.0028485185,Kelt-9_b
8.623074132,0.0025137059,Kelt-9_b
8.627385669,0.0022100359,Kelt-9_b
8.631699362,0.0019355222,Kelt-9_b
8.636015212,0.0016877484,Kelt-9_b
8.64033322,0.0014675697,Kelt-9_b
8.644653386,0.0012820555,Kelt-9_b
8.648975713,0.0011455537,Kelt-9_b
8.653300201,0.0010786076,Kelt-9_b
8.657626851,0.0011044332,Kelt-9_b
8.661955664,0.0012442483,Kelt-9_b
8.666286642,0.0015114058,Kelt-9_b
8.670619785,0.0019059429,Kelt-9_b
8.674955095,0.0024109064,Kelt-9_b
8.679292573,0.0029926601,Kelt-9_b
8.683632219,0.0036069357,Kelt-9_b
8.687974035,0.004211274,Kelt-9_b
8.692318022,0.0047816168,Kelt-9_b
8.696664181,0.0053286851,Kelt-9_b
8.701012513,0.0059073519,Kelt-9_b
8.70536302,0.0066130754,Kelt-9_b
8.709715701,0.007562002,Kelt-9_b
8.714070559,0.0088569114,Kelt-9_b
8.718427594,0.010547224,Kelt-9_b
8.722786808,0.012595595,Kelt-9_b
8.727148201,0.014864796,Kelt-9_b
8.731511776,0.017132753,Kelt-9_b
8.735877531,0.019135257,Kelt-9_b
8.74024547,0.0206248,Kelt-9_b
8.744615593,0.021427078,Kelt-9_b
8.748987901,0.021476912,Kelt-9_b
8.753362395,0.020823243,Kelt-9_b
8.757739076,0.019604974,Kelt-9_b
8.762117945,0.018009907,Kelt-9_b
8.766499004,0.016232816,Kelt-9_b
8.770882254,0.014445028,Kelt-9_b
8.775267695,0.0127791,Kelt-9_b
8.779655329,0.011325181,Kelt-9_b
8.784045157,0.010132025,Kelt-9_b
8.788437179,0.0092094883,Kelt-9_b
8.792831398,0.008531905,Kelt-9_b
8.797227813,0.0080463781,Kelt-9_b
8.801626427,0.0076880039,Kelt-9_b
8.806027241,0.0074005359,Kelt-9_b
8.810430254,0.0071573157,Kelt-9_b
8.814835469,0.0069742326,Kelt-9_b
8.819242887,0.0069101871,Kelt-9_b
8.823652508,0.0070559676,Kelt-9_b
8.828064335,0.007515499,Kelt-9_b
8.832478367,0.0083874232,Kelt-9_b
8.836894606,0.0097528913,Kelt-9_b
8.841313053,0.011670745,Kelt-9_b
8.84573371,0.014177795,Kelt-9_b
8.850156577,0.017287724,Kelt-9_b
8.854581655,0.020982963,Kelt-9_b
8.859008946,0.025197309,Kelt-9_b
8.86343845,0.029792996,Kelt-9_b
8.86787017,0.034541082,Kelt-9_b
8.872304105,0.039117501,Kelt-9_b
8.876740257,0.043125772,Kelt-9_b
8.881178627,0.046149218,Kelt-9_b
8.885619216,0.047825427,Kelt-9_b
8.890062026,0.047924634,Kelt-9_b
8.894507057,0.046408125,Kelt-9_b
8.89895431,0.043446732,Kelt-9_b
8.903403787,0.039391705,Kelt-9_b
8.907855489,0.034705956,Kelt-9_b
8.912309417,0.02987687,Kelt-9_b
8.916765572,0.025335216,Kelt-9_b
8.921223955,0.021399421,Kelt-9_b
8.925684567,0.018252855,Kelt-9_b
8.930147409,0.015949937,Kelt-9_b
8.934612483,0.01444164,Kelt-9_b
8.939079789,0.013611404,Kelt-9_b
8.943549329,0.013316227,Kelt-9_b
8.948021103,0.013430938,Kelt-9_b
8.952495114,0.013892023,Kelt-9_b
8.956971361,0.014733507,Kelt-9_b
8.961449847,0.016100971,Kelt-9_b
8.965930572,0.01822989,Kelt-9_b
8.970413537,0.021380485,Kelt-9_b
8.974898744,0.025738187,Kelt-9_b
8.979386194,0.031303986,Kelt-9_b
8.983875887,0.037813559,Kelt-9_b
8.988367825,0.044723413,Kelt-9_b
8.992862008,0.051285374,Kelt-9_b
8.997358439,0.056702952,Kelt-9_b
9.001857119,0.06032573,Kelt-9_b
9.006358047,0.061818484,Kelt-9_b
9.010861226,0.061246414,Kelt-9_b
9.015366657,0.059042905,Kelt-9_b
9.01987434,0.055873434,Kelt-9_b
9.024384277,0.052449517,Kelt-9_b
9.02889647,0.049362083,Kelt-9_b
9.033410918,0.046991083,Kelt-9_b
9.037927623,0.045506767,Kelt-9_b
9.042446587,0.044940001,Kelt-9_b
9.04696781,0.045268077,Kelt-9_b
9.051491294,0.046469025,Kelt-9_b
9.05601704,0.048521162,Kelt-9_b
9.060545048,0.051359392,Kelt-9_b
9.065075321,0.054824517,Kelt-9_b
9.069607859,0.058643329,Kelt-9_b
9.074142663,0.062458546,Kelt-9_b
9.078679734,0.065900107,Kelt-9_b
9.083219074,0.068669316,Kelt-9_b
9.087760683,0.070598155,Kelt-9_b
9.092304564,0.07166113,Kelt-9_b
9.096850716,0.071938517,Kelt-9_b
9.101399141,0.071550231,Kelt-9_b
9.105949841,0.070594264,Kelt-9_b
9.110502816,0.069121765,Kelt-9_b
9.115058067,0.067163565,Kelt-9_b
9.119615596,0.064802241,Kelt-9_b
9.124175404,0.062263182,Kelt-9_b
9.128737492,0.059987819,Kelt-9_b
9.13330186,0.058653936,Kelt-9_b
9.137868511,0.059122909,Kelt-9_b
9.142437446,0.062313952,Kelt-9_b
9.147008664,0.069021564,Kelt-9_b
9.151582169,0.079709557,Kelt-9_b
9.15615796,0.094321259,Kelt-9_b
9.160736039,0.11215241,Kelt-9_b
9.165316407,0.13183115,Kelt-9_b
9.169899065,0.15143727,Kelt-9_b
9.174484014,0.1687655,Kelt-9_b
9.179071256,0.18169653,Kelt-9_b
9.183660792,0.18859812,Kelt-9_b
9.188252622,0.18865375,Kelt-9_b
9.192846749,0.18202263,Kelt-9_b
9.197443172,0.16977935,Kelt-9_b
9.202041894,0.15365083,Kelt-9_b
9.206642915,0.13562871,Kelt-9_b
9.211246236,0.11757599,Kelt-9_b
9.215851859,0.10093337,Kelt-9_b
9.220459785,0.086588709,Kelt-9_b
9.225070015,0.074909821,Kelt-9_b
9.22968255,0.065884575,Kelt-9_b
9.234297391,0.059294935,Kelt-9_b
9.23891454,0.054858328,Kelt-9_b
9.243533997,0.052304856,Kelt-9_b
9.248155764,0.051397784,Kelt-9_b
9.252779842,0.051925547,Kelt-9_b
9.257406232,0.053697164,Kelt-9_b
9.262034935,0.05655754,Kelt-9_b
9.266665953,0.060416401,Kelt-9_b
9.271299286,0.065270502,Kelt-9_b
9.275934935,0.07120629,Kelt-9_b
9.280572903,0.078374089,Kelt-9_b
9.285213189,0.086942354,Kelt-9_b
9.289855796,0.097041807,Kelt-9_b
9.294500724,0.10870583,Kelt-9_b
9.299147974,0.12180709,Kelt-9_b
9.303797548,0.13599505,Kelt-9_b
9.308449447,0.1506486,Kelt-9_b
9.313103672,0.16487098,Kelt-9_b
9.317760223,0.17755358,Kelt-9_b
9.322419104,0.18751856,Kelt-9_b
9.327080313,0.19371725,Kelt-9_b
9.331743853,0.19543542,Kelt-9_b
9.336409725,0.19244717,Kelt-9_b
9.34107793,0.18507088,Kelt-9_b
9.345748469,0.17411398,Kelt-9_b
9.350421343,0.16072335,Kelt-9_b
9.355096554,0.14618426,Kelt-9_b
9.359774102,0.13171958,Kelt-9_b
9.364453989,0.11833428,Kelt-9_b
9.369136216,0.10673368,Kelt-9_b
9.373820784,0.097315274,Kelt-9_b
9.378507695,0.090212433,Kelt-9_b
9.383196949,0.085350016,Kelt-9_b
9.387888547,0.082479778,Kelt-9_b
9.392582491,0.081186132,Kelt-9_b
9.397278783,0.080884135,Kelt-9_b
9.401977422,0.08084592,Kelt-9_b
9.406678411,0.080291241,Kelt-9_b
9.41138175,0.078537051,Kelt-9_b
9.416087441,0.075167465,Kelt-9_b
9.420795485,0.070159426,Kelt-9_b
9.425505882,0.06390777,Kelt-9_b
9.430218635,0.057126067,Kelt-9_b
9.434933745,0.050655822,Kelt-9_b
9.439651211,0.045246044,Kelt-9_b
9.444371037,0.041382342,Kelt-9_b
9.449093222,0.039216379,Kelt-9_b
9.453817769,0.038615014,Kelt-9_b
9.458544678,0.039305056,Kelt-9_b
9.46327395,0.041058694,Kelt-9_b
9.468005587,0.043858585,Kelt-9_b
9.47273959,0.04799054,Kelt-9_b
9.47747596,0.054036774,Kelt-9_b
9.482214698,0.062765294,Kelt-9_b
9.486955805,0.074940619,Kelt-9_b
9.491699283,0.091094758,Kelt-9_b
9.496445133,0.11130857,Kelt-9_b
9.501193355,0.13505299,Kelt-9_b
9.505943952,0.1611334,Kelt-9_b
9.510696924,0.1877652,Kelt-9_b
9.515452272,0.21278018,Kelt-9_b
9.520209999,0.23393769,Kelt-9_b
9.524970104,0.24927857,Kelt-9_b
9.529732589,0.25744642,Kelt-9_b
9.534497455,0.25789806,Kelt-9_b
9.539264704,0.25095429,Kelt-9_b
9.544034336,0.23768316,Kelt-9_b
9.548806353,0.21965744,Kelt-9_b
9.553580756,0.19865952,Kelt-9_b
9.558357547,0.17641413,Kelt-9_b
9.563136726,0.15440385,Kelt-9_b
9.567918294,0.13378366,Kelt-9_b
9.572702253,0.11537416,Kelt-9_b
9.577488604,0.099693814,Kelt-9_b
9.582277348,0.086996215,Kelt-9_b
9.587068487,0.0772997,Kelt-9_b
9.591862021,0.070417457,Kelt-9_b
9.596657952,0.066004415,Kelt-9_b
9.601456281,0.063630349,Kelt-9_b
9.606257009,0.062870716,Kelt-9_b
9.611060138,0.063393831,Kelt-9_b
9.615865668,0.065019752,Kelt-9_b
9.620673601,0.067734042,Kelt-9_b
9.625483938,0.071656577,Kelt-9_b
9.63029668,0.076972186,Kelt-9_b
9.635111828,0.083844942,Kelt-9_b
9.639929384,0.092337584,Kelt-9_b
9.644749349,0.10235838,Kelt-9_b
9.649571723,0.11364921,Kelt-9_b
9.654396509,0.12581927,Kelt-9_b
9.659223707,0.13841777,Kelt-9_b
9.664053319,0.15101863,Kelt-9_b
9.668885346,0.16329306,Kelt-9_b
9.673719789,0.17504588,Kelt-9_b
9.678556648,0.18621195,Kelt-9_b
9.683395927,0.1968172,Kelt-9_b
9.688237625,0.20692218,Kelt-9_b
9.693081744,0.21656043,Kelt-9_b
9.697928284,0.22568385,Kelt-9_b
9.702777249,0.23412635,Kelt-9_b
9.707628637,0.24160129,Kelt-9_b
9.712482452,0.24775515,Kelt-9_b
9.717338693,0.25228362,Kelt-9_b
9.722197362,0.25509276,Kelt-9_b
9.727058461,0.2564464,Kelt-9_b
9.73192199,0.25702203,Kelt-9_b
9.736787951,0.25780915,Kelt-9_b
9.741656345,0.25983907,Kelt-9_b
9.746527173,0.26380965,Kelt-9_b
9.751400437,0.2697328,Kelt-9_b
9.756276137,0.27674438,Kelt-9_b
9.761154275,0.28317239,Kelt-9_b
9.766034852,0.28687069,Kelt-9_b
9.77091787,0.28572825,Kelt-9_b
9.775803329,0.27820824,Kelt-9_b
9.78069123,0.26376238,Kelt-9_b
9.785581576,0.24301071,Kelt-9_b
9.790474367,0.21764971,Kelt-9_b
9.795369604,0.19012249,Kelt-9_b
9.800267289,0.16313852,Kelt-9_b
9.805167422,0.13915849,Kelt-9_b
9.810070006,0.11995612,Kelt-9_b
9.814975041,0.10634579,Kelt-9_b
9.819882528,0.098123675,Kelt-9_b
9.82479247,0.094220932,Kelt-9_b
9.829704866,0.093018911,Kelt-9_b
9.834619718,0.092741509,Kelt-9_b
9.839537028,0.091826759,Kelt-9_b
9.844456797,0.089196554,Kelt-9_b
9.849379025,0.08437745,Kelt-9_b
9.854303715,0.077475235,Kelt-9_b
9.859230867,0.069043291,Kelt-9_b
9.864160482,0.059907311,Kelt-9_b
9.869092562,0.051000447,Kelt-9_b
9.874027109,0.043241103,Kelt-9_b
9.878964122,0.037455965,Kelt-9_b
9.883903604,0.03432889,Kelt-9_b
9.888845556,0.0343511,Kelt-9_b
9.893789979,0.03775736,Kelt-9_b
9.898736874,0.044452752,Kelt-9_b
9.903686242,0.053957933,Kelt-9_b
9.908638085,0.065412983,Kelt-9_b
9.913592404,0.077670658,Kelt-9_b
9.9185492,0.089493151,Kelt-9_b
9.923508475,0.099821474,Kelt-9_b
9.928470229,0.10804713,Kelt-9_b
9.933434464,0.1141966,Kelt-9_b
9.938401182,0.11894859,Kelt-9_b
9.943370382,0.12345597,Kelt-9_b
9.948342067,0.12901207,Kelt-9_b
9.953316238,0.13665966,Kelt-9_b
9.958292897,0.14686765,Kelt-9_b
9.963272043,0.15937317,Kelt-9_b
9.968253679,0.1732292,Kelt-9_b
9.973237806,0.18702566,Kelt-9_b
9.978224425,0.19920398,Kelt-9_b
9.983213537,0.20836822,Kelt-9_b
9.988205144,0.21351806,Kelt-9_b
9.993199246,0.21416833,Kelt-9_b
9.998195846,0.21035967,Kelt-9_b
10.00319494,0.20259624,Kelt-9_b
10.00819654,0.19175356,Kelt-9_b
10.01320064,0.17898978,Kelt-9_b
10.01820724,0.16567244,Kelt-9_b
10.02321634,0.15330927,Kelt-9_b
10.02822795,0.14344827,Kelt-9_b
10.03324207,0.1375223,Kelt-9_b
10.03825869,0.13662686,Kelt-9_b
10.04327782,0.14126797,Kelt-9_b
10.04829946,0.15114977,Kelt-9_b
10.0533236,0.16509304,Kelt-9_b
10.05835027,0.18115615,Kelt-9_b
10.06337944,0.19697475,Kelt-9_b
10.06841113,0.21026625,Kelt-9_b
10.07344534,0.21937344,Kelt-9_b
10.07848206,0.2236925,Kelt-9_b
10.0835213,0.22384916,Kelt-9_b
10.08856306,0.22155395,Kelt-9_b
10.09360734,0.2191603,Kelt-9_b
10.09865415,0.21904123,Kelt-9_b
10.10370347,0.22294992,Kelt-9_b
10.10875533,0.2315409,Kelt-9_b
10.1138097,0.24418467,Kelt-9_b
10.11886661,0.25913294,Kelt-9_b
10.12392604,0.27399405,Kelt-9_b
10.128988,0.28639408,Kelt-9_b
10.1340525,0.29464271,Kelt-9_b
10.13911952,0.29821029,Kelt-9_b
10.14418908,0.29787153,Kelt-9_b
10.14926118,0.2954694,Kelt-9_b
10.15433581,0.29336686,Kelt-9_b
10.15941298,0.29375615,Kelt-9_b
10.16449268,0.29803449,Kelt-9_b
10.16957493,0.30642891,Kelt-9_b
10.17465972,0.31796144,Kelt-9_b
10.17974705,0.33073609,Kelt-9_b
10.18483692,0.34243038,Kelt-9_b
10.18992934,0.35083365,Kelt-9_b
10.1950243,0.35428291,Kelt-9_b
10.20012182,0.35190097,Kelt-9_b
10.20522188,0.34361334,Kelt-9_b
10.21032449,0.32998226,Kelt-9_b
10.21542965,0.31194134,Kelt-9_b
10.22053737,0.29052718,Kelt-9_b
10.22564763,0.26668663,Kelt-9_b
10.23076046,0.24119964,Kelt-9_b
10.23587584,0.21471299,Kelt-9_b
10.24099378,0.1878329,Kelt-9_b
10.24611427,0.16121658,Kelt-9_b
10.25123733,0.13560418,Kelt-9_b
10.25636295,0.11177282,Kelt-9_b
10.26149113,0.090428789,Kelt-9_b
10.26662188,0.07208366,Kelt-9_b
10.27175519,0.056965869,Kelt-9_b
10.27689106,0.045000075,Kelt-9_b
10.28202951,0.03586229,Kelt-9_b
10.28717052,0.029086045,Kelt-9_b
10.29231411,0.024181297,Kelt-9_b
10.29746027,0.020727484,Kelt-9_b
10.302609,0.01841675,Kelt-9_b
10.3077603,0.017041876,Kelt-9_b
10.31291418,0.016448261,Kelt-9_b
10.31807064,0.016474517,Kelt-9_b
10.32322967,0.016910908,Kelt-9_b
10.32839129,0.017493176,Kelt-9_b
10.33355548,0.017933951,Kelt-9_b
10.33872226,0.017979054,Kelt-9_b
10.34389162,0.017463926,Kelt-9_b
10.34906357,0.016348912,Kelt-9_b
10.3542381,0.014720748,Kelt-9_b
10.35941522,0.012758865,Kelt-9_b
10.36459493,0.010682045,Kelt-9_b
10.36977722,0.0086941146,Kelt-9_b
10.37496211,0.0069461377,Kelt-9_b
10.38014959,0.0055225318,Kelt-9_b
10.38533967,0.0044488861,Kelt-9_b
10.39053234,0.0037126895,Kelt-9_b
10.39572761,0.0032854037,Kelt-9_b
10.40092547,0.0031392712,Kelt-9_b
10.40612593,0.0032542261,Kelt-9_b
10.41132899,0.0036205172,Kelt-9_b
10.41653466,0.0042419768,Kelt-9_b
10.42174293,0.0051446304,Kelt-9_b
10.4269538,0.00639347,Kelt-9_b
10.43216728,0.0081133214,Kelt-9_b
10.43738336,0.01050639,Kelt-9_b
10.44260205,0.013853042,Kelt-9_b
10.44782335,0.018487006,Kelt-9_b
10.45304726,0.024736191,Kelt-9_b
10.45827379,0.032833351,Kelt-9_b
10.46350292,0.042812618,Kelt-9_b
10.46873468,0.054419909,Kelt-9_b
10.47396904,0.067071188,Kelt-9_b
10.47920603,0.079887138,Kelt-9_b
10.48444563,0.09181412,Kelt-9_b
10.48968785,0.10181221,Kelt-9_b
10.4949327,0.10906444,Kelt-9_b
10.50018016,0.11314431,Kelt-9_b
10.50543025,0.11408765,Kelt-9_b
10.51068297,0.11234173,Kelt-9_b
10.51593831,0.10860933,Kelt-9_b
10.52119628,0.10364298,Kelt-9_b
10.52645688,0.098066371,Kelt-9_b
10.53172011,0.092288246,Kelt-9_b
10.53698597,0.086536391,Kelt-9_b
10.54225446,0.080988531,Kelt-9_b
10.54752559,0.075934072,Kelt-9_b
10.55279935,0.071885395,Kelt-9_b
10.55807575,0.069574605,Kelt-9_b
10.56335479,0.06981504,Kelt-9_b
10.56863646,0.073259881,Kelt-9_b
10.57392078,0.080131073,Kelt-9_b
10.57920774,0.090012928,Kelt-9_b
10.58449735,0.10179193,Kelt-9_b
10.58978959,0.11378626,Kelt-9_b
10.59508449,0.12405322,Kelt-9_b
10.60038203,0.13080536,Kelt-9_b
10.60568222,0.13282477,Kelt-9_b
10.61098506,0.12976183,Kelt-9_b
10.61629056,0.12223775,Kelt-9_b
10.6215987,0.11173024,Kelt-9_b
10.6269095,0.10028474,Kelt-9_b
10.63222296,0.090135889,Kelt-9_b
10.63753907,0.083328031,Kelt-9_b
10.64285784,0.081396955,Kelt-9_b
10.64817927,0.085142012,Kelt-9_b
10.65350336,0.094495218,Kelt-9_b
10.65883011,0.10849539,Kelt-9_b
10.66415952,0.12538197,Kelt-9_b
10.6694916,0.14282973,Kelt-9_b
10.67482635,0.15831777,Kelt-9_b
10.68016376,0.16958412,Kelt-9_b
10.68550384,0.17506827,Kelt-9_b
10.69084659,0.17421957,Kelt-9_b
10.69619202,0.16757415,Kelt-9_b
10.70154011,0.15656717,Kelt-9_b
10.70689088,0.14313467,Kelt-9_b
10.71224433,0.129231,Kelt-9_b
10.71760045,0.11641547,Kelt-9_b
10.72295925,0.10562848,Kelt-9_b
10.72832073,0.097208176,Kelt-9_b
10.73368489,0.091109829,Kelt-9_b
10.73905173,0.087220633,Kelt-9_b
10.74442126,0.085636622,Kelt-9_b
10.74979347,0.086790084,Kelt-9_b
10.75516837,0.091375487,Kelt-9_b
10.76054595,0.10009479,Kelt-9_b
10.76592622,0.11330822,Kelt-9_b
10.77130919,0.13070987,Kelt-9_b
10.77669484,0.15114394,Kelt-9_b
10.78208319,0.17263714,Kelt-9_b
10.78747423,0.19265987,Kelt-9_b
10.79286797,0.20856115,Kelt-9_b
10.7982644,0.21806871,Kelt-9_b
10.80366353,0.21972601,Kelt-9_b
10.80906537,0.21315546,Kelt-9_b
10.8144699,0.19908677,Kelt-9_b
10.81987713,0.17915784,Kelt-9_b
10.82528707,0.15555754,Kelt-9_b
10.83069972,0.13061387,Kelt-9_b
10.83611507,0.1064314,Kelt-9_b
10.84153312,0.084652252,Kelt-9_b
10.84695389,0.066362653,Kelt-9_b
10.85237737,0.052123478,Kelt-9_b
10.85780356,0.042071642,Kelt-9_b
10.86323246,0.036035476,Kelt-9_b
10.86866407,0.033622481,Kelt-9_b
10.87409841,0.034265716,Kelt-9_b
10.87953545,0.037242114,Kelt-9_b
10.88497522,0.041692475,Kelt-9_b
10.89041771,0.046671953,Kelt-9_b
10.89586292,0.051243199,Kelt-9_b
10.90131085,0.054599865,Kelt-9_b
10.90676151,0.056186349,Kelt-9_b
10.91221489,0.05577437,Kelt-9_b
10.91767099,0.053466572,Kelt-9_b
10.92312983,0.049625172,Kelt-9_b
10.92859139,0.044751241,Kelt-9_b
10.93405569,0.039355366,Kelt-9_b
10.93952272,0.033860675,Kelt-9_b
10.94499248,0.028560171,Kelt-9_b
10.95046498,0.023625047,Kelt-9_b
10.95594021,0.019142171,Kelt-9_b
10.96141818,0.015156195,Kelt-9_b
10.96689889,0.011696024,Kelt-9_b
10.97238234,0.0087816234,Kelt-9_b
10.97786853,0.0064166227,Kelt-9_b
10.98335746,0.0045795435,Kelt-9_b
10.98884914,0.0032206606,Kelt-9_b
10.99434357,0.0022688322,Kelt-9_b
10.99984074,0.0016463896,Kelt-9_b
11.00534066,0.0012865132,Kelt-9_b
11.01084333,0.0011500948,Kelt-9_b
11.01634875,0.0012395309,Kelt-9_b
11.02185692,0.0016109892,Kelt-9_b
11.02736785,0.0023841979,Kelt-9_b
11.03288154,0.0037469773,Kelt-9_b
11.03839798,0.0059523545,Kelt-9_b
11.04391718,0.0092991751,Kelt-9_b
11.04943913,0.014090751,Kelt-9_b
11.05496385,0.02057079,Kelt-9_b
11.06049134,0.028845707,Kelt-9_b
11.06602158,0.038812414,Kelt-9_b
11.07155459,0.050117311,Kelt-9_b
11.07709037,0.062168016,Kelt-9_b
11.08262892,0.074204846,Kelt-9_b
11.08817023,0.085416899,Kelt-9_b
11.09371431,0.095067786,Kelt-9_b
11.09926117,0.10259482,Kelt-9_b
11.1048108,0.10765309,Kelt-9_b
11.11036321,0.1101055,Kelt-9_b
11.11591839,0.10998309,Kelt-9_b
11.12147635,0.10744953,Kelt-9_b
11.12703709,0.10279401,Kelt-9_b
11.13260061,0.096453035,Kelt-9_b
11.13816691,0.089034253,Kelt-9_b
11.14373599,0.08130637,Kelt-9_b
11.14930786,0.074128959,Kelt-9_b
11.15488251,0.068322116,Kelt-9_b
11.16045995,0.064506387,Kelt-9_b
11.16604018,0.062962564,Kelt-9_b
11.1716232,0.063561146,Kelt-9_b
11.17720901,0.065790341,Kelt-9_b
11.18279762,0.068878749,Kelt-9_b
11.18838902,0.071977011,Kelt-9_b
11.19398321,0.074343307,Kelt-9_b
11.1995802,0.075479892,Kelt-9_b
11.20517999,0.075189642,Kelt-9_b
11.21078258,0.073552189,Kelt-9_b
11.21638797,0.070849324,Kelt-9_b
11.22199617,0.067478623,Kelt-9_b
11.22760717,0.063886806,Kelt-9_b
11.23322097,0.060531543,Kelt-9_b
11.23883758,0.057855091,Kelt-9_b
11.244457,0.056243577,Kelt-9_b
11.25007923,0.055958046,Kelt-9_b
11.25570427,0.057048519,Kelt-9_b
11.26133212,0.059290585,Kelt-9_b
11.26696279,0.062186552,Kelt-9_b
11.27259627,0.065061721,Kelt-9_b
11.27823257,0.067246408,Kelt-9_b
11.28387168,0.068293257,Kelt-9_b
11.28951362,0.068154894,Kelt-9_b
11.29515837,0.067253456,Kelt-9_b
11.30080595,0.066408161,Kelt-9_b
11.30645636,0.066634837,Kelt-9_b
11.31210958,0.06887609,Kelt-9_b
11.31776564,0.073744919,Kelt-9_b
11.32342452,0.081356593,Kelt-9_b
11.32908623,0.091291557,Kelt-9_b
11.33475078,0.10269327,Kelt-9_b
11.34041815,0.11446171,Kelt-9_b
11.34608836,0.12548371,Kelt-9_b
11.35176141,0.13483653,Kelt-9_b
11.35743729,0.14191679,Kelt-9_b
11.36311601,0.14647181,Kelt-9_b
11.36879756,0.14854087,Kelt-9_b
11.37448196,0.14833849,Kelt-9_b
11.3801692,0.14612733,Kelt-9_b
11.38585929,0.14212753,Kelt-9_b
11.39155222,0.13649395,Kelt-9_b
11.39724799,0.12936764,Kelt-9_b
11.40294662,0.12097537,Kelt-9_b
11.40864809,0.1117359,Kelt-9_b
11.41435242,0.10232556,Kelt-9_b
11.42005959,0.093671555,Kelt-9_b
11.42576962,0.086868202,Kelt-9_b
11.43148251,0.083033871,Kelt-9_b
11.43719825,0.083139883,Kelt-9_b
11.44291685,0.087842283,Kelt-9_b
11.44863831,0.097338734,Kelt-9_b
11.45436262,0.11126531,Kelt-9_b
11.46008981,0.1286475,Kelt-9_b
11.46581985,0.14792388,Kelt-9_b
11.47155276,0.16706342,Kelt-9_b
11.47728854,0.18378857,Kelt-9_b
11.48302718,0.19588888,Kelt-9_b
11.48876869,0.2015779,Kelt-9_b
11.49451308,0.19981399,Kelt-9_b
11.50026034,0.19050354,Kelt-9_b
11.50601047,0.17452483,Kelt-9_b
11.51176347,0.15355965,Kelt-9_b
11.51751935,0.12977678,Kelt-9_b
11.52327811,0.10545035,Kelt-9_b
11.52903975,0.082604936,Kelt-9_b
11.53480427,0.062760415,Kelt-9_b
11.54057167,0.046810847,Kelt-9_b
11.54634196,0.035030138,Kelt-9_b
11.55211513,0.027169678,Kelt-9_b
11.55789119,0.022605408,Kelt-9_b
11.56367013,0.020497497,Kelt-9_b
11.56945197,0.019940895,Kelt-9_b
11.57523669,0.020094842,Kelt-9_b
11.58102431,0.020285334,Kelt-9_b
11.58681482,0.020074202,Kelt-9_b
11.59260823,0.01928765,Kelt-9_b
11.59840454,0.018000162,Kelt-9_b
11.60420374,0.016477373,Kelt-9_b
11.61000584,0.015088682,Kelt-9_b
11.61581084,0.014208205,Kelt-9_b
11.62161875,0.014124882,Kelt-9_b
11.62742956,0.01497777,Kelt-9_b
11.63324327,0.016726,Kelt-9_b
11.63905989,0.019157224,Kelt-9_b
11.64487942,0.02192799,Kelt-9_b
11.65070186,0.024627721,Kelt-9_b
11.65652722,0.02685203,Kelt-9_b
11.66235548,0.028270109,Kelt-9_b
11.66818666,0.028673566,Kelt-9_b
11.67402075,0.027998762,Kelt-9_b
11.67985776,0.026321511,Kelt-9_b
11.68569769,0.023829176,Kelt-9_b
11.69154054,0.020779441,Kelt-9_b
11.69738631,0.017455383,Kelt-9_b
11.703235,0.014125211,Kelt-9_b
11.70908662,0.011012327,Kelt-9_b
11.71494116,0.0082780653,Kelt-9_b
11.72079863,0.0060172219,Kelt-9_b
11.72665903,0.0042649493,Kelt-9_b
11.73252236,0.0030106989,Kelt-9_b
11.73838862,0.0022155736,Kelt-9_b
11.74425782,0.0018285919,Kelt-9_b
11.75012995,0.0017992786,Kelt-9_b
11.75600501,0.0020850098,Kelt-9_b
11.76188301,0.0026535266,Kelt-9_b
11.76776396,0.0034825811,Kelt-9_b
11.77364784,0.0045584298,Kelt-9_b
11.77953466,0.0058748227,Kelt-9_b
11.78542443,0.0074321242,Kelt-9_b
11.79131714,0.0092352864,Kelt-9_b
11.7972128,0.011288986,Kelt-9_b
11.80311141,0.013590139,Kelt-9_b
11.80901296,0.01611908,Kelt-9_b
11.81491747,0.018833032,Kelt-9_b
11.82082493,0.021665714,Kelt-9_b
11.82673534,0.024537911,Kelt-9_b
11.83264871,0.027379669,Kelt-9_b
11.83856503,0.030165359,Kelt-9_b
11.84448431,0.032959662,Kelt-9_b
11.85040656,0.035968759,Kelt-9_b
11.85633176,0.039583363,Kelt-9_b
11.86225992,0.04439222,Kelt-9_b
11.86819105,0.051140444,Kelt-9_b
11.87412515,0.060611585,Kelt-9_b
11.88006221,0.073434511,Kelt-9_b
11.88600224,0.089846834,Kelt-9_b
11.89194525,0.10947848,Kelt-9_b
11.89789122,0.13123372,Kelt-9_b
11.90384016,0.15333947,Kelt-9_b
11.90979208,0.17358268,Kelt-9_b
11.91574698,0.18970285,Kelt-9_b
11.92170485,0.19984428,Kelt-9_b
11.92766571,0.20294805,Kelt-9_b
11.93362954,0.19896822,Kelt-9_b
11.93959635,0.18885235,Kelt-9_b
11.94556615,0.17429767,Kelt-9_b
11.95153893,0.15736412,Kelt-9_b
11.9575147,0.14006461,Kelt-9_b
11.96349346,0.12404454,Kelt-9_b
11.96947521,0.110416,Kelt-9_b
11.97545995,0.099746634,Kelt-9_b
11.98144768,0.092150042,Kelt-9_b
11.9874384,0.087406156,Kelt-9_b
11.99343212,0.085057658,Kelt-9_b
11.99942883,0.084468722,Kelt-9_b
12.00542855,0.084866626,Kelt-9_b
12.01143126,0.085399649,Kelt-9_b
12.01743698,0.085230943,Kelt-9_b
12.0234457,0.083660149,Kelt-9_b
12.02945742,0.080241257,Kelt-9_b
12.03547215,0.074860875,Kelt-9_b
12.04148988,0.067753185,Kelt-9_b
12.04751063,0.059449754,Kelt-9_b
12.05353439,0.05068395,Kelt-9_b
12.05956115,0.042277864,Kelt-9_b
12.06559093,0.035033761,Kelt-9_b
12.07162373,0.029645654,Kelt-9_b
12.07765954,0.026631919,Kelt-9_b
12.08369837,0.026285289,Kelt-9_b
12.08974022,0.028639326,Kelt-9_b
12.09578509,0.03345634,Kelt-9_b
12.10183298,0.040250968,Kelt-9_b
12.1078839,0.048359737,Kelt-9_b
12.11393784,0.057055769,Kelt-9_b
12.11999481,0.065687022,Kelt-9_b
12.12605481,0.073796882,Kelt-9_b
12.13211783,0.0811837,Kelt-9_b
12.13818389,0.087874122,Kelt-9_b
12.14425298,0.094020637,Kelt-9_b
12.15032511,0.099766562,Kelt-9_b
12.15640027,0.1051381,Kelt-9_b
12.16247847,0.11000443,Kelt-9_b
12.16855971,0.1141133,Kelt-9_b
12.17464399,0.1171671,Kelt-9_b
12.18073132,0.11889392,Kelt-9_b
12.18682168,0.11907688,Kelt-9_b
12.19291509,0.11754365,Kelt-9_b
12.19901155,0.11414678,Kelt-9_b
12.20511105,0.10877514,Kelt-9_b
12.21121361,0.10141614,Kelt-9_b
12.21731922,0.092253814,Kelt-9_b
12.22342788,0.081759736,Kelt-9_b
12.22953959,0.07072945,Kelt-9_b
12.23565436,0.060238671,Kelt-9_b
12.24177219,0.05152577,Kelt-9_b
12.24789307,0.045831634,Kelt-9_b
12.25401702,0.044234154,Kelt-9_b
12.26014403,0.047502275,Kelt-9_b
12.2662741,0.055978179,Kelt-9_b
12.27240724,0.069487044,Kelt-9_b
12.27854344,0.087278845,Kelt-9_b
12.28468271,0.10801872,Kelt-9_b
12.29082505,0.12985351,Kelt-9_b
12.29697047,0.15057723,Kelt-9_b
12.30311895,0.16789534,Kelt-9_b
12.30927051,0.17975509,Kelt-9_b
12.31542515,0.18467853,Kelt-9_b
12.32158286,0.18201744,Kelt-9_b
12.32774365,0.17206516,Kelt-9_b
12.33390752,0.15599103,Kelt-9_b
12.34007448,0.13561175,Kelt-9_b
12.34624451,0.11305797,Kelt-9_b
12.35241764,0.090416437,Kelt-9_b
12.35859385,0.069430212,Kelt-9_b
12.36477314,0.051310855,Kelt-9_b
12.37095553,0.036682045,Kelt-9_b
12.37714101,0.025637364,Kelt-9_b
12.38332958,0.017873062,Kelt-9_b
12.38952124,0.012849925,Kelt-9_b
12.395716,0.0099463767,Kelt-9_b
12.40191386,0.0085790401,Kelt-9_b
12.40811482,0.0082807134,Kelt-9_b
12.41431887,0.0087344244,Kelt-9_b
12.42052603,0.009767203,Kelt-9_b
12.4267363,0.011309737,Kelt-9_b
12.43294967,0.013332972,Kelt-9_b
12.43916614,0.01577785,Kelt-9_b
12.44538572,0.018498839,Kelt-9_b
12.45160842,0.021241928,Kelt-9_b
12.45783422,0.023667925,Kelt-9_b
12.46406314,0.025417826,Kelt-9_b
12.47029517,0.026200338,Kelt-9_b
12.47653032,0.025871823,Kelt-9_b
12.48276858,0.024480224,Kelt-9_b
12.48900997,0.022257083,Kelt-9_b
12.49525447,0.019560655,Kelt-9_b
12.5015021,0.016790054,Kelt-9_b
12.50775285,0.014297757,Kelt-9_b
12.51400673,0.012324815,Kelt-9_b
12.52026373,0.010971922,Kelt-9_b
12.52652386,0.010206384,Kelt-9_b
12.53278712,0.0098952188,Kelt-9_b
12.53905352,0.0098508563,Kelt-9_b
12.54532304,0.0098774927,Kelt-9_b
12.5515957,0.0098092602,Kelt-9_b
12.5578715,0.0095360597,Kelt-9_b
12.56415044,0.0090156925,Kelt-9_b
12.57043251,0.0082731104,Kelt-9_b
12.57671773,0.0073889317,Kelt-9_b
12.58300609,0.0064815834,Kelt-9_b
12.58929759,0.0056872484,Kelt-9_b
12.59559224,0.0051414981,Kelt-9_b
12.60189004,0.0049641435,Kelt-9_b
12.60819098,0.0052465406,Kelt-9_b
12.61449508,0.0060388068,Kelt-9_b
12.62080232,0.0073373659,Kelt-9_b
12.62711273,0.0090745044,Kelt-9_b
12.63342628,0.01111565,Kelt-9_b
12.639743,0.013269868,Kelt-9_b
12.64606287,0.015315679,Kelt-9_b
12.6523859,0.017037582,Kelt-9_b
12.65871209,0.018263554,Kelt-9_b
12.66504145,0.018891792,Kelt-9_b
12.67137397,0.018900366,Kelt-9_b
12.67770965,0.0183384,Kelt-9_b
12.68404851,0.017308516,Kelt-9_b
12.69039053,0.015950142,Kelt-9_b
12.69673573,0.014432844,Kelt-9_b
12.7030841,0.012961794,Kelt-9_b
12.70943564,0.01178917,Kelt-9_b
12.71579036,0.011224362,Kelt-9_b
12.72214825,0.011629046,Kelt-9_b
12.72850933,0.013389295,Kelt-9_b
12.73487358,0.016861586,Kelt-9_b
12.74124102,0.022294617,Kelt-9_b
12.74761164,0.029742097,Kelt-9_b
12.75398544,0.038990852,Kelt-9_b
12.76036244,0.049536142,Kelt-9_b
12.76674262,0.06062691,Kelt-9_b
12.77312599,0.071386902,Kelt-9_b
12.77951255,0.080988805,Kelt-9_b
12.78590231,0.088829726,Kelt-9_b
12.79229526,0.094651053,Kelt-9_b
12.79869141,0.098561225,Kelt-9_b
12.80509075,0.10095556,Kelt-9_b
12.8114933,0.10237088,Kelt-9_b
12.81789905,0.10333425,Kelt-9_b
12.82430799,0.10426156,Kelt-9_b
12.83072015,0.10543077,Kelt-9_b
12.83713551,0.10701492,Kelt-9_b
12.84355408,0.10913339,Kelt-9_b
12.84997585,0.11187604,Kelt-9_b
12.85640084,0.11527624,Kelt-9_b
12.86282904,0.11924191,Kelt-9_b
12.86926046,0.12348079,Kelt-9_b
12.87569509,0.12746623,Kelt-9_b
12.88213293,0.13047894,Kelt-9_b
12.888574,0.13173351,Kelt-9_b
12.89501829,0.13056495,Kelt-9_b
12.9014658,0.12662231,Kelt-9_b
12.90791653,0.12000454,Kelt-9_b
12.91437049,0.11128491,Kelt-9_b
12.92082767,0.10140286,Kelt-9_b
12.92728809,0.091447381,Kelt-9_b
12.93375173,0.082395271,Kelt-9_b
12.94021861,0.074886997,Kelt-9_b
12.94668872,0.069107137,Kelt-9_b
12.95316206,0.064801093,Kelt-9_b
12.95963864,0.061408938,Kelt-9_b
12.96611846,0.058261467,Kelt-9_b
12.97260152,0.054771858,Kelt-9_b
12.97908782,0.05056745,Kelt-9_b
12.98557736,0.045540869,Kelt-9_b
12.99207015,0.039825317,Kelt-9_b
12.99856619,0.03372083,Kelt-9_b
13.00506547,0.027604641,Kelt-9_b
13.011568,0.021849293,Kelt-9_b
13.01807379,0.016763448,Kelt-9_b
13.02458283,0.012558646,Kelt-9_b
13.03109512,0.0093410163,Kelt-9_b
13.03761066,0.007119615,Kelt-9_b
13.04412947,0.0058235541,Kelt-9_b
13.05065153,0.0053225026,Kelt-9_b
13.05717686,0.0054442896,Kelt-9_b
13.06370545,0.0059894497,Kelt-9_b
13.0702373,0.0067457801,Kelt-9_b
13.07677242,0.0075048331,Kelt-9_b
13.08331081,0.0080825633,Kelt-9_b
13.08985246,0.0083415817,Kelt-9_b
13.09639739,0.0082094861,Kelt-9_b
13.10294559,0.007686989,Kelt-9_b
13.10949706,0.0068411688,Kelt-9_b
13.11605181,0.0057856221,Kelt-9_b
13.12260983,0.0046526747,Kelt-9_b
13.12917114,0.0035653941,Kelt-9_b
13.13573572,0.0026167288,Kelt-9_b
13.14230359,0.0018598265,Kelt-9_b
13.14887474,0.0013091432,Kelt-9_b
13.15544918,0.00094896973,Kelt-9_b
13.16202691,0.00074502773,Kelt-9_b
13.16860792,0.00065557028,Kelt-9_b
13.17519222,0.00063999595,Kelt-9_b
13.18177982,0.00066448644,Kelt-9_b
13.18837071,0.00070498053,Kelt-9_b
13.19496489,0.00074793055,Kelt-9_b
13.20156238,0.0007891137,Kelt-9_b
13.20816316,0.00083078265,Kelt-9_b
13.21476724,0.00087766457,Kelt-9_b
13.22137462,0.00093277927,Kelt-9_b
13.22798531,0.00099426918,Kelt-9_b
13.2345993,0.0010543709,Kelt-9_b
13.2412166,0.0011008298,Kelt-9_b
13.24783721,0.0011204632,Kelt-9_b
13.25446113,0.0011036228,Kelt-9_b
13.26108836,0.0010480643,Kelt-9_b
13.2677189,0.00096112128,Kelt-9_b
13.27435276,0.00085979611,Kelt-9_b
13.28098994,0.00076911081,Kelt-9_b
13.28763044,0.00071947167,Kelt-9_b
13.29427425,0.00074366648,Kelt-9_b
13.30092139,0.00087359068,Kelt-9_b
13.30757185,0.0011362815,Kelt-9_b
13.31422563,0.001548765,Kelt-9_b
13.32088275,0.0021118162,Kelt-9_b
13.32754319,0.002803847,Kelt-9_b
13.33420696,0.0035772189,Kelt-9_b
13.34087406,0.0043596123,Kelt-9_b
13.3475445,0.0050621689,Kelt-9_b
13.35421827,0.0055940364,Kelt-9_b
13.36089538,0.005880293,Kelt-9_b
13.36757583,0.0058783664,Kelt-9_b
13.37425962,0.0055878443,Kelt-9_b
13.38094675,0.0050504107,Kelt-9_b
13.38763722,0.0043398584,Kelt-9_b
13.39433104,0.0035454023,Kelt-9_b
13.4010282,0.0027534087,Kelt-9_b
13.40772872,0.0020326629,Kelt-9_b
13.41443258,0.0014263387,Kelt-9_b
13.4211398,0.0009512981,Kelt-9_b
13.42785037,0.00060301027,Kelt-9_b
13.43456429,0.00036327626,Kelt-9_b
13.44128158,0.00020800969,Kelt-9_b
13.44800222,0.00011324366,Kelt-9_b
13.45472622,5.8685528e-05,Kelt-9_b
13.46145358,2.9051459e-05,Kelt-9_b
13.46818431,1.3880035e-05,Kelt-9_b
13.4749184,6.5840563e-06,Kelt-9_b
13.48165586,3.3216678e-06,Kelt-9_b
13.48839669,2.0055682e-06,Kelt-9_b
13.49514089,1.5901627e-06,Kelt-9_b
13.50188846,1.6131743e-06,Kelt-9_b
13.5086394,1.9513704e-06,Kelt-9_b
13.51539372,2.6924049e-06,Kelt-9_b
13.52215142,4.1203496e-06,Kelt-9_b
13.52891249,6.7596625e-06,Kelt-9_b
13.53567695,1.1467751e-05,Kelt-9_b
13.54244479,1.9534997e-05,Kelt-9_b
13.54921601,3.2754181e-05,Kelt-9_b
13.55599062,5.3386703e-05,Kelt-9_b
13.56276861,8.3936443e-05,Kelt-9_b
13.56955,0.00012666681,Kelt-9_b
13.57633477,0.00018287272,Kelt-9_b
13.58312294,0.00025204126,Kelt-9_b
13.5899145,0.00033116021,Kelt-9_b
13.59670946,0.00041449298,Kelt-9_b
13.60350781,0.00049406832,Kelt-9_b
13.61030957,0.00056092154,Kelt-9_b
13.61711472,0.00060683632,Kelt-9_b
13.62392328,0.00062610065,Kelt-9_b
13.63073524,0.0006167306,Kelt-9_b
13.63755061,0.00058078042,Kelt-9_b
13.64436938,0.00052368034,Kelt-9_b
13.65119157,0.00045287698,Kelt-9_b
13.65801716,0.00037624655,Kelt-9_b
13.66484617,0.00030074132,Kelt-9_b
13.6716786,0.00023155395,Kelt-9_b
13.67851444,0.00017185255,Kelt-9_b
13.68535369,0.00012295989,Kelt-9_b
13.69219637,8.4776665e-05,Kelt-9_b
13.69904247,5.6268567e-05,Kelt-9_b
13.70589199,3.5903437e-05,Kelt-9_b
13.71274494,2.198992e-05,Kelt-9_b
13.71960131,1.2911068e-05,Kelt-9_b
13.72646111,7.2647355e-06,Kelt-9_b
13.73332434,3.9274852e-06,Kelt-9_b
13.740191,2.0612803e-06,Kelt-9_b
13.7470611,1.0817261e-06,Kelt-9_b
13.75393463,6.0667812e-07,Kelt-9_b
13.76081159,4.0006329e-07,Kelt-9_b
13.767692,3.2745433e-07,Kelt-9_b
13.77457585,3.1302428e-07,Kelt-9_b
13.78146313,3.1713735e-07,Kelt-9_b
13.78835387,3.215102e-07,Kelt-9_b
13.79524804,3.2118204e-07,Kelt-9_b
13.80214567,3.196616e-07,Kelt-9_b
13.80904674,3.2662045e-07,Kelt-9_b
13.81595126,3.5382952e-07,Kelt-9_b
13.82285924,4.1527301e-07,Kelt-9_b
13.82977067,5.2392435e-07,Kelt-9_b
13.83668555,6.8942892e-07,Kelt-9_b
13.8436039,9.1589149e-07,Kelt-9_b
13.8505257,1.2000629e-06,Kelt-9_b
13.85745096,1.5302945e-06,Kelt-9_b
13.86437969,1.8866143e-06,Kelt-9_b
13.87131188,2.2421536e-06,Kelt-9_b
13.87824753,2.5659136e-06,Kelt-9_b
13.88518666,2.826579e-06,Kelt-9_b
13.89212925,2.9968458e-06,Kelt-9_b
13.89907531,3.0575466e-06,Kelt-9_b
13.90602485,3.0018962e-06,Kelt-9_b
13.91297786,2.8385601e-06,Kelt-9_b
13.91993435,2.5883896e-06,Kelt-9_b
13.92689432,2.2938591e-06,Kelt-9_b
13.93385777,2.0219899e-06,Kelt-9_b
13.9408247,1.8795568e-06,Kelt-9_b
13.94779511,2.0432161e-06,Kelt-9_b
13.95476901,2.8099874e-06,Kelt-9_b
13.96174639,4.6691029e-06,Kelt-9_b
13.96872726,8.3848969e-06,Kelt-9_b
13.97571163,1.5062692e-05,Kelt-9_b
13.98269948,2.6149349e-05,Kelt-9_b
13.98969083,4.3307598e-05,Kelt-9_b
13.99668568,6.8113524e-05,Kelt-9_b
14.00368402,0.00010157268,Kelt-9_b
14.01068586,0.0001435317,Kelt-9_b
14.01769121,0.00019215541,Kelt-9_b
14.02470005,0.00024369759,Kelt-9_b
14.0317124,0.0002927676,Kelt-9_b
14.03872826,0.00033316156,Kelt-9_b
14.04574762,0.00035911828,Kelt-9_b
14.0527705,0.0003666603,Kelt-9_b
14.05979688,0.00035459212,Kelt-9_b
14.06682678,0.00032481061,Kelt-9_b
14.07386019,0.00028181677,Kelt-9_b
14.08089712,0.00023160142,Kelt-9_b
14.08793757,0.00018028478,Kelt-9_b
14.09498154,0.00013293226,Kelt-9_b
14.10202903,9.2847568e-05,Kelt-9_b
14.10908005,6.1433043e-05,Kelt-9_b
14.11613459,3.8508503e-05,Kelt-9_b
14.12319265,2.2870656e-05,Kelt-9_b
14.13025425,1.2871525e-05,Kelt-9_b
14.13731938,6.8659554e-06,Kelt-9_b
14.14438804,3.4724671e-06,Kelt-9_b
14.15146023,1.666394e-06,Kelt-9_b
14.15853596,7.6088501e-07,Kelt-9_b
14.16561523,3.3488384e-07,Kelt-9_b
14.17269804,1.5134796e-07,Kelt-9_b
14.17978439,8.8793722e-08,Kelt-9_b
14.18687428,9.3355087e-08,Kelt-9_b
14.19396771,1.4902512e-07,Kelt-9_b
14.2010647,2.6165818e-07,Kelt-9_b
14.20816523,4.5200802e-07,Kelt-9_b
14.21526931,7.4255258e-07,Kelt-9_b
14.22237695,1.1563093e-06,Kelt-9_b
14.22948814,1.7065008e-06,Kelt-9_b
14.23660288,2.386732e-06,Kelt-9_b
14.24372118,3.1634321e-06,Kelt-9_b
14.25084304,3.9734394e-06,Kelt-9_b
14.25796846,4.7295996e-06,Kelt-9_b
14.26509745,5.3349274e-06,Kelt-9_b
14.27223,5.7026341e-06,Kelt-9_b
14.27936611,5.7764598e-06,Kelt-9_b
14.2865058,5.5447698e-06,Kelt-9_b
14.29364905,5.0435572e-06,Kelt-9_b
14.30079587,4.3472848e-06,Kelt-9_b
14.30794627,3.5507732e-06,Kelt-9_b
14.31510024,2.7481938e-06,Kelt-9_b
14.32225779,2.0155204e-06,Kelt-9_b
14.32941892,1.4006778e-06,Kelt-9_b
14.33658363,9.2235107e-07,Kelt-9_b
14.34375192,5.755154e-07,Kelt-9_b
14.3509238,3.4026406e-07,Kelt-9_b
14.35809926,1.9062045e-07,Kelt-9_b
14.36527831,1.0118431e-07,Kelt-9_b
14.37246095,5.0891291e-08,Kelt-9_b
14.37964718,2.425255e-08,Kelt-9_b
14.386837,1.0950985e-08,Kelt-9_b
14.39403042,4.6852327e-09,Kelt-9_b
14.40122744,1.8993089e-09,Kelt-9_b
14.40842805,7.2954489e-10,Kelt-9_b
14.41563227,2.6434052e-10,Kelt-9_b
14.42284008,8.2234435e-11,Kelt-9_b
14.4300515,1.2384695e-11,Kelt-9_b
14.43726653,2.4647868e-13,Kelt-9_b
14.44448516,3.1148452e-14,Kelt-9_b
14.4517074,3.2299629e-14,Kelt-9_b
14.45893326,5.0996443e-14,Kelt-9_b
14.46616272,9.4514876e-14,Kelt-9_b
14.47339581,1.7604418e-13,Kelt-9_b
14.4806325,3.1473928e-13,Kelt-9_b
14.48787282,5.342015e-13,Kelt-9_b
14.49511676,8.5859723e-13,Kelt-9_b
14.50236431,1.3060328e-12,Kelt-9_b
14.5096155,1.8799454e-12,Kelt-9_b
14.5168703,2.5606621e-12,Kelt-9_b
14.52412874,3.300471e-12,Kelt-9_b
14.5313908,4.0255231e-12,Kelt-9_b
14.5386565,4.6462165e-12,Kelt-9_b
14.54592583,5.0747817e-12,Kelt-9_b
14.55319879,5.245527e-12,Kelt-9_b
14.56047539,5.1313542e-12,Kelt-9_b
14.56775563,4.7508595e-12,Kelt-9_b
14.57503951,4.3922835e-12,Kelt-9_b
14.58232703,5.1481163e-12,Kelt-9_b
14.58961819,1.760178e-11,Kelt-9_b
14.596913,4.6474264e-11,Kelt-9_b
14.60421145,1.230293e-10,Kelt-9_b
14.61151356,3.1602663e-10,Kelt-9_b
14.61881932,7.7406421e-10,Kelt-9_b
14.62612873,1.7992644e-09,Kelt-9_b
14.63344179,3.9638609e-09,Kelt-9_b
14.64075851,8.2734121e-09,Kelt-9_b
14.64807889,1.6358165e-08,Kelt-9_b
14.65540293,3.0636329e-08,Kelt-9_b
14.66273063,5.4346026e-08,Kelt-9_b
14.670062,9.1307761e-08,Kelt-9_b
14.67739703,1.4529086e-07,Kelt-9_b
14.68473573,2.1894906e-07,Kelt-9_b
14.69207809,3.1246907e-07,Kelt-9_b
14.69942413,4.2229565e-07,Kelt-9_b
14.70677385,5.404553e-07,Kelt-9_b
14.71412723,6.5497679e-07,Kelt-9_b
14.7214843,7.5163292e-07,Kelt-9_b
14.72884504,8.1675465e-07,Kelt-9_b
14.73620946,8.4038227e-07,Kelt-9_b
14.74357757,8.1875966e-07,Kelt-9_b
14.75094935,7.55312e-07,Kelt-9_b
14.75832483,6.5975711e-07,Kelt-9_b
14.76570399,5.4566751e-07,Kelt-9_b
14.77308684,4.2732489e-07,Kelt-9_b
14.78047339,3.1686572e-07,Kelt-9_b
14.78786362,2.2247507e-07,Kelt-9_b
14.79525756,1.479039e-07,Kelt-9_b
14.80265518,9.3105285e-08,Kelt-9_b
14.81005651,5.5497165e-08,Kelt-9_b
14.81746154,3.1323874e-08,Kelt-9_b
14.82487027,1.6741562e-08,Kelt-9_b
14.83228271,8.473086e-09,Kelt-9_b
14.83969885,4.0609284e-09,Kelt-9_b
14.8471187,1.843199e-09,Kelt-9_b
14.85454226,7.9242177e-10,Kelt-9_b
14.86196953,3.2289419e-10,Kelt-9_b
14.86940051,1.2504287e-10,Kelt-9_b
14.87683521,4.647485e-11,Kelt-9_b
14.88427363,1.7085246e-11,Kelt-9_b
14.89171577,4.2935188e-12,Kelt-9_b
14.89916162,3.3875957e-12,Kelt-9_b
14.90661121,4.2271582e-12,Kelt-9_b
14.91406451,5.0936755e-12,Kelt-9_b
14.92152154,5.8233429e-12,Kelt-9_b
14.9289823,6.3083051e-12,Kelt-9_b
14.9364468,6.4752252e-12,Kelt-9_b
14.94391502,6.2979708e-12,Kelt-9_b
14.95138698,5.8043288e-12,Kelt-9_b
14.95886267,5.0690812e-12,Kelt-9_b
14.9663421,4.1951571e-12,Kelt-9_b
14.97382527,3.2909821e-12,Kelt-9_b
14.98131218,2.4493742e-12,Kelt-9_b
14.98880284,1.7350739e-12,Kelt-9_b
14.99629724,1.1826398e-12,Kelt-9_b
15.00379539,8.0351653e-13,Kelt-9_b
15.01129729,5.9873384e-13,Kelt-9_b
15.01880294,5.7296709e-13,Kelt-9_b
15.02631234,7.4600706e-13,Kelt-9_b
15.03382549,1.1583208e-12,Kelt-9_b
15.04134241,1.868027e-12,Kelt-9_b
15.04886308,2.9376459e-12,Kelt-9_b
15.05638751,4.4126349e-12,Kelt-9_b
15.0639157,6.3181414e-12,Kelt-9_b
15.07144766,8.6036988e-12,Kelt-9_b
15.07898339,1.1179441e-11,Kelt-9_b
15.08652288,1.4021907e-11,Kelt-9_b
15.09406614,1.7322934e-11,Kelt-9_b
15.10161317,2.181448e-11,Kelt-9_b
15.10916398,3.0338208e-11,Kelt-9_b
15.11671856,5.0455846e-11,Kelt-9_b
15.12427692,9.100718e-11,Kelt-9_b
15.13183906,1.7642928e-10,Kelt-9_b
15.13940498,3.5277267e-10,Kelt-9_b
15.14697468,7.0725857e-10,Kelt-9_b
15.15454817,1.4009924e-09,Kelt-9_b
15.16212544,2.7190948e-09,Kelt-9_b
15.1697065,5.1399824e-09,Kelt-9_b
15.17729136,9.4151165e-09,Kelt-9_b
15.18488,1.6634073e-08,Kelt-9_b
15.19247244,2.8229079e-08,Kelt-9_b
15.20006868,4.5858334e-08,Kelt-9_b
15.20766871,7.1114157e-08,Kelt-9_b
15.21527255,1.0504506e-07,Kelt-9_b
15.22288018,1.4756208e-07,Kelt-9_b
15.23049162,1.9689641e-07,Kelt-9_b
15.23810687,2.493407e-07,Kelt-9_b
15.24572592,2.9948699e-07,Kelt-9_b
15.25334879,3.4104347e-07,Kelt-9_b
15.26097546,3.6809961e-07,Kelt-9_b
15.26860595,3.765003e-07,Kelt-9_b
15.27624025,3.6489049e-07,Kelt-9_b
15.28387837,3.350691e-07,Kelt-9_b
15.29152031,2.9152591e-07,Kelt-9_b
15.29916607,2.4032692e-07,Kelt-9_b
15.30681565,1.8773036e-07,Kelt-9_b
15.31446906,1.3896614e-07,Kelt-9_b
15.3221263,9.7492637e-08,Kelt-9_b
15.32978736,6.4830423e-08,Kelt-9_b
15.33745225,4.0869155e-08,Kelt-9_b
15.34512098,2.4428538e-08,Kelt-9_b
15.35279354,1.3847432e-08,Kelt-9_b
15.36046994,7.4456973e-09,Kelt-9_b
15.36815017,3.7984784e-09,Kelt-9_b
15.37583425,1.839046e-09,Kelt-9_b
15.38352216,8.4523121e-10,Kelt-9_b
15.39121393,3.6888584e-10,Kelt-9_b
15.39890953,1.5292154e-10,Kelt-9_b
15.40660899,6.0234175e-11,Kelt-9_b
15.41431229,2.255079e-11,Kelt-9_b
15.42201945,7.6829732e-12,Kelt-9_b
15.42973046,1.2898155e-12,Kelt-9_b
15.43744532,2.9977497e-13,Kelt-9_b
15.44516405,1.0244022e-13,Kelt-9_b
15.45288663,1.5403639e-14,Kelt-9_b
15.46061307,2.0317963e-14,Kelt-9_b
15.46834338,2.5375672e-14,Kelt-9_b
15.47607755,3.0005922e-14,Kelt-9_b
15.48381559,3.3592885e-14,Kelt-9_b
15.4915575,3.5607152e-14,Kelt-9_b
15.49930327,3.5733456e-14,Kelt-9_b
15.50705293,3.3951656e-14,Kelt-9_b
15.51480645,3.0578043e-14,Kelt-9_b
15.52256386,2.6122246e-14,Kelt-9_b
15.53032514,2.1284344e-14,Kelt-9_b
15.5380903,1.6833156e-14,Kelt-9_b
15.54585934,1.3627885e-14,Kelt-9_b
15.55363227,1.2781381e-14,Kelt-9_b
15.56140909,1.6011738e-14,Kelt-9_b
15.5691898,2.6184022e-14,Kelt-9_b
15.57697439,4.7972483e-14,Kelt-9_b
15.58476288,8.8460584e-14,Kelt-9_b
15.59255526,1.5735369e-13,Kelt-9_b
15.60035154,2.6636569e-13,Kelt-9_b
15.60815171,4.2736181e-13,Kelt-9_b
15.61595579,6.4910812e-13,Kelt-9_b
15.62376377,9.3302989e-13,Kelt-9_b
15.63157565,1.269086e-12,Kelt-9_b
15.63939144,1.6334069e-12,Kelt-9_b
15.64721113,1.989325e-12,Kelt-9_b
15.65503474,2.2925989e-12,Kelt-9_b
15.66286225,2.5001464e-12,Kelt-9_b
15.67069369,2.580016e-12,Kelt-9_b
15.67852903,2.5194388e-12,Kelt-9_b
15.6863683,2.3281713e-12,Kelt-9_b
15.69421148,2.0359229e-12,Kelt-9_b
15.70205859,1.6848024e-12,Kelt-9_b
15.70990962,1.3194231e-12,Kelt-9_b
15.71776457,9.8024778e-13,Kelt-9_b
15.72562345,1.1366835e-12,Kelt-9_b
15.73348626,2.2832545e-12,Kelt-9_b
15.74135301,5.507645e-12,Kelt-9_b
15.74922368,1.479614e-11,Kelt-9_b
15.7570983,3.7798364e-11,Kelt-9_b
15.76497685,9.1585117e-11,Kelt-9_b
15.77285933,2.1074001e-10,Kelt-9_b
15.78074576,4.600566e-10,Kelt-9_b
15.78863614,9.5280908e-10,Kelt-9_b
15.79653045,1.8724809e-09,Kelt-9_b
15.80442872,3.4926925e-09,Kelt-9_b
15.81233093,6.185305e-09,Kelt-9_b
15.8202371,1.0402876e-08,Kelt-9_b
15.82814722,1.6621719e-08,Kelt-9_b
15.83606129,2.5238863e-08,Kelt-9_b
15.84397932,3.6431403e-08,Kelt-9_b
15.85190131,5.0007096e-08,Kelt-9_b
15.85982726,6.5293078e-08,Kelt-9_b
15.86775718,8.1115044e-08,Kelt-9_b
15.87569105,9.5904344e-08,Kelt-9_b
15.8836289,1.0793511e-07,Kelt-9_b
15.89157071,1.1564786e-07,Kelt-9_b
15.8995165,1.17978e-07,Kelt-9_b
15.90746626,1.1459483e-07,Kelt-9_b
15.91541999,1.059778e-07,Kelt-9_b
15.9233777,9.3306127e-08,Kelt-9_b
15.93133939,7.8196274e-08,Kelt-9_b
15.93930506,6.2367237e-08,Kelt-9_b
15.94727471,4.7327915e-08,Kelt-9_b
15.95524835,3.4162554e-08,Kelt-9_b
15.96322597,2.3449137e-08,Kelt-9_b
15.97120759,1.5300726e-08,Kelt-9_b
15.97919319,9.4878587e-09,Kelt-9_b
15.98718279,5.5893079e-09,Kelt-9_b
15.99517638,3.1271389e-09,Kelt-9_b
16.00317397,1.6611402e-09,Kelt-9_b
16.01117555,8.3755357e-10,Kelt-9_b
16.01918114,4.0072913e-10,Kelt-9_b
16.02719073,1.8189227e-10,Kelt-9_b
16.03520433,7.8307629e-11,Kelt-9_b
16.04322193,3.1968343e-11,Kelt-9_b
16.05124354,1.223148e-11,Kelt-9_b
16.05926916,4.3367144e-12,Kelt-9_b
16.0672988,1.5034761e-12,Kelt-9_b
16.07533245,3.0127668e-13,Kelt-9_b
16.08337011,1.9100557e-15,Kelt-9_b
16.0914118,3.1232081e-15,Kelt-9_b
16.0994575,5.2565559e-15,Kelt-9_b
16.10750723,8.4324723e-15,Kelt-9_b
16.11556099,1.2799097e-14,Kelt-9_b
16.12361877,1.8380764e-14,Kelt-9_b
16.13168058,2.4975212e-14,Kelt-9_b
16.13974642,3.2108347e-14,Kelt-9_b
16.14781629,3.9056358e-14,Kelt-9_b
16.1558902,4.4950299e-14,Kelt-9_b
16.16396814,4.8948864e-14,Kelt-9_b
16.17205013,5.0434084e-14,Kelt-9_b
16.18013615,4.9167666e-14,Kelt-9_b
16.18822622,4.5353578e-14,Kelt-9_b
16.19632033,3.9584282e-14,Kelt-9_b
16.20441849,3.2690092e-14,Kelt-9_b
16.2125207,2.5544349e-14,Kelt-9_b
16.22062696,1.8886978e-14,Kelt-9_b
16.22873728,1.3213677e-14,Kelt-9_b
16.23685165,8.7475471e-15,Kelt-9_b
16.24497007,5.4798344e-15,Kelt-9_b
16.25309256,3.2487339e-15,Kelt-9_b
16.2612191,1.8233419e-15,Kelt-9_b
16.26934971,9.6977833e-16,Kelt-9_b
16.27748439,4.9037051e-16,Kelt-9_b
16.28562313,2.3810909e-16,Kelt-9_b
16.29376594,1.1437201e-16,Kelt-9_b
16.30191282,5.860539e-17,Kelt-9_b
16.31006378,3.6411278e-17,Kelt-9_b
16.31821881,2.9516249e-17,Kelt-9_b
16.32637792,2.8722195e-17,Kelt-9_b
16.33454111,2.9583195e-17,Kelt-9_b
16.34270838,2.98096e-17,Kelt-9_b
16.35087973,2.919665e-17,Kelt-9_b
16.35905517,2.7102317e-17,Kelt-9_b
16.3672347,2.3817845e-17,Kelt-9_b
16.37541832,2.0390459e-17,Kelt-9_b
16.38360603,1.7733959e-17,Kelt-9_b
16.39179783,1.7638266e-17,Kelt-9_b
16.39999373,2.4240275e-17,Kelt-9_b
16.40819373,4.6000136000000003e-17,Kelt-9_b
16.41639782,1.0041045000000001e-16,Kelt-9_b
16.42460602,2.2165726e-16,Kelt-9_b
16.43281833,4.7200247e-16,Kelt-9_b
16.44103474,9.5630313e-16,Kelt-9_b
16.44925525,1.8366221e-15,Kelt-9_b
16.45747988,3.3403447e-15,Kelt-9_b
16.46570862,5.7517731e-15,Kelt-9_b
16.47394147,9.3762029e-15,Kelt-9_b
16.48217845,1.4469879e-14,Kelt-9_b
16.49041953,2.1140679e-14,Kelt-9_b
16.49866474,2.9241112e-14,Kelt-9_b
16.50691408,3.8290814e-14,Kelt-9_b
16.51516753,4.7470709e-14,Kelt-9_b
16.52342512,5.5717485e-14,Kelt-9_b
16.53168683,6.1914998e-14,Kelt-9_b
16.53995267,6.5139176e-14,Kelt-9_b
16.54822265,6.4883421e-14,Kelt-9_b
16.55649676,6.1188933e-14,Kelt-9_b
16.56477501,5.4633848e-14,Kelt-9_b
16.5730574,4.6185121e-14,Kelt-9_b
16.58134393,3.6965356e-14,Kelt-9_b
16.5896346,2.8011799e-14,Kelt-9_b
16.59792942,2.3120998e-14,Kelt-9_b
16.60622838,6.8416142e-14,Kelt-9_b
16.61453149,3.6503708e-13,Kelt-9_b
16.62283876,1.0456404e-12,Kelt-9_b
16.63115018,2.8320652e-12,Kelt-9_b
16.63946575,7.2888148e-12,Kelt-9_b
16.64778549,1.778065e-11,Kelt-9_b
16.65610938,4.1089603e-11,Kelt-9_b
16.66443743,8.9939136e-11,Kelt-9_b
16.67276965,1.8645568e-10,Kelt-9_b
16.68110604,3.6609913e-10,Kelt-9_b
16.68944659,6.8077875e-10,Kelt-9_b
16.69779131,1.1989088e-09,Kelt-9_b
16.70614021,1.9995314e-09,Kelt-9_b
16.71449328,3.158069e-09,Kelt-9_b
16.72285053,4.7234152e-09,Kelt-9_b
16.73121195,6.6899356e-09,Kelt-9_b
16.73957756,8.9724219e-09,Kelt-9_b
16.74794735,1.1394898e-08,Kelt-9_b
16.75632132,1.3703004e-08,Kelt-9_b
16.76469948,1.5603346e-08,Kelt-9_b
16.77308183,1.6823209e-08,Kelt-9_b
16.78146837,1.7174424e-08,Kelt-9_b
16.78985911,1.6600888e-08,Kelt-9_b
16.79825404,1.519324e-08,Kelt-9_b
16.80665316,1.31654e-08,Kelt-9_b
16.81505649,1.0801336e-08,Kelt-9_b
16.82346402,8.3902775e-09,Kelt-9_b
16.83187575,6.1705927e-09,Kelt-9_b
16.84029169,4.2966097e-09,Kelt-9_b
16.84871183,2.8325048e-09,Kelt-9_b
16.85713619,1.7679049e-09,Kelt-9_b
16.86556476,1.0446936e-09,Kelt-9_b
16.87399754,5.8446638e-10,Kelt-9_b
16.88243454,3.0957785e-10,Kelt-9_b
16.89087576,1.5524573e-10,Kelt-9_b
16.89932119,7.3707037e-11,Kelt-9_b
16.90777085,3.3131287e-11,Kelt-9_b
16.91622474,1.4099658e-11,Kelt-9_b
16.92468285,5.6809517e-12,Kelt-9_b
16.93314519,2.1670924e-12,Kelt-9_b
16.94161177,7.8170147e-13,Kelt-9_b
16.95008257,2.5262157e-13,Kelt-9_b
16.95855761,1.9140482e-14,Kelt-9_b
16.96703689,2.9317888e-17,Kelt-9_b
16.97552041,1.6183199999999998e-18,Kelt-9_b
16.98400817,1.1091216999999999e-18,Kelt-9_b
16.99250017,1.3423032e-18,Kelt-9_b
17.00099642,1.5377735999999999e-18,Kelt-9_b
17.00949692,1.668789e-18,Kelt-9_b
17.01800167,1.7180530999999998e-18,Kelt-9_b
17.02651067,1.6844176999999999e-18,Kelt-9_b
17.03502393,1.5873518999999998e-18,Kelt-9_b
17.04354144,1.469059e-18,Kelt-9_b
17.05206321,1.3950381999999999e-18,Kelt-9_b
17.06058924,1.4541422999999998e-18,Kelt-9_b
17.06911954,1.7580430999999996e-18,Kelt-9_b
17.0776541,2.4377936999999996e-18,Kelt-9_b
17.08619292,3.6330714999999996e-18,Kelt-9_b
17.09473602,5.469455099999999e-18,Kelt-9_b
17.10328339,8.022223499999999e-18,Kelt-9_b
17.11183503,1.1271776e-17,Kelt-9_b
17.12039095,1.5063733e-17,Kelt-9_b
17.12895114,1.9092031000000002e-17,Kelt-9_b
17.13751562,2.2921491e-17,Kelt-9_b
17.14608438,2.6055503e-17,Kelt-9_b
17.15465742,2.803734e-17,Kelt-9_b
17.16323475,2.8557314e-17,Kelt-9_b
17.17181636,2.753103e-17,Kelt-9_b
17.18040227,2.5121234e-17,Kelt-9_b
17.18899247,2.1695258e-17,Kelt-9_b
17.19758697,1.7733199e-17,Kelt-9_b
17.20618576,1.3718358e-17,Kelt-9_b
17.21478886,1.0043935000000001e-17,Kelt-9_b
17.22339625,6.9596469e-18,Kelt-9_b
17.23200795,4.5640166e-18,Kelt-9_b
17.24062395,2.8325642999999998e-18,Kelt-9_b
17.24924426,1.6637256999999998e-18,Kelt-9_b
17.25786889,9.2480783e-19,Kelt-9_b
17.26649782,4.8650829e-19,Kelt-9_b
17.27513107,2.4221653999999997e-19,Kelt-9_b
17.28376864,1.1413168e-19,Kelt-9_b
17.29241052,5.0900981e-20,Kelt-9_b
17.30105672,2.1489114e-20,Kelt-9_b
17.30970725,8.589843e-21,Kelt-9_b
17.31836211,3.2524687e-21,Kelt-9_b
17.32702129,1.1674542000000001e-21,Kelt-9_b
17.3356848,3.7341701000000004e-22,Kelt-9_b
17.34435264,6.3692973e-24,Kelt-9_b
17.35302482,2.0388895e-24,Kelt-9_b
17.36170133,1.2103784e-24,Kelt-9_b
17.37038218,1.1081857e-23,Kelt-9_b
17.37906737,3.1465851e-23,Kelt-9_b
17.38775691,8.7036581e-23,Kelt-9_b
17.39645078,2.2906811000000003e-22,Kelt-9_b
17.40514901,5.7093953e-22,Kelt-9_b
17.41385158,1.3466287e-21,Kelt-9_b
17.42255851,3.0052675000000003e-21,Kelt-9_b
17.43126979,6.3457901e-21,Kelt-9_b
17.43998542,1.2678061e-20,Kelt-9_b
17.44870542,2.3965304e-20,Kelt-9_b
17.45742977,4.2862237e-20,Kelt-9_b
17.46615848,7.2531634e-20,Kelt-9_b
17.47489156,1.1612878999999998e-19,Kelt-9_b
17.48362901,1.7591844e-19,Kelt-9_b
17.49237082,2.5213965e-19,Kelt-9_b
17.50111701,3.4192328e-19,Kelt-9_b
17.50986757,4.387059099999999e-19,Kelt-9_b
17.5186225,5.3256818e-19,Kelt-9_b
17.52738181,6.116931799999999e-19,Kelt-9_b
17.5361455,6.6473511e-19,Kelt-9_b
17.54491358,6.8347104e-19,Kelt-9_b
17.55368603,6.648876e-19,Kelt-9_b
17.56246288,6.119742599999999e-19,Kelt-9_b
17.57124411,5.3293615999999995e-19,Kelt-9_b
17.58002973,4.3911144e-19,Kelt-9_b
17.58881974,3.4232007e-19,Kelt-9_b
17.59761415,2.5249260999999997e-19,Kelt-9_b
17.60641296,1.7620752e-19,Kelt-9_b
17.61521617,1.1634846e-19,Kelt-9_b
17.62402378,7.2687274e-20,Kelt-9_b
17.63283579,4.2965468e-20,Kelt-9_b
17.64165221,2.402967e-20,Kelt-9_b
17.65047303,1.2716075e-20,Kelt-9_b
17.65929827,6.3674633e-21,Kelt-9_b
17.66812792,3.017812e-21,Kelt-9_b
17.67696198,1.3548409e-21,Kelt-9_b
17.68580046,5.778174100000001e-22,Kelt-9_b
17.69464336,2.3638623000000003e-22,Kelt-9_b
17.70349068,9.5753676e-23,Kelt-9_b
17.71234243,4.1955229999999997e-23,Kelt-9_b
17.7211986,2.3238156e-23,Kelt-9_b
17.7300592,1.4452548e-23,Kelt-9_b
17.73892423,1.5346804e-23,Kelt-9_b
17.74779369,1.565161e-23,Kelt-9_b
17.75666759,1.5157491e-23,Kelt-9_b
17.76554592,1.3945269e-23,Kelt-9_b
17.7744287,1.220417e-23,Kelt-9_b
17.78331591,2.7979111e-23,Kelt-9_b
17.79220757,2.6943768000000003e-21,Kelt-9_b
17.80110367,2.0510653e-20,Kelt-9_b
17.81000422,5.9796665e-20,Kelt-9_b
17.81890923,1.6351777e-19,Kelt-9_b
17.82781868,4.2338664e-19,Kelt-9_b
17.83673259,1.0379483999999999e-18,Kelt-9_b
17.84565096,2.4091959e-18,Kelt-9_b
17.85457378,5.2944374e-18,Kelt-9_b
17.86350107,1.1015724e-17,Kelt-9_b
17.87243282,2.1699313e-17,Kelt-9_b
17.88136903,4.0468103e-17,Kelt-9_b
17.89030972,7.1450917e-17,Kelt-9_b
17.89925487,1.1943318000000002e-16,Kelt-9_b
17.9082045,1.8899863000000001e-16,Kelt-9_b
17.9171586,2.8314113000000004e-16,Kelt-9_b
17.92611718,4.0156165e-16,Kelt-9_b
17.93508024,5.391391600000001e-16,Kelt-9_b
17.94404778,6.852411500000001e-16,Kelt-9_b
17.95301981,8.244694900000001e-16,Kelt-9_b
17.96199632,9.390510300000002e-16,Kelt-9_b
17.97097731,1.0124704e-15,Kelt-9_b
17.9799628,1.0333542e-15,Kelt-9_b
17.98895278,9.9835602e-16,Kelt-9_b
17.99794726,9.130335400000001e-16,Kelt-9_b
18.00694623,7.904040000000001e-16,Kelt-9_b
18.01594971,6.476926600000001e-16,Kelt-9_b
18.02495768,5.023922200000001e-16,Kelt-9_b
18.03397016,3.688654e-16,Kelt-9_b
18.04298715,2.5635504000000004e-16,Kelt-9_b
18.05200864,1.6864113e-16,Kelt-9_b
18.06103464,1.0501156000000001e-16,Kelt-9_b
18.07006516,6.1899601e-17,Kelt-9_b
18.07910019,3.4548736e-17,Kelt-9_b
18.08813974,1.8280426e-17,Kelt-9_b
18.09718381,9.217513399999999e-18,Kelt-9_b
18.10623241,4.5288843e-18,Kelt-9_b
18.11528552,2.3604207e-18,Kelt-9_b
18.12434316,3.5937321e-18,Kelt-9_b
18.13340534,9.6396478e-18,Kelt-9_b
18.14247204,2.4845466e-17,Kelt-9_b
18.15154327,6.3690807e-17,Kelt-9_b
18.16061905,1.5756739000000002e-16,Kelt-9_b
18.16969936,3.7282088000000005e-16,Kelt-9_b
18.17878421,8.401541300000001e-16,Kelt-9_b
18.1878736,1.7988267e-15,Kelt-9_b
18.19696753,3.6540254e-15,Kelt-9_b
18.20606602,7.0361281e-15,Kelt-9_b
18.21516905,1.2836738e-14,Kelt-9_b
18.22427664,2.2182165e-14,Kelt-9_b
18.23338877,3.6299897e-14,Kelt-9_b
18.24250547,5.6249034e-14,Kelt-9_b
18.25162672,8.2529258e-14,Kelt-9_b
18.26075253,1.1464895e-13,Kelt-9_b
18.26988291,1.5079744e-13,Kelt-9_b
18.27901785,1.8779135e-13,Kelt-9_b
18.28815736,2.2141799e-13,Kelt-9_b
18.29730144,2.4717517e-13,Kelt-9_b
18.30645009,2.6124657e-13,Kelt-9_b
18.31560332,2.6142639e-13,Kelt-9_b
18.32476112,2.4768536e-13,Kelt-9_b
18.3339235,2.2217851e-13,Kelt-9_b
18.34309046,1.8869172e-13,Kelt-9_b
18.352262,1.5172272e-13,Kelt-9_b
18.36143814,1.1550288e-13,Kelt-9_b
18.37061885,8.3248506e-14,Kelt-9_b
18.37980416,5.6806503e-14,Kelt-9_b
18.38899407,3.6698964e-14,Kelt-9_b
18.39818856,2.2446025e-14,Kelt-9_b
18.40738766,1.2997216e-14,Kelt-9_b
18.41659135,7.1249444e-15,Kelt-9_b
18.42579965,3.6976652e-15,Kelt-9_b
18.43501255,1.8166992e-15,Kelt-9_b
18.44423005,8.449712100000001e-16,Kelt-9_b
18.45345217,3.7204724000000005e-16,Kelt-9_b
18.46267889,1.5507621000000001e-16,Kelt-9_b
18.47191023,6.1189456e-17,Kelt-9_b
18.48114619,2.2855141e-17,Kelt-9_b
18.49038676,8.080982199999999e-18,Kelt-9_b
18.49963196,2.0724888e-18,Kelt-9_b
18.50888177,7.3934261e-24,Kelt-9_b
18.51813621,2.0109762e-24,Kelt-9_b
18.52739528,6.2882230000000006e-30,Kelt-9_b
18.53665898,1.5096573e-33,Kelt-9_b
18.54592731,2.7865006e-33,Kelt-9_b
18.55520027,4.9605000999999995e-33,Kelt-9_b
18.56447787,8.4031107e-33,Kelt-9_b
18.57376011,1.3491957000000002e-32,Kelt-9_b
18.58304699,2.0508415000000002e-32,Kelt-9_b
18.59233851,2.9503428e-32,Kelt-9_b
18.60163468,9.638541500000001e-26,Kelt-9_b
18.6109355,1.7567463999999997e-18,Kelt-9_b
18.62024097,7.561303200000001e-16,Kelt-9_b
18.62955109,2.5074266e-15,Kelt-9_b
18.63886586,8.7397621e-15,Kelt-9_b
18.6481853,2.9323375e-14,Kelt-9_b
18.65750939,7.8177454e-14,Kelt-9_b
18.66683814,1.9678438e-13,Kelt-9_b
18.67617156,4.7101925e-13,Kelt-9_b
18.68550965,1.0722451e-12,Kelt-9_b
18.6948524,2.3216215e-12,Kelt-9_b
18.70419983,4.7812927e-12,Kelt-9_b
18.71355193,9.3659121e-12,Kelt-9_b
18.72290871,1.7449381e-11,Kelt-9_b
18.73227016,3.0916531e-11,Kelt-9_b
18.7416363,5.2085989e-11,Kelt-9_b
18.75100711,8.3424663e-11,Kelt-9_b
18.76038262,1.2700575e-10,Kelt-9_b
18.76976281,1.8374287e-10,Kelt-9_b
18.77914769,2.5255287e-10,Kelt-9_b
18.78853726,3.2971732e-10,Kelt-9_b
18.79793153,4.0876213e-10,Kelt-9_b
18.8073305,4.810961e-10,Kelt-9_b
18.81673416,5.3742883e-10,Kelt-9_b
18.82614253,5.6968915e-10,Kelt-9_b
18.8355556,5.7291215e-10,Kelt-9_b
18.84497338,5.4649037e-10,Kelt-9_b
18.85439587,4.9435529e-10,Kelt-9_b
18.86382306,4.2401632e-10,Kelt-9_b
18.87325498,3.4478147e-10,Kelt-9_b
18.8826916,2.6574254e-10,Kelt-9_b
18.89213295,1.9412358e-10,Kelt-9_b
18.90157902,1.3438343e-10,Kelt-9_b
18.91102981,8.8149395e-11,Kelt-9_b
18.92048532,5.4784819e-11,Kelt-9_b
18.92994556,3.2257782e-11,Kelt-9_b
18.93941054,1.7993386e-11,Kelt-9_b
18.94888024,9.5076059e-12,Kelt-9_b
18.95835468,4.7587427e-12,Kelt-9_b
18.96783386,2.2561835e-12,Kelt-9_b
18.97731778,1.0133563e-12,Kelt-9_b
18.98680643,4.313739e-13,Kelt-9_b
18.99629984,1.7433281e-13,Kelt-9_b
19.00579799,6.7042733e-14,Kelt-9_b
19.01530089,2.5137242e-14,Kelt-9_b
19.02480854,9.254426e-15,Kelt-9_b
19.03432094,2.5689261e-15,Kelt-9_b
19.0438381,2.0546576e-15,Kelt-9_b
19.05336002,2.0883863e-15,Kelt-9_b
19.0628867,2.0177834e-15,Kelt-9_b
19.07241814,1.8458962e-15,Kelt-9_b
19.08195435,1.5992357e-15,Kelt-9_b
19.09149533,1.3127109e-15,Kelt-9_b
19.10104108,1.0215978e-15,Kelt-9_b
19.1105916,7.546579700000001e-16,Kelt-9_b
19.12014689,5.301624600000001e-16,Kelt-9_b
19.12970697,3.5529729e-16,Kelt-9_b
19.13927182,2.282379e-16,Kelt-9_b
19.14884146,1.4155217e-16,Kelt-9_b
19.15841588,8.5606627e-17,Kelt-9_b
19.16799509,5.1109352e-17,Kelt-9_b
19.17757908,3.0502496e-17,Kelt-9_b
19.18716787,1.8362163e-17,Kelt-9_b
19.19676146,1.1170523e-17,Kelt-9_b
19.20635984,6.8253821999999995e-18,Kelt-9_b
19.21596302,4.1411375e-18,Kelt-9_b
19.225571,2.4633473999999997e-18,Kelt-9_b
19.23518378,1.4206527999999999e-18,Kelt-9_b
19.24480138,7.866784299999999e-19,Kelt-9_b
19.25442378,4.0847165e-19,Kelt-9_b
19.26405099,2.0810693e-19,Kelt-9_b
19.27368301,1.0040074999999999e-19,Kelt-9_b
19.28331986,4.5858397e-20,Kelt-9_b
19.29296152,1.9830627e-20,Kelt-9_b
19.302608,8.1188312e-21,Kelt-9_b
19.3122593,3.1469764000000002e-21,Kelt-9_b
19.32191543,1.1548867e-21,Kelt-9_b
19.33157639,4.0075241000000004e-22,Kelt-9_b
19.34124218,6.0455643e-23,Kelt-9_b
19.3509128,8.8339572e-28,Kelt-9_b
19.36058825,2.2461316000000003e-27,Kelt-9_b
19.37026855,5.4285574e-27,Kelt-9_b
19.37995368,1.2421838e-26,Kelt-9_b
19.38964366,2.6911529e-26,Kelt-9_b
19.39933848,5.520047100000001e-26,Kelt-9_b
19.40903815,1.0720139e-25,Kelt-9_b
19.41874267,1.9711175e-25,Kelt-9_b
19.42845204,3.4314674999999997e-25,Kelt-9_b
19.43816627,5.6559157e-25,Kelt-9_b
19.44788535,8.826358399999999e-25,Kelt-9_b
19.45760929,1.304113e-24,Kelt-9_b
19.4673381,1.8243275e-24,Kelt-9_b
19.47707177,2.4162554000000002e-24,Kelt-9_b
19.4868103,3.0299346000000003e-24,Kelt-9_b
19.49655371,3.5972582e-24,Kelt-9_b
19.50630198,4.043477e-24,Kelt-9_b
19.51605513,4.3030863e-24,Kelt-9_b
19.52581316,4.3355390000000004e-24,Kelt-9_b
19.53557607,4.1356306e-24,Kelt-9_b
19.54534386,3.734847e-24,Kelt-9_b
19.55511653,3.1932914000000003e-24,Kelt-9_b
19.56489409,2.5849816e-24,Kelt-9_b
19.57467653,1.9815302e-24,Kelt-9_b
19.58446387,1.439174e-24,Kelt-9_b
19.5942561,9.922195699999999e-25,Kelt-9_b
19.60405323,6.5331712999999995e-25,Kelt-9_b
19.61385526,4.1873866e-25,Kelt-9_b
19.62366219,2.7579086e-25,Kelt-9_b
19.63347402,2.0967216e-25,Kelt-9_b
19.64329075,2.080202e-25,Kelt-9_b
19.6531124,2.6251113e-25,Kelt-9_b
19.66293896,3.6778513e-25,Kelt-9_b
19.67277043,5.185799799999999e-25,Kelt-9_b
19.68260681,7.0630544e-25,Kelt-9_b
19.69244811,9.164141599999999e-25,Kelt-9_b
19.70229434,1.1277569e-24,Kelt-9_b
19.71214549,1.3145671e-24,Kelt-9_b
19.72200156,1.4508327000000001e-24,Kelt-9_b
19.73186256,1.5159068e-24,Kelt-9_b
19.74172849,1.4994855e-24,Kelt-9_b
19.75159935,1.404169e-24,Kelt-9_b
19.76147515,1.2448273000000001e-24,Kelt-9_b
19.77135589,1.0455014e-24,Kelt-9_b
19.78124157,8.3269464e-25,Kelt-9_b
19.79113219,6.3464925e-25,Kelt-9_b
19.80102776,4.727093e-25,Kelt-9_b
19.81092827,3.7273892999999996e-25,Kelt-9_b
19.82083373,3.714515e-25,Kelt-9_b
19.83074415,5.3754335e-25,Kelt-9_b
19.84065952,1.0038709e-24,Kelt-9_b
19.85057985,2.0129749e-24,Kelt-9_b
19.86050514,3.9730506e-24,Kelt-9_b
19.8704354,7.5127758e-24,Kelt-9_b
19.88037061,1.3510842e-23,Kelt-9_b
19.8903108,2.3063777e-23,Kelt-9_b
19.90025595,3.7352009e-23,Kelt-9_b
19.91020608,5.737937e-23,Kelt-9_b
19.92016119,8.360158399999999e-23,Kelt-9_b
19.93012127,1.1551941e-22,Kelt-9_b
19.94008633,1.5137043e-22,Kelt-9_b
19.95005637,1.8807644000000001e-22,Kelt-9_b
19.9600314,2.2156162000000004e-22,Kelt-9_b
19.97001141,2.4744549000000004e-22,Kelt-9_b
19.97999642,2.6196714000000003e-22,Kelt-9_b
19.98998642,2.6287780000000003e-22,Kelt-9_b
19.99998141,2.5001125e-22,Kelt-9_b
