results_atm.txt
# ------------------------------------------------------------------------
# Spectra synthesized with the Planetary and Universal Model of Atmospheric Scattering (PUMAS, Villanueva et al. 2018, 2022)
# Single scattering radiative transfer method
# Radiative transfer took 0.773 seconds
# ------------------------------------------------------------------------
# Wave/freq GJ-1214b
5.000000000e-01  5.3040363e-08
5.025000000e-01  5.3529518e-08
5.050125000e-01  5.4411856e-08
5.075375625e-01  5.5428047e-08
5.100752503e-01  5.6578512e-08
5.126256266e-01  5.7785208e-08
5.151887547e-01  5.9070620e-08
5.177646985e-01  6.0214001e-08
5.203535220e-01  6.1315894e-08
5.229552896e-01  6.2311064e-08
5.255700660e-01  6.3387617e-08
5.281979164e-01  6.4437222e-08
5.308389059e-01  6.5466241e-08
5.334931005e-01  6.6504924e-08
5.361605660e-01  6.7458613e-08
5.388413688e-01  6.8181303e-08
5.415355756e-01  6.8447532e-08
5.442432535e-01  6.9608366e-08
5.469644698e-01  7.1182337e-08
5.496992921e-01  7.2503405e-08
5.524477886e-01  7.3748659e-08
5.552100275e-01  7.4888061e-08
5.579860777e-01  7.6043414e-08
5.607760081e-01  7.7119264e-08
5.635798881e-01  7.8169553e-08
5.663977875e-01  7.8978455e-08
5.692297765e-01  7.8649173e-08
5.720759254e-01  8.0396135e-08
5.749363050e-01  8.1158639e-08
5.778109865e-01  8.2147868e-08
5.807000414e-01  8.3431699e-08
5.836035417e-01  8.4624090e-08
5.865215594e-01  8.3258445e-08
5.894541672e-01  7.8350585e-08
5.924014380e-01  8.2712001e-08
5.953634452e-01  8.3137342e-08
5.983402624e-01  8.4462506e-08
6.013319637e-01  8.7062170e-08
6.043386235e-01  9.0003947e-08
6.073603167e-01  9.2169147e-08
6.103971182e-01  9.3703716e-08
6.134491038e-01  9.4039916e-08
6.165163494e-01  9.3017703e-08
6.195989311e-01  9.1947486e-08
6.226969258e-01  9.5609509e-08
6.258104104e-01  9.7730008e-08
6.289394624e-01  9.9341694e-08
6.320841597e-01  1.0019919e-07
6.352445805e-01  1.0134751e-07
6.384208035e-01  1.0163376e-07
6.416129075e-01  1.0234404e-07
6.448209720e-01  9.9891678e-08
6.480450769e-01  9.7870721e-08
6.512853022e-01  1.0047453e-07
6.545417288e-01  1.0192248e-07
6.578144374e-01  1.0183846e-07
6.611035096e-01  1.0463980e-07
6.644090271e-01  1.0546411e-07
6.677310723e-01  1.0794481e-07
6.710697276e-01  1.1031457e-07
6.744250763e-01  1.1237812e-07
6.777972017e-01  1.1345484e-07
6.811861877e-01  1.1359691e-07
6.845921186e-01  1.1416051e-07
6.880150792e-01  1.1464340e-07
6.914551546e-01  1.0414166e-07
6.949124304e-01  1.0401388e-07
6.983869925e-01  1.0817926e-07
7.018789275e-01  1.0232337e-07
7.053883221e-01  1.0419163e-07
7.089152637e-01  1.0514062e-07
7.124598400e-01  1.0316447e-07
7.160221392e-01  7.5842787e-08
7.196022499e-01  7.3633449e-08
7.232002612e-01  7.3663972e-08
7.268162625e-01  6.1136956e-08
7.304503438e-01  6.8177258e-08
7.341025955e-01  8.7953671e-08
7.377731085e-01  9.2826970e-08
7.414619740e-01  1.0379033e-07
7.451692839e-01  1.1081188e-07
7.488951303e-01  1.1765281e-07
7.526396060e-01  1.2232763e-07
7.564028040e-01  1.2568038e-07
7.601848180e-01  1.2712070e-07
7.639857421e-01  1.2744356e-07
7.678056708e-01  1.2792465e-07
7.716446992e-01  1.2815530e-07
7.755029227e-01  1.2720558e-07
7.793804373e-01  1.2296001e-07
7.832773395e-01  1.1697099e-07
7.871937262e-01  1.1374055e-07
7.911296948e-01  1.1602221e-07
7.950853433e-01  1.1298499e-07
7.990607700e-01  1.0638769e-07
8.030560739e-01  1.1014119e-07
8.070713542e-01  1.0693884e-07
8.111067110e-01  8.6505669e-08
8.151622446e-01  8.3185124e-08
8.192380558e-01  9.6679505e-08
8.233342461e-01  8.7856227e-08
8.274509173e-01  1.0103099e-07
8.315881719e-01  9.6776820e-08
8.357461127e-01  9.7859956e-08
8.399248433e-01  1.0378704e-07
8.441244675e-01  1.1300803e-07
8.483450899e-01  1.1742658e-07
8.525868153e-01  1.2553982e-07
8.568497494e-01  1.2916110e-07
8.611339981e-01  1.3204584e-07
8.654396681e-01  1.3442533e-07
8.697668665e-01  1.2929334e-07
8.741157008e-01  1.2968716e-07
8.784862793e-01  1.2157763e-07
8.828787107e-01  8.9003068e-08
8.872931042e-01  8.5101265e-08
8.917295698e-01  8.1497731e-08
8.961882176e-01  7.1413322e-08
9.006691587e-01  7.9734858e-08
9.051725045e-01  9.5559765e-08
9.096983670e-01  8.6748582e-08
9.142468589e-01  7.2521196e-08
9.188180931e-01  7.1817657e-08
9.234121836e-01  7.2887047e-08
9.280292445e-01  2.8068837e-08
9.326693908e-01  1.5173418e-08
9.373327377e-01  1.9326508e-08
9.420194014e-01  2.7464880e-08
9.467294984e-01  2.6971452e-08
9.514631459e-01  2.3834074e-08
9.562204616e-01  2.5723925e-08
9.610015639e-01  2.5837108e-08
9.658065718e-01  3.4950495e-08
9.706356046e-01  4.4659441e-08
9.754887826e-01  4.6059548e-08
9.803662265e-01  4.9549316e-08
9.852680577e-01  5.4505848e-08
9.901943980e-01  5.7745759e-08
9.951453700e-01  6.7881888e-08
1.000121097e+00  7.5079980e-08
1.005121702e+00  8.3414497e-08
1.010147311e+00  9.1130376e-08
1.015198047e+00  9.6389659e-08
1.020274038e+00  1.0627106e-07
1.025375408e+00  1.1341816e-07
1.030502285e+00  1.2009112e-07
1.035654796e+00  1.2504076e-07
1.040833070e+00  1.2666993e-07
1.046037236e+00  1.2502979e-07
1.051267422e+00  1.2333192e-07
1.056523759e+00  1.2137234e-07
1.061806378e+00  1.1643665e-07
1.067115410e+00  1.1344893e-07
1.072450987e+00  1.1095875e-07
1.077813242e+00  1.0487466e-07
1.083202308e+00  1.0130643e-07
1.088618319e+00  8.9287829e-08
1.094061411e+00  5.5116881e-08
1.099531718e+00  4.3231027e-08
1.105029377e+00  3.1146549e-08
1.110554523e+00  1.8905866e-08
1.116107296e+00  1.1861607e-08
1.121687832e+00  8.4097622e-09
1.127296272e+00  9.6015320e-09
1.132932753e+00  6.6690237e-09
1.138597417e+00  1.1324036e-08
1.144290404e+00  8.6824293e-09
1.150011856e+00  5.2126903e-09
1.155761915e+00  3.4107804e-09
1.161540725e+00  3.6766990e-09
1.167348428e+00  4.1713896e-09
1.173185171e+00  7.1201641e-09
1.179051096e+00  1.0923413e-08
1.184946352e+00  1.7416940e-08
1.190871084e+00  2.5265602e-08
1.196825439e+00  4.5754358e-08
1.202809566e+00  5.5846341e-08
1.208823614e+00  6.8878254e-08
1.214867732e+00  7.1917522e-08
1.220942071e+00  7.9394544e-08
1.227046781e+00  8.3505090e-08
1.233182015e+00  8.6051027e-08
1.239347925e+00  9.3752051e-08
1.245544665e+00  9.9201944e-08
1.251772388e+00  1.0411143e-07
1.258031250e+00  1.0649880e-07
1.264321406e+00  1.0650396e-07
1.270643013e+00  1.0081061e-07
1.276996228e+00  9.6137639e-08
1.283381209e+00  8.9479581e-08
1.289798116e+00  7.7162359e-08
1.296247106e+00  7.2855405e-08
1.302728342e+00  5.5746474e-08
1.309241983e+00  4.6959177e-08
1.315788193e+00  4.3677518e-08
1.322367134e+00  3.8110338e-08
1.328978970e+00  1.7061986e-08
1.335623865e+00  8.3290535e-09
1.342301984e+00  4.7243610e-09
1.349013494e+00  2.1132642e-09
1.355758561e+00  9.4457127e-10
1.362537354e+00  1.0274273e-09
1.369350041e+00  1.4161792e-09
1.376196791e+00  1.6513307e-09
1.383077775e+00  1.1526829e-09
1.389993164e+00  1.6912030e-09
1.396943130e+00  1.7759493e-09
1.403927846e+00  2.3090324e-09
1.410947485e+00  2.0383222e-09
1.418002222e+00  2.6300586e-09
1.425092233e+00  3.3192169e-09
1.432217694e+00  4.8837621e-09
1.439378783e+00  5.9207464e-09
1.446575677e+00  8.4259314e-09
1.453808555e+00  1.2103077e-08
1.461077598e+00  1.5079803e-08
1.468382986e+00  1.5219693e-08
1.475724901e+00  1.9532836e-08
1.483103525e+00  1.9547238e-08
1.490519043e+00  2.3554683e-08
1.497971638e+00  3.2519356e-08
1.505461496e+00  3.5959220e-08
1.512988804e+00  5.1291275e-08
1.520553748e+00  5.9327410e-08
1.528156517e+00  6.8441031e-08
1.535797299e+00  8.4072011e-08
1.543476286e+00  9.4856963e-08
1.551193667e+00  1.0542451e-07
1.558949636e+00  1.1509840e-07
1.566744384e+00  1.2473280e-07
1.574578106e+00  1.3347107e-07
1.582450996e+00  1.3675663e-07
1.590363251e+00  1.3633001e-07
1.598315067e+00  1.3214358e-07
1.606306643e+00  1.2891900e-07
1.614338176e+00  9.1468238e-08
1.622409867e+00  5.2099098e-08
1.630521916e+00  4.8134335e-08
1.638674526e+00  6.3129639e-08
1.646867898e+00  4.1123149e-08
1.655102238e+00  4.8491213e-08
1.663377749e+00  5.7791286e-08
1.671694638e+00  2.3984165e-08
1.680053111e+00  4.5749990e-08
1.688453377e+00  4.3355604e-08
1.696895643e+00  1.7671261e-08
1.705380122e+00  1.6453486e-08
1.713907022e+00  3.4561494e-08
1.722476557e+00  4.4906752e-08
1.731088940e+00  1.8139578e-08
1.739744385e+00  3.3104137e-08
1.748443107e+00  3.5347224e-08
1.757185322e+00  3.0825055e-08
1.765971249e+00  3.9825432e-08
1.774801105e+00  3.2618509e-08
1.783675111e+00  3.5952977e-08
1.792593486e+00  2.1427878e-08
1.801556454e+00  2.1072844e-08
1.810564236e+00  1.6863630e-08
1.819617057e+00  1.8567781e-08
1.828715142e+00  1.4471699e-08
1.837858718e+00  8.8935938e-09
1.847048012e+00  1.3754594e-08
1.856283252e+00  1.3562710e-08
1.865564668e+00  9.6112069e-09
1.874892491e+00  1.1637711e-08
1.884266954e+00  2.3333218e-08
1.893688289e+00  2.6886639e-08
1.903156730e+00  1.9259693e-08
1.912672514e+00  1.9936957e-08
1.922235876e+00  2.5951589e-08
1.931847056e+00  1.8503511e-08
1.941506291e+00  1.9459798e-08
1.951213822e+00  2.6358661e-08
1.960969892e+00  3.1596281e-08
1.970774741e+00  4.3381528e-08
1.980628615e+00  5.2642788e-08
1.990531758e+00  5.9720657e-08
2.000484417e+00  7.5450567e-08
2.010486839e+00  8.3675469e-08
2.020539273e+00  9.4902699e-08
2.030641969e+00  9.8340405e-08
2.040795179e+00  1.1040609e-07
2.050999155e+00  1.1645416e-07
2.061254151e+00  1.2104066e-07
2.071560421e+00  1.1945962e-07
2.081918224e+00  1.1978727e-07
2.092327815e+00  1.1710854e-07
2.102789454e+00  1.0784941e-07
2.113303401e+00  9.5320523e-08
2.123869918e+00  9.0247913e-08
2.134489268e+00  9.5804953e-08
2.145161714e+00  8.0835076e-08
2.155887523e+00  6.4840297e-08
2.166666960e+00  5.4154295e-08
2.177500295e+00  5.9086271e-08
2.188387796e+00  3.7644246e-08
2.199329735e+00  5.8181134e-09
2.210326384e+00  1.6339576e-08
2.221378016e+00  1.8769329e-08
2.232484906e+00  1.0185908e-08
2.243647331e+00  7.2941985e-09
2.254865567e+00  6.5094962e-09
2.266139895e+00  5.7114219e-09
2.277470595e+00  4.2429352e-09
2.288857948e+00  1.7878924e-09
2.300302237e+00  4.4293907e-09
2.311803748e+00  8.1514431e-09
2.323362767e+00  2.3660191e-09
2.334979581e+00  2.0961315e-09
2.346654479e+00  2.1360326e-09
2.358387751e+00  3.2703398e-09
2.370179690e+00  1.9305341e-09
2.382030589e+00  3.1127850e-09
2.393940742e+00  8.4794050e-09
2.405910445e+00  1.7985157e-08
2.417939997e+00  1.7856692e-08
2.430029697e+00  1.3054197e-08
2.442179846e+00  2.2007595e-08
2.454390745e+00  2.6309253e-08
2.466662699e+00  3.4545164e-08
2.478996012e+00  3.3546169e-08
2.491390992e+00  3.3206189e-08
2.503847947e+00  2.6189876e-08
2.516367187e+00  2.2126508e-08
2.528949023e+00  1.1617926e-08
2.541593768e+00  1.0232784e-08
2.554301737e+00  9.9064738e-09
2.567073246e+00  6.3242102e-09
2.579908612e+00  5.0487762e-09
2.592808155e+00  2.8576848e-09
2.605772196e+00  4.4195592e-09
2.618801057e+00  9.2589457e-09
2.631895062e+00  1.2732494e-08
2.645054537e+00  2.4124298e-08
2.658279810e+00  6.1335159e-09
2.671571209e+00  1.1267385e-09
2.684929065e+00  2.9094656e-09
2.698353710e+00  8.5345370e-09
2.711845479e+00  6.7441192e-09
2.725404706e+00  1.3608486e-08
2.739031730e+00  7.3464625e-09
2.752726889e+00  8.1101461e-09
2.766490523e+00  5.0710374e-09
2.780322976e+00  5.9057480e-09
2.794224591e+00  1.3110948e-08
2.808195713e+00  1.4252231e-08
2.822236692e+00  1.8986429e-08
2.836347875e+00  1.4262013e-08
2.850529615e+00  2.0878748e-08
2.864782263e+00  2.7083798e-08
2.879106174e+00  3.7429206e-08
2.893501705e+00  4.6772686e-08
2.907969214e+00  4.0532486e-08
2.922509060e+00  5.0930894e-08
2.937121605e+00  8.4866067e-08
2.951807213e+00  7.2583798e-08
2.966566249e+00  7.5188312e-08
2.981399080e+00  8.4781227e-08
2.996306076e+00  9.5108947e-08
3.011287606e+00  1.0669697e-07
3.026344044e+00  1.3530318e-07
3.041475764e+00  1.1883870e-07
3.056683143e+00  1.2786456e-07
3.071966559e+00  1.5153877e-07
3.087326392e+00  1.4517273e-07
3.102763024e+00  1.1030177e-07
3.118276839e+00  8.7519529e-08
3.133868223e+00  6.0709116e-08
3.149537564e+00  6.0858617e-08
3.165285252e+00  4.2128645e-08
3.181111678e+00  1.0094965e-08
3.197017237e+00  5.9850016e-09
3.213002323e+00  5.5206819e-09
3.229067334e+00  5.6405258e-09
3.245212671e+00  5.2969475e-09
3.261438734e+00  9.0987508e-09
3.277745928e+00  1.6543605e-08
3.294134658e+00  1.9523340e-08
3.310605331e+00  7.0236184e-09
3.327158358e+00  7.0318438e-10
3.343794149e+00  9.4534546e-09
3.360513120e+00  1.1095100e-08
3.377315686e+00  7.7117161e-09
3.394202264e+00  7.1461091e-09
3.411173276e+00  6.6892854e-09
3.428229142e+00  5.3390840e-09
3.445370288e+00  6.2997824e-09
3.462597139e+00  7.7062770e-09
3.479910125e+00  1.1060651e-08
3.497309675e+00  1.1684010e-08
3.514796224e+00  1.6664000e-08
3.532370205e+00  2.0052727e-08
3.550032056e+00  3.0433794e-08
3.567782216e+00  3.4035492e-08
3.585621127e+00  2.6782885e-08
3.603549233e+00  2.3267030e-08
3.621566979e+00  2.8735788e-08
3.639674814e+00  4.6114156e-08
3.657873188e+00  6.3987010e-08
3.676162554e+00  7.3030523e-08
3.694543367e+00  7.2801205e-08
3.713016084e+00  8.6734317e-08
3.731581164e+00  8.8744302e-08
3.750239070e+00  1.1329937e-07
3.768990265e+00  9.4854881e-08
3.787835216e+00  8.5507470e-08
3.806774393e+00  1.6599910e-07
3.825808265e+00  2.2610558e-07
3.844937306e+00  1.0386176e-07
3.864161992e+00  1.4330630e-07
3.883482802e+00  1.8139278e-07
3.902900216e+00  1.4693372e-07
3.922414717e+00  1.8572211e-07
3.942026791e+00  1.9615400e-07
3.961736925e+00  2.1461330e-07
3.981545610e+00  2.1263660e-07
4.001453338e+00  2.4087785e-07
4.021460604e+00  2.6743138e-07
4.041567907e+00  2.5053935e-07
4.061775747e+00  2.8635758e-07
4.082084626e+00  3.0815583e-07
4.102495049e+00  3.1658793e-07
4.123007524e+00  3.0814182e-07
4.143622562e+00  3.0487713e-07
4.164340674e+00  3.1671220e-07
4.185162378e+00  2.9822415e-07
4.206088190e+00  3.4036990e-07
4.227118631e+00  2.7657562e-07
4.248254224e+00  2.8632285e-07
4.269495495e+00  2.7928833e-07
4.290842972e+00  2.8389233e-07
4.312297187e+00  2.6397390e-07
4.333858673e+00  2.6830681e-07
4.355527967e+00  2.4830744e-07
4.377305606e+00  2.7102061e-07
4.399192134e+00  2.2056161e-07
4.421188095e+00  2.5297755e-07
4.443294036e+00  2.2480481e-07
4.465510506e+00  2.3571454e-07
4.487838058e+00  2.5752277e-07
4.510277249e+00  2.5220856e-07
4.532828635e+00  2.2303276e-07
4.555492778e+00  2.7547064e-07
4.578270242e+00  2.6447010e-07
4.601161593e+00  2.7864240e-07
4.624167401e+00  2.0089041e-07
4.647288238e+00  2.0180972e-07
4.670524679e+00  1.9440522e-07
4.693877303e+00  2.3517454e-07
4.717346689e+00  1.9215594e-07
4.740933423e+00  2.3237000e-07
4.764638090e+00  2.0177159e-07
4.788461280e+00  1.6884453e-07
4.812403587e+00  1.8083109e-07
4.836465604e+00  1.5493098e-07
4.860647933e+00  1.9929799e-07
4.884951172e+00  1.7487904e-07
4.909375928e+00  1.7794539e-07
4.933922808e+00  1.5127204e-07
4.958592422e+00  1.1167108e-07
4.983385384e+00  1.7179592e-07
5.008302311e+00  1.4483861e-07
5.033343822e+00  1.4463104e-07
5.058510541e+00  1.6189315e-07
5.083803094e+00  1.2508487e-07
5.109222110e+00  1.0889206e-07
5.134768220e+00  8.5537095e-08
5.160442061e+00  9.3768328e-08
5.186244272e+00  1.2915213e-07
5.212175493e+00  5.0576087e-08
5.238236370e+00  9.8998291e-08
5.264427552e+00  1.0068272e-07
5.290749690e+00  7.7183062e-08
5.317203438e+00  1.0725377e-07
5.343789456e+00  5.6689720e-08
5.370508403e+00  5.8556465e-08
5.397360945e+00  7.3571676e-08
5.424347750e+00  2.8228674e-08
5.451469488e+00  4.6764472e-08
5.478726836e+00  4.1676412e-08
5.506120470e+00  5.5268034e-08
5.533651072e+00  4.0012620e-08
5.561319328e+00  2.6290879e-08
5.589125924e+00  3.5772030e-08
5.617071554e+00  3.2564647e-08
5.645156912e+00  2.0347232e-08
5.673382696e+00  2.9049367e-08
5.701749610e+00  2.3848235e-08
5.730258358e+00  1.6512877e-08
5.758909650e+00  1.7074281e-08
5.787704198e+00  3.0562631e-08
5.816642719e+00  1.7182298e-08
5.845725932e+00  2.1399695e-08
5.874954562e+00  1.1943126e-08
5.904329335e+00  1.9907750e-08
5.933850982e+00  1.2437203e-08
5.963520237e+00  2.2376857e-08
5.993337838e+00  2.4175549e-08
6.023304527e+00  2.8586176e-08
6.053421050e+00  1.3774273e-08
6.083688155e+00  2.6735635e-08
6.114106596e+00  2.4912008e-08
6.144677129e+00  3.5161863e-08
6.175400514e+00  2.3856003e-08
6.206277517e+00  4.0597193e-08
6.237308904e+00  4.7068105e-08
6.268495449e+00  5.3307658e-08
6.299837926e+00  5.9553629e-08
6.331337116e+00  4.5227617e-08
6.362993801e+00  2.6236435e-08
6.394808770e+00  2.0873023e-08
6.426782814e+00  1.1364653e-08
6.458916728e+00  1.5102698e-08
6.491211312e+00  9.2590515e-09
6.523667368e+00  1.4240571e-08
6.556285705e+00  1.1456834e-08
6.589067134e+00  1.1467406e-08
6.622012469e+00  1.0005259e-08
6.655122532e+00  1.5485237e-08
6.688398144e+00  2.1585312e-08
6.721840135e+00  1.6170021e-08
6.755449336e+00  2.6507912e-08
6.789226583e+00  1.3767066e-08
6.823172715e+00  1.9021921e-08
6.857288579e+00  1.3486286e-08
6.891575022e+00  2.4631017e-08
6.926032897e+00  3.0323369e-08
6.960663062e+00  2.0421780e-08
6.995466377e+00  2.1285803e-08
7.030443709e+00  2.0471062e-08
7.065595927e+00  2.1046297e-08
7.100923907e+00  2.2930614e-08
7.136428526e+00  2.0942925e-08
7.172110669e+00  1.6868568e-08
7.207971222e+00  1.5938344e-08
7.244011079e+00  1.4174252e-08
7.280231134e+00  1.2534560e-08
7.316632290e+00  1.1517570e-08
7.353215451e+00  1.0073678e-08
7.389981528e+00  9.5696154e-09
7.426931436e+00  1.0036926e-08
7.464066093e+00  1.0266908e-08
7.501386424e+00  1.1134621e-08
7.538893356e+00  1.3439080e-08
7.576587822e+00  1.5692830e-08
7.614470762e+00  1.9208194e-08
7.652543115e+00  1.2703985e-08
7.690805831e+00  7.8341947e-09
7.729259860e+00  8.2646695e-09
7.767906159e+00  1.0073443e-08
7.806745690e+00  1.0946104e-08
7.845779419e+00  1.2567010e-08
7.885008316e+00  1.0633880e-08
7.924433357e+00  1.0869230e-08
7.964055524e+00  1.3039357e-08
8.003875802e+00  1.3736732e-08
8.043895181e+00  1.2849192e-08
8.084114657e+00  1.2940204e-08
8.124535230e+00  1.6153352e-08
8.165157906e+00  1.5114561e-08
8.205983696e+00  1.5302624e-08
8.247013614e+00  1.7490162e-08
8.288248682e+00  2.2404615e-08
8.329689926e+00  1.9541991e-08
8.371338375e+00  2.2261972e-08
8.413195067e+00  2.4016167e-08
8.455261042e+00  2.4337817e-08
8.497537348e+00  2.9106286e-08
8.540025034e+00  2.6475723e-08
8.582725160e+00  3.0930708e-08
8.625638785e+00  2.9355478e-08
8.668766979e+00  3.3236149e-08
8.712110814e+00  3.6342609e-08
8.755671368e+00  3.9647114e-08
8.799449725e+00  3.5134802e-08
8.843446974e+00  4.1664449e-08
8.887664209e+00  4.3404156e-08
8.932102530e+00  4.2125324e-08
8.976763042e+00  4.7411071e-08
9.021646857e+00  4.5698102e-08
9.066755092e+00  4.7598303e-08
9.112088867e+00  5.0022597e-08
9.157649312e+00  4.6695486e-08
9.203437558e+00  5.1725319e-08
9.249454746e+00  4.9750474e-08
9.295702020e+00  4.9092437e-08
9.342180530e+00  5.1444061e-08
9.388891432e+00  4.8245809e-08
9.435835890e+00  4.7225051e-08
9.483015069e+00  4.9565305e-08
9.530430144e+00  5.1285865e-08
9.578082295e+00  4.8901970e-08
9.625972707e+00  4.6544690e-08
9.674102570e+00  4.8745199e-08
9.722473083e+00  4.7436655e-08
9.771085448e+00  4.9194811e-08
9.819940876e+00  4.4179872e-08
9.869040580e+00  4.4685103e-08
9.918385783e+00  4.3515607e-08
9.967977712e+00  4.7834458e-08
1.001781760e+01  4.4705330e-08
1.006790669e+01  4.5773212e-08
1.011824622e+01  4.5194379e-08
1.016883745e+01  4.5825910e-08
1.021968164e+01  4.4431014e-08
1.027078005e+01  4.0086418e-08
1.032213395e+01  4.0311793e-08
1.037374462e+01  4.0455733e-08
1.042561334e+01  3.6014755e-08
1.047774141e+01  3.8857171e-08
1.053013012e+01  4.2274646e-08
1.058278077e+01  3.7640541e-08
1.063569467e+01  3.8927490e-08
1.068887314e+01  4.0779078e-08
1.074231751e+01  3.7978528e-08
1.079602910e+01  3.8927897e-08
1.085000924e+01  3.3320704e-08
1.090425929e+01  3.7663622e-08
1.095878058e+01  3.3118065e-08
1.101357449e+01  2.8332471e-08
1.106864236e+01  3.4606269e-08
1.112398557e+01  3.5599812e-08
1.117960550e+01  3.5258764e-08
1.123550353e+01  3.1932530e-08
1.129168104e+01  3.2994244e-08
1.134813945e+01  3.2454766e-08
1.140488015e+01  3.2241736e-08
1.146190455e+01  3.1592439e-08
1.151921407e+01  3.2361078e-08
1.157681014e+01  2.9787283e-08
1.163469419e+01  2.6002204e-08
1.169286766e+01  2.6660963e-08
1.175133200e+01  2.2825641e-08
1.181008866e+01  2.8367568e-08
1.186913910e+01  2.7562482e-08
1.192848480e+01  2.7830194e-08
1.198812722e+01  2.7327924e-08
1.204806786e+01  2.7372034e-08
1.210830820e+01  2.4839017e-08
1.216884974e+01  2.7323842e-08
1.222969399e+01  2.5906003e-08
1.229084246e+01  2.2149258e-08
1.235229667e+01  2.4629475e-08
1.241405815e+01  1.9837715e-08
1.247612845e+01  2.1707276e-08
1.253850909e+01  1.8020950e-08
1.260120163e+01  1.9970140e-08
1.266420764e+01  2.3507170e-08
1.272752868e+01  2.0120270e-08
1.279116632e+01  2.3003577e-08
1.285512215e+01  1.9004330e-08
1.291939776e+01  2.1690613e-08
1.298399475e+01  1.9476878e-08
1.304891473e+01  1.9130068e-08
1.311415930e+01  1.9174122e-08
1.317973010e+01  2.0563051e-08
1.324562875e+01  1.5071166e-08
1.331185689e+01  1.6145574e-08
1.337841618e+01  1.9114200e-08
1.344530826e+01  1.2603745e-08
1.351253480e+01  1.5666712e-08
1.358009747e+01  1.7660842e-08
1.364799796e+01  1.6812228e-08
1.371623795e+01  1.4711996e-08
1.378481914e+01  1.7497442e-08
1.385374323e+01  1.5333164e-08
1.392301195e+01  1.6114553e-08
1.399262701e+01  1.3934284e-08
1.406259015e+01  1.5855294e-08
1.413290310e+01  1.2989887e-08
1.420356761e+01  1.0478796e-08
1.427458545e+01  1.5007088e-08
1.434595838e+01  9.9073716e-09
1.441768817e+01  1.0219630e-08
1.448977661e+01  9.3094527e-09
1.456222549e+01  1.2131447e-08
1.463503662e+01  1.3090047e-08
1.470821180e+01  1.3099497e-08
1.478175286e+01  1.2231707e-08
1.485566163e+01  1.0780483e-08
1.492993994e+01  9.1834797e-09
1.500458964e+01  1.1296849e-08
1.507961258e+01  1.1100062e-08
1.515501065e+01  8.9733287e-09
1.523078570e+01  1.2111665e-08
1.530693963e+01  1.0668701e-08
1.538347433e+01  1.0569795e-08
1.546039170e+01  1.0359316e-08
1.553769366e+01  8.4294370e-09
1.561538212e+01  7.5523594e-09
1.569345903e+01  8.1412476e-09
1.577192633e+01  6.9129989e-09
1.585078596e+01  9.5333484e-09
1.593003989e+01  9.5823959e-09
1.600969009e+01  7.5016058e-09
1.608973854e+01  7.7908486e-09
1.617018723e+01  8.1716972e-09
1.625103817e+01  6.9293523e-09
1.633229336e+01  8.2131672e-09
1.641395483e+01  7.8138340e-09
1.649602460e+01  7.3160011e-09
1.657850473e+01  6.9618097e-09
1.666139725e+01  5.4912218e-09
1.674470424e+01  7.3292416e-09
1.682842776e+01  6.5719364e-09
1.691256990e+01  5.2586216e-09
1.699713274e+01  7.0366959e-09
results_cfg.txt
<OBJECT>Exoplanet
<OBJECT-NAME>GJ 1214b
<OBJECT-DATE>2025/04/28 18:17
<OBJECT-ORBIT>0.00620000,0.00000,1.58040453,77.00000,0.01496,2459639.837634
<OBJECT-SEASON>358.6
<OBJECT-PERIOD>1.58040453
<OBJECT-SOLAR-LONGITUDE>0.0
<OBJECT-SOLAR-LATITUDE>0.00
<OBJECT-OBS-LONGITUDE>1.43
<OBJECT-OBS-LATITUDE>1.02
<OBJECT-POSITION-ANGLE>0.00
<OBJECT-DIAMETER>34862.7
<OBJECT-GRAVITY>2.264
<OBJECT-GRAVITY-UNIT>rho
<OBJECT-STAR-RADIUS>0.22
<OBJECT-STAR-METALLICITY>0.24
<OBJECT-STAR-TYPE>M
<OBJECT-STAR-TEMPERATURE>3101.0
<OBJECT-OBS-VELOCITY>20.910
<OBJECT-STAR-DISTANCE>0.01505
<OBJECT-STAR-VELOCITY>0.01438
<OBJECT-INCLINATION>88.98
<OBJECT-SHAPE>Sphere
<GEOMETRY-ALTITUDE-UNIT>pc
<GEOMETRY-OBS-ALTITUDE>14.6427
<GEOMETRY-STAR-DISTANCE>0.000000e+00
<GEOMETRY-SOLAR-ANGLE>48.144
<GEOMETRY-OBS-ANGLE>48.121
<GEOMETRY-PLANET-FRACTION>1.000e+00
<GEOMETRY-BRDFSCALER>1.000
<GEOMETRY-TEMISSION>887.800
<GEOMETRY-AZIMUTH>0.000
<GEOMETRY-STAR-FRACTION>0.000000e+00
<GEOMETRY-ROTATION>-2.53,0.57
<GEOMETRY>Observatory
<ATMOSPHERE-DESCRIPTION>Parmentier+2014; Kempton_1.0Xsolar_cond
<ATMOSPHERE-STRUCTURE>Equilibrium
<ATMOSPHERE-WEIGHT>2.36
<ATMOSPHERE-PRESSURE>1.0000
<ATMOSPHERE-PUNIT>bar
<ATMOSPHERE-NGAS>7
<ATMOSPHERE-GAS>H2,He,H2O,CH4,CO,CO2,O2
<ATMOSPHERE-TYPE>HIT[45],HIT[0],HIT[1],HIT[6],HIT[5],HIT[2],HIT[7]
<ATMOSPHERE-ABUN>1.0,1.0,1.0,1.0,1.0,1.0,1.0
<ATMOSPHERE-UNIT>scl,scl,scl,scl,scl,scl,scl
<ATMOSPHERE-LAYERS-MOLECULES>H2,He,H2O,CH4,N2,H2S,NH3,CO,HF,HCl,K,CO2,PH3,H,HCN,C2H4,COS,H2CO,Na,C2H2,OH,SO2,NO,O,N,O2,C,NO2
<ATMOSPHERE-LAYERS>50
<ATMOSPHERE-LAYER-1>1.0000e+03,1.9538e+03,8.3672e-01,1.6165e-01,7.3609e-04,4.7865e-04,2.4797e-05,2.9036e-05,8.4405e-05,8.5210e-06,5.4578e-08,3.2038e-07,2.1473e-07,1.9728e-09,4.2374e-07,3.4081e-05,8.5967e-08,8.5609e-09,1.2172e-11,5.3225e-09,3.2123e-06,1.2875e-09,2.7902e-09,1.1852e-15,4.8975e-13,8.2056e-14,7.0770e-14,3.1402e-17,1.6599e-17,3.3095e-22
<ATMOSPHERE-LAYER-2>6.5513e+02,1.7491e+03,8.3688e-01,1.6166e-01,6.5745e-04,4.6412e-04,2.0503e-05,3.0450e-05,7.4656e-05,3.3617e-06,5.7794e-08,2.4812e-07,2.0698e-07,8.5783e-10,4.6490e-07,8.2337e-06,2.3041e-08,2.5159e-09,4.9050e-12,1.4910e-09,3.2925e-06,1.5190e-10,3.8540e-10,2.8558e-16,4.1799e-14,2.9053e-15,2.4962e-15,1.0221e-18,1.0905e-19,6.2497e-24
<ATMOSPHERE-LAYER-3>4.2919e+02,1.5617e+03,8.3688e-01,1.6166e-01,6.6850e-04,4.7889e-04,1.6763e-05,3.0496e-05,6.9842e-05,1.2605e-06,5.7495e-08,1.2610e-07,1.8704e-07,4.1994e-10,5.0952e-07,1.5767e-06,5.1572e-09,6.6433e-10,1.7987e-12,4.0344e-10,3.3200e-06,1.3234e-11,4.4847e-11,6.7278e-17,2.8297e-15,6.9265e-17,5.3123e-17,2.5627e-20,3.2427e-22,8.7351e-26
<ATMOSPHERE-LAYER-4>2.8118e+02,1.4021e+03,8.3687e-01,1.6166e-01,6.7703e-04,4.8654e-04,1.5021e-05,3.0067e-05,7.0283e-05,4.1887e-07,5.6768e-08,4.0569e-08,1.6742e-07,1.8516e-10,5.4285e-07,2.7516e-07,1.0787e-09,1.5464e-10,5.7755e-13,9.7535e-11,3.3383e-06,9.3678e-13,4.5961e-12,1.4100e-17,1.7282e-16,1.3295e-18,9.6557e-19,5.1633e-22,6.6662e-25,1.0131e-27
<ATMOSPHERE-LAYER-5>1.8421e+02,1.2849e+03,8.3687e-01,1.6166e-01,6.7946e-04,4.8797e-04,1.6223e-05,3.0005e-05,7.4355e-05,1.6363e-07,5.5428e-08,1.1970e-08,1.5253e-07,9.3214e-11,5.5860e-07,5.7893e-08,2.9330e-10,4.1976e-11,2.2184e-13,2.7494e-11,3.1922e-06,8.9861e-14,5.9066e-13,3.5601e-18,1.5190e-17,3.8307e-20,2.8528e-20,1.5430e-23,2.6111e-27,1.9659e-29
<ATMOSPHERE-LAYER-6>1.2068e+02,1.2009e+03,8.3687e-01,1.6166e-01,6.8084e-04,4.8832e-04,2.1515e-05,2.9946e-05,8.0632e-05,8.7692e-08,5.3961e-08,4.3358e-09,1.4321e-07,6.1613e-11,5.6671e-07,1.6736e-08,1.2085e-10,1.5463e-11,1.1740e-13,1.0454e-11,3.0582e-06,1.5185e-14,1.1365e-13,1.2403e-18,2.3881e-18,2.2446e-21,1.8333e-21,9.3098e-25,3.1902e-29,8.9410e-31
<ATMOSPHERE-LAYER-7>7.9060e+01,1.1437e+03,8.3687e-01,1.6166e-01,6.8076e-04,4.8775e-04,2.3868e-05,2.9291e-05,7.4462e-05,6.2673e-08,5.4118e-08,3.2935e-09,1.0595e-07,5.2111e-11,5.6572e-07,6.4586e-09,6.0586e-11,7.5252e-12,8.1466e-14,5.2184e-12,1.5363e-06,4.2996e-15,3.1556e-14,5.6665e-19,5.3055e-19,2.5071e-22,1.9904e-22,1.0630e-25,1.0988e-30,7.3418e-32
<ATMOSPHERE-LAYER-8>5.1795e+01,1.1074e+03,8.3687e-01,1.6166e-01,6.8075e-04,4.8774e-04,2.5092e-05,2.9057e-05,6.0191e-05,6.8983e-08,5.4030e-08,2.5642e-09,9.4872e-08,6.3840e-11,5.5754e-07,3.8104e-09,4.5263e-11,5.5650e-12,8.8538e-14,3.9191e-12,1.2034e-06,2.6300e-15,1.5104e-14,4.0446e-19,2.1867e-19,7.2688e-23,5.2052e-23,3.1256e-26,1.7617e-31,1.6081e-32
<ATMOSPHERE-LAYER-9>3.3932e+01,1.0860e+03,8.3688e-01,1.6166e-01,6.8073e-04,4.8778e-04,2.8374e-05,2.9253e-05,4.7450e-05,9.7462e-08,5.4233e-08,2.9851e-09,6.3662e-08,9.6925e-11,4.9652e-07,2.8753e-09,4.4849e-11,5.2384e-12,1.2558e-13,3.7268e-12,1.3282e-10,2.5102e-15,9.9092e-15,3.7650e-19,1.3578e-19,3.6622e-23,2.3855e-23,1.5897e-26,6.8739e-32,6.5498e-33
<ATMOSPHERE-LAYER-10>2.2230e+01,1.0741e+03,8.3689e-01,1.6166e-01,6.8051e-04,4.8763e-04,3.4537e-05,2.9377e-05,3.6907e-05,1.6869e-07,5.4302e-08,2.9363e-09,5.9346e-08,1.7504e-10,4.2365e-07,2.6520e-09,5.6342e-11,5.9992e-12,2.1793e-13,4.2940e-12,1.9972e-11,3.4427e-15,8.4084e-15,4.2854e-19,1.1864e-19,2.8961e-23,1.7412e-23,1.2639e-26,5.5471e-32,4.4556e-33
<ATMOSPHERE-LAYER-11>1.4563e+01,1.0676e+03,8.3690e-01,1.6166e-01,6.8029e-04,4.8749e-04,4.4017e-05,2.9425e-05,2.8396e-05,3.3481e-07,5.4170e-08,2.3708e-09,7.4950e-08,3.5541e-10,3.6526e-07,2.7994e-09,8.2907e-11,7.8426e-12,4.3288e-13,5.6317e-12,2.1437e-09,6.0286e-15,8.4849e-15,5.5800e-19,1.3022e-19,3.1022e-23,1.7351e-23,1.3575e-26,7.3021e-32,4.2735e-33
<ATMOSPHERE-LAYER-12>9.5410e+00,1.0642e+03,8.3691e-01,1.6165e-01,6.7851e-04,4.8572e-04,5.5768e-05,2.9456e-05,2.1383e-05,7.1221e-07,5.3997e-08,1.8404e-09,1.0453e-07,7.6333e-10,3.1460e-07,3.1815e-09,1.3054e-10,1.0950e-11,9.2137e-13,7.8844e-12,1.6439e-06,1.1987e-14,9.3921e-15,7.7913e-19,1.5908e-19,3.9141e-23,2.0185e-23,1.7111e-26,1.2522e-31,4.8478e-33
<ATMOSPHERE-LAYER-13>6.2506e+00,1.0611e+03,8.3693e-01,1.6165e-01,6.6513e-04,4.7203e-04,5.7376e-05,2.9526e-05,1.4480e-05,1.4646e-06,5.4177e-08,1.9663e-09,1.0994e-07,1.5558e-09,2.4101e-07,3.6460e-09,1.8216e-10,1.4662e-11,1.8984e-12,1.0666e-11,1.8087e-06,2.3017e-14,1.0328e-14,1.0612e-18,1.7431e-19,4.9455e-23,2.1541e-23,2.1224e-26,2.1585e-31,4.8827e-33
<ATMOSPHERE-LAYER-14>4.0949e+00,1.0509e+03,8.3694e-01,1.6165e-01,6.5583e-04,4.6265e-04,5.8768e-05,2.9541e-05,1.0220e-05,2.5611e-06,5.4225e-08,1.9063e-09,1.1121e-07,2.7822e-09,1.6348e-07,3.5112e-09,2.1490e-10,1.6837e-11,3.3169e-12,1.2387e-11,1.8509e-06,3.2811e-14,9.1367e-15,1.2232e-18,1.4715e-19,4.2508e-23,1.5817e-23,1.8074e-26,1.9973e-31,3.2844e-33
<ATMOSPHERE-LAYER-15>2.6827e+00,1.0261e+03,8.3694e-01,1.6165e-01,6.5850e-04,4.6555e-04,5.9916e-05,2.9514e-05,7.8743e-06,3.2537e-06,5.3794e-08,1.4080e-09,1.0818e-07,3.8797e-09,8.3889e-08,2.3621e-09,1.8132e-10,1.4337e-11,4.1963e-12,1.0658e-11,1.7883e-06,2.5749e-14,5.1926e-15,1.0141e-18,7.3151e-20,1.6607e-23,5.3834e-24,7.1739e-27,5.1665e-32,9.7480e-34
<ATMOSPHERE-LAYER-16>1.7575e+00,9.8695e+02,8.3692e-01,1.6166e-01,6.7224e-04,4.7984e-04,6.0922e-05,2.9508e-05,6.7285e-06,2.8175e-06,5.3302e-08,1.0117e-09,7.4851e-08,3.9885e-09,2.9100e-08,1.0461e-09,1.0293e-10,8.4996e-12,3.6142e-12,6.3930e-12,2.8909e-08,9.9412e-15,1.7534e-15,5.6913e-19,1.9550e-20,2.5756e-24,7.4835e-25,1.1589e-27,3.0006e-33,1.1062e-34
<ATMOSPHERE-LAYER-17>1.1514e+00,9.3907e+02,8.3692e-01,1.6165e-01,6.7558e-04,4.8328e-04,6.2702e-05,2.8943e-05,6.3986e-06,1.5621e-06,5.4475e-08,9.8561e-10,3.2769e-08,2.7455e-09,6.9129e-09,3.1002e-10,3.8386e-11,3.2443e-12,1.9526e-12,2.5078e-12,4.2782e-09,1.7689e-15,3.4751e-16,2.0226e-19,2.8064e-21,1.5913e-25,4.4259e-26,7.4017e-29,3.9472e-35,4.7090e-36
<ATMOSPHERE-LAYER-18>7.5431e-01,8.8782e+02,8.3693e-01,1.6165e-01,6.7413e-04,4.8186e-04,6.3316e-05,2.8476e-05,6.3213e-06,7.0224e-07,5.5726e-08,1.4299e-09,7.9405e-09,1.5658e-09,1.4065e-09,7.5934e-11,1.1595e-11,1.0069e-12,8.5740e-13,8.0537e-13,4.8243e-14,2.1838e-16,5.3502e-17,5.8646e-20,2.9636e-22,6.3545e-27,1.7227e-27,3.0459e-30,2.5673e-37,1.2442e-37
<ATMOSPHERE-LAYER-19>4.9417e-01,8.3640e+02,8.3693e-01,1.6165e-01,6.7394e-04,4.8171e-04,6.1966e-05,2.9430e-05,6.6163e-06,2.3576e-07,5.6923e-08,1.7033e-08,1.2834e-10,6.9934e-10,2.2111e-10,1.3850e-11,2.5714e-12,2.3540e-13,2.9523e-13,1.9584e-13,2.6137e-41,1.5885e-17,5.6408e-18,1.3342e-20,1.9684e-23,1.3074e-28,3.5016e-29,6.5132e-32,5.7008e-40,1.6107e-39
<ATMOSPHERE-LAYER-20>3.2375e-01,7.8017e+02,8.3692e-01,1.6165e-01,6.7998e-04,4.8782e-04,5.9789e-05,3.0063e-05,7.5714e-06,5.4785e-08,5.8025e-08,1.0660e-07,1.5740e-12,2.3146e-10,2.4779e-11,1.7137e-12,3.8875e-13,3.8642e-14,6.9466e-14,3.3569e-14,0.0000e+00,5.8737e-19,3.6394e-19,2.0693e-21,7.2503e-25,1.1318e-30,3.0703e-31,5.9656e-34,3.1139e-43,8.3802e-42
<ATMOSPHERE-LAYER-21>2.1210e-01,7.1426e+02,8.3691e-01,1.6165e-01,6.8047e-04,4.8826e-04,5.6823e-05,3.0063e-05,1.0606e-05,5.3386e-09,5.8030e-08,1.0660e-07,1.6970e-14,3.6233e-11,1.3840e-12,9.1042e-14,2.4706e-14,2.7114e-15,6.6935e-15,2.5100e-15,0.0000e+00,4.5943e-21,7.8313e-21,1.3227e-22,7.2435e-27,1.4452e-33,4.3457e-34,8.1447e-37,7.6977e-48,5.7011e-45
<ATMOSPHERE-LAYER-22>1.3895e-01,6.3036e+02,8.3691e-01,1.6166e-01,6.8063e-04,4.8842e-04,4.6583e-05,3.0063e-05,2.2320e-05,7.3648e-11,5.8032e-08,1.0660e-07,9.5100e-47,1.0812e-12,1.4490e-14,6.8293e-16,2.0545e-16,2.8178e-17,9.0748e-17,2.8876e-17,0.0000e+00,1.0455e-24,1.3484e-23,1.1940e-24,3.3928e-30,2.2323e-38,8.4739e-39,1.4068e-41,0.0000e+00,3.4248e-50
<ATMOSPHERE-LAYER-23>9.1030e-02,5.4516e+02,8.3688e-01,1.6166e-01,6.8062e-04,4.8844e-04,2.3697e-05,3.0065e-05,5.5346e-05,1.9466e-13,5.8034e-08,1.0660e-07,0.0000e+00,7.9967e-15,2.9374e-40,9.4881e-19,2.5055e-19,5.7284e-20,2.3429e-19,6.7003e-20,0.0000e+00,1.1497e-29,2.6270e-27,2.0430e-27,9.5353e-35,7.6609e-45,3.4137e-45,5.6415e-48,0.0000e+00,0.0000e+00
<ATMOSPHERE-LAYER-24>5.9636e-02,4.7608e+02,8.3686e-01,1.6167e-01,6.8049e-04,4.8845e-04,4.4980e-06,3.0066e-05,9.0166e-05,3.7109e-16,5.8036e-08,1.0660e-07,0.0000e+00,4.5239e-17,0.0000e+00,8.9864e-22,1.2887e-22,8.2072e-23,4.3482e-22,1.0995e-22,0.0000e+00,6.5266e-35,3.1040e-31,2.4787e-30,9.0878e-40,0.0000e+00,0.0000e+00,0.0000e+00,0.0000e+00,0.0000e+00
<ATMOSPHERE-LAYER-25>3.9069e-02,4.2893e+02,8.3685e-01,1.6167e-01,6.8034e-04,4.8846e-04,7.1457e-07,3.0066e-05,1.0549e-04,1.8537e-18,5.8037e-08,1.0661e-07,0.0000e+00,5.8251e-19,0.0000e+00,2.1522e-24,1.5480e-25,2.9514e-25,2.1176e-24,4.4359e-25,0.0000e+00,2.0206e-39,1.2089e-34,7.8037e-33,3.2527e-44,0.0000e+00,0.0000e+00,0.0000e+00,0.0000e+00,0.0000e+00
<ATMOSPHERE-LAYER-26>2.5595e-02,4.0078e+02,8.3684e-01,1.6167e-01,6.8019e-04,4.8847e-04,4.2393e-07,3.0066e-05,1.3035e-04,1.1004e-19,5.8038e-08,1.0661e-07,0.0000e+00,6.0868e-20,0.0000e+00,6.3797e-26,4.4149e-27,1.2145e-26,1.2383e-25,1.9550e-26,0.0000e+00,5.7623e-42,1.2112e-36,2.9654e-34,1.0451e-46,0.0000e+00,0.0000e+00,0.0000e+00,0.0000e+00,0.0000e+00
<ATMOSPHERE-LAYER-27>1.6768e-02,3.8550e+02,8.3684e-01,1.6167e-01,6.8002e-04,4.8847e-04,2.1734e-07,3.0066e-05,1.3107e-04,1.0816e-20,5.8038e-08,9.5760e-08,0.0000e+00,9.8221e-21,0.0000e+00,2.9441e-27,1.8530e-28,7.9056e-28,1.1958e-26,1.3457e-27,0.0000e+00,3.8308e-44,2.1388e-38,1.8282e-35,1.4267e-48,0.0000e+00,0.0000e+00,0.0000e+00,0.0000e+00,0.0000e+00
<ATMOSPHERE-LAYER-28>1.0985e-02,3.7768e+02,8.3684e-01,1.6167e-01,6.7985e-04,4.8846e-04,2.2715e-07,3.0066e-05,1.3065e-04,4.8300e-21,5.8037e-08,1.0345e-07,0.0000e+00,5.6811e-21,0.0000e+00,6.5354e-28,5.2727e-29,2.3247e-28,5.2908e-27,4.0733e-28,0.0000e+00,4.1415e-45,2.8743e-39,5.2258e-36,1.7970e-49,0.0000e+00,0.0000e+00,0.0000e+00,0.0000e+00,0.0000e+00
<ATMOSPHERE-LAYER-29>7.1969e-03,3.7380e+02,8.3685e-01,1.6167e-01,6.7981e-04,4.8845e-04,2.9423e-07,3.0066e-05,1.1863e-04,4.9648e-21,5.8037e-08,1.0661e-07,0.0000e+00,6.6385e-21,0.0000e+00,3.4499e-28,3.9425e-29,1.5694e-28,5.4135e-27,2.7898e-28,0.0000e+00,2.1096e-45,1.1834e-39,3.4790e-36,7.1964e-50,0.0000e+00,0.0000e+00,0.0000e+00,0.0000e+00,0.0000e+00
<ATMOSPHERE-LAYER-30>4.7149e-03,3.7192e+02,8.3685e-01,1.6167e-01,6.7980e-04,4.8845e-04,4.4674e-07,3.0066e-05,1.0542e-04,7.7632e-21,5.8036e-08,1.0660e-07,0.0000e+00,1.1050e-20,0.0000e+00,2.8162e-28,4.9168e-29,1.6096e-28,8.4458e-27,2.8815e-28,0.0000e+00,2.3455e-45,8.5585e-40,3.5441e-36,5.3600e-50,0.0000e+00,0.0000e+00,0.0000e+00,0.0000e+00,0.0000e+00
<ATMOSPHERE-LAYER-31>3.0888e-03,3.7100e+02,8.3686e-01,1.6167e-01,6.7979e-04,4.8844e-04,7.5114e-07,3.0066e-05,9.3806e-05,1.4915e-20,5.8036e-08,1.0660e-07,0.0000e+00,2.1880e-20,0.0000e+00,2.8476e-28,7.9781e-29,2.0271e-28,1.6208e-26,3.6413e-28,0.0000e+00,3.8208e-45,8.1614e-40,4.4488e-36,5.5082e-50,0.0000e+00,0.0000e+00,0.0000e+00,0.0000e+00,0.0000e+00
<ATMOSPHERE-LAYER-32>2.0236e-03,3.7056e+02,8.3687e-01,1.6166e-01,6.7978e-04,4.8844e-04,1.3249e-06,3.0065e-05,8.3464e-05,3.1667e-20,5.8035e-08,1.0660e-07,0.0000e+00,4.7135e-20,0.0000e+00,3.1943e-28,1.4697e-28,2.8203e-28,3.4394e-26,5.0745e-28,0.0000e+00,7.4914e-45,8.9004e-40,6.1799e-36,6.6311e-50,0.0000e+00,0.0000e+00,0.0000e+00,0.0000e+00,0.0000e+00
<ATMOSPHERE-LAYER-33>1.3257e-03,3.7035e+02,8.3687e-01,1.6166e-01,6.7977e-04,4.8843e-04,2.3896e-06,3.0065e-05,7.4230e-05,7.0554e-20,5.8034e-08,1.0660e-07,0.0000e+00,1.0575e-19,0.0000e+00,3.7675e-28,2.8772e-28,4.1173e-28,7.6611e-26,7.4139e-28,0.0000e+00,1.6063e-44,1.0356e-39,9.0147e-36,8.6251e-50,0.0000e+00,0.0000e+00,0.0000e+00,0.0000e+00,0.0000e+00
<ATMOSPHERE-LAYER-34>8.6851e-04,3.7025e+02,8.3688e-01,1.6166e-01,6.7976e-04,4.8843e-04,3.9370e-06,3.0065e-05,6.2744e-05,1.6089e-19,5.8034e-08,1.0660e-07,0.0000e+00,2.4197e-19,0.0000e+00,4.5520e-28,5.5137e-28,6.1514e-28,1.7468e-25,1.1081e-27,0.0000e+00,3.5958e-44,1.2430e-39,1.3463e-35,1.1412e-49,0.0000e+00,0.0000e+00,0.0000e+00,0.0000e+00,0.0000e+00
<ATMOSPHERE-LAYER-35>5.6899e-04,3.7020e+02,8.3688e-01,1.6166e-01,6.7976e-04,4.8843e-04,5.3280e-06,3.0065e-05,4.7938e-05,3.7101e-19,5.8034e-08,1.0660e-07,0.0000e+00,5.5888e-19,0.0000e+00,5.5639e-28,9.6871e-28,9.2933e-28,4.0278e-25,1.6744e-27,0.0000e+00,8.2191e-44,1.5146e-39,2.0336e-35,1.4763e-49,0.0000e+00,0.0000e+00,0.0000e+00,0.0000e+00,0.0000e+00
<ATMOSPHERE-LAYER-36>3.7276e-04,3.7018e+02,8.3689e-01,1.6166e-01,6.7976e-04,4.8843e-04,7.2277e-06,3.0065e-05,3.6623e-05,8.6014e-19,5.8034e-08,1.0660e-07,0.0000e+00,1.2967e-18,0.0000e+00,6.8388e-28,1.7134e-27,1.4115e-27,9.3377e-25,2.5434e-27,0.0000e+00,1.8974e-43,1.8589e-39,3.0885e-35,1.9272e-49,0.0000e+00,0.0000e+00,0.0000e+00,0.0000e+00,0.0000e+00
<ATMOSPHERE-LAYER-37>2.4421e-04,3.7017e+02,8.3689e-01,1.6166e-01,6.7976e-04,4.8843e-04,9.8151e-06,3.0065e-05,2.7975e-05,1.9993e-18,5.8033e-08,1.0660e-07,0.0000e+00,3.0151e-18,0.0000e+00,8.4284e-28,3.0403e-27,2.1495e-27,2.1704e-24,3.8732e-27,0.0000e+00,4.4014e-43,2.2892e-39,4.7030e-35,2.5270e-49,0.0000e+00,0.0000e+00,0.0000e+00,0.0000e+00,0.0000e+00
<ATMOSPHERE-LAYER-38>1.5999e-04,3.7016e+02,8.3689e-01,1.6166e-01,6.7976e-04,4.8842e-04,1.3335e-05,3.0065e-05,2.1368e-05,4.6529e-18,5.8033e-08,1.0660e-07,0.0000e+00,7.0181e-18,0.0000e+00,1.0401e-27,5.4028e-27,3.2772e-27,5.0510e-24,5.9054e-27,0.0000e+00,1.0233e-42,2.8240e-39,7.1702e-35,3.3203e-49,0.0000e+00,0.0000e+00,0.0000e+00,0.0000e+00,0.0000e+00
<ATMOSPHERE-LAYER-39>1.0481e-04,3.7016e+02,8.3690e-01,1.6166e-01,6.7975e-04,4.8842e-04,1.8121e-05,3.0064e-05,1.6321e-05,1.0835e-17,5.8033e-08,1.0660e-07,0.0000e+00,1.6344e-17,0.0000e+00,1.2843e-27,9.6080e-27,4.9995e-27,1.1762e-23,9.0091e-27,0.0000e+00,2.3818e-42,3.4864e-39,1.0938e-34,4.3671e-49,0.0000e+00,0.0000e+00,0.0000e+00,0.0000e+00,0.0000e+00
<ATMOSPHERE-LAYER-40>6.8665e-05,3.7016e+02,8.3689e-01,1.6166e-01,6.9077e-04,4.8842e-04,2.2232e-05,3.0064e-05,1.1844e-05,2.5648e-17,5.8033e-08,1.0660e-07,0.0000e+00,3.9318e-17,0.0000e+00,1.5862e-27,1.6241e-26,7.6295e-27,2.7842e-23,1.3971e-26,0.0000e+00,5.5468e-42,4.3757e-39,1.7238e-34,5.9696e-49,0.0000e+00,0.0000e+00,0.0000e+00,0.0000e+00,0.0000e+00
<ATMOSPHERE-LAYER-41>4.4984e-05,3.7016e+02,8.3688e-01,1.6166e-01,7.0338e-04,4.8842e-04,2.6931e-05,3.0064e-05,8.5403e-06,6.0843e-17,5.8033e-08,1.0660e-07,0.0000e+00,9.4979e-17,0.0000e+00,1.9595e-27,2.7281e-26,1.1645e-26,6.6049e-23,2.1713e-26,0.0000e+00,1.2921e-41,5.5038e-39,2.7280e-34,8.2010e-49,0.0000e+00,0.0000e+00,0.0000e+00,0.0000e+00,0.0000e+00
<ATMOSPHERE-LAYER-42>2.9471e-05,3.7016e+02,8.3687e-01,1.6166e-01,7.1623e-04,4.8842e-04,3.2624e-05,3.0064e-05,6.1580e-06,1.4435e-16,5.8033e-08,1.0660e-07,0.0000e+00,2.2945e-16,0.0000e+00,2.4208e-27,4.5831e-26,1.7774e-26,1.5670e-22,3.3747e-26,0.0000e+00,3.0103e-41,6.9235e-39,4.3173e-34,1.1268e-48,0.0000e+00,0.0000e+00,0.0000e+00,0.0000e+00,0.0000e+00
<ATMOSPHERE-LAYER-43>1.9307e-05,3.7016e+02,8.3686e-01,1.6166e-01,7.2930e-04,4.8841e-04,3.9521e-05,3.0064e-05,4.4402e-06,3.4246e-16,5.8033e-08,1.0660e-07,0.0000e+00,5.5431e-16,0.0000e+00,2.9907e-27,7.6995e-26,2.7130e-26,3.7176e-22,5.2452e-26,0.0000e+00,7.0137e-41,8.7098e-39,6.8328e-34,1.5482e-48,0.0000e+00,0.0000e+00,0.0000e+00,0.0000e+00,0.0000e+00
<ATMOSPHERE-LAYER-44>1.2649e-05,3.7016e+02,8.3685e-01,1.6166e-01,7.4261e-04,4.8841e-04,4.7875e-05,3.0064e-05,3.2016e-06,8.1249e-16,5.8033e-08,1.0660e-07,0.0000e+00,1.3391e-15,0.0000e+00,3.6949e-27,1.2935e-25,4.1411e-26,8.8203e-22,8.1525e-26,0.0000e+00,1.6342e-40,1.0957e-38,1.0814e-33,2.1272e-48,0.0000e+00,0.0000e+00,0.0000e+00,0.0000e+00,0.0000e+00
<ATMOSPHERE-LAYER-45>8.2864e-06,3.7016e+02,8.3685e-01,1.6166e-01,7.4405e-04,4.8841e-04,5.4177e-05,3.0115e-05,2.2312e-06,1.8967e-15,5.8032e-08,1.0660e-07,0.0000e+00,3.1322e-15,0.0000e+00,4.5649e-27,2.1004e-25,6.3210e-26,2.0625e-21,1.2468e-25,0.0000e+00,3.8074e-40,1.3563e-38,1.6599e-33,2.7888e-48,0.0000e+00,0.0000e+00,0.0000e+00,0.0000e+00,0.0000e+00
<ATMOSPHERE-LAYER-46>5.4287e-06,3.7016e+02,8.3686e-01,1.6165e-01,7.3058e-04,4.8841e-04,5.6303e-05,3.0230e-05,1.4902e-06,4.3389e-15,5.8032e-08,1.0660e-07,0.0000e+00,7.0353e-15,0.0000e+00,5.6399e-27,3.2683e-25,9.6479e-26,4.7362e-21,1.8686e-25,0.0000e+00,8.8705e-40,1.6454e-38,2.4519e-33,3.4476e-48,0.0000e+00,0.0000e+00,0.0000e+00,0.0000e+00,0.0000e+00
<ATMOSPHERE-LAYER-47>3.5565e-06,3.7016e+02,8.3688e-01,1.6165e-01,7.1735e-04,4.8840e-04,5.8513e-05,3.0345e-05,9.9527e-07,9.9258e-15,5.8031e-08,1.0660e-07,0.0000e+00,1.5802e-14,0.0000e+00,6.9681e-27,5.0855e-25,1.4726e-25,1.0876e-20,2.8005e-25,0.0000e+00,2.0666e-39,1.9960e-38,3.6220e-33,4.2621e-48,0.0000e+00,0.0000e+00,0.0000e+00,0.0000e+00,0.0000e+00
<ATMOSPHERE-LAYER-48>2.3300e-06,3.7016e+02,8.3690e-01,1.6165e-01,7.0436e-04,4.8840e-04,6.0810e-05,3.0461e-05,6.6472e-07,2.2706e-14,5.8031e-08,1.0660e-07,0.0000e+00,3.5495e-14,0.0000e+00,8.6091e-27,7.9132e-25,2.2477e-25,2.4974e-20,4.1971e-25,0.0000e+00,4.8148e-39,2.4213e-38,5.3503e-33,5.2690e-48,0.0000e+00,0.0000e+00,0.0000e+00,0.0000e+00,0.0000e+00
<ATMOSPHERE-LAYER-49>1.5264e-06,3.7016e+02,8.3691e-01,1.6165e-01,6.9161e-04,4.8840e-04,6.3197e-05,3.0578e-05,4.4396e-07,5.1944e-14,5.8030e-08,1.0659e-07,0.0000e+00,7.9727e-14,0.0000e+00,1.0636e-26,1.2313e-24,3.4307e-25,5.7349e-20,6.2903e-25,0.0000e+00,1.1217e-38,2.9373e-38,7.9034e-33,6.5138e-48,0.0000e+00,0.0000e+00,0.0000e+00,0.0000e+00,0.0000e+00
<ATMOSPHERE-LAYER-50>1.0000e-06,3.7016e+02,8.3693e-01,1.6165e-01,6.7909e-04,4.8840e-04,6.5677e-05,3.0695e-05,2.9651e-07,1.1883e-13,5.8030e-08,1.0659e-07,0.0000e+00,1.7908e-13,0.0000e+00,1.3141e-26,1.9160e-24,5.2365e-25,1.3169e-19,9.4274e-25,0.0000e+00,2.6134e-38,3.5633e-38,1.1675e-32,8.0526e-48,0.0000e+00,0.0000e+00,0.0000e+00,0.0000e+00,0.0000e+00
<SURFACE-MODEL>Lambert
<SURFACE-PHASEMODEL>ISO
<SURFACE-ALBEDO>0.145
<SURFACE-EMISSIVITY>0.855
<SURFACE-TEMPERATURE>887.8
<GENERATOR-RANGE1>0.5
<GENERATOR-RANGE2>17
<GENERATOR-RANGEUNIT>um
<GENERATOR-RESOLUTION>200
<GENERATOR-RESOLUTIONUNIT>RP
<GENERATOR-CONT-MODEL>Y
<GENERATOR-GAS-MODEL>Y
<GENERATOR-CONT-STELLAR>N
<GENERATOR-TRANS-APPLY>N
<GENERATOR-TRANS-SHOW>N
results_log.txt
WARNING | PUMAS | The contribution of the limb diffuse corona is expected to be important (>2.6%), please include 'LimbCorona' in processes.
results_lyr.txt
# ----------------------------------------------------------------------------------------------
# NASA-GSFC Planetary Spectrum Generator (PSG, Villanueva et al. 2018, 2022)
# Single scattering radiative transfer method, LMAX:0 / gMAX:0.00
# Synthesized on Tue Apr 29 01:11:03 2025
# Radiative transfer took 0.773 seconds
# Radiative transfer method: correlated-k (low)
# Synthesis resolution [cm-1], l/dl, points and fine scaler: 9.951e+01 2.010e+02 7.080e+02 1
# ----------------------------------------------------------------------------------------------
# Molecular abundance profile: Parmentier+2014; Kempton_1.0Xsolar_cond
# Molecules considered: H2,He,H2O,CH4,CO,CO2,O2
# Molecular sources: HIT[45],HIT[0],HIT[1],HIT[6],HIT[5],HIT[2],HIT[7]
# Molecular abundances: 1.0,1.0,1.0,1.0,1.0,1.0,1.0
# Molecular abundance units: scl,scl,scl,scl,scl,scl,scl
# Collisional partners (H2 type): Air:0%, H2:100%, He:0%, CO2:0%
# UV cross-sections included:  H2 H2O CH4 CO CO2 O2
# Collision-Induced-Absorption:  CH4-CH4  CH4-He  CO2-H2  H2-CH4  H2-H2  H2-He  H2O-H2O 
# Molecular Rayleigh included
# Refraction included (rmax-1.0, max total bending [deg]): 4.351743e-05 2.684641e-03
# ----------------------------------------------------------------------------------------------
# Input layer-by-layer atmospheric profile
# Molecular abundances in molec/molec and aerosols in kg/kg
# ----------------------------------------------------------------------------------------------
#  Layer Alt[km] Pressure[bar] Temp[K] Density[m-3] Mass[g/mol]         H2         He        H2O        CH4         CO        CO2         O2
# ----------------------------------------------------------------------------------------------
#    1     0.000   1.000e+00   887.800   8.158e+24    2.354554   8.369e-01  1.616e-01  6.741e-04  4.819e-04  7.022e-07  1.566e-09  3.046e-30
#    2    80.486   7.543e-01   887.820   6.154e+24    2.354554   8.369e-01  1.616e-01  6.741e-04  4.819e-04  7.022e-07  1.566e-09  3.046e-30
#    3   199.055   4.942e-01   836.400   4.279e+24    2.354537   8.369e-01  1.616e-01  6.739e-04  4.817e-04  2.358e-07  6.993e-10  6.513e-32
#    4   311.678   3.237e-01   780.170   3.006e+24    2.354714   8.369e-01  1.616e-01  6.800e-04  4.878e-04  5.478e-08  2.315e-10  5.966e-34
#    5   417.079   2.121e-01   714.260   2.151e+24    2.354730   8.369e-01  1.616e-01  6.805e-04  4.883e-04  5.339e-09  3.623e-11  8.145e-37
#    6   512.998   1.389e-01   630.360   1.597e+24    2.354751   8.369e-01  1.617e-01  6.806e-04  4.884e-04  7.365e-11  1.081e-12  1.407e-41
#    7   597.698   9.103e-02   545.160   1.209e+24    2.354761   8.369e-01  1.617e-01  6.806e-04  4.884e-04  1.947e-13  7.997e-15  5.642e-48
#    8   671.935   5.964e-02   476.080   9.073e+23    2.354783   8.369e-01  1.617e-01  6.805e-04  4.884e-04  3.711e-16  4.524e-17  0.000e+00
#    9   738.235   3.907e-02   428.930   6.597e+23    2.354784   8.368e-01  1.617e-01  6.803e-04  4.885e-04  1.854e-18  5.825e-19  0.000e+00
#   10   799.448   2.559e-02   400.780   4.626e+23    2.354785   8.368e-01  1.617e-01  6.802e-04  4.885e-04  1.100e-19  6.087e-20  0.000e+00
#   11   857.838   1.677e-02   385.500   3.150e+23    2.354783   8.368e-01  1.617e-01  6.800e-04  4.885e-04  1.082e-20  9.822e-21  0.000e+00
#   12   914.873   1.098e-02   377.680   2.107e+23    2.354780   8.368e-01  1.617e-01  6.798e-04  4.885e-04  4.830e-21  5.681e-21  0.000e+00
#   13   971.375   7.197e-03   373.800   1.395e+23    2.354776   8.368e-01  1.617e-01  6.798e-04  4.884e-04  4.965e-21  6.638e-21  0.000e+00
#   14  1027.794   4.715e-03   371.920   9.182e+22    2.354775   8.368e-01  1.617e-01  6.798e-04  4.884e-04  7.763e-21  1.105e-20  0.000e+00
#   15  1084.349   3.089e-03   371.000   6.030e+22    2.354772   8.369e-01  1.617e-01  6.798e-04  4.884e-04  1.491e-20  2.188e-20  0.000e+00
#   16  1141.143   2.024e-03   370.560   3.955e+22    2.354752   8.369e-01  1.617e-01  6.798e-04  4.884e-04  3.167e-20  4.713e-20  0.000e+00
#   17  1198.240   1.326e-03   370.350   2.593e+22    2.354751   8.369e-01  1.617e-01  6.798e-04  4.884e-04  7.055e-20  1.057e-19  0.000e+00
#   18  1255.663   8.685e-04   370.250   1.699e+22    2.354748   8.369e-01  1.617e-01  6.798e-04  4.884e-04  1.609e-19  2.420e-19  0.000e+00
#   19  1313.429   5.690e-04   370.200   1.113e+22    2.354748   8.369e-01  1.617e-01  6.798e-04  4.884e-04  3.710e-19  5.589e-19  0.000e+00
#   20  1371.550   3.728e-04   370.180   7.293e+21    2.354744   8.369e-01  1.617e-01  6.798e-04  4.884e-04  8.601e-19  1.297e-18  0.000e+00
#   21  1430.026   2.442e-04   370.170   4.778e+21    2.354744   8.369e-01  1.617e-01  6.798e-04  4.884e-04  1.999e-18  3.015e-18  0.000e+00
#   22  1488.868   1.600e-04   370.160   3.131e+21    2.354744   8.369e-01  1.617e-01  6.798e-04  4.884e-04  4.653e-18  7.018e-18  0.000e+00
#   23  1548.083   1.048e-04   370.160   2.051e+21    2.354741   8.369e-01  1.617e-01  6.798e-04  4.884e-04  1.083e-17  1.634e-17  0.000e+00
#   24  1607.658   6.866e-05   370.160   1.344e+21    2.354917   8.369e-01  1.617e-01  6.908e-04  4.884e-04  2.565e-17  3.932e-17  0.000e+00
#   25  1667.606   4.498e-05   370.160   8.802e+20    2.355117   8.369e-01  1.617e-01  7.034e-04  4.884e-04  6.084e-17  9.498e-17  0.000e+00
#   26  1727.924   2.947e-05   370.160   5.767e+20    2.355322   8.369e-01  1.617e-01  7.162e-04  4.884e-04  1.443e-16  2.295e-16  0.000e+00
#   27  1788.623   1.931e-05   370.160   3.778e+20    2.355530   8.369e-01  1.617e-01  7.293e-04  4.884e-04  3.425e-16  5.543e-16  0.000e+00
#   28  1849.696   1.265e-05   370.160   2.475e+20    2.355742   8.368e-01  1.617e-01  7.426e-04  4.884e-04  8.125e-16  1.339e-15  0.000e+00
#   29  1911.168   8.286e-06   370.160   1.621e+20    2.355764   8.368e-01  1.617e-01  7.441e-04  4.884e-04  1.897e-15  3.132e-15  0.000e+00
#   30  1973.033   5.429e-06   370.160   1.062e+20    2.355534   8.369e-01  1.616e-01  7.306e-04  4.884e-04  4.339e-15  7.035e-15  0.000e+00
#   31  2035.302   3.557e-06   370.160   6.959e+19    2.355320   8.369e-01  1.616e-01  7.173e-04  4.884e-04  9.926e-15  1.580e-14  0.000e+00
#   32  2097.974   2.330e-06   370.160   4.559e+19    2.355109   8.369e-01  1.616e-01  7.044e-04  4.884e-04  2.271e-14  3.549e-14  0.000e+00
#   33  2161.065   1.526e-06   370.160   2.987e+19    2.354906   8.369e-01  1.616e-01  6.916e-04  4.884e-04  5.194e-14  7.973e-14  0.000e+00
#   34  2224.563   1.000e-06   370.160   1.957e+19    2.354703   8.369e-01  1.616e-01  6.791e-04  4.884e-04  1.188e-13  1.791e-13  0.000e+00
#
# ----------------------------------------------------------------------------------------------
# Integrated column densities and layer information used by the radiative transfer analysis
# Oblique molecular layer columns in molec/m2 and aerosols in kg/m2
# Layers organized in order of the radiation towards the observer, with last line referring to the location of the observer
# ----------------------------------------------------------------------------------------------
#   Low[km]  High[km]  Path[km] Pressure[bar] Temp[K]   Airmass   dcol[m-2]         H2         He        H2O        CH4         CO        CO2         O2
# ----------------------------------------------------------------------------------------------
#     0.000    80.486   119.679   8.754e-01   887.809    1.4870   8.547e+29  7.154e+29  1.382e+29  5.762e+26  4.119e+26  6.002e+23  1.338e+21  2.603e+00
#    80.486   199.055   174.664   6.200e-01   863.973    1.4731   9.078e+29  7.598e+29  1.467e+29  6.119e+26  4.374e+26  3.843e+23  9.781e+20  4.648e-01
#   199.055   311.678   164.712   4.060e-01   810.267    1.4625   5.978e+29  5.003e+29  9.663e+28  4.045e+26  2.896e+26  7.152e+22  2.501e+20  4.396e-03
#   311.678   417.079   153.231   2.658e-01   749.416    1.4538   3.936e+29  3.294e+29  6.362e+28  2.677e+26  1.921e+26  7.275e+21  3.835e+19  1.081e-05
#   417.079   512.998   138.880   1.738e-01   674.806    1.4479   2.591e+29  2.169e+29  4.189e+28  1.764e+26  1.265e+26  1.846e+20  1.801e+18  1.216e-09
#   512.998   597.698   122.124   1.138e-01   590.122    1.4418   1.706e+29  1.427e+29  2.757e+28  1.161e+26  8.331e+25  7.614e+17  1.817e+16  0.000e+00
#   597.698   671.935   106.459   7.458e-02   512.602    1.4340   1.122e+29  9.388e+28  1.814e+28  7.635e+25  5.480e+25  1.141e+15  7.828e+13  0.000e+00
#   671.935   738.235    94.497   4.892e-02   454.004    1.4253   7.375e+28  6.172e+28  1.192e+28  5.018e+25  3.603e+25  2.289e+12  4.348e+11  0.000e+00
#   738.235   799.448    86.736   3.210e-02   415.852    1.4170   4.849e+28  4.058e+28  7.840e+27  3.299e+25  2.369e+25  2.420e+10  9.891e+09  0.000e+00
#   799.448   857.838    82.323   2.105e-02   393.725    1.4099   3.189e+28  2.668e+28  5.155e+27  2.169e+25  1.558e+25  1.202e+09  8.360e+08  0.000e+00
#   857.838   914.873    80.079   1.380e-02   381.904    1.4040   2.096e+28  1.754e+28  3.389e+27  1.425e+25  1.024e+25  1.565e+08  1.601e+08  0.000e+00
#   914.873   971.375    79.043   9.047e-03   375.900    1.3990   1.378e+28  1.153e+28  2.228e+27  9.368e+24  6.731e+24  6.740e+07  8.408e+07  0.000e+00
#   971.375  1027.794    78.668   5.929e-03   372.938    1.3943   9.058e+27  7.580e+27  1.464e+27  6.158e+24  4.424e+24  5.520e+07  7.595e+07  0.000e+00
#  1027.794  1084.349    78.613   3.884e-03   371.499    1.3900   5.954e+27  4.982e+27  9.625e+26  4.047e+24  2.908e+24  6.233e+07  8.996e+07  0.000e+00
#  1084.349  1141.143    78.706   2.545e-03   370.798    1.3858   3.913e+27  3.274e+27  6.325e+26  2.660e+24  1.911e+24  8.238e+07  1.217e+08  0.000e+00
#  1141.143  1198.240    78.893   1.667e-03   370.464    1.3817   2.572e+27  2.152e+27  4.157e+26  1.748e+24  1.256e+24  1.175e+08  1.755e+08  0.000e+00
#  1198.240  1255.663    79.111   1.092e-03   370.304    1.3777   1.690e+27  1.414e+27  2.732e+26  1.149e+24  8.256e+23  1.739e+08  2.611e+08  0.000e+00
#  1255.663  1313.429    79.356   7.156e-04   370.227    1.3737   1.111e+27  9.297e+26  1.796e+26  7.552e+23  5.426e+23  2.620e+08  3.944e+08  0.000e+00
#  1313.429  1371.550    79.615   4.688e-04   370.191    1.3698   7.303e+26  6.112e+26  1.181e+26  4.964e+23  3.567e+23  3.982e+08  6.000e+08  0.000e+00
#  1371.550  1430.026    79.877   3.071e-04   370.175    1.3660   4.800e+26  4.017e+26  7.760e+25  3.263e+23  2.345e+23  6.075e+08  9.160e+08  0.000e+00
#  1430.026  1488.868    80.151   2.012e-04   370.165    1.3622   3.156e+26  2.641e+26  5.102e+25  2.145e+23  1.541e+23  9.288e+08  1.401e+09  0.000e+00
#  1488.868  1548.083    80.436   1.318e-04   370.160    1.3584   2.075e+26  1.736e+26  3.354e+25  1.410e+23  1.013e+23  1.422e+09  2.144e+09  0.000e+00
#  1548.083  1607.658    80.703   8.636e-05   370.160    1.3546   1.364e+26  1.141e+26  2.205e+25  9.338e+22  6.661e+22  2.192e+09  3.331e+09  0.000e+00
#  1607.658  1667.606    80.988   5.658e-05   370.160    1.3510   8.966e+25  7.503e+25  1.449e+25  6.245e+22  4.379e+22  3.415e+09  5.279e+09  0.000e+00
#  1667.606  1727.924    81.266   3.707e-05   370.160    1.3473   5.894e+25  4.932e+25  9.528e+24  4.180e+22  2.879e+22  5.326e+09  8.383e+09  0.000e+00
#  1727.924  1788.623    81.563   2.428e-05   370.160    1.3437   3.875e+25  3.243e+25  6.265e+24  2.799e+22  1.893e+22  8.308e+09  1.332e+10  0.000e+00
#  1788.623  1849.696    81.847   1.591e-05   370.160    1.3401   2.548e+25  2.132e+25  4.119e+24  1.874e+22  1.244e+22  1.296e+10  2.115e+10  0.000e+00
#  1849.696  1911.168    82.165   1.042e-05   370.160    1.3366   1.676e+25  1.402e+25  2.709e+24  1.245e+22  8.184e+21  2.007e+10  3.311e+10  0.000e+00
#  1911.168  1973.033    82.474   6.828e-06   370.160    1.3331   1.102e+25  9.221e+24  1.781e+24  8.130e+21  5.381e+21  3.053e+10  4.999e+10  0.000e+00
#  1973.033  2035.302    82.797   4.473e-06   370.160    1.3297   7.247e+24  6.065e+24  1.171e+24  5.250e+21  3.539e+21  4.593e+10  7.385e+10  0.000e+00
#  2035.302  2097.974    83.121   2.930e-06   370.160    1.3263   4.766e+24  3.989e+24  7.705e+23  3.391e+21  2.328e+21  6.910e+10  1.091e+11  0.000e+00
#  2097.974  2161.065    83.462   1.920e-06   370.160    1.3229   3.135e+24  2.624e+24  5.068e+23  2.190e+21  1.531e+21  1.040e+11  1.612e+11  0.000e+00
#  2161.065  2224.563    83.790   1.258e-06   370.160    1.3196   2.062e+24  1.726e+24  3.333e+23  1.414e+21  1.007e+21  1.565e+11  2.381e+11  0.000e+00
# ----------------------------------------------------------------------------------------------
# Integrated atmospheric columns                         1.4639   3.511e+30  2.938e+30  5.676e+29  2.376e+27  1.701e+27  1.063e+24  2.607e+21  3.073e+00
# ----------------------------------------------------------------------------------------------
results_rad.txt
# ------------------------------------------------------------------------
# Radiance spectrum
# NASA-GSFC Planetary Spectrum Generator (PSG) (Villanueva et al. 2018, 2022)
# Synthesized on Tue Apr 29 01:11:03 2025
# Doppler velocities [km/s] (vobs,vrot+vorb,vwidth,vrfl,vstr): 20.91000,-2.53000,0.57000,-0.12916,0.00035
# ------------------------------------------------------------------------
# Spectra synthesized with the Planetary and Universal Model of Atmospheric Scattering (PUMAS, Villanueva et al. 2018, 2022)
# Single scattering radiative transfer method
# Radiative transfer took 0.773 seconds
# ------------------------------------------------------------------------
# Spectral unit: Wavelength [um]
# Radiance unit: Spectral radiance [W/sr/m2/um]
# Wave/freq Total Stellar GJ-1214b
5.000000000e-01  6.9445000e-03  6.94445e-03  5.30404e-08
5.025000000e-01  7.0935491e-03  7.09350e-03  5.35295e-08
5.050125000e-01  7.2441348e-03  7.24408e-03  5.44119e-08
5.075375625e-01  7.3962281e-03  7.39617e-03  5.54280e-08
5.100752503e-01  7.5497992e-03  7.54974e-03  5.65785e-08
5.126256266e-01  7.7048169e-03  7.70476e-03  5.77852e-08
5.151887547e-01  7.8612490e-03  7.86119e-03  5.90706e-08
5.177646985e-01  8.0190620e-03  8.01900e-03  6.02140e-08
5.203535220e-01  8.1782215e-03  8.17816e-03  6.13159e-08
5.229552896e-01  8.3386919e-03  8.33863e-03  6.23111e-08
5.255700660e-01  8.5004368e-03  8.50037e-03  6.33876e-08
5.281979164e-01  8.6634184e-03  8.66335e-03  6.44372e-08
5.308389059e-01  8.8275980e-03  8.82753e-03  6.54662e-08
5.334931005e-01  8.9929357e-03  8.99287e-03  6.65049e-08
5.361605660e-01  9.1593908e-03  9.15932e-03  6.74586e-08
5.388413688e-01  9.3269212e-03  9.32685e-03  6.81813e-08
5.415355756e-01  9.4954840e-03  9.49542e-03  6.84475e-08
5.442432535e-01  9.6650368e-03  9.66497e-03  6.96084e-08
5.469644698e-01  9.8355346e-03  9.83546e-03  7.11823e-08
5.496992921e-01  1.0006931e-02  1.00069e-02  7.25034e-08
5.524477886e-01  1.0179180e-02  1.01791e-02  7.37487e-08
5.552100275e-01  1.0352235e-02  1.03522e-02  7.48881e-08
5.579860777e-01  1.0526046e-02  1.05260e-02  7.60434e-08
5.607760081e-01  1.0700567e-02  1.07005e-02  7.71193e-08
5.635798881e-01  1.0875746e-02  1.08757e-02  7.81696e-08
5.663977875e-01  1.1051533e-02  1.10515e-02  7.89785e-08
5.692297765e-01  1.1227877e-02  1.12278e-02  7.86492e-08
5.720759254e-01  1.1404729e-02  1.14046e-02  8.03961e-08
5.749363050e-01  1.1582033e-02  1.15820e-02  8.11586e-08
5.778109865e-01  1.1759739e-02  1.17597e-02  8.21479e-08
5.807000414e-01  1.1937791e-02  1.19377e-02  8.34317e-08
5.836035417e-01  1.2116137e-02  1.21161e-02  8.46241e-08
5.865215594e-01  1.2294718e-02  1.22946e-02  8.32584e-08
5.894541672e-01  1.2473480e-02  1.24734e-02  7.83506e-08
5.924014380e-01  1.2652379e-02  1.26523e-02  8.27120e-08
5.953634452e-01  1.2831346e-02  1.28313e-02  8.31373e-08
5.983402624e-01  1.3010330e-02  1.30102e-02  8.44625e-08
6.013319637e-01  1.3189275e-02  1.31892e-02  8.70622e-08
6.043386235e-01  1.3368123e-02  1.33680e-02  9.00039e-08
6.073603167e-01  1.3546816e-02  1.35467e-02  9.21691e-08
6.103971182e-01  1.3725296e-02  1.37252e-02  9.37037e-08
6.134491038e-01  1.3903506e-02  1.39034e-02  9.40399e-08
6.165163494e-01  1.4081388e-02  1.40813e-02  9.30177e-08
6.195989311e-01  1.4258885e-02  1.42588e-02  9.19475e-08
6.226969258e-01  1.4435945e-02  1.44358e-02  9.56095e-08
6.258104104e-01  1.4612503e-02  1.46124e-02  9.77300e-08
6.289394624e-01  1.4788503e-02  1.47884e-02  9.93417e-08
6.320841597e-01  1.4963887e-02  1.49638e-02  1.00199e-07
6.352445805e-01  1.5138597e-02  1.51385e-02  1.01348e-07
6.384208035e-01  1.5312576e-02  1.53125e-02  1.01634e-07
6.416129075e-01  1.5485766e-02  1.54857e-02  1.02344e-07
6.448209720e-01  1.5658108e-02  1.56580e-02  9.98917e-08
6.480450769e-01  1.5829549e-02  1.58295e-02  9.78707e-08
6.512853022e-01  1.6000034e-02  1.59999e-02  1.00475e-07
6.545417288e-01  1.6169503e-02  1.61694e-02  1.01922e-07
6.578144374e-01  1.6337899e-02  1.63378e-02  1.01838e-07
6.611035096e-01  1.6505170e-02  1.65051e-02  1.04640e-07
6.644090271e-01  1.6671256e-02  1.66712e-02  1.05464e-07
6.677310723e-01  1.6836107e-02  1.68360e-02  1.07945e-07
6.710697276e-01  1.6999665e-02  1.69996e-02  1.10315e-07
6.744250763e-01  1.7161878e-02  1.71618e-02  1.12378e-07
6.777972017e-01  1.7322690e-02  1.73226e-02  1.13455e-07
6.811861877e-01  1.7482050e-02  1.74819e-02  1.13597e-07
6.845921186e-01  1.7639906e-02  1.76398e-02  1.14161e-07
6.880150792e-01  1.7796206e-02  1.77961e-02  1.14643e-07
6.914551546e-01  1.7950890e-02  1.79508e-02  1.04142e-07
6.949124304e-01  1.8103926e-02  1.81038e-02  1.04014e-07
6.983869925e-01  1.8255262e-02  1.82552e-02  1.08179e-07
7.018789275e-01  1.8404832e-02  1.84047e-02  1.02323e-07
7.053883221e-01  1.8552608e-02  1.85525e-02  1.04192e-07
7.089152637e-01  1.8698534e-02  1.86984e-02  1.05141e-07
7.124598400e-01  1.8842560e-02  1.88425e-02  1.03164e-07
7.160221392e-01  1.8984621e-02  1.89845e-02  7.58428e-08
7.196022499e-01  1.9124720e-02  1.91246e-02  7.36334e-08
7.232002612e-01  1.9262793e-02  1.92627e-02  7.36640e-08
7.268162625e-01  1.9398781e-02  1.93987e-02  6.11370e-08
7.304503438e-01  1.9532674e-02  1.95326e-02  6.81773e-08
7.341025955e-01  1.9664427e-02  1.96643e-02  8.79537e-08
7.377731085e-01  1.9793970e-02  1.97939e-02  9.28270e-08
7.414619740e-01  1.9921287e-02  1.99212e-02  1.03790e-07
7.451692839e-01  2.0046329e-02  2.00462e-02  1.10812e-07
7.488951303e-01  2.0169064e-02  2.01689e-02  1.17653e-07
7.526396060e-01  2.0289454e-02  2.02893e-02  1.22328e-07
7.564028040e-01  2.0407465e-02  2.04073e-02  1.25680e-07
7.601848180e-01  2.0523064e-02  2.05229e-02  1.27121e-07
7.639857421e-01  2.0636219e-02  2.06361e-02  1.27444e-07
7.678056708e-01  2.0746901e-02  2.07468e-02  1.27925e-07
7.716446992e-01  2.0855078e-02  2.08549e-02  1.28155e-07
7.755029227e-01  2.0960721e-02  2.09606e-02  1.27206e-07
7.793804373e-01  2.1063800e-02  2.10637e-02  1.22960e-07
7.832773395e-01  2.1164291e-02  2.11642e-02  1.16971e-07
7.871937262e-01  2.1262172e-02  2.12621e-02  1.13741e-07
7.911296948e-01  2.1357422e-02  2.13573e-02  1.16022e-07
7.950853433e-01  2.1450007e-02  2.14499e-02  1.12985e-07
7.990607700e-01  2.1539907e-02  2.15398e-02  1.06388e-07
8.030560739e-01  2.1627115e-02  2.16270e-02  1.10141e-07
8.070713542e-01  2.1711596e-02  2.17115e-02  1.06939e-07
8.111067110e-01  2.1793319e-02  2.17932e-02  8.65057e-08
8.151622446e-01  2.1872304e-02  2.18722e-02  8.31851e-08
8.192380558e-01  2.1948533e-02  2.19484e-02  9.66795e-08
8.233342461e-01  2.2021953e-02  2.20219e-02  8.78562e-08
8.274509173e-01  2.2092594e-02  2.20925e-02  1.01031e-07
8.315881719e-01  2.2160407e-02  2.21603e-02  9.67768e-08
8.357461127e-01  2.2225401e-02  2.22253e-02  9.78600e-08
8.399248433e-01  2.2287568e-02  2.22875e-02  1.03787e-07
8.441244675e-01  2.2346896e-02  2.23468e-02  1.13008e-07
8.483450899e-01  2.2403371e-02  2.24033e-02  1.17427e-07
8.525868153e-01  2.2456995e-02  2.24569e-02  1.25540e-07
8.568497494e-01  2.2507755e-02  2.25076e-02  1.29161e-07
8.611339981e-01  2.2555650e-02  2.25555e-02  1.32046e-07
8.654396681e-01  2.2600678e-02  2.26005e-02  1.34425e-07
8.697668665e-01  2.2642832e-02  2.26427e-02  1.29293e-07
8.741157008e-01  2.2682123e-02  2.26820e-02  1.29687e-07
8.784862793e-01  2.2718538e-02  2.27184e-02  1.21578e-07
8.828787107e-01  2.2752063e-02  2.27520e-02  8.90031e-08
8.872931042e-01  2.2782755e-02  2.27827e-02  8.51013e-08
8.917295698e-01  2.2810590e-02  2.28105e-02  8.14977e-08
8.961882176e-01  2.2835565e-02  2.28355e-02  7.14133e-08
9.006691587e-01  2.2857712e-02  2.28576e-02  7.97349e-08
9.051725045e-01  2.2877027e-02  2.28769e-02  9.55598e-08
9.096983670e-01  2.2893487e-02  2.28934e-02  8.67486e-08
9.142468589e-01  2.2907121e-02  2.29070e-02  7.25212e-08
9.188180931e-01  2.2917957e-02  2.29179e-02  7.18177e-08
9.234121836e-01  2.2925996e-02  2.29259e-02  7.28870e-08
9.280292445e-01  2.2931203e-02  2.29312e-02  2.80688e-08
9.326693908e-01  2.2933668e-02  2.29337e-02  1.51734e-08
9.373327377e-01  2.2933391e-02  2.29334e-02  1.93265e-08
9.420194014e-01  2.2930375e-02  2.29303e-02  2.74649e-08
9.467294984e-01  2.2924623e-02  2.29246e-02  2.69715e-08
9.514631459e-01  2.2916158e-02  2.29161e-02  2.38341e-08
9.562204616e-01  2.2905006e-02  2.29050e-02  2.57239e-08
9.610015639e-01  2.2891179e-02  2.28912e-02  2.58371e-08
9.658065718e-01  2.2874707e-02  2.28747e-02  3.49505e-08
9.706356046e-01  2.2855603e-02  2.28556e-02  4.46594e-08
9.754887826e-01  2.2833879e-02  2.28338e-02  4.60595e-08
9.803662265e-01  2.2809568e-02  2.28095e-02  4.95493e-08
9.852680577e-01  2.2782691e-02  2.27826e-02  5.45058e-08
9.901943980e-01  2.2753270e-02  2.27532e-02  5.77458e-08
9.951453700e-01  2.2721336e-02  2.27213e-02  6.78819e-08
1.000121097e+00  2.2686907e-02  2.26868e-02  7.50800e-08
1.005121702e+00  2.2650010e-02  2.26499e-02  8.34145e-08
1.010147311e+00  2.2610671e-02  2.26106e-02  9.11304e-08
1.015198047e+00  2.2568915e-02  2.25688e-02  9.63897e-08
1.020274038e+00  2.2524777e-02  2.25247e-02  1.06271e-07
1.025375408e+00  2.2478277e-02  2.24782e-02  1.13418e-07
1.030502285e+00  2.2429447e-02  2.24293e-02  1.20091e-07
1.035654796e+00  2.2378314e-02  2.23782e-02  1.25041e-07
1.040833070e+00  2.2324907e-02  2.23248e-02  1.26670e-07
1.046037236e+00  2.2269256e-02  2.22691e-02  1.25030e-07
1.051267422e+00  2.2211395e-02  2.22113e-02  1.23332e-07
1.056523759e+00  2.2151355e-02  2.21512e-02  1.21372e-07
1.061806378e+00  2.2089166e-02  2.20890e-02  1.16437e-07
1.067115410e+00  2.2024864e-02  2.20248e-02  1.13449e-07
1.072450987e+00  2.1958480e-02  2.19584e-02  1.10959e-07
1.077813242e+00  2.1890044e-02  2.18899e-02  1.04875e-07
1.083202308e+00  2.1819594e-02  2.18195e-02  1.01306e-07
1.088618319e+00  2.1747154e-02  2.17471e-02  8.92878e-08
1.094061411e+00  2.1672743e-02  2.16727e-02  5.51169e-08
1.099531718e+00  2.1596439e-02  2.15964e-02  4.32310e-08
1.105029377e+00  2.1518256e-02  2.15182e-02  3.11465e-08
1.110554523e+00  2.1438228e-02  2.14382e-02  1.89059e-08
1.116107296e+00  2.1356395e-02  2.13564e-02  1.18616e-08
1.121687832e+00  2.1272790e-02  2.12728e-02  8.40976e-09
1.127296272e+00  2.1187450e-02  2.11874e-02  9.60153e-09
1.132932753e+00  2.1100402e-02  2.11004e-02  6.66902e-09
1.138597417e+00  2.1011693e-02  2.10117e-02  1.13240e-08
1.144290404e+00  2.0921345e-02  2.09213e-02  8.68243e-09
1.150011856e+00  2.0829398e-02  2.08294e-02  5.21269e-09
1.155761915e+00  2.0735893e-02  2.07359e-02  3.41078e-09
1.161540725e+00  2.0640865e-02  2.06409e-02  3.67670e-09
1.167348428e+00  2.0544348e-02  2.05443e-02  4.17139e-09
1.173185171e+00  2.0446382e-02  2.04464e-02  7.12016e-09
1.179051096e+00  2.0347000e-02  2.03470e-02  1.09234e-08
1.184946352e+00  2.0246241e-02  2.02462e-02  1.74169e-08
1.190871084e+00  2.0144140e-02  2.01441e-02  2.52656e-08
1.196825439e+00  2.0040744e-02  2.00407e-02  4.57544e-08
1.202809566e+00  1.9936066e-02  1.99360e-02  5.58463e-08
1.208823614e+00  1.9830155e-02  1.98301e-02  6.88783e-08
1.214867732e+00  1.9723035e-02  1.97230e-02  7.19175e-08
1.220942071e+00  1.9614756e-02  1.96147e-02  7.93945e-08
1.227046781e+00  1.9505346e-02  1.95053e-02  8.35051e-08
1.233182015e+00  1.9394842e-02  1.93948e-02  8.60510e-08
1.239347925e+00  1.9283287e-02  1.92832e-02  9.37521e-08
1.245544665e+00  1.9170709e-02  1.91706e-02  9.92019e-08
1.251772388e+00  1.9057144e-02  1.90570e-02  1.04111e-07
1.258031250e+00  1.8942626e-02  1.89425e-02  1.06499e-07
1.264321406e+00  1.8827189e-02  1.88271e-02  1.06504e-07
1.270643013e+00  1.8710866e-02  1.87108e-02  1.00811e-07
1.276996228e+00  1.8593697e-02  1.85936e-02  9.61376e-08
1.283381209e+00  1.8475713e-02  1.84756e-02  8.94796e-08
1.289798116e+00  1.8356946e-02  1.83569e-02  7.71624e-08
1.296247106e+00  1.8237441e-02  1.82374e-02  7.28554e-08
1.302728342e+00  1.8117213e-02  1.81172e-02  5.57465e-08
1.309241983e+00  1.7996315e-02  1.79963e-02  4.69592e-08
1.315788193e+00  1.7874777e-02  1.78747e-02  4.36775e-08
1.322367134e+00  1.7752625e-02  1.77526e-02  3.81103e-08
1.328978970e+00  1.7629877e-02  1.76299e-02  1.70620e-08
1.335623865e+00  1.7506594e-02  1.75066e-02  8.32905e-09
1.342301984e+00  1.7382800e-02  1.73828e-02  4.72436e-09
1.349013494e+00  1.7258522e-02  1.72585e-02  2.11326e-09
1.355758561e+00  1.7133792e-02  1.71338e-02  9.44571e-10
1.362537354e+00  1.7008641e-02  1.70086e-02  1.02743e-09
1.369350041e+00  1.6883098e-02  1.68831e-02  1.41618e-09
1.376196791e+00  1.6757192e-02  1.67572e-02  1.65133e-09
1.383077775e+00  1.6630954e-02  1.66310e-02  1.15268e-09
1.389993164e+00  1.6504413e-02  1.65044e-02  1.69120e-09
1.396943130e+00  1.6377598e-02  1.63776e-02  1.77595e-09
1.403927846e+00  1.6250538e-02  1.62505e-02  2.30903e-09
1.410947485e+00  1.6123260e-02  1.61233e-02  2.03832e-09
1.418002222e+00  1.5995794e-02  1.59958e-02  2.63006e-09
1.425092233e+00  1.5868166e-02  1.58682e-02  3.31922e-09
1.432217694e+00  1.5740405e-02  1.57404e-02  4.88376e-09
1.439378783e+00  1.5612535e-02  1.56125e-02  5.92075e-09
1.446575677e+00  1.5484585e-02  1.54846e-02  8.42593e-09
1.453808555e+00  1.5356580e-02  1.53566e-02  1.21031e-08
1.461077598e+00  1.5228544e-02  1.52285e-02  1.50798e-08
1.468382986e+00  1.5100501e-02  1.51005e-02  1.52197e-08
1.475724901e+00  1.4972481e-02  1.49725e-02  1.95328e-08
1.483103525e+00  1.4844501e-02  1.48445e-02  1.95472e-08
1.490519043e+00  1.4716593e-02  1.47166e-02  2.35547e-08
1.497971638e+00  1.4588781e-02  1.45887e-02  3.25194e-08
1.505461496e+00  1.4461077e-02  1.44610e-02  3.59592e-08
1.512988804e+00  1.4333522e-02  1.43335e-02  5.12913e-08
1.520553748e+00  1.4206118e-02  1.42061e-02  5.93274e-08
1.528156517e+00  1.4078897e-02  1.40788e-02  6.84410e-08
1.535797299e+00  1.3951884e-02  1.39518e-02  8.40720e-08
1.543476286e+00  1.3825089e-02  1.38250e-02  9.48570e-08
1.551193667e+00  1.3698537e-02  1.36984e-02  1.05425e-07
1.558949636e+00  1.3572248e-02  1.35721e-02  1.15098e-07
1.566744384e+00  1.3446242e-02  1.34461e-02  1.24733e-07
1.574578106e+00  1.3320537e-02  1.33204e-02  1.33471e-07
1.582450996e+00  1.3195148e-02  1.31950e-02  1.36757e-07
1.590363251e+00  1.3070095e-02  1.30700e-02  1.36330e-07
1.598315067e+00  1.2945396e-02  1.29453e-02  1.32144e-07
1.606306643e+00  1.2821073e-02  1.28209e-02  1.28919e-07
1.614338176e+00  1.2697108e-02  1.26970e-02  9.14682e-08
1.622409867e+00  1.2573549e-02  1.25735e-02  5.20991e-08
1.630521916e+00  1.2450452e-02  1.24504e-02  4.81343e-08
1.638674526e+00  1.2327814e-02  1.23278e-02  6.31296e-08
1.646867898e+00  1.2205597e-02  1.22056e-02  4.11231e-08
1.655102238e+00  1.2083880e-02  1.20838e-02  4.84912e-08
1.663377749e+00  1.1962652e-02  1.19626e-02  5.77913e-08
1.671694638e+00  1.1841881e-02  1.18419e-02  2.39842e-08
1.680053111e+00  1.1721681e-02  1.17216e-02  4.57500e-08
1.688453377e+00  1.1601985e-02  1.16019e-02  4.33556e-08
1.696895643e+00  1.1482806e-02  1.14828e-02  1.76713e-08
1.705380122e+00  1.1364206e-02  1.13642e-02  1.64535e-08
1.713907022e+00  1.1246192e-02  1.12462e-02  3.45615e-08
1.722476557e+00  1.1128748e-02  1.11287e-02  4.49068e-08
1.731088940e+00  1.1011857e-02  1.10118e-02  1.81396e-08
1.739744385e+00  1.0895609e-02  1.08956e-02  3.31041e-08
1.748443107e+00  1.0779960e-02  1.07799e-02  3.53472e-08
1.757185322e+00  1.0664927e-02  1.06649e-02  3.08251e-08
1.765971249e+00  1.0550539e-02  1.05505e-02  3.98254e-08
1.774801105e+00  1.0436778e-02  1.04367e-02  3.26185e-08
1.783675111e+00  1.0323679e-02  1.03236e-02  3.59530e-08
1.792593486e+00  1.0211223e-02  1.02112e-02  2.14279e-08
1.801556454e+00  1.0099450e-02  1.00994e-02  2.10728e-08
1.810564236e+00  9.9883513e-03  9.98833e-03  1.68636e-08
1.819617057e+00  9.8779442e-03  9.87793e-03  1.85678e-08
1.828715142e+00  9.7682247e-03  9.76821e-03  1.44717e-08
1.837858718e+00  9.6592047e-03  9.65920e-03  8.89359e-09
1.847048012e+00  9.5509029e-03  9.55089e-03  1.37546e-08
1.856283252e+00  9.4433107e-03  9.44330e-03  1.35627e-08
1.865564668e+00  9.3364357e-03  9.33643e-03  9.61121e-09
1.874892491e+00  9.2302937e-03  9.23028e-03  1.16377e-08
1.884266954e+00  9.1248943e-03  9.12487e-03  2.33332e-08
1.893688289e+00  9.0202251e-03  9.02020e-03  2.68866e-08
1.903156730e+00  8.9162882e-03  8.91627e-03  1.92597e-08
1.912672514e+00  8.8131081e-03  8.81309e-03  1.99370e-08
1.922235876e+00  8.7106863e-03  8.71066e-03  2.59516e-08
1.931847056e+00  8.6090085e-03  8.60899e-03  1.85035e-08
1.941506291e+00  8.5081004e-03  8.50808e-03  1.94598e-08
1.951213822e+00  8.4079634e-03  8.40794e-03  2.63587e-08
1.960969892e+00  8.3085935e-03  8.30856e-03  3.15963e-08
1.970774741e+00  8.2100020e-03  8.20996e-03  4.33815e-08
1.980628615e+00  8.1121829e-03  8.11213e-03  5.26428e-08
1.990531758e+00  8.0151393e-03  8.01508e-03  5.97207e-08
2.000484417e+00  7.9188844e-03  7.91881e-03  7.54506e-08
2.010486839e+00  7.8234043e-03  7.82332e-03  8.36755e-08
2.020539273e+00  7.7287115e-03  7.72862e-03  9.49027e-08
2.030641969e+00  7.6347970e-03  7.63470e-03  9.83404e-08
2.040795179e+00  7.5416788e-03  7.54157e-03  1.10406e-07
2.050999155e+00  7.4493434e-03  7.44923e-03  1.16454e-07
2.061254151e+00  7.3577965e-03  7.35768e-03  1.21041e-07
2.071560421e+00  7.2670343e-03  7.26691e-03  1.19460e-07
2.081918224e+00  7.1770655e-03  7.17695e-03  1.19787e-07
2.092327815e+00  7.0878856e-03  7.08777e-03  1.17109e-07
2.102789454e+00  6.9994913e-03  6.99938e-03  1.07849e-07
2.113303401e+00  6.9118860e-03  6.91179e-03  9.53205e-08
2.123869918e+00  6.8250801e-03  6.82499e-03  9.02479e-08
2.134489268e+00  6.7390766e-03  6.73898e-03  9.58050e-08
2.145161714e+00  6.6538437e-03  6.65376e-03  8.08351e-08
2.155887523e+00  6.5694002e-03  6.56934e-03  6.48403e-08
2.166666960e+00  6.4857516e-03  6.48570e-03  5.41543e-08
2.177500295e+00  6.4029072e-03  6.40285e-03  5.90863e-08
2.188387796e+00  6.3208236e-03  6.32079e-03  3.76442e-08
2.199329735e+00  6.2395156e-03  6.23951e-03  5.81811e-09
2.210326384e+00  6.1590343e-03  6.15902e-03  1.63396e-08
2.221378016e+00  6.0793275e-03  6.07931e-03  1.87693e-08
2.232484906e+00  6.0003905e-03  6.00038e-03  1.01859e-08
2.243647331e+00  5.9222380e-03  5.92223e-03  7.29420e-09
2.254865567e+00  5.8448642e-03  5.84486e-03  6.50950e-09
2.266139895e+00  5.7682648e-03  5.76826e-03  5.71142e-09
2.277470595e+00  5.6924366e-03  5.69243e-03  4.24294e-09
2.288857948e+00  5.6173769e-03  5.61738e-03  1.78789e-09
2.300302237e+00  5.5430890e-03  5.54308e-03  4.42939e-09
2.311803748e+00  5.4695660e-03  5.46956e-03  8.15144e-09
2.323362767e+00  5.3967946e-03  5.39679e-03  2.36602e-09
2.334979581e+00  5.3247867e-03  5.32478e-03  2.09613e-09
2.346654479e+00  5.2535339e-03  5.25353e-03  2.13603e-09
2.358387751e+00  5.1830338e-03  5.18303e-03  3.27034e-09
2.370179690e+00  5.1132794e-03  5.11328e-03  1.93053e-09
2.382030589e+00  5.0442723e-03  5.04427e-03  3.11279e-09
2.393940742e+00  4.9760105e-03  4.97600e-03  8.47940e-09
2.405910445e+00  4.9084905e-03  4.90847e-03  1.79852e-08
2.417939997e+00  4.8416946e-03  4.84168e-03  1.78567e-08
2.430029697e+00  4.7756240e-03  4.77561e-03  1.30542e-08
2.442179846e+00  4.7102933e-03  4.71027e-03  2.20076e-08
2.454390745e+00  4.6456800e-03  4.64565e-03  2.63093e-08
2.466662699e+00  4.5817885e-03  4.58175e-03  3.45452e-08
2.478996012e+00  4.5186017e-03  4.51857e-03  3.35462e-08
2.491390992e+00  4.4561252e-03  4.45609e-03  3.32062e-08
2.503847947e+00  4.3943474e-03  4.39432e-03  2.61899e-08
2.516367187e+00  4.3332735e-03  4.33325e-03  2.21265e-08
2.528949023e+00  4.2728897e-03  4.27288e-03  1.16179e-08
2.541593768e+00  4.2132071e-03  4.21320e-03  1.02328e-08
2.554301737e+00  4.1542131e-03  4.15420e-03  9.90647e-09
2.567073246e+00  4.0958989e-03  4.09589e-03  6.32421e-09
2.579908612e+00  4.0382652e-03  4.03826e-03  5.04878e-09
2.592808155e+00  3.9813043e-03  3.98130e-03  2.85768e-09
2.605772196e+00  3.9250160e-03  3.92501e-03  4.41956e-09
2.618801057e+00  3.8693952e-03  3.86939e-03  9.25895e-09
2.631895062e+00  3.8144322e-03  3.81442e-03  1.27325e-08
2.645054537e+00  3.7601316e-03  3.76011e-03  2.41243e-08
2.658279810e+00  3.7064512e-03  3.70645e-03  6.13352e-09
2.671571209e+00  3.6534284e-03  3.65343e-03  1.12674e-09
2.684929065e+00  3.6010519e-03  3.60105e-03  2.90947e-09
2.698353710e+00  3.5493140e-03  3.54931e-03  8.53454e-09
2.711845479e+00  3.4981982e-03  3.49819e-03  6.74412e-09
2.725404706e+00  3.4477157e-03  3.44770e-03  1.36085e-08
2.739031730e+00  3.3978396e-03  3.39783e-03  7.34646e-09
2.752726889e+00  3.3485849e-03  3.34858e-03  8.11015e-09
2.766490523e+00  3.2999357e-03  3.29993e-03  5.07104e-09
2.780322976e+00  3.2518945e-03  3.25189e-03  5.90575e-09
2.794224591e+00  3.2044588e-03  3.20445e-03  1.31109e-08
2.808195713e+00  3.1576108e-03  3.15760e-03  1.42522e-08
2.822236692e+00  3.1113551e-03  3.11134e-03  1.89864e-08
2.836347875e+00  3.0656735e-03  3.06566e-03  1.42620e-08
2.850529615e+00  3.0205815e-03  3.02056e-03  2.08787e-08
2.864782263e+00  2.9760623e-03  2.97604e-03  2.70838e-08
2.879106174e+00  2.9321151e-03  2.93208e-03  3.74292e-08
2.893501705e+00  2.8887297e-03  2.88868e-03  4.67727e-08
2.907969214e+00  2.8458861e-03  2.84585e-03  4.05325e-08
2.922509060e+00  2.8036116e-03  2.80356e-03  5.09309e-08
2.937121605e+00  2.7619077e-03  2.76182e-03  8.48661e-08
2.951807213e+00  2.7206995e-03  2.72063e-03  7.25838e-08
2.966566249e+00  2.6800428e-03  2.67997e-03  7.51883e-08
2.981399080e+00  2.6399247e-03  2.63984e-03  8.47812e-08
2.996306076e+00  2.6003337e-03  2.60024e-03  9.51089e-08
3.011287606e+00  2.5612651e-03  2.56116e-03  1.06697e-07
3.026344044e+00  2.5227295e-03  2.52259e-03  1.35303e-07
3.041475764e+00  2.4846596e-03  2.48454e-03  1.18839e-07
3.056683143e+00  2.4471209e-03  2.44699e-03  1.27865e-07
3.071966559e+00  2.4100974e-03  2.40995e-03  1.51539e-07
3.087326392e+00  2.3735393e-03  2.37339e-03  1.45173e-07
3.102763024e+00  2.3374430e-03  2.33733e-03  1.10302e-07
3.118276839e+00  2.3018441e-03  2.30176e-03  8.75195e-08
3.133868223e+00  2.2667213e-03  2.26666e-03  6.07091e-08
3.149537564e+00  2.2321005e-03  2.23204e-03  6.08586e-08
3.165285252e+00  2.1979310e-03  2.19789e-03  4.21286e-08
3.181111678e+00  2.1642132e-03  2.16420e-03  1.00950e-08
3.197017237e+00  2.1309833e-03  2.13098e-03  5.98500e-09
3.213002323e+00  2.0982123e-03  2.09821e-03  5.52068e-09
3.229067334e+00  2.0658919e-03  2.06589e-03  5.64053e-09
3.245212671e+00  2.0340163e-03  2.03401e-03  5.29695e-09
3.261438734e+00  2.0025851e-03  2.00258e-03  9.09875e-09
3.277745928e+00  1.9715930e-03  1.97158e-03  1.65436e-08
3.294134658e+00  1.9410271e-03  1.94101e-03  1.95233e-08
3.310605331e+00  1.9108713e-03  1.91086e-03  7.02362e-09
3.327158358e+00  1.8811427e-03  1.88114e-03  7.03184e-10
3.343794149e+00  1.8518453e-03  1.85184e-03  9.45345e-09
3.360513120e+00  1.8229523e-03  1.82294e-03  1.10951e-08
3.377315686e+00  1.7944609e-03  1.79445e-03  7.71172e-09
3.394202264e+00  1.7663743e-03  1.76637e-03  7.14611e-09
3.411173276e+00  1.7386852e-03  1.73868e-03  6.68929e-09
3.428229142e+00  1.7113879e-03  1.71138e-03  5.33908e-09
3.445370288e+00  1.6844810e-03  1.68447e-03  6.29978e-09
3.462597139e+00  1.6579581e-03  1.65795e-03  7.70628e-09
3.479910125e+00  1.6318161e-03  1.63181e-03  1.10607e-08
3.497309675e+00  1.6060459e-03  1.60603e-03  1.16840e-08
3.514796224e+00  1.5806501e-03  1.58063e-03  1.66640e-08
3.532370205e+00  1.5556182e-03  1.55560e-03  2.00527e-08
3.550032056e+00  1.5309545e-03  1.53092e-03  3.04338e-08
3.567782216e+00  1.5066408e-03  1.50661e-03  3.40355e-08
3.585621127e+00  1.4826687e-03  1.48264e-03  2.67829e-08
3.603549233e+00  1.4590484e-03  1.45903e-03  2.32670e-08
3.621566979e+00  1.4357809e-03  1.43575e-03  2.87358e-08
3.639674814e+00  1.4128650e-03  1.41282e-03  4.61142e-08
3.657873188e+00  1.3902849e-03  1.39022e-03  6.39870e-08
3.676162554e+00  1.3680272e-03  1.36795e-03  7.30305e-08
3.694543367e+00  1.3460873e-03  1.34601e-03  7.28012e-08
3.713016084e+00  1.3244845e-03  1.32440e-03  8.67343e-08
3.731581164e+00  1.3031887e-03  1.30310e-03  8.87443e-08
3.750239070e+00  1.2822302e-03  1.28212e-03  1.13299e-07
3.768990265e+00  1.2615396e-03  1.26144e-03  9.48549e-08
3.787835216e+00  1.2411650e-03  1.24108e-03  8.55075e-08
3.806774393e+00  1.2211832e-03  1.22102e-03  1.65999e-07
3.825808265e+00  1.2014800e-03  1.20125e-03  2.26106e-07
3.844937306e+00  1.1818897e-03  1.18179e-03  1.03862e-07
3.864161992e+00  1.1627524e-03  1.16261e-03  1.43306e-07
3.883482802e+00  1.1439014e-03  1.14372e-03  1.81393e-07
3.902900216e+00  1.1252616e-03  1.12511e-03  1.46934e-07
3.922414717e+00  1.1069751e-03  1.10679e-03  1.85722e-07
3.942026791e+00  1.0889368e-03  1.08874e-03  1.96154e-07
3.961736925e+00  1.0711792e-03  1.07096e-03  2.14613e-07
3.981545610e+00  1.0536703e-03  1.05346e-03  2.12637e-07
4.001453338e+00  1.0364572e-03  1.03622e-03  2.40878e-07
4.021460604e+00  1.0195045e-03  1.01924e-03  2.67431e-07
4.041567907e+00  1.0027669e-03  1.00252e-03  2.50539e-07
4.061775747e+00  9.8633702e-04  9.86051e-04  2.86358e-07
4.082084626e+00  9.7014477e-04  9.69837e-04  3.08156e-07
4.102495049e+00  9.5418738e-04  9.53871e-04  3.16588e-07
4.123007524e+00  9.3845798e-04  9.38150e-04  3.08142e-07
4.143622562e+00  9.2297530e-04  9.22670e-04  3.04877e-07
4.164340674e+00  9.0774596e-04  9.07429e-04  3.16712e-07
4.185162378e+00  8.9272128e-04  8.92423e-04  2.98224e-07
4.206088190e+00  8.7798899e-04  8.77649e-04  3.40370e-07
4.227118631e+00  8.6337934e-04  8.63103e-04  2.76576e-07
4.248254224e+00  8.4906863e-04  8.48782e-04  2.86323e-07
4.269495495e+00  8.3496344e-04  8.34684e-04  2.79288e-07
4.290842972e+00  8.2108909e-04  8.20805e-04  2.83892e-07
4.312297187e+00  8.0740637e-04  8.07142e-04  2.63974e-07
4.333858673e+00  7.9396104e-04  7.93693e-04  2.68307e-07
4.355527967e+00  7.8070153e-04  7.80453e-04  2.48307e-07
4.377305606e+00  7.6769192e-04  7.67421e-04  2.71021e-07
4.399192134e+00  7.5481343e-04  7.54593e-04  2.20562e-07
4.421188095e+00  7.4221921e-04  7.41966e-04  2.52978e-07
4.443294036e+00  7.2976294e-04  7.29538e-04  2.24805e-07
4.465510506e+00  7.1754149e-04  7.17306e-04  2.35715e-07
4.487838058e+00  7.0552387e-04  7.05266e-04  2.57523e-07
4.510277249e+00  6.9366932e-04  6.93417e-04  2.52209e-07
4.532828635e+00  6.8197837e-04  6.81755e-04  2.23033e-07
4.555492778e+00  6.7055382e-04  6.70278e-04  2.75471e-07
4.578270242e+00  6.5924795e-04  6.58983e-04  2.64470e-07
4.601161593e+00  6.4814674e-04  6.47868e-04  2.78642e-07
4.624167401e+00  6.3713051e-04  6.36930e-04  2.00890e-07
4.647288238e+00  6.2636730e-04  6.26165e-04  2.01810e-07
4.670524679e+00  6.1576756e-04  6.15573e-04  1.94405e-07
4.693877303e+00  6.0538531e-04  6.05150e-04  2.35175e-07
4.717346689e+00  5.9508611e-04  5.94894e-04  1.92156e-07
4.740933423e+00  5.8503453e-04  5.84802e-04  2.32370e-07
4.764638090e+00  5.7507413e-04  5.74872e-04  2.01772e-07
4.788461280e+00  5.6527101e-04  5.65102e-04  1.68845e-07
4.812403587e+00  5.5567006e-04  5.55489e-04  1.80831e-07
4.836465604e+00  5.4618615e-04  5.46031e-04  1.54931e-07
4.860647933e+00  5.3692516e-04  5.36726e-04  1.99298e-07
4.884951172e+00  5.2774576e-04  5.27571e-04  1.74879e-07
4.909375928e+00  5.1874200e-04  5.18564e-04  1.77945e-07
4.933922808e+00  5.0985444e-04  5.09703e-04  1.51272e-07
4.958592422e+00  5.0109772e-04  5.00986e-04  1.11671e-07
4.983385384e+00  4.9258233e-04  4.92411e-04  1.71796e-07
5.008302311e+00  4.8411936e-04  4.83975e-04  1.44839e-07
5.033343822e+00  4.7582054e-04  4.75676e-04  1.44631e-07
5.058510541e+00  4.6767452e-04  4.67513e-04  1.61893e-07
5.083803094e+00  4.5960772e-04  4.59483e-04  1.25085e-07
5.109222110e+00  4.5169281e-04  4.51584e-04  1.08892e-07
5.134768220e+00  4.4390004e-04  4.43815e-04  8.55371e-08
5.160442061e+00  4.3626618e-04  4.36172e-04  9.37683e-08
5.186244272e+00  4.2878487e-04  4.28656e-04  1.29152e-07
5.212175493e+00  4.2131310e-04  4.21263e-04  5.05761e-08
5.238236370e+00  4.1408992e-04  4.13991e-04  9.89983e-08
5.264427552e+00  4.0693975e-04  4.06839e-04  1.00683e-07
5.290749690e+00  3.9988231e-04  3.99805e-04  7.71831e-08
5.317203438e+00  3.9299455e-04  3.92887e-04  1.07254e-07
5.343789456e+00  3.8614047e-04  3.86084e-04  5.66897e-08
5.370508403e+00  3.7945138e-04  3.79393e-04  5.85565e-08
5.397360945e+00  3.7288626e-04  3.72813e-04  7.35717e-08
5.424347750e+00  3.6636990e-04  3.66342e-04  2.82287e-08
5.451469488e+00  3.6002484e-04  3.59978e-04  4.67645e-08
5.478726836e+00  3.5376192e-04  3.53720e-04  4.16764e-08
5.506120470e+00  3.4762178e-04  3.47567e-04  5.52680e-08
5.533651072e+00  3.4155530e-04  3.41515e-04  4.00126e-08
5.561319328e+00  3.3559125e-04  3.35565e-04  2.62909e-08
5.589125924e+00  3.2974973e-04  3.29714e-04  3.57720e-08
5.617071554e+00  3.2399328e-04  3.23961e-04  3.25646e-08
5.645156912e+00  3.1832407e-04  3.18304e-04  2.03472e-08
5.673382696e+00  3.1277050e-04  3.12741e-04  2.90494e-08
5.701749610e+00  3.0729627e-04  3.07272e-04  2.38482e-08
5.730258358e+00  3.0191167e-04  3.01895e-04  1.65129e-08
5.758909650e+00  2.9662530e-04  2.96608e-04  1.70743e-08
5.787704198e+00  2.9144076e-04  2.91410e-04  3.05626e-08
5.816642719e+00  2.8631684e-04  2.86300e-04  1.71823e-08
5.845725932e+00  2.8129662e-04  2.81275e-04  2.13997e-08
5.874954562e+00  2.7634748e-04  2.76336e-04  1.19431e-08
5.904329335e+00  2.7149915e-04  2.71479e-04  1.99077e-08
5.933850982e+00  2.6671745e-04  2.66705e-04  1.24372e-08
5.963520237e+00  2.6203392e-04  2.62012e-04  2.23769e-08
5.993337838e+00  2.5742172e-04  2.57398e-04  2.41755e-08
6.023304527e+00  2.5289034e-04  2.52862e-04  2.85862e-08
6.053421050e+00  2.4841668e-04  2.48403e-04  1.37743e-08
6.083688155e+00  2.4404651e-04  2.44020e-04  2.67356e-08
6.114106596e+00  2.3973606e-04  2.39711e-04  2.49120e-08
6.144677129e+00  2.3551098e-04  2.35476e-04  3.51619e-08
6.175400514e+00  2.3133647e-04  2.31313e-04  2.38560e-08
6.206277517e+00  2.2726097e-04  2.27220e-04  4.05972e-08
6.237308904e+00  2.2324501e-04  2.23198e-04  4.70681e-08
6.268495449e+00  2.1929750e-04  2.19244e-04  5.33077e-08
6.299837926e+00  2.1541758e-04  2.15358e-04  5.95536e-08
6.331337116e+00  2.1158356e-04  2.11538e-04  4.52276e-08
6.362993801e+00  2.0781027e-04  2.07784e-04  2.62364e-08
6.394808770e+00  2.0411495e-04  2.04094e-04  2.08730e-08
6.426782814e+00  2.0047878e-04  2.00467e-04  1.13647e-08
6.458916728e+00  1.9691811e-04  1.96903e-04  1.51027e-08
6.491211312e+00  1.9340909e-04  1.93400e-04  9.25905e-09
6.523667368e+00  1.8997115e-04  1.89957e-04  1.42406e-08
6.556285705e+00  1.8658470e-04  1.86573e-04  1.14568e-08
6.589067134e+00  1.8325932e-04  1.83248e-04  1.14674e-08
6.622012469e+00  1.7998980e-04  1.79980e-04  1.00053e-08
6.655122532e+00  1.7678362e-04  1.76768e-04  1.54852e-08
6.688398144e+00  1.7363351e-04  1.73612e-04  2.15853e-08
6.721840135e+00  1.7052644e-04  1.70510e-04  1.61700e-08
6.755449336e+00  1.6748877e-04  1.67462e-04  2.65079e-08
6.789226583e+00  1.6448078e-04  1.64467e-04  1.37671e-08
6.823172715e+00  1.6154268e-04  1.61524e-04  1.90219e-08
6.857288579e+00  1.5864483e-04  1.58631e-04  1.34863e-08
6.891575022e+00  1.5581384e-04  1.55789e-04  2.46310e-08
6.926032897e+00  1.5302676e-04  1.52996e-04  3.03234e-08
6.960663062e+00  1.5027262e-04  1.50252e-04  2.04218e-08
6.995466377e+00  1.4757698e-04  1.47556e-04  2.12858e-08
7.030443709e+00  1.4492660e-04  1.44906e-04  2.04711e-08
7.065595927e+00  1.4232376e-04  1.42303e-04  2.10463e-08
7.100923907e+00  1.3976762e-04  1.39745e-04  2.29306e-08
7.136428526e+00  1.3725223e-04  1.37231e-04  2.09429e-08
7.172110669e+00  1.3477864e-04  1.34762e-04  1.68686e-08
7.207971222e+00  1.3235134e-04  1.32335e-04  1.59383e-08
7.244011079e+00  1.2996564e-04  1.29951e-04  1.41743e-08
7.280231134e+00  1.2762177e-04  1.27609e-04  1.25346e-08
7.316632290e+00  1.2531954e-04  1.25308e-04  1.15176e-08
7.353215451e+00  1.2305721e-04  1.23047e-04  1.00737e-08
7.389981528e+00  1.2083546e-04  1.20826e-04  9.56962e-09
7.426931436e+00  1.1865367e-04  1.18644e-04  1.00369e-08
7.464066093e+00  1.1650996e-04  1.16500e-04  1.02669e-08
7.501386424e+00  1.1440457e-04  1.14393e-04  1.11346e-08
7.538893356e+00  1.1233765e-04  1.12324e-04  1.34391e-08
7.576587822e+00  1.1030710e-04  1.10291e-04  1.56928e-08
7.614470762e+00  1.0831360e-04  1.08294e-04  1.92082e-08
7.652543115e+00  1.0634528e-04  1.06333e-04  1.27040e-08
7.690805831e+00  1.0441319e-04  1.04405e-04  7.83419e-09
7.729259860e+00  1.0252040e-04  1.02512e-04  8.26467e-09
7.767906159e+00  1.0066242e-04  1.00652e-04  1.00734e-08
7.806745690e+00  9.8836374e-05  9.88254e-05  1.09461e-08
7.845779419e+00  9.7043374e-05  9.70308e-05  1.25670e-08
7.885008316e+00  9.5278572e-05  9.52679e-05  1.06339e-08
7.924433357e+00  9.3547149e-05  9.35363e-05  1.08692e-08
7.964055524e+00  9.1848338e-05  9.18353e-05  1.30394e-08
8.003875802e+00  9.0178209e-05  9.01645e-05  1.37367e-08
8.043895181e+00  8.8536134e-05  8.85233e-05  1.28492e-08
8.084114657e+00  8.6924168e-05  8.69112e-05  1.29402e-08
8.124535230e+00  8.5343956e-05  8.53278e-05  1.61534e-08
8.165157906e+00  8.3787633e-05  8.37725e-05  1.51146e-08
8.205983696e+00  8.2260195e-05  8.22449e-05  1.53026e-08
8.247013614e+00  8.0761940e-05  8.07444e-05  1.74902e-08
8.288248682e+00  7.9293127e-05  7.92707e-05  2.24046e-08
8.329689926e+00  7.7842794e-05  7.78233e-05  1.95420e-08
8.371338375e+00  7.6423847e-05  7.64016e-05  2.22620e-08
8.413195067e+00  7.5029293e-05  7.50053e-05  2.40162e-08
8.455261042e+00  7.3658229e-05  7.36339e-05  2.43378e-08
8.497537348e+00  7.2316103e-05  7.22870e-05  2.91063e-08
8.540025034e+00  7.0990646e-05  7.09642e-05  2.64757e-08
8.582725160e+00  6.9695927e-05  6.96650e-05  3.09307e-08
8.625638785e+00  6.8418420e-05  6.83891e-05  2.93555e-08
8.668766979e+00  6.7169210e-05  6.71360e-05  3.32361e-08
8.712110814e+00  6.5941669e-05  6.59053e-05  3.63426e-08
8.755671368e+00  6.4736380e-05  6.46967e-05  3.96471e-08
8.799449725e+00  6.3544947e-05  6.35098e-05  3.51348e-08
8.843446974e+00  6.2385851e-05  6.23442e-05  4.16644e-08
8.887664209e+00  6.1242889e-05  6.11995e-05  4.34042e-08
8.932102530e+00  6.0117469e-05  6.00753e-05  4.21253e-08
8.976763042e+00  5.9018817e-05  5.89714e-05  4.74111e-08
9.021646857e+00  5.7933015e-05  5.78873e-05  4.56981e-08
9.066755092e+00  5.6870331e-05  5.68227e-05  4.75983e-08
9.112088867e+00  5.5827334e-05  5.57773e-05  5.00226e-08
9.157649312e+00  5.4797414e-05  5.47507e-05  4.66955e-08
9.203437558e+00  5.3794351e-05  5.37426e-05  5.17253e-08
9.249454746e+00  5.2802458e-05  5.27527e-05  4.97505e-08
9.295702020e+00  5.1829739e-05  5.17806e-05  4.90924e-08
9.342180530e+00  5.0877574e-05  5.08261e-05  5.14441e-08
9.388891432e+00  4.9937096e-05  4.98889e-05  4.82458e-08
9.435835890e+00  4.9015730e-05  4.89685e-05  4.72251e-08
9.483015069e+00  4.8114361e-05  4.80648e-05  4.95653e-08
9.530430144e+00  4.7228717e-05  4.71774e-05  5.12859e-08
9.578082295e+00  4.6355025e-05  4.63061e-05  4.89020e-08
9.625972707e+00  4.5497134e-05  4.54506e-05  4.65447e-08
9.674102570e+00  4.4659297e-05  4.46106e-05  4.87452e-08
9.722473083e+00  4.3833175e-05  4.37857e-05  4.74367e-08
9.771085448e+00  4.3025074e-05  4.29759e-05  4.91948e-08
9.819940876e+00  4.2224890e-05  4.21807e-05  4.41799e-08
9.869040580e+00  4.1444658e-05  4.14000e-05  4.46851e-08
9.918385783e+00  4.0676928e-05  4.06334e-05  4.35156e-08
9.967977712e+00  3.9928612e-05  3.98808e-05  4.78345e-08
1.001781760e+01  3.9186527e-05  3.91418e-05  4.47053e-08
1.006790669e+01  3.8462076e-05  3.84163e-05  4.57732e-08
1.011824622e+01  3.7749177e-05  3.77040e-05  4.51944e-08
1.016883745e+01  3.7050454e-05  3.70046e-05  4.58259e-08
1.021968164e+01  3.6362439e-05  3.63180e-05  4.44310e-08
1.027078005e+01  3.5683982e-05  3.56439e-05  4.00864e-08
1.032213395e+01  3.5022382e-05  3.49821e-05  4.03118e-08
1.037374462e+01  3.4372769e-05  3.43323e-05  4.04557e-08
1.042561334e+01  3.3730424e-05  3.36944e-05  3.60148e-08
1.047774141e+01  3.3107006e-05  3.30681e-05  3.88572e-08
1.053013012e+01  3.2495597e-05  3.24533e-05  4.22746e-08
1.058278077e+01  3.1887367e-05  3.18497e-05  3.76405e-08
1.063569467e+01  3.1296090e-05  3.12572e-05  3.89275e-08
1.068887314e+01  3.0716212e-05  3.06754e-05  4.07791e-08
1.074231751e+01  3.0142322e-05  3.01043e-05  3.79785e-08
1.079602910e+01  2.9582633e-05  2.95437e-05  3.89279e-08
1.085000924e+01  2.9026651e-05  2.89933e-05  3.33207e-08
1.090425929e+01  2.8490699e-05  2.84530e-05  3.76636e-08
1.095878058e+01  2.7955759e-05  2.79226e-05  3.31181e-08
1.101357449e+01  2.7430301e-05  2.74020e-05  2.83325e-08
1.106864236e+01  2.6925451e-05  2.68908e-05  3.46063e-08
1.112398557e+01  2.6424698e-05  2.63891e-05  3.55998e-08
1.117960550e+01  2.5931820e-05  2.58966e-05  3.52588e-08
1.123550353e+01  2.5444999e-05  2.54131e-05  3.19325e-08
1.129168104e+01  2.4971448e-05  2.49385e-05  3.29942e-08
1.134813945e+01  2.4505018e-05  2.44726e-05  3.24548e-08
1.140488015e+01  2.4047479e-05  2.40152e-05  3.22417e-08
1.146190455e+01  2.3597915e-05  2.35663e-05  3.15924e-08
1.151921407e+01  2.3158028e-05  2.31257e-05  3.23611e-08
1.157681014e+01  2.2722909e-05  2.26931e-05  2.97873e-08
1.163469419e+01  2.2294544e-05  2.22685e-05  2.60022e-08
1.169286766e+01  2.1878443e-05  2.18518e-05  2.66610e-08
1.175133200e+01  2.1465528e-05  2.14427e-05  2.28256e-08
1.181008866e+01  2.1069532e-05  2.10412e-05  2.83676e-08
1.186913910e+01  2.0674594e-05  2.06470e-05  2.75625e-08
1.192848480e+01  2.0288001e-05  2.02602e-05  2.78302e-08
1.198812722e+01  1.9907777e-05  1.98804e-05  2.73279e-08
1.204806786e+01  1.9535111e-05  1.95077e-05  2.73720e-08
1.210830820e+01  1.9166751e-05  1.91419e-05  2.48390e-08
1.216884974e+01  1.8810169e-05  1.87828e-05  2.73238e-08
1.222969399e+01  1.8456321e-05  1.84304e-05  2.59060e-08
1.229084246e+01  1.8106651e-05  1.80845e-05  2.21493e-08
1.235229667e+01  1.7769616e-05  1.77450e-05  2.46295e-08
1.241405815e+01  1.7431592e-05  1.74118e-05  1.98377e-08
1.247612845e+01  1.7106398e-05  1.70847e-05  2.17073e-08
1.253850909e+01  1.6781704e-05  1.67637e-05  1.80210e-08
1.260120163e+01  1.6468592e-05  1.64486e-05  1.99701e-08
1.266420764e+01  1.6162907e-05  1.61394e-05  2.35072e-08
1.272752868e+01  1.5856030e-05  1.58359e-05  2.01203e-08
1.279116632e+01  1.5561051e-05  1.55380e-05  2.30036e-08
1.285512215e+01  1.5264714e-05  1.52457e-05  1.90043e-08
1.291939776e+01  1.4980489e-05  1.49588e-05  2.16906e-08
1.298399475e+01  1.4696689e-05  1.46772e-05  1.94769e-08
1.304891473e+01  1.4419986e-05  1.44009e-05  1.91301e-08
1.311415930e+01  1.4148806e-05  1.41296e-05  1.91741e-08
1.317973010e+01  1.3884012e-05  1.38634e-05  2.05631e-08
1.324562875e+01  1.3617285e-05  1.36022e-05  1.50712e-08
1.331185689e+01  1.3361982e-05  1.33458e-05  1.61456e-08
1.337841618e+01  1.3113342e-05  1.30942e-05  1.91142e-08
1.344530826e+01  1.2859904e-05  1.28473e-05  1.26037e-08
1.351253480e+01  1.2620637e-05  1.26050e-05  1.56667e-08
1.358009747e+01  1.2384812e-05  1.23672e-05  1.76608e-08
1.364799796e+01  1.2150575e-05  1.21338e-05  1.68122e-08
1.371623795e+01  1.1919434e-05  1.19047e-05  1.47120e-08
1.378481914e+01  1.1697447e-05  1.16799e-05  1.74974e-08
1.385374323e+01  1.1474702e-05  1.14594e-05  1.53332e-08
1.392301195e+01  1.1259015e-05  1.12429e-05  1.61146e-08
1.399262701e+01  1.1044406e-05  1.10305e-05  1.39343e-08
1.406259015e+01  1.0837862e-05  1.08220e-05  1.58553e-08
1.413290310e+01  1.0630423e-05  1.06174e-05  1.29899e-08
1.420356761e+01  1.0427158e-05  1.04167e-05  1.04788e-08
1.427458545e+01  1.0234682e-05  1.02197e-05  1.50071e-08
1.434595838e+01  1.0036260e-05  1.00264e-05  9.90737e-09
1.441768817e+01  9.8468621e-06  9.83664e-06  1.02196e-08
1.448977661e+01  9.6597889e-06  9.65048e-06  9.30945e-09
1.456222549e+01  9.4799294e-06  9.46780e-06  1.21314e-08
1.463503662e+01  9.3016239e-06  9.28853e-06  1.30900e-08
1.470821180e+01  9.1257238e-06  9.11262e-06  1.30995e-08
1.478175286e+01  8.9522391e-06  8.94001e-06  1.22317e-08
1.485566163e+01  8.7814029e-06  8.77062e-06  1.07805e-08
1.492993994e+01  8.6135934e-06  8.60441e-06  9.18348e-09
1.500458964e+01  8.4526082e-06  8.44131e-06  1.12968e-08
1.507961258e+01  8.2923692e-06  8.28127e-06  1.11001e-08
1.515501065e+01  8.1332004e-06  8.12423e-06  8.97333e-09
1.523078570e+01  7.9822412e-06  7.97013e-06  1.21117e-08
1.530693963e+01  7.8295910e-06  7.81892e-06  1.06687e-08
1.538347433e+01  7.6811217e-06  7.67055e-06  1.05698e-08
1.546039170e+01  7.5353252e-06  7.52497e-06  1.03593e-08
1.553769366e+01  7.3905422e-06  7.38211e-06  8.42944e-09
1.561538212e+01  7.2494943e-06  7.24194e-06  7.55236e-09
1.569345903e+01  7.1125451e-06  7.10440e-06  8.14125e-09
1.577192633e+01  6.9763627e-06  6.96945e-06  6.91300e-09
1.585078596e+01  6.8465651e-06  6.83703e-06  9.53335e-09
1.593003989e+01  6.7166852e-06  6.70710e-06  9.58240e-09
1.600969009e+01  6.5871185e-06  6.57962e-06  7.50161e-09
1.608973854e+01  6.4623195e-06  6.45453e-06  7.79085e-09
1.617018723e+01  6.3399653e-06  6.33179e-06  8.17170e-09
1.625103817e+01  6.2182975e-06  6.21137e-06  6.92935e-09
1.633229336e+01  6.1014226e-06  6.09321e-06  8.21317e-09
1.641395483e+01  5.9850891e-06  5.97728e-06  7.81383e-09
1.649602460e+01  5.8708405e-06  5.86352e-06  7.31600e-09
1.657850473e+01  5.7588782e-06  5.75192e-06  6.96181e-09
1.666139725e+01  5.6479024e-06  5.64241e-06  5.49122e-09
1.674470424e+01  5.5422991e-06  5.53497e-06  7.32924e-09
1.682842776e+01  5.4361258e-06  5.42955e-06  6.57194e-09
1.691256990e+01  5.3313843e-06  5.32613e-06  5.25862e-09
1.699713274e+01  5.2316850e-06  5.22465e-06  7.03670e-09
results_trn.txt
# ------------------------------------------------------------------------
# NASA-GSFC Planetary Spectrum Generator (PSG, Villanueva et al. 2018, 2022)
# Atmospheric transmittance spectrum synthesized with PUMAS
# Synthesized on Tue Apr 29 01:11:03 2025
# Radiative transfer took 0.773 seconds
# Spectral unit: Wavelength [um]
# ------------------------------------------------------------------------
# Wave/freq Total H2 He H2O CH4 CO CO2 O2  Rayleigh CIA
5.000000000e-01 6.38575e-01 9.99999e-01 9.99999e-01 9.98145e-01 9.99906e-01 9.99999e-01 9.99999e-01 9.99999e-01 6.39821e-01 9.99999e-01
5.025000000e-01 6.39155e-01 9.99999e-01 9.99999e-01 9.90360e-01 9.99813e-01 9.99999e-01 9.99999e-01 9.99999e-01 6.45496e-01 9.99999e-01
5.050125000e-01 6.43671e-01 9.99999e-01 9.99999e-01 9.88931e-01 9.99651e-01 9.99999e-01 9.99999e-01 9.99999e-01 6.51102e-01 9.99999e-01
5.075375625e-01 6.49257e-01 9.99999e-01 9.99999e-01 9.89388e-01 9.99354e-01 9.99999e-01 9.99999e-01 9.99999e-01 6.56644e-01 9.99999e-01
5.100752503e-01 6.55868e-01 9.99999e-01 9.99999e-01 9.91477e-01 9.99069e-01 9.99999e-01 9.99999e-01 9.99999e-01 6.62122e-01 9.99999e-01
5.126256266e-01 6.62887e-01 9.99999e-01 9.99999e-01 9.93437e-01 9.99594e-01 9.99999e-01 9.99999e-01 9.99999e-01 6.67536e-01 9.99999e-01
5.151887547e-01 6.70639e-01 9.99999e-01 9.99999e-01 9.96933e-01 9.99725e-01 9.99999e-01 9.99999e-01 9.99999e-01 6.72887e-01 9.99998e-01
5.177646985e-01 6.76970e-01 9.99994e-01 9.99999e-01 9.98542e-01 9.99687e-01 9.99999e-01 9.99999e-01 9.99999e-01 6.78173e-01 9.99998e-01
5.203535220e-01 6.82795e-01 9.99995e-01 9.99999e-01 9.99447e-01 9.99677e-01 9.99999e-01 9.99999e-01 9.99999e-01 6.83395e-01 9.99998e-01
5.229552896e-01 6.87558e-01 9.99977e-01 9.99999e-01 9.98967e-01 9.99608e-01 9.99999e-01 9.99999e-01 9.99999e-01 6.88553e-01 9.99998e-01
5.255700660e-01 6.92937e-01 9.99985e-01 9.99999e-01 9.99226e-01 9.99762e-01 9.99999e-01 9.99999e-01 9.99999e-01 6.93647e-01 9.99998e-01
5.281979164e-01 6.97979e-01 9.99990e-01 9.99999e-01 9.99181e-01 9.99828e-01 9.99999e-01 9.99999e-01 9.99999e-01 6.98677e-01 9.99998e-01
5.308389059e-01 7.02755e-01 9.99997e-01 9.99999e-01 9.99055e-01 9.99683e-01 9.99999e-01 9.99999e-01 9.99999e-01 7.03643e-01 9.99998e-01
5.334931005e-01 7.07526e-01 9.99996e-01 9.99999e-01 9.99243e-01 9.99320e-01 9.99999e-01 9.99999e-01 9.99999e-01 7.08545e-01 9.99998e-01
5.361605660e-01 7.11548e-01 9.99999e-01 9.99999e-01 9.98875e-01 9.98550e-01 9.99999e-01 9.99999e-01 9.99999e-01 7.13384e-01 9.99997e-01
5.388413688e-01 7.13688e-01 9.99999e-01 9.99999e-01 9.97337e-01 9.96428e-01 9.99999e-01 9.99999e-01 9.99999e-01 7.18159e-01 9.99997e-01
5.415355756e-01 7.12292e-01 9.99996e-01 9.99999e-01 9.93008e-01 9.92307e-01 9.99999e-01 9.99999e-01 9.99999e-01 7.22870e-01 9.99997e-01
5.442432535e-01 7.17845e-01 9.99998e-01 9.99999e-01 9.94324e-01 9.92335e-01 9.99999e-01 9.99999e-01 9.99999e-01 7.27519e-01 9.99997e-01
5.469644698e-01 7.26480e-01 9.99998e-01 9.99999e-01 9.93565e-01 9.98743e-01 9.99999e-01 9.99999e-01 9.99999e-01 7.32105e-01 9.99998e-01
5.496992921e-01 7.32974e-01 9.99999e-01 9.99999e-01 9.95132e-01 9.99906e-01 9.99999e-01 9.99999e-01 9.99999e-01 7.36628e-01 9.99998e-01
5.524477886e-01 7.38841e-01 9.99998e-01 9.99999e-01 9.97014e-01 9.99952e-01 9.99999e-01 9.99999e-01 9.99999e-01 7.41089e-01 9.99998e-01
5.552100275e-01 7.43852e-01 9.99999e-01 9.99999e-01 9.97986e-01 9.99817e-01 9.99999e-01 9.99999e-01 9.99999e-01 7.45488e-01 9.99999e-01
5.579860777e-01 7.48951e-01 9.99999e-01 9.99999e-01 9.99067e-01 9.99765e-01 9.99999e-01 9.99999e-01 9.99999e-01 7.49826e-01 9.99999e-01
5.607760081e-01 7.53397e-01 9.99999e-01 9.99999e-01 9.99245e-01 9.99818e-01 9.99999e-01 9.99999e-01 9.99999e-01 7.54102e-01 9.99999e-01
5.635798881e-01 7.57592e-01 9.99999e-01 9.99999e-01 9.99279e-01 9.99762e-01 9.99999e-01 9.99999e-01 9.99999e-01 7.58318e-01 9.99999e-01
5.663977875e-01 7.60001e-01 9.99999e-01 9.99999e-01 9.97240e-01 9.99514e-01 9.99999e-01 9.99999e-01 9.99999e-01 7.62473e-01 9.99999e-01
5.692297765e-01 7.54325e-01 9.99999e-01 9.99999e-01 9.84962e-01 9.99050e-01 9.99999e-01 9.99999e-01 9.99999e-01 7.66568e-01 9.99999e-01
5.720759254e-01 7.63536e-01 9.99999e-01 9.99999e-01 9.92375e-01 9.98439e-01 9.99999e-01 9.99999e-01 9.99999e-01 7.70604e-01 9.99999e-01
5.749363050e-01 7.65652e-01 9.99999e-01 9.99999e-01 9.91267e-01 9.97180e-01 9.99999e-01 9.99999e-01 9.99999e-01 7.74581e-01 9.99999e-01
5.778109865e-01 7.69136e-01 9.99999e-01 9.99999e-01 9.90356e-01 9.97592e-01 9.99999e-01 9.99999e-01 9.99999e-01 7.78499e-01 9.99999e-01
5.807000414e-01 7.74535e-01 9.99999e-01 9.99999e-01 9.90835e-01 9.99156e-01 9.99999e-01 9.99999e-01 9.99999e-01 7.82358e-01 9.99998e-01
5.836035417e-01 7.79537e-01 9.99999e-01 9.99999e-01 9.91784e-01 9.99788e-01 9.99999e-01 9.99999e-01 9.99999e-01 7.86161e-01 9.99998e-01
5.865215594e-01 7.66526e-01 9.99999e-01 9.99999e-01 9.70463e-01 9.99936e-01 9.99999e-01 9.99999e-01 9.99999e-01 7.89905e-01 9.99998e-01
5.894541672e-01 7.27665e-01 9.99999e-01 9.99999e-01 9.17021e-01 9.99893e-01 9.99999e-01 9.99999e-01 9.99999e-01 7.93594e-01 9.99998e-01
5.924014380e-01 7.56394e-01 9.99999e-01 9.99999e-01 9.49364e-01 9.99387e-01 9.99999e-01 9.99999e-01 9.99999e-01 7.97226e-01 9.99998e-01
5.953634452e-01 7.54988e-01 9.99999e-01 9.99999e-01 9.44361e-01 9.98335e-01 9.99999e-01 9.99999e-01 9.99999e-01 8.00803e-01 9.99997e-01
5.983402624e-01 7.61113e-01 9.99999e-01 9.99999e-01 9.48000e-01 9.98183e-01 9.99999e-01 9.99999e-01 9.99999e-01 8.04324e-01 9.99997e-01
6.013319637e-01 7.76121e-01 9.99997e-01 9.99999e-01 9.61871e-01 9.98882e-01 9.99999e-01 9.99999e-01 9.99999e-01 8.07791e-01 9.99997e-01
6.043386235e-01 7.92845e-01 9.99981e-01 9.99999e-01 9.77939e-01 9.99429e-01 9.99999e-01 9.99999e-01 9.99999e-01 8.11204e-01 9.99997e-01
6.073603167e-01 8.04157e-01 9.99997e-01 9.99999e-01 9.88543e-01 9.98669e-01 9.99999e-01 9.99999e-01 9.99999e-01 8.14564e-01 9.99996e-01
6.103971182e-01 8.11149e-01 9.99999e-01 9.99999e-01 9.94595e-01 9.97174e-01 9.99999e-01 9.99999e-01 9.99999e-01 8.17870e-01 9.99996e-01
6.134491038e-01 8.10788e-01 9.99998e-01 9.99999e-01 9.97566e-01 9.89824e-01 9.99999e-01 9.99999e-01 9.99999e-01 8.21125e-01 9.99995e-01
6.165163494e-01 8.02364e-01 9.99997e-01 9.99999e-01 9.99234e-01 9.74106e-01 9.99999e-01 9.99999e-01 9.99999e-01 8.24327e-01 9.99994e-01
6.195989311e-01 7.93640e-01 9.99998e-01 9.99999e-01 9.99468e-01 9.59621e-01 9.99999e-01 9.99999e-01 9.99999e-01 8.27479e-01 9.99993e-01
6.226969258e-01 8.12764e-01 9.99953e-01 9.99999e-01 9.98788e-01 9.79785e-01 9.99999e-01 9.99999e-01 9.99999e-01 8.30580e-01 9.99993e-01
6.258104104e-01 8.22377e-01 9.99918e-01 9.99999e-01 9.91288e-01 9.95237e-01 9.99999e-01 9.99999e-01 9.99999e-01 8.33631e-01 9.99992e-01
6.289394624e-01 8.29364e-01 9.99966e-01 9.99999e-01 9.92385e-01 9.98945e-01 9.99999e-01 9.99999e-01 9.99999e-01 8.36633e-01 9.99993e-01
6.320841597e-01 8.31838e-01 9.99970e-01 9.99999e-01 9.91050e-01 9.99746e-01 9.99999e-01 9.99999e-01 9.99999e-01 8.39586e-01 9.99993e-01
6.352445805e-01 8.36006e-01 9.99997e-01 9.99999e-01 9.92561e-01 9.99746e-01 9.99999e-01 9.99999e-01 9.99999e-01 8.42490e-01 9.99993e-01
6.384208035e-01 8.35150e-01 9.99925e-01 9.99999e-01 9.88562e-01 9.99430e-01 9.99999e-01 9.99999e-01 9.99999e-01 8.45347e-01 9.99994e-01
6.416129075e-01 8.36829e-01 9.99999e-01 9.99999e-01 9.88038e-01 9.98593e-01 9.99999e-01 9.99999e-01 9.99999e-01 8.48157e-01 9.99993e-01
6.448209720e-01 8.19261e-01 9.99987e-01 9.99999e-01 9.64206e-01 9.98545e-01 9.99999e-01 9.99999e-01 9.99999e-01 8.50921e-01 9.99992e-01
6.480450769e-01 8.03843e-01 9.99999e-01 9.99999e-01 9.43206e-01 9.98375e-01 9.99999e-01 9.99999e-01 9.99999e-01 8.53638e-01 9.99991e-01
6.512853022e-01 8.17238e-01 9.99999e-01 9.99999e-01 9.56714e-01 9.97559e-01 9.99999e-01 9.99999e-01 9.99999e-01 8.56311e-01 9.99989e-01
6.545417288e-01 8.23637e-01 9.99999e-01 9.99999e-01 9.62558e-01 9.96209e-01 9.99999e-01 9.99999e-01 9.99999e-01 8.58939e-01 9.99988e-01
6.578144374e-01 8.20464e-01 9.99979e-01 9.99999e-01 9.57411e-01 9.94718e-01 9.99999e-01 9.99999e-01 9.99999e-01 8.61522e-01 9.99988e-01
6.611035096e-01 8.35069e-01 9.99978e-01 9.99999e-01 9.72594e-01 9.93692e-01 9.99999e-01 9.99999e-01 9.99999e-01 8.64063e-01 9.99990e-01
6.644090271e-01 8.38291e-01 9.99997e-01 9.99999e-01 9.79054e-01 9.88080e-01 9.99999e-01 9.99999e-01 9.99999e-01 8.66560e-01 9.99992e-01
6.677310723e-01 8.50366e-01 9.99998e-01 9.99999e-01 9.88857e-01 9.89571e-01 9.99999e-01 9.99999e-01 9.99999e-01 8.69015e-01 9.99994e-01
6.710697276e-01 8.61071e-01 9.99991e-01 9.99999e-01 9.94064e-01 9.94025e-01 9.99999e-01 9.99999e-01 9.99999e-01 8.71428e-01 9.99995e-01
6.744250763e-01 8.69985e-01 9.99999e-01 9.99999e-01 9.97180e-01 9.98450e-01 9.99999e-01 9.99999e-01 9.99999e-01 8.73800e-01 9.99996e-01
6.777972017e-01 8.73707e-01 9.99998e-01 9.99999e-01 9.97614e-01 9.99619e-01 9.99999e-01 9.99999e-01 9.99999e-01 8.76132e-01 9.99997e-01
6.811861877e-01 8.72714e-01 9.99999e-01 9.99999e-01 9.95516e-01 9.97975e-01 9.99999e-01 9.99999e-01 9.99999e-01 8.78423e-01 9.99997e-01
6.845921186e-01 8.73894e-01 9.99998e-01 9.99999e-01 9.95416e-01 9.96870e-01 9.99999e-01 9.99999e-01 9.99999e-01 8.80675e-01 9.99997e-01
6.880150792e-01 8.74377e-01 9.99999e-01 9.99999e-01 9.92261e-01 9.98083e-01 9.99999e-01 9.99999e-01 9.99999e-01 8.82888e-01 9.99997e-01
6.914551546e-01 8.07918e-01 9.99999e-01 9.99999e-01 9.13878e-01 9.98861e-01 9.99999e-01 9.99999e-01 9.99999e-01 8.85063e-01 9.99997e-01
6.949124304e-01 8.05968e-01 9.99999e-01 9.99999e-01 9.10839e-01 9.97366e-01 9.99999e-01 9.99999e-01 9.99999e-01 8.87200e-01 9.99997e-01
6.983869925e-01 8.33175e-01 9.99999e-01 9.99999e-01 9.46258e-01 9.90099e-01 9.99999e-01 9.99999e-01 9.99999e-01 8.89300e-01 9.99997e-01
7.018789275e-01 7.97530e-01 9.99999e-01 9.99999e-01 9.13491e-01 9.79463e-01 9.99999e-01 9.99999e-01 9.99999e-01 8.91363e-01 9.99997e-01
7.053883221e-01 8.06951e-01 9.99999e-01 9.99999e-01 9.18280e-01 9.83628e-01 9.99999e-01 9.99999e-01 9.99999e-01 8.93390e-01 9.99996e-01
7.089152637e-01 8.10889e-01 9.99999e-01 9.99999e-01 9.13407e-01 9.91492e-01 9.99999e-01 9.99999e-01 9.99999e-01 8.95382e-01 9.99996e-01
7.124598400e-01 7.97876e-01 9.99999e-01 9.99999e-01 8.93895e-01 9.94702e-01 9.99999e-01 9.99999e-01 9.99999e-01 8.97338e-01 9.99995e-01
7.160221392e-01 6.04497e-01 9.99999e-01 9.99999e-01 6.83548e-01 9.83425e-01 9.99999e-01 9.99999e-01 9.99999e-01 8.99260e-01 9.99994e-01
7.196022499e-01 6.09100e-01 9.99999e-01 9.99999e-01 7.23041e-01 9.34826e-01 9.99999e-01 9.99999e-01 9.99999e-01 9.01148e-01 9.99992e-01
7.232002612e-01 6.17347e-01 9.99999e-01 9.99999e-01 7.66920e-01 8.91440e-01 9.99999e-01 9.99999e-01 9.99999e-01 9.03003e-01 9.99992e-01
7.268162625e-01 5.42717e-01 9.99999e-01 9.99999e-01 7.70507e-01 7.78458e-01 9.99999e-01 9.99999e-01 9.99999e-01 9.04825e-01 9.99991e-01
7.304503438e-01 5.78037e-01 9.99951e-01 9.99999e-01 7.39482e-01 8.62201e-01 9.99999e-01 9.99999e-01 9.99999e-01 9.06614e-01 9.99991e-01
7.341025955e-01 6.98382e-01 9.99953e-01 9.99999e-01 8.22260e-01 9.35025e-01 9.99999e-01 9.99999e-01 9.99999e-01 9.08371e-01 9.99991e-01
7.377731085e-01 7.21193e-01 9.99991e-01 9.99999e-01 8.13340e-01 9.74304e-01 9.99999e-01 9.99999e-01 9.99999e-01 9.10097e-01 9.99990e-01
7.414619740e-01 7.83648e-01 9.99999e-01 9.99999e-01 8.63702e-01 9.95096e-01 9.99999e-01 9.99999e-01 9.99999e-01 9.11792e-01 9.99989e-01
7.451692839e-01 8.25146e-01 9.99997e-01 9.99999e-01 9.04152e-01 9.99093e-01 9.99999e-01 9.99999e-01 9.99999e-01 9.13457e-01 9.99987e-01
7.488951303e-01 8.62790e-01 9.99995e-01 9.99999e-01 9.43619e-01 9.99193e-01 9.99999e-01 9.99999e-01 9.99999e-01 9.15092e-01 9.99985e-01
7.526396060e-01 8.86899e-01 9.99992e-01 9.99999e-01 9.68094e-01 9.99398e-01 9.99999e-01 9.99999e-01 9.99999e-01 9.16697e-01 9.99983e-01
7.564028040e-01 9.02973e-01 9.99999e-01 9.99999e-01 9.84633e-01 9.98702e-01 9.99999e-01 9.99999e-01 9.99999e-01 9.18273e-01 9.99979e-01
7.601848180e-01 9.09444e-01 9.99993e-01 9.99999e-01 9.93825e-01 9.94889e-01 9.99999e-01 9.99999e-01 9.99999e-01 9.19821e-01 9.99975e-01
7.639857421e-01 9.10422e-01 9.99999e-01 9.99999e-01 9.97181e-01 9.90969e-01 9.99999e-01 9.99999e-01 9.99999e-01 9.21341e-01 9.99971e-01
7.678056708e-01 9.11924e-01 9.99996e-01 9.99999e-01 9.97846e-01 9.90347e-01 9.99999e-01 9.99999e-01 9.99999e-01 9.22833e-01 9.99965e-01
7.716446992e-01 9.12376e-01 9.99999e-01 9.99999e-01 9.98420e-01 9.88702e-01 9.99999e-01 9.99999e-01 9.99999e-01 9.24298e-01 9.99958e-01
7.755029227e-01 9.07619e-01 9.99996e-01 9.99999e-01 9.98111e-01 9.82333e-01 9.99999e-01 9.99999e-01 9.99999e-01 9.25736e-01 9.99951e-01
7.793804373e-01 8.87612e-01 9.99908e-01 9.99999e-01 9.89807e-01 9.67337e-01 9.99999e-01 9.99999e-01 9.99999e-01 9.27148e-01 9.99942e-01
7.832773395e-01 8.58423e-01 9.99755e-01 9.99999e-01 9.73255e-01 9.50053e-01 9.99999e-01 9.99999e-01 9.99999e-01 9.28534e-01 9.99934e-01
7.871937262e-01 8.36961e-01 9.99914e-01 9.99999e-01 9.37632e-01 9.60002e-01 9.99999e-01 9.99999e-01 9.99999e-01 9.29895e-01 9.99926e-01
7.911296948e-01 8.50626e-01 9.99916e-01 9.99999e-01 9.52916e-01 9.58656e-01 9.99999e-01 9.99999e-01 9.99999e-01 9.31231e-01 9.99918e-01
7.950853433e-01 8.37612e-01 9.98708e-01 9.99999e-01 9.54399e-01 9.41488e-01 9.99999e-01 9.99999e-01 9.99999e-01 9.32543e-01 9.99912e-01
7.990607700e-01 8.02862e-01 9.99997e-01 9.99999e-01 9.12799e-01 9.41969e-01 9.99999e-01 9.99999e-01 9.99999e-01 9.33830e-01 9.99909e-01
8.030560739e-01 8.20116e-01 9.99852e-01 9.99999e-01 9.16011e-01 9.57556e-01 9.99999e-01 9.99999e-01 9.99999e-01 9.35094e-01 9.99908e-01
8.070713542e-01 7.97171e-01 9.99784e-01 9.99999e-01 8.74609e-01 9.73526e-01 9.99999e-01 9.99999e-01 9.99999e-01 9.36334e-01 9.99907e-01
8.111067110e-01 6.65802e-01 9.99999e-01 9.99999e-01 7.23016e-01 9.82295e-01 9.99999e-01 9.99999e-01 9.99999e-01 9.37551e-01 9.99906e-01
8.151622446e-01 6.41844e-01 9.98623e-01 9.99999e-01 6.89655e-01 9.91493e-01 9.99999e-01 9.99999e-01 9.99999e-01 9.38746e-01 9.99907e-01
8.192380558e-01 7.29878e-01 9.99999e-01 9.99999e-01 7.79554e-01 9.96209e-01 9.99999e-01 9.99999e-01 9.99999e-01 9.39919e-01 9.99912e-01
8.233342461e-01 6.66057e-01 9.99999e-01 9.99999e-01 7.09284e-01 9.97939e-01 9.99999e-01 9.99999e-01 9.99999e-01 9.41070e-01 9.99917e-01
8.274509173e-01 7.50834e-01 9.99684e-01 9.99999e-01 7.98093e-01 9.98575e-01 9.99999e-01 9.99999e-01 9.99999e-01 9.42200e-01 9.99922e-01
8.315881719e-01 7.25536e-01 9.99998e-01 9.99999e-01 7.69196e-01 9.99999e-01 9.99999e-01 9.99999e-01 9.99999e-01 9.43309e-01 9.99924e-01
8.357461127e-01 7.31323e-01 9.99999e-01 9.99999e-01 7.74439e-01 9.99999e-01 9.99999e-01 9.99999e-01 9.99999e-01 9.44397e-01 9.99923e-01
8.399248433e-01 7.64648e-01 9.99998e-01 9.99999e-01 8.08818e-01 9.99999e-01 9.99999e-01 9.99999e-01 9.99999e-01 9.45464e-01 9.99919e-01
8.441244675e-01 8.19503e-01 9.99998e-01 9.99999e-01 8.65889e-01 9.99999e-01 9.99999e-01 9.99999e-01 9.99999e-01 9.46512e-01 9.99911e-01
8.483450899e-01 8.46751e-01 9.99696e-01 9.99999e-01 8.93721e-01 9.99999e-01 9.99999e-01 9.99999e-01 9.99999e-01 9.47540e-01 9.99904e-01
8.525868153e-01 8.90657e-01 9.99825e-01 9.99999e-01 9.39085e-01 9.99999e-01 9.99999e-01 9.99999e-01 9.99999e-01 9.48550e-01 9.99905e-01
8.568497494e-01 9.09242e-01 9.99723e-01 9.99999e-01 9.57729e-01 9.99999e-01 9.99999e-01 9.99999e-01 9.99999e-01 9.49540e-01 9.99914e-01
8.611339981e-01 9.23943e-01 9.99942e-01 9.99999e-01 9.72145e-01 9.99999e-01 9.99999e-01 9.99999e-01 9.99999e-01 9.50511e-01 9.99926e-01
8.654396681e-01 9.35715e-01 9.99958e-01 9.99999e-01 9.83534e-01 9.99999e-01 9.99999e-01 9.99999e-01 9.99999e-01 9.51465e-01 9.99936e-01
8.697668665e-01 9.14541e-01 9.99998e-01 9.99999e-01 9.83436e-01 9.75333e-01 9.99999e-01 9.99999e-01 9.99999e-01 9.52400e-01 9.99943e-01
8.741157008e-01 9.16742e-01 9.99962e-01 9.99999e-01 9.80956e-01 9.79576e-01 9.99999e-01 9.99999e-01 9.99999e-01 9.53318e-01 9.99949e-01
8.784862793e-01 8.79365e-01 9.99997e-01 9.99999e-01 9.76902e-01 9.38314e-01 9.99999e-01 9.99999e-01 9.99999e-01 9.54219e-01 9.99952e-01
8.828787107e-01 7.26136e-01 9.99994e-01 9.99999e-01 9.73730e-01 7.71601e-01 9.99999e-01 9.99999e-01 9.99999e-01 9.55102e-01 9.99955e-01
8.872931042e-01 6.99745e-01 9.99999e-01 9.99999e-01 9.49828e-01 7.51858e-01 9.99999e-01 9.99999e-01 9.99999e-01 9.55969e-01 9.99957e-01
8.917295698e-01 6.48180e-01 9.99999e-01 9.99999e-01 7.71388e-01 8.35135e-01 9.99999e-01 9.99999e-01 9.99999e-01 9.56820e-01 9.99959e-01
8.961882176e-01 5.73772e-01 9.99947e-01 9.99999e-01 6.59523e-01 8.62692e-01 9.99999e-01 9.99999e-01 9.99999e-01 9.57655e-01 9.99959e-01
9.006691587e-01 6.28730e-01 9.99999e-01 9.99999e-01 6.99741e-01 9.03132e-01 9.99999e-01 9.99999e-01 9.99999e-01 9.58473e-01 9.99960e-01
9.051725045e-01 7.28280e-01 9.99997e-01 9.99999e-01 7.80559e-01 9.59363e-01 9.99999e-01 9.99999e-01 9.99999e-01 9.59277e-01 9.99962e-01
9.096983670e-01 6.67846e-01 9.99998e-01 9.99999e-01 7.00928e-01 9.86447e-01 9.99999e-01 9.99999e-01 9.99999e-01 9.60065e-01 9.99963e-01
9.142468589e-01 5.77551e-01 9.99997e-01 9.99999e-01 6.02857e-01 9.92281e-01 9.99999e-01 9.99999e-01 9.99999e-01 9.60838e-01 9.99963e-01
9.188180931e-01 5.76733e-01 9.99995e-01 9.99999e-01 5.99788e-01 9.99695e-01 9.99999e-01 9.99999e-01 9.99999e-01 9.61596e-01 9.99962e-01
9.234121836e-01 5.83134e-01 9.99999e-01 9.99999e-01 6.05978e-01 9.99999e-01 9.99999e-01 9.99999e-01 9.99999e-01 9.62340e-01 9.99958e-01
9.280292445e-01 2.45380e-01 9.99999e-01 9.99999e-01 2.54804e-01 9.99999e-01 9.99999e-01 9.99999e-01 9.99999e-01 9.63070e-01 9.99940e-01
9.326693908e-01 1.46895e-01 9.99999e-01 9.99999e-01 1.52426e-01 9.99999e-01 9.99999e-01 9.99999e-01 9.99999e-01 9.63786e-01 9.99923e-01
9.373327377e-01 1.85139e-01 9.99961e-01 9.99999e-01 1.91971e-01 9.99999e-01 9.99999e-01 9.99999e-01 9.99999e-01 9.64489e-01 9.99918e-01
9.420194014e-01 2.59189e-01 9.99825e-01 9.99999e-01 2.68564e-01 9.99999e-01 9.99999e-01 9.99999e-01 9.99999e-01 9.65178e-01 9.99912e-01
9.467294984e-01 2.54233e-01 9.99875e-01 9.99999e-01 2.63244e-01 9.99999e-01 9.99999e-01 9.99999e-01 9.99999e-01 9.65854e-01 9.99911e-01
9.514631459e-01 2.29137e-01 9.99888e-01 9.99999e-01 2.37094e-01 9.99999e-01 9.99999e-01 9.99999e-01 9.99999e-01 9.66517e-01 9.99919e-01
9.562204616e-01 2.40821e-01 9.99971e-01 9.99999e-01 2.49015e-01 9.99699e-01 9.99999e-01 9.99999e-01 9.99999e-01 9.67167e-01 9.99924e-01
9.610015639e-01 2.39160e-01 9.99998e-01 9.99999e-01 2.47373e-01 9.73460e-01 9.99999e-01 9.99999e-01 9.99999e-01 9.67805e-01 9.99929e-01
9.658065718e-01 3.12754e-01 9.99999e-01 9.99999e-01 3.25975e-01 9.46699e-01 9.99999e-01 9.99999e-01 9.99999e-01 9.68431e-01 9.99931e-01
9.706356046e-01 3.92902e-01 9.99993e-01 9.99999e-01 4.21119e-01 8.87441e-01 9.99999e-01 9.99999e-01 9.99999e-01 9.69045e-01 9.99930e-01
9.754887826e-01 4.02785e-01 9.99984e-01 9.99999e-01 4.29750e-01 9.08760e-01 9.99999e-01 9.99999e-01 9.99999e-01 9.69647e-01 9.99925e-01
9.803662265e-01 4.33127e-01 9.99992e-01 9.99999e-01 4.75609e-01 8.71581e-01 9.99999e-01 9.99999e-01 9.99999e-01 9.70237e-01 9.99917e-01
9.852680577e-01 4.70858e-01 9.99977e-01 9.99999e-01 5.18040e-01 8.69878e-01 9.99999e-01 9.99999e-01 9.99999e-01 9.70817e-01 9.99909e-01
9.901943980e-01 5.01372e-01 9.99992e-01 9.99999e-01 5.86805e-01 8.00588e-01 9.99999e-01 9.99999e-01 9.99999e-01 9.71385e-01 9.99899e-01
9.951453700e-01 5.75550e-01 9.99981e-01 9.99999e-01 6.71655e-01 8.19829e-01 9.99999e-01 9.99999e-01 9.99999e-01 9.71942e-01 9.99886e-01
1.000121097e+00 6.33794e-01 9.99998e-01 9.99999e-01 7.59365e-01 8.20301e-01 9.99999e-01 9.99999e-01 9.99999e-01 9.72488e-01 9.94452e-01
1.005121702e+00 6.91389e-01 9.99974e-01 9.99999e-01 8.33122e-01 8.26174e-01 9.99999e-01 9.99999e-01 9.99999e-01 9.73024e-01 9.93631e-01
1.010147311e+00 7.42937e-01 9.99999e-01 9.99999e-01 8.97252e-01 8.35109e-01 9.99999e-01 9.99999e-01 9.99999e-01 9.73550e-01 9.92470e-01
1.015198047e+00 7.78564e-01 9.99999e-01 9.99999e-01 9.35317e-01 8.49221e-01 9.99999e-01 9.99999e-01 9.99999e-01 9.74066e-01 9.91131e-01
1.020274038e+00 8.30266e-01 9.99992e-01 9.99999e-01 9.54506e-01 8.92676e-01 9.99999e-01 9.99999e-01 9.99999e-01 9.74571e-01 9.89599e-01
1.025375408e+00 8.69002e-01 9.99999e-01 9.99999e-01 9.67066e-01 9.28171e-01 9.99999e-01 9.99999e-01 9.99999e-01 9.75067e-01 9.87834e-01
1.030502285e+00 9.01692e-01 9.99998e-01 9.99999e-01 9.73909e-01 9.59972e-01 9.99999e-01 9.99999e-01 9.99999e-01 9.75554e-01 9.85787e-01
1.035654796e+00 9.25903e-01 9.99997e-01 9.99999e-01 9.82227e-01 9.80557e-01 9.99999e-01 9.99999e-01 9.99999e-01 9.76031e-01 9.83436e-01
1.040833070e+00 9.34507e-01 9.99999e-01 9.99999e-01 9.83210e-01 9.91600e-01 9.99999e-01 9.99999e-01 9.99999e-01 9.76499e-01 9.80836e-01
1.046037236e+00 9.27148e-01 9.99998e-01 9.99999e-01 9.73664e-01 9.95826e-01 9.99999e-01 9.99999e-01 9.99999e-01 9.76957e-01 9.78021e-01
1.051267422e+00 9.19363e-01 9.99995e-01 9.99999e-01 9.65161e-01 9.99229e-01 9.99999e-01 9.99999e-01 9.99999e-01 9.77407e-01 9.74958e-01
1.056523759e+00 9.08928e-01 9.99975e-01 9.99999e-01 9.56713e-01 9.99999e-01 9.99999e-01 9.99999e-01 9.99999e-01 9.77849e-01 9.71578e-01
1.061806378e+00 8.81860e-01 9.99951e-01 9.99999e-01 9.31394e-01 9.99999e-01 9.99999e-01 9.99999e-01 9.99999e-01 9.78281e-01 9.67837e-01
1.067115410e+00 8.66458e-01 9.99851e-01 9.99999e-01 9.18669e-01 9.99999e-01 9.99999e-01 9.99999e-01 9.99999e-01 9.78706e-01 9.63688e-01
1.072450987e+00 8.53605e-01 9.99564e-01 9.99999e-01 9.08891e-01 9.99999e-01 9.99999e-01 9.99999e-01 9.99999e-01 9.79122e-01 9.59211e-01
1.077813242e+00 8.18989e-01 9.99999e-01 9.99999e-01 8.75693e-01 9.99999e-01 9.99999e-01 9.99999e-01 9.99999e-01 9.79530e-01 9.54790e-01
1.083202308e+00 7.99984e-01 9.96927e-01 9.99999e-01 8.58555e-01 9.99847e-01 9.99999e-01 9.99999e-01 9.99999e-01 9.79930e-01 9.50903e-01
1.088618319e+00 7.24806e-01 9.99994e-01 9.99999e-01 7.83691e-01 9.85057e-01 9.99999e-01 9.99999e-01 9.99999e-01 9.80323e-01 9.47498e-01
1.094061411e+00 4.82799e-01 9.99999e-01 9.99999e-01 5.25672e-01 9.48969e-01 9.99999e-01 9.99999e-01 9.99999e-01 9.80708e-01 9.44179e-01
1.099531718e+00 3.87346e-01 9.97589e-01 9.99999e-01 4.20127e-01 9.71520e-01 9.99999e-01 9.99999e-01 9.99999e-01 9.81085e-01 9.40763e-01
1.105029377e+00 2.86431e-01 9.99999e-01 9.99999e-01 3.12722e-01 9.28388e-01 9.99999e-01 9.99999e-01 9.99999e-01 9.81455e-01 9.37276e-01
1.110554523e+00 1.81461e-01 9.99999e-01 9.99999e-01 2.08711e-01 7.80127e-01 9.99999e-01 9.99999e-01 9.99999e-01 9.81818e-01 9.33894e-01
1.116107296e+00 1.14582e-01 9.92250e-01 9.99999e-01 1.39978e-01 6.07318e-01 9.99999e-01 9.99999e-01 9.99999e-01 9.82174e-01 9.31083e-01
1.121687832e+00 8.51486e-02 9.99996e-01 9.99999e-01 1.54796e-01 2.61396e-01 9.99999e-01 9.99999e-01 9.99999e-01 9.82523e-01 9.29088e-01
1.127296272e+00 9.99831e-02 9.99999e-01 9.99999e-01 1.77099e-01 3.02960e-01 9.99999e-01 9.99999e-01 9.99999e-01 9.82865e-01 9.28401e-01
1.132932753e+00 6.45141e-02 9.99999e-01 9.99999e-01 1.03225e-01 3.15454e-01 9.99999e-01 9.99999e-01 9.99999e-01 9.83201e-01 9.28813e-01
1.138597417e+00 1.19626e-01 9.97032e-01 9.99999e-01 2.15031e-01 3.49713e-01 9.99999e-01 9.99999e-01 9.99999e-01 9.83530e-01 9.29795e-01
1.144290404e+00 8.65928e-02 9.99999e-01 9.99999e-01 1.52647e-01 3.29510e-01 9.99999e-01 9.99999e-01 9.99999e-01 9.83852e-01 9.30424e-01
1.150011856e+00 5.52105e-02 9.99989e-01 9.99999e-01 2.14624e-01 1.15882e-01 9.99999e-01 9.99999e-01 9.99999e-01 9.84169e-01 9.30263e-01
1.155761915e+00 3.37838e-02 9.99999e-01 9.99999e-01 1.76407e-01 7.35211e-02 9.99999e-01 9.99999e-01 9.99999e-01 9.84479e-01 9.29820e-01
1.161540725e+00 3.61656e-02 9.90940e-01 9.99999e-01 1.79721e-01 7.73402e-02 9.99999e-01 9.99999e-01 9.99999e-01 9.84783e-01 9.30359e-01
1.167348428e+00 4.09603e-02 9.99990e-01 9.99999e-01 1.93004e-01 9.16297e-02 9.99999e-01 9.99999e-01 9.99999e-01 9.85082e-01 9.31903e-01
1.173185171e+00 7.56680e-02 9.99999e-01 9.99999e-01 2.70013e-01 1.50698e-01 9.99999e-01 9.99999e-01 9.99999e-01 9.85374e-01 9.33438e-01
1.179051096e+00 1.18349e-01 9.99999e-01 9.99999e-01 3.28238e-01 2.35505e-01 9.99998e-01 9.99999e-01 9.99999e-01 9.85661e-01 9.33622e-01
1.184946352e+00 1.84718e-01 9.99796e-01 9.99999e-01 4.01971e-01 3.49965e-01 9.99997e-01 9.99999e-01 9.99999e-01 9.85942e-01 9.32200e-01
1.190871084e+00 2.60189e-01 9.98294e-01 9.99999e-01 5.21949e-01 4.07683e-01 9.99999e-01 9.99999e-01 9.99999e-01 9.86218e-01 9.29735e-01
1.196825439e+00 4.22098e-01 9.99999e-01 9.99999e-01 5.95698e-01 6.51703e-01 9.99998e-01 9.99999e-01 9.99999e-01 9.86488e-01 9.27014e-01
1.202809566e+00 5.00970e-01 9.99999e-01 9.99999e-01 6.68447e-01 7.25264e-01 9.99999e-01 9.99999e-01 9.99999e-01 9.86753e-01 9.25155e-01
1.208823614e+00 5.90589e-01 9.99989e-01 9.99999e-01 7.00759e-01 8.68923e-01 9.99999e-01 9.99999e-01 9.99999e-01 9.87013e-01 9.24977e-01
1.214867732e+00 6.15430e-01 9.99999e-01 9.99999e-01 7.19766e-01 9.03754e-01 9.99999e-01 9.99999e-01 9.99999e-01 9.87268e-01 9.26541e-01
1.220942071e+00 6.64839e-01 9.99999e-01 9.99999e-01 7.55073e-01 9.43309e-01 9.99999e-01 9.99999e-01 9.99999e-01 9.87518e-01 9.29014e-01
1.227046781e+00 6.94783e-01 9.99999e-01 9.99999e-01 7.91325e-01 9.38738e-01 9.99999e-01 9.99999e-01 9.99999e-01 9.87763e-01 9.31483e-01
1.233182015e+00 7.13398e-01 9.99957e-01 9.99999e-01 8.15213e-01 9.31788e-01 9.99999e-01 9.99999e-01 9.99999e-01 9.88003e-01 9.33825e-01
1.239347925e+00 7.62732e-01 9.92026e-01 9.99999e-01 8.47107e-01 9.64994e-01 9.99999e-01 9.99999e-01 9.99999e-01 9.88239e-01 9.36694e-01
1.245544665e+00 7.98635e-01 9.94656e-01 9.99999e-01 8.76503e-01 9.75410e-01 9.99999e-01 9.99999e-01 9.99999e-01 9.88470e-01 9.40597e-01
1.251772388e+00 8.27581e-01 9.99554e-01 9.99999e-01 8.96099e-01 9.87119e-01 9.99999e-01 9.99999e-01 9.99999e-01 9.88696e-01 9.43580e-01
1.258031250e+00 8.39693e-01 9.99773e-01 9.99999e-01 9.01335e-01 9.92822e-01 9.99999e-01 9.99999e-01 9.99999e-01 9.88918e-01 9.47150e-01
1.264321406e+00 8.37048e-01 9.98396e-01 9.99999e-01 8.96968e-01 9.89406e-01 9.99999e-01 9.99999e-01 9.99999e-01 9.89136e-01 9.51285e-01
1.270643013e+00 7.92655e-01 9.99996e-01 9.99999e-01 8.44329e-01 9.91132e-01 9.99999e-01 9.99999e-01 9.99999e-01 9.89349e-01 9.54728e-01
1.276996228e+00 7.53128e-01 9.99907e-01 9.99999e-01 7.99605e-01 9.91277e-01 9.99999e-01 9.99999e-01 9.99999e-01 9.89559e-01 9.57242e-01
1.283381209e+00 7.01003e-01 9.99997e-01 9.99999e-01 7.43816e-01 9.87759e-01 9.99999e-01 9.99999e-01 9.99999e-01 9.89764e-01 9.58954e-01
1.289798116e+00 6.02932e-01 9.99257e-01 9.99999e-01 6.41302e-01 9.75178e-01 9.99999e-01 9.99999e-01 9.99999e-01 9.89965e-01 9.60334e-01
1.296247106e+00 5.74272e-01 9.99689e-01 9.99999e-01 6.27395e-01 9.24992e-01 9.99999e-01 9.99999e-01 9.99999e-01 9.90162e-01 9.61894e-01
1.302728342e+00 4.41261e-01 9.99982e-01 9.99999e-01 5.38505e-01 7.11406e-01 9.99999e-01 9.99999e-01 9.99999e-01 9.90355e-01 9.63860e-01
1.309241983e+00 3.74623e-01 9.99996e-01 9.99999e-01 5.52476e-01 5.22411e-01 9.99999e-01 9.99999e-01 9.99999e-01 9.90545e-01 9.66092e-01
1.315788193e+00 3.44670e-01 9.99978e-01 9.99999e-01 4.86058e-01 5.39994e-01 9.99999e-01 9.99999e-01 9.99999e-01 9.90731e-01 9.68220e-01
1.322367134e+00 2.95149e-01 9.99978e-01 9.99999e-01 4.38651e-01 4.78709e-01 9.99999e-01 9.99999e-01 9.99999e-01 9.90913e-01 9.69963e-01
1.328978970e+00 1.14170e-01 9.99998e-01 9.99999e-01 2.59446e-01 1.93839e-01 9.99999e-01 9.99999e-01 9.99999e-01 9.91092e-01 9.71274e-01
1.335623865e+00 2.87824e-02 9.97766e-01 9.99999e-01 5.75115e-02 1.55839e-01 9.99999e-01 9.99999e-01 9.99999e-01 9.91267e-01 9.72259e-01
1.342301984e+00 3.74771e-03 9.99696e-01 9.99999e-01 6.61528e-03 1.48771e-01 9.99999e-01 9.99999e-01 9.99999e-01 9.91439e-01 9.72957e-01
1.349013494e+00 3.48611e-04 9.99587e-01 9.99999e-01 7.05406e-04 6.61897e-02 9.99999e-01 9.99999e-01 9.99999e-01 9.91607e-01 9.73368e-01
1.355758561e+00 4.43082e-06 9.99798e-01 9.99999e-01 1.41794e-05 2.87557e-02 9.99999e-01 9.99999e-01 9.99999e-01 9.91772e-01 9.73639e-01
1.362537354e+00 1.66464e-04 9.99889e-01 9.99999e-01 3.61623e-04 4.89416e-02 9.99999e-01 9.99999e-01 9.99999e-01 9.91934e-01 9.73841e-01
1.369350041e+00 1.67803e-04 9.99327e-01 9.99999e-01 3.66746e-04 5.03164e-02 9.99999e-01 9.99999e-01 9.99999e-01 9.92093e-01 9.73967e-01
1.376196791e+00 3.94181e-04 9.99992e-01 9.99999e-01 1.26656e-03 2.26460e-02 9.99999e-01 9.99999e-01 9.99999e-01 9.92248e-01 9.73939e-01
1.383077775e+00 9.10814e-05 9.99329e-01 9.99999e-01 4.70911e-04 1.33770e-02 9.99999e-01 9.99999e-01 9.99999e-01 9.92401e-01 9.73960e-01
1.389993164e+00 2.96207e-04 9.99998e-01 9.99999e-01 9.20439e-04 3.03345e-02 9.99999e-01 9.99999e-01 9.99999e-01 9.92550e-01 9.74228e-01
1.396943130e+00 2.85152e-04 9.99850e-01 9.99999e-01 9.15728e-04 2.94913e-02 9.99999e-01 9.99999e-01 9.99999e-01 9.92697e-01 9.74544e-01
1.403927846e+00 2.97996e-04 9.99999e-01 9.99999e-01 6.95228e-04 6.15792e-02 9.99999e-01 9.99999e-01 9.99999e-01 9.92841e-01 9.74631e-01
1.410947485e+00 3.95660e-04 9.99997e-01 9.99999e-01 7.37006e-04 4.84662e-02 9.99999e-01 9.99999e-01 9.99999e-01 9.92981e-01 9.74575e-01
1.418002222e+00 4.65732e-04 9.99988e-01 9.99999e-01 7.37149e-04 1.22733e-01 9.99999e-01 9.99999e-01 9.99999e-01 9.93120e-01 9.74290e-01
1.425092233e+00 1.86994e-04 9.99927e-01 9.99999e-01 2.97095e-04 1.70060e-01 9.99999e-01 9.99999e-01 9.99999e-01 9.93255e-01 9.73804e-01
1.432217694e+00 3.68973e-03 9.99437e-01 9.99999e-01 5.58299e-03 1.85885e-01 9.99999e-01 9.99997e-01 9.99999e-01 9.93388e-01 9.73030e-01
1.439378783e+00 1.79384e-03 9.99996e-01 9.99999e-01 2.35680e-03 2.33955e-01 9.99999e-01 9.99995e-01 9.99999e-01 9.93518e-01 9.71940e-01
1.446575677e+00 5.53141e-03 9.99731e-01 9.99999e-01 6.89873e-03 3.63659e-01 9.99999e-01 9.99996e-01 9.99999e-01 9.93646e-01 9.70565e-01
1.453808555e+00 1.41615e-02 9.99998e-01 9.99999e-01 1.69224e-02 4.87970e-01 9.99999e-01 9.99997e-01 9.99999e-01 9.93771e-01 9.68916e-01
1.461077598e+00 1.66494e-02 9.99999e-01 9.99999e-01 1.90058e-02 6.21598e-01 9.99999e-01 9.99998e-01 9.99999e-01 9.93893e-01 9.66978e-01
1.468382986e+00 1.60630e-02 9.99930e-01 9.99999e-01 1.85485e-02 5.61341e-01 9.99999e-01 9.99998e-01 9.99999e-01 9.94014e-01 9.64745e-01
1.475724901e+00 3.34107e-02 9.99954e-01 9.99999e-01 3.77018e-02 6.81294e-01 9.99999e-01 9.99999e-01 9.99999e-01 9.94131e-01 9.62226e-01
1.483103525e+00 2.66627e-02 9.99972e-01 9.99999e-01 2.97472e-02 7.19296e-01 9.99999e-01 9.99999e-01 9.99999e-01 9.94247e-01 9.59409e-01
1.490519043e+00 4.30573e-02 9.99978e-01 9.99999e-01 4.72452e-02 8.09338e-01 9.99999e-01 9.99999e-01 9.99999e-01 9.94360e-01 9.56288e-01
1.497971638e+00 7.42110e-02 9.99934e-01 9.99999e-01 8.15435e-02 8.45929e-01 9.99999e-01 9.99999e-01 9.99999e-01 9.94471e-01 9.52821e-01
1.505461496e+00 9.07378e-02 9.99998e-01 9.99999e-01 9.93223e-02 8.75788e-01 9.99999e-01 9.99999e-01 9.99999e-01 9.94580e-01 9.48979e-01
1.512988804e+00 1.80709e-01 9.99999e-01 9.99999e-01 1.97356e-01 9.15792e-01 9.99999e-01 9.99999e-01 9.99999e-01 9.94687e-01 9.44748e-01
1.520553748e+00 2.24103e-01 9.99942e-01 9.99999e-01 2.44542e-01 9.34950e-01 9.99999e-01 9.99999e-01 9.99999e-01 9.94792e-01 9.40116e-01
1.528156517e+00 2.81728e-01 9.99998e-01 9.99999e-01 3.06603e-01 9.61169e-01 9.99999e-01 9.99999e-01 9.99999e-01 9.94894e-01 9.35057e-01
1.535797299e+00 3.84647e-01 9.99999e-01 9.99999e-01 4.20516e-01 9.73621e-01 9.99999e-01 9.99999e-01 9.99999e-01 9.94995e-01 9.29547e-01
1.543476286e+00 4.56036e-01 9.99976e-01 9.99999e-01 4.99248e-01 9.85370e-01 9.99999e-01 9.99999e-01 9.99999e-01 9.95093e-01 9.23566e-01
1.551193667e+00 5.24874e-01 9.99968e-01 9.99999e-01 5.77376e-01 9.90649e-01 9.99999e-01 9.99999e-01 9.99999e-01 9.95190e-01 9.17002e-01
1.558949636e+00 5.85064e-01 9.99999e-01 9.99999e-01 6.49646e-01 9.89849e-01 9.99408e-01 9.99999e-01 9.99999e-01 9.95285e-01 9.09804e-01
1.566744384e+00 6.50359e-01 9.99999e-01 9.99999e-01 7.27979e-01 9.91185e-01 9.99548e-01 9.99998e-01 9.99999e-01 9.95378e-01 9.01966e-01
1.574578106e+00 7.05350e-01 9.99996e-01 9.99999e-01 7.97438e-01 9.91733e-01 9.99918e-01 9.99998e-01 9.99999e-01 9.95469e-01 8.93380e-01
1.582450996e+00 7.16677e-01 9.99996e-01 9.99999e-01 8.21526e-01 9.86868e-01 9.99759e-01 9.99998e-01 9.99999e-01 9.95558e-01 8.83968e-01
1.590363251e+00 7.01719e-01 9.99999e-01 9.99999e-01 8.33370e-01 9.53016e-01 9.99813e-01 9.99998e-01 9.99999e-01 9.95646e-01 8.73741e-01
1.598315067e+00 6.71307e-01 9.99999e-01 9.99999e-01 8.76824e-01 8.53776e-01 9.99842e-01 9.99998e-01 9.99999e-01 9.95731e-01 8.62569e-01
1.606306643e+00 6.36411e-01 9.99997e-01 9.99999e-01 8.76175e-01 7.91787e-01 9.99916e-01 9.99998e-01 9.99999e-01 9.95816e-01 8.50403e-01
1.614338176e+00 3.93048e-01 9.99997e-01 9.99999e-01 9.03362e-01 4.78324e-01 9.99953e-01 9.99998e-01 9.99999e-01 9.95898e-01 8.37210e-01
1.622409867e+00 1.62845e-01 9.99999e-01 9.99999e-01 9.15070e-01 1.99822e-01 9.99972e-01 9.99998e-01 9.99999e-01 9.95979e-01 8.23016e-01
1.630521916e+00 1.41437e-01 9.99999e-01 9.99999e-01 8.79565e-01 1.77159e-01 9.99986e-01 9.99998e-01 9.99999e-01 9.96058e-01 8.07780e-01
1.638674526e+00 1.96851e-01 9.99999e-01 9.99999e-01 8.91768e-01 2.53024e-01 9.99994e-01 9.99999e-01 9.99999e-01 9.96136e-01 7.91420e-01
1.646867898e+00 1.01765e-01 9.99999e-01 9.99999e-01 8.28304e-01 1.34382e-01 9.99997e-01 9.99999e-01 9.99999e-01 9.96212e-01 7.73829e-01
1.655102238e+00 1.37219e-01 9.99999e-01 9.99999e-01 8.21256e-01 1.85458e-01 9.99999e-01 9.99999e-01 9.99999e-01 9.96287e-01 7.54982e-01
1.663377749e+00 1.63508e-01 9.99998e-01 9.99999e-01 7.59743e-01 2.33003e-01 9.99999e-01 9.99999e-01 9.99999e-01 9.96360e-01 7.34806e-01
1.671694638e+00 3.78332e-02 9.99999e-01 9.99999e-01 7.39126e-01 5.45121e-02 9.99999e-01 9.99999e-01 9.99999e-01 9.96432e-01 7.13554e-01
1.680053111e+00 8.82739e-02 9.99997e-01 9.99999e-01 7.74755e-01 1.30943e-01 9.99999e-01 9.99999e-01 9.99999e-01 9.96502e-01 6.91109e-01
1.688453377e+00 7.72691e-02 9.99974e-01 9.99999e-01 7.07415e-01 1.20639e-01 9.99999e-01 9.99999e-01 9.99999e-01 9.96571e-01 6.67485e-01
1.696895643e+00 1.63564e-02 9.99999e-01 9.99999e-01 6.83842e-01 2.61542e-02 9.99999e-01 9.99999e-01 9.99999e-01 9.96639e-01 6.42730e-01
1.705380122e+00 1.39298e-02 9.99999e-01 9.99999e-01 7.10827e-01 2.32256e-02 9.99999e-01 9.99999e-01 9.99999e-01 9.96705e-01 6.16728e-01
1.713907022e+00 4.79473e-02 9.99905e-01 9.99999e-01 6.39711e-01 8.58396e-02 9.99999e-01 9.99999e-01 9.99999e-01 9.96770e-01 5.89449e-01
1.722476557e+00 6.52169e-02 9.99999e-01 9.99999e-01 4.75219e-01 1.35300e-01 9.99999e-01 9.99999e-01 9.99999e-01 9.96833e-01 5.61087e-01
1.731088940e+00 1.05242e-02 9.99999e-01 9.99999e-01 4.32545e-01 2.21886e-02 9.99999e-01 9.99999e-01 9.99999e-01 9.96896e-01 5.31981e-01
1.739744385e+00 2.83031e-02 9.99999e-01 9.99999e-01 3.28266e-01 7.29418e-02 9.99999e-01 9.99999e-01 9.99999e-01 9.96957e-01 5.02259e-01
1.748443107e+00 2.43918e-02 9.98606e-01 9.99999e-01 2.36374e-01 7.98825e-02 9.99999e-01 9.99999e-01 9.99999e-01 9.97017e-01 4.72195e-01
1.757185322e+00 1.65230e-02 9.99999e-01 9.99999e-01 1.75572e-01 6.16230e-02 9.99999e-01 9.99999e-01 9.99999e-01 9.97076e-01 4.42176e-01
1.765971249e+00 2.07184e-02 9.99999e-01 9.99999e-01 1.12437e-01 1.36186e-01 9.99999e-01 9.99999e-01 9.99999e-01 9.97134e-01 4.12338e-01
1.774801105e+00 7.75490e-03 9.99999e-01 9.99999e-01 3.13398e-02 1.51343e-01 9.99999e-01 9.99999e-01 9.99999e-01 9.97190e-01 3.83096e-01
1.783675111e+00 6.35777e-03 9.99029e-01 9.99999e-01 2.25442e-02 2.44342e-01 9.99999e-01 9.99999e-01 9.99999e-01 9.97245e-01 3.55110e-01
1.792593486e+00 2.33117e-03 9.99940e-01 9.99999e-01 1.16132e-02 7.28858e-02 9.99999e-01 9.99999e-01 9.99999e-01 9.97300e-01 3.28251e-01
1.801556454e+00 1.85073e-03 9.99999e-01 9.99999e-01 7.97563e-03 1.81130e-01 9.99999e-01 9.99999e-01 9.99999e-01 9.97353e-01 3.02601e-01
1.810564236e+00 3.09131e-04 9.99999e-01 9.99999e-01 1.36070e-03 2.07302e-01 9.99999e-01 9.99999e-01 9.99999e-01 9.97405e-01 2.78009e-01
1.819617057e+00 4.79113e-04 9.99999e-01 9.99999e-01 2.90196e-03 1.85172e-01 9.99999e-01 9.99999e-01 9.99999e-01 9.97456e-01 2.54407e-01
1.828715142e+00 3.88060e-04 9.99967e-01 9.99999e-01 2.04558e-03 2.10325e-01 9.99999e-01 9.99999e-01 9.99999e-01 9.97507e-01 2.31891e-01
1.837858718e+00 2.92824e-06 9.90567e-01 9.99999e-01 1.81046e-05 1.73532e-01 9.99999e-01 9.99999e-01 9.99999e-01 9.97556e-01 2.10285e-01
1.847048012e+00 1.66128e-04 9.99998e-01 9.99999e-01 1.04919e-03 2.78989e-01 9.99999e-01 9.99999e-01 9.99999e-01 9.97604e-01 1.89805e-01
1.856283252e+00 9.16629e-05 9.99999e-01 9.99999e-01 5.98706e-04 3.57352e-01 9.99999e-01 9.99999e-01 9.99999e-01 9.97651e-01 1.70466e-01
1.865564668e+00 6.61039e-07 9.99999e-01 9.99999e-01 4.80496e-06 4.46374e-01 9.99999e-01 9.99999e-01 9.99999e-01 9.97697e-01 1.52076e-01
1.874892491e+00 8.14111e-05 9.99999e-01 9.99999e-01 6.49982e-04 5.42513e-01 9.99999e-01 9.99999e-01 9.99999e-01 9.97743e-01 1.34677e-01
1.884266954e+00 1.54084e-04 9.99987e-01 9.99999e-01 1.39215e-03 6.20042e-01 9.99999e-01 9.99999e-01 9.99999e-01 9.97787e-01 1.18536e-01
1.893688289e+00 5.16007e-04 9.90813e-01 9.99999e-01 5.26746e-03 5.62671e-01 9.99999e-01 9.99999e-01 9.99999e-01 9.97831e-01 1.03726e-01
1.903156730e+00 4.13011e-04 9.99998e-01 9.99999e-01 4.80702e-03 5.98245e-01 9.99999e-01 9.99999e-01 9.99999e-01 9.97874e-01 9.03566e-02
1.912672514e+00 8.07235e-05 9.99999e-01 9.99999e-01 1.08854e-03 6.10824e-01 9.99999e-01 9.99999e-01 9.99999e-01 9.97916e-01 7.86195e-02
1.922235876e+00 5.81451e-05 9.99999e-01 9.99999e-01 8.89383e-04 6.23700e-01 9.99999e-01 9.99998e-01 9.99999e-01 9.97957e-01 6.86008e-02
1.931847056e+00 2.19790e-06 9.99999e-01 9.99999e-01 3.74057e-05 7.47745e-01 9.99999e-01 9.99991e-01 9.99999e-01 9.97997e-01 6.02011e-02
1.941506291e+00 5.67249e-06 9.99966e-01 9.99999e-01 1.07593e-04 8.58284e-01 9.99999e-01 9.99969e-01 9.99999e-01 9.98037e-01 5.32732e-02
1.951213822e+00 5.23077e-05 9.99877e-01 9.99999e-01 1.10798e-03 8.27958e-01 9.99999e-01 9.99962e-01 9.99999e-01 9.98075e-01 4.77167e-02
1.960969892e+00 2.79805e-05 9.88098e-01 9.99999e-01 6.52920e-04 8.98127e-01 9.99999e-01 9.99968e-01 9.99999e-01 9.98113e-01 4.30940e-02
1.970774741e+00 1.75996e-04 9.99996e-01 9.99999e-01 4.53543e-03 9.01237e-01 9.99999e-01 9.99970e-01 9.99999e-01 9.98151e-01 3.90802e-02
1.980628615e+00 1.82415e-04 9.99999e-01 9.99999e-01 5.18661e-03 9.11990e-01 9.99999e-01 9.99987e-01 9.99999e-01 9.98187e-01 3.53607e-02
1.990531758e+00 4.00836e-04 9.99999e-01 9.99999e-01 1.26730e-02 9.28020e-01 9.99999e-01 9.99987e-01 9.99999e-01 9.98223e-01 3.17425e-02
2.000484417e+00 1.41655e-03 9.99971e-01 9.99999e-01 5.04603e-02 9.52683e-01 9.99999e-01 9.99898e-01 9.99999e-01 9.98258e-01 2.81532e-02
2.010486839e+00 1.60559e-03 9.99999e-01 9.99999e-01 6.53298e-02 9.62159e-01 9.99999e-01 9.99908e-01 9.99999e-01 9.98292e-01 2.46515e-02
2.020539273e+00 3.37423e-03 9.99997e-01 9.99999e-01 1.58658e-01 9.60790e-01 9.99999e-01 9.99897e-01 9.99999e-01 9.98326e-01 2.13391e-02
2.030641969e+00 3.23144e-03 9.92591e-01 9.99999e-01 1.77448e-01 9.64742e-01 9.99999e-01 9.99916e-01 9.99999e-01 9.98359e-01 1.82648e-02
2.040795179e+00 5.18995e-03 9.97929e-01 9.99999e-01 3.36614e-01 9.72648e-01 9.99999e-01 9.99950e-01 9.99999e-01 9.98391e-01 1.54583e-02
2.050999155e+00 5.45890e-03 9.99999e-01 9.99999e-01 4.24567e-01 9.61429e-01 9.99999e-01 9.99963e-01 9.99999e-01 9.98423e-01 1.29137e-02
2.061254151e+00 5.66147e-03 9.99999e-01 9.99999e-01 5.39364e-01 9.29161e-01 9.99999e-01 9.99981e-01 9.99999e-01 9.98454e-01 1.06351e-02
2.071560421e+00 4.65251e-03 9.99884e-01 9.99999e-01 5.52090e-01 8.77995e-01 9.99999e-01 9.99974e-01 9.99999e-01 9.98485e-01 8.63958e-03
2.081918224e+00 3.93012e-03 9.99990e-01 9.99999e-01 5.97164e-01 8.38544e-01 9.99999e-01 9.99981e-01 9.99999e-01 9.98515e-01 6.93971e-03
2.092327815e+00 3.06306e-03 9.99999e-01 9.99999e-01 6.39711e-01 7.29100e-01 9.99999e-01 9.99981e-01 9.99999e-01 9.98544e-01 5.54721e-03
2.102789454e+00 1.98588e-03 9.99996e-01 9.99999e-01 6.58423e-01 5.31057e-01 9.99999e-01 9.99985e-01 9.99999e-01 9.98573e-01 4.47272e-03
2.113303401e+00 1.20510e-03 9.99914e-01 9.99999e-01 7.09123e-01 3.59977e-01 9.99999e-01 9.99989e-01 9.99999e-01 9.98601e-01 3.67470e-03
2.123869918e+00 9.79401e-04 9.83653e-01 9.99999e-01 7.45150e-01 3.35654e-01 9.99999e-01 9.99992e-01 9.99999e-01 9.98628e-01 3.08364e-03
2.134489268e+00 1.10127e-03 9.99982e-01 9.99999e-01 7.82654e-01 4.37391e-01 9.99999e-01 9.99995e-01 9.99999e-01 9.98655e-01 2.64239e-03
2.145161714e+00 5.80892e-04 9.99999e-01 9.99999e-01 7.96608e-01 2.60890e-01 9.99999e-01 9.99997e-01 9.99999e-01 9.98682e-01 2.28393e-03
2.155887523e+00 2.49316e-04 9.99903e-01 9.99999e-01 7.78057e-01 1.30899e-01 9.99999e-01 9.99998e-01 9.99999e-01 9.98708e-01 1.95852e-03
2.166666960e+00 1.36240e-04 9.99998e-01 9.99999e-01 8.00179e-01 8.41560e-02 9.99999e-01 9.99999e-01 9.99999e-01 9.98733e-01 1.64894e-03
2.177500295e+00 1.04986e-04 9.99999e-01 9.99999e-01 7.76519e-01 7.89970e-02 9.99999e-01 9.99999e-01 9.99999e-01 9.98758e-01 1.35403e-03
2.188387796e+00 2.72264e-05 9.99999e-01 9.99999e-01 7.90378e-01 2.54341e-02 9.99999e-01 9.99999e-01 9.99999e-01 9.98783e-01 1.08244e-03
2.199329735e+00 1.31719e-08 9.99999e-01 9.99999e-01 7.32546e-01 1.57493e-05 9.99999e-01 9.99999e-01 9.99999e-01 9.98807e-01 8.43781e-04
2.210326384e+00 1.45633e-07 9.99992e-01 9.99999e-01 7.90363e-01 2.29335e-04 9.99999e-01 9.99999e-01 9.99999e-01 9.98830e-01 6.43829e-04
2.221378016e+00 1.69557e-06 9.84444e-01 9.99999e-01 6.24617e-01 3.63469e-03 9.99999e-01 9.99999e-01 9.99999e-01 9.98853e-01 4.81544e-04
2.232484906e+00 8.42764e-08 9.99945e-01 9.99999e-01 7.06545e-01 2.42269e-04 9.99999e-01 9.99999e-01 9.99999e-01 9.98876e-01 3.53726e-04
2.243647331e+00 7.72452e-09 9.99874e-01 9.99999e-01 6.45603e-01 3.08184e-05 9.99999e-01 9.99999e-01 9.99999e-01 9.98898e-01 2.56122e-04
2.254865567e+00 2.79891e-09 9.99951e-01 9.99999e-01 6.71207e-01 1.57023e-05 9.99999e-01 9.99999e-01 9.99999e-01 9.98920e-01 1.83287e-04
2.266139895e+00 1.74156e-09 9.99999e-01 9.99999e-01 5.19103e-01 1.39433e-05 9.99999e-01 9.99999e-01 9.99999e-01 9.98941e-01 1.29663e-04
2.277470595e+00 6.54479e-10 9.99999e-01 9.99999e-01 5.64061e-01 7.61511e-06 9.99999e-01 9.99999e-01 9.99999e-01 9.98962e-01 9.08278e-05
2.288857948e+00 4.32273e-16 9.99990e-01 9.99999e-01 5.27441e-01 7.24147e-12 9.99231e-01 9.99999e-01 9.99999e-01 9.98983e-01 6.33901e-05
2.300302237e+00 1.22698e-10 9.99996e-01 9.99999e-01 5.24583e-01 2.90089e-06 9.76308e-01 9.99999e-01 9.99999e-01 9.99003e-01 4.43290e-05
2.311803748e+00 4.97924e-10 9.99999e-01 9.99999e-01 4.42077e-01 1.75510e-05 9.56952e-01 9.99999e-01 9.99999e-01 9.99022e-01 3.13905e-05
2.323362767e+00 3.63574e-10 9.99999e-01 9.99999e-01 4.49819e-01 1.75052e-05 9.56157e-01 9.99999e-01 9.99999e-01 9.99042e-01 2.26457e-05
2.334979581e+00 1.55323e-17 9.99999e-01 9.99999e-01 4.83058e-01 9.71877e-13 9.64585e-01 9.99999e-01 9.99999e-01 9.99061e-01 1.68119e-05
2.346654479e+00 5.38718e-15 9.99984e-01 9.99999e-01 3.30618e-01 4.36216e-10 9.87325e-01 9.99999e-01 9.99999e-01 9.99079e-01 1.30137e-05
2.358387751e+00 1.05257e-13 9.99935e-01 9.99999e-01 3.09273e-01 1.17424e-08 9.74542e-01 9.99999e-01 9.99999e-01 9.99097e-01 1.06210e-05
2.370179690e+00 1.58473e-16 9.99987e-01 9.99999e-01 2.89278e-01 1.99319e-11 9.75588e-01 9.99999e-01 9.99999e-01 9.99115e-01 9.31891e-06
2.382030589e+00 7.48806e-12 9.99806e-01 9.99999e-01 1.11204e-01 1.52113e-06 9.72788e-01 9.99999e-01 9.99999e-01 9.99132e-01 8.94930e-06
2.393940742e+00 1.58424e-09 9.99949e-01 9.99999e-01 2.56248e-01 2.18840e-04 9.78868e-01 9.99999e-01 9.99999e-01 9.99150e-01 9.56991e-06
2.405910445e+00 1.59809e-08 9.68461e-01 9.99999e-01 1.30867e-01 2.00680e-03 9.83209e-01 9.99999e-01 9.99999e-01 9.99166e-01 1.15341e-05
2.417939997e+00 1.53512e-08 9.94753e-01 9.99999e-01 9.77147e-02 1.96572e-03 9.88705e-01 9.99999e-01 9.99999e-01 9.99183e-01 1.57088e-05
2.430029697e+00 1.59727e-09 9.86162e-01 9.99999e-01 8.08244e-02 1.36480e-04 9.92193e-01 9.99999e-01 9.99999e-01 9.99199e-01 2.35563e-05
2.442179846e+00 2.11866e-08 9.98115e-01 9.99999e-01 3.92797e-02 1.47106e-03 9.95910e-01 9.99999e-01 9.99999e-01 9.99215e-01 3.80839e-05
2.454390745e+00 3.28856e-08 9.87907e-01 9.99999e-01 1.66686e-02 2.58511e-03 9.97371e-01 9.99999e-01 9.99999e-01 9.99230e-01 6.46807e-05
2.466662699e+00 1.08728e-07 9.99449e-01 9.99999e-01 5.64987e-03 1.11021e-02 9.98458e-01 9.99999e-01 9.99999e-01 9.99245e-01 1.12294e-04
2.478996012e+00 4.45575e-08 9.98714e-01 9.99999e-01 6.52097e-04 1.85818e-02 9.99382e-01 9.99999e-01 9.99999e-01 9.99260e-01 1.96531e-04
2.491390992e+00 6.58759e-08 9.96817e-01 9.99999e-01 6.33708e-04 2.14431e-02 9.99648e-01 9.99999e-01 9.99999e-01 9.99275e-01 3.42229e-04
2.503847947e+00 8.46890e-12 9.98810e-01 9.99999e-01 3.44660e-08 2.75446e-02 9.99865e-01 9.99999e-01 9.99999e-01 9.99289e-01 5.88139e-04
2.516367187e+00 3.01480e-13 9.99998e-01 9.99999e-01 6.67972e-10 5.44322e-02 9.99953e-01 9.99999e-01 9.99999e-01 9.99303e-01 9.88704e-04
2.528949023e+00 2.93558e-21 9.98431e-01 9.99999e-01 3.73643e-18 6.73254e-02 9.99988e-01 9.99999e-01 9.99999e-01 9.99317e-01 1.61901e-03
2.541593768e+00 4.56148e-17 9.99259e-01 9.99999e-01 2.67586e-14 1.30735e-01 9.99996e-01 9.99999e-01 9.99999e-01 9.99330e-01 2.57770e-03
2.554301737e+00 1.26360e-17 9.99787e-01 9.99999e-01 8.42091e-15 3.50659e-02 9.99998e-01 9.99998e-01 9.99999e-01 9.99344e-01 3.96680e-03
2.567073246e+00 2.66930e-17 9.99770e-01 9.99999e-01 8.27276e-15 7.42123e-02 9.99999e-01 9.99997e-01 9.99999e-01 9.99357e-01 5.89716e-03
2.579908612e+00 1.44662e-23 9.95738e-01 9.99999e-01 3.11519e-21 6.92057e-02 9.99999e-01 9.99996e-01 9.99999e-01 9.99369e-01 8.53963e-03
2.592808155e+00 3.40760e-21 9.99979e-01 9.99999e-01 5.21364e-19 3.73826e-02 9.99999e-01 9.99995e-01 9.99999e-01 9.99382e-01 1.20217e-02
2.605772196e+00 5.32653e-19 9.99953e-01 9.99999e-01 5.96199e-17 6.22398e-02 9.99999e-01 9.99990e-01 9.99999e-01 9.99394e-01 1.64041e-02
2.618801057e+00 3.60759e-15 9.99713e-01 9.99999e-01 2.12989e-13 1.66391e-01 9.99999e-01 9.99993e-01 9.99999e-01 9.99406e-01 2.18250e-02
2.631895062e+00 7.05847e-08 9.89681e-01 9.99999e-01 2.84915e-06 2.07697e-01 9.99999e-01 9.99993e-01 9.99999e-01 9.99417e-01 2.83627e-02
2.645054537e+00 9.28707e-08 9.99996e-01 9.99999e-01 2.84915e-06 3.54394e-01 9.99999e-01 9.99979e-01 9.99999e-01 9.99429e-01 3.60187e-02
2.658279810e+00 5.21899e-18 9.99990e-01 9.99999e-01 1.27175e-16 3.98691e-01 9.99999e-01 9.98315e-01 9.99999e-01 9.99440e-01 4.46988e-02
2.671571209e+00 3.04348e-33 9.99995e-01 9.99999e-01 5.92302e-32 5.06766e-01 9.99999e-01 9.93825e-01 9.99999e-01 9.99451e-01 5.43012e-02
2.684929065e+00 2.45522e-30 9.99287e-01 9.99999e-01 3.94705e-29 5.24420e-01 9.99999e-01 9.95930e-01 9.99999e-01 9.99462e-01 6.48710e-02
2.698353710e+00 5.83849e-20 9.99572e-01 9.99999e-01 7.82691e-19 6.31877e-01 9.99999e-01 9.95575e-01 9.99999e-01 9.99473e-01 7.62360e-02
2.711845479e+00 1.11721e-33 9.99982e-01 9.99999e-01 1.29502e-32 6.62347e-01 9.99999e-01 9.95454e-01 9.99999e-01 9.99483e-01 8.79023e-02
2.725404706e+00 5.72292e-16 9.99999e-01 9.99999e-01 5.80140e-15 6.98723e-01 9.99999e-01 9.97276e-01 9.99999e-01 9.99493e-01 9.97763e-02
2.739031730e+00 3.10377e-14 9.99999e-01 9.99999e-01 2.80032e-13 7.57922e-01 9.99999e-01 9.97537e-01 9.99999e-01 9.99503e-01 1.11717e-01
2.752726889e+00 3.45959e-14 9.99973e-01 9.99999e-01 2.80032e-13 7.88366e-01 9.99999e-01 9.97585e-01 9.99999e-01 9.99513e-01 1.24010e-01
2.766490523e+00 4.33703e-21 9.99969e-01 9.99999e-01 3.18235e-20 8.28624e-01 9.99999e-01 9.98020e-01 9.99999e-01 9.99523e-01 1.36791e-01
2.780322976e+00 4.82897e-21 9.99926e-01 9.99999e-01 3.22573e-20 8.50894e-01 9.99999e-01 9.97030e-01 9.99999e-01 9.99532e-01 1.50434e-01
2.794224591e+00 1.19182e-18 9.93755e-01 9.99999e-01 7.25157e-18 8.26735e-01 9.99999e-01 9.97499e-01 9.99999e-01 9.99541e-01 1.65123e-01
2.808195713e+00 4.15289e-14 9.95848e-01 9.99999e-01 2.30673e-13 8.71394e-01 9.99999e-01 9.97614e-01 9.99999e-01 9.99550e-01 1.80872e-01
2.822236692e+00 4.88531e-15 9.98575e-01 9.99999e-01 2.47016e-14 8.79140e-01 9.99999e-01 9.98063e-01 9.99999e-01 9.99559e-01 1.98339e-01
2.836347875e+00 5.96242e-15 9.99997e-01 9.99999e-01 2.74683e-14 9.02349e-01 9.99999e-01 9.98595e-01 9.99999e-01 9.99568e-01 2.17352e-01
2.850529615e+00 7.52950e-17 9.99999e-01 9.99999e-01 3.17121e-16 9.26088e-01 9.99999e-01 9.99055e-01 9.99999e-01 9.99576e-01 2.37732e-01
2.864782263e+00 2.71523e-12 9.99999e-01 9.99999e-01 1.05043e-11 9.15510e-01 9.99999e-01 9.99418e-01 9.99999e-01 9.99585e-01 2.59211e-01
2.879106174e+00 2.94841e-12 9.99999e-01 9.99999e-01 1.05043e-11 9.35515e-01 9.99999e-01 9.99664e-01 9.99999e-01 9.99593e-01 2.81284e-01
2.893501705e+00 2.92040e-11 9.98442e-01 9.99999e-01 9.63598e-11 9.43959e-01 9.99999e-01 9.99829e-01 9.99999e-01 9.99601e-01 3.03483e-01
2.907969214e+00 3.08166e-10 9.99998e-01 9.99999e-01 9.47947e-10 8.97179e-01 9.99999e-01 9.99925e-01 9.99999e-01 9.99609e-01 3.25536e-01
2.922509060e+00 1.06234e-07 9.99999e-01 9.99999e-01 3.07369e-07 8.84099e-01 9.99999e-01 9.99979e-01 9.99999e-01 9.99616e-01 3.47038e-01
2.937121605e+00 1.81039e-05 9.99999e-01 9.99999e-01 4.93641e-05 8.66060e-01 9.99999e-01 9.99994e-01 9.99999e-01 9.99624e-01 3.67791e-01
2.951807213e+00 4.39663e-07 9.99999e-01 9.99999e-01 1.14024e-06 8.62724e-01 9.99999e-01 9.99996e-01 9.99999e-01 9.99631e-01 3.87731e-01
2.966566249e+00 1.72912e-07 9.99947e-01 9.99999e-01 4.26811e-07 8.50627e-01 9.99999e-01 9.99997e-01 9.99999e-01 9.99639e-01 4.06960e-01
2.981399080e+00 5.27567e-07 9.98903e-01 9.99999e-01 1.25025e-06 8.26098e-01 9.99999e-01 9.99998e-01 9.99999e-01 9.99646e-01 4.25639e-01
2.996306076e+00 8.81762e-06 9.97326e-01 9.99999e-01 2.00611e-05 7.55455e-01 9.99999e-01 9.99998e-01 9.99999e-01 9.99653e-01 4.43393e-01
3.011287606e+00 4.65798e-05 9.96616e-01 9.99999e-01 1.03936e-04 6.29811e-01 9.99999e-01 9.99998e-01 9.99999e-01 9.99660e-01 4.60333e-01
3.026344044e+00 2.03748e-04 9.99998e-01 9.99999e-01 4.45938e-04 5.38233e-01 9.99999e-01 9.99998e-01 9.99999e-01 9.99666e-01 4.76662e-01
3.041475764e+00 2.15140e-04 9.99996e-01 9.99999e-01 4.58900e-04 4.90755e-01 9.99999e-01 9.99998e-01 9.99999e-01 9.99673e-01 4.92399e-01
3.056683143e+00 3.94354e-04 9.99999e-01 9.99999e-01 8.39466e-04 3.66512e-01 9.99999e-01 9.99999e-01 9.99999e-01 9.99679e-01 5.07323e-01
3.071966559e+00 1.49329e-03 9.99418e-01 9.99999e-01 3.11203e-03 3.91274e-01 9.99999e-01 9.99999e-01 9.99999e-01 9.99686e-01 5.21278e-01
3.087326392e+00 1.14884e-03 9.99999e-01 9.99999e-01 2.65758e-03 2.02973e-01 9.99999e-01 9.99999e-01 9.99999e-01 9.99692e-01 5.34308e-01
3.102763024e+00 2.17160e-03 9.99999e-01 9.99999e-01 2.00635e-02 1.68518e-02 9.99999e-01 9.99999e-01 9.99999e-01 9.99698e-01 5.46294e-01
3.118276839e+00 2.80406e-05 9.99999e-01 9.99999e-01 1.25871e-02 3.44445e-04 9.99999e-01 9.99999e-01 9.99999e-01 9.99704e-01 5.57285e-01
3.133868223e+00 8.94007e-07 9.99986e-01 9.99999e-01 1.15973e-02 1.15518e-05 9.99999e-01 9.99999e-01 9.99999e-01 9.99710e-01 5.67441e-01
3.149537564e+00 1.01529e-06 9.99999e-01 9.99999e-01 1.31764e-02 8.65729e-06 9.99999e-01 9.99999e-01 9.99999e-01 9.99715e-01 5.76873e-01
3.165285252e+00 4.05623e-09 9.99753e-01 9.99999e-01 5.25100e-02 1.32683e-08 9.99999e-01 9.99999e-01 9.99999e-01 9.99721e-01 5.85842e-01
3.181111678e+00 1.35506e-19 9.99990e-01 9.99999e-01 4.38862e-02 6.07245e-19 9.99999e-01 9.99999e-01 9.99999e-01 9.99726e-01 5.94729e-01
3.197017237e+00 7.07924e-22 9.99987e-01 9.99999e-01 1.37005e-02 3.12899e-21 9.99999e-01 9.99999e-01 9.99999e-01 9.99732e-01 6.03775e-01
3.213002323e+00 6.43780e-31 9.99995e-01 9.99999e-01 1.30590e-02 3.29702e-30 9.99999e-01 9.99999e-01 9.99999e-01 9.99737e-01 6.13393e-01
3.229067334e+00 9.55928e-26 9.92522e-01 9.99999e-01 2.52962e-02 4.50145e-25 9.99999e-01 9.99999e-01 9.99999e-01 9.99742e-01 6.23565e-01
3.245212671e+00 1.38258e-22 9.99679e-01 9.99999e-01 4.14452e-02 3.41654e-22 9.99999e-01 9.99999e-01 9.99999e-01 9.99747e-01 6.34261e-01
3.261438734e+00 3.40321e-17 9.99949e-01 9.99999e-01 7.73457e-02 8.26295e-17 9.99999e-01 9.99999e-01 9.99999e-01 9.99752e-01 6.45525e-01
3.277745928e+00 4.20756e-12 9.99998e-01 9.99999e-01 3.42016e-02 1.52580e-11 9.99999e-01 9.99999e-01 9.99999e-01 9.99757e-01 6.57343e-01
3.294134658e+00 4.61877e-11 9.99999e-01 9.99999e-01 3.71222e-02 1.64454e-10 9.99999e-01 9.99999e-01 9.99999e-01 9.99762e-01 6.69481e-01
3.310605331e+00 2.43826e-11 9.99999e-01 9.99999e-01 2.17133e-02 1.63139e-10 9.99999e-01 9.99999e-01 9.99999e-01 9.99767e-01 6.81754e-01
3.327158358e+00 0.00000e+00 9.99987e-01 9.99999e-01 6.55823e-02 0.00000e+00 9.99999e-01 9.99999e-01 9.99999e-01 9.99771e-01 6.93844e-01
3.343794149e+00 2.43177e-14 9.99999e-01 9.99999e-01 4.90629e-02 6.93295e-14 9.99999e-01 9.99999e-01 9.99999e-01 9.99776e-01 7.05488e-01
3.360513120e+00 5.97104e-15 9.99999e-01 9.99999e-01 4.52892e-02 1.73227e-14 9.99999e-01 9.99999e-01 9.99999e-01 9.99780e-01 7.16761e-01
3.377315686e+00 6.45368e-16 9.99975e-01 9.99999e-01 3.45430e-02 2.58493e-15 9.99999e-01 9.99999e-01 9.99999e-01 9.99785e-01 7.27318e-01
3.394202264e+00 1.43656e-18 9.99999e-01 9.99999e-01 5.83239e-02 4.70216e-18 9.99999e-01 9.99999e-01 9.99999e-01 9.99789e-01 7.37055e-01
3.411173276e+00 1.76879e-18 9.99999e-01 9.99999e-01 6.05939e-02 3.79341e-18 9.99999e-01 9.99999e-01 9.99999e-01 9.99793e-01 7.46111e-01
3.428229142e+00 8.71427e-26 9.99999e-01 9.99999e-01 1.07605e-01 1.84813e-25 9.99999e-01 9.99999e-01 9.99999e-01 9.99797e-01 7.54489e-01
3.445370288e+00 1.36652e-26 9.99969e-01 9.99999e-01 1.27865e-01 3.04871e-26 9.99999e-01 9.99999e-01 9.99999e-01 9.99801e-01 7.62152e-01
3.462597139e+00 3.17253e-30 9.99999e-01 9.99999e-01 1.48034e-01 6.00559e-30 9.99999e-01 9.99999e-01 9.99999e-01 9.99805e-01 7.69156e-01
3.479910125e+00 4.93081e-16 9.99998e-01 9.99999e-01 1.79279e-01 8.58225e-16 9.99999e-01 9.99999e-01 9.99999e-01 9.99809e-01 7.75481e-01
3.497309675e+00 1.89968e-19 9.98320e-01 9.99999e-01 1.96667e-01 2.76635e-19 9.99999e-01 9.99999e-01 9.99999e-01 9.99812e-01 7.81157e-01
3.514796224e+00 4.12950e-12 9.99849e-01 9.99999e-01 2.59881e-01 5.82945e-12 9.99999e-01 9.99999e-01 9.99999e-01 9.99816e-01 7.86260e-01
3.532370205e+00 3.75106e-08 9.99995e-01 9.99999e-01 4.08714e-01 5.25159e-08 9.99999e-01 9.99999e-01 9.99999e-01 9.99820e-01 7.90763e-01
3.550032056e+00 3.76573e-06 9.99999e-01 9.99999e-01 3.78393e-01 5.13796e-06 9.99999e-01 9.99999e-01 9.99999e-01 9.99823e-01 7.94710e-01
3.567782216e+00 1.09189e-05 9.99999e-01 9.99999e-01 4.23188e-01 1.48341e-05 9.99999e-01 9.99999e-01 9.99999e-01 9.99827e-01 7.98122e-01
3.585621127e+00 3.38601e-08 9.99999e-01 9.99999e-01 5.48710e-01 4.42277e-08 9.99999e-01 9.99999e-01 9.99999e-01 9.99830e-01 8.01004e-01
3.603549233e+00 4.38644e-09 9.99999e-01 9.99999e-01 5.98683e-01 5.66634e-09 9.99999e-01 9.99999e-01 9.99999e-01 9.99834e-01 8.03334e-01
3.621566979e+00 1.56643e-06 9.99998e-01 9.99999e-01 5.85330e-01 2.01428e-06 9.99999e-01 9.99999e-01 9.99999e-01 9.99837e-01 8.05140e-01
3.639674814e+00 5.09743e-06 9.99999e-01 9.99999e-01 6.84401e-01 6.44728e-06 9.99999e-01 9.99999e-01 9.99999e-01 9.99840e-01 8.06455e-01
3.657873188e+00 3.32923e-05 9.99999e-01 9.99999e-01 6.72499e-01 4.21672e-05 9.99999e-01 9.99999e-01 9.99999e-01 9.99843e-01 8.07292e-01
3.676162554e+00 2.60394e-04 9.99999e-01 9.99999e-01 5.10581e-01 3.41007e-04 9.99999e-01 9.99999e-01 9.99999e-01 9.99846e-01 8.07692e-01
3.694543367e+00 8.36411e-04 9.99999e-01 9.99999e-01 5.70119e-01 1.07667e-03 9.99999e-01 9.99999e-01 9.99999e-01 9.99849e-01 8.07700e-01
3.713016084e+00 9.57843e-04 9.99999e-01 9.99999e-01 6.35259e-01 1.22435e-03 9.99999e-01 9.99999e-01 9.99999e-01 9.99852e-01 8.07314e-01
3.731581164e+00 4.16293e-03 9.99995e-01 9.99999e-01 7.14294e-01 5.31396e-03 9.99999e-01 9.99999e-01 9.99999e-01 9.99855e-01 8.06571e-01
3.750239070e+00 6.86647e-03 9.99999e-01 9.99999e-01 6.92934e-01 8.80480e-03 9.99999e-01 9.99999e-01 9.99999e-01 9.99858e-01 8.05523e-01
3.768990265e+00 6.35610e-03 9.99998e-01 9.99999e-01 6.99106e-01 8.08224e-03 9.99999e-01 9.99999e-01 9.99999e-01 9.99861e-01 8.04183e-01
3.787835216e+00 2.88239e-03 9.99997e-01 9.99999e-01 6.93817e-01 3.64692e-03 9.99999e-01 9.99999e-01 9.99999e-01 9.99863e-01 8.02566e-01
3.806774393e+00 1.95496e-02 9.96948e-01 9.99999e-01 5.91123e-01 2.53248e-02 9.99999e-01 9.99999e-01 9.99999e-01 9.99866e-01 8.00673e-01
3.825808265e+00 5.22614e-02 9.99998e-01 9.99999e-01 6.05371e-01 7.12216e-02 9.99999e-01 9.99999e-01 9.99999e-01 9.99869e-01 7.98511e-01
3.844937306e+00 1.41590e-02 9.99999e-01 9.99999e-01 6.98201e-01 1.82524e-02 9.99999e-01 9.99999e-01 9.99999e-01 9.99871e-01 7.96087e-01
3.864161992e+00 1.52128e-02 9.99999e-01 9.99999e-01 6.39657e-01 2.01433e-02 9.99999e-01 9.99999e-01 9.99999e-01 9.99874e-01 7.93422e-01
3.883482802e+00 3.32439e-02 9.99999e-01 9.99999e-01 5.78991e-01 4.46509e-02 9.99999e-01 9.99999e-01 9.99999e-01 9.99876e-01 7.90516e-01
3.902900216e+00 7.26764e-03 9.99999e-01 9.99999e-01 6.77466e-01 9.53433e-03 9.99999e-01 9.99999e-01 9.99999e-01 9.99879e-01 7.87315e-01
3.922414717e+00 4.06126e-02 9.99999e-01 9.99999e-01 7.28990e-01 5.35613e-02 9.99999e-01 9.99999e-01 9.99999e-01 9.99881e-01 7.83879e-01
3.942026791e+00 3.21592e-02 9.99999e-01 9.99999e-01 6.43474e-01 4.36285e-02 9.99999e-01 9.99999e-01 9.99999e-01 9.99883e-01 7.80190e-01
3.961736925e+00 4.71432e-02 9.99999e-01 9.99999e-01 7.70207e-01 6.25322e-02 9.99999e-01 9.99999e-01 9.99999e-01 9.99886e-01 7.76258e-01
3.981545610e+00 3.68449e-02 9.99999e-01 9.99999e-01 6.53880e-01 4.98291e-02 9.99999e-01 9.99999e-01 9.99999e-01 9.99888e-01 7.72017e-01
4.001453338e+00 6.65925e-02 9.99999e-01 9.99999e-01 7.17992e-01 8.92403e-02 9.99999e-01 9.99999e-01 9.99999e-01 9.99890e-01 7.67524e-01
4.021460604e+00 8.07588e-02 9.99999e-01 9.99999e-01 7.09829e-01 1.10920e-01 9.99999e-01 9.99998e-01 9.99999e-01 9.99892e-01 7.62781e-01
4.041567907e+00 8.90380e-02 9.99998e-01 9.99999e-01 7.53059e-01 1.21749e-01 9.99999e-01 9.99997e-01 9.99999e-01 9.99894e-01 7.57807e-01
4.061775747e+00 1.18375e-01 9.99995e-01 9.99999e-01 6.81374e-01 1.68048e-01 9.99999e-01 9.99994e-01 9.99999e-01 9.99896e-01 7.52552e-01
4.082084626e+00 1.77504e-01 9.99999e-01 9.99999e-01 6.06118e-01 2.67177e-01 9.99999e-01 9.99990e-01 9.99999e-01 9.99898e-01 7.47068e-01
4.102495049e+00 1.84793e-01 9.99999e-01 9.99999e-01 6.05518e-01 2.79684e-01 9.99999e-01 9.99993e-01 9.99999e-01 9.99900e-01 7.41336e-01
4.123007524e+00 1.72715e-01 9.99999e-01 9.99999e-01 4.45334e-01 3.02514e-01 9.99999e-01 9.99995e-01 9.99999e-01 9.99902e-01 7.35331e-01
4.143622562e+00 1.56540e-01 9.99999e-01 9.99999e-01 4.97017e-01 2.61020e-01 9.99999e-01 9.99988e-01 9.99999e-01 9.99904e-01 7.29016e-01
4.164340674e+00 1.21776e-01 9.99843e-01 9.99999e-01 2.69238e-01 3.33936e-01 9.99999e-01 9.98849e-01 9.99999e-01 9.99906e-01 7.22403e-01
4.185162378e+00 1.12399e-01 9.99875e-01 9.99999e-01 2.19401e-01 3.47125e-01 9.99999e-01 9.55910e-01 9.99999e-01 9.99908e-01 7.15612e-01
4.206088190e+00 1.44812e-01 9.99999e-01 9.99999e-01 2.29110e-01 6.04175e-01 9.99999e-01 8.76196e-01 9.99999e-01 9.99910e-01 7.08501e-01
4.227118631e+00 5.98898e-02 9.99999e-01 9.99999e-01 1.64772e-01 2.36761e-01 9.99999e-01 8.05062e-01 9.99999e-01 9.99912e-01 7.01100e-01
4.248254224e+00 3.90271e-02 9.99999e-01 9.99999e-01 6.59739e-02 5.60213e-01 9.99999e-01 8.12470e-01 9.99999e-01 9.99913e-01 6.93477e-01
4.269495495e+00 5.07352e-02 9.99999e-01 9.99999e-01 1.02268e-01 3.45825e-01 9.99999e-01 8.21289e-01 9.99999e-01 9.99915e-01 6.85556e-01
4.290842972e+00 3.18733e-02 9.99999e-01 9.99999e-01 5.67162e-02 5.15682e-01 9.99999e-01 8.31782e-01 9.99999e-01 9.99917e-01 6.77405e-01
4.312297187e+00 2.61674e-02 9.99999e-01 9.99999e-01 4.70812e-02 4.58715e-01 9.99997e-01 8.22027e-01 9.99999e-01 9.99918e-01 6.69088e-01
4.333858673e+00 2.80716e-02 9.99999e-01 9.99999e-01 5.05026e-02 5.29528e-01 9.99145e-01 8.32977e-01 9.99999e-01 9.99920e-01 6.60498e-01
4.355527967e+00 1.65678e-02 9.99999e-01 9.99999e-01 2.94275e-02 5.10701e-01 9.88413e-01 8.49994e-01 9.99999e-01 9.99921e-01 6.51649e-01
4.377305606e+00 2.38054e-02 9.99999e-01 9.99999e-01 4.09389e-02 6.70065e-01 9.42307e-01 8.91489e-01 9.99999e-01 9.99923e-01 6.42529e-01
4.399192134e+00 1.40418e-02 9.99919e-01 9.99999e-01 2.35759e-02 5.45599e-01 8.92634e-01 9.20532e-01 9.99999e-01 9.99924e-01 6.33252e-01
4.421188095e+00 4.06799e-02 9.99966e-01 9.99999e-01 6.97342e-02 6.88219e-01 8.30961e-01 9.50753e-01 9.99999e-01 9.99926e-01 6.23824e-01
4.443294036e+00 9.27102e-03 9.99999e-01 9.99999e-01 1.62496e-02 6.53966e-01 7.40157e-01 9.69821e-01 9.99999e-01 9.99927e-01 6.14147e-01
4.465510506e+00 2.53736e-02 9.99999e-01 9.99999e-01 4.64362e-02 7.59903e-01 6.68258e-01 9.83234e-01 9.99999e-01 9.99929e-01 6.04205e-01
4.487838058e+00 2.92663e-02 9.99999e-01 9.99999e-01 5.78725e-02 6.62916e-01 6.03887e-01 9.90826e-01 9.99999e-01 9.99930e-01 5.94135e-01
4.510277249e+00 1.29680e-02 9.99999e-01 9.99999e-01 2.72001e-02 8.20752e-01 5.26237e-01 9.95646e-01 9.99999e-01 9.99932e-01 5.83979e-01
4.532828635e+00 1.42684e-02 9.99999e-01 9.99999e-01 3.03681e-02 7.20776e-01 5.29474e-01 9.98066e-01 9.99999e-01 9.99933e-01 5.73608e-01
4.555492778e+00 4.78894e-02 9.99999e-01 9.99999e-01 1.33410e-01 4.95624e-01 4.95816e-01 9.99439e-01 9.99999e-01 9.99934e-01 5.63017e-01
4.578270242e+00 3.95502e-02 9.99830e-01 9.99999e-01 9.16841e-02 7.52579e-01 4.63935e-01 9.99711e-01 9.99999e-01 9.99935e-01 5.52223e-01
4.601161593e+00 4.07873e-02 9.99999e-01 9.99999e-01 9.21750e-02 8.34564e-01 4.90504e-01 9.99850e-01 9.99999e-01 9.99937e-01 5.41385e-01
4.624167401e+00 7.91836e-03 9.99999e-01 9.99999e-01 1.69305e-02 7.71228e-01 5.73612e-01 9.99921e-01 9.99999e-01 9.99938e-01 5.30494e-01
4.647288238e+00 5.74007e-03 9.99999e-01 9.99999e-01 1.16027e-02 8.85476e-01 6.43814e-01 9.99960e-01 9.99999e-01 9.99939e-01 5.19390e-01
4.670524679e+00 8.56134e-03 9.99998e-01 9.99999e-01 1.75179e-02 7.95022e-01 7.10043e-01 9.99971e-01 9.99999e-01 9.99940e-01 5.08138e-01
4.693877303e+00 2.07245e-02 9.97643e-01 9.99999e-01 4.49556e-02 8.73652e-01 6.90102e-01 9.99956e-01 9.99999e-01 9.99942e-01 4.96892e-01
4.717346689e+00 2.81941e-03 9.99998e-01 9.99999e-01 6.34038e-03 8.03673e-01 6.39740e-01 9.99958e-01 9.99999e-01 9.99943e-01 4.85518e-01
4.740933423e+00 1.17518e-02 9.99999e-01 9.99999e-01 2.84006e-02 9.06676e-01 5.93745e-01 9.99951e-01 9.99999e-01 9.99944e-01 4.74034e-01
4.764638090e+00 1.04102e-02 9.99999e-01 9.99999e-01 2.56188e-02 8.01610e-01 5.93065e-01 9.99953e-01 9.99999e-01 9.99945e-01 4.62590e-01
4.788461280e+00 3.84064e-03 9.99999e-01 9.99999e-01 9.38522e-03 9.30459e-01 5.84769e-01 9.99953e-01 9.99999e-01 9.99946e-01 4.51191e-01
4.812403587e+00 2.30421e-03 9.99999e-01 9.99999e-01 5.73574e-03 9.49932e-01 6.19694e-01 9.99930e-01 9.99999e-01 9.99947e-01 4.39719e-01
4.836465604e+00 2.58933e-03 9.99999e-01 9.99999e-01 6.55627e-03 9.51741e-01 6.37743e-01 9.99959e-01 9.99999e-01 9.99948e-01 4.28155e-01
4.860647933e+00 1.33646e-03 9.99999e-01 9.99999e-01 3.45690e-03 9.52384e-01 6.40294e-01 9.99956e-01 9.99999e-01 9.99949e-01 4.16701e-01
4.884951172e+00 1.02230e-03 9.99999e-01 9.99999e-01 2.67215e-03 9.64549e-01 6.79036e-01 9.99963e-01 9.99999e-01 9.99950e-01 4.05243e-01
4.909375928e+00 1.83022e-03 9.99999e-01 9.99999e-01 4.90603e-03 9.50842e-01 6.90344e-01 9.99973e-01 9.99999e-01 9.99951e-01 3.93640e-01
4.933922808e+00 1.14798e-03 9.99999e-01 9.99999e-01 3.14355e-03 9.54623e-01 6.94148e-01 9.99985e-01 9.99999e-01 9.99952e-01 3.82175e-01
4.958592422e+00 8.04415e-05 9.99999e-01 9.99999e-01 2.22147e-04 9.67406e-01 7.68231e-01 9.99990e-01 9.99999e-01 9.99953e-01 3.70839e-01
4.983385384e+00 8.28173e-04 9.99999e-01 9.99999e-01 2.35206e-03 9.52684e-01 7.90269e-01 9.99995e-01 9.99999e-01 9.99954e-01 3.59518e-01
5.008302311e+00 2.07824e-04 9.99999e-01 9.99999e-01 6.06570e-04 9.58878e-01 8.55297e-01 9.99996e-01 9.99999e-01 9.99955e-01 3.48153e-01
5.033343822e+00 1.89607e-04 9.99935e-01 9.99999e-01 5.69867e-04 9.60252e-01 8.36913e-01 9.99997e-01 9.99999e-01 9.99956e-01 3.36794e-01
5.058510541e+00 3.38019e-04 9.98479e-01 9.99999e-01 1.04513e-03 9.13026e-01 9.15511e-01 9.99997e-01 9.99999e-01 9.99956e-01 3.25646e-01
5.083803094e+00 2.37906e-04 9.99998e-01 9.99999e-01 7.60727e-04 8.77677e-01 9.00701e-01 9.99998e-01 9.99999e-01 9.99957e-01 3.14495e-01
5.109222110e+00 9.11781e-05 9.99999e-01 9.99999e-01 3.02021e-04 8.72702e-01 9.45000e-01 9.99997e-01 9.99999e-01 9.99958e-01 3.03357e-01
5.134768220e+00 6.70950e-05 9.99999e-01 9.99999e-01 2.30089e-04 8.08568e-01 9.51401e-01 9.99998e-01 9.99999e-01 9.99959e-01 2.92516e-01
5.160442061e+00 1.99596e-08 9.99999e-01 9.99999e-01 7.10229e-08 9.51396e-01 9.61820e-01 9.99996e-01 9.99999e-01 9.99960e-01 2.81842e-01
5.186244272e+00 1.34759e-06 9.99999e-01 9.99999e-01 4.99674e-06 8.32968e-01 9.78848e-01 9.99997e-01 9.99999e-01 9.99960e-01 2.71096e-01
5.212175493e+00 9.16479e-09 9.99999e-01 9.99999e-01 3.53083e-08 8.89708e-01 9.82543e-01 9.99995e-01 9.99999e-01 9.99961e-01 2.60597e-01
5.238236370e+00 1.06240e-05 9.99999e-01 9.99999e-01 4.29661e-05 8.33846e-01 9.89033e-01 9.99995e-01 9.99999e-01 9.99962e-01 2.50377e-01
5.264427552e+00 9.77033e-08 9.99999e-01 9.99999e-01 4.20195e-07 4.67370e-01 9.94707e-01 9.99994e-01 9.99999e-01 9.99963e-01 2.40321e-01
5.290749690e+00 1.36980e-07 9.99999e-01 9.99999e-01 6.27940e-07 4.83080e-01 9.97323e-01 9.99994e-01 9.99999e-01 9.99963e-01 2.30392e-01
5.317203438e+00 1.65828e-06 9.99999e-01 9.99999e-01 8.01854e-06 4.79746e-01 9.98100e-01 9.99994e-01 9.99999e-01 9.99964e-01 2.20871e-01
5.343789456e+00 2.23891e-07 9.99999e-01 9.99999e-01 1.20136e-06 3.01364e-01 9.99530e-01 9.99995e-01 9.99999e-01 9.99965e-01 2.11592e-01
5.370508403e+00 1.07006e-14 9.99999e-01 9.99999e-01 6.10243e-14 3.80822e-01 9.99998e-01 9.99996e-01 9.99999e-01 9.99965e-01 2.02486e-01
5.397360945e+00 2.89356e-10 9.99999e-01 9.99999e-01 1.85715e-09 2.80102e-01 9.99999e-01 9.99996e-01 9.99999e-01 9.99966e-01 1.93697e-01
5.424347750e+00 1.78137e-24 9.99999e-01 9.99999e-01 1.38417e-23 1.82374e-01 9.99912e-01 9.99997e-01 9.99999e-01 9.99967e-01 1.85312e-01
5.451469488e+00 1.29343e-15 9.99996e-01 9.99999e-01 1.08487e-14 1.19754e-01 9.99999e-01 9.99998e-01 9.99999e-01 9.99967e-01 1.77031e-01
5.478726836e+00 6.94947e-12 9.99988e-01 9.99999e-01 6.69127e-11 1.07683e-01 9.99999e-01 9.99998e-01 9.99999e-01 9.99968e-01 1.69046e-01
5.506120470e+00 6.63030e-12 9.83320e-01 9.99999e-01 6.69127e-11 9.26599e-02 9.99999e-01 9.99998e-01 9.99999e-01 9.99969e-01 1.61284e-01
5.533651072e+00 3.01866e-26 9.99972e-01 9.99999e-01 3.30143e-25 1.06838e-01 9.99999e-01 9.99999e-01 9.99999e-01 9.99969e-01 1.53709e-01
5.561319328e+00 9.96933e-29 9.99995e-01 9.99999e-01 1.07284e-27 1.10710e-01 9.99999e-01 9.99999e-01 9.99999e-01 9.99970e-01 1.46525e-01
5.589125924e+00 3.90202e-22 9.99998e-01 9.99999e-01 4.83055e-21 6.05113e-02 9.99999e-01 9.99999e-01 9.99999e-01 9.99970e-01 1.39557e-01
5.617071554e+00 3.12629e-25 9.99999e-01 9.99999e-01 4.06056e-24 3.14912e-02 9.99999e-01 9.99999e-01 9.99999e-01 9.99971e-01 1.32628e-01
5.645156912e+00 4.99008e-27 9.99999e-01 9.99999e-01 5.90899e-25 4.47800e-03 9.99999e-01 9.99999e-01 9.99999e-01 9.99972e-01 1.26062e-01
5.673382696e+00 4.97934e-27 9.99999e-01 9.99999e-01 1.87442e-25 1.73131e-02 9.99999e-01 9.99999e-01 9.99999e-01 9.99972e-01 1.19721e-01
5.701749610e+00 1.01377e-26 9.99999e-01 9.99999e-01 1.75621e-25 3.27422e-02 9.99999e-01 9.99999e-01 9.99999e-01 9.99973e-01 1.13561e-01
5.730258358e+00 3.19976e-37 9.99999e-01 9.99999e-01 5.85398e-36 5.01259e-02 9.99999e-01 9.99999e-01 9.99999e-01 9.99973e-01 1.07531e-01
5.758909650e+00 2.55389e-37 9.99999e-01 9.99999e-01 5.85398e-36 3.85890e-02 9.99999e-01 9.99999e-01 9.99999e-01 9.99974e-01 1.01729e-01
5.787704198e+00 1.11877e-24 9.99999e-01 9.99999e-01 2.71084e-23 3.35255e-02 9.99999e-01 9.99999e-01 9.99999e-01 9.99974e-01 9.62355e-02
5.816642719e+00 4.67309e-25 9.99978e-01 9.99999e-01 2.71080e-23 6.12659e-03 9.99999e-01 9.99999e-01 9.99999e-01 9.99975e-01 9.08981e-02
5.845725932e+00 9.57686e-34 9.99999e-01 9.99999e-01 1.24418e-29 2.70064e-05 9.99999e-01 9.99999e-01 9.99999e-01 9.99975e-01 8.57279e-02
5.874954562e+00 1.58335e-31 9.99999e-01 9.99999e-01 1.24418e-29 5.35920e-03 9.99999e-01 9.99999e-01 9.99999e-01 9.99976e-01 8.07161e-02
5.904329335e+00 2.80462e-29 9.99999e-01 9.99999e-01 1.02935e-27 2.13883e-02 9.99999e-01 9.99999e-01 9.99999e-01 9.99976e-01 7.60448e-02
5.933850982e+00 1.61050e-29 9.99999e-01 9.99999e-01 1.02935e-27 1.70463e-02 9.99999e-01 9.99999e-01 9.99999e-01 9.99976e-01 7.15736e-02
5.963520237e+00 3.81797e-33 9.99999e-01 9.99999e-01 2.60589e-31 7.27427e-03 9.99999e-01 9.99999e-01 9.99999e-01 9.99977e-01 6.72705e-02
5.993337838e+00 4.39683e-20 9.99999e-01 9.99999e-01 1.23611e-17 1.99708e-03 9.99999e-01 9.99999e-01 9.99999e-01 9.99977e-01 6.31274e-02
6.023304527e+00 4.51575e-28 9.99997e-01 9.99999e-01 1.34082e-25 2.74215e-03 9.99999e-01 9.99999e-01 9.99999e-01 9.99978e-01 5.92137e-02
6.053421050e+00 2.34335e-29 9.99995e-01 9.99999e-01 1.23041e-26 1.16833e-03 9.99999e-01 9.99999e-01 9.99999e-01 9.99978e-01 5.55553e-02
6.083688155e+00 1.61577e-17 9.99975e-01 9.99999e-01 5.51072e-15 1.93015e-03 9.99999e-01 9.99999e-01 9.99999e-01 9.99979e-01 5.20477e-02
6.114106596e+00 5.95820e-12 9.91676e-01 9.99999e-01 1.44424e-08 3.24403e-04 9.99999e-01 9.99999e-01 9.99999e-01 9.99979e-01 4.87298e-02
6.144677129e+00 2.02960e-11 9.99988e-01 9.99999e-01 1.44870e-08 1.15981e-03 9.99999e-01 9.99999e-01 9.99999e-01 9.99979e-01 4.55786e-02
6.175400514e+00 4.36015e-19 9.99997e-01 9.99999e-01 3.32284e-16 1.01978e-03 9.99999e-01 9.99999e-01 9.99999e-01 9.99980e-01 4.25680e-02
6.206277517e+00 6.58443e-15 9.99998e-01 9.99999e-01 3.59395e-12 1.51513e-03 9.99999e-01 9.99999e-01 9.99999e-01 9.99980e-01 3.97747e-02
6.237308904e+00 4.82818e-10 9.99999e-01 9.99999e-01 2.86796e-07 1.62927e-03 9.99999e-01 9.99999e-01 9.99999e-01 9.99981e-01 3.71202e-02
6.268495449e+00 2.40215e-10 9.99999e-01 9.99999e-01 2.84815e-07 9.14152e-04 9.99999e-01 9.99999e-01 9.99999e-01 9.99981e-01 3.45908e-02
6.299837926e+00 3.70768e-09 9.99999e-01 9.99999e-01 6.95431e-06 1.01688e-03 9.99999e-01 9.99999e-01 9.99999e-01 9.99981e-01 3.21906e-02
6.331337116e+00 5.42301e-11 9.99999e-01 9.99999e-01 9.69782e-08 1.05432e-03 9.99999e-01 9.99999e-01 9.99999e-01 9.99982e-01 2.99489e-02
6.362993801e+00 1.93167e-18 9.99999e-01 9.99999e-01 3.40155e-13 6.61701e-06 9.99999e-01 9.99999e-01 9.99999e-01 9.99982e-01 2.79001e-02
6.394808770e+00 8.90525e-28 9.99999e-01 9.99999e-01 2.26537e-22 4.71475e-06 9.99999e-01 9.99999e-01 9.99999e-01 9.99982e-01 2.59555e-02
6.426782814e+00 4.43140e-50 9.99992e-01 9.99999e-01 1.19321e-44 4.61295e-06 9.99999e-01 9.99999e-01 9.99999e-01 9.99983e-01 2.41547e-02
6.458916728e+00 8.94466e-63 9.99988e-01 9.99999e-01 3.43073e-49 3.47859e-14 9.99999e-01 9.99999e-01 9.99999e-01 9.99983e-01 2.24871e-02
6.491211312e+00 6.65605e-67 9.99998e-01 9.99999e-01 2.29883e-52 4.14666e-15 9.99999e-01 9.99999e-01 9.99999e-01 9.99983e-01 2.09492e-02
6.523667368e+00 1.95836e-62 9.99997e-01 9.99999e-01 8.72033e-56 3.51709e-07 9.99999e-01 9.99999e-01 9.99999e-01 9.99984e-01 1.95389e-02
6.556285705e+00 1.63029e-58 9.99999e-01 9.99999e-01 8.72033e-56 3.20129e-03 9.99999e-01 9.99999e-01 9.99999e-01 9.99984e-01 1.82376e-02
6.589067134e+00 4.49535e-98 9.99999e-01 9.99999e-01 1.37210e-95 1.24446e-02 9.99999e-01 9.99999e-01 9.99999e-01 9.99984e-01 1.70311e-02
6.622012469e+00 9.27293e-98 9.99999e-01 9.99999e-01 1.37210e-95 3.62433e-02 9.99999e-01 9.99999e-01 9.99999e-01 9.99984e-01 1.59159e-02
6.655122532e+00 9.03888e-70 9.99999e-01 9.99999e-01 3.36122e-67 1.21635e-02 9.99999e-01 9.99999e-01 9.99999e-01 9.99985e-01 1.49251e-02
6.688398144e+00 8.61591e-47 9.99999e-01 9.99999e-01 2.09104e-44 2.61455e-02 9.99999e-01 9.99999e-01 9.99999e-01 9.99985e-01 1.40252e-02
6.721840135e+00 1.21583e-48 9.99999e-01 9.99999e-01 1.05365e-45 4.75377e-03 9.99999e-01 9.99999e-01 9.99999e-01 9.99985e-01 1.32303e-02
6.755449336e+00 4.96878e-41 9.99999e-01 9.99999e-01 9.14653e-36 1.31036e-05 9.99999e-01 9.99999e-01 9.99999e-01 9.99986e-01 1.25068e-02
6.789226583e+00 3.92658e-62 9.99997e-01 9.99999e-01 7.62277e-57 1.32231e-05 9.99999e-01 9.99999e-01 9.99999e-01 9.99986e-01 1.18581e-02
6.823172715e+00 1.98458e-61 9.99987e-01 9.99999e-01 8.15765e-57 6.55729e-05 9.99999e-01 9.99999e-01 9.99999e-01 9.99986e-01 1.12878e-02
6.857288579e+00 6.61234e-81 9.99964e-01 9.99999e-01 3.40909e-77 5.64040e-04 9.99999e-01 9.99999e-01 9.99999e-01 9.99986e-01 1.07631e-02
6.891575022e+00 2.71676e-30 9.92422e-01 9.99999e-01 6.86717e-26 1.42820e-04 9.99999e-01 9.99999e-01 9.99999e-01 9.99987e-01 1.02651e-02
6.926032897e+00 5.44139e-35 9.84359e-01 9.99999e-01 1.73589e-30 9.68949e-05 9.99999e-01 9.99999e-01 9.99999e-01 9.99987e-01 9.81379e-03
6.960663062e+00 1.31621e-39 9.99961e-01 9.99999e-01 5.83226e-34 7.23655e-06 9.99999e-01 9.99999e-01 9.99999e-01 9.99987e-01 9.40170e-03
6.995466377e+00 3.35800e-49 9.99986e-01 9.99999e-01 3.46886e-40 3.21948e-09 9.99999e-01 9.99999e-01 9.99999e-01 9.99987e-01 9.03189e-03
7.030443709e+00 1.61618e-56 9.99994e-01 9.99999e-01 1.79217e-47 3.11495e-09 9.99999e-01 9.99999e-01 9.99999e-01 9.99988e-01 8.68593e-03
7.065595927e+00 7.26001e-46 9.99999e-01 9.99999e-01 1.11520e-35 2.33350e-10 9.99999e-01 9.99999e-01 9.99999e-01 9.99988e-01 8.37008e-03
7.100923907e+00 1.20865e-46 9.99999e-01 9.99999e-01 1.11585e-35 4.01882e-11 9.99999e-01 9.99999e-01 9.99999e-01 9.99988e-01 8.08631e-03
7.136428526e+00 5.74634e-61 9.99989e-01 9.99999e-01 8.38888e-40 2.63064e-21 9.99999e-01 9.99999e-01 9.99999e-01 9.99988e-01 7.81233e-03
7.172110669e+00 6.08666e-50 9.99999e-01 9.99999e-01 1.00275e-27 2.50488e-22 9.99999e-01 9.99999e-01 9.99999e-01 9.99988e-01 7.55565e-03
7.207971222e+00 8.97054e-79 9.99999e-01 9.99999e-01 2.12564e-29 1.73268e-49 9.99999e-01 9.99999e-01 9.99999e-01 9.99989e-01 7.30742e-03
7.244011079e+00 4.07637e-99 9.99999e-01 9.99999e-01 3.90136e-29 4.43235e-70 9.99999e-01 9.99999e-01 9.99999e-01 9.99989e-01 7.07258e-03
7.280231134e+00 1.05238e-147 9.99831e-01 9.99999e-01 3.07127e-29 1.50297e-118 9.99999e-01 9.99999e-01 9.99999e-01 9.99989e-01 6.84004e-03
7.316632290e+00 9.34750e-113 9.99999e-01 9.99999e-01 4.37066e-19 1.14232e-93 9.99999e-01 9.99999e-01 9.99999e-01 9.99989e-01 6.60638e-03
7.353215451e+00 7.04094e-162 9.99999e-01 9.99999e-01 1.86029e-36 1.77998e-125 9.99999e-01 9.99999e-01 9.99999e-01 9.99989e-01 6.37953e-03
7.389981528e+00 4.08146e-102 9.99999e-01 9.99999e-01 5.17218e-17 3.84879e-85 9.99999e-01 9.99999e-01 9.99999e-01 9.99990e-01 6.15138e-03
7.426931436e+00 3.94677e-102 9.99999e-01 9.99999e-01 5.19710e-17 3.84879e-85 9.99999e-01 9.99999e-01 9.99999e-01 9.99990e-01 5.92618e-03
7.464066093e+00 5.90949e-106 9.99999e-01 9.99999e-01 1.35628e-22 2.29327e-83 9.99999e-01 9.99999e-01 9.99999e-01 9.99990e-01 5.70032e-03
7.501386424e+00 1.24132e-87 9.99999e-01 9.99999e-01 1.72258e-11 3.94743e-76 9.99999e-01 9.99999e-01 9.99999e-01 9.99990e-01 5.47769e-03
7.538893356e+00 4.78220e-63 9.99999e-01 9.99999e-01 1.72243e-11 1.58454e-51 9.99999e-01 9.99999e-01 9.99999e-01 9.99990e-01 5.25699e-03
7.576587822e+00 3.31662e-52 9.99999e-01 9.99999e-01 5.89289e-23 3.35172e-29 9.99999e-01 9.99999e-01 9.99999e-01 9.99991e-01 5.03795e-03
7.614470762e+00 2.80608e-29 9.99999e-01 9.99999e-01 5.21040e-13 3.34766e-16 9.99999e-01 9.99999e-01 9.99999e-01 9.99991e-01 4.82659e-03
7.652543115e+00 1.42328e-36 9.99999e-01 9.99999e-01 6.77642e-09 1.36461e-27 9.99999e-01 9.99999e-01 9.99999e-01 9.99991e-01 4.61792e-03
7.690805831e+00 0.00000e+00 9.99999e-01 9.99999e-01 2.27278e-06 0.00000e+00 9.99999e-01 9.99999e-01 9.99999e-01 9.99991e-01 4.41609e-03
7.729259860e+00 0.00000e+00 9.99999e-01 9.99999e-01 4.69788e-17 0.00000e+00 9.99999e-01 9.99999e-01 9.99999e-01 9.99991e-01 4.21924e-03
7.767906159e+00 3.57637e-228 9.99999e-01 9.99999e-01 1.33856e-09 1.99037e-218 9.99999e-01 9.99999e-01 9.99999e-01 9.99991e-01 4.02853e-03
7.806745690e+00 4.76268e-133 9.99999e-01 9.99999e-01 8.99443e-08 4.40915e-125 9.99999e-01 9.99999e-01 9.99999e-01 9.99991e-01 3.84965e-03
7.845779419e+00 1.00667e-102 9.99999e-01 9.99999e-01 1.00906e-07 9.74871e-95 9.99999e-01 9.99999e-01 9.99999e-01 9.99992e-01 3.68016e-03
7.885008316e+00 4.68262e-94 9.99996e-01 9.99999e-01 2.53439e-20 1.57724e-73 9.99999e-01 9.99999e-01 9.99999e-01 9.99992e-01 3.51455e-03
7.924433357e+00 3.08176e-41 9.99989e-01 9.99999e-01 8.07578e-11 3.42916e-30 9.99999e-01 9.99999e-01 9.99999e-01 9.99992e-01 3.35614e-03
7.964055524e+00 9.47815e-37 9.99970e-01 9.99999e-01 2.59142e-06 3.42916e-30 9.99999e-01 9.99999e-01 9.99999e-01 9.99992e-01 3.20067e-03
8.003875802e+00 5.96911e-55 9.96133e-01 9.99999e-01 1.32721e-04 6.77381e-50 9.99999e-01 9.99999e-01 9.99999e-01 9.99992e-01 3.05089e-03
8.043895181e+00 1.63555e-62 9.86522e-01 9.99999e-01 9.68115e-11 1.74452e-51 9.99999e-01 9.99999e-01 9.99999e-01 9.99992e-01 2.90581e-03
8.084114657e+00 1.19797e-49 9.99976e-01 9.99999e-01 7.89468e-04 5.25528e-45 9.99999e-01 9.99999e-01 9.99999e-01 9.99992e-01 2.76535e-03
8.124535230e+00 2.44241e-32 9.99991e-01 9.99999e-01 7.45095e-05 5.82330e-27 9.99999e-01 9.99999e-01 9.99999e-01 9.99993e-01 2.63421e-03
8.165157906e+00 2.43529e-36 9.99995e-01 9.99999e-01 1.10289e-07 2.69525e-28 9.99999e-01 9.99999e-01 9.99999e-01 9.99993e-01 2.51190e-03
8.205983696e+00 1.83559e-30 9.99998e-01 9.99999e-01 1.64789e-04 1.62209e-25 9.99999e-01 9.99999e-01 9.99999e-01 9.99993e-01 2.39719e-03
8.247013614e+00 5.61386e-30 9.99999e-01 9.99999e-01 1.42101e-04 5.20089e-25 9.99999e-01 9.99999e-01 9.99999e-01 9.99993e-01 2.28562e-03
8.288248682e+00 3.37596e-24 9.99999e-01 9.99999e-01 8.46521e-03 1.96796e-20 9.99999e-01 9.99999e-01 9.99999e-01 9.99993e-01 2.17899e-03
8.329689926e+00 9.71655e-33 9.99999e-01 9.99999e-01 2.27584e-03 6.18991e-29 9.99999e-01 9.99999e-01 9.99999e-01 9.99993e-01 2.07660e-03
8.371338375e+00 4.15874e-35 9.99999e-01 9.99999e-01 6.90778e-04 1.08561e-30 9.99999e-01 9.99999e-01 9.99999e-01 9.99993e-01 1.97877e-03
8.413195067e+00 1.23162e-25 9.99999e-01 9.99999e-01 2.15506e-02 4.33632e-22 9.99999e-01 9.99999e-01 9.99999e-01 9.99993e-01 1.88475e-03
8.455261042e+00 1.13786e-26 9.99914e-01 9.99999e-01 3.41829e-03 1.42536e-22 9.99999e-01 9.99999e-01 9.99999e-01 9.99994e-01 1.79597e-03
8.497537348e+00 5.59898e-17 9.99999e-01 9.99999e-01 1.37192e-03 7.36271e-13 9.99999e-01 9.99999e-01 9.99999e-01 9.99994e-01 1.71083e-03
8.540025034e+00 1.83018e-21 9.99999e-01 9.99999e-01 3.55422e-03 2.19196e-17 9.99999e-01 9.99999e-01 9.99999e-01 9.99994e-01 1.63044e-03
8.582725160e+00 4.20636e-14 9.99999e-01 9.99999e-01 1.26194e-02 1.13065e-10 9.99999e-01 9.99999e-01 9.99999e-01 9.99994e-01 1.55439e-03
8.625638785e+00 4.52415e-15 9.99999e-01 9.99999e-01 2.71203e-02 1.27554e-11 9.99999e-01 9.99999e-01 9.99999e-01 9.99994e-01 1.48124e-03
8.668766979e+00 3.16788e-10 9.99999e-01 9.99999e-01 6.72354e-03 1.38525e-06 9.99999e-01 9.99999e-01 9.99999e-01 9.99994e-01 1.41182e-03
8.712110814e+00 7.67296e-10 9.99999e-01 9.99999e-01 1.18752e-02 7.26943e-06 9.99999e-01 9.99999e-01 9.99999e-01 9.99994e-01 1.34609e-03
8.755671368e+00 4.56717e-10 9.99999e-01 9.99999e-01 2.00722e-02 2.02858e-06 9.99999e-01 9.99999e-01 9.99999e-01 9.99994e-01 1.28433e-03
8.799449725e+00 4.39927e-10 9.99999e-01 9.99999e-01 1.49213e-02 1.98364e-06 9.99999e-01 9.99999e-01 9.99999e-01 9.99994e-01 1.22523e-03
8.843446974e+00 1.65902e-08 9.99999e-01 9.99999e-01 8.17979e-02 3.43052e-05 9.99999e-01 9.99999e-01 9.99999e-01 9.99994e-01 1.17137e-03
8.887664209e+00 9.10028e-08 9.99999e-01 9.99999e-01 1.30523e-01 1.54682e-04 9.99999e-01 9.99999e-01 9.99999e-01 9.99995e-01 1.12158e-03
8.932102530e+00 8.30782e-07 9.99999e-01 9.99999e-01 3.41455e-02 2.35106e-03 9.99999e-01 9.99998e-01 9.99999e-01 9.99995e-01 1.07466e-03
8.976763042e+00 1.20627e-06 9.99999e-01 9.99999e-01 2.04179e-02 6.77134e-03 9.99999e-01 9.99982e-01 9.99999e-01 9.99995e-01 1.03265e-03
9.021646857e+00 1.50274e-05 9.99968e-01 9.99999e-01 6.55276e-02 4.42885e-02 9.99999e-01 9.99941e-01 9.99999e-01 9.99995e-01 9.94031e-04
9.066755092e+00 3.72304e-06 9.99999e-01 9.99999e-01 4.56122e-02 2.09068e-02 9.99999e-01 9.99876e-01 9.99999e-01 9.99995e-01 9.59121e-04
9.112088867e+00 1.01849e-05 9.99999e-01 9.99999e-01 2.24134e-01 2.03476e-02 9.99999e-01 9.99810e-01 9.99999e-01 9.99995e-01 9.28994e-04
9.157649312e+00 1.39228e-05 9.99999e-01 9.99999e-01 6.91301e-02 4.08009e-02 9.99999e-01 9.99764e-01 9.99999e-01 9.99995e-01 9.02751e-04
9.203437558e+00 7.71406e-05 9.99999e-01 9.99999e-01 2.38765e-01 1.46066e-01 9.99999e-01 9.99755e-01 9.99999e-01 9.99995e-01 8.80144e-04
9.249454746e+00 3.15446e-05 9.99999e-01 9.99999e-01 1.12066e-01 1.05848e-01 9.99999e-01 9.99805e-01 9.99999e-01 9.99995e-01 8.61903e-04
9.295702020e+00 3.81992e-05 9.99999e-01 9.99999e-01 8.65736e-02 1.88850e-01 9.99999e-01 9.99860e-01 9.99999e-01 9.99995e-01 8.48346e-04
9.342180530e+00 5.84541e-05 9.99999e-01 9.99999e-01 2.31076e-01 1.42777e-01 9.99999e-01 9.99904e-01 9.99999e-01 9.99995e-01 8.38575e-04
9.388891432e+00 2.30489e-05 9.99999e-01 9.99999e-01 6.04889e-02 1.24522e-01 9.99999e-01 9.99925e-01 9.99999e-01 9.99995e-01 8.34191e-04
9.435835890e+00 3.64711e-05 9.99993e-01 9.99999e-01 7.02575e-02 2.16686e-01 9.99999e-01 9.99897e-01 9.99999e-01 9.99995e-01 8.34994e-04
9.483015069e+00 4.08424e-05 9.99986e-01 9.99999e-01 1.20847e-01 1.65328e-01 9.99999e-01 9.99865e-01 9.99999e-01 9.99996e-01 8.39210e-04
9.530430144e+00 1.50992e-04 9.99975e-01 9.99999e-01 3.08789e-01 3.18897e-01 9.99999e-01 9.99852e-01 9.99999e-01 9.99996e-01 8.46764e-04
9.578082295e+00 9.36385e-05 9.99934e-01 9.99999e-01 1.48829e-01 3.82468e-01 9.99999e-01 9.99854e-01 9.99999e-01 9.99996e-01 8.56425e-04
9.625972707e+00 2.80581e-05 9.99409e-01 9.99999e-01 5.07679e-02 2.41231e-01 9.99999e-01 9.99859e-01 9.99999e-01 9.99996e-01 8.69122e-04
9.674102570e+00 9.20438e-05 9.61492e-01 9.99999e-01 1.30039e-01 4.95507e-01 9.99999e-01 9.99854e-01 9.99999e-01 9.99996e-01 8.86834e-04
9.722473083e+00 1.43988e-04 9.99842e-01 9.99999e-01 1.95898e-01 4.65607e-01 9.99999e-01 9.99879e-01 9.99999e-01 9.99996e-01 9.05720e-04
9.771085448e+00 2.68822e-04 9.99959e-01 9.99999e-01 4.28739e-01 4.48228e-01 9.99999e-01 9.99910e-01 9.99999e-01 9.99996e-01 9.28900e-04
9.819940876e+00 7.22626e-05 9.99980e-01 9.99999e-01 8.07829e-02 6.34103e-01 9.99999e-01 9.99915e-01 9.99999e-01 9.99996e-01 9.55860e-04
9.869040580e+00 3.22650e-05 9.99988e-01 9.99999e-01 3.86523e-02 4.40670e-01 9.99999e-01 9.99927e-01 9.99999e-01 9.99996e-01 9.85452e-04
9.918385783e+00 7.78283e-05 9.99996e-01 9.99999e-01 9.04625e-02 3.65796e-01 9.99999e-01 9.99942e-01 9.99999e-01 9.99996e-01 1.02023e-03
9.967977712e+00 2.93396e-04 9.99999e-01 9.99999e-01 2.94767e-01 7.48557e-01 9.99999e-01 9.99955e-01 9.99999e-01 9.99996e-01 1.05883e-03
1.001781760e+01 1.09466e-04 9.99999e-01 9.99999e-01 1.07412e-01 6.86454e-01 9.99999e-01 9.99934e-01 9.99999e-01 9.99996e-01 1.10128e-03
1.006790669e+01 2.61394e-04 9.99999e-01 9.99999e-01 3.15393e-01 4.66077e-01 9.99999e-01 9.99924e-01 9.99999e-01 9.99996e-01 1.14827e-03
1.011824622e+01 2.46114e-04 9.99999e-01 9.99999e-01 2.10307e-01 8.39371e-01 9.99999e-01 9.99906e-01 9.99999e-01 9.99996e-01 1.19989e-03
1.016883745e+01 4.29478e-04 9.99717e-01 9.99999e-01 3.73702e-01 7.20646e-01 9.99999e-01 9.99914e-01 9.99999e-01 9.99996e-01 1.25454e-03
1.021968164e+01 4.10128e-04 9.99998e-01 9.99999e-01 3.58653e-01 6.38640e-01 9.99999e-01 9.99906e-01 9.99999e-01 9.99996e-01 1.31362e-03
1.027078005e+01 8.04099e-05 9.99920e-01 9.99999e-01 5.93327e-02 7.80428e-01 9.99999e-01 9.99920e-01 9.99999e-01 9.99996e-01 1.37572e-03
1.032213395e+01 3.31719e-05 9.99999e-01 9.99999e-01 2.31320e-02 8.69781e-01 9.99999e-01 9.99932e-01 9.99999e-01 9.99997e-01 1.44178e-03
1.037374462e+01 2.38248e-05 9.99999e-01 9.99999e-01 1.60742e-02 7.47258e-01 9.99999e-01 9.99953e-01 9.99999e-01 9.99997e-01 1.51069e-03
1.042561334e+01 1.19024e-05 9.99999e-01 9.99999e-01 7.57398e-03 7.82988e-01 9.99999e-01 9.99948e-01 9.99999e-01 9.99997e-01 1.58061e-03
1.047774141e+01 1.10761e-04 9.99999e-01 9.99999e-01 6.73298e-02 8.39975e-01 9.99999e-01 9.99909e-01 9.99999e-01 9.99997e-01 1.65345e-03
1.053013012e+01 4.23445e-04 9.99960e-01 9.99999e-01 2.49513e-01 8.53742e-01 9.99999e-01 9.99899e-01 9.99999e-01 9.99997e-01 1.72792e-03
1.058278077e+01 1.19051e-04 9.99999e-01 9.99999e-01 6.76733e-02 7.29485e-01 9.99999e-01 9.99884e-01 9.99999e-01 9.99997e-01 1.80412e-03
1.063569467e+01 2.22875e-04 9.99999e-01 9.99999e-01 1.18838e-01 9.22716e-01 9.99999e-01 9.99885e-01 9.99999e-01 9.99997e-01 1.88162e-03
1.068887314e+01 6.22204e-04 9.99999e-01 9.99999e-01 3.19431e-01 9.30599e-01 9.99999e-01 9.99889e-01 9.99999e-01 9.99997e-01 1.95860e-03
1.074231751e+01 1.50969e-04 9.99999e-01 9.99999e-01 7.59405e-02 8.21985e-01 9.99999e-01 9.99902e-01 9.99999e-01 9.99997e-01 2.03633e-03
1.079602910e+01 6.10142e-04 9.99999e-01 9.99999e-01 2.91294e-01 8.95312e-01 9.99999e-01 9.99912e-01 9.99999e-01 9.99997e-01 2.11436e-03
1.085000924e+01 6.98095e-05 9.99907e-01 9.99999e-01 3.18840e-02 9.56153e-01 9.99999e-01 9.99909e-01 9.99999e-01 9.99997e-01 2.19266e-03
1.090425929e+01 2.28691e-04 9.99933e-01 9.99999e-01 1.01356e-01 9.14152e-01 9.99999e-01 9.99914e-01 9.99999e-01 9.99997e-01 2.27031e-03
1.095878058e+01 2.37318e-05 9.99999e-01 9.99999e-01 1.01809e-02 8.52658e-01 9.99999e-01 9.99904e-01 9.99999e-01 9.99997e-01 2.34606e-03
1.101357449e+01 5.89498e-06 9.99999e-01 9.99999e-01 2.43628e-03 9.77005e-01 9.99999e-01 9.99919e-01 9.99999e-01 9.99997e-01 2.42090e-03
1.106864236e+01 1.29482e-04 9.99999e-01 9.99999e-01 5.19108e-02 9.68681e-01 9.99999e-01 9.99912e-01 9.99999e-01 9.99997e-01 2.49600e-03
1.112398557e+01 4.18573e-04 9.99999e-01 9.99999e-01 1.65039e-01 8.88633e-01 9.99999e-01 9.99925e-01 9.99999e-01 9.99997e-01 2.57065e-03
1.117960550e+01 3.82035e-04 9.99999e-01 9.99999e-01 1.44555e-01 9.68779e-01 9.99999e-01 9.99933e-01 9.99999e-01 9.99997e-01 2.64451e-03
1.123550353e+01 1.46413e-04 9.99999e-01 9.99999e-01 5.39048e-02 9.95576e-01 9.99999e-01 9.99927e-01 9.99999e-01 9.99997e-01 2.71697e-03
1.129168104e+01 3.48669e-04 9.99999e-01 9.99999e-01 1.25516e-01 9.49646e-01 9.99999e-01 9.99932e-01 9.99999e-01 9.99997e-01 2.78760e-03
1.134813945e+01 2.84906e-04 9.99999e-01 9.99999e-01 1.00466e-01 9.13287e-01 9.99999e-01 9.99935e-01 9.99999e-01 9.99997e-01 2.85638e-03
1.140488015e+01 3.22857e-04 9.99999e-01 9.99999e-01 1.10438e-01 9.87667e-01 9.99999e-01 9.99942e-01 9.99999e-01 9.99997e-01 2.92443e-03
1.146190455e+01 2.41114e-04 9.99999e-01 9.99999e-01 8.06360e-02 9.92919e-01 9.99999e-01 9.99947e-01 9.99999e-01 9.99997e-01 2.99092e-03
1.151921407e+01 7.62359e-04 9.99998e-01 9.99999e-01 2.50744e-01 9.52205e-01 9.99999e-01 9.99956e-01 9.99999e-01 9.99997e-01 3.05659e-03
1.157681014e+01 1.11319e-04 9.99259e-01 9.99999e-01 3.56506e-02 9.68475e-01 9.99999e-01 9.99932e-01 9.99999e-01 9.99997e-01 3.12310e-03
1.163469419e+01 2.07120e-05 9.99989e-01 9.99999e-01 6.49149e-03 9.98711e-01 9.99999e-01 9.99943e-01 9.99999e-01 9.99997e-01 3.19092e-03
1.169286766e+01 1.03820e-05 9.99999e-01 9.99999e-01 3.18583e-03 9.98256e-01 9.99999e-01 9.99950e-01 9.99999e-01 9.99998e-01 3.25906e-03
1.175133200e+01 8.60267e-06 9.99999e-01 9.99999e-01 2.58655e-03 9.77938e-01 9.99999e-01 9.99960e-01 9.99999e-01 9.99998e-01 3.32614e-03
1.181008866e+01 6.42837e-05 9.99999e-01 9.99999e-01 1.89431e-02 9.99954e-01 9.99999e-01 9.99961e-01 9.99999e-01 9.99998e-01 3.39362e-03
1.186913910e+01 1.38864e-04 9.99999e-01 9.99999e-01 4.00821e-02 9.99990e-01 9.99999e-01 9.99962e-01 9.99999e-01 9.99998e-01 3.46456e-03
1.192848480e+01 3.63592e-04 9.99997e-01 9.99999e-01 1.02926e-01 9.99996e-01 9.99999e-01 9.99959e-01 9.99999e-01 9.99998e-01 3.53264e-03
1.198812722e+01 2.06760e-04 9.99996e-01 9.99999e-01 5.74146e-02 9.99997e-01 9.99999e-01 9.99946e-01 9.99999e-01 9.99998e-01 3.60126e-03
1.204806786e+01 2.23499e-04 9.99995e-01 9.99999e-01 6.08420e-02 9.99998e-01 9.99999e-01 9.99865e-01 9.99999e-01 9.99998e-01 3.67363e-03
1.210830820e+01 1.68815e-04 9.99991e-01 9.99999e-01 4.50984e-02 9.53674e-01 9.99999e-01 9.99923e-01 9.99999e-01 9.99998e-01 3.74336e-03
1.216884974e+01 6.56578e-04 9.99979e-01 9.99999e-01 1.72284e-01 9.99999e-01 9.99999e-01 9.99932e-01 9.99999e-01 9.99998e-01 3.81117e-03
1.222969399e+01 3.54737e-04 9.99718e-01 9.99999e-01 9.13107e-02 9.99999e-01 9.99999e-01 9.99918e-01 9.99999e-01 9.99998e-01 3.88524e-03
1.229084246e+01 1.28193e-04 9.66619e-01 9.99999e-01 3.23814e-02 9.99999e-01 9.99999e-01 9.99895e-01 9.99999e-01 9.99998e-01 3.95964e-03
1.235229667e+01 1.91019e-04 9.99946e-01 9.99999e-01 4.74369e-02 9.99999e-01 9.99999e-01 9.99873e-01 9.99999e-01 9.99998e-01 4.02712e-03
1.241405815e+01 2.83628e-07 9.99981e-01 9.99999e-01 6.92180e-05 9.99999e-01 9.99999e-01 9.99851e-01 9.99999e-01 9.99998e-01 4.09785e-03
1.247612845e+01 9.39812e-06 9.95683e-01 9.99999e-01 2.25385e-03 9.99999e-01 9.99999e-01 9.99816e-01 9.99999e-01 9.99998e-01 4.17015e-03
1.253850909e+01 8.96034e-08 9.99987e-01 9.99999e-01 2.11281e-05 9.99999e-01 9.99999e-01 9.99738e-01 9.99999e-01 9.99998e-01 4.24132e-03
1.260120163e+01 4.63337e-06 9.99996e-01 9.99999e-01 1.07401e-03 9.99998e-01 9.99999e-01 9.99393e-01 9.99999e-01 9.99998e-01 4.31444e-03
1.266420764e+01 1.32357e-04 9.99997e-01 9.99999e-01 3.01615e-02 9.99987e-01 9.99999e-01 9.99478e-01 9.99999e-01 9.99998e-01 4.38903e-03
1.272752868e+01 2.45115e-05 9.99960e-01 9.99999e-01 5.49683e-03 9.97964e-01 9.99999e-01 9.99557e-01 9.99999e-01 9.99998e-01 4.45978e-03
1.279116632e+01 4.67254e-04 9.99999e-01 9.99999e-01 1.03155e-01 9.99707e-01 9.99999e-01 9.99391e-01 9.99999e-01 9.99998e-01 4.53074e-03
1.285512215e+01 5.95242e-05 9.99999e-01 9.99999e-01 1.29312e-02 9.99998e-01 9.99999e-01 9.99226e-01 9.99999e-01 9.99998e-01 4.60396e-03
1.291939776e+01 2.30934e-04 9.99939e-01 9.99999e-01 4.93683e-02 9.99999e-01 9.99999e-01 9.99209e-01 9.99999e-01 9.99998e-01 4.67890e-03
1.298399475e+01 3.27178e-05 9.99998e-01 9.99999e-01 6.88666e-03 9.99999e-01 9.99999e-01 9.98578e-01 9.99999e-01 9.99998e-01 4.75246e-03
1.304891473e+01 8.51252e-06 9.99999e-01 9.99999e-01 1.76537e-03 9.99999e-01 9.99999e-01 9.98617e-01 9.99999e-01 9.99998e-01 4.82365e-03
1.311415930e+01 4.84942e-05 9.99999e-01 9.99999e-01 9.90684e-03 9.99998e-01 9.99999e-01 9.98785e-01 9.99999e-01 9.99998e-01 4.89640e-03
1.317973010e+01 3.30970e-05 9.99999e-01 9.99999e-01 6.67078e-03 9.99997e-01 9.99999e-01 9.98150e-01 9.99999e-01 9.99998e-01 4.96352e-03
1.324562875e+01 5.81898e-06 9.99999e-01 9.99999e-01 1.15614e-03 9.99995e-01 9.99999e-01 9.97094e-01 9.99999e-01 9.99998e-01 5.03425e-03
1.331185689e+01 1.08661e-06 9.99998e-01 9.99999e-01 2.13059e-04 9.99992e-01 9.99999e-01 9.97981e-01 9.99999e-01 9.99998e-01 5.10197e-03
1.337841618e+01 4.48521e-05 9.99998e-01 9.99999e-01 8.68599e-03 9.99982e-01 9.99999e-01 9.98079e-01 9.99999e-01 9.99998e-01 5.16712e-03
1.344530826e+01 2.48590e-09 9.99996e-01 9.99999e-01 4.75358e-07 9.97053e-01 9.99999e-01 9.97882e-01 9.99999e-01 9.99998e-01 5.23122e-03
1.351253480e+01 7.43225e-08 9.99988e-01 9.99999e-01 1.40628e-05 9.94227e-01 9.99999e-01 9.93032e-01 9.99999e-01 9.99998e-01 5.29274e-03
1.358009747e+01 1.65899e-06 9.94344e-01 9.99999e-01 3.10627e-04 9.73537e-01 9.99999e-01 9.95841e-01 9.99999e-01 9.99998e-01 5.35232e-03
1.364799796e+01 8.05316e-07 9.99144e-01 9.99999e-01 1.49045e-04 9.90961e-01 9.99999e-01 9.96732e-01 9.99999e-01 9.99998e-01 5.41059e-03
1.371623795e+01 1.07245e-06 9.99994e-01 9.99999e-01 1.96309e-04 9.95515e-01 9.99999e-01 9.96248e-01 9.99999e-01 9.99998e-01 5.46837e-03
1.378481914e+01 4.83532e-05 9.99997e-01 9.99999e-01 8.77069e-03 9.95208e-01 9.99999e-01 9.95602e-01 9.99999e-01 9.99998e-01 5.52322e-03
1.385374323e+01 4.14086e-07 9.99998e-01 9.99999e-01 7.44133e-05 9.78295e-01 9.99999e-01 9.89657e-01 9.99999e-01 9.99998e-01 5.57630e-03
1.392301195e+01 7.89435e-07 9.99998e-01 9.99999e-01 1.40903e-04 9.80162e-01 9.99999e-01 9.84125e-01 9.99999e-01 9.99998e-01 5.62869e-03
1.399262701e+01 4.60653e-08 9.99999e-01 9.99999e-01 8.13448e-06 9.96961e-01 9.99999e-01 9.90825e-01 9.99999e-01 9.99998e-01 5.67467e-03
1.406259015e+01 5.34703e-06 9.99999e-01 9.99999e-01 9.36342e-04 9.98549e-01 9.99999e-01 9.90962e-01 9.99999e-01 9.99998e-01 5.72281e-03
1.413290310e+01 2.18538e-09 9.99999e-01 9.99999e-01 3.79727e-07 9.91449e-01 9.99999e-01 9.89354e-01 9.99999e-01 9.99998e-01 5.76811e-03
1.420356761e+01 5.27438e-10 9.99968e-01 9.99999e-01 9.09896e-08 9.70308e-01 9.99999e-01 9.86925e-01 9.99999e-01 9.99998e-01 5.81117e-03
1.427458545e+01 1.29268e-06 9.99997e-01 9.99999e-01 2.21658e-04 9.93296e-01 9.99999e-01 9.87326e-01 9.99999e-01 9.99998e-01 5.85575e-03
1.434595838e+01 1.13301e-07 9.99999e-01 9.99999e-01 1.92670e-05 9.89757e-01 9.99999e-01 9.86627e-01 9.99999e-01 9.99998e-01 5.89953e-03
1.441768817e+01 2.46634e-12 9.99999e-01 9.99999e-01 4.16409e-10 9.89701e-01 9.99999e-01 9.82596e-01 9.99999e-01 9.99998e-01 5.94220e-03
1.448977661e+01 9.24831e-17 9.99998e-01 9.99999e-01 1.55037e-14 9.96529e-01 9.99999e-01 9.76236e-01 9.99999e-01 9.99998e-01 5.98680e-03
1.456222549e+01 9.46938e-09 9.99998e-01 9.99999e-01 1.57740e-06 9.66534e-01 9.99999e-01 9.83279e-01 9.99999e-01 9.99998e-01 6.03372e-03
1.463503662e+01 2.09839e-07 9.99998e-01 9.99999e-01 3.47418e-05 9.88067e-01 9.99999e-01 9.79424e-01 9.99999e-01 9.99998e-01 6.07404e-03
1.470821180e+01 1.36163e-07 9.99997e-01 9.99999e-01 2.23292e-05 9.62744e-01 9.99999e-01 9.86538e-01 9.99999e-01 9.99998e-01 6.12029e-03
1.478175286e+01 1.71203e-07 9.99995e-01 9.99999e-01 2.78790e-05 9.86644e-01 9.99999e-01 9.86839e-01 9.99999e-01 9.99998e-01 6.16481e-03
1.485566163e+01 9.82265e-16 9.99992e-01 9.99999e-01 1.59013e-13 9.85003e-01 9.99999e-01 9.79151e-01 9.99999e-01 9.99998e-01 6.20675e-03
1.492993994e+01 3.81379e-14 9.99969e-01 9.99999e-01 6.16328e-12 9.71416e-01 9.99999e-01 8.71988e-01 9.99999e-01 9.99998e-01 6.26074e-03
1.500458964e+01 1.85003e-11 9.88987e-01 9.99999e-01 2.93808e-09 9.60676e-01 9.99999e-01 9.51398e-01 9.99999e-01 9.99998e-01 6.31377e-03
1.507961258e+01 1.30203e-09 9.97448e-01 9.99999e-01 2.05192e-07 9.74202e-01 9.99999e-01 9.92899e-01 9.99999e-01 9.99998e-01 6.36343e-03
1.515501065e+01 1.72229e-10 9.99986e-01 9.99999e-01 2.68562e-08 9.78038e-01 9.99999e-01 9.89772e-01 9.99999e-01 9.99998e-01 6.43147e-03
1.523078570e+01 3.68470e-07 9.99994e-01 9.99999e-01 5.71323e-05 9.82345e-01 9.99999e-01 9.82289e-01 9.99999e-01 9.99998e-01 6.49980e-03
1.530693963e+01 2.18694e-07 9.99996e-01 9.99999e-01 3.35292e-05 9.63549e-01 9.99999e-01 9.80541e-01 9.99999e-01 9.99998e-01 6.56462e-03
1.538347433e+01 7.27726e-15 9.99997e-01 9.99999e-01 1.10109e-12 9.78104e-01 9.99999e-01 9.80774e-01 9.99999e-01 9.99999e-01 6.64148e-03
1.546039170e+01 3.78033e-17 9.99998e-01 9.99999e-01 5.63080e-15 9.91302e-01 9.99999e-01 9.82956e-01 9.99999e-01 9.99999e-01 6.72591e-03
1.553769366e+01 1.37986e-17 9.99998e-01 9.99999e-01 2.03037e-15 9.42116e-01 9.99999e-01 9.88454e-01 9.99999e-01 9.99999e-01 6.80838e-03
1.561538212e+01 7.15083e-22 9.99998e-01 9.99999e-01 1.03933e-19 9.98562e-01 9.99999e-01 9.89145e-01 9.99999e-01 9.99999e-01 6.89370e-03
1.569345903e+01 1.20042e-15 9.99911e-01 9.99999e-01 1.72079e-13 9.70029e-01 9.99999e-01 9.89520e-01 9.99999e-01 9.99999e-01 6.99426e-03
1.577192633e+01 2.91991e-29 9.99998e-01 9.99999e-01 4.12162e-27 9.60341e-01 9.99999e-01 9.89273e-01 9.99999e-01 9.99999e-01 7.11052e-03
1.585078596e+01 4.36913e-09 9.99999e-01 9.99999e-01 6.05169e-07 9.70333e-01 9.99999e-01 9.92790e-01 9.99999e-01 9.99999e-01 7.23522e-03
1.593003989e+01 1.01567e-08 9.99999e-01 9.99999e-01 1.38045e-06 9.91375e-01 9.99999e-01 9.93457e-01 9.99999e-01 9.99999e-01 7.37148e-03
1.600969009e+01 4.69564e-20 9.99999e-01 9.99999e-01 6.25120e-18 9.75637e-01 9.99999e-01 9.93913e-01 9.99999e-01 9.99999e-01 7.52092e-03
1.608973854e+01 2.78266e-21 9.99999e-01 9.99999e-01 3.63012e-19 9.56349e-01 9.99999e-01 9.96091e-01 9.99999e-01 9.99999e-01 7.67729e-03
1.617018723e+01 1.07464e-15 9.99996e-01 9.99999e-01 1.37044e-13 9.86143e-01 9.99999e-01 9.85846e-01 9.99999e-01 9.99999e-01 7.85596e-03
1.625103817e+01 2.49876e-20 9.99986e-01 9.99999e-01 3.11245e-18 9.32959e-01 9.99999e-01 9.88288e-01 9.99999e-01 9.99999e-01 8.05505e-03
1.633229336e+01 1.29412e-18 9.99996e-01 9.99999e-01 1.56973e-16 9.79347e-01 9.99999e-01 9.96467e-01 9.99999e-01 9.99999e-01 8.26098e-03
1.641395483e+01 5.65560e-23 9.99994e-01 9.99999e-01 6.68061e-21 9.77352e-01 9.99999e-01 9.96881e-01 9.99999e-01 9.99999e-01 8.47746e-03
1.649602460e+01 2.44515e-24 9.99992e-01 9.99999e-01 2.80495e-22 9.53917e-01 9.99999e-01 9.97861e-01 9.99999e-01 9.99999e-01 8.72528e-03
1.657850473e+01 3.71401e-24 9.99989e-01 9.99999e-01 4.13009e-22 9.96748e-01 9.99999e-01 9.97853e-01 9.99999e-01 9.99999e-01 9.00288e-03
1.666139725e+01 1.01206e-43 9.99980e-01 9.99999e-01 1.09080e-41 9.22190e-01 9.99999e-01 9.98343e-01 9.99999e-01 9.99999e-01 9.28795e-03
1.674470424e+01 4.13484e-15 9.99958e-01 9.99999e-01 4.32759e-13 9.78489e-01 9.99999e-01 9.92949e-01 9.99999e-01 9.99999e-01 9.56771e-03
1.682842776e+01 3.67055e-15 9.96493e-01 9.99999e-01 3.72777e-13 9.73258e-01 9.99999e-01 9.96999e-01 9.99999e-01 9.99999e-01 9.86104e-03
1.691256990e+01 8.92598e-30 9.79290e-01 9.99999e-01 8.77384e-28 9.62860e-01 9.99999e-01 9.98544e-01 9.99999e-01 9.99999e-01 1.02050e-02
1.699713274e+01 9.16799e-22 9.90957e-01 9.99999e-01 8.67712e-20 9.87480e-01 9.99999e-01 9.98468e-01 9.99999e-01 9.99999e-01 1.05784e-02
