results_atm.txt
# ------------------------------------------------------------------------
# Spectra synthesized with the Planetary and Universal Model of Atmospheric Scattering (PUMAS, Villanueva et al. 2018, 2022)
# Single scattering radiative transfer method
# Radiative transfer took 7.910 seconds
# ------------------------------------------------------------------------
# Wave/freq HD-132406-b
4.000000000e-01  1.7204203e-07
4.002000000e-01  1.7197685e-07
4.004001000e-01  1.7191194e-07
4.006003000e-01  1.7184653e-07
4.008006002e-01  1.7178087e-07
4.010010005e-01  1.7171503e-07
4.012015010e-01  1.7164896e-07
4.014021018e-01  1.7158259e-07
4.016028028e-01  1.7151602e-07
4.018036042e-01  1.7144921e-07
4.020045060e-01  1.7138212e-07
4.022055083e-01  1.7131485e-07
4.024066110e-01  1.7124733e-07
4.026078143e-01  1.7117958e-07
4.028091182e-01  1.7111157e-07
4.030105228e-01  1.7104334e-07
4.032120280e-01  1.7097488e-07
4.034136341e-01  1.7090618e-07
4.036153409e-01  1.7083725e-07
4.038171485e-01  1.7076808e-07
4.040190571e-01  1.7069868e-07
4.042210666e-01  1.7062905e-07
4.044231772e-01  1.7055919e-07
4.046253888e-01  1.7048909e-07
4.048277015e-01  1.7041877e-07
4.050301153e-01  1.7034822e-07
4.052326304e-01  1.7027743e-07
4.054352467e-01  1.7020642e-07
4.056379643e-01  1.7013518e-07
4.058407833e-01  1.7006371e-07
4.060437037e-01  1.6999201e-07
4.062467255e-01  1.6992009e-07
4.064498489e-01  1.6984794e-07
4.066530738e-01  1.6977556e-07
4.068564004e-01  1.6970296e-07
4.070598286e-01  1.6963013e-07
4.072633585e-01  1.6955708e-07
4.074669902e-01  1.6948381e-07
4.076707237e-01  1.6941031e-07
4.078745590e-01  1.6933658e-07
4.080784963e-01  1.6926263e-07
4.082825355e-01  1.6918846e-07
4.084866768e-01  1.6911407e-07
4.086909201e-01  1.6903946e-07
4.088952656e-01  1.6896462e-07
4.090997132e-01  1.6888956e-07
4.093042631e-01  1.6881428e-07
4.095089152e-01  1.6873879e-07
4.097136697e-01  1.6866307e-07
4.099185265e-01  1.6858713e-07
4.101234858e-01  1.6851097e-07
4.103285475e-01  1.6843460e-07
4.105337118e-01  1.6835800e-07
4.107389787e-01  1.6828120e-07
4.109443481e-01  1.6820418e-07
4.111498203e-01  1.6812693e-07
4.113553952e-01  1.6804947e-07
4.115610729e-01  1.6797181e-07
4.117668535e-01  1.6789393e-07
4.119727369e-01  1.6781582e-07
4.121787233e-01  1.6773751e-07
4.123848126e-01  1.6765898e-07
4.125910050e-01  1.6758023e-07
4.127973005e-01  1.6750127e-07
4.130036992e-01  1.6742211e-07
4.132102010e-01  1.6734274e-07
4.134168061e-01  1.6726314e-07
4.136235145e-01  1.6718334e-07
4.138303263e-01  1.6710333e-07
4.140372415e-01  1.6702312e-07
4.142442601e-01  1.6694269e-07
4.144513822e-01  1.6686204e-07
4.146586079e-01  1.6678118e-07
4.148659372e-01  1.6670012e-07
4.150733702e-01  1.6661885e-07
4.152809069e-01  1.6653737e-07
4.154885473e-01  1.6645569e-07
4.156962916e-01  1.6637382e-07
4.159041397e-01  1.6629172e-07
4.161120918e-01  1.6620944e-07
4.163201478e-01  1.6612693e-07
4.165283079e-01  1.6604415e-07
4.167365721e-01  1.6596116e-07
4.169449404e-01  1.6587816e-07
4.171534128e-01  1.6579491e-07
4.173619895e-01  1.6571142e-07
4.175706705e-01  1.6562770e-07
4.177794559e-01  1.6554373e-07
4.179883456e-01  1.6545962e-07
4.181973398e-01  1.6537535e-07
4.184064384e-01  1.6529080e-07
4.186156417e-01  1.6520610e-07
4.188249495e-01  1.6512119e-07
4.190343619e-01  1.6503604e-07
4.192438791e-01  1.6495076e-07
4.194535011e-01  1.6486528e-07
4.196632278e-01  1.6477958e-07
4.198730594e-01  1.6469368e-07
4.200829960e-01  1.6460759e-07
4.202930375e-01  1.6452129e-07
4.205031840e-01  1.6443481e-07
4.207134356e-01  1.6434814e-07
4.209237923e-01  1.6426127e-07
4.211342542e-01  1.6417420e-07
4.213448213e-01  1.6408694e-07
4.215554937e-01  1.6399949e-07
4.217662715e-01  1.6391185e-07
4.219771546e-01  1.6382401e-07
4.221881432e-01  1.6373598e-07
4.223992373e-01  1.6364776e-07
4.226104369e-01  1.6355935e-07
4.228217421e-01  1.6347075e-07
4.230331530e-01  1.6338196e-07
4.232446695e-01  1.6329298e-07
4.234562919e-01  1.6320381e-07
4.236680200e-01  1.6311445e-07
4.238798540e-01  1.6302491e-07
4.240917940e-01  1.6293518e-07
4.243038399e-01  1.6284527e-07
4.245159918e-01  1.6275516e-07
4.247282498e-01  1.6266488e-07
4.249406139e-01  1.6257439e-07
4.251530842e-01  1.6248373e-07
4.253656607e-01  1.6239290e-07
4.255783436e-01  1.6230188e-07
4.257911327e-01  1.6221067e-07
4.260040283e-01  1.6211927e-07
4.262170303e-01  1.6202768e-07
4.264301388e-01  1.6193593e-07
4.266433539e-01  1.6184402e-07
4.268566756e-01  1.6175191e-07
4.270701039e-01  1.6165960e-07
4.272836390e-01  1.6156716e-07
4.274972808e-01  1.6147449e-07
4.277110294e-01  1.6138166e-07
4.279248850e-01  1.6128867e-07
4.281388474e-01  1.6119548e-07
4.283529168e-01  1.6110211e-07
4.285670933e-01  1.6100857e-07
4.287813768e-01  1.6091487e-07
4.289957675e-01  1.6082096e-07
4.292102654e-01  1.6072692e-07
4.294248705e-01  1.6063268e-07
4.296395830e-01  1.6053827e-07
4.298544028e-01  1.6044369e-07
4.300693300e-01  1.6034893e-07
4.302843646e-01  1.6025399e-07
4.304995068e-01  1.6015890e-07
4.307147566e-01  1.6006362e-07
4.309301139e-01  1.5996817e-07
4.311455790e-01  1.5987256e-07
4.313611518e-01  1.5977677e-07
4.315768324e-01  1.5968081e-07
4.317926208e-01  1.5958469e-07
4.320085171e-01  1.5948839e-07
4.322245213e-01  1.5939193e-07
4.324406336e-01  1.5929530e-07
4.326568539e-01  1.5919850e-07
4.328731823e-01  1.5910154e-07
4.330896189e-01  1.5900441e-07
4.333061637e-01  1.5890711e-07
4.335228168e-01  1.5880965e-07
4.337395782e-01  1.5871203e-07
4.339564480e-01  1.5861424e-07
4.341734263e-01  1.5851629e-07
4.343905130e-01  1.5841817e-07
4.346077082e-01  1.5831989e-07
4.348250121e-01  1.5822145e-07
4.350424246e-01  1.5812285e-07
4.352599458e-01  1.5802408e-07
4.354775758e-01  1.5792516e-07
4.356953146e-01  1.5782607e-07
4.359131622e-01  1.5772682e-07
4.361311188e-01  1.5762742e-07
4.363491844e-01  1.5752786e-07
4.365673589e-01  1.5742814e-07
4.367856426e-01  1.5732826e-07
4.370040354e-01  1.5722822e-07
4.372225375e-01  1.5712803e-07
4.374411487e-01  1.5702768e-07
4.376598693e-01  1.5692718e-07
4.378786992e-01  1.5682652e-07
4.380976386e-01  1.5672570e-07
4.383166874e-01  1.5662474e-07
4.385358458e-01  1.5652362e-07
4.387551137e-01  1.5642235e-07
4.389744912e-01  1.5632090e-07
4.391939785e-01  1.5621931e-07
4.394135755e-01  1.5611756e-07
4.396332823e-01  1.5601570e-07
4.398530989e-01  1.5591361e-07
4.400730254e-01  1.5581140e-07
4.402930620e-01  1.5570909e-07
4.405132085e-01  1.5560654e-07
4.407334651e-01  1.5550393e-07
4.409538318e-01  1.5540110e-07
4.411743087e-01  1.5529805e-07
4.413948959e-01  1.5519499e-07
4.416155933e-01  1.5509165e-07
4.418364011e-01  1.5498803e-07
4.420573193e-01  1.5488500e-07
4.422783480e-01  1.5478095e-07
4.424994872e-01  1.5467712e-07
4.427207369e-01  1.5457050e-07
4.429420973e-01  1.5446826e-07
4.431635683e-01  1.5436405e-07
4.433851501e-01  1.5426063e-07
4.436068427e-01  1.5415611e-07
4.438286461e-01  1.5405132e-07
4.440505604e-01  1.5394642e-07
4.442725857e-01  1.5384091e-07
4.444947220e-01  1.5373662e-07
4.447169694e-01  1.5363105e-07
4.449393279e-01  1.5352581e-07
4.451617975e-01  1.5342060e-07
4.453843784e-01  1.5331474e-07
4.456070706e-01  1.5320898e-07
4.458298741e-01  1.5310241e-07
4.460527891e-01  1.5299743e-07
4.462758155e-01  1.5289120e-07
4.464989534e-01  1.5278447e-07
4.467222029e-01  1.5267849e-07
4.469455640e-01  1.5257197e-07
4.471690367e-01  1.5246512e-07
4.473926213e-01  1.5235838e-07
4.476163176e-01  1.5225145e-07
4.478401257e-01  1.5214425e-07
4.480640458e-01  1.5203712e-07
4.482880778e-01  1.5192972e-07
4.485122219e-01  1.5182215e-07
4.487364780e-01  1.5171456e-07
4.489608462e-01  1.5160678e-07
4.491853266e-01  1.5149888e-07
4.494099193e-01  1.5139083e-07
4.496346243e-01  1.5128268e-07
4.498594416e-01  1.5117439e-07
4.500843713e-01  1.5106596e-07
4.503094135e-01  1.5095741e-07
4.505345682e-01  1.5084873e-07
4.507598355e-01  1.5073993e-07
4.509852154e-01  1.5063100e-07
4.512107080e-01  1.5052194e-07
4.514363133e-01  1.5041276e-07
4.516620315e-01  1.5030345e-07
4.518878625e-01  1.5019402e-07
4.521138064e-01  1.5008446e-07
4.523398633e-01  1.4997477e-07
4.525660333e-01  1.4986492e-07
4.527923163e-01  1.4975500e-07
4.530187125e-01  1.4964497e-07
4.532452218e-01  1.4953481e-07
4.534718444e-01  1.4942456e-07
4.536985803e-01  1.4931418e-07
4.539254296e-01  1.4920365e-07
4.541523924e-01  1.4909301e-07
4.543794685e-01  1.4898220e-07
4.546066583e-01  1.4887135e-07
4.548339616e-01  1.4876039e-07
4.550613786e-01  1.4864925e-07
4.552889093e-01  1.4853803e-07
4.555165537e-01  1.4842669e-07
4.557443120e-01  1.4831521e-07
4.559721842e-01  1.4820365e-07
4.562001703e-01  1.4809195e-07
4.564282703e-01  1.4798016e-07
4.566564845e-01  1.4786826e-07
4.568848127e-01  1.4775621e-07
4.571132551e-01  1.4764410e-07
4.573418118e-01  1.4753184e-07
4.575704827e-01  1.4741950e-07
4.577992679e-01  1.4730702e-07
4.580281675e-01  1.4719443e-07
4.582571816e-01  1.4708173e-07
4.584863102e-01  1.4696893e-07
4.587155534e-01  1.4685600e-07
4.589449111e-01  1.4674298e-07
4.591743836e-01  1.4662985e-07
4.594039708e-01  1.4651662e-07
4.596336728e-01  1.4640327e-07
4.598634896e-01  1.4628982e-07
4.600934214e-01  1.4617627e-07
4.603234681e-01  1.4606261e-07
4.605536298e-01  1.4594886e-07
4.607839066e-01  1.4583499e-07
4.610142986e-01  1.4572102e-07
4.612448057e-01  1.4560694e-07
4.614754281e-01  1.4549276e-07
4.617061658e-01  1.4537848e-07
4.619370189e-01  1.4526410e-07
4.621679874e-01  1.4514961e-07
4.623990714e-01  1.4503502e-07
4.626302710e-01  1.4492033e-07
4.628615861e-01  1.4480554e-07
4.630930169e-01  1.4469065e-07
4.633245634e-01  1.4457565e-07
4.635562257e-01  1.4446056e-07
4.637880038e-01  1.4434538e-07
4.640198978e-01  1.4423009e-07
4.642519077e-01  1.4411471e-07
4.644840337e-01  1.4399922e-07
4.647162757e-01  1.4388364e-07
4.649486338e-01  1.4376797e-07
4.651811082e-01  1.4365220e-07
4.654136987e-01  1.4353635e-07
4.656464056e-01  1.4342038e-07
4.658792288e-01  1.4330432e-07
4.661121684e-01  1.4318818e-07
4.663452245e-01  1.4307194e-07
4.665783971e-01  1.4295560e-07
4.668116863e-01  1.4283916e-07
4.670450921e-01  1.4272260e-07
4.672786147e-01  1.4260600e-07
4.675122540e-01  1.4248925e-07
4.677460101e-01  1.4237248e-07
4.679798831e-01  1.4225562e-07
4.682138731e-01  1.4213865e-07
4.684479800e-01  1.4202161e-07
4.686822040e-01  1.4190429e-07
4.689165451e-01  1.4178717e-07
4.691510034e-01  1.4166979e-07
4.693855789e-01  1.4155243e-07
4.696202716e-01  1.4143459e-07
4.698550818e-01  1.4131718e-07
4.700900093e-01  1.4119928e-07
4.703250543e-01  1.4108185e-07
4.705602169e-01  1.4096411e-07
4.707954970e-01  1.4084624e-07
4.710308947e-01  1.4072807e-07
4.712664102e-01  1.4060999e-07
4.715020434e-01  1.4049208e-07
4.717377944e-01  1.4037373e-07
4.719736633e-01  1.4025557e-07
4.722096501e-01  1.4013676e-07
4.724457549e-01  1.4001864e-07
4.726819778e-01  1.3990005e-07
4.729183188e-01  1.3978121e-07
4.731547780e-01  1.3966265e-07
4.733913554e-01  1.3954367e-07
4.736280510e-01  1.3942501e-07
4.738648651e-01  1.3930606e-07
4.741017975e-01  1.3918698e-07
4.743388484e-01  1.3906786e-07
4.745760178e-01  1.3894871e-07
4.748133058e-01  1.3882948e-07
4.750507125e-01  1.3871017e-07
4.752882378e-01  1.3859075e-07
4.755258819e-01  1.3847124e-07
4.757636449e-01  1.3835167e-07
4.760015267e-01  1.3823206e-07
4.762395275e-01  1.3811233e-07
4.764776472e-01  1.3799256e-07
4.767158861e-01  1.3787270e-07
4.769542440e-01  1.3775277e-07
4.771927211e-01  1.3763277e-07
4.774313175e-01  1.3751270e-07
4.776700331e-01  1.3739257e-07
4.779088682e-01  1.3727235e-07
4.781478226e-01  1.3715207e-07
4.783868965e-01  1.3703172e-07
4.786260900e-01  1.3691130e-07
4.788654030e-01  1.3679081e-07
4.791048357e-01  1.3667025e-07
4.793443881e-01  1.3654963e-07
4.795840603e-01  1.3642894e-07
4.798238523e-01  1.3630818e-07
4.800637643e-01  1.3618736e-07
4.803037962e-01  1.3606647e-07
4.805439481e-01  1.3594551e-07
4.807842200e-01  1.3582450e-07
4.810246121e-01  1.3570342e-07
4.812651244e-01  1.3558227e-07
4.815057570e-01  1.3546106e-07
4.817465099e-01  1.3533979e-07
4.819873831e-01  1.3521845e-07
4.822283768e-01  1.3509706e-07
4.824694910e-01  1.3497561e-07
4.827107258e-01  1.3485397e-07
4.829520811e-01  1.3473250e-07
4.831935572e-01  1.3461085e-07
4.834351539e-01  1.3448917e-07
4.836768715e-01  1.3436740e-07
4.839187100e-01  1.3424556e-07
4.841606693e-01  1.3412367e-07
4.844027496e-01  1.3400166e-07
4.846449510e-01  1.3387958e-07
4.848872735e-01  1.3375727e-07
4.851297171e-01  1.3363507e-07
4.853722820e-01  1.3351308e-07
4.856149681e-01  1.3339087e-07
4.858577756e-01  1.3326858e-07
4.861007045e-01  1.3314637e-07
4.863437549e-01  1.3302413e-07
4.865869267e-01  1.3290169e-07
4.868302202e-01  1.3277923e-07
4.870736353e-01  1.3265658e-07
4.873171721e-01  1.3253400e-07
4.875608307e-01  1.3241148e-07
4.878046111e-01  1.3228880e-07
4.880485134e-01  1.3216621e-07
4.882925377e-01  1.3204356e-07
4.885366840e-01  1.3192056e-07
4.887809523e-01  1.3179776e-07
4.890253428e-01  1.3167481e-07
4.892698554e-01  1.3155170e-07
4.895144904e-01  1.3142894e-07
4.897592476e-01  1.3130580e-07
4.900041272e-01  1.3118282e-07
4.902491293e-01  1.3105956e-07
4.904942539e-01  1.3093634e-07
4.907395010e-01  1.3081312e-07
4.909848708e-01  1.3068974e-07
4.912303632e-01  1.3056650e-07
4.914759784e-01  1.3044303e-07
4.917217164e-01  1.3031966e-07
4.919675772e-01  1.3019618e-07
4.922135610e-01  1.3007268e-07
4.924596678e-01  1.2994906e-07
4.927058976e-01  1.2982547e-07
4.929522506e-01  1.2970183e-07
4.931987267e-01  1.2957815e-07
4.934453261e-01  1.2945441e-07
4.936920487e-01  1.2933063e-07
4.939388947e-01  1.2920683e-07
4.941858642e-01  1.2908295e-07
4.944329571e-01  1.2895907e-07
4.946801736e-01  1.2883512e-07
4.949275137e-01  1.2871115e-07
4.951749774e-01  1.2858714e-07
4.954225649e-01  1.2846308e-07
4.956702762e-01  1.2833899e-07
4.959181114e-01  1.2821486e-07
4.961660704e-01  1.2809070e-07
4.964141534e-01  1.2796650e-07
4.966623605e-01  1.2784226e-07
4.969106917e-01  1.2771799e-07
4.971591470e-01  1.2759368e-07
4.974077266e-01  1.2746934e-07
4.976564305e-01  1.2734497e-07
4.979052587e-01  1.2722056e-07
4.981542113e-01  1.2709611e-07
4.984032884e-01  1.2697163e-07
4.986524901e-01  1.2684711e-07
4.989018163e-01  1.2672256e-07
4.991512672e-01  1.2659798e-07
4.994008429e-01  1.2647339e-07
4.996505433e-01  1.2634874e-07
4.999003686e-01  1.2622404e-07
5.001503187e-01  1.2609931e-07
5.004003939e-01  1.2597452e-07
5.006505941e-01  1.2584982e-07
5.009009194e-01  1.2572491e-07
5.011513699e-01  1.2560025e-07
5.014019455e-01  1.2547499e-07
5.016526465e-01  1.2535004e-07
5.019034728e-01  1.2522499e-07
5.021544246e-01  1.2510012e-07
5.024055018e-01  1.2497551e-07
5.026567045e-01  1.2484930e-07
5.029080329e-01  1.2472461e-07
5.031594869e-01  1.2459928e-07
5.034110666e-01  1.2447429e-07
5.036627722e-01  1.2434400e-07
5.039146036e-01  1.2421848e-07
5.041665609e-01  1.2409691e-07
5.044186442e-01  1.2396621e-07
5.046708535e-01  1.2384872e-07
5.049231889e-01  1.2372333e-07
5.051756505e-01  1.2359853e-07
5.054282383e-01  1.2347315e-07
5.056809524e-01  1.2334572e-07
5.059337929e-01  1.2321884e-07
5.061867598e-01  1.2309604e-07
5.064398532e-01  1.2297322e-07
5.066930731e-01  1.2284326e-07
5.069464197e-01  1.2272023e-07
5.071998929e-01  1.2259569e-07
5.074534928e-01  1.2246817e-07
5.077072196e-01  1.2234289e-07
5.079610732e-01  1.2221876e-07
5.082150537e-01  1.2209524e-07
5.084691612e-01  1.2196894e-07
5.087233958e-01  1.2184250e-07
5.089777575e-01  1.2171923e-07
5.092322464e-01  1.2159344e-07
5.094868625e-01  1.2146711e-07
5.097416059e-01  1.2134238e-07
5.099964767e-01  1.2121710e-07
5.102514750e-01  1.2109135e-07
5.105066007e-01  1.2096606e-07
5.107618540e-01  1.2084077e-07
5.110172349e-01  1.2071506e-07
5.112727436e-01  1.2058944e-07
5.115283799e-01  1.2046408e-07
5.117841441e-01  1.2033835e-07
5.120400362e-01  1.2021280e-07
5.122960562e-01  1.2008718e-07
5.125522042e-01  1.1996156e-07
5.128084803e-01  1.1983593e-07
5.130648846e-01  1.1971027e-07
5.133214170e-01  1.1958460e-07
5.135780777e-01  1.1945894e-07
5.138348668e-01  1.1933325e-07
5.140917842e-01  1.1920755e-07
5.143488301e-01  1.1908184e-07
5.146060045e-01  1.1895613e-07
5.148633075e-01  1.1883040e-07
5.151207392e-01  1.1870466e-07
5.153782995e-01  1.1857890e-07
5.156359887e-01  1.1845315e-07
5.158938067e-01  1.1832738e-07
5.161517536e-01  1.1820162e-07
5.164098295e-01  1.1807585e-07
5.166680344e-01  1.1795010e-07
5.169263684e-01  1.1782434e-07
5.171848316e-01  1.1769858e-07
5.174434240e-01  1.1757282e-07
5.177021457e-01  1.1744706e-07
5.179609968e-01  1.1732131e-07
5.182199773e-01  1.1719553e-07
5.184790873e-01  1.1706975e-07
5.187383268e-01  1.1694397e-07
5.189976960e-01  1.1681818e-07
5.192571948e-01  1.1669240e-07
5.195168234e-01  1.1656662e-07
5.197765818e-01  1.1644084e-07
5.200364701e-01  1.1631506e-07
5.202964884e-01  1.1618927e-07
5.205566366e-01  1.1606349e-07
5.208169149e-01  1.1593772e-07
5.210773234e-01  1.1581194e-07
5.213378620e-01  1.1568616e-07
5.215985310e-01  1.1556040e-07
5.218593302e-01  1.1543463e-07
5.221202599e-01  1.1530885e-07
5.223813200e-01  1.1518311e-07
5.226425107e-01  1.1505736e-07
5.229038320e-01  1.1493160e-07
5.231652839e-01  1.1480587e-07
5.234268665e-01  1.1468006e-07
5.236885799e-01  1.1455433e-07
5.239504242e-01  1.1442859e-07
5.242123994e-01  1.1430259e-07
5.244745056e-01  1.1417694e-07
5.247367429e-01  1.1405115e-07
5.249991113e-01  1.1392550e-07
5.252616108e-01  1.1379983e-07
5.255242416e-01  1.1367435e-07
5.257870037e-01  1.1354882e-07
5.260498973e-01  1.1342314e-07
5.263129222e-01  1.1329746e-07
5.265760787e-01  1.1317184e-07
5.268393667e-01  1.1304590e-07
5.271027864e-01  1.1292030e-07
5.273663378e-01  1.1279496e-07
5.276300209e-01  1.1266938e-07
5.278938360e-01  1.1254365e-07
5.281577829e-01  1.1241819e-07
5.284218618e-01  1.1229252e-07
5.286860727e-01  1.1216704e-07
5.289504157e-01  1.1204143e-07
5.292148909e-01  1.1191583e-07
5.294794984e-01  1.1179047e-07
5.297442381e-01  1.1166494e-07
5.300091103e-01  1.1153948e-07
5.302741148e-01  1.1141403e-07
5.305392519e-01  1.1128852e-07
5.308045215e-01  1.1116310e-07
5.310699238e-01  1.1103768e-07
5.313354587e-01  1.1091225e-07
5.316011264e-01  1.1078691e-07
5.318669270e-01  1.1066144e-07
5.321328605e-01  1.1053619e-07
5.323989269e-01  1.1041079e-07
5.326651264e-01  1.1028549e-07
5.329314589e-01  1.1016019e-07
5.331979247e-01  1.1003490e-07
5.334645236e-01  1.0990964e-07
5.337312559e-01  1.0978435e-07
5.339981215e-01  1.0965914e-07
5.342651206e-01  1.0953393e-07
5.345322531e-01  1.0940871e-07
5.347995193e-01  1.0928354e-07
5.350669190e-01  1.0915835e-07
5.353344525e-01  1.0903324e-07
5.356021197e-01  1.0890810e-07
5.358699208e-01  1.0878300e-07
5.361378557e-01  1.0865792e-07
5.364059247e-01  1.0853284e-07
5.366741276e-01  1.0840782e-07
5.369424647e-01  1.0828274e-07
5.372109359e-01  1.0815779e-07
5.374795414e-01  1.0803283e-07
5.377482811e-01  1.0790776e-07
5.380171553e-01  1.0778293e-07
5.382861639e-01  1.0765800e-07
5.385553069e-01  1.0753311e-07
5.388245846e-01  1.0740818e-07
5.390939969e-01  1.0728318e-07
5.393635439e-01  1.0715855e-07
5.396332257e-01  1.0703366e-07
5.399030423e-01  1.0690859e-07
5.401729938e-01  1.0678403e-07
5.404430803e-01  1.0665903e-07
5.407133018e-01  1.0653438e-07
5.409836585e-01  1.0640801e-07
5.412541503e-01  1.0628422e-07
5.415247774e-01  1.0615807e-07
5.417955398e-01  1.0603505e-07
5.420664375e-01  1.0590938e-07
5.423374708e-01  1.0578483e-07
5.426086395e-01  1.0566216e-07
5.428799438e-01  1.0553776e-07
5.431513838e-01  1.0541286e-07
5.434229595e-01  1.0528875e-07
5.436946710e-01  1.0516243e-07
5.439665183e-01  1.0504025e-07
5.442385016e-01  1.0491588e-07
5.445106208e-01  1.0479220e-07
5.447828761e-01  1.0466781e-07
5.450552676e-01  1.0454304e-07
5.453277952e-01  1.0441998e-07
5.456004591e-01  1.0429558e-07
5.458732593e-01  1.0417098e-07
5.461461960e-01  1.0404747e-07
5.464192690e-01  1.0392254e-07
5.466924787e-01  1.0380009e-07
5.469658249e-01  1.0367618e-07
5.472393078e-01  1.0355246e-07
5.475129275e-01  1.0342878e-07
5.477866840e-01  1.0330492e-07
5.480605773e-01  1.0318109e-07
5.483346076e-01  1.0305772e-07
5.486087749e-01  1.0293384e-07
5.488830793e-01  1.0281018e-07
5.491575208e-01  1.0268654e-07
5.494320996e-01  1.0256307e-07
5.497068156e-01  1.0243919e-07
5.499816690e-01  1.0231585e-07
5.502566599e-01  1.0219246e-07
5.505317882e-01  1.0206911e-07
5.508070541e-01  1.0194566e-07
5.510824576e-01  1.0182217e-07
5.513579988e-01  1.0169896e-07
5.516336778e-01  1.0157562e-07
5.519094947e-01  1.0145242e-07
5.521854494e-01  1.0132922e-07
5.524615422e-01  1.0120600e-07
5.527377729e-01  1.0108287e-07
5.530141418e-01  1.0095978e-07
5.532906489e-01  1.0083671e-07
5.535672942e-01  1.0071367e-07
5.538440779e-01  1.0059070e-07
5.541209999e-01  1.0046775e-07
5.543980604e-01  1.0034485e-07
5.546752594e-01  1.0022198e-07
5.549525971e-01  1.0009916e-07
5.552300734e-01  9.9976400e-08
5.555076884e-01  9.9853660e-08
5.557854422e-01  9.9730962e-08
5.560633350e-01  9.9608344e-08
5.563413666e-01  9.9485749e-08
5.566195373e-01  9.9363194e-08
5.568978471e-01  9.9240681e-08
5.571762960e-01  9.9118218e-08
5.574548841e-01  9.8995786e-08
5.577336116e-01  9.8873412e-08
5.580124784e-01  9.8751090e-08
5.582914846e-01  9.8628804e-08
5.585706304e-01  9.8506548e-08
5.588499157e-01  9.8384372e-08
5.591293407e-01  9.8262216e-08
5.594089053e-01  9.8140124e-08
5.596886098e-01  9.8018076e-08
5.599684541e-01  9.7896007e-08
5.602484383e-01  9.7774094e-08
5.605285625e-01  9.7652195e-08
5.608088268e-01  9.7530304e-08
5.610892312e-01  9.7408429e-08
5.613697758e-01  9.7286744e-08
5.616504607e-01  9.7165048e-08
5.619312860e-01  9.7043250e-08
5.622122516e-01  9.6921730e-08
5.624933577e-01  9.6800186e-08
5.627746044e-01  9.6678628e-08
5.630559917e-01  9.6557136e-08
5.633375197e-01  9.6435798e-08
5.636191885e-01  9.6314441e-08
5.639009981e-01  9.6193081e-08
5.641829486e-01  9.6071793e-08
5.644650400e-01  9.5950595e-08
5.647472725e-01  9.5829458e-08
5.650296462e-01  9.5708259e-08
5.653121610e-01  9.5587262e-08
5.655948171e-01  9.5466219e-08
5.658776145e-01  9.5345317e-08
5.661605533e-01  9.5224332e-08
5.664436336e-01  9.5103499e-08
5.667268554e-01  9.4982516e-08
5.670102188e-01  9.4861964e-08
5.672937239e-01  9.4741218e-08
5.675773708e-01  9.4620150e-08
5.678611595e-01  9.4499852e-08
5.681450901e-01  9.4378664e-08
5.684291626e-01  9.4256892e-08
5.687133772e-01  9.4136973e-08
5.689977339e-01  9.4013987e-08
5.692822327e-01  9.3895003e-08
5.695668739e-01  9.3776387e-08
5.698516573e-01  9.3654730e-08
5.701365831e-01  9.3531906e-08
5.704216514e-01  9.3416267e-08
5.707068622e-01  9.3296992e-08
5.709922157e-01  9.3176927e-08
5.712777118e-01  9.3056345e-08
5.715633506e-01  9.2936235e-08
5.718491323e-01  9.2815242e-08
5.721350569e-01  9.2694350e-08
5.724211244e-01  9.2575828e-08
5.727073350e-01  9.2457953e-08
5.729936886e-01  9.2336270e-08
5.732801855e-01  9.2218737e-08
5.735668256e-01  9.2099807e-08
5.738536090e-01  9.1977431e-08
5.741405358e-01  9.1860902e-08
5.744276061e-01  9.1740912e-08
5.747148199e-01  9.1619992e-08
5.750021773e-01  9.1503410e-08
5.752896784e-01  9.1383870e-08
5.755773232e-01  9.1263935e-08
5.758651119e-01  9.1146042e-08
5.761530444e-01  9.1026816e-08
5.764411209e-01  9.0908155e-08
5.767293415e-01  9.0789799e-08
5.770177062e-01  9.0670993e-08
5.773062150e-01  9.0551857e-08
5.775948681e-01  9.0433996e-08
5.778836656e-01  9.0315502e-08
5.781726074e-01  9.0197027e-08
5.784616937e-01  9.0078713e-08
5.787509245e-01  8.9960408e-08
5.790403000e-01  8.9842066e-08
5.793298202e-01  8.9724093e-08
5.796194851e-01  8.9605904e-08
5.799092948e-01  8.9487672e-08
5.801992495e-01  8.9369871e-08
5.804893491e-01  8.9251905e-08
5.807795938e-01  8.9133994e-08
5.810699836e-01  8.9016243e-08
5.813605185e-01  8.8898537e-08
5.816511988e-01  8.8780799e-08
5.819420244e-01  8.8663101e-08
5.822329954e-01  8.8545603e-08
5.825241119e-01  8.8428082e-08
5.828153740e-01  8.8310634e-08
5.831067817e-01  8.8193253e-08
5.833983350e-01  8.8076032e-08
5.836900342e-01  8.7958660e-08
5.839818792e-01  8.7841486e-08
5.842738702e-01  8.7724390e-08
5.845660071e-01  8.7607413e-08
5.848582901e-01  8.7490409e-08
5.851507193e-01  8.7372671e-08
5.854432946e-01  8.7256787e-08
5.857360163e-01  8.7139832e-08
5.860288843e-01  8.7022921e-08
5.863218987e-01  8.6905984e-08
5.866150597e-01  8.6789388e-08
5.869083672e-01  8.6672992e-08
5.872018214e-01  8.6554831e-08
5.874954223e-01  8.6439603e-08
5.877891700e-01  8.6320431e-08
5.880830646e-01  8.6203654e-08
5.883771061e-01  8.6083489e-08
5.886712947e-01  8.5961901e-08
5.889656303e-01  8.5845783e-08
5.892601131e-01  8.5721864e-08
5.895547432e-01  8.5618976e-08
5.898495206e-01  8.5490649e-08
5.901444453e-01  8.5368075e-08
5.904395175e-01  8.5270445e-08
5.907347373e-01  8.5161052e-08
5.910301047e-01  8.5037906e-08
5.913256197e-01  8.4925616e-08
5.916212825e-01  8.4805789e-08
5.919170932e-01  8.4688362e-08
5.922130517e-01  8.4572751e-08
5.925091582e-01  8.4444252e-08
5.928054128e-01  8.4355316e-08
5.931018155e-01  8.4237096e-08
5.933983664e-01  8.4115263e-08
5.936950656e-01  8.4008351e-08
5.939919132e-01  8.3895006e-08
5.942889091e-01  8.3753677e-08
5.945860536e-01  8.3654389e-08
5.948833466e-01  8.3539176e-08
5.951807883e-01  8.3429743e-08
5.954783787e-01  8.3324091e-08
5.957761179e-01  8.3205905e-08
5.960740059e-01  8.3089112e-08
5.963720429e-01  8.2980694e-08
5.966702289e-01  8.2865980e-08
5.969685640e-01  8.2744077e-08
5.972670483e-01  8.2635650e-08
5.975656819e-01  8.2522251e-08
5.978644647e-01  8.2405905e-08
5.981633969e-01  8.2297268e-08
5.984624786e-01  8.2184725e-08
5.987617099e-01  8.2069903e-08
5.990610907e-01  8.1956188e-08
5.993606213e-01  8.1843524e-08
5.996603016e-01  8.1731167e-08
5.999601317e-01  8.1617882e-08
6.002601118e-01  8.1504578e-08
6.005602418e-01  8.1391762e-08
6.008605220e-01  8.1279074e-08
6.011609522e-01  8.1166204e-08
6.014615327e-01  8.1053316e-08
6.017622635e-01  8.0940319e-08
6.020631446e-01  8.0827783e-08
6.023641762e-01  8.0715227e-08
6.026653583e-01  8.0602670e-08
6.029666909e-01  8.0490114e-08
6.032681743e-01  8.0377729e-08
6.035698084e-01  8.0265431e-08
6.038715933e-01  8.0153155e-08
6.041735291e-01  8.0040986e-08
6.044756158e-01  7.9928837e-08
6.047778537e-01  7.9816830e-08
6.050802426e-01  7.9704837e-08
6.053827827e-01  7.9592937e-08
6.056854741e-01  7.9481149e-08
6.059883168e-01  7.9369418e-08
6.062913110e-01  7.9257764e-08
6.065944566e-01  7.9146189e-08
6.068977539e-01  7.9034704e-08
6.072012027e-01  7.8923294e-08
6.075048033e-01  7.8811954e-08
6.078085557e-01  7.8700699e-08
6.081124600e-01  7.8589524e-08
6.084165163e-01  7.8478416e-08
6.087207245e-01  7.8367421e-08
6.090250849e-01  7.8256487e-08
6.093295974e-01  7.8145648e-08
6.096342622e-01  7.8034883e-08
6.099390793e-01  7.7924210e-08
6.102440489e-01  7.7813593e-08
6.105491709e-01  7.7703062e-08
6.108544455e-01  7.7592609e-08
6.111598727e-01  7.7482220e-08
6.114654527e-01  7.7371900e-08
6.117711854e-01  7.7261663e-08
6.120770710e-01  7.7151491e-08
6.123831095e-01  7.7041365e-08
6.126893011e-01  7.6931325e-08
6.129956457e-01  7.6821364e-08
6.133021435e-01  7.6711435e-08
6.136087946e-01  7.6601590e-08
6.139155990e-01  7.6491828e-08
6.142225568e-01  7.6382194e-08
6.145296681e-01  7.6272654e-08
6.148369329e-01  7.6163199e-08
6.151443514e-01  7.6053844e-08
6.154519236e-01  7.5944587e-08
6.157596495e-01  7.5835414e-08
6.160675294e-01  7.5726324e-08
6.163755631e-01  7.5617316e-08
6.166837509e-01  7.5508391e-08
6.169920928e-01  7.5399543e-08
6.173005888e-01  7.5290552e-08
6.176092391e-01  7.5181645e-08
6.179180437e-01  7.5072828e-08
6.182270028e-01  7.4964194e-08
6.185361163e-01  7.4855676e-08
6.188453843e-01  7.4747237e-08
6.191548070e-01  7.4639025e-08
6.194643844e-01  7.4530986e-08
6.197741166e-01  7.4423037e-08
6.200840037e-01  7.4315229e-08
6.203940457e-01  7.4207606e-08
6.207042427e-01  7.4100066e-08
6.210145948e-01  7.3992624e-08
6.213251021e-01  7.3885254e-08
6.216357647e-01  7.3777959e-08
6.219465825e-01  7.3670767e-08
6.222575558e-01  7.3563708e-08
6.225686846e-01  7.3456719e-08
6.228799689e-01  7.3349835e-08
6.231914089e-01  7.3243012e-08
6.235030046e-01  7.3136257e-08
6.238147561e-01  7.3029608e-08
6.241266635e-01  7.2922983e-08
6.244387268e-01  7.2816450e-08
6.247509462e-01  7.2709922e-08
6.250633217e-01  7.2603518e-08
6.253758533e-01  7.2497183e-08
6.256885413e-01  7.2390918e-08
6.260013855e-01  7.2284676e-08
6.263143862e-01  7.2178345e-08
6.266275434e-01  7.2072374e-08
6.269408572e-01  7.1965918e-08
6.272543276e-01  7.1860239e-08
6.275679548e-01  7.1754173e-08
6.278817388e-01  7.1645869e-08
6.281956796e-01  7.1542612e-08
6.285097775e-01  7.1437183e-08
6.288240324e-01  7.1330159e-08
6.291384444e-01  7.1226555e-08
6.294530136e-01  7.1120480e-08
6.297677401e-01  7.1015360e-08
6.300826240e-01  7.0911144e-08
6.303976653e-01  7.0806893e-08
6.307128641e-01  7.0701715e-08
6.310282206e-01  7.0596582e-08
6.313437347e-01  7.0491658e-08
6.316594065e-01  7.0386820e-08
6.319752362e-01  7.0281512e-08
6.322912239e-01  7.0177370e-08
6.326073695e-01  7.0073088e-08
6.329236732e-01  6.9969826e-08
6.332401350e-01  6.9864442e-08
6.335567551e-01  6.9761459e-08
6.338735334e-01  6.9657244e-08
6.341904702e-01  6.9553385e-08
6.345075654e-01  6.9449241e-08
6.348248192e-01  6.9344553e-08
6.351422316e-01  6.9241565e-08
6.354598027e-01  6.9138915e-08
6.357775327e-01  6.9035392e-08
6.360954214e-01  6.8931318e-08
6.364134691e-01  6.8828707e-08
6.367316759e-01  6.8725620e-08
6.370500417e-01  6.8622147e-08
6.373685667e-01  6.8519063e-08
6.376872510e-01  6.8416602e-08
6.380060946e-01  6.8313772e-08
6.383250977e-01  6.8210849e-08
6.386442602e-01  6.8108366e-08
6.389635824e-01  6.8005759e-08
6.392830641e-01  6.7903108e-08
6.396027057e-01  6.7801003e-08
6.399225070e-01  6.7698441e-08
6.402424683e-01  6.7596487e-08
6.405625895e-01  6.7494290e-08
6.408828708e-01  6.7392173e-08
6.412033122e-01  6.7290361e-08
6.415239139e-01  6.7188678e-08
6.418446759e-01  6.7086640e-08
6.421655982e-01  6.6985338e-08
6.424866810e-01  6.6883755e-08
6.428079243e-01  6.6782148e-08
6.431293283e-01  6.6680658e-08
6.434508930e-01  6.6579339e-08
6.437726184e-01  6.6478496e-08
6.440945047e-01  6.6377321e-08
6.444165520e-01  6.6276274e-08
6.447387603e-01  6.6175221e-08
6.450611296e-01  6.6074466e-08
6.453836602e-01  6.5973895e-08
6.457063520e-01  6.5872328e-08
6.460292052e-01  6.5770499e-08
6.463522198e-01  6.5670410e-08
6.466753959e-01  6.5569031e-08
6.469987336e-01  6.5468152e-08
6.473222330e-01  6.5367531e-08
6.476458941e-01  6.5255637e-08
6.479697170e-01  6.5163135e-08
6.482937019e-01  6.5063846e-08
6.486178488e-01  6.4961552e-08
6.489421577e-01  6.4866071e-08
6.492666288e-01  6.4765076e-08
6.495912621e-01  6.4662605e-08
6.499160577e-01  6.4569895e-08
6.502410157e-01  6.4474316e-08
6.505661362e-01  6.4373455e-08
6.508914193e-01  6.4274137e-08
6.512168650e-01  6.4174187e-08
6.515424734e-01  6.4070540e-08
6.518682447e-01  6.3964534e-08
6.521941788e-01  6.3878305e-08
6.525202759e-01  6.3774328e-08
6.528465360e-01  6.3683892e-08
6.531729593e-01  6.3583934e-08
6.534995458e-01  6.3479391e-08
6.538262956e-01  6.3387554e-08
6.541532087e-01  6.3290466e-08
6.544802853e-01  6.3180683e-08
6.548075254e-01  6.3092238e-08
6.551349292e-01  6.2993144e-08
6.554624967e-01  6.2889322e-08
6.557902279e-01  6.2798154e-08
6.561181230e-01  6.2702640e-08
6.564461821e-01  6.2600412e-08
6.567744052e-01  6.2509057e-08
6.571027924e-01  6.2410574e-08
6.574313438e-01  6.2312046e-08
6.577600595e-01  6.2216192e-08
6.580889395e-01  6.2120311e-08
6.584179840e-01  6.2023174e-08
6.587471930e-01  6.1924728e-08
6.590765666e-01  6.1830582e-08
6.594061048e-01  6.1733652e-08
6.597358079e-01  6.1637367e-08
6.600656758e-01  6.1540370e-08
6.603957086e-01  6.1444463e-08
6.607259065e-01  6.1348653e-08
6.610562694e-01  6.1252669e-08
6.613867976e-01  6.1156258e-08
6.617174910e-01  6.1060742e-08
6.620483497e-01  6.0964891e-08
6.623793739e-01  6.0868965e-08
6.627105636e-01  6.0773488e-08
6.630419189e-01  6.0677684e-08
6.633734398e-01  6.0582046e-08
6.637051265e-01  6.0486577e-08
6.640369791e-01  6.0391122e-08
6.643689976e-01  6.0295845e-08
6.647011821e-01  6.0201476e-08
6.650335327e-01  6.0106687e-08
6.653660494e-01  6.0011844e-08
6.656987325e-01  5.9917101e-08
6.660315818e-01  5.9822423e-08
6.663645976e-01  5.9727804e-08
6.666977799e-01  5.9633314e-08
6.670311288e-01  5.9539089e-08
6.673646444e-01  5.9444775e-08
6.676983267e-01  5.9350671e-08
6.680321759e-01  5.9256640e-08
6.683661920e-01  5.9162676e-08
6.687003751e-01  5.9068829e-08
6.690347252e-01  5.8975101e-08
6.693692426e-01  5.8881463e-08
6.697039272e-01  5.8787942e-08
6.700387792e-01  5.8694495e-08
6.703737986e-01  5.8601163e-08
6.707089855e-01  5.8507924e-08
6.710443400e-01  5.8414775e-08
6.713798621e-01  5.8321736e-08
6.717155521e-01  5.8228784e-08
6.720514098e-01  5.8135933e-08
6.723874355e-01  5.8043171e-08
6.727236293e-01  5.7950511e-08
6.730599911e-01  5.7857944e-08
6.733965211e-01  5.7765465e-08
6.737332193e-01  5.7673078e-08
6.740700859e-01  5.7580801e-08
6.744071210e-01  5.7488605e-08
6.747443246e-01  5.7396521e-08
6.750816967e-01  5.7304528e-08
6.754192376e-01  5.7212633e-08
6.757569472e-01  5.7120835e-08
6.760948257e-01  5.7029115e-08
6.764328731e-01  5.6937521e-08
6.767710895e-01  5.6846008e-08
6.771094750e-01  5.6754594e-08
6.774480298e-01  5.6663261e-08
6.777867538e-01  5.6572062e-08
6.781256472e-01  5.6480944e-08
6.784647100e-01  5.6389871e-08
6.788039424e-01  5.6298965e-08
6.791433443e-01  5.6208150e-08
6.794829160e-01  5.6117400e-08
6.798226575e-01  5.6026732e-08
6.801625688e-01  5.5936171e-08
6.805026501e-01  5.5845696e-08
6.808429014e-01  5.5755364e-08
6.811833228e-01  5.5665156e-08
6.815239145e-01  5.5574868e-08
6.818646765e-01  5.5484863e-08
6.822056088e-01  5.5394920e-08
6.825467116e-01  5.5304799e-08
6.828879850e-01  5.5215267e-08
6.832294290e-01  5.5125724e-08
6.835710437e-01  5.5036080e-08
6.839128292e-01  5.4946640e-08
6.842547856e-01  5.4857142e-08
6.845969130e-01  5.4768012e-08
6.849392115e-01  5.4678999e-08
6.852816811e-01  5.4589994e-08
6.856243219e-01  5.4500827e-08
6.859671341e-01  5.4412102e-08
6.863101176e-01  5.4323387e-08
6.866532727e-01  5.4234288e-08
6.869965993e-01  5.4145898e-08
6.873400976e-01  5.4057819e-08
6.876837677e-01  5.3969435e-08
6.880276096e-01  5.3881285e-08
6.883716234e-01  5.3793174e-08
6.887158092e-01  5.3704778e-08
6.890601671e-01  5.3617018e-08
6.894046972e-01  5.3529287e-08
6.897493995e-01  5.3441353e-08
6.900942742e-01  5.3353641e-08
6.904393213e-01  5.3266059e-08
6.907845410e-01  5.3177985e-08
6.911299333e-01  5.3091440e-08
6.914754982e-01  5.3003547e-08
6.918212360e-01  5.2916673e-08
6.921671466e-01  5.2829506e-08
6.925132302e-01  5.2737587e-08
6.928594868e-01  5.2653870e-08
6.932059165e-01  5.2560998e-08
6.935525195e-01  5.2474880e-08
6.938992958e-01  5.2381886e-08
6.942462454e-01  5.2275434e-08
6.945933685e-01  5.2209274e-08
6.949406652e-01  5.2105183e-08
6.952881356e-01  5.2043386e-08
6.956357796e-01  5.1952388e-08
6.959835975e-01  5.1854398e-08
6.963315893e-01  5.1774119e-08
6.966797551e-01  5.1702170e-08
6.970280950e-01  5.1620782e-08
6.973766090e-01  5.1530927e-08
6.977252973e-01  5.1449071e-08
6.980741600e-01  5.1359862e-08
6.984231971e-01  5.1275110e-08
6.987724087e-01  5.1172333e-08
6.991217949e-01  5.1086454e-08
6.994713558e-01  5.1003573e-08
6.998210914e-01  5.0933973e-08
7.001710020e-01  5.0844191e-08
7.005210875e-01  5.0745935e-08
7.008713480e-01  5.0677375e-08
7.012217837e-01  5.0590883e-08
7.015723946e-01  5.0510729e-08
7.019231808e-01  5.0417836e-08
7.022741424e-01  5.0340949e-08
7.026252795e-01  5.0252444e-08
7.029765921e-01  5.0164317e-08
7.033280804e-01  5.0094900e-08
7.036797444e-01  5.0010458e-08
7.040315843e-01  4.9911063e-08
7.043836001e-01  4.9841950e-08
7.047357919e-01  4.9757953e-08
7.050881598e-01  4.9674311e-08
7.054407039e-01  4.9588372e-08
7.057934242e-01  4.9505905e-08
7.061463209e-01  4.9425056e-08
7.064993941e-01  4.9341623e-08
7.068526438e-01  4.9259805e-08
7.072060701e-01  4.9178351e-08
7.075596731e-01  4.9094892e-08
7.079134530e-01  4.9008722e-08
7.082674097e-01  4.8930892e-08
7.086215434e-01  4.8848584e-08
7.089758542e-01  4.8764932e-08
7.093303421e-01  4.8684642e-08
7.096850073e-01  4.8601786e-08
7.100398498e-01  4.8518791e-08
7.103948697e-01  4.8437692e-08
7.107500671e-01  4.8354863e-08
7.111054422e-01  4.8275036e-08
7.114609949e-01  4.8193491e-08
7.118167254e-01  4.8112447e-08
7.121726338e-01  4.8030037e-08
7.125287201e-01  4.7949336e-08
7.128849844e-01  4.7867655e-08
7.132414269e-01  4.7786128e-08
7.135980476e-01  4.7705668e-08
7.139548467e-01  4.7623740e-08
7.143118241e-01  4.7542861e-08
7.146689800e-01  4.7462431e-08
7.150263145e-01  4.7379548e-08
7.153838277e-01  4.7299536e-08
7.157415196e-01  4.7220433e-08
7.160993903e-01  4.7138906e-08
7.164574400e-01  4.7056515e-08
7.168156687e-01  4.6954014e-08
7.171740766e-01  4.6877631e-08
7.175326636e-01  4.6783564e-08
7.178914299e-01  4.6666596e-08
7.182503757e-01  4.6591051e-08
7.186095008e-01  4.6417940e-08
7.189688056e-01  4.6420683e-08
7.193282900e-01  4.6244840e-08
7.196879541e-01  4.6301787e-08
7.200477981e-01  4.6174200e-08
7.204078220e-01  4.6086886e-08
7.207680259e-01  4.5917986e-08
7.211284099e-01  4.5995096e-08
7.214889742e-01  4.5941799e-08
7.218497186e-01  4.5839899e-08
7.222106435e-01  4.5785707e-08
7.225717488e-01  4.5682141e-08
7.229330347e-01  4.5592037e-08
7.232945012e-01  4.5457206e-08
7.236561485e-01  4.5321962e-08
7.240179765e-01  4.5364492e-08
7.243799855e-01  4.5229476e-08
7.247421755e-01  4.5192932e-08
7.251045466e-01  4.5130302e-08
7.254670989e-01  4.4966936e-08
7.258298324e-01  4.4978326e-08
7.261927473e-01  4.4899845e-08
7.265558437e-01  4.4763444e-08
7.269191216e-01  4.4744993e-08
7.272825812e-01  4.4650838e-08
7.276462225e-01  4.4542252e-08
7.280100456e-01  4.4470550e-08
7.283740506e-01  4.4437905e-08
7.287382377e-01  4.4370888e-08
7.291026068e-01  4.4230713e-08
7.294671581e-01  4.4197256e-08
7.298318917e-01  4.4143468e-08
7.301968076e-01  4.4058732e-08
7.305619060e-01  4.3959563e-08
7.309271870e-01  4.3917242e-08
7.312926505e-01  4.3830002e-08
7.316582969e-01  4.3754094e-08
7.320241260e-01  4.3684641e-08
7.323901381e-01  4.3620183e-08
7.327563332e-01  4.3541825e-08
7.331227113e-01  4.3472661e-08
7.334892727e-01  4.3391886e-08
7.338560173e-01  4.3320411e-08
7.342229453e-01  4.3247620e-08
7.345900568e-01  4.3164425e-08
7.349573518e-01  4.3092452e-08
7.353248305e-01  4.3024304e-08
7.356924929e-01  4.2945766e-08
7.360603392e-01  4.2868228e-08
7.364283693e-01  4.2790780e-08
7.367965835e-01  4.2724312e-08
7.371649818e-01  4.2643759e-08
7.375335643e-01  4.2576344e-08
7.379023311e-01  4.2500088e-08
7.382712822e-01  4.2427995e-08
7.386404179e-01  4.2352221e-08
7.390097381e-01  4.2280787e-08
7.393792430e-01  4.2204886e-08
7.397489326e-01  4.2130363e-08
7.401188071e-01  4.2059763e-08
7.404888665e-01  4.1985975e-08
7.408591109e-01  4.1912491e-08
7.412295404e-01  4.1837879e-08
7.416001552e-01  4.1765587e-08
7.419709553e-01  4.1692733e-08
7.423419408e-01  4.1619202e-08
7.427131117e-01  4.1545887e-08
7.430844683e-01  4.1473468e-08
7.434560105e-01  4.1400512e-08
7.438277385e-01  4.1327642e-08
7.441996524e-01  4.1254718e-08
7.445717522e-01  4.1182272e-08
7.449440381e-01  4.1109748e-08
7.453165101e-01  4.1037171e-08
7.456891684e-01  4.0964827e-08
7.460620130e-01  4.0892586e-08
7.464350440e-01  4.0820452e-08
7.468082615e-01  4.0748186e-08
7.471816656e-01  4.0676348e-08
7.475552565e-01  4.0604468e-08
7.479290341e-01  4.0532660e-08
7.483029986e-01  4.0460979e-08
7.486771501e-01  4.0389390e-08
7.490514887e-01  4.0317871e-08
7.494260144e-01  4.0246460e-08
7.498007274e-01  4.0175144e-08
7.501756278e-01  4.0103902e-08
7.505507156e-01  4.0032734e-08
7.509259910e-01  3.9961764e-08
7.513014540e-01  3.9890874e-08
7.516771047e-01  3.9819977e-08
7.520529432e-01  3.9749296e-08
7.524289697e-01  3.9678634e-08
7.528051842e-01  3.9608104e-08
7.531815868e-01  3.9537652e-08
7.535581776e-01  3.9467306e-08
7.539349567e-01  3.9397032e-08
7.543119241e-01  3.9326884e-08
7.546890801e-01  3.9256816e-08
7.550664246e-01  3.9186825e-08
7.554439579e-01  3.9116948e-08
7.558216798e-01  3.9047154e-08
7.561995907e-01  3.8977470e-08
7.565776905e-01  3.8907876e-08
7.569559793e-01  3.8838364e-08
7.573344573e-01  3.8768941e-08
7.577131245e-01  3.8699625e-08
7.580919811e-01  3.8630402e-08
7.584710271e-01  3.8561253e-08
7.588502626e-01  3.8492258e-08
7.592296877e-01  3.8423304e-08
7.596093026e-01  3.8354429e-08
7.599891072e-01  3.8285667e-08
7.603691018e-01  3.8216990e-08
7.607492863e-01  3.8148451e-08
7.611296610e-01  3.8079970e-08
7.615102258e-01  3.8011590e-08
7.618909809e-01  3.7943311e-08
7.622719264e-01  3.7875123e-08
7.626530624e-01  3.7807027e-08
7.630343889e-01  3.7739028e-08
7.634159061e-01  3.7671135e-08
7.637976141e-01  3.7603338e-08
7.641795129e-01  3.7535629e-08
7.645616026e-01  3.7468014e-08
7.649438834e-01  3.7400491e-08
7.653263554e-01  3.7333088e-08
7.657090185e-01  3.7265782e-08
7.660918730e-01  3.7198554e-08
7.664749190e-01  3.7131383e-08
7.668581564e-01  3.7064306e-08
7.672415855e-01  3.6997379e-08
7.676252063e-01  3.6930568e-08
7.680090189e-01  3.6863846e-08
7.683930234e-01  3.6797172e-08
7.687772199e-01  3.6730592e-08
7.691616085e-01  3.6664116e-08
7.695461894e-01  3.6597740e-08
7.699309624e-01  3.6531458e-08
7.703159279e-01  3.6465247e-08
7.707010859e-01  3.6399126e-08
7.710864364e-01  3.6333105e-08
7.714719797e-01  3.6267184e-08
7.718577156e-01  3.6201358e-08
7.722436445e-01  3.6135571e-08
7.726297663e-01  3.6069851e-08
7.730160812e-01  3.6004226e-08
7.734025892e-01  3.5938772e-08
7.737892905e-01  3.5873402e-08
7.741761852e-01  3.5808132e-08
7.745632733e-01  3.5742971e-08
7.749505549e-01  3.5677914e-08
7.753380302e-01  3.5612872e-08
7.757256992e-01  3.5547923e-08
7.761135621e-01  3.5483084e-08
7.765016188e-01  3.5418360e-08
7.768898697e-01  3.5353706e-08
7.772783146e-01  3.5289152e-08
7.776669537e-01  3.5224642e-08
7.780557872e-01  3.5160284e-08
7.784448151e-01  3.5095970e-08
7.788340375e-01  3.5031762e-08
7.792234545e-01  3.4967587e-08
7.796130663e-01  3.4903490e-08
7.800028728e-01  3.4839497e-08
7.803928742e-01  3.4775441e-08
7.807830707e-01  3.4711636e-08
7.811734622e-01  3.4647909e-08
7.815640489e-01  3.4584367e-08
7.819548310e-01  3.4520874e-08
7.823458084e-01  3.4457536e-08
7.827369813e-01  3.4394277e-08
7.831283498e-01  3.4331058e-08
7.835199139e-01  3.4267780e-08
7.839116739e-01  3.4204692e-08
7.843036297e-01  3.4142072e-08
7.846957816e-01  3.4079513e-08
7.850881294e-01  3.4016914e-08
7.854806735e-01  3.3954271e-08
7.858734139e-01  3.3891822e-08
7.862663506e-01  3.3829241e-08
7.866594837e-01  3.3765441e-08
7.870528135e-01  3.3704591e-08
7.874463399e-01  3.3642293e-08
7.878400631e-01  3.3578395e-08
7.882339831e-01  3.3517378e-08
7.886281001e-01  3.3455378e-08
7.890224141e-01  3.3393358e-08
7.894169253e-01  3.3329396e-08
7.898116338e-01  3.3265701e-08
7.902065396e-01  3.3206582e-08
7.906016429e-01  3.3146544e-08
7.909969437e-01  3.3078531e-08
7.913924422e-01  3.3024686e-08
7.917881384e-01  3.2960248e-08
7.921840325e-01  3.2894981e-08
7.925801245e-01  3.2836685e-08
7.929764145e-01  3.2770949e-08
7.933729028e-01  3.2718736e-08
7.937695892e-01  3.2660373e-08
7.941664740e-01  3.2599189e-08
7.945635572e-01  3.2538635e-08
7.949608390e-01  3.2475921e-08
7.953583194e-01  3.2416762e-08
7.957559986e-01  3.2355642e-08
7.961538766e-01  3.2283550e-08
7.965519535e-01  3.2230592e-08
7.969502295e-01  3.2174474e-08
7.973487046e-01  3.2112110e-08
7.977473790e-01  3.2056920e-08
7.981462527e-01  3.1995767e-08
7.985453258e-01  3.1933485e-08
7.989445985e-01  3.1876876e-08
7.993440708e-01  3.1818174e-08
7.997437428e-01  3.1758335e-08
8.001436147e-01  3.1691844e-08
8.005436865e-01  3.1640728e-08
8.009439583e-01  3.1576625e-08
8.013444303e-01  3.1520328e-08
8.017451025e-01  3.1461548e-08
8.021459751e-01  3.1403561e-08
8.025470480e-01  3.1341301e-08
8.029483216e-01  3.1283851e-08
8.033497957e-01  3.1229262e-08
8.037514706e-01  3.1165659e-08
8.041533464e-01  3.1112270e-08
8.045554230e-01  3.1050673e-08
8.049577007e-01  3.0995637e-08
8.053601796e-01  3.0938645e-08
8.057628597e-01  3.0880931e-08
8.061657411e-01  3.0822689e-08
8.065688240e-01  3.0764307e-08
8.069721084e-01  3.0707053e-08
8.073755945e-01  3.0649173e-08
8.077792822e-01  3.0591532e-08
8.081831719e-01  3.0533831e-08
8.085872635e-01  3.0475052e-08
8.089915571e-01  3.0419605e-08
8.093960529e-01  3.0360879e-08
8.098007509e-01  3.0302237e-08
8.102056513e-01  3.0247379e-08
8.106107541e-01  3.0190820e-08
8.110160595e-01  3.0132387e-08
8.114215675e-01  3.0072168e-08
8.118272783e-01  3.0019878e-08
8.122331919e-01  2.9961486e-08
8.126393085e-01  2.9903006e-08
8.130456282e-01  2.9846940e-08
8.134521510e-01  2.9772297e-08
8.138588771e-01  2.9729858e-08
8.142658065e-01  2.9653867e-08
8.146729394e-01  2.9614436e-08
8.150802759e-01  2.9536070e-08
8.154878160e-01  2.9467918e-08
8.158955599e-01  2.9422095e-08
8.163035077e-01  2.9323290e-08
8.167116595e-01  2.9288425e-08
8.171200153e-01  2.9208236e-08
8.175285753e-01  2.9231239e-08
8.179373396e-01  2.9029971e-08
8.183463083e-01  2.9072187e-08
8.187554814e-01  2.9040968e-08
8.191648592e-01  2.8942985e-08
8.195744416e-01  2.8886323e-08
8.199842288e-01  2.8777030e-08
8.203942209e-01  2.8833581e-08
8.208044180e-01  2.8794918e-08
8.212148202e-01  2.8719509e-08
8.216254277e-01  2.8682348e-08
8.220362404e-01  2.8598279e-08
8.224472585e-01  2.8559237e-08
8.228584821e-01  2.8352980e-08
8.232699114e-01  2.8337784e-08
8.236815463e-01  2.8378951e-08
8.240933871e-01  2.8344703e-08
8.245054338e-01  2.8246718e-08
8.249176865e-01  2.8251045e-08
8.253301453e-01  2.8189312e-08
8.257428104e-01  2.8074817e-08
8.261556818e-01  2.8062368e-08
8.265687597e-01  2.8015655e-08
8.269820440e-01  2.7981761e-08
8.273955351e-01  2.7885008e-08
8.278092328e-01  2.7832919e-08
8.282231374e-01  2.7790616e-08
8.286372490e-01  2.7750688e-08
8.290515676e-01  2.7659860e-08
8.294660934e-01  2.7640123e-08
8.298808265e-01  2.7607216e-08
8.302957669e-01  2.7535765e-08
8.307109148e-01  2.7460195e-08
8.311262702e-01  2.7450555e-08
8.315418334e-01  2.7389388e-08
8.319576043e-01  2.7330655e-08
8.323735831e-01  2.7262564e-08
8.327897699e-01  2.7239894e-08
8.332061648e-01  2.7182307e-08
8.336227678e-01  2.7130659e-08
8.340395792e-01  2.7071306e-08
8.344565990e-01  2.7029973e-08
8.348738273e-01  2.6979586e-08
8.352912642e-01  2.6927467e-08
8.357089099e-01  2.6874662e-08
8.361267643e-01  2.6823052e-08
8.365448277e-01  2.6772143e-08
8.369631001e-01  2.6719002e-08
8.373815817e-01  2.6669877e-08
8.378002725e-01  2.6616233e-08
8.382191726e-01  2.6567820e-08
8.386382822e-01  2.6513481e-08
8.390576013e-01  2.6464284e-08
8.394771301e-01  2.6413183e-08
8.398968687e-01  2.6362768e-08
8.403168171e-01  2.6311607e-08
8.407369755e-01  2.6258946e-08
8.411573440e-01  2.6207196e-08
8.415779227e-01  2.6159428e-08
8.419987116e-01  2.6106237e-08
8.424197110e-01  2.6058924e-08
8.428409209e-01  2.6008057e-08
8.432623413e-01  2.5955564e-08
8.436839725e-01  2.5905987e-08
8.441058145e-01  2.5856989e-08
8.445278674e-01  2.5806137e-08
8.449501313e-01  2.5757195e-08
8.453726064e-01  2.5706826e-08
8.457952927e-01  2.5657591e-08
8.462181903e-01  2.5606141e-08
8.466412994e-01  2.5558022e-08
8.470646201e-01  2.5508349e-08
8.474881524e-01  2.5458779e-08
8.479118965e-01  2.5409048e-08
8.483358524e-01  2.5359096e-08
8.487600203e-01  2.5309977e-08
8.491844003e-01  2.5261145e-08
8.496089925e-01  2.5211630e-08
8.500337970e-01  2.5162583e-08
8.504588139e-01  2.5113768e-08
8.508840433e-01  2.5064786e-08
8.513094854e-01  2.5014451e-08
8.517351401e-01  2.4967182e-08
8.521610077e-01  2.4917617e-08
8.525870882e-01  2.4869787e-08
8.530133817e-01  2.4821426e-08
8.534398884e-01  2.4773050e-08
8.538666084e-01  2.4724207e-08
8.542935417e-01  2.4675404e-08
8.547206884e-01  2.4628150e-08
8.551480488e-01  2.4579968e-08
8.555756228e-01  2.4531582e-08
8.560034106e-01  2.4483947e-08
8.564314123e-01  2.4435975e-08
8.568596280e-01  2.4388320e-08
8.572880578e-01  2.4340365e-08
8.577167019e-01  2.4292659e-08
8.581455602e-01  2.4245275e-08
8.585746330e-01  2.4197808e-08
8.590039203e-01  2.4150321e-08
8.594334223e-01  2.4102818e-08
8.598631390e-01  2.4055710e-08
8.602930706e-01  2.4008469e-08
8.607232171e-01  2.3961331e-08
8.611535787e-01  2.3914242e-08
8.615841555e-01  2.3867341e-08
8.620149476e-01  2.3820421e-08
8.624459550e-01  2.3773577e-08
8.628771780e-01  2.3726807e-08
8.633086166e-01  2.3680164e-08
8.637402709e-01  2.3633573e-08
8.641721411e-01  2.3587052e-08
8.646042271e-01  2.3540594e-08
8.650365292e-01  2.3494242e-08
8.654690475e-01  2.3447948e-08
8.659017820e-01  2.3401727e-08
8.663347329e-01  2.3355597e-08
8.667679003e-01  2.3309533e-08
8.672012842e-01  2.3263548e-08
8.676348849e-01  2.3217630e-08
8.680687023e-01  2.3171802e-08
8.685027367e-01  2.3126042e-08
8.689369880e-01  2.3080349e-08
8.693714565e-01  2.3033250e-08
8.698061423e-01  2.2986135e-08
8.702410453e-01  2.2939383e-08
8.706761659e-01  2.2894743e-08
8.711115039e-01  2.2849983e-08
8.715470597e-01  2.2804946e-08
8.719828332e-01  2.2760385e-08
8.724188246e-01  2.2715513e-08
8.728550340e-01  2.2670364e-08
8.732914616e-01  2.2625854e-08
8.737281073e-01  2.2581311e-08
8.741649714e-01  2.2536455e-08
8.746020538e-01  2.2491382e-08
8.750393549e-01  2.2446630e-08
8.754768745e-01  2.2402524e-08
8.759146130e-01  2.2357547e-08
8.763525703e-01  2.2312723e-08
8.767907466e-01  2.2268686e-08
8.772291419e-01  2.2224485e-08
8.776677565e-01  2.2180262e-08
8.781065904e-01  2.2135759e-08
8.785456437e-01  2.2091813e-08
8.789849165e-01  2.2047111e-08
8.794244090e-01  2.2001436e-08
8.798641212e-01  2.1954955e-08
8.803040532e-01  2.1906567e-08
8.807442053e-01  2.1864315e-08
8.811845774e-01  2.1820230e-08
8.816251697e-01  2.1761469e-08
8.820659822e-01  2.1712093e-08
8.825070152e-01  2.1667985e-08
8.829482687e-01  2.1621672e-08
8.833897429e-01  2.1560808e-08
8.838314377e-01  2.1501096e-08
8.842733535e-01  2.1495205e-08
8.847154901e-01  2.1448374e-08
8.851578479e-01  2.1420254e-08
8.856004268e-01  2.1367496e-08
8.860432270e-01  2.1330024e-08
8.864862486e-01  2.1282071e-08
8.869294918e-01  2.1203631e-08
8.873729565e-01  2.1179689e-08
8.878166430e-01  2.1146340e-08
8.882605513e-01  2.1113621e-08
8.887046816e-01  2.1079548e-08
8.891490339e-01  2.1033696e-08
8.895936084e-01  2.0979833e-08
8.900384052e-01  2.0945462e-08
8.904834244e-01  2.0902400e-08
8.909286662e-01  2.0870319e-08
8.913741305e-01  2.0821172e-08
8.918198176e-01  2.0785957e-08
8.922657275e-01  2.0744328e-08
8.927118603e-01  2.0699996e-08
8.931582163e-01  2.0660643e-08
8.936047954e-01  2.0615474e-08
8.940515978e-01  2.0574414e-08
8.944986236e-01  2.0536362e-08
8.949458729e-01  2.0486463e-08
8.953933458e-01  2.0442751e-08
8.958410425e-01  2.0394647e-08
8.962889630e-01  2.0363904e-08
8.967371075e-01  2.0293967e-08
8.971854760e-01  2.0279639e-08
8.976340688e-01  2.0217517e-08
8.980828858e-01  2.0198817e-08
8.985319273e-01  2.0149493e-08
8.989811932e-01  1.9974657e-08
8.994306838e-01  1.9968974e-08
8.998803992e-01  2.0049164e-08
9.003303394e-01  1.9878968e-08
9.007805045e-01  1.9923050e-08
9.012308948e-01  1.9882825e-08
9.016815102e-01  1.9849807e-08
9.021323510e-01  1.9789593e-08
9.025834172e-01  1.9738106e-08
9.030347089e-01  1.9726037e-08
9.034862262e-01  1.9719255e-08
9.039379693e-01  1.9698099e-08
9.043899383e-01  1.9622790e-08
9.048421333e-01  1.9616219e-08
9.052945544e-01  1.9568640e-08
9.057472016e-01  1.9527554e-08
9.062000752e-01  1.9466218e-08
9.066531753e-01  1.9441983e-08
9.071065019e-01  1.9298823e-08
9.075600551e-01  1.9324856e-08
9.080138351e-01  1.9301592e-08
9.084678421e-01  1.9255103e-08
9.089220760e-01  1.9176621e-08
9.093765370e-01  1.9200731e-08
9.098312253e-01  1.9178126e-08
9.102861409e-01  1.9050313e-08
9.107412840e-01  1.9070800e-08
9.111966546e-01  1.9055731e-08
9.116522529e-01  1.9024014e-08
9.121080791e-01  1.8882984e-08
9.125641331e-01  1.8943311e-08
9.130204152e-01  1.8883840e-08
9.134769254e-01  1.8825887e-08
9.139336638e-01  1.8732010e-08
9.143906307e-01  1.8793356e-08
9.148478260e-01  1.8757277e-08
9.153052499e-01  1.8692557e-08
9.157629025e-01  1.8580101e-08
9.162207840e-01  1.8624387e-08
9.166788944e-01  1.8604843e-08
9.171372338e-01  1.8556038e-08
9.175958024e-01  1.8460061e-08
9.180546003e-01  1.8471385e-08
9.185136276e-01  1.8430882e-08
9.189728844e-01  1.8418658e-08
9.194323709e-01  1.8375151e-08
9.198920871e-01  1.8332600e-08
9.203520331e-01  1.8309547e-08
9.208122091e-01  1.8263183e-08
9.212726152e-01  1.8230720e-08
9.217332515e-01  1.8180994e-08
9.221941182e-01  1.8153196e-08
9.226552152e-01  1.8111286e-08
9.231165428e-01  1.8076819e-08
9.235781011e-01  1.8036584e-08
9.240398902e-01  1.7996684e-08
9.245019101e-01  1.7966330e-08
9.249641611e-01  1.7916054e-08
9.254266431e-01  1.7888554e-08
9.258893565e-01  1.7862281e-08
9.263523011e-01  1.7808269e-08
9.268154773e-01  1.7790884e-08
9.272788850e-01  1.7749624e-08
9.277425245e-01  1.7707831e-08
9.282063957e-01  1.7634149e-08
9.286704989e-01  1.7624372e-08
9.291348342e-01  1.7601619e-08
9.295994016e-01  1.7548034e-08
9.300642013e-01  1.7506413e-08
9.305292334e-01  1.7461593e-08
9.309944980e-01  1.7350156e-08
9.314599953e-01  1.7357727e-08
9.319257253e-01  1.7090571e-08
9.323916881e-01  1.7233007e-08
9.328578840e-01  1.7046174e-08
9.333243129e-01  1.7076499e-08
9.337909751e-01  1.6985537e-08
9.342578706e-01  1.6606798e-08
9.347249995e-01  1.6245210e-08
9.351923620e-01  1.7118951e-08
9.356599582e-01  1.6232908e-08
9.361277881e-01  1.6530629e-08
9.365958520e-01  1.6753063e-08
9.370641500e-01  1.6632691e-08
9.375326820e-01  1.6488242e-08
9.380014484e-01  1.6318355e-08
9.384704491e-01  1.6452836e-08
9.389396843e-01  1.6405158e-08
9.394091542e-01  1.6780338e-08
9.398788588e-01  1.6705975e-08
9.403487982e-01  1.6634922e-08
9.408189726e-01  1.6682690e-08
9.412893821e-01  1.6422160e-08
9.417600268e-01  1.6501655e-08
9.422309068e-01  1.6549131e-08
9.427020222e-01  1.6196618e-08
9.431733732e-01  1.5897928e-08
9.436449599e-01  1.6502677e-08
9.441167824e-01  1.5995284e-08
9.445888408e-01  1.5940538e-08
9.450611352e-01  1.6357948e-08
9.455336658e-01  1.6266421e-08
9.460064326e-01  1.6088122e-08
9.464794358e-01  1.5958125e-08
9.469526755e-01  1.6181875e-08
9.474261519e-01  1.6148219e-08
9.478998650e-01  1.6136597e-08
9.483738149e-01  1.5479709e-08
9.488480018e-01  1.6103679e-08
9.493224258e-01  1.6053706e-08
9.497970870e-01  1.5730158e-08
9.502719856e-01  1.5451378e-08
9.507471216e-01  1.5969621e-08
9.512224951e-01  1.5960252e-08
9.516981064e-01  1.5861248e-08
9.521739554e-01  1.5655641e-08
9.526500424e-01  1.5625653e-08
9.531263674e-01  1.5726980e-08
9.536029306e-01  1.5773242e-08
9.540797321e-01  1.5697544e-08
9.545567719e-01  1.5418850e-08
9.550340503e-01  1.5673612e-08
9.555115673e-01  1.5509752e-08
9.559893231e-01  1.5538013e-08
9.564673178e-01  1.5522948e-08
9.569455514e-01  1.5436282e-08
9.574240242e-01  1.5509965e-08
9.579027362e-01  1.5491702e-08
9.583816876e-01  1.5374528e-08
9.588608784e-01  1.5424740e-08
9.593403089e-01  1.5270486e-08
9.598199790e-01  1.5350423e-08
9.602998890e-01  1.5315341e-08
9.607800390e-01  1.5169943e-08
9.612604290e-01  1.5272843e-08
9.617410592e-01  1.5232669e-08
9.622219297e-01  1.5071914e-08
9.627030407e-01  1.5129770e-08
9.631843922e-01  1.5144837e-08
9.636659844e-01  1.5111326e-08
9.641478174e-01  1.5017092e-08
9.646298913e-01  1.5003758e-08
9.651122063e-01  1.5011878e-08
9.655947624e-01  1.4981784e-08
9.660775597e-01  1.4936556e-08
9.665605985e-01  1.4826270e-08
9.670438788e-01  1.4884132e-08
9.675274008e-01  1.4853717e-08
9.680111645e-01  1.4829795e-08
9.684951700e-01  1.4779267e-08
9.689794176e-01  1.4779272e-08
9.694639073e-01  1.4738290e-08
9.699486393e-01  1.4713001e-08
9.704336136e-01  1.4633778e-08
9.709188304e-01  1.4645693e-08
9.714042898e-01  1.4617831e-08
9.718899920e-01  1.4564031e-08
9.723759370e-01  1.4550336e-08
9.728621249e-01  1.4520325e-08
9.733485560e-01  1.4490528e-08
9.738352303e-01  1.4419907e-08
9.743221479e-01  1.4405909e-08
9.748093090e-01  1.4393610e-08
9.752967136e-01  1.4357229e-08
9.757843620e-01  1.4322231e-08
9.762722542e-01  1.4286137e-08
9.767603903e-01  1.4276541e-08
9.772487705e-01  1.4257383e-08
9.777373949e-01  1.4216852e-08
9.782262636e-01  1.4172387e-08
9.787153767e-01  1.4163186e-08
9.792047344e-01  1.4128893e-08
9.796943368e-01  1.4092966e-08
9.801841839e-01  1.4062744e-08
9.806742760e-01  1.4042625e-08
9.811646132e-01  1.4016163e-08
9.816551955e-01  1.3984043e-08
9.821460231e-01  1.3957613e-08
9.826370961e-01  1.3919392e-08
9.831284146e-01  1.3897280e-08
9.836199788e-01  1.3868166e-08
9.841117888e-01  1.3841819e-08
9.846038447e-01  1.3807589e-08
9.850961466e-01  1.3779482e-08
9.855886947e-01  1.3753272e-08
9.860814891e-01  1.3725228e-08
9.865745298e-01  1.3695102e-08
9.870678171e-01  1.3665175e-08
9.875613510e-01  1.3633446e-08
9.880551316e-01  1.3604102e-08
9.885491592e-01  1.3569998e-08
9.890434338e-01  1.3546581e-08
9.895379555e-01  1.3518487e-08
9.900327245e-01  1.3489208e-08
9.905277409e-01  1.3461297e-08
9.910230047e-01  1.3432408e-08
9.915185162e-01  1.3404817e-08
9.920142755e-01  1.3374947e-08
9.925102826e-01  1.3348764e-08
9.930065378e-01  1.3320235e-08
9.935030410e-01  1.3290501e-08
9.939997926e-01  1.3264698e-08
9.944967924e-01  1.3232743e-08
9.949940408e-01  1.3205648e-08
9.954915379e-01  1.3176440e-08
9.959892836e-01  1.3149936e-08
9.964872783e-01  1.3118852e-08
9.969855219e-01  1.3094193e-08
9.974840147e-01  1.3065252e-08
9.979827567e-01  1.3038390e-08
9.984817481e-01  1.3009910e-08
9.989809889e-01  1.2980193e-08
9.994804794e-01  1.2953566e-08
9.999802197e-01  1.2927267e-08
1.000480210e+00  1.2898895e-08
1.000980450e+00  1.2872955e-08
1.001480940e+00  1.2843861e-08
1.001981681e+00  1.2815809e-08
1.002482671e+00  1.2787799e-08
1.002983913e+00  1.2762920e-08
1.003485405e+00  1.2735542e-08
1.003987147e+00  1.2707412e-08
1.004489141e+00  1.2680651e-08
1.004991386e+00  1.2652904e-08
1.005493881e+00  1.2624551e-08
1.005996628e+00  1.2599930e-08
1.006499627e+00  1.2569833e-08
1.007002876e+00  1.2545979e-08
1.007506378e+00  1.2519420e-08
1.008010131e+00  1.2490254e-08
1.008514136e+00  1.2466725e-08
1.009018393e+00  1.2436457e-08
1.009522902e+00  1.2408919e-08
1.010027664e+00  1.2383895e-08
1.010532678e+00  1.2358859e-08
1.011037944e+00  1.2331382e-08
1.011543463e+00  1.2304314e-08
1.012049235e+00  1.2277094e-08
1.012555259e+00  1.2251695e-08
1.013061537e+00  1.2225540e-08
1.013568068e+00  1.2199686e-08
1.014074852e+00  1.2173669e-08
1.014581889e+00  1.2148007e-08
1.015089180e+00  1.2121123e-08
1.015596725e+00  1.2095196e-08
1.016104523e+00  1.2070507e-08
1.016612575e+00  1.2043538e-08
1.017120882e+00  1.2017817e-08
1.017629442e+00  1.1992011e-08
1.018138257e+00  1.1966125e-08
1.018647326e+00  1.1941563e-08
1.019156649e+00  1.1915050e-08
1.019666228e+00  1.1889790e-08
1.020176061e+00  1.1864340e-08
1.020686149e+00  1.1839303e-08
1.021196492e+00  1.1811972e-08
1.021707090e+00  1.1786570e-08
1.022217944e+00  1.1763462e-08
1.022729053e+00  1.1736884e-08
1.023240417e+00  1.1711532e-08
1.023752038e+00  1.1685467e-08
1.024263914e+00  1.1661658e-08
1.024776045e+00  1.1636246e-08
1.025288434e+00  1.1611468e-08
1.025801078e+00  1.1586227e-08
1.026313978e+00  1.1561597e-08
1.026827135e+00  1.1536718e-08
1.027340549e+00  1.1510137e-08
1.027854219e+00  1.1487039e-08
1.028368146e+00  1.1462170e-08
1.028882330e+00  1.1437695e-08
1.029396771e+00  1.1411887e-08
1.029911470e+00  1.1387905e-08
1.030426426e+00  1.1363363e-08
1.030941639e+00  1.1338777e-08
1.031457110e+00  1.1314125e-08
1.031972838e+00  1.1289608e-08
1.032488825e+00  1.1265662e-08
1.033005069e+00  1.1241083e-08
1.033521572e+00  1.1216321e-08
1.034038332e+00  1.1192274e-08
1.034555351e+00  1.1168211e-08
1.035072629e+00  1.1143799e-08
1.035590165e+00  1.1119565e-08
1.036107961e+00  1.1095451e-08
1.036626015e+00  1.1071360e-08
1.037144328e+00  1.1047382e-08
1.037662900e+00  1.1023359e-08
1.038181731e+00  1.0999380e-08
1.038700822e+00  1.0975473e-08
1.039220172e+00  1.0951522e-08
1.039739783e+00  1.0927768e-08
1.040259652e+00  1.0904037e-08
1.040779782e+00  1.0880427e-08
1.041300172e+00  1.0856562e-08
1.041820822e+00  1.0832882e-08
1.042341733e+00  1.0809215e-08
1.042862903e+00  1.0785785e-08
1.043384335e+00  1.0762273e-08
1.043906027e+00  1.0738835e-08
1.044427980e+00  1.0715487e-08
1.044950194e+00  1.0691992e-08
1.045472669e+00  1.0668542e-08
1.045995406e+00  1.0645411e-08
1.046518403e+00  1.0622182e-08
1.047041662e+00  1.0598992e-08
1.047565183e+00  1.0575792e-08
1.048088966e+00  1.0552759e-08
1.048613010e+00  1.0529614e-08
1.049137317e+00  1.0506651e-08
1.049661886e+00  1.0483608e-08
1.050186716e+00  1.0460749e-08
1.050711810e+00  1.0437873e-08
1.051237166e+00  1.0415030e-08
1.051762784e+00  1.0392224e-08
1.052288666e+00  1.0369479e-08
1.052814810e+00  1.0346520e-08
1.053341217e+00  1.0324104e-08
1.053867888e+00  1.0301483e-08
1.054394822e+00  1.0278908e-08
1.054922019e+00  1.0256379e-08
1.055449480e+00  1.0233888e-08
1.055977205e+00  1.0211449e-08
1.056505194e+00  1.0189053e-08
1.057033446e+00  1.0166697e-08
1.057561963e+00  1.0144385e-08
1.058090744e+00  1.0122120e-08
1.058619789e+00  1.0099880e-08
1.059149099e+00  1.0077718e-08
1.059678674e+00  1.0055588e-08
1.060208513e+00  1.0033490e-08
1.060738617e+00  1.0011448e-08
1.061268987e+00  9.9894447e-09
1.061799621e+00  9.9674884e-09
1.062330521e+00  9.9455237e-09
1.062861686e+00  9.9236465e-09
1.063393117e+00  9.9018683e-09
1.063924814e+00  9.8800832e-09
1.064456776e+00  9.8583311e-09
1.064989005e+00  9.8365799e-09
1.065521499e+00  9.8149668e-09
1.066054260e+00  9.7933560e-09
1.066587287e+00  9.7717902e-09
1.067120581e+00  9.7502526e-09
1.067654141e+00  9.7287339e-09
1.068187968e+00  9.7072999e-09
1.068722062e+00  9.6858613e-09
1.069256423e+00  9.6644775e-09
1.069791051e+00  9.6431595e-09
1.070325947e+00  9.6219045e-09
1.070861110e+00  9.6007200e-09
1.071396540e+00  9.5795120e-09
1.071932238e+00  9.5582209e-09
1.072468205e+00  9.5370897e-09
1.073004439e+00  9.5160176e-09
1.073540941e+00  9.4951975e-09
1.074077711e+00  9.4741534e-09
1.074614750e+00  9.4522039e-09
1.075152058e+00  9.4322986e-09
1.075689634e+00  9.4114854e-09
1.076227478e+00  9.3904538e-09
1.076765592e+00  9.3699060e-09
1.077303975e+00  9.3471977e-09
1.077842627e+00  9.3282408e-09
1.078381548e+00  9.3075190e-09
1.078920739e+00  9.2872239e-09
1.079460199e+00  9.2664506e-09
1.079999930e+00  9.2444800e-09
1.080539929e+00  9.2246951e-09
1.081080199e+00  9.2043369e-09
1.081620740e+00  9.1842483e-09
1.082161550e+00  9.1641769e-09
1.082702631e+00  9.1440866e-09
1.083243982e+00  9.1220537e-09
1.083785604e+00  9.1022992e-09
1.084327497e+00  9.0823885e-09
1.084869661e+00  9.0629055e-09
1.085412095e+00  9.0426455e-09
1.085954801e+00  9.0178013e-09
1.086497779e+00  8.9984051e-09
1.087041028e+00  8.9808090e-09
1.087584548e+00  8.9626049e-09
1.088128341e+00  8.9427183e-09
1.088672405e+00  8.9222631e-09
1.089216741e+00  8.9013960e-09
1.089761349e+00  8.8819425e-09
1.090306230e+00  8.8543510e-09
1.090851383e+00  8.8425018e-09
1.091396809e+00  8.8233533e-09
1.091942507e+00  8.8040015e-09
1.092488478e+00  8.7671969e-09
1.093034723e+00  8.7615325e-09
1.093581240e+00  8.7431892e-09
1.094128031e+00  8.7244579e-09
1.094675095e+00  8.7006237e-09
1.095222432e+00  8.6821501e-09
1.095770043e+00  8.6566692e-09
1.096317928e+00  8.6410205e-09
1.096866087e+00  8.6281512e-09
1.097414520e+00  8.6066487e-09
1.097963228e+00  8.5841464e-09
1.098512209e+00  8.5673983e-09
1.099061465e+00  8.5458475e-09
1.099610996e+00  8.5090476e-09
1.100160802e+00  8.5089424e-09
1.100710882e+00  8.4864972e-09
1.101261237e+00  8.4713592e-09
1.101811868e+00  8.4457971e-09
1.102362774e+00  8.4304159e-09
1.102913955e+00  8.4105504e-09
1.103465412e+00  8.3939837e-09
1.104017145e+00  8.3752233e-09
1.104569154e+00  8.3464016e-09
1.105121438e+00  8.3413114e-09
1.105673999e+00  8.3120115e-09
1.106226836e+00  8.2816537e-09
1.106779949e+00  8.2772497e-09
1.107333339e+00  8.2665784e-09
1.107887006e+00  8.2358539e-09
1.108440950e+00  8.2031067e-09
1.108995170e+00  8.2070305e-09
1.109549668e+00  8.1897994e-09
1.110104442e+00  8.1729264e-09
1.110659495e+00  8.1351897e-09
1.111214824e+00  8.1280422e-09
1.111770432e+00  8.1076201e-09
1.112326317e+00  8.0864687e-09
1.112882480e+00  8.0350306e-09
1.113438921e+00  8.0238631e-09
1.113995641e+00  8.0137956e-09
1.114552639e+00  8.0012983e-09
1.115109915e+00  7.8782468e-09
1.115667470e+00  7.9447781e-09
1.116225304e+00  7.8645122e-09
1.116783416e+00  7.7970721e-09
1.117341808e+00  7.7678906e-09
1.117900479e+00  7.8579239e-09
1.118459429e+00  7.7708289e-09
1.119018659e+00  7.6754472e-09
1.119578168e+00  7.7679363e-09
1.120137957e+00  7.5182380e-09
1.120698026e+00  7.7145935e-09
1.121258375e+00  7.4719321e-09
1.121819005e+00  7.4161798e-09
1.122379914e+00  7.1713975e-09
1.122941104e+00  7.4511533e-09
1.123502575e+00  7.2262286e-09
1.124064326e+00  7.4768091e-09
1.124626358e+00  7.6343971e-09
1.125188671e+00  7.2372882e-09
1.125751266e+00  7.2137820e-09
1.126314141e+00  7.3490121e-09
1.126877298e+00  7.5392413e-09
1.127440737e+00  7.1934760e-09
1.128004457e+00  7.1757098e-09
1.128568459e+00  7.1830485e-09
1.129132744e+00  7.2486688e-09
1.129697310e+00  6.7910816e-09
1.130262159e+00  7.3264675e-09
1.130827290e+00  7.4350257e-09
1.131392703e+00  7.4171749e-09
1.131958400e+00  7.4183842e-09
1.132524379e+00  7.3040017e-09
1.133090641e+00  7.2989366e-09
1.133657186e+00  7.1521104e-09
1.134224015e+00  7.1461468e-09
1.134791127e+00  6.2347393e-09
1.135358523e+00  7.0701904e-09
1.135926202e+00  6.4867696e-09
1.136494165e+00  7.2704129e-09
1.137062412e+00  7.2801506e-09
1.137630943e+00  7.1424367e-09
1.138199759e+00  7.1953054e-09
1.138768859e+00  7.0621865e-09
1.139338243e+00  7.2464086e-09
1.139907912e+00  7.0691326e-09
1.140477866e+00  7.1638757e-09
1.141048105e+00  6.9991249e-09
1.141618629e+00  7.0198268e-09
1.142189438e+00  7.0005937e-09
1.142760533e+00  7.1211182e-09
1.143331913e+00  7.1218122e-09
1.143903579e+00  6.9053976e-09
1.144475531e+00  6.8058425e-09
1.145047769e+00  6.8974217e-09
1.145620293e+00  6.8547235e-09
1.146193103e+00  6.9547929e-09
1.146766200e+00  6.7341446e-09
1.147339583e+00  6.8288214e-09
1.147913252e+00  6.9200217e-09
1.148487209e+00  6.9185336e-09
1.149061453e+00  6.8644349e-09
1.149635983e+00  6.5651672e-09
1.150210801e+00  6.8712547e-09
1.150785907e+00  6.8091811e-09
1.151361300e+00  6.7937187e-09
1.151936980e+00  6.6568772e-09
1.152512949e+00  6.5895344e-09
1.153089205e+00  6.7522531e-09
1.153665750e+00  6.7264758e-09
1.154242583e+00  6.6909929e-09
1.154819704e+00  6.7262514e-09
1.155397114e+00  6.6767154e-09
1.155974813e+00  6.6554515e-09
1.156552800e+00  6.6656363e-09
1.157131076e+00  6.6666532e-09
1.157709642e+00  6.6330895e-09
1.158288497e+00  6.6855089e-09
1.158867641e+00  6.6225831e-09
1.159447075e+00  6.6648596e-09
1.160026798e+00  6.6181686e-09
1.160606812e+00  6.5691086e-09
1.161187115e+00  6.6034024e-09
1.161767709e+00  6.5163146e-09
1.162348593e+00  6.4666640e-09
1.162929767e+00  6.4845400e-09
1.163511232e+00  6.5195006e-09
1.164092987e+00  6.4853828e-09
1.164675034e+00  6.4488901e-09
1.165257371e+00  6.4681717e-09
1.165840000e+00  6.4661456e-09
1.166422920e+00  6.4596259e-09
1.167006131e+00  6.4319012e-09
1.167589635e+00  6.4287693e-09
1.168173429e+00  6.4278160e-09
1.168757516e+00  6.4046331e-09
1.169341895e+00  6.3955254e-09
1.169926566e+00  6.3585331e-09
1.170511529e+00  6.3713706e-09
1.171096785e+00  6.3616035e-09
1.171682333e+00  6.3377836e-09
1.172268174e+00  6.3285742e-09
1.172854308e+00  6.3255652e-09
1.173440736e+00  6.3121325e-09
1.174027456e+00  6.2724279e-09
1.174614470e+00  6.2900073e-09
1.175201777e+00  6.2600606e-09
1.175789378e+00  6.2650609e-09
1.176377273e+00  6.2533441e-09
1.176965461e+00  6.2355325e-09
1.177553944e+00  6.2006155e-09
1.178142721e+00  6.2001188e-09
1.178731792e+00  6.1980254e-09
1.179321158e+00  6.1794879e-09
1.179910819e+00  6.1648021e-09
1.180500774e+00  6.1553278e-09
1.181091025e+00  6.1374882e-09
1.181681570e+00  6.1139688e-09
1.182272411e+00  6.0969103e-09
1.182863547e+00  6.1048814e-09
1.183454979e+00  6.0941367e-09
1.184046706e+00  6.0698256e-09
1.184638730e+00  6.0493299e-09
1.185231049e+00  6.0473239e-09
1.185823665e+00  6.0342754e-09
1.186416576e+00  6.0264895e-09
1.187009785e+00  6.0062726e-09
1.187603290e+00  5.9376029e-09
1.188197091e+00  5.9587456e-09
1.188791190e+00  5.9604709e-09
1.189385585e+00  5.9515530e-09
1.189980278e+00  5.9443137e-09
1.190575268e+00  5.9238065e-09
1.191170556e+00  5.9157394e-09
1.191766141e+00  5.8974313e-09
1.192362024e+00  5.8900924e-09
1.192958205e+00  5.8803560e-09
1.193554684e+00  5.8545272e-09
1.194151462e+00  5.8562779e-09
1.194748537e+00  5.8421811e-09
1.195345912e+00  5.8241578e-09
1.195943585e+00  5.8152156e-09
1.196541556e+00  5.8002977e-09
1.197139827e+00  5.7881396e-09
1.197738397e+00  5.7705529e-09
1.198337266e+00  5.7597801e-09
1.198936435e+00  5.7335661e-09
1.199535903e+00  5.7383556e-09
1.200135671e+00  5.7208746e-09
1.200735739e+00  5.7048007e-09
1.201336107e+00  5.6949525e-09
1.201936775e+00  5.6787324e-09
1.202537743e+00  5.6723318e-09
1.203139012e+00  5.6576622e-09
1.203740582e+00  5.6155244e-09
1.204342452e+00  5.6350438e-09
1.204944623e+00  5.6106641e-09
1.205547095e+00  5.6088327e-09
1.206149869e+00  5.5968323e-09
1.206752944e+00  5.5825062e-09
1.207356320e+00  5.5678264e-09
1.207959999e+00  5.5563881e-09
1.208563979e+00  5.5469082e-09
1.209168261e+00  5.5271700e-09
1.209772845e+00  5.5171127e-09
1.210377731e+00  5.5089089e-09
1.210982920e+00  5.4950242e-09
1.211588411e+00  5.4787921e-09
1.212194206e+00  5.4659298e-09
1.212800303e+00  5.4572617e-09
1.213406703e+00  5.4446992e-09
1.214013406e+00  5.4289266e-09
1.214620413e+00  5.4186571e-09
1.215227723e+00  5.4060838e-09
1.215835337e+00  5.3954820e-09
1.216443255e+00  5.3815122e-09
1.217051476e+00  5.3699955e-09
1.217660002e+00  5.3582019e-09
1.218268832e+00  5.3462189e-09
1.218877966e+00  5.3331086e-09
1.219487405e+00  5.3209867e-09
1.220097149e+00  5.3082707e-09
1.220707198e+00  5.2965573e-09
1.221317551e+00  5.2836798e-09
1.221928210e+00  5.2707882e-09
1.222539174e+00  5.2581839e-09
1.223150444e+00  5.2474440e-09
1.223762019e+00  5.2341607e-09
1.224373900e+00  5.2230198e-09
1.224986087e+00  5.2112051e-09
1.225598580e+00  5.1986866e-09
1.226211379e+00  5.1869753e-09
1.226824485e+00  5.1726436e-09
1.227437897e+00  5.1626074e-09
1.228051616e+00  5.1509592e-09
1.228665642e+00  5.1388191e-09
1.229279975e+00  5.1261590e-09
1.229894615e+00  5.1147218e-09
1.230509562e+00  5.1027885e-09
1.231124817e+00  5.0909355e-09
1.231740379e+00  5.0792281e-09
1.232356250e+00  5.0675294e-09
1.232972428e+00  5.0552215e-09
1.233588914e+00  5.0439386e-09
1.234205708e+00  5.0319516e-09
1.234822811e+00  5.0200945e-09
1.235440223e+00  5.0085293e-09
1.236057943e+00  4.9972046e-09
1.236675972e+00  4.9854257e-09
1.237294310e+00  4.9738720e-09
1.237912957e+00  4.9622224e-09
1.238531913e+00  4.9501780e-09
1.239151179e+00  4.9393446e-09
1.239770755e+00  4.9278393e-09
1.240390640e+00  4.9163847e-09
1.241010836e+00  4.9048797e-09
1.241631341e+00  4.8934575e-09
1.242252157e+00  4.8820875e-09
1.242873283e+00  4.8708459e-09
1.243494719e+00  4.8594834e-09
1.244116467e+00  4.8480291e-09
1.244738525e+00  4.8367943e-09
1.245360894e+00  4.8254172e-09
1.245983575e+00  4.8142624e-09
1.246606566e+00  4.8029818e-09
1.247229870e+00  4.7918350e-09
1.247853485e+00  4.7807192e-09
1.248477411e+00  4.7695072e-09
1.249101650e+00  4.7584701e-09
1.249726201e+00  4.7473439e-09
1.250351064e+00  4.7362160e-09
1.250976240e+00  4.7252045e-09
1.251601728e+00  4.7141096e-09
1.252227529e+00  4.7030808e-09
1.252853642e+00  4.6921008e-09
1.253480069e+00  4.6811250e-09
1.254106809e+00  4.6702186e-09
1.254733863e+00  4.6592798e-09
1.255361229e+00  4.6483637e-09
1.255988910e+00  4.6374981e-09
1.256616905e+00  4.6266492e-09
1.257245213e+00  4.6158032e-09
1.257873836e+00  4.6049566e-09
1.258502773e+00  4.5941716e-09
1.259132024e+00  4.5834141e-09
1.259761590e+00  4.5726542e-09
1.260391471e+00  4.5619259e-09
1.261021666e+00  4.5512088e-09
1.261652177e+00  4.5405555e-09
1.262283003e+00  4.5298868e-09
1.262914145e+00  4.5191840e-09
1.263545602e+00  4.5085469e-09
1.264177375e+00  4.4980542e-09
1.264809463e+00  4.4875023e-09
1.265441868e+00  4.4769523e-09
1.266074589e+00  4.4664367e-09
1.266707626e+00  4.4558839e-09
1.267340980e+00  4.4454273e-09
1.267974651e+00  4.4349525e-09
1.268608638e+00  4.4245687e-09
1.269242942e+00  4.4141652e-09
1.269877564e+00  4.4037764e-09
1.270512503e+00  4.3933817e-09
1.271147759e+00  4.3829048e-09
1.271783333e+00  4.3727559e-09
1.272419224e+00  4.3624161e-09
1.273055434e+00  4.3521694e-09
1.273691962e+00  4.3418968e-09
1.274328808e+00  4.3316706e-09
1.274965972e+00  4.3214928e-09
1.275603455e+00  4.3113069e-09
1.276241257e+00  4.3011483e-09
1.276879377e+00  4.2906571e-09
1.277517817e+00  4.2808865e-09
1.278156576e+00  4.2707825e-09
1.278795654e+00  4.2607149e-09
1.279435052e+00  4.2505131e-09
1.280074770e+00  4.2405818e-09
1.280714807e+00  4.2304867e-09
1.281355164e+00  4.2206316e-09
1.281995842e+00  4.2106772e-09
1.282636840e+00  4.2007311e-09
1.283278158e+00  4.1907695e-09
1.283919797e+00  4.1808586e-09
1.284561757e+00  4.1708489e-09
1.285204038e+00  4.1611707e-09
1.285846640e+00  4.1513370e-09
1.286489564e+00  4.1415033e-09
1.287132808e+00  4.1316184e-09
1.287776375e+00  4.1219091e-09
1.288420263e+00  4.1119176e-09
1.289064473e+00  4.1020112e-09
1.289709005e+00  4.0926967e-09
1.290353860e+00  4.0830214e-09
1.290999037e+00  4.0734177e-09
1.291644536e+00  4.0625231e-09
1.292290359e+00  4.0540228e-09
1.292936504e+00  4.0444402e-09
1.293582972e+00  4.0348731e-09
1.294229763e+00  4.0252940e-09
1.294876878e+00  4.0156414e-09
1.295524317e+00  4.0056382e-09
1.296172079e+00  3.9965694e-09
1.296820165e+00  3.9869522e-09
1.297468575e+00  3.9766080e-09
1.298117309e+00  3.9676204e-09
1.298766368e+00  3.9589496e-09
1.299415751e+00  3.9483976e-09
1.300065459e+00  3.9396972e-09
1.300715492e+00  3.9287532e-09
1.301365850e+00  3.9210740e-09
1.302016532e+00  3.9117993e-09
1.302667541e+00  3.9008798e-09
1.303318875e+00  3.8910403e-09
1.303970534e+00  3.8778821e-09
1.304622519e+00  3.8731096e-09
1.305274830e+00  3.8634984e-09
1.305927468e+00  3.8553574e-09
1.306580432e+00  3.8393471e-09
1.307233722e+00  3.8362941e-09
1.307887339e+00  3.8167130e-09
1.308541282e+00  3.8185880e-09
1.309195553e+00  3.8076067e-09
1.309850151e+00  3.7883474e-09
1.310505076e+00  3.7828765e-09
1.311160328e+00  3.7763543e-09
1.311815909e+00  3.7699371e-09
1.312471817e+00  3.7541659e-09
1.313128052e+00  3.7453851e-09
1.313784616e+00  3.7307198e-09
1.314441509e+00  3.7143070e-09
1.315098730e+00  3.7205876e-09
1.315756279e+00  3.7136974e-09
1.316414157e+00  3.6712920e-09
1.317072364e+00  3.6869221e-09
1.317730900e+00  3.6857258e-09
1.318389766e+00  3.6184568e-09
1.319048961e+00  3.6671228e-09
1.319708485e+00  3.6565618e-09
1.320368339e+00  3.5944854e-09
1.321028524e+00  3.6460394e-09
1.321689038e+00  3.5970571e-09
1.322349882e+00  3.6007298e-09
1.323011057e+00  3.6084479e-09
1.323672563e+00  3.5483242e-09
1.324334399e+00  3.5753042e-09
1.324996566e+00  3.5812460e-09
1.325659065e+00  3.5649400e-09
1.326321894e+00  3.5703509e-09
1.326985055e+00  3.5525873e-09
1.327648548e+00  3.5312614e-09
1.328312372e+00  3.5182129e-09
1.328976528e+00  3.5080176e-09
1.329641016e+00  3.4967187e-09
1.330305837e+00  3.4840956e-09
1.330970990e+00  3.3897450e-09
1.331636475e+00  3.2087386e-09
1.332302293e+00  3.4515990e-09
1.332968445e+00  3.4809879e-09
1.333634929e+00  3.4296354e-09
1.334301746e+00  3.4625883e-09
1.334968897e+00  3.4314488e-09
1.335636382e+00  3.4145323e-09
1.336304200e+00  3.4249824e-09
1.336972352e+00  3.3514929e-09
1.337640838e+00  3.3964941e-09
1.338309658e+00  3.3862777e-09
1.338978813e+00  3.3274279e-09
1.339648303e+00  3.3910162e-09
1.340318127e+00  3.3113081e-09
1.340988286e+00  3.3342907e-09
1.341658780e+00  3.3336153e-09
1.342329609e+00  3.3257079e-09
1.343000774e+00  3.3039764e-09
1.343672275e+00  3.3070088e-09
1.344344111e+00  3.2378063e-09
1.345016283e+00  3.3107797e-09
1.345688791e+00  3.2662434e-09
1.346361635e+00  3.2525013e-09
1.347034816e+00  3.2669198e-09
1.347708334e+00  3.1007527e-09
1.348382188e+00  3.0585187e-09
1.349056379e+00  3.2301559e-09
1.349730907e+00  3.2294675e-09
1.350405772e+00  3.0812289e-09
1.351080975e+00  3.1851728e-09
1.351756516e+00  3.1060584e-09
1.352432394e+00  2.9766601e-09
1.353108610e+00  2.9283005e-09
1.353785165e+00  3.0818795e-09
1.354462057e+00  2.5999478e-09
1.355139288e+00  2.8906793e-09
1.355816858e+00  2.5589820e-09
1.356494766e+00  3.0656817e-09
1.357173014e+00  2.6081852e-09
1.357851600e+00  2.8716534e-09
1.358530526e+00  2.6448897e-09
1.359209791e+00  2.7023797e-09
1.359889396e+00  2.7355094e-09
1.360569341e+00  2.6595577e-09
1.361249626e+00  2.4985555e-09
1.361930250e+00  1.7454336e-09
1.362611215e+00  2.2314385e-09
1.363292521e+00  2.9501097e-09
1.363974167e+00  2.4783206e-09
1.364656154e+00  1.6864051e-09
1.365338482e+00  1.8720920e-09
1.366021152e+00  2.9107646e-09
1.366704162e+00  2.3213753e-09
1.367387514e+00  2.1111049e-09
1.368071208e+00  2.3640340e-09
1.368755244e+00  2.2452351e-09
1.369439621e+00  2.8077095e-09
1.370124341e+00  2.4269368e-09
1.370809403e+00  1.7842395e-09
1.371494808e+00  2.5439995e-09
1.372180555e+00  2.0808172e-09
1.372866646e+00  2.7531826e-09
1.373553079e+00  2.7337084e-09
1.374239856e+00  2.6493071e-09
1.374926976e+00  2.4510472e-09
1.375614439e+00  2.7549463e-09
1.376302246e+00  2.6702634e-09
1.376990397e+00  2.1454391e-09
1.377678893e+00  2.8757875e-09
1.378367732e+00  2.1411070e-09
1.379056916e+00  2.4918971e-09
1.379746444e+00  2.7422646e-09
1.380436318e+00  1.2441905e-09
1.381126536e+00  2.0961397e-09
1.381817099e+00  2.4872565e-09
1.382508008e+00  1.2338891e-09
1.383199262e+00  2.2166002e-09
1.383890861e+00  2.0310300e-09
1.384582807e+00  2.3853115e-09
1.385275098e+00  2.2018030e-09
1.385967736e+00  2.6476226e-09
1.386660719e+00  2.6369810e-09
1.387354050e+00  2.6916116e-09
1.388047727e+00  1.8826682e-09
1.388741751e+00  2.6208199e-09
1.389436122e+00  2.6579402e-09
1.390130840e+00  2.6698093e-09
1.390825905e+00  2.5789077e-09
1.391521318e+00  2.6924131e-09
1.392217079e+00  1.6115891e-09
1.392913187e+00  2.5388332e-09
1.393609644e+00  2.6598201e-09
1.394306449e+00  2.4056648e-09
1.395003602e+00  1.8343591e-09
1.395701104e+00  2.2135999e-09
1.396398954e+00  1.6394287e-09
1.397097154e+00  2.3962651e-09
1.397795702e+00  2.6954004e-09
1.398494600e+00  2.6858847e-09
1.399193847e+00  2.4563139e-09
1.399893444e+00  2.0787326e-09
1.400593391e+00  1.6562371e-09
1.401293688e+00  2.1644219e-09
1.401994335e+00  2.5505993e-09
1.402695332e+00  2.6096751e-09
1.403396679e+00  2.5580655e-09
1.404098378e+00  2.3648874e-09
1.404800427e+00  1.7815483e-09
1.405502827e+00  2.5238902e-09
1.406205579e+00  2.5894287e-09
1.406908681e+00  2.0182382e-09
1.407612136e+00  2.4136668e-09
1.408315942e+00  2.5190855e-09
1.409020100e+00  2.3129806e-09
1.409724610e+00  2.2543222e-09
1.410429472e+00  2.5129643e-09
1.411134687e+00  2.4985207e-09
1.411840254e+00  2.5436163e-09
1.412546174e+00  2.5521709e-09
1.413252447e+00  2.5583664e-09
1.413959074e+00  2.2486823e-09
1.414666053e+00  2.2307951e-09
1.415373386e+00  2.4574222e-09
1.416081073e+00  2.5649928e-09
1.416789113e+00  2.5441464e-09
1.417497508e+00  2.4544540e-09
1.418206257e+00  2.5365159e-09
1.418915360e+00  2.3186381e-09
1.419624817e+00  2.3898726e-09
1.420334630e+00  2.4851463e-09
1.421044797e+00  2.4852100e-09
1.421755320e+00  2.5069964e-09
1.422466197e+00  2.4960672e-09
1.423177430e+00  2.4001846e-09
1.423889019e+00  2.3632834e-09
1.424600964e+00  2.5060478e-09
1.425313264e+00  2.4097221e-09
1.426025921e+00  2.4602670e-09
1.426738934e+00  2.4859995e-09
1.427452303e+00  2.3971058e-09
1.428166029e+00  2.3995744e-09
1.428880112e+00  2.4428921e-09
1.429594552e+00  2.3523879e-09
1.430309350e+00  2.4695447e-09
1.431024504e+00  2.3024154e-09
1.431740017e+00  2.3594520e-09
1.432455887e+00  2.2745003e-09
1.433172115e+00  2.4422148e-09
1.433888701e+00  2.4240917e-09
1.434605645e+00  2.2974057e-09
1.435322948e+00  2.3969880e-09
1.436040609e+00  2.2758148e-09
1.436758630e+00  2.4049949e-09
1.437477009e+00  2.1783507e-09
1.438195747e+00  2.3435893e-09
1.438914845e+00  2.3953752e-09
1.439634303e+00  2.3337871e-09
1.440354120e+00  2.3751095e-09
1.441074297e+00  2.2857082e-09
1.441794834e+00  2.2619918e-09
1.442515731e+00  2.2601356e-09
1.443236989e+00  2.2855023e-09
1.443958608e+00  2.3458390e-09
1.444680587e+00  2.3478853e-09
1.445402927e+00  1.8876345e-09
1.446125629e+00  2.2438316e-09
1.446848692e+00  2.2950012e-09
1.447572116e+00  2.3262864e-09
1.448295902e+00  2.3131830e-09
1.449020050e+00  2.3202857e-09
1.449744560e+00  2.2819254e-09
1.450469432e+00  1.9552519e-09
1.451194667e+00  2.2304288e-09
1.451920264e+00  2.2611351e-09
1.452646224e+00  2.1942172e-09
1.453372548e+00  2.2877018e-09
1.454099234e+00  2.2735583e-09
1.454826283e+00  2.2237925e-09
1.455553697e+00  2.2272833e-09
1.456281473e+00  2.2699834e-09
1.457009614e+00  2.2568646e-09
1.457738119e+00  2.2104286e-09
1.458466988e+00  2.2512813e-09
1.459196222e+00  2.2484357e-09
1.459925820e+00  2.1790812e-09
1.460655783e+00  2.1817917e-09
1.461386110e+00  2.1975680e-09
1.462116804e+00  2.2279378e-09
1.462847862e+00  2.0767461e-09
1.463579286e+00  2.1953315e-09
1.464311076e+00  2.2122770e-09
1.465043231e+00  2.0778278e-09
1.465775753e+00  2.1465699e-09
1.466508641e+00  2.1309564e-09
1.467241895e+00  2.1570933e-09
1.467975516e+00  2.1464971e-09
1.468709504e+00  2.1766410e-09
1.469443858e+00  1.9751648e-09
1.470178580e+00  2.1374588e-09
1.470913670e+00  1.9875616e-09
1.471649126e+00  2.1416666e-09
1.472384951e+00  2.0182541e-09
1.473121143e+00  2.1229470e-09
1.473857704e+00  2.1029322e-09
1.474594633e+00  2.1362340e-09
1.475331930e+00  2.1169483e-09
1.476069596e+00  2.1053397e-09
1.476807631e+00  2.0956262e-09
1.477546035e+00  2.0079070e-09
1.478284808e+00  2.0967631e-09
1.479023950e+00  2.0973007e-09
1.479763462e+00  2.0777441e-09
1.480503344e+00  2.0254939e-09
1.481243596e+00  2.0747649e-09
1.481984217e+00  2.0505218e-09
1.482725209e+00  2.0791240e-09
1.483466572e+00  2.0737024e-09
1.484208305e+00  2.0459104e-09
1.484950409e+00  2.0597700e-09
1.485692885e+00  2.0567385e-09
1.486435731e+00  2.0212405e-09
1.487178949e+00  2.0437328e-09
1.487922538e+00  2.0256429e-09
1.488666500e+00  2.0406052e-09
1.489410833e+00  2.0238145e-09
1.490155538e+00  2.0323784e-09
1.490900616e+00  2.0270137e-09
1.491646066e+00  2.0130075e-09
1.492391890e+00  2.0143239e-09
1.493138085e+00  2.0091753e-09
1.493884655e+00  2.0066433e-09
1.494631597e+00  1.9988775e-09
1.495378913e+00  1.9889328e-09
1.496126602e+00  1.9889274e-09
1.496874665e+00  1.9867691e-09
1.497623103e+00  1.9811120e-09
1.498371914e+00  1.9769730e-09
1.499121100e+00  1.9708195e-09
1.499870661e+00  1.9672949e-09
1.500620596e+00  1.9634540e-09
1.501370906e+00  1.9590156e-09
1.502121592e+00  1.9536498e-09
1.502872653e+00  1.9457320e-09
1.503624089e+00  1.9376339e-09
1.504375901e+00  1.9335414e-09
1.505128089e+00  1.9339359e-09
1.505880653e+00  1.9296472e-09
1.506633593e+00  1.9255577e-09
1.507386910e+00  1.9203298e-09
1.508140604e+00  1.9136957e-09
1.508894674e+00  1.9064317e-09
1.509649121e+00  1.9064901e-09
1.510403946e+00  1.9014409e-09
1.511159148e+00  1.8967298e-09
1.511914727e+00  1.8923809e-09
1.512670685e+00  1.8866437e-09
1.513427020e+00  1.8821981e-09
1.514183734e+00  1.8779174e-09
1.514940825e+00  1.8735212e-09
1.515698296e+00  1.8691163e-09
1.516456145e+00  1.8632935e-09
1.517214373e+00  1.8594186e-09
1.517972980e+00  1.8548768e-09
1.518731967e+00  1.8503587e-09
1.519491333e+00  1.8459037e-09
1.520251078e+00  1.8412934e-09
1.521011204e+00  1.8370957e-09
1.521771710e+00  1.8322463e-09
1.522532595e+00  1.8279843e-09
1.523293862e+00  1.8233666e-09
1.524055509e+00  1.8188710e-09
1.524817536e+00  1.8142556e-09
1.525579945e+00  1.8095476e-09
1.526342735e+00  1.8052720e-09
1.527105906e+00  1.8006320e-09
1.527869459e+00  1.7964612e-09
1.528633394e+00  1.7919700e-09
1.529397711e+00  1.7874529e-09
1.530162410e+00  1.7830715e-09
1.530927491e+00  1.7786065e-09
1.531692955e+00  1.7742620e-09
1.532458801e+00  1.7699400e-09
1.533225031e+00  1.7655334e-09
1.533991643e+00  1.7611361e-09
1.534758639e+00  1.7566669e-09
1.535526018e+00  1.7524050e-09
1.536293781e+00  1.7480285e-09
1.537061928e+00  1.7436043e-09
1.537830459e+00  1.7393856e-09
1.538599374e+00  1.7350336e-09
1.539368674e+00  1.7306734e-09
1.540138358e+00  1.7264141e-09
1.540908428e+00  1.7221068e-09
1.541678882e+00  1.7178455e-09
1.542449721e+00  1.7135623e-09
1.543220946e+00  1.7092907e-09
1.543992556e+00  1.7049870e-09
1.544764553e+00  1.7008332e-09
1.545536935e+00  1.6965288e-09
1.546309704e+00  1.6923439e-09
1.547082858e+00  1.6881454e-09
1.547856400e+00  1.6839492e-09
1.548630328e+00  1.6797599e-09
1.549404643e+00  1.6756034e-09
1.550179345e+00  1.6714260e-09
1.550954435e+00  1.6672293e-09
1.551729912e+00  1.6630678e-09
1.552505777e+00  1.6589815e-09
1.553282030e+00  1.6548244e-09
1.554058671e+00  1.6506695e-09
1.554835701e+00  1.6465563e-09
1.555613118e+00  1.6424934e-09
1.556390925e+00  1.6383955e-09
1.557169120e+00  1.6343222e-09
1.557947705e+00  1.6302534e-09
1.558726679e+00  1.6261644e-09
1.559506042e+00  1.6221062e-09
1.560285795e+00  1.6180744e-09
1.561065938e+00  1.6140158e-09
1.561846471e+00  1.6099863e-09
1.562627394e+00  1.6059212e-09
1.563408708e+00  1.6019483e-09
1.564190412e+00  1.5979234e-09
1.564972508e+00  1.5939906e-09
1.565754994e+00  1.5900019e-09
1.566537871e+00  1.5860418e-09
1.567321140e+00  1.5820651e-09
1.568104801e+00  1.5781297e-09
1.568888853e+00  1.5741723e-09
1.569673298e+00  1.5702544e-09
1.570458134e+00  1.5663483e-09
1.571243363e+00  1.5624173e-09
1.572028985e+00  1.5585272e-09
1.572815000e+00  1.5546449e-09
1.573601407e+00  1.5507475e-09
1.574388208e+00  1.5468844e-09
1.575175402e+00  1.5430039e-09
1.575962990e+00  1.5391609e-09
1.576750971e+00  1.5353118e-09
1.577539347e+00  1.5314619e-09
1.578328116e+00  1.5276089e-09
1.579117280e+00  1.5238252e-09
1.579906839e+00  1.5200068e-09
1.580696792e+00  1.5162113e-09
1.581487141e+00  1.5123983e-09
1.582277884e+00  1.5086372e-09
1.583069023e+00  1.5047919e-09
1.583860558e+00  1.5010789e-09
1.584652488e+00  1.4973335e-09
1.585444814e+00  1.4935930e-09
1.586237537e+00  1.4898181e-09
1.587030655e+00  1.4860427e-09
1.587824171e+00  1.4823867e-09
1.588618083e+00  1.4786732e-09
1.589412392e+00  1.4749736e-09
1.590207098e+00  1.4712290e-09
1.591002202e+00  1.4675900e-09
1.591797703e+00  1.4638870e-09
1.592593602e+00  1.4601855e-09
1.593389898e+00  1.4565699e-09
1.594186593e+00  1.4528666e-09
1.594983687e+00  1.4492644e-09
1.595781178e+00  1.4456258e-09
1.596579069e+00  1.4419669e-09
1.597377359e+00  1.4382639e-09
1.598176047e+00  1.4347383e-09
1.598975135e+00  1.4311586e-09
1.599774623e+00  1.4275874e-09
1.600574510e+00  1.4239345e-09
1.601374797e+00  1.4203407e-09
1.602175485e+00  1.4167605e-09
1.602976573e+00  1.4132444e-09
1.603778061e+00  1.4096710e-09
1.604579950e+00  1.4060356e-09
1.605382240e+00  1.4026771e-09
1.606184931e+00  1.3992139e-09
1.606988023e+00  1.3955253e-09
1.607791517e+00  1.3916438e-09
1.608595413e+00  1.3884422e-09
1.609399711e+00  1.3851057e-09
1.610204411e+00  1.3815793e-09
1.611009513e+00  1.3776708e-09
1.611815018e+00  1.3735792e-09
1.612620925e+00  1.3707426e-09
1.613427236e+00  1.3671635e-09
1.614233949e+00  1.3630792e-09
1.615041066e+00  1.3589833e-09
1.615848587e+00  1.3567091e-09
1.616656511e+00  1.3516274e-09
1.617464839e+00  1.3488598e-09
1.618273572e+00  1.3439898e-09
1.619082709e+00  1.3409820e-09
1.619892250e+00  1.3384830e-09
1.620702196e+00  1.3325990e-09
1.621512547e+00  1.3293222e-09
1.622323303e+00  1.3243798e-09
1.623134465e+00  1.3234439e-09
1.623946032e+00  1.3118911e-09
1.624758005e+00  1.3176130e-09
1.625570384e+00  1.3061356e-09
1.626383170e+00  1.3050321e-09
1.627196361e+00  1.2909521e-09
1.628009959e+00  1.2907952e-09
1.628823964e+00  1.2907001e-09
1.629638376e+00  1.2954439e-09
1.630453195e+00  1.2488692e-09
1.631268422e+00  1.2793961e-09
1.632084056e+00  1.2767951e-09
1.632900098e+00  1.2379368e-09
1.633716548e+00  1.2585404e-09
1.634533407e+00  1.2619485e-09
1.635350673e+00  1.1865706e-09
1.636168349e+00  1.2559208e-09
1.636986433e+00  1.2559521e-09
1.637804926e+00  1.1253998e-09
1.638623829e+00  1.2548539e-09
1.639443140e+00  1.2487795e-09
1.640262862e+00  1.0697554e-09
1.641082993e+00  1.2471293e-09
1.641903535e+00  1.2494798e-09
1.642724487e+00  1.1248183e-09
1.643545849e+00  1.2275063e-09
1.644367622e+00  1.2394724e-09
1.645189806e+00  1.1531676e-09
1.646012401e+00  1.1626611e-09
1.646835407e+00  1.2242132e-09
1.647658824e+00  1.2028563e-09
1.648482654e+00  1.0992228e-09
1.649306895e+00  1.1819476e-09
1.650131549e+00  1.1997358e-09
1.650956614e+00  1.0085189e-09
1.651782093e+00  1.1993528e-09
1.652607984e+00  1.2086872e-09
1.653434288e+00  1.0472580e-09
1.654261005e+00  1.1846483e-09
1.655088135e+00  1.1653565e-09
1.655915680e+00  1.1729603e-09
1.656743637e+00  1.1246416e-09
1.657572009e+00  1.1879591e-09
1.658400795e+00  1.1804501e-09
1.659229996e+00  1.1387638e-09
1.660059611e+00  1.1747263e-09
1.660889640e+00  1.1756589e-09
1.661720085e+00  1.1597664e-09
1.662550945e+00  1.1366389e-09
1.663382221e+00  1.1665603e-09
1.664213912e+00  1.1639628e-09
1.665046019e+00  9.9612406e-10
1.665878542e+00  7.2267714e-10
1.666711481e+00  9.9616544e-10
1.667544837e+00  1.1116344e-09
1.668378609e+00  1.1257764e-09
1.669212799e+00  1.1404734e-09
1.670047405e+00  1.1339291e-09
1.670882429e+00  1.1048010e-09
1.671717870e+00  1.1323352e-09
1.672553729e+00  1.1306775e-09
1.673390006e+00  1.1295923e-09
1.674226701e+00  1.0640287e-09
1.675063814e+00  1.1214882e-09
1.675901346e+00  1.1245208e-09
1.676739297e+00  1.1199979e-09
1.677577666e+00  9.9775305e-10
1.678416455e+00  1.1131898e-09
1.679255663e+00  1.1125419e-09
1.680095291e+00  1.1066815e-09
1.680935339e+00  1.0141438e-09
1.681775806e+00  1.0968814e-09
1.682616694e+00  1.0990563e-09
1.683458003e+00  1.0668526e-09
1.684299732e+00  1.0447787e-09
1.685141882e+00  1.0805962e-09
1.685984452e+00  1.0873856e-09
1.686827445e+00  1.0592657e-09
1.687670858e+00  1.0416913e-09
1.688514694e+00  1.0761133e-09
1.689358951e+00  1.0693659e-09
1.690203631e+00  1.0496675e-09
1.691048732e+00  1.0378656e-09
1.691894257e+00  1.0483510e-09
1.692740204e+00  1.0523332e-09
1.693586574e+00  1.0384675e-09
1.694433367e+00  1.0183371e-09
1.695280584e+00  1.0496445e-09
1.696128224e+00  1.0524418e-09
1.696976288e+00  1.0094755e-09
1.697824777e+00  1.0211341e-09
1.698673689e+00  1.0376333e-09
1.699523026e+00  1.0150568e-09
1.700372787e+00  1.0222182e-09
1.701222974e+00  1.0136276e-09
1.702073585e+00  1.0026369e-09
1.702924622e+00  9.7203864e-10
1.703776084e+00  9.9087627e-10
1.704627972e+00  9.9515510e-10
1.705480286e+00  9.4950115e-10
1.706333027e+00  9.4751658e-10
1.707186193e+00  9.7017021e-10
1.708039786e+00  9.3563607e-10
1.708893806e+00  9.5991582e-10
1.709748253e+00  9.7746391e-10
1.710603127e+00  9.6084239e-10
1.711458429e+00  9.9201043e-10
1.712314158e+00  9.7368113e-10
1.713170315e+00  9.7843273e-10
1.714026900e+00  9.7425429e-10
1.714883914e+00  9.7881000e-10
1.715741355e+00  9.9570667e-10
1.716599226e+00  9.7855701e-10
1.717457526e+00  9.8080534e-10
1.718316255e+00  9.7714514e-10
1.719175413e+00  9.7514361e-10
1.720035000e+00  9.5738114e-10
1.720895018e+00  9.5229172e-10
1.721755465e+00  9.4647805e-10
1.722616343e+00  9.0709524e-10
1.723477651e+00  9.1358404e-10
1.724339390e+00  9.3312027e-10
1.725201560e+00  9.3196228e-10
1.726064161e+00  9.0644953e-10
1.726927193e+00  9.0345569e-10
1.727790656e+00  9.3069146e-10
1.728654552e+00  9.1484449e-10
1.729518879e+00  9.3322039e-10
1.730383638e+00  9.0799385e-10
1.731248830e+00  9.2576458e-10
1.732114455e+00  9.1229432e-10
1.732980512e+00  9.3640722e-10
1.733847002e+00  9.2718762e-10
1.734713926e+00  9.0557409e-10
1.735581282e+00  9.2064454e-10
1.736449073e+00  9.2688065e-10
1.737317298e+00  9.3201639e-10
1.738185956e+00  8.9735821e-10
1.739055049e+00  9.2072182e-10
1.739924577e+00  9.0667735e-10
1.740794539e+00  9.1701773e-10
1.741664936e+00  9.1122730e-10
1.742535769e+00  9.1347751e-10
1.743407037e+00  9.1214341e-10
1.744278740e+00  9.0519507e-10
1.745150880e+00  9.0931096e-10
1.746023455e+00  8.9661399e-10
1.746896467e+00  9.0029363e-10
1.747769915e+00  8.9783187e-10
1.748643800e+00  8.9569911e-10
1.749518122e+00  8.9410323e-10
1.750392881e+00  8.9763240e-10
1.751268077e+00  8.9223248e-10
1.752143711e+00  8.9381642e-10
1.753019783e+00  8.9104893e-10
1.753896293e+00  8.8358737e-10
1.754773241e+00  8.7738202e-10
1.755650628e+00  8.8137341e-10
1.756528453e+00  8.8164972e-10
1.757406717e+00  8.7978753e-10
1.758285421e+00  8.7449018e-10
1.759164564e+00  8.7469687e-10
1.760044146e+00  8.6851973e-10
1.760924168e+00  8.6846573e-10
1.761804630e+00  8.6704898e-10
1.762685532e+00  8.6039707e-10
1.763566875e+00  8.6146991e-10
1.764448658e+00  8.5559087e-10
1.765330883e+00  8.4991733e-10
1.766213548e+00  8.3538379e-10
1.767096655e+00  8.5423297e-10
1.767980203e+00  8.2582464e-10
1.768864193e+00  8.4245577e-10
1.769748626e+00  8.4539201e-10
1.770633500e+00  8.1643876e-10
1.771518817e+00  8.3195530e-10
1.772404576e+00  8.2539487e-10
1.773290778e+00  8.2706325e-10
1.774177424e+00  8.2164399e-10
1.775064512e+00  7.8203086e-10
1.775952045e+00  8.0859613e-10
1.776840021e+00  8.1978078e-10
1.777728441e+00  7.9593625e-10
1.778617305e+00  7.9852450e-10
1.779506614e+00  8.2537722e-10
1.780396367e+00  8.0196301e-10
1.781286565e+00  8.0371862e-10
1.782177208e+00  8.1790985e-10
1.783068297e+00  8.1146405e-10
1.783959831e+00  7.9733476e-10
1.784851811e+00  7.7185500e-10
1.785744237e+00  8.0158246e-10
1.786637109e+00  7.9168719e-10
1.787530428e+00  7.9973743e-10
1.788424193e+00  7.9724357e-10
1.789318405e+00  7.9221308e-10
1.790213064e+00  7.0516653e-10
1.791108171e+00  7.5033344e-10
1.792003725e+00  7.6257418e-10
1.792899727e+00  7.7283011e-10
1.793796176e+00  7.7210223e-10
1.794693075e+00  7.8027772e-10
1.795590421e+00  7.8271180e-10
1.796488216e+00  7.7522886e-10
1.797386460e+00  7.7780633e-10
1.798285154e+00  7.7327178e-10
1.799184296e+00  7.6620366e-10
1.800083888e+00  7.3494088e-10
1.800983930e+00  7.5175570e-10
1.801884422e+00  7.5005727e-10
1.802785364e+00  7.4214889e-10
1.803686757e+00  7.5352665e-10
1.804588601e+00  7.6643291e-10
1.805490895e+00  7.4927591e-10
1.806393640e+00  6.9556123e-10
1.807296837e+00  7.4050856e-10
1.808200486e+00  7.4809630e-10
1.809104586e+00  7.5208369e-10
1.810009138e+00  7.1730950e-10
1.810914143e+00  6.8809303e-10
1.811819600e+00  7.3406525e-10
1.812725509e+00  6.2813711e-10
1.813631872e+00  7.2012376e-10
1.814538688e+00  7.3563887e-10
1.815445958e+00  6.4205417e-10
1.816353681e+00  7.1642938e-10
1.817261857e+00  7.2314173e-10
1.818170488e+00  6.6605223e-10
1.819079574e+00  7.2103029e-10
1.819989113e+00  5.9012838e-10
1.820899108e+00  5.9920674e-10
1.821809557e+00  5.8945118e-10
1.822720462e+00  6.6488843e-10
1.823631822e+00  7.2807117e-10
1.824543638e+00  7.0783699e-10
1.825455910e+00  7.0895390e-10
1.826368638e+00  4.0364007e-10
1.827281822e+00  7.1025811e-10
1.828195463e+00  6.2011506e-10
1.829109561e+00  5.9867449e-10
1.830024116e+00  5.7681238e-10
1.830939128e+00  4.9722738e-10
1.831854597e+00  6.8201343e-10
1.832770525e+00  5.9313004e-10
1.833686910e+00  6.8971592e-10
1.834603753e+00  5.7337921e-10
1.835521055e+00  5.8309524e-10
1.836438816e+00  4.3738192e-10
1.837357035e+00  4.7506251e-10
1.838275714e+00  5.5847887e-10
1.839194852e+00  6.4632274e-10
1.840114449e+00  3.9842947e-10
1.841034506e+00  6.0031660e-10
1.841955024e+00  3.3245387e-10
1.842876001e+00  6.0963971e-10
1.843797439e+00  5.9498601e-10
1.844719338e+00  6.7718286e-10
1.845641697e+00  6.4728840e-10
1.846564518e+00  4.4110557e-10
1.847487801e+00  4.3594276e-10
1.848411544e+00  3.4918890e-10
1.849335750e+00  6.0033602e-10
1.850260418e+00  5.5186425e-10
1.851185548e+00  6.2586072e-10
1.852111141e+00  6.5408579e-10
1.853037197e+00  4.5011790e-10
1.853963715e+00  3.3004176e-10
1.854890697e+00  6.2313875e-10
1.855818142e+00  6.3580507e-10
1.856746052e+00  3.7417771e-10
1.857674425e+00  5.5679882e-10
1.858603262e+00  6.3185754e-10
1.859532563e+00  3.5901741e-10
1.860462330e+00  3.7122568e-10
1.861392561e+00  6.2102597e-10
1.862323257e+00  6.3423080e-10
1.863254419e+00  6.0596671e-10
1.864186046e+00  5.0969479e-10
1.865118139e+00  6.1964768e-10
1.866050698e+00  6.4149475e-10
1.866983723e+00  5.3656766e-10
1.867917215e+00  3.1723794e-10
1.868851174e+00  5.9040256e-10
1.869785599e+00  4.4827011e-10
1.870720492e+00  3.5101157e-10
1.871655853e+00  4.2980308e-10
1.872591680e+00  4.6294314e-10
1.873527976e+00  3.3473895e-10
1.874464740e+00  5.2927761e-10
1.875401973e+00  4.4080559e-10
1.876339674e+00  5.4610124e-10
1.877277843e+00  3.6974172e-10
1.878216482e+00  5.6264922e-10
1.879155591e+00  5.7912680e-10
1.880095168e+00  5.9546676e-10
1.881035216e+00  5.1763555e-10
1.881975734e+00  6.0187997e-10
1.882916722e+00  6.0004355e-10
1.883858180e+00  4.0263158e-10
1.884800109e+00  5.7404538e-10
1.885742509e+00  5.6071760e-10
1.886685380e+00  4.6633746e-10
1.887628723e+00  6.0234612e-10
1.888572537e+00  6.0302329e-10
1.889516824e+00  5.4513027e-10
1.890461582e+00  4.2641289e-10
1.891406813e+00  5.7398602e-10
1.892352516e+00  4.6966788e-10
1.893298692e+00  5.2077469e-10
1.894245342e+00  5.4555854e-10
1.895192464e+00  5.8563064e-10
1.896140061e+00  5.6861116e-10
1.897088131e+00  5.7611191e-10
1.898036675e+00  4.8040939e-10
1.898985693e+00  4.1136690e-10
1.899935186e+00  3.7518004e-10
1.900885154e+00  4.7189444e-10
1.901835596e+00  5.6712219e-10
1.902786514e+00  3.5330444e-10
1.903737907e+00  5.5053151e-10
1.904689776e+00  4.8989699e-10
1.905642121e+00  3.5344192e-10
1.906594942e+00  3.3933462e-10
1.907548240e+00  5.5187033e-10
1.908502014e+00  5.3615575e-10
1.909456265e+00  5.5854315e-10
1.910410993e+00  4.8350529e-10
1.911366198e+00  3.8344775e-10
1.912321881e+00  5.3122011e-10
1.913278042e+00  3.6877707e-10
1.914234681e+00  4.4559120e-10
1.915191799e+00  5.3877631e-10
1.916149395e+00  4.5277965e-10
1.917107469e+00  5.1742179e-10
1.918066023e+00  5.5907754e-10
1.919025056e+00  5.3660486e-10
1.919984569e+00  4.0781145e-10
1.920944561e+00  3.6169878e-10
1.921905033e+00  5.4686752e-10
1.922865986e+00  5.5050210e-10
1.923827419e+00  4.3941746e-10
1.924789332e+00  5.2589739e-10
1.925751727e+00  5.4638363e-10
1.926714603e+00  4.9427173e-10
1.927677960e+00  5.0743550e-10
1.928641799e+00  4.4708239e-10
1.929606120e+00  5.3836945e-10
1.930570923e+00  4.8188349e-10
1.931536209e+00  5.1653132e-10
1.932501977e+00  5.3080695e-10
1.933468228e+00  5.1244933e-10
1.934434962e+00  5.2069711e-10
1.935402179e+00  5.3476111e-10
1.936369880e+00  4.6751925e-10
1.937338065e+00  5.2426683e-10
1.938306734e+00  5.1336881e-10
1.939275888e+00  4.8016514e-10
1.940245526e+00  5.2156440e-10
1.941215648e+00  5.1064812e-10
1.942186256e+00  5.2439663e-10
1.943157349e+00  5.0944661e-10
1.944128928e+00  5.0874366e-10
1.945100993e+00  5.0768475e-10
1.946073543e+00  5.1375548e-10
1.947046580e+00  5.1319225e-10
1.948020103e+00  5.0846841e-10
1.948994113e+00  5.1188644e-10
1.949968610e+00  5.1380757e-10
1.950943595e+00  5.0844715e-10
1.951919066e+00  5.0979367e-10
1.952895026e+00  5.0557600e-10
1.953871473e+00  5.0831799e-10
1.954848409e+00  5.0689046e-10
1.955825833e+00  5.0592665e-10
1.956803746e+00  5.0071199e-10
1.957782148e+00  5.0002980e-10
1.958761039e+00  4.9775757e-10
1.959740420e+00  4.9656551e-10
1.960720290e+00  4.9610507e-10
1.961700650e+00  4.9618641e-10
1.962681500e+00  4.9137699e-10
1.963662841e+00  4.8951927e-10
1.964644673e+00  4.9417034e-10
1.965626995e+00  4.9261371e-10
1.966609808e+00  4.9303223e-10
1.967593113e+00  4.9061894e-10
1.968576910e+00  4.9000587e-10
1.969561198e+00  4.8883969e-10
1.970545979e+00  4.8760189e-10
1.971531252e+00  4.8028474e-10
1.972517017e+00  4.8452965e-10
1.973503276e+00  4.8345117e-10
1.974490028e+00  4.8155587e-10
1.975477273e+00  4.8025950e-10
1.976465011e+00  4.7994468e-10
1.977453244e+00  4.7839131e-10
1.978441970e+00  4.7744190e-10
1.979431191e+00  4.7303260e-10
1.980420907e+00  4.7082804e-10
1.981411117e+00  4.7360623e-10
1.982401823e+00  4.7237846e-10
1.983393024e+00  4.7089019e-10
1.984384720e+00  4.7009390e-10
1.985376913e+00  4.6837128e-10
1.986369601e+00  4.6633499e-10
1.987362786e+00  4.6524902e-10
1.988356467e+00  4.6506021e-10
1.989350646e+00  4.6322115e-10
1.990345321e+00  4.6033423e-10
1.991340494e+00  4.6136137e-10
1.992336164e+00  4.6011535e-10
1.993332332e+00  4.5885506e-10
1.994328998e+00  4.5662113e-10
1.995326163e+00  4.5547883e-10
1.996323826e+00  4.5505676e-10
1.997321988e+00  4.5375271e-10
1.998320649e+00  4.5178887e-10
1.999319809e+00  4.5158677e-10
2.000319469e+00  4.5048404e-10
2.001319629e+00  4.4908192e-10
2.002320288e+00  4.4725173e-10
2.003321449e+00  4.4672556e-10
2.004323109e+00  4.4472088e-10
2.005325271e+00  4.4405436e-10
2.006327933e+00  4.4302267e-10
2.007331097e+00  4.4180690e-10
2.008334763e+00  4.4085776e-10
2.009338930e+00  4.3970504e-10
2.010343600e+00  4.3853404e-10
2.011348772e+00  4.3736186e-10
2.012354446e+00  4.3615095e-10
2.013360623e+00  4.3466248e-10
2.014367304e+00  4.3379097e-10
2.015374487e+00  4.3251833e-10
2.016382174e+00  4.3114853e-10
2.017390366e+00  4.3020455e-10
2.018399061e+00  4.2898252e-10
2.019408260e+00  4.2798139e-10
2.020417964e+00  4.2664844e-10
2.021428173e+00  4.2569516e-10
2.022438887e+00  4.2458743e-10
2.023450107e+00  4.2333925e-10
2.024461832e+00  4.2223778e-10
2.025474063e+00  4.2115375e-10
2.026486800e+00  4.2002301e-10
2.027500043e+00  4.1878627e-10
2.028513793e+00  4.1730197e-10
2.029528050e+00  4.1662344e-10
2.030542814e+00  4.1547097e-10
2.031558086e+00  4.1438299e-10
2.032573865e+00  4.1323943e-10
2.033590152e+00  4.1189375e-10
2.034606947e+00  4.1103043e-10
2.035624250e+00  4.0993130e-10
2.036642062e+00  4.0881672e-10
2.037660383e+00  4.0769963e-10
2.038679214e+00  4.0656697e-10
2.039698553e+00  4.0541524e-10
2.040718402e+00  4.0437640e-10
2.041738762e+00  4.0330245e-10
2.042759631e+00  4.0219286e-10
2.043781011e+00  4.0101937e-10
2.044802901e+00  3.9998399e-10
2.045825303e+00  3.9892940e-10
2.046848215e+00  3.9783675e-10
2.047871640e+00  3.9675015e-10
2.048895575e+00  3.9566527e-10
2.049920023e+00  3.9455499e-10
2.050944983e+00  3.9346964e-10
2.051970456e+00  3.9241326e-10
2.052996441e+00  3.9133071e-10
2.054022939e+00  3.9021468e-10
2.055049951e+00  3.8918040e-10
2.056077476e+00  3.8805930e-10
2.057105514e+00  3.8694417e-10
2.058134067e+00  3.8592135e-10
2.059163134e+00  3.8489259e-10
2.060192716e+00  3.8359357e-10
2.061222812e+00  3.8255245e-10
2.062253423e+00  3.8157833e-10
2.063284550e+00  3.8060248e-10
2.064316192e+00  3.7956916e-10
2.065348350e+00  3.7851406e-10
2.066381025e+00  3.7740052e-10
2.067414215e+00  3.7639068e-10
2.068447922e+00  3.7533196e-10
2.069482146e+00  3.7420228e-10
2.070516887e+00  3.7315151e-10
2.071552146e+00  3.7218590e-10
2.072587922e+00  3.7113806e-10
2.073624216e+00  3.7008444e-10
2.074661028e+00  3.6891147e-10
2.075698358e+00  3.6800491e-10
2.076736208e+00  3.6694735e-10
2.077774576e+00  3.6546722e-10
2.078813463e+00  3.6488399e-10
2.079852870e+00  3.6385797e-10
2.080892796e+00  3.6281788e-10
2.081933243e+00  3.6177440e-10
2.082974209e+00  3.6074504e-10
2.084015696e+00  3.5971939e-10
2.085057704e+00  3.5854794e-10
2.086100233e+00  3.5765708e-10
2.087143283e+00  3.5666334e-10
2.088186855e+00  3.5564367e-10
2.089230948e+00  3.5461721e-10
2.090275564e+00  3.5357042e-10
2.091320701e+00  3.5261463e-10
2.092366362e+00  3.5160289e-10
2.093412545e+00  3.5036865e-10
2.094459251e+00  3.4958915e-10
2.095506481e+00  3.4864122e-10
2.096554234e+00  3.4766538e-10
2.097602511e+00  3.4668382e-10
2.098651312e+00  3.4538385e-10
2.099700638e+00  3.4473257e-10
2.100750488e+00  3.4374422e-10
2.101800864e+00  3.4256806e-10
2.102851764e+00  3.4189888e-10
2.103903190e+00  3.4095691e-10
2.104955142e+00  3.3996785e-10
2.106007619e+00  3.3907565e-10
2.107060623e+00  3.3816041e-10
2.108114153e+00  3.3725269e-10
2.109168210e+00  3.3631988e-10
2.110222794e+00  3.3541198e-10
2.111277906e+00  3.3443830e-10
2.112333545e+00  3.3359947e-10
2.113389712e+00  3.3278173e-10
2.114446406e+00  3.3192658e-10
2.115503630e+00  3.3104821e-10
2.116561381e+00  3.3018772e-10
2.117619662e+00  3.2933820e-10
2.118678472e+00  3.2821992e-10
2.119737811e+00  3.2755540e-10
2.120797680e+00  3.2681832e-10
2.121858079e+00  3.2408982e-10
2.122919008e+00  3.2514808e-10
2.123980467e+00  3.2426977e-10
2.125042458e+00  3.2336771e-10
2.126104979e+00  3.2278591e-10
2.127168031e+00  3.2177382e-10
2.128231615e+00  3.2083268e-10
2.129295731e+00  3.2034625e-10
2.130360379e+00  3.1952383e-10
2.131425559e+00  3.1853838e-10
2.132491272e+00  3.1763931e-10
2.133557518e+00  3.1707231e-10
2.134624296e+00  3.1637737e-10
2.135691609e+00  3.1557792e-10
2.136759454e+00  3.1303132e-10
2.137827834e+00  3.1373519e-10
2.138896748e+00  3.1338472e-10
2.139966196e+00  3.1261803e-10
2.141036180e+00  3.1179431e-10
2.142106698e+00  3.0892277e-10
2.143177751e+00  3.0690172e-10
2.144249340e+00  3.0918418e-10
2.145321465e+00  3.0853623e-10
2.146394125e+00  3.0678935e-10
2.147467322e+00  3.0441217e-10
2.148541056e+00  3.0062675e-10
2.149615327e+00  3.0227469e-10
2.150690134e+00  3.0300507e-10
2.151765479e+00  2.9880064e-10
2.152841362e+00  3.0226977e-10
2.153917783e+00  3.0219323e-10
2.154994742e+00  2.8607396e-10
2.156072239e+00  2.9723963e-10
2.157150275e+00  2.9419074e-10
2.158228850e+00  2.9924028e-10
2.159307965e+00  2.9818625e-10
2.160387619e+00  2.8543787e-10
2.161467812e+00  2.8042598e-10
2.162548546e+00  2.9052865e-10
2.163629821e+00  2.9478391e-10
2.164711636e+00  2.9077117e-10
2.165793991e+00  2.8903119e-10
2.166876888e+00  2.5752717e-10
2.167960327e+00  2.8668299e-10
2.169044307e+00  2.8927018e-10
2.170128829e+00  2.8085602e-10
2.171213893e+00  2.8605349e-10
2.172299500e+00  2.4514064e-10
2.173385650e+00  2.8089233e-10
2.174472343e+00  2.8299708e-10
2.175559579e+00  2.8446904e-10
2.176647359e+00  2.8464048e-10
2.177735683e+00  2.6931081e-10
2.178824551e+00  2.6620887e-10
2.179913963e+00  2.7917135e-10
2.181003920e+00  2.8258849e-10
2.182094422e+00  2.8193639e-10
2.183185469e+00  2.7443828e-10
2.184277062e+00  2.6472428e-10
2.185369200e+00  2.7953832e-10
2.186461885e+00  2.7903008e-10
2.187555116e+00  2.7803664e-10
2.188648893e+00  2.7614129e-10
2.189743218e+00  2.6673397e-10
2.190838089e+00  2.7589228e-10
2.191933508e+00  2.7480783e-10
2.193029475e+00  2.7370887e-10
2.194125990e+00  2.7231072e-10
2.195223053e+00  2.5533323e-10
2.196320664e+00  2.6989021e-10
2.197418825e+00  2.6638152e-10
2.198517534e+00  2.4242027e-10
2.199616793e+00  1.7146294e-10
2.200716601e+00  1.9771323e-10
2.201816960e+00  2.0843453e-10
2.202917868e+00  2.1799868e-10
2.204019327e+00  2.4842805e-10
2.205121337e+00  2.2670912e-10
2.206223897e+00  2.5792834e-10
2.207327009e+00  2.6350918e-10
2.208430673e+00  2.6290798e-10
2.209534888e+00  2.6257690e-10
2.210639656e+00  2.5172311e-10
2.211744975e+00  2.5712004e-10
2.212850848e+00  2.5976700e-10
2.213957273e+00  2.5769869e-10
2.215064252e+00  2.5763533e-10
2.216171784e+00  2.0713534e-10
2.217279870e+00  2.5206906e-10
2.218388510e+00  2.5215412e-10
2.219497704e+00  2.5297153e-10
2.220607453e+00  2.4334391e-10
2.221717757e+00  2.0832481e-10
2.222828616e+00  2.5051497e-10
2.223940030e+00  2.4341894e-10
2.225052000e+00  2.4622229e-10
2.226164526e+00  2.3221758e-10
2.227277608e+00  2.2763122e-10
2.228391247e+00  2.3992540e-10
2.229505443e+00  2.4503278e-10
2.230620195e+00  2.3454016e-10
2.231735505e+00  2.1682147e-10
2.232851373e+00  2.1890681e-10
2.233967799e+00  2.2990492e-10
2.235084783e+00  2.2916008e-10
2.236202325e+00  2.0830052e-10
2.237320426e+00  2.0888980e-10
2.238439087e+00  2.3124718e-10
2.239558306e+00  2.2396161e-10
2.240678085e+00  2.1690101e-10
2.241798424e+00  2.1889038e-10
2.242919324e+00  2.2446464e-10
2.244040783e+00  1.9424995e-10
2.245162804e+00  2.2891358e-10
2.246285385e+00  1.9148262e-10
2.247408528e+00  1.9658552e-10
2.248532232e+00  2.2427991e-10
2.249656498e+00  2.1319744e-10
2.250781326e+00  2.0480557e-10
2.251906717e+00  2.0673014e-10
2.253032670e+00  2.0359010e-10
2.254159187e+00  1.9356124e-10
2.255286266e+00  1.9919254e-10
2.256413909e+00  1.8153768e-10
2.257542116e+00  2.0915728e-10
2.258670887e+00  2.1823171e-10
2.259800223e+00  2.0790183e-10
2.260930123e+00  1.6955180e-10
2.262060588e+00  1.5696962e-10
2.263191618e+00  1.8946532e-10
2.264323214e+00  1.7431524e-10
2.265455376e+00  2.0749953e-10
2.266588103e+00  2.1902506e-10
2.267721397e+00  1.6899957e-10
2.268855258e+00  1.5756074e-10
2.269989686e+00  1.6940344e-10
2.271124681e+00  2.1194860e-10
2.272260243e+00  1.6229258e-10
2.273396373e+00  1.9804764e-10
2.274533071e+00  1.8559912e-10
2.275670338e+00  1.1347924e-10
2.276808173e+00  1.5009331e-10
2.277946577e+00  1.9186655e-10
2.279085550e+00  2.0844817e-10
2.280225093e+00  1.7733606e-10
2.281365206e+00  1.8825443e-10
2.282505888e+00  1.3645167e-10
2.283647141e+00  1.3843200e-10
2.284788965e+00  1.7429836e-10
2.285931359e+00  1.9634406e-10
2.287074325e+00  1.8690066e-10
2.288217862e+00  1.8790285e-10
2.289361971e+00  1.3220019e-10
2.290506652e+00  1.6484644e-10
2.291651905e+00  1.7240049e-10
2.292797731e+00  1.7159399e-10
2.293944130e+00  1.5704609e-10
2.295091102e+00  1.3689729e-10
2.296238648e+00  1.4192334e-10
2.297386767e+00  1.8832942e-10
2.298535461e+00  1.1128885e-10
2.299684728e+00  1.1957641e-10
2.300834571e+00  1.2287038e-10
2.301984988e+00  1.5621150e-10
2.303135980e+00  1.3725781e-10
2.304287548e+00  1.1732578e-10
2.305439692e+00  1.3761783e-10
2.306592412e+00  1.5272278e-10
2.307745708e+00  1.4407489e-10
2.308899581e+00  1.6058298e-10
2.310054031e+00  1.8268836e-10
2.311209058e+00  2.0099725e-10
2.312364662e+00  1.8872486e-10
2.313520845e+00  2.0122812e-10
2.314677605e+00  1.9998613e-10
2.315834944e+00  1.1725388e-10
2.316992861e+00  3.8334804e-11
2.318151358e+00  7.4682576e-11
2.319310434e+00  1.2500139e-10
2.320470089e+00  1.3541492e-10
2.321630324e+00  1.5967615e-10
2.322791139e+00  1.5758460e-10
2.323952535e+00  1.6980779e-10
2.325114511e+00  1.3924039e-10
2.326277068e+00  1.5386940e-10
2.327440207e+00  1.7868307e-10
2.328603927e+00  1.2891241e-10
2.329768229e+00  1.7865677e-10
2.330933113e+00  1.5127905e-10
2.332098579e+00  1.3951286e-10
2.333264629e+00  1.6484284e-10
2.334431261e+00  1.3634872e-10
2.335598477e+00  1.5514638e-10
2.336766276e+00  1.6475426e-10
2.337934659e+00  1.3189146e-10
2.339103626e+00  1.3353176e-10
2.340273178e+00  9.5048482e-11
2.341443315e+00  1.4206905e-10
2.342614036e+00  1.5111950e-10
2.343785343e+00  1.4701446e-10
2.344957236e+00  1.2139059e-10
2.346129715e+00  1.2533482e-10
2.347302779e+00  1.0616182e-10
2.348476431e+00  1.2008484e-10
2.349650669e+00  1.2890287e-10
2.350825494e+00  1.1093889e-10
2.352000907e+00  1.3566034e-10
2.353176908e+00  9.8090982e-11
2.354353496e+00  1.3902018e-10
2.355530673e+00  8.3527258e-11
2.356708438e+00  1.4345197e-10
2.357886792e+00  1.1281992e-10
2.359065736e+00  1.2371920e-10
2.360245269e+00  1.7391937e-10
2.361425391e+00  1.2200176e-10
2.362606104e+00  1.7345590e-10
2.363787407e+00  1.4752584e-10
2.364969301e+00  1.5768624e-10
2.366151785e+00  1.3875519e-10
2.367334861e+00  9.5647103e-11
2.368518529e+00  1.4812440e-10
2.369702788e+00  9.6552165e-11
2.370887639e+00  2.2979312e-11
2.372073083e+00  6.7524301e-11
2.373259120e+00  1.1879145e-10
2.374445749e+00  1.2746756e-10
2.375632972e+00  1.4518336e-10
2.376820789e+00  1.0521402e-10
2.378009199e+00  1.6089540e-10
2.379198204e+00  1.6088297e-10
2.380387803e+00  1.1315401e-10
2.381577997e+00  1.6080027e-10
2.382768786e+00  1.1941861e-10
2.383960170e+00  1.3266899e-10
2.385152150e+00  1.5845608e-10
2.386344726e+00  1.1037779e-10
2.387537899e+00  1.3385899e-10
2.388731668e+00  1.6180715e-10
2.389926033e+00  1.1706399e-10
2.391120996e+00  1.1001858e-10
2.392316557e+00  1.6114256e-10
2.393512715e+00  1.4143706e-10
2.394709471e+00  1.2833021e-10
2.395906826e+00  1.3058223e-10
2.397104780e+00  1.4743123e-10
2.398303332e+00  1.5348833e-10
2.399502484e+00  1.3829138e-10
2.400702235e+00  1.4776266e-10
2.401902586e+00  1.5116079e-10
2.403103537e+00  1.4705791e-10
2.404305089e+00  1.3825574e-10
2.405507242e+00  1.4512236e-10
2.406709995e+00  1.5337176e-10
2.407913350e+00  1.4715333e-10
2.409117307e+00  1.4396882e-10
2.410321866e+00  1.5432876e-10
2.411527027e+00  1.5922858e-10
2.412732790e+00  1.6004073e-10
2.413939156e+00  1.5359688e-10
2.415146126e+00  1.5713758e-10
2.416353699e+00  1.4997040e-10
2.417561876e+00  1.5086067e-10
2.418770657e+00  1.5040929e-10
2.419980042e+00  1.4882173e-10
2.421190032e+00  1.5404157e-10
2.422400627e+00  1.4891313e-10
2.423611828e+00  1.4414284e-10
2.424823633e+00  1.3823821e-10
2.426036045e+00  1.4645465e-10
2.427249063e+00  1.3679705e-10
2.428462688e+00  1.5237986e-10
2.429676919e+00  1.4853644e-10
2.430891758e+00  1.5156459e-10
2.432107204e+00  1.5290367e-10
2.433323257e+00  1.4664652e-10
2.434539919e+00  1.4995947e-10
2.435757189e+00  1.4228093e-10
2.436975067e+00  1.4233191e-10
2.438193555e+00  1.4870465e-10
2.439412652e+00  1.5106110e-10
2.440632358e+00  1.4672343e-10
2.441852674e+00  1.5047168e-10
2.443073600e+00  1.4799939e-10
2.444295137e+00  1.4714296e-10
2.445517285e+00  1.4689423e-10
2.446740043e+00  1.4521621e-10
2.447963413e+00  1.4389495e-10
2.449187395e+00  1.4812744e-10
2.450411989e+00  1.4509335e-10
2.451637195e+00  1.4226745e-10
2.452863013e+00  1.4837954e-10
2.454089445e+00  1.4386966e-10
2.455316490e+00  1.4678059e-10
2.456544148e+00  1.4600486e-10
2.457772420e+00  1.4587295e-10
2.459001306e+00  1.4702684e-10
2.460230807e+00  1.4741305e-10
2.461460922e+00  1.4506408e-10
2.462691653e+00  1.3714165e-10
2.463922999e+00  1.4427862e-10
2.465154960e+00  1.4575330e-10
2.466387538e+00  1.4618700e-10
2.467620731e+00  1.4344809e-10
2.468854542e+00  1.4028335e-10
2.470088969e+00  1.4374134e-10
2.471324013e+00  1.4199909e-10
2.472559675e+00  1.2810997e-10
2.473795955e+00  1.4324246e-10
2.475032853e+00  1.4252474e-10
2.476270370e+00  1.4304702e-10
2.477508505e+00  1.4215865e-10
2.478747259e+00  1.4092111e-10
2.479986633e+00  1.3936835e-10
2.481226626e+00  1.3466447e-10
2.482467239e+00  1.4099659e-10
2.483708473e+00  1.2097334e-10
2.484950327e+00  1.3780065e-10
2.486192802e+00  1.3928180e-10
2.487435899e+00  1.2951585e-10
2.488679617e+00  1.3410787e-10
2.489923957e+00  1.3876850e-10
2.491168919e+00  1.3718662e-10
2.492414503e+00  1.3266790e-10
2.493660710e+00  1.3511645e-10
2.494907541e+00  1.2265586e-10
2.496154994e+00  1.3689805e-10
2.497403072e+00  1.3692021e-10
2.498651773e+00  1.3420178e-10
2.499901099e+00  1.3613976e-10
2.501151050e+00  1.3571257e-10
2.502401625e+00  1.2979029e-10
2.503652826e+00  1.3119877e-10
2.504904653e+00  1.3328190e-10
2.506157105e+00  1.3181748e-10
2.507410183e+00  1.3424851e-10
2.508663889e+00  1.3218317e-10
2.509918221e+00  1.2962823e-10
2.511173180e+00  1.2344402e-10
2.512428766e+00  1.3066074e-10
2.513684981e+00  1.3079509e-10
2.514941823e+00  1.2824665e-10
2.516199294e+00  1.1001384e-10
2.517457394e+00  1.1815368e-10
2.518716122e+00  1.2938914e-10
2.519975480e+00  1.2649231e-10
2.521235468e+00  1.2937543e-10
2.522496086e+00  1.2848949e-10
2.523757334e+00  1.1000225e-10
2.525019213e+00  1.2641414e-10
2.526281722e+00  1.2371204e-10
2.527544863e+00  1.2198089e-10
2.528808636e+00  1.2156965e-10
2.530073040e+00  1.0913974e-10
2.531338076e+00  8.6528042e-11
2.532603745e+00  1.1104573e-10
2.533870047e+00  1.2390378e-10
2.535136982e+00  1.1684851e-10
2.536404551e+00  9.5761857e-11
2.537672753e+00  1.2355047e-10
2.538941589e+00  1.1747730e-10
2.540211060e+00  1.2267000e-10
2.541481166e+00  1.0517377e-10
2.542751906e+00  8.6060303e-11
2.544023282e+00  9.7810299e-11
2.545295294e+00  9.2069550e-11
2.546567942e+00  1.1640413e-10
2.547841226e+00  7.1213231e-11
2.549115146e+00  1.1044038e-10
2.550389704e+00  1.0028742e-10
2.551664899e+00  1.0913725e-10
2.552940731e+00  7.9365060e-11
2.554217201e+00  1.1493738e-10
2.555494310e+00  1.1671379e-10
2.556772057e+00  1.1619155e-10
2.558050443e+00  1.1330941e-10
2.559329468e+00  1.0044363e-10
2.560609133e+00  4.4728345e-11
2.561889438e+00  6.3617996e-11
2.563170382e+00  6.2387379e-11
2.564451968e+00  4.2304332e-11
2.565734194e+00  8.6575698e-11
2.567017061e+00  1.0198326e-10
2.568300569e+00  8.0253042e-11
2.569584720e+00  2.0871518e-11
2.570869512e+00  9.1562786e-11
2.572154947e+00  9.5418035e-11
2.573441024e+00  2.7797356e-11
2.574727745e+00  6.6323611e-11
2.576015108e+00  7.7148439e-11
2.577303116e+00  4.8484768e-11
2.578591768e+00  1.0274540e-10
2.579881063e+00  9.0458870e-11
2.581171004e+00  2.1837329e-11
2.582461590e+00  6.8115800e-11
2.583752820e+00  7.7784815e-12
2.585044697e+00  6.9197449e-11
2.586337219e+00  5.6308041e-11
2.587630388e+00  2.6490285e-11
2.588924203e+00  3.6877842e-11
2.590218665e+00  8.0836803e-11
2.591513774e+00  7.6717686e-11
2.592809531e+00  3.9716529e-11
2.594105936e+00  5.4969608e-12
2.595402989e+00  2.7910029e-12
2.596700690e+00  3.8353969e-11
2.597999041e+00  7.0618073e-11
2.599298040e+00  8.8949183e-11
2.600597689e+00  6.1330144e-11
2.601897988e+00  4.0688568e-11
2.603198937e+00  2.6923574e-11
2.604500537e+00  1.8437997e-11
2.605802787e+00  1.0750594e-11
2.607105688e+00  1.9721755e-11
2.608409241e+00  5.7178260e-11
2.609713446e+00  1.7779928e-11
2.611018302e+00  7.4901822e-11
2.612323812e+00  4.2397786e-11
2.613629974e+00  4.1320449e-11
2.614936789e+00  4.8217495e-11
2.616244257e+00  9.3521457e-12
2.617552379e+00  8.4745771e-12
2.618861155e+00  4.0053314e-11
2.620170586e+00  4.9741288e-12
2.621480671e+00  5.0472427e-11
2.622791411e+00  8.1827513e-11
2.624102807e+00  8.3275893e-11
2.625414859e+00  5.5568203e-11
2.626727566e+00  7.1718770e-12
2.628040930e+00  5.6345413e-11
2.629354950e+00  1.7162202e-11
2.630669628e+00  2.0471318e-12
2.631984962e+00  4.1344865e-11
2.633300955e+00  3.0930995e-11
2.634617605e+00  5.5215822e-11
2.635934914e+00  8.7165075e-11
2.637252882e+00  9.4479414e-11
2.638571508e+00  8.9078632e-11
2.639890794e+00  9.2126691e-11
2.641210739e+00  6.5768800e-11
2.642531345e+00  6.0927940e-11
2.643852610e+00  8.1079112e-11
2.645174537e+00  3.4925762e-11
2.646497124e+00  4.4838391e-11
2.647820372e+00  8.9346955e-11
2.649144283e+00  9.2890459e-11
2.650468855e+00  8.6795045e-11
2.651794089e+00  3.7171213e-11
2.653119986e+00  4.1019928e-11
2.654446546e+00  6.7828183e-11
2.655773770e+00  4.6401282e-11
2.657101656e+00  6.8868690e-11
2.658430207e+00  6.3341381e-11
2.659759422e+00  1.2526234e-11
2.661089302e+00  4.6832519e-11
2.662419847e+00  3.5662708e-11
2.663751057e+00  2.8438289e-11
2.665082932e+00  9.8936522e-13
2.666415474e+00  2.4680610e-12
2.667748681e+00  1.1997997e-11
2.669082556e+00  1.8046745e-11
2.670417097e+00  1.0811983e-12
2.671752306e+00  4.0610316e-11
2.673088182e+00  2.5591484e-11
2.674424726e+00  2.7533148e-11
2.675761938e+00  1.8493266e-11
2.677099819e+00  6.4596687e-12
2.678438369e+00  2.1677846e-11
2.679777588e+00  1.9479269e-11
2.681117477e+00  6.4846308e-11
2.682458036e+00  6.6610076e-11
2.683799265e+00  4.4187097e-11
2.685141164e+00  6.0844722e-11
2.686483735e+00  2.1094221e-11
2.687826977e+00  7.1456825e-11
2.689170890e+00  5.5838559e-11
2.690515476e+00  7.3044847e-11
2.691860734e+00  5.9624440e-11
2.693206664e+00  1.3135548e-11
2.694553267e+00  1.0353700e-11
2.695900544e+00  1.7177891e-11
2.697248494e+00  6.7171259e-11
2.698597118e+00  6.5926778e-11
2.699946417e+00  7.0351296e-11
2.701296390e+00  2.0388456e-11
2.702647038e+00  7.5085258e-11
2.703998362e+00  7.7285377e-11
2.705350361e+00  6.3459049e-11
2.706703036e+00  5.8755298e-11
2.708056388e+00  3.6388896e-11
2.709410416e+00  6.9339755e-12
2.710765121e+00  4.6737709e-12
2.712120504e+00  4.0616547e-11
2.713476564e+00  6.0950028e-11
2.714833302e+00  7.2490011e-11
2.716190719e+00  6.6934955e-11
2.717548814e+00  2.2485203e-11
2.718907589e+00  3.1479315e-11
2.720267042e+00  1.7446849e-12
2.721627176e+00  1.7084604e-11
2.722987990e+00  3.6994908e-11
2.724349484e+00  4.7509990e-12
2.725711658e+00  1.9258200e-11
2.727074514e+00  6.8349178e-11
2.728438051e+00  7.5723418e-11
2.729802270e+00  7.7570820e-11
2.731167172e+00  7.2597324e-11
2.732532755e+00  6.8753196e-11
2.733899021e+00  5.2295275e-11
2.735265971e+00  2.4109657e-11
2.736633604e+00  6.7252112e-11
2.738001921e+00  3.4496473e-11
2.739370922e+00  5.1413369e-12
2.740740607e+00  1.2398441e-11
2.742110978e+00  1.5524517e-11
2.743482033e+00  6.3264428e-11
2.744853774e+00  5.0292958e-11
2.746226201e+00  6.8468342e-11
2.747599314e+00  6.6978432e-11
2.748973114e+00  5.1163751e-11
2.750347600e+00  6.8921141e-11
2.751722774e+00  3.4387476e-11
2.753098635e+00  6.5232215e-11
2.754475185e+00  1.9963542e-11
2.755852422e+00  7.8577723e-12
2.757230349e+00  4.6594524e-11
2.758608964e+00  6.9359691e-11
2.759988268e+00  5.8856901e-11
2.761368262e+00  4.4852296e-11
2.762748946e+00  1.8097752e-11
2.764130321e+00  3.1010401e-11
2.765512386e+00  4.5153833e-11
2.766895142e+00  3.7379663e-11
2.768278590e+00  2.6635119e-11
2.769662729e+00  5.5084979e-11
2.771047561e+00  4.3671729e-11
2.772433084e+00  4.5808099e-11
2.773819301e+00  7.2314452e-11
2.775206210e+00  5.6617815e-11
2.776593814e+00  4.0099750e-11
2.777982111e+00  4.3415650e-11
2.779371102e+00  4.6472543e-11
2.780760787e+00  3.8433890e-11
2.782151168e+00  5.7986383e-11
2.783542243e+00  6.5000657e-11
2.784934014e+00  6.2366810e-11
2.786326481e+00  3.7300997e-11
2.787719644e+00  2.3927612e-11
2.789113504e+00  6.3495910e-11
2.790508061e+00  4.8144437e-11
2.791903315e+00  7.1193065e-11
2.793299267e+00  5.7555495e-11
2.794695916e+00  6.1525687e-11
2.796093264e+00  6.0652303e-11
2.797491311e+00  5.1251129e-11
2.798890057e+00  7.0250777e-11
2.800289502e+00  6.2202886e-11
2.801689646e+00  4.8518667e-11
2.803090491e+00  3.0202579e-11
2.804492036e+00  3.6847629e-11
2.805894282e+00  3.6900284e-11
2.807297230e+00  6.2290610e-11
2.808700878e+00  5.9801499e-11
2.810105229e+00  6.9715759e-11
2.811510281e+00  6.1664250e-11
2.812916036e+00  6.8734099e-11
2.814322494e+00  5.3776303e-11
2.815729656e+00  5.4210536e-11
2.817137521e+00  6.7779607e-11
2.818546089e+00  5.5115704e-11
2.819955362e+00  5.5539548e-11
2.821365340e+00  4.5517554e-11
2.822776023e+00  6.0793390e-11
2.824187411e+00  6.9007575e-11
2.825599504e+00  6.8704263e-11
2.827012304e+00  6.5523831e-11
2.828425810e+00  6.7289240e-11
2.829840023e+00  6.9369869e-11
2.831254943e+00  6.5802724e-11
2.832670571e+00  5.7093516e-11
2.834086906e+00  4.8161964e-11
2.835503949e+00  5.2302633e-11
2.836921701e+00  6.2095650e-11
2.838340162e+00  4.1087971e-11
2.839759332e+00  6.5035247e-11
2.841179212e+00  6.2247279e-11
2.842599802e+00  6.5697731e-11
2.844021101e+00  6.7660706e-11
2.845443112e+00  6.6539793e-11
2.846865834e+00  6.1266813e-11
2.848289267e+00  6.2930034e-11
2.849713411e+00  5.2570938e-11
2.851138268e+00  6.4915833e-11
2.852563837e+00  5.9433588e-11
2.853990119e+00  3.7562203e-11
2.855417114e+00  6.0108473e-11
2.856844823e+00  6.4389901e-11
2.858273245e+00  6.5351934e-11
2.859702382e+00  5.6139701e-11
2.861132233e+00  6.0668419e-11
2.862562799e+00  6.5284040e-11
2.863994080e+00  6.4792721e-11
2.865426077e+00  6.4868188e-11
2.866858790e+00  5.5339440e-11
2.868292220e+00  6.2027454e-11
2.869726366e+00  6.3319231e-11
2.871161229e+00  4.5027668e-11
2.872596810e+00  5.4151744e-11
2.874033108e+00  6.3528360e-11
2.875470125e+00  6.3807020e-11
2.876907860e+00  5.6399983e-11
2.878346314e+00  6.0854140e-11
2.879785487e+00  6.2989886e-11
2.881225379e+00  6.2101132e-11
2.882665992e+00  6.2140883e-11
2.884107325e+00  5.8432967e-11
2.885549379e+00  6.2521510e-11
2.886992154e+00  5.9974586e-11
2.888435650e+00  5.1609344e-11
2.889879867e+00  6.1601672e-11
2.891324807e+00  6.1613799e-11
2.892770470e+00  6.1052291e-11
2.894216855e+00  6.1374647e-11
2.895663963e+00  6.1546369e-11
2.897111795e+00  6.1364815e-11
2.898560351e+00  6.1011264e-11
2.900009631e+00  5.3576723e-11
2.901459636e+00  4.9719539e-11
2.902910366e+00  5.9481569e-11
2.904361821e+00  5.1382015e-11
2.905814002e+00  5.8633886e-11
2.907266909e+00  5.9646527e-11
2.908720543e+00  5.9678718e-11
2.910174903e+00  5.9855568e-11
2.911629990e+00  5.9668313e-11
2.913085805e+00  5.8413346e-11
2.914542348e+00  5.5655243e-11
2.915999619e+00  5.9098423e-11
2.917457619e+00  5.7565686e-11
2.918916348e+00  5.8910699e-11
2.920375806e+00  5.8268953e-11
2.921835994e+00  5.2537033e-11
2.923296912e+00  4.8046030e-11
2.924758561e+00  5.6530692e-11
2.926220940e+00  5.7840864e-11
2.927684050e+00  5.7927232e-11
2.929147892e+00  5.7113724e-11
2.930612466e+00  5.7563842e-11
2.932077773e+00  5.7484951e-11
2.933543811e+00  5.6117510e-11
2.935010583e+00  5.7061656e-11
2.936478089e+00  5.6967978e-11
2.937946328e+00  5.4641102e-11
2.939415301e+00  5.4893771e-11
2.940885009e+00  5.6465274e-11
2.942355451e+00  5.5963720e-11
2.943826629e+00  5.2816613e-11
2.945298542e+00  5.6015677e-11
2.946771191e+00  4.9462167e-11
2.948244577e+00  5.3290194e-11
2.949718699e+00  5.5561042e-11
2.951193559e+00  5.5427745e-11
2.952669155e+00  5.3849909e-11
2.954145490e+00  5.0756015e-11
2.955622563e+00  5.3574303e-11
2.957100374e+00  5.4774428e-11
2.958578924e+00  5.4432119e-11
2.960058214e+00  5.4457566e-11
2.961538243e+00  5.4285900e-11
2.963019012e+00  5.3634276e-11
2.964500521e+00  5.4115993e-11
2.965982772e+00  5.3557038e-11
2.967465763e+00  5.3336069e-11
2.968949496e+00  5.1502307e-11
2.970433971e+00  4.3917365e-11
2.971919188e+00  4.6772996e-11
2.973405147e+00  5.2084826e-11
2.974891850e+00  5.1785789e-11
2.976379296e+00  5.1797624e-11
2.977867485e+00  5.2378522e-11
2.979356419e+00  5.0550679e-11
2.980846097e+00  5.1732996e-11
2.982336520e+00  5.1831335e-11
2.983827689e+00  5.1669208e-11
2.985319602e+00  5.2021137e-11
2.986812262e+00  5.1879346e-11
2.988305668e+00  5.1635150e-11
2.989799821e+00  5.1655654e-11
2.991294721e+00  5.1298833e-11
2.992790368e+00  5.1210097e-11
2.994286764e+00  5.0953353e-11
2.995783907e+00  5.0373684e-11
2.997281799e+00  4.9146949e-11
2.998780440e+00  4.9595749e-11
3.000279830e+00  5.0646730e-11
3.001779970e+00  5.0520416e-11
3.003280860e+00  5.0221004e-11
3.004782500e+00  4.9488410e-11
3.006284892e+00  4.9028343e-11
3.007788034e+00  4.8966816e-11
3.009291928e+00  4.8548735e-11
3.010796574e+00  4.9665636e-11
3.012301972e+00  4.9497800e-11
3.013808123e+00  4.9152517e-11
3.015315027e+00  4.9210745e-11
3.016822685e+00  4.8753813e-11
3.018331096e+00  4.4071784e-11
3.019840262e+00  4.8091873e-11
3.021350182e+00  4.5692934e-11
3.022860857e+00  4.4494882e-11
3.024372288e+00  4.8410399e-11
3.025884474e+00  4.8298063e-11
3.027397416e+00  4.7642583e-11
3.028911115e+00  4.8025589e-11
3.030425570e+00  4.7791768e-11
3.031940783e+00  4.6182378e-11
3.033456753e+00  4.6570434e-11
3.034973482e+00  4.6885504e-11
3.036490968e+00  4.1272391e-11
3.038009214e+00  4.3381797e-11
3.039528219e+00  4.6814824e-11
3.041047983e+00  4.4107313e-11
3.042568507e+00  4.6810454e-11
3.044089791e+00  4.6655536e-11
3.045611836e+00  4.5557510e-11
3.047134642e+00  4.6315585e-11
3.048658209e+00  4.1932404e-11
3.050182538e+00  4.5925323e-11
3.051707629e+00  4.0639365e-11
3.053233483e+00  4.4911264e-11
3.054760100e+00  3.4622313e-11
3.056287480e+00  4.4384871e-11
3.057815624e+00  4.5105273e-11
3.059344532e+00  4.5442911e-11
3.060874204e+00  4.4987494e-11
3.062404641e+00  4.2512103e-11
3.063935843e+00  4.4688053e-11
3.065467811e+00  4.4861044e-11
3.067000545e+00  4.1243464e-11
3.068534045e+00  4.4564326e-11
3.070068312e+00  4.0418633e-11
3.071603347e+00  4.4038252e-11
3.073139148e+00  3.7315716e-11
3.074675718e+00  4.4138783e-11
3.076213056e+00  4.4051804e-11
3.077751162e+00  4.3920813e-11
3.079290038e+00  4.3692955e-11
3.080829683e+00  3.8035602e-11
3.082370098e+00  3.9353844e-11
3.083911283e+00  4.3192846e-11
3.085453238e+00  4.1891594e-11
3.086995965e+00  4.2678389e-11
3.088539463e+00  4.2474976e-11
3.090083733e+00  3.9825350e-11
3.091628774e+00  4.2630866e-11
3.093174589e+00  3.9291535e-11
3.094721176e+00  4.2061526e-11
3.096268537e+00  3.9115497e-11
3.097816671e+00  4.0169618e-11
3.099365579e+00  4.2041844e-11
3.100915262e+00  4.2133127e-11
3.102465720e+00  4.1295892e-11
3.104016953e+00  4.0123723e-11
3.105568961e+00  3.5857901e-11
3.107121746e+00  3.9964876e-11
3.108675306e+00  3.9097001e-11
3.110229644e+00  3.9394092e-11
3.111784759e+00  3.5966652e-11
3.113340651e+00  4.1023666e-11
3.114897322e+00  3.5413229e-11
3.116454770e+00  3.8905479e-11
3.118012998e+00  4.0643765e-11
3.119572004e+00  4.0735206e-11
3.121131790e+00  4.0648966e-11
3.122692356e+00  4.0551161e-11
3.124253702e+00  3.9465497e-11
3.125815829e+00  3.8417604e-11
3.127378737e+00  3.4949085e-11
3.128942426e+00  3.5681209e-11
3.130506898e+00  3.9807625e-11
3.132072151e+00  3.9489574e-11
3.133638187e+00  3.9419400e-11
3.135205006e+00  3.9662137e-11
3.136772609e+00  3.9489533e-11
3.138340995e+00  3.8994570e-11
3.139910166e+00  3.4106721e-11
3.141480121e+00  3.6549783e-11
3.143050861e+00  3.8819244e-11
3.144622386e+00  3.8567861e-11
3.146194697e+00  2.7688222e-11
3.147767795e+00  3.7992549e-11
3.149341679e+00  3.4956745e-11
3.150916349e+00  3.7613071e-11
3.152491808e+00  3.8037401e-11
3.154068053e+00  3.7607207e-11
3.155645088e+00  3.7204314e-11
3.157222910e+00  3.5823160e-11
3.158801521e+00  3.2810856e-11
3.160380922e+00  3.6270518e-11
3.161961113e+00  3.7787365e-11
3.163542093e+00  3.7705070e-11
3.165123864e+00  3.5735751e-11
3.166706426e+00  2.3868850e-11
3.168289779e+00  3.5551719e-11
3.169873924e+00  3.6645939e-11
3.171458861e+00  3.5087130e-11
3.173044591e+00  3.5875919e-11
3.174631113e+00  2.6235406e-11
3.176218429e+00  2.6373199e-11
3.177806538e+00  3.2592120e-11
3.179395441e+00  3.5308584e-11
3.180985139e+00  3.5193149e-11
3.182575631e+00  3.4599898e-11
3.184166919e+00  1.0260094e-11
3.185759003e+00  3.0821598e-11
3.187351882e+00  3.1257263e-11
3.188945558e+00  3.3664436e-11
3.190540031e+00  3.2687207e-11
3.192135301e+00  2.6249320e-11
3.193731369e+00  1.4644684e-11
3.195328234e+00  3.2838208e-11
3.196925898e+00  2.8121932e-11
3.198524361e+00  2.9403054e-11
3.200123623e+00  3.0038818e-11
3.201723685e+00  1.5803873e-11
3.203324547e+00  1.9896375e-11
3.204926209e+00  3.1020575e-11
3.206528673e+00  2.4302944e-11
3.208131937e+00  3.2102234e-11
3.209736003e+00  2.3545003e-11
3.211340871e+00  6.2135062e-12
3.212946541e+00  1.8920230e-11
3.214553015e+00  2.9869207e-11
3.216160291e+00  2.1500532e-11
3.217768371e+00  2.8901551e-11
3.219377255e+00  2.4078383e-11
3.220986944e+00  2.6432130e-12
3.222597437e+00  2.0762565e-11
3.224208736e+00  2.5550957e-11
3.225820841e+00  2.0034243e-11
3.227433751e+00  2.8137081e-11
3.229047468e+00  1.8434760e-11
3.230661992e+00  1.5277382e-12
3.232277323e+00  1.8745997e-11
3.233893461e+00  2.7293574e-11
3.235510408e+00  2.4852443e-11
3.237128163e+00  2.1795689e-11
3.238746727e+00  1.3751160e-11
3.240366101e+00  6.0789858e-13
3.241986284e+00  1.3966965e-11
3.243607277e+00  2.3842793e-11
3.245229080e+00  2.4233099e-11
3.246851695e+00  1.8959860e-11
3.248475121e+00  1.5362679e-11
3.250099358e+00  1.1676094e-12
3.251724408e+00  1.6476551e-11
3.253350270e+00  1.9086727e-11
3.254976945e+00  2.4570569e-11
3.256604434e+00  2.1019534e-11
3.258232736e+00  1.3370707e-11
3.259861852e+00  1.0369960e-12
3.261491783e+00  1.0971476e-11
3.263122529e+00  1.9788846e-11
3.264754091e+00  2.4369629e-11
3.266386468e+00  2.5032108e-11
3.268019661e+00  1.7602521e-11
3.269653671e+00  3.3542808e-12
3.271288497e+00  7.0818587e-12
3.272924142e+00  2.1768283e-11
3.274560604e+00  2.5965491e-11
3.276197884e+00  2.6922998e-11
3.277835983e+00  2.5715003e-11
3.279474901e+00  1.2793053e-11
3.281114638e+00  6.8527580e-12
3.282755196e+00  2.4080485e-11
3.284396573e+00  2.7321574e-11
3.286038772e+00  2.7305124e-11
3.287681791e+00  2.7792424e-11
3.289325632e+00  2.4237462e-11
3.290970295e+00  4.7753224e-12
3.292615780e+00  2.3342835e-11
3.294262088e+00  2.6516416e-11
3.295909219e+00  2.4858823e-11
3.297557173e+00  2.4418433e-11
3.299205952e+00  2.2375636e-11
3.300855555e+00  1.0648591e-11
3.302505983e+00  1.4403740e-11
3.304157236e+00  2.3769278e-11
3.305809314e+00  2.0690449e-11
3.307462219e+00  2.2039882e-11
3.309115950e+00  1.1780614e-11
3.310770508e+00  3.8438938e-12
3.312425893e+00  3.4837062e-13
3.314082106e+00  1.3971542e-14
3.315739147e+00  1.4129841e-14
3.317397017e+00  4.9625611e-14
3.319055716e+00  5.3237261e-13
3.320715243e+00  4.4468889e-12
3.322375601e+00  7.4533240e-12
3.324036789e+00  3.1524389e-12
3.325698807e+00  6.8063448e-12
3.327361657e+00  1.5570171e-11
3.329025337e+00  2.0689387e-11
3.330689850e+00  2.4155465e-11
3.332355195e+00  2.2696502e-11
3.334021373e+00  5.4334748e-12
3.335688383e+00  1.7726398e-11
3.337356227e+00  2.4349799e-11
3.339024906e+00  2.4520998e-11
3.340694418e+00  2.4154088e-11
3.342364765e+00  2.3666988e-11
3.344035948e+00  1.4007325e-11
3.345707966e+00  1.3722275e-12
3.347380820e+00  1.7077996e-11
3.349054510e+00  2.3960068e-11
3.350729037e+00  2.4481733e-11
3.352404402e+00  2.2361929e-11
3.354080604e+00  1.7006959e-11
3.355757644e+00  8.3221782e-12
3.357435523e+00  3.6011032e-12
3.359114241e+00  1.7812807e-11
3.360793798e+00  2.1461809e-11
3.362474195e+00  2.3686346e-11
3.364155432e+00  2.2714082e-11
3.365837510e+00  1.6286078e-11
3.367520428e+00  6.2777873e-12
3.369204189e+00  5.5553117e-12
3.370888791e+00  1.5611337e-11
3.372574235e+00  1.6794183e-11
3.374260522e+00  2.2131112e-11
3.375947653e+00  2.2727201e-11
3.377635626e+00  1.7803209e-11
3.379324444e+00  4.6833032e-12
3.381014106e+00  5.2148871e-12
3.382704613e+00  1.8692224e-11
3.384395966e+00  1.6848573e-11
3.386088164e+00  1.4252839e-11
3.387781208e+00  2.1588470e-11
3.389475098e+00  1.9043817e-11
3.391169836e+00  2.7815636e-12
3.392865421e+00  6.5788992e-12
3.394561854e+00  1.6885815e-11
3.396259135e+00  2.0470602e-11
3.397957264e+00  1.9606489e-11
3.399656243e+00  2.2171945e-11
3.401356071e+00  2.0411700e-11
3.403056749e+00  5.3083537e-12
3.404758277e+00  7.2875851e-12
3.406460656e+00  1.6364543e-11
3.408163887e+00  2.1225757e-11
3.409867969e+00  1.7101866e-11
3.411572903e+00  2.1196646e-11
3.413278689e+00  2.1377400e-11
3.414985328e+00  6.5958192e-12
3.416692821e+00  4.0047137e-12
3.418401168e+00  2.1185503e-11
3.420110368e+00  2.0825757e-11
3.421820423e+00  2.0865653e-11
3.423531334e+00  1.9364316e-11
3.425243099e+00  1.2177559e-11
3.426955721e+00  8.3764638e-12
3.428669199e+00  2.2377289e-12
3.430383533e+00  1.9102216e-11
3.432098725e+00  2.1155559e-11
3.433814774e+00  2.2982166e-11
3.435531682e+00  1.6997859e-11
3.437249448e+00  1.8111782e-11
3.438968072e+00  1.3454040e-11
3.440687556e+00  5.1701065e-12
3.442407900e+00  1.8404489e-11
3.444129104e+00  2.1833866e-11
3.445851169e+00  1.2972976e-11
3.447574094e+00  1.6723018e-11
3.449297881e+00  1.7073617e-11
3.451022530e+00  1.5658766e-11
3.452748041e+00  1.0304100e-11
3.454474415e+00  1.4030343e-11
3.456201653e+00  2.1076556e-11
3.457929753e+00  2.2295160e-11
3.459658718e+00  2.1974263e-11
3.461388548e+00  1.9199277e-11
3.463119242e+00  1.7494822e-11
3.464850802e+00  1.1427709e-11
3.466583227e+00  1.0607018e-11
3.468316519e+00  1.7575898e-11
3.470050677e+00  2.1462358e-11
3.471785702e+00  1.9983674e-11
3.473521595e+00  1.5102243e-11
3.475258356e+00  1.5969683e-11
3.476995985e+00  1.3901533e-11
3.478734483e+00  1.4192161e-11
3.480473850e+00  1.6733822e-11
3.482214087e+00  1.8304028e-11
3.483955194e+00  2.0515935e-11
3.485697172e+00  1.4930481e-11
3.487440020e+00  1.3954707e-11
3.489183740e+00  1.2187845e-11
3.490928332e+00  1.7071428e-11
3.492673796e+00  1.7267754e-11
3.494420133e+00  1.6057945e-11
3.496167343e+00  1.9868585e-11
3.497915427e+00  1.8079526e-11
3.499664385e+00  1.5945410e-11
3.501414217e+00  2.0238884e-11
3.503164924e+00  1.4739886e-11
3.504916507e+00  1.9904656e-11
3.506668965e+00  2.0303466e-11
3.508422299e+00  1.9983953e-11
3.510176510e+00  1.9370008e-11
3.511931599e+00  1.7007747e-11
3.513687565e+00  1.9645960e-11
3.515444408e+00  2.0310481e-11
3.517202131e+00  2.0240938e-11
3.518960732e+00  1.9720891e-11
3.520720212e+00  1.7894502e-11
3.522480572e+00  2.0305307e-11
3.524241812e+00  2.0135844e-11
3.526003933e+00  1.7052044e-11
3.527766935e+00  1.6019798e-11
3.529530819e+00  1.8946917e-11
3.531295584e+00  1.5296938e-11
3.533061232e+00  1.4375353e-11
3.534827763e+00  1.3246584e-11
3.536595176e+00  1.6278525e-11
3.538363474e+00  1.3874160e-11
3.540132656e+00  1.2838359e-11
3.541902722e+00  1.1710398e-11
3.543673673e+00  1.4459972e-11
3.545445510e+00  1.2518513e-11
3.547218233e+00  1.3177426e-11
3.548991842e+00  1.6951756e-11
3.550766338e+00  1.7046958e-11
3.552541721e+00  1.8213703e-11
3.554317992e+00  1.4300885e-11
3.556095151e+00  1.8028620e-11
3.557873199e+00  1.7348080e-11
3.559652135e+00  1.4922998e-11
3.561431961e+00  1.8467427e-11
3.563212677e+00  1.8080857e-11
3.564994284e+00  1.3221831e-11
3.566776781e+00  1.2711061e-11
3.568560169e+00  1.8692165e-11
3.570344449e+00  1.8250082e-11
3.572129621e+00  1.2408719e-11
3.573915686e+00  1.7136572e-11
3.575702644e+00  1.7624668e-11
3.577490495e+00  1.6237758e-11
3.579279241e+00  1.4832801e-11
3.581068880e+00  1.2454330e-11
3.582859415e+00  1.6562509e-11
3.584650844e+00  1.5996007e-11
3.586443170e+00  1.3784109e-11
3.588236391e+00  1.5861995e-11
3.590030510e+00  1.7129654e-11
3.591825525e+00  1.4910092e-11
3.593621438e+00  1.7245518e-11
3.595418248e+00  1.6475767e-11
3.597215958e+00  1.7596412e-11
3.599014565e+00  1.6577475e-11
3.600814073e+00  1.7305574e-11
3.602614480e+00  1.7855259e-11
3.604415787e+00  1.4449679e-11
3.606217995e+00  1.3350696e-11
3.608021104e+00  1.2197120e-11
3.609825114e+00  1.7323615e-11
3.611630027e+00  1.5089330e-11
3.613435842e+00  1.6794737e-11
3.615242560e+00  1.7750026e-11
3.617050181e+00  1.7384665e-11
3.618858706e+00  1.7103484e-11
3.620668136e+00  1.6442912e-11
3.622478470e+00  1.7203790e-11
3.624289709e+00  1.6657833e-11
3.626101854e+00  1.1935242e-11
3.627914905e+00  1.2652938e-11
3.629728862e+00  1.7394946e-11
3.631543727e+00  1.6645388e-11
3.633359499e+00  1.7153303e-11
3.635176178e+00  1.5881658e-11
3.636993766e+00  1.5914467e-11
3.638812263e+00  1.6759283e-11
3.640631669e+00  1.6237029e-11
3.642451985e+00  1.6738512e-11
3.644273211e+00  1.6302473e-11
3.646095348e+00  1.0488705e-11
3.647918395e+00  1.2168492e-11
3.649742355e+00  1.6670436e-11
3.651567226e+00  1.5827496e-11
3.653393009e+00  1.6494089e-11
3.655219706e+00  1.6544650e-11
3.657047316e+00  1.6381428e-11
3.658875840e+00  1.6091769e-11
3.660705277e+00  1.6576498e-11
3.662535630e+00  1.6280674e-11
3.664366898e+00  1.5944870e-11
3.666199081e+00  1.4741864e-11
3.668032181e+00  1.1964226e-11
3.669866197e+00  1.5779157e-11
3.671701130e+00  1.6292865e-11
3.673536981e+00  1.6113813e-11
3.675373749e+00  1.5778496e-11
3.677211436e+00  1.6250893e-11
3.679050042e+00  1.5707953e-11
3.680889567e+00  1.5917484e-11
3.682730012e+00  1.5640725e-11
3.684571377e+00  1.5765634e-11
3.686413662e+00  1.3588810e-11
3.688256869e+00  1.2298992e-11
3.690100997e+00  1.5763378e-11
3.691946048e+00  1.5339032e-11
3.693792021e+00  1.5810626e-11
3.695638917e+00  1.5732307e-11
3.697486736e+00  1.4216892e-11
3.699335480e+00  1.5265262e-11
3.701185148e+00  1.5531900e-11
3.703035740e+00  1.5615985e-11
3.704887258e+00  1.5488633e-11
3.706739702e+00  1.3606775e-11
3.708593071e+00  1.3077101e-11
3.710447368e+00  1.4988162e-11
3.712302592e+00  1.4449489e-11
3.714158743e+00  1.4445232e-11
3.716015822e+00  1.3519775e-11
3.717873830e+00  1.5075426e-11
3.719732767e+00  1.5168735e-11
3.721592634e+00  1.5205918e-11
3.723453430e+00  1.4934518e-11
3.725315157e+00  1.4213761e-11
3.727177814e+00  1.3572817e-11
3.729041403e+00  1.4657944e-11
3.730905924e+00  1.3731664e-11
3.732771377e+00  1.3261188e-11
3.734637762e+00  1.4325755e-11
3.736505081e+00  1.3829661e-11
3.738373334e+00  1.4145286e-11
3.740242521e+00  1.4251760e-11
3.742112642e+00  1.4316229e-11
3.743983698e+00  1.4281950e-11
3.745855690e+00  1.4056163e-11
3.747728618e+00  1.4235258e-11
3.749602482e+00  1.3725354e-11
3.751477283e+00  1.3285316e-11
3.753353022e+00  1.3890063e-11
3.755229699e+00  1.4241561e-11
3.757107313e+00  1.4384838e-11
3.758985867e+00  1.4208471e-11
3.760865360e+00  1.4187338e-11
3.762745793e+00  1.3895789e-11
3.764627166e+00  1.2516541e-11
3.766509479e+00  1.3484317e-11
3.768392734e+00  1.4123645e-11
3.770276930e+00  1.3302718e-11
3.772162069e+00  1.3385322e-11
3.774048150e+00  1.3397040e-11
3.775935174e+00  1.3941436e-11
3.777823141e+00  1.3601453e-11
3.779712053e+00  1.2992671e-11
3.781601909e+00  1.3672957e-11
3.783492710e+00  1.3641459e-11
3.785384456e+00  1.3176017e-11
3.787277149e+00  1.3609858e-11
3.789170787e+00  1.2695755e-11
3.791065372e+00  1.2849634e-11
3.792960905e+00  1.3473865e-11
3.794857386e+00  1.3087163e-11
3.796754814e+00  1.2822578e-11
3.798653192e+00  1.2712267e-11
3.800552518e+00  1.2892570e-11
3.802452795e+00  1.3339871e-11
3.804354021e+00  1.2791024e-11
3.806256198e+00  1.3342746e-11
3.808159326e+00  1.2821188e-11
3.810063406e+00  1.3347091e-11
3.811968437e+00  1.2913789e-11
3.813874422e+00  1.2949750e-11
3.815781359e+00  1.3214301e-11
3.817689250e+00  1.2772951e-11
3.819598094e+00  1.2067837e-11
3.821507893e+00  1.3146029e-11
3.823418647e+00  1.2857078e-11
3.825330357e+00  1.2154136e-11
3.827243022e+00  1.3052816e-11
3.829156643e+00  1.3028038e-11
3.831071222e+00  1.2642877e-11
3.832986757e+00  1.2579884e-11
3.834903251e+00  1.2395246e-11
3.836820702e+00  1.2731711e-11
3.838739112e+00  1.2499650e-11
3.840658482e+00  1.1494222e-11
3.842578811e+00  1.1295729e-11
3.844500101e+00  1.2052934e-11
3.846422351e+00  9.9546416e-12
3.848345562e+00  1.1250022e-11
3.850269735e+00  1.2061025e-11
3.852194870e+00  1.2289051e-11
3.854120967e+00  1.2468513e-11
3.856048027e+00  1.2230599e-11
3.857976051e+00  1.2462057e-11
3.859905040e+00  1.2394770e-11
3.861834992e+00  1.2196313e-11
3.863765910e+00  1.1883068e-11
3.865697792e+00  1.2024077e-11
3.867630641e+00  1.1904525e-11
3.869564457e+00  1.1795201e-11
3.871499239e+00  1.1820085e-11
3.873434989e+00  1.1742688e-11
3.875371706e+00  1.2139919e-11
3.877309392e+00  1.1668316e-11
3.879248047e+00  1.1779865e-11
3.881187671e+00  1.1809650e-11
3.883128264e+00  1.1862185e-11
3.885069829e+00  1.1591606e-11
3.887012364e+00  1.1863170e-11
3.888955870e+00  1.1731967e-11
3.890900348e+00  1.0981818e-11
3.892845798e+00  1.0926092e-11
3.894792221e+00  1.1327162e-11
3.896739617e+00  1.1771800e-11
3.898687987e+00  1.1791355e-11
3.900637331e+00  1.1318271e-11
3.902587649e+00  1.1265234e-11
3.904538943e+00  1.1230726e-11
3.906491213e+00  1.0890901e-11
3.908444458e+00  1.1527450e-11
3.910398680e+00  9.1397934e-12
3.912353880e+00  1.1438307e-11
3.914310057e+00  1.1492230e-11
3.916267212e+00  1.1263489e-11
3.918225345e+00  1.1360828e-11
3.920184458e+00  1.1294950e-11
3.922144550e+00  1.1252255e-11
3.924105622e+00  1.1208039e-11
3.926067675e+00  1.0533886e-11
3.928030709e+00  1.0344210e-11
3.929994724e+00  1.1206670e-11
3.931959722e+00  1.1065126e-11
3.933925702e+00  1.1220137e-11
3.935892665e+00  1.1186033e-11
3.937860611e+00  1.1022900e-11
3.939829541e+00  1.1056527e-11
3.941799456e+00  1.0083977e-11
3.943770356e+00  1.0955480e-11
3.945742241e+00  1.1000870e-11
3.947715112e+00  1.0974472e-11
3.949688970e+00  1.0953065e-11
3.951663814e+00  1.0825291e-11
3.953639646e+00  1.0339814e-11
3.955616466e+00  1.0768318e-11
3.957594274e+00  1.0440653e-11
3.959573071e+00  1.0558830e-11
3.961552858e+00  1.0799470e-11
3.963533634e+00  1.0772256e-11
3.965515401e+00  1.0729315e-11
3.967498159e+00  1.0699951e-11
3.969481908e+00  1.0674635e-11
3.971466649e+00  1.0640609e-11
3.973452382e+00  1.0577581e-11
3.975439108e+00  9.5845931e-12
3.977426828e+00  1.0367209e-11
3.979415541e+00  9.9625081e-12
3.981405249e+00  9.4308607e-12
3.983395952e+00  1.0451082e-11
3.985387650e+00  1.0435201e-11
3.987380343e+00  1.0426249e-11
3.989374034e+00  1.0404455e-11
3.991368721e+00  1.0351521e-11
3.993364405e+00  1.0193611e-11
3.995361087e+00  1.0180532e-11
3.997358768e+00  1.0284011e-11
3.999357447e+00  1.0208278e-11
4.001357126e+00  1.0188534e-11
4.003357804e+00  1.0197593e-11
4.005359483e+00  1.0159455e-11
4.007362163e+00  9.5839323e-12
4.009365844e+00  8.7908178e-12
4.011370527e+00  1.0028024e-11
4.013376212e+00  1.0004785e-11
4.015382900e+00  9.9713356e-12
4.017390592e+00  1.0010760e-11
4.019399287e+00  9.9852962e-12
4.021408987e+00  9.9591400e-12
4.023419691e+00  9.9324171e-12
4.025431401e+00  9.8564668e-12
4.027444117e+00  9.8158130e-12
4.029457839e+00  9.8309250e-12
4.031472568e+00  9.8138515e-12
4.033488304e+00  9.7656611e-12
4.035505048e+00  8.9693064e-12
4.037522801e+00  9.6254117e-12
4.039541562e+00  9.7086756e-12
4.041561333e+00  9.1485787e-12
4.043582114e+00  9.2394427e-12
4.045603905e+00  9.5567085e-12
4.047626707e+00  9.6085893e-12
4.049650520e+00  9.5877459e-12
4.051675345e+00  9.5480683e-12
4.053701183e+00  9.4935927e-12
4.055728033e+00  9.4489060e-12
4.057755897e+00  9.4708027e-12
4.059784775e+00  9.4522125e-12
4.061814668e+00  9.4242880e-12
4.063845575e+00  9.3741267e-12
4.065877498e+00  9.1052975e-12
4.067910437e+00  9.3553026e-12
4.069944392e+00  9.3223180e-12
4.071979364e+00  9.2972872e-12
4.074015354e+00  9.2813571e-12
4.076052361e+00  9.0764655e-12
4.078090388e+00  9.0403669e-12
4.080129433e+00  8.9466643e-12
4.082169498e+00  9.1471847e-12
4.084210582e+00  9.1503901e-12
4.086252688e+00  9.1319452e-12
4.088295814e+00  9.1084741e-12
4.090339962e+00  9.0821753e-12
4.092385132e+00  9.0538495e-12
4.094431324e+00  8.9448249e-12
4.096478540e+00  8.8913901e-12
4.098526779e+00  8.9858177e-12
4.100576043e+00  8.9584534e-12
4.102626331e+00  8.9381747e-12
4.104677644e+00  8.9117519e-12
4.106729983e+00  8.8856550e-12
4.108783348e+00  8.8620497e-12
4.110837739e+00  8.7986224e-12
4.112893158e+00  8.5252324e-12
4.114949605e+00  8.7249175e-12
4.117007080e+00  8.4654301e-12
4.119065583e+00  8.7448568e-12
4.121125116e+00  8.7243687e-12
4.123185678e+00  8.6959509e-12
4.125247271e+00  8.6605882e-12
4.127309895e+00  8.6061598e-12
4.129373550e+00  8.6316487e-12
4.131438237e+00  8.6078240e-12
4.133503956e+00  8.5830290e-12
4.135570708e+00  8.5598430e-12
4.137638493e+00  8.5391432e-12
4.139707312e+00  8.5164806e-12
4.141777166e+00  8.4749325e-12
4.143848055e+00  8.4698173e-12
4.145919979e+00  8.4428518e-12
4.147992939e+00  8.3437699e-12
4.150066935e+00  8.3902296e-12
4.152141969e+00  8.2649382e-12
4.154218040e+00  8.2484033e-12
4.156295149e+00  8.3347147e-12
4.158373296e+00  8.2587133e-12
4.160452483e+00  8.2916679e-12
4.162532709e+00  8.2688224e-12
4.164613975e+00  8.2466246e-12
4.166696282e+00  8.2259615e-12
4.168779631e+00  8.2044362e-12
4.170864020e+00  8.1818621e-12
4.172949452e+00  8.1513424e-12
4.175035927e+00  8.1373939e-12
4.177123445e+00  8.1169877e-12
4.179212007e+00  8.0953972e-12
4.181301613e+00  8.0732699e-12
4.183392264e+00  8.0369164e-12
4.185483960e+00  7.9926746e-12
4.187576702e+00  8.0080511e-12
4.189670490e+00  7.9484588e-12
4.191765325e+00  7.9129820e-12
4.193861208e+00  7.9301643e-12
4.195958139e+00  7.9249808e-12
4.198056118e+00  7.9035771e-12
4.200155146e+00  7.8825518e-12
4.202255223e+00  7.8627504e-12
4.204356351e+00  7.8386363e-12
4.206458529e+00  7.8215773e-12
4.208561758e+00  7.7997804e-12
4.210666039e+00  7.7787289e-12
4.212771372e+00  7.7583925e-12
4.214877758e+00  7.7375953e-12
4.216985197e+00  7.7190195e-12
4.219093689e+00  7.6976324e-12
4.221203236e+00  7.6547559e-12
4.223313838e+00  7.6477298e-12
4.225425495e+00  7.6325461e-12
4.227538207e+00  7.6012863e-12
4.229651977e+00  7.5693888e-12
4.231766803e+00  7.5421752e-12
4.233882686e+00  7.5542492e-12
4.235999627e+00  7.5353440e-12
4.238117627e+00  7.5163261e-12
4.240236686e+00  7.4981919e-12
4.242356804e+00  7.4797039e-12
4.244477983e+00  7.4601619e-12
4.246600222e+00  7.4394478e-12
4.248723522e+00  7.4168422e-12
4.250847884e+00  7.3995628e-12
4.252973307e+00  7.3819917e-12
4.255099794e+00  7.3629373e-12
4.257227344e+00  7.3430823e-12
4.259355958e+00  7.3068995e-12
4.261485636e+00  7.3018602e-12
4.263616379e+00  7.2847194e-12
4.265748187e+00  7.2647954e-12
4.267881061e+00  7.2435598e-12
4.270015001e+00  7.2226378e-12
4.272150009e+00  7.2012742e-12
4.274286084e+00  7.1917274e-12
4.276423227e+00  7.1721555e-12
4.278561438e+00  7.1548388e-12
4.280700719e+00  7.1363000e-12
4.282841070e+00  7.1176901e-12
4.284982490e+00  7.0995372e-12
4.287124981e+00  7.0811825e-12
4.289268544e+00  7.0616120e-12
4.291413178e+00  7.0447272e-12
4.293558885e+00  7.0253416e-12
4.295705664e+00  7.0085071e-12
4.297853517e+00  6.9880362e-12
4.300002444e+00  6.9724019e-12
4.302152445e+00  6.9538676e-12
4.304303521e+00  6.9348979e-12
4.306455673e+00  6.9150721e-12
4.308608901e+00  6.8995334e-12
4.310763205e+00  6.8821656e-12
4.312918587e+00  6.8602495e-12
4.315075046e+00  6.8448476e-12
4.317232584e+00  6.8154985e-12
4.319391200e+00  6.8082896e-12
4.321550896e+00  6.7931400e-12
4.323711671e+00  6.7764752e-12
4.325873527e+00  6.7597474e-12
4.328036464e+00  6.7428753e-12
4.330200482e+00  6.7258321e-12
4.332365582e+00  6.7085176e-12
4.334531765e+00  6.6915124e-12
4.336699031e+00  6.6723580e-12
4.338867380e+00  6.6574612e-12
4.341036814e+00  6.6407760e-12
4.343207332e+00  6.6237680e-12
4.345378936e+00  6.6056919e-12
4.347551625e+00  6.5886311e-12
4.349725401e+00  6.5720831e-12
4.351900264e+00  6.5565442e-12
4.354076214e+00  6.5375717e-12
4.356253252e+00  6.5230921e-12
4.358431379e+00  6.5064043e-12
4.360610595e+00  6.4873082e-12
4.362790900e+00  6.4737688e-12
4.364972295e+00  6.4577812e-12
4.367154781e+00  6.4410895e-12
4.369338359e+00  6.4252863e-12
4.371523028e+00  6.4072516e-12
4.373708790e+00  6.3878387e-12
4.375895644e+00  6.3757484e-12
4.378083592e+00  6.3597048e-12
4.380272634e+00  6.3449146e-12
4.382462770e+00  6.3280821e-12
4.384654001e+00  6.3106245e-12
4.386846328e+00  6.2896646e-12
4.389039751e+00  6.2817671e-12
4.391234271e+00  6.2651401e-12
4.393429888e+00  6.2475897e-12
4.395626603e+00  6.2332510e-12
4.397824417e+00  6.2134958e-12
4.400023329e+00  6.1949434e-12
4.402223341e+00  6.1884314e-12
4.404424452e+00  6.1728307e-12
4.406626664e+00  6.1571188e-12
4.408829978e+00  6.1387141e-12
4.411034393e+00  6.1204923e-12
4.413239910e+00  6.0981058e-12
4.415446530e+00  6.0967355e-12
4.417654253e+00  6.0818474e-12
4.419863080e+00  6.0667133e-12
4.422073012e+00  6.0508979e-12
4.424284048e+00  6.0299128e-12
4.426496190e+00  5.9999678e-12
4.428709438e+00  6.0062687e-12
4.430923793e+00  5.9919922e-12
4.433139255e+00  5.9750811e-12
4.435355825e+00  5.9619198e-12
4.437573503e+00  5.9445993e-12
4.439792289e+00  5.9104402e-12
4.442012186e+00  5.9157000e-12
4.444233192e+00  5.9042250e-12
4.446455308e+00  5.8903758e-12
4.448678536e+00  5.8758829e-12
4.450902875e+00  5.8612551e-12
4.453128327e+00  5.8344565e-12
4.455354891e+00  5.8229102e-12
4.457582568e+00  5.8182066e-12
4.459811359e+00  5.8042161e-12
4.462041265e+00  5.7902460e-12
4.464272286e+00  5.7767282e-12
4.466504422e+00  5.7615103e-12
4.468737674e+00  5.7237873e-12
4.470972043e+00  5.7342821e-12
4.473207529e+00  5.7209443e-12
4.475444133e+00  5.7069714e-12
4.477681855e+00  5.6931686e-12
4.479920696e+00  5.6796957e-12
4.482160656e+00  5.6584859e-12
4.484401736e+00  5.6428916e-12
4.486643937e+00  5.6388996e-12
4.488887259e+00  5.6251122e-12
4.491131703e+00  5.6119232e-12
4.493377269e+00  5.5981979e-12
4.495623957e+00  5.5851516e-12
4.497871769e+00  5.5641910e-12
4.500120705e+00  5.5567115e-12
4.502370766e+00  5.5455069e-12
4.504621951e+00  5.5322346e-12
4.506874262e+00  5.5186655e-12
4.509127699e+00  5.5060895e-12
4.511382263e+00  5.4929676e-12
4.513637954e+00  5.4723907e-12
4.515894773e+00  5.4667529e-12
4.518152720e+00  5.4540850e-12
4.520411797e+00  5.4410129e-12
4.522672003e+00  5.4278252e-12
4.524933339e+00  5.4153107e-12
4.527195805e+00  5.4018423e-12
4.529459403e+00  5.3882771e-12
4.531724133e+00  5.3773087e-12
4.533989995e+00  5.3643056e-12
4.536256990e+00  5.3524499e-12
4.538525119e+00  5.3401904e-12
4.540794381e+00  5.3276233e-12
4.543064778e+00  5.3144902e-12
4.545336311e+00  5.2323642e-12
4.547608979e+00  5.2524777e-12
4.549882783e+00  5.2660379e-12
4.552157725e+00  5.2606529e-12
4.554433804e+00  5.2521876e-12
4.556711020e+00  5.2401659e-12
4.558989376e+00  5.2293172e-12
4.561268871e+00  5.2156510e-12
4.563549505e+00  5.2054997e-12
4.565831280e+00  5.1938165e-12
4.568114195e+00  5.1819538e-12
4.570398253e+00  5.1700043e-12
4.572683452e+00  5.1570130e-12
4.574969793e+00  5.1455147e-12
4.577257278e+00  5.1280836e-12
4.579545907e+00  5.1229542e-12
4.581835680e+00  5.1112370e-12
4.584126598e+00  5.0958104e-12
4.586418661e+00  5.0882193e-12
4.588711870e+00  5.0766908e-12
4.591006226e+00  5.0652204e-12
4.593301729e+00  5.0495251e-12
4.595598380e+00  5.0408446e-12
4.597896179e+00  5.0310087e-12
4.600195128e+00  5.0197666e-12
4.602495225e+00  5.0083110e-12
4.604796473e+00  4.9876817e-12
4.607098871e+00  4.9856702e-12
4.609402420e+00  4.9733986e-12
4.611707122e+00  4.9551254e-12
4.614012975e+00  4.9527463e-12
4.616319982e+00  4.9418116e-12
4.618628142e+00  4.9308339e-12
4.620937456e+00  4.9194911e-12
4.623247924e+00  4.9085592e-12
4.625559548e+00  4.8894938e-12
4.627872328e+00  4.8717387e-12
4.630186264e+00  4.8762858e-12
4.632501358e+00  4.8658488e-12
4.634817608e+00  4.8551151e-12
4.637135017e+00  4.8424233e-12
4.639453584e+00  4.8338529e-12
4.641773311e+00  4.8232763e-12
4.644094198e+00  4.8045098e-12
4.646416245e+00  4.7922239e-12
4.648739453e+00  4.7916275e-12
4.651063823e+00  4.7815775e-12
4.653389355e+00  4.7710864e-12
4.655716049e+00  4.7570312e-12
4.658043908e+00  4.7501828e-12
4.660372929e+00  4.7253388e-12
4.662703116e+00  4.7216534e-12
4.665034467e+00  4.7184851e-12
4.667366985e+00  4.7098420e-12
4.669700668e+00  4.6998635e-12
4.672035519e+00  4.6896770e-12
4.674371536e+00  4.6752637e-12
4.676708722e+00  4.6638728e-12
4.679047076e+00  4.6426365e-12
4.681386600e+00  4.6109796e-12
4.683727293e+00  4.6395201e-12
4.686069157e+00  4.6304947e-12
4.688412191e+00  4.6207214e-12
4.690756398e+00  4.6109914e-12
4.693101776e+00  4.6013722e-12
4.695448327e+00  4.5914286e-12
4.697796051e+00  4.5805940e-12
4.700144949e+00  4.5668306e-12
4.702495021e+00  4.5627799e-12
4.704846269e+00  4.5443224e-12
4.707198692e+00  4.5393330e-12
4.709552291e+00  4.5344073e-12
4.711907067e+00  4.5247672e-12
4.714263021e+00  4.5087180e-12
4.716620153e+00  4.5056083e-12
4.718978463e+00  4.4937727e-12
4.721337952e+00  4.4881985e-12
4.723698621e+00  4.4789291e-12
4.726060470e+00  4.4673613e-12
4.728423500e+00  4.4411772e-12
4.730787712e+00  4.4509910e-12
4.733153106e+00  4.4425909e-12
4.735519683e+00  4.4330686e-12
4.737887442e+00  4.4229998e-12
4.740256386e+00  4.4157617e-12
4.742626514e+00  4.4069423e-12
4.744997828e+00  4.3971188e-12
4.747370326e+00  4.3667150e-12
4.749744012e+00  4.3784285e-12
4.752118884e+00  4.3716707e-12
4.754494943e+00  4.3627388e-12
4.756872191e+00  4.3535294e-12
4.759250627e+00  4.3437101e-12
4.761630252e+00  4.3290617e-12
4.764011067e+00  4.3286132e-12
4.766393073e+00  4.3131050e-12
4.768776269e+00  4.3076820e-12
4.771160657e+00  4.3032065e-12
4.773546238e+00  4.2946905e-12
4.775933011e+00  4.2862004e-12
4.778320977e+00  4.2777849e-12
4.780710138e+00  4.2695789e-12
4.783100493e+00  4.2377912e-12
4.785492043e+00  4.1988455e-12
4.787884789e+00  4.2448111e-12
4.790278731e+00  4.2215282e-12
4.792673871e+00  4.2288188e-12
4.795070208e+00  4.2208274e-12
4.797467743e+00  4.2127196e-12
4.799866477e+00  4.2049441e-12
4.802266410e+00  4.1894260e-12
4.804667543e+00  4.1883539e-12
4.807069877e+00  4.1809844e-12
4.809473412e+00  4.1712013e-12
4.811878149e+00  4.1640774e-12
4.814284088e+00  4.1574602e-12
4.816691230e+00  4.1495569e-12
4.819099575e+00  4.1386921e-12
4.821509125e+00  4.0948051e-12
4.823919880e+00  4.1189398e-12
4.826331840e+00  4.1161795e-12
4.828745006e+00  4.1115467e-12
4.831159378e+00  4.1040451e-12
4.833574958e+00  4.0964755e-12
4.835991745e+00  4.0886691e-12
4.838409741e+00  4.0796945e-12
4.840828946e+00  4.0139068e-12
4.843249360e+00  3.9077252e-12
4.845670985e+00  4.0579519e-12
4.848093821e+00  4.0514104e-12
4.850517867e+00  4.0424451e-12
4.852943126e+00  3.9036124e-12
4.855369598e+00  4.0278798e-12
4.857797283e+00  4.0228170e-12
4.860226181e+00  4.0161148e-12
4.862656295e+00  4.0091217e-12
4.865087623e+00  4.0020799e-12
4.867520166e+00  3.9948497e-12
4.869953927e+00  3.9871812e-12
4.872388904e+00  3.9810858e-12
4.874825098e+00  3.9740712e-12
4.877262511e+00  3.9671286e-12
4.879701142e+00  3.9602633e-12
4.882140992e+00  3.9533716e-12
4.884582063e+00  3.9453241e-12
4.887024354e+00  3.9337703e-12
4.889467866e+00  3.9308427e-12
4.891912600e+00  3.7518838e-12
4.894358556e+00  3.9126942e-12
4.896805736e+00  3.8756352e-12
4.899254138e+00  3.7594293e-12
4.901703765e+00  3.8978578e-12
4.904154617e+00  3.8928346e-12
4.906606695e+00  3.8815958e-12
4.909059998e+00  3.8777968e-12
4.911514528e+00  3.8738816e-12
4.913970285e+00  3.8672059e-12
4.916427270e+00  3.8586621e-12
4.918885484e+00  3.8548592e-12
4.921344927e+00  3.8485304e-12
4.923805599e+00  3.8421840e-12
4.926267502e+00  3.8352425e-12
4.928730636e+00  3.8292399e-12
4.931195001e+00  3.8193594e-12
4.933660599e+00  3.6858616e-12
4.936127429e+00  3.8074263e-12
4.938595493e+00  3.8044673e-12
4.941064790e+00  3.7969227e-12
4.943535323e+00  3.7737653e-12
4.946007090e+00  3.7862107e-12
4.948480094e+00  3.7783595e-12
4.950954334e+00  3.7528655e-12
4.953429811e+00  3.5810602e-12
4.955906526e+00  3.7320937e-12
4.958384479e+00  3.3766281e-12
4.960863672e+00  3.7435399e-12
4.963344103e+00  3.7433891e-12
4.965825776e+00  3.7393777e-12
4.968308688e+00  3.7338198e-12
4.970792843e+00  3.7283305e-12
4.973278239e+00  3.7219181e-12
4.975764878e+00  3.6788350e-12
4.978252761e+00  3.6965179e-12
4.980741887e+00  3.6564442e-12
4.983232258e+00  3.6999252e-12
4.985723874e+00  3.6926161e-12
4.988216736e+00  3.6896311e-12
4.990710844e+00  3.6840678e-12
4.993206200e+00  3.6784265e-12
4.995702803e+00  3.6728256e-12
4.998200654e+00  3.6658658e-12
5.000699755e+00  3.6332753e-12
5.003200105e+00  3.4953832e-12
5.005701705e+00  3.6483768e-12
5.008204556e+00  3.6449842e-12
5.010708658e+00  3.6394031e-12
5.013214012e+00  3.6314256e-12
5.015720619e+00  3.5511176e-12
5.018228479e+00  3.2131451e-12
5.020737594e+00  3.0536810e-12
5.023247962e+00  3.5990479e-12
5.025759586e+00  3.6015371e-12
5.028272466e+00  3.2005667e-12
5.030786602e+00  3.5683177e-12
5.033301996e+00  3.5906361e-12
5.035818647e+00  3.5895887e-12
5.038336556e+00  3.5842153e-12
5.040855724e+00  3.5811981e-12
5.043376152e+00  3.5757281e-12
5.045897840e+00  3.5717651e-12
5.048420789e+00  3.5632230e-12
5.050945000e+00  3.5625912e-12
5.053470472e+00  3.5578110e-12
5.055997207e+00  3.5515826e-12
5.058525206e+00  3.5353449e-12
5.061054469e+00  3.5032685e-12
5.063584996e+00  3.5386740e-12
5.066116788e+00  3.5344868e-12
5.068649847e+00  3.5298427e-12
5.071184172e+00  3.5250214e-12
5.073719764e+00  3.5197680e-12
5.076256624e+00  3.5133778e-12
5.078794752e+00  3.5013643e-12
5.081334149e+00  3.1995144e-12
5.083874816e+00  3.2698581e-12
5.086416754e+00  3.2703312e-12
5.088959962e+00  3.4880328e-12
5.091504442e+00  3.4878355e-12
5.094050194e+00  3.4843119e-12
5.096597219e+00  3.4731349e-12
5.099145518e+00  3.3595607e-12
5.101695091e+00  3.4695880e-12
5.104245938e+00  3.4679672e-12
5.106798061e+00  3.4633782e-12
5.109351460e+00  3.4522163e-12
5.111906136e+00  3.3663023e-12
5.114462089e+00  3.2045336e-12
5.117019320e+00  3.4408912e-12
5.119577830e+00  3.4436622e-12
5.122137619e+00  3.4400025e-12
5.124698688e+00  3.4242991e-12
5.127261037e+00  3.4288627e-12
5.129824667e+00  3.4217976e-12
5.132389580e+00  3.4185404e-12
5.134955775e+00  3.3908264e-12
5.137523252e+00  2.7559634e-12
5.140092014e+00  2.8926027e-12
5.142662060e+00  3.3664716e-12
5.145233391e+00  3.2456655e-12
5.147806008e+00  2.0456585e-12
5.150379911e+00  3.2805234e-12
5.152955101e+00  3.3782585e-12
5.155531578e+00  3.3842201e-12
5.158109344e+00  3.3821893e-12
5.160688399e+00  3.3798336e-12
5.163268743e+00  3.3775831e-12
5.165850377e+00  3.3768125e-12
5.168433303e+00  3.3733898e-12
5.171017519e+00  3.3606959e-12
5.173603028e+00  3.3232851e-12
5.176189829e+00  3.3564003e-12
5.178777924e+00  3.3598195e-12
5.181367313e+00  3.3564781e-12
5.183957997e+00  3.3527814e-12
5.186549976e+00  3.3482928e-12
5.189143251e+00  3.3428884e-12
5.191737823e+00  3.3376279e-12
5.194333692e+00  3.3216731e-12
5.196930858e+00  3.2739471e-12
5.199529324e+00  2.3642357e-12
5.202129088e+00  2.9210952e-12
5.204730153e+00  3.2949363e-12
5.207332518e+00  3.2920985e-12
5.209936184e+00  3.2303031e-12
5.212541152e+00  2.1017247e-12
5.215147423e+00  2.8228925e-12
5.217754997e+00  3.2606913e-12
5.220363874e+00  3.2899802e-12
5.222974056e+00  3.2945127e-12
5.225585543e+00  3.2928905e-12
5.228198336e+00  3.2870082e-12
5.230812435e+00  3.2814536e-12
5.233427841e+00  3.1681822e-12
5.236044555e+00  2.6305475e-12
5.238662578e+00  3.2238874e-12
5.241281909e+00  2.7549001e-12
5.243902550e+00  3.2649285e-12
5.246524501e+00  3.2721937e-12
5.249147763e+00  3.2054878e-12
5.251772337e+00  3.0496772e-12
5.254398223e+00  3.2660921e-12
5.257025422e+00  3.2635667e-12
5.259653935e+00  3.2658132e-12
5.262283762e+00  3.2650691e-12
5.264914904e+00  3.2617740e-12
5.267547361e+00  3.2573535e-12
5.270181135e+00  3.2496313e-12
5.272816226e+00  3.2311626e-12
5.275452634e+00  2.4480968e-12
5.278090360e+00  3.1098677e-12
5.280729405e+00  3.2218351e-12
5.283369770e+00  3.2283539e-12
5.286011455e+00  3.2175899e-12
5.288654461e+00  3.1520131e-12
5.291298788e+00  2.0333802e-12
5.293944437e+00  2.9294792e-12
5.296591410e+00  3.1952597e-12
5.299239705e+00  3.2158885e-12
5.301889325e+00  3.2091871e-12
5.304540270e+00  3.0360673e-12
5.307192540e+00  3.0493209e-12
5.309846136e+00  3.2144467e-12
5.312501059e+00  3.2185742e-12
5.315157310e+00  3.2178063e-12
5.317814888e+00  3.2145682e-12
5.320473796e+00  3.1951001e-12
5.323134033e+00  3.2116989e-12
5.325795600e+00  3.2075973e-12
5.328458498e+00  3.1768541e-12
5.331122727e+00  3.2024370e-12
5.333788288e+00  3.1985724e-12
5.336455182e+00  3.1926321e-12
5.339123410e+00  3.1822696e-12
5.341792972e+00  3.1623874e-12
5.344463868e+00  2.9703583e-12
5.347136100e+00  2.6897148e-12
5.349809668e+00  2.0113510e-12
5.352484573e+00  2.0883956e-12
5.355160815e+00  2.7339849e-12
5.357838396e+00  2.3349991e-12
5.360517315e+00  3.1139083e-12
5.363197573e+00  3.1526973e-12
5.365879172e+00  3.1705235e-12
5.368562112e+00  3.1720436e-12
5.371246393e+00  3.1375751e-12
5.373932016e+00  3.1670117e-12
5.376618982e+00  3.1412486e-12
5.379307292e+00  3.1082939e-12
5.381996945e+00  3.1327536e-12
5.384687944e+00  3.1693705e-12
5.387380288e+00  3.1466715e-12
5.390073978e+00  3.1672234e-12
5.392769015e+00  3.1485989e-12
5.395465399e+00  3.1600463e-12
5.398163132e+00  3.0887940e-12
5.400862214e+00  3.1539064e-12
5.403562645e+00  3.1499420e-12
5.406264426e+00  3.1405840e-12
5.408967558e+00  3.0968983e-12
5.411672042e+00  2.5197454e-12
5.414377878e+00  3.0536068e-12
5.417085067e+00  2.8762675e-12
5.419793609e+00  2.2588968e-12
5.422503506e+00  1.7201081e-12
5.425214758e+00  2.7122361e-12
5.427927365e+00  2.8874453e-12
5.430641329e+00  3.0909994e-12
5.433356650e+00  3.1138993e-12
5.436073328e+00  3.1035229e-12
5.438791365e+00  3.1139739e-12
5.441510760e+00  2.7480567e-12
5.444231516e+00  2.8877066e-12
5.446953632e+00  3.0826933e-12
5.449677108e+00  3.0352128e-12
5.452401947e+00  3.1101053e-12
5.455128148e+00  3.0761348e-12
5.457855712e+00  3.0533344e-12
5.460584640e+00  2.8594344e-12
5.463314932e+00  1.8776803e-12
5.466046590e+00  1.9720329e-12
5.468779613e+00  2.7488217e-12
5.471514003e+00  3.0274869e-12
5.474249760e+00  3.0222696e-12
5.476986885e+00  2.5362434e-12
5.479725378e+00  2.4508463e-12
5.482465241e+00  3.0351682e-12
5.485206473e+00  2.9730734e-12
5.487949077e+00  3.0735664e-12
5.490693051e+00  3.1109767e-12
5.493438398e+00  3.1215543e-12
5.496185117e+00  3.1272587e-12
5.498933209e+00  3.1271587e-12
5.501682676e+00  3.0087352e-12
5.504433517e+00  3.1211961e-12
5.507185734e+00  3.1182514e-12
5.509939327e+00  3.1230576e-12
5.512694297e+00  3.1186207e-12
5.515450644e+00  3.0980539e-12
5.518208369e+00  2.9282508e-12
5.520967473e+00  2.7147915e-12
5.523727957e+00  2.5415177e-12
5.526489821e+00  3.0553012e-12
5.529253066e+00  3.0859496e-12
5.532017692e+00  2.8932560e-12
5.534783701e+00  3.1095978e-12
5.537551093e+00  3.0672418e-12
5.540319869e+00  2.9690398e-12
5.543090029e+00  3.1029839e-12
5.545861574e+00  3.0347164e-12
5.548634504e+00  2.8248809e-12
5.551408822e+00  2.8747719e-12
5.554184526e+00  2.7450466e-12
5.556961618e+00  2.1999051e-12
5.559740099e+00  2.9378355e-12
5.562519969e+00  3.0500742e-12
5.565301229e+00  2.9587348e-12
5.568083880e+00  2.5424351e-12
5.570867922e+00  2.8917026e-12
5.573653356e+00  2.8248396e-12
5.576440182e+00  2.1619796e-12
5.579228403e+00  2.1272977e-12
5.582018017e+00  2.5055818e-12
5.584809026e+00  2.7667679e-12
5.587601430e+00  3.0221024e-12
5.590395231e+00  3.0434865e-12
5.593190429e+00  3.0817051e-12
5.595987024e+00  3.0973799e-12
5.598785017e+00  3.0925392e-12
5.601584410e+00  2.6212033e-12
5.604385202e+00  2.9898892e-12
5.607187395e+00  3.0375669e-12
5.609990988e+00  3.0560898e-12
5.612795984e+00  2.9325009e-12
5.615602382e+00  2.1959481e-12
5.618410183e+00  2.9243717e-12
5.621219388e+00  2.9377104e-12
5.624029998e+00  3.0598994e-12
5.626842013e+00  3.0512020e-12
5.629655434e+00  2.8591641e-12
5.632470261e+00  2.5950410e-12
5.635286497e+00  2.8196794e-12
5.638104140e+00  2.3757161e-12
5.640923192e+00  2.0305178e-12
5.643743654e+00  2.1426191e-12
5.646565525e+00  2.2854281e-12
5.649388808e+00  2.8480694e-12
5.652213503e+00  2.9707291e-12
5.655039609e+00  2.3491148e-12
5.657867129e+00  2.9795480e-12
5.660696063e+00  3.0781328e-12
5.663526411e+00  3.0841110e-12
5.666358174e+00  3.0625596e-12
5.669191353e+00  3.0230925e-12
5.672025949e+00  2.9171819e-12
5.674861962e+00  2.2304123e-12
5.677699393e+00  2.6218467e-12
5.680538242e+00  3.0289076e-12
5.683378511e+00  3.0795991e-12
5.686220201e+00  2.9928443e-12
5.689063311e+00  2.9737739e-12
5.691907842e+00  2.3948713e-12
5.694753796e+00  3.0131834e-12
5.697601173e+00  3.0981291e-12
5.700449974e+00  3.0924331e-12
5.703300199e+00  3.0547033e-12
5.706151849e+00  2.9465395e-12
5.709004925e+00  2.3301663e-12
5.711859427e+00  2.6729547e-12
5.714715357e+00  2.7241260e-12
5.717572715e+00  2.3339637e-12
5.720431501e+00  2.5143929e-12
5.723291717e+00  2.4546089e-12
5.726153363e+00  2.8335023e-12
5.729016439e+00  2.8762472e-12
5.731880948e+00  2.9116426e-12
5.734746888e+00  2.5716037e-12
5.737614261e+00  2.7441731e-12
5.740483069e+00  2.9955516e-12
5.743353310e+00  2.7938135e-12
5.746224987e+00  2.3003299e-12
5.749098099e+00  2.4380383e-12
5.751972648e+00  2.8693422e-12
5.754848635e+00  2.8314015e-12
5.757726059e+00  2.9590708e-12
5.760604922e+00  2.7374629e-12
5.763485224e+00  2.3102292e-12
5.766366967e+00  2.3204693e-12
5.769250151e+00  2.3509888e-12
5.772134776e+00  2.6886504e-12
5.775020843e+00  3.0070073e-12
5.777908353e+00  2.7815341e-12
5.780797308e+00  2.5709854e-12
5.783687706e+00  3.0958657e-12
5.786579550e+00  3.1348970e-12
5.789472840e+00  3.1152305e-12
5.792367576e+00  3.0743698e-12
5.795263760e+00  3.1520786e-12
5.798161392e+00  3.1414329e-12
5.801060473e+00  2.7807130e-12
5.803961003e+00  3.0928031e-12
5.806862983e+00  3.1198612e-12
5.809766415e+00  3.0807525e-12
5.812671298e+00  3.0279991e-12
5.815577634e+00  2.7503028e-12
5.818485423e+00  2.3951282e-12
5.821394665e+00  2.4014527e-12
5.824305363e+00  2.5640484e-12
5.827217515e+00  2.7805008e-12
5.830131124e+00  2.4797708e-12
5.833046190e+00  2.6454481e-12
5.835962713e+00  2.9857211e-12
5.838880694e+00  3.0791061e-12
5.841800134e+00  3.1335208e-12
5.844721035e+00  3.0359674e-12
5.847643395e+00  2.8636714e-12
5.850567217e+00  3.1220597e-12
5.853492500e+00  3.0792213e-12
5.856419247e+00  2.8232981e-12
5.859347456e+00  2.5009383e-12
5.862277130e+00  2.7139522e-12
5.865208268e+00  2.6521823e-12
5.868140873e+00  2.7353630e-12
5.871074943e+00  2.9787349e-12
5.874010481e+00  2.8938202e-12
5.876947486e+00  2.5951028e-12
5.879885960e+00  2.4875546e-12
5.882825903e+00  2.5024969e-12
5.885767315e+00  2.6604855e-12
5.888710199e+00  2.7964415e-12
5.891654554e+00  2.6752419e-12
5.894600381e+00  2.5611326e-12
5.897547682e+00  2.5345704e-12
5.900496456e+00  2.8127757e-12
5.903446704e+00  3.0098511e-12
5.906398427e+00  3.1127094e-12
5.909351626e+00  3.0628233e-12
5.912306302e+00  3.1464334e-12
5.915262455e+00  2.8720311e-12
5.918220087e+00  2.9947596e-12
5.921179197e+00  2.9947244e-12
5.924139786e+00  2.9660669e-12
5.927101856e+00  3.0576283e-12
5.930065407e+00  2.9089353e-12
5.933030440e+00  2.6458004e-12
5.935996955e+00  2.6107758e-12
5.938964953e+00  2.6393652e-12
5.941934436e+00  2.7050461e-12
5.944905403e+00  3.0331990e-12
5.947877856e+00  3.1057267e-12
5.950851795e+00  2.9027941e-12
5.953827221e+00  3.0027909e-12
5.956804134e+00  3.2010417e-12
5.959782536e+00  3.1326900e-12
5.962762428e+00  3.1517697e-12
5.965743809e+00  2.9496180e-12
5.968726681e+00  2.6835925e-12
5.971711044e+00  2.8806221e-12
5.974696900e+00  3.1440387e-12
5.977684248e+00  3.1321040e-12
5.980673090e+00  2.9184613e-12
5.983663427e+00  2.8406817e-12
5.986655258e+00  2.9469011e-12
5.989648586e+00  2.7349865e-12
5.992643410e+00  2.8271352e-12
5.995639732e+00  3.0727737e-12
5.998637552e+00  3.2292825e-12
6.001636871e+00  3.2486934e-12
6.004637689e+00  3.2488454e-12
6.007640008e+00  3.2278012e-12
6.010643828e+00  3.0337653e-12
6.013649150e+00  2.7915802e-12
6.016655974e+00  3.0513745e-12
6.019664302e+00  3.1459404e-12
6.022674135e+00  3.2765815e-12
6.025685472e+00  3.2872047e-12
6.028698314e+00  3.2818676e-12
6.031712663e+00  3.2763998e-12
6.034728520e+00  3.1982073e-12
6.037745884e+00  3.1715472e-12
6.040764757e+00  3.0390672e-12
6.043785139e+00  2.8592962e-12
6.046807032e+00  2.8491361e-12
6.049830435e+00  2.8448428e-12
6.052855351e+00  2.8709913e-12
6.055881778e+00  3.0072633e-12
6.058909719e+00  3.1641175e-12
6.061939174e+00  3.1790555e-12
6.064970144e+00  3.0092507e-12
6.068002629e+00  2.9319763e-12
6.071036630e+00  2.9623238e-12
6.074072148e+00  2.9296960e-12
6.077109184e+00  2.9967197e-12
6.080147739e+00  3.2144223e-12
6.083187813e+00  3.3187469e-12
6.086229407e+00  3.3397393e-12
6.089272522e+00  3.2890811e-12
6.092317158e+00  3.3608105e-12
6.095363316e+00  3.2471917e-12
6.098410998e+00  3.3325947e-12
6.101460204e+00  3.3266096e-12
6.104510934e+00  3.1533556e-12
6.107563189e+00  3.0590709e-12
6.110616971e+00  3.0883840e-12
6.113672279e+00  2.9851963e-12
6.116729115e+00  3.0113087e-12
6.119787480e+00  3.2410728e-12
6.122847374e+00  3.3407184e-12
6.125908797e+00  3.3767467e-12
6.128971752e+00  3.4029903e-12
6.132036238e+00  3.4160105e-12
6.135102256e+00  3.4162152e-12
6.138169807e+00  3.3549466e-12
6.141238892e+00  3.2035195e-12
6.144309511e+00  3.1828463e-12
6.147381666e+00  3.3761970e-12
6.150455357e+00  3.4028686e-12
6.153530584e+00  3.3961726e-12
6.156607350e+00  3.2235682e-12
6.159685653e+00  3.1066441e-12
6.162765496e+00  3.2193202e-12
6.165846879e+00  3.3980362e-12
6.168929802e+00  3.4035257e-12
6.172014267e+00  3.4470523e-12
6.175100274e+00  3.4335215e-12
6.178187825e+00  3.3998799e-12
6.181276919e+00  3.2507165e-12
6.184367557e+00  3.1426427e-12
6.187459741e+00  3.1943302e-12
6.190553471e+00  3.3587401e-12
6.193648747e+00  3.4550116e-12
6.196745572e+00  3.4832476e-12
6.199843945e+00  3.4965857e-12
6.202943867e+00  3.5097760e-12
6.206045338e+00  3.5086697e-12
6.209148361e+00  3.4890182e-12
6.212252935e+00  3.3451742e-12
6.215359062e+00  3.4864163e-12
6.218466741e+00  3.5297639e-12
6.221575975e+00  3.4050833e-12
6.224686763e+00  3.5199178e-12
6.227799106e+00  3.5461705e-12
6.230913006e+00  3.5499484e-12
6.234028462e+00  3.5495094e-12
6.237145476e+00  3.4466550e-12
6.240264049e+00  3.5495615e-12
6.243384181e+00  3.5326483e-12
6.246505873e+00  3.5326306e-12
6.249629126e+00  3.5701844e-12
6.252753941e+00  3.5645657e-12
6.255880318e+00  3.5787348e-12
6.259008258e+00  3.5786353e-12
6.262137762e+00  3.5794646e-12
6.265268831e+00  3.5481857e-12
6.268401465e+00  3.5910352e-12
6.271535666e+00  3.4895462e-12
6.274671434e+00  3.6007428e-12
6.277808770e+00  3.6051045e-12
6.280947674e+00  3.5987707e-12
6.284088148e+00  3.6001964e-12
6.287230192e+00  3.6138705e-12
6.290373807e+00  3.5852241e-12
6.293518994e+00  3.6231575e-12
6.296665753e+00  3.6209700e-12
6.299814086e+00  3.6302464e-12
6.302963993e+00  3.6342270e-12
6.306115475e+00  3.6388843e-12
6.309268533e+00  3.6430725e-12
6.312423167e+00  3.6473773e-12
6.315579379e+00  3.6513941e-12
6.318737168e+00  3.6537878e-12
6.321896537e+00  3.6612603e-12
6.325057485e+00  3.6666746e-12
6.328220014e+00  3.6723770e-12
6.331384124e+00  3.6779929e-12
6.334549816e+00  3.6786799e-12
6.337717091e+00  3.6223476e-12
6.340885950e+00  3.5520083e-12
6.344056393e+00  3.4839134e-12
6.347228421e+00  3.5534794e-12
6.350402035e+00  3.6780746e-12
6.353577236e+00  3.7096507e-12
6.356754025e+00  3.7072318e-12
6.359932402e+00  3.7218872e-12
6.363112368e+00  3.7268557e-12
6.366293924e+00  3.7009604e-12
6.369477071e+00  3.5568604e-12
6.372661810e+00  3.5837014e-12
6.375848140e+00  3.7257143e-12
6.379036064e+00  3.7518700e-12
6.382225583e+00  3.7543775e-12
6.385416695e+00  3.7587753e-12
6.388609404e+00  3.6741799e-12
6.391803708e+00  3.7049122e-12
6.394999610e+00  3.7720494e-12
6.398197110e+00  3.7841780e-12
6.401396209e+00  3.7884184e-12
6.404596907e+00  3.7557753e-12
6.407799205e+00  3.6435804e-12
6.411003105e+00  3.6391222e-12
6.414208606e+00  3.6604073e-12
6.417415711e+00  3.6534788e-12
6.420624418e+00  3.6662283e-12
6.423834731e+00  3.7805517e-12
6.427046648e+00  3.8277015e-12
6.430260171e+00  3.8137265e-12
6.433475301e+00  3.7077937e-12
6.436692039e+00  3.8349336e-12
6.439910385e+00  3.8469424e-12
6.443130340e+00  3.8411198e-12
6.446351905e+00  3.8478995e-12
6.449575081e+00  3.8354604e-12
6.452799869e+00  3.8252797e-12
6.456026269e+00  3.8625115e-12
6.459254282e+00  3.8625528e-12
6.462483909e+00  3.8665882e-12
6.465715151e+00  3.8827667e-12
6.468948009e+00  3.8863119e-12
6.472182483e+00  3.8276523e-12
6.475418574e+00  3.9163794e-12
6.478656283e+00  3.8605290e-12
6.481895611e+00  3.8614130e-12
6.485136559e+00  3.8065483e-12
6.488379127e+00  3.8682915e-12
6.491623317e+00  3.8153014e-12
6.494869129e+00  3.8398689e-12
6.498116563e+00  3.8313104e-12
6.501365622e+00  3.8952834e-12
6.504616304e+00  3.9660017e-12
6.507868612e+00  3.9674810e-12
6.511122547e+00  3.9738292e-12
6.514378108e+00  3.9822834e-12
6.517635297e+00  3.9293052e-12
6.520894115e+00  3.9028949e-12
6.524154562e+00  3.9900141e-12
6.527416639e+00  3.9965287e-12
6.530680347e+00  3.9844574e-12
6.533945688e+00  3.9717918e-12
6.537212660e+00  3.9856890e-12
6.540481267e+00  4.0036041e-12
6.543751507e+00  4.0318617e-12
6.547023383e+00  4.0160488e-12
6.550296895e+00  4.0429455e-12
6.553572043e+00  4.0229779e-12
6.556848829e+00  4.0379591e-12
6.560127254e+00  4.0679685e-12
6.563407317e+00  4.0776133e-12
6.566689021e+00  4.0023805e-12
6.569972366e+00  4.0585245e-12
6.573257352e+00  4.0006852e-12
6.576543980e+00  4.0605298e-12
6.579832252e+00  4.0984211e-12
6.583122169e+00  4.0989731e-12
6.586413730e+00  4.1187647e-12
6.589706936e+00  4.0464953e-12
6.593001790e+00  4.0835065e-12
6.596298291e+00  4.1217928e-12
6.599596440e+00  4.1263607e-12
6.602896238e+00  4.0957786e-12
6.606197686e+00  4.0793476e-12
6.609500785e+00  4.1268039e-12
6.612805536e+00  4.1382193e-12
6.616111938e+00  4.1202527e-12
6.619419994e+00  4.1448718e-12
6.622729704e+00  4.1649737e-12
6.626041069e+00  4.2026316e-12
6.629354090e+00  4.1734394e-12
6.632668767e+00  4.1748317e-12
6.635985101e+00  4.1329819e-12
6.639303094e+00  4.1672675e-12
6.642622745e+00  4.1616422e-12
6.645944057e+00  4.2481462e-12
6.649267029e+00  4.2256005e-12
6.652591662e+00  4.1979130e-12
6.655917958e+00  4.1900181e-12
6.659245917e+00  4.2178272e-12
6.662575540e+00  4.1984483e-12
6.665906828e+00  4.2362229e-12
6.669239781e+00  4.2811808e-12
6.672574401e+00  4.2463621e-12
6.675910688e+00  4.2901196e-12
6.679248644e+00  4.3075501e-12
6.682588268e+00  4.2495138e-12
6.685929562e+00  4.3175805e-12
6.689272527e+00  4.2531479e-12
6.692617163e+00  4.2135934e-12
6.695963472e+00  4.2304642e-12
6.699311453e+00  4.2264857e-12
6.702661109e+00  4.2596658e-12
6.706012440e+00  4.3373573e-12
6.709365446e+00  4.3687940e-12
6.712720129e+00  4.3565545e-12
6.716076489e+00  4.3359502e-12
6.719434527e+00  4.3431194e-12
6.722794244e+00  4.3477782e-12
6.726155641e+00  4.3713289e-12
6.729518719e+00  4.2861485e-12
6.732883478e+00  4.2449415e-12
6.736249920e+00  4.2390866e-12
6.739618045e+00  4.2782374e-12
6.742987854e+00  4.2467718e-12
6.746359348e+00  4.2632081e-12
6.749732528e+00  4.3773117e-12
6.753107394e+00  4.3115388e-12
6.756483948e+00  4.2567703e-12
6.759862190e+00  4.2566843e-12
6.763242121e+00  4.2662506e-12
6.766623742e+00  4.2867923e-12
6.770007054e+00  4.3671345e-12
6.773392057e+00  4.4641114e-12
6.776778753e+00  4.4217523e-12
6.780167143e+00  4.4346532e-12
6.783557226e+00  4.5059158e-12
6.786949005e+00  4.4971869e-12
6.790342479e+00  4.5414317e-12
6.793737651e+00  4.4969315e-12
6.797134519e+00  4.5031240e-12
6.800533087e+00  4.4139433e-12
6.803933353e+00  4.3719161e-12
6.807335320e+00  4.3588430e-12
6.810738988e+00  4.3607964e-12
6.814144357e+00  4.3871717e-12
6.817551429e+00  4.4350629e-12
6.820960205e+00  4.5371947e-12
6.824370685e+00  4.5850130e-12
6.827782870e+00  4.5936842e-12
6.831196762e+00  4.5243645e-12
6.834612360e+00  4.4555465e-12
6.838029666e+00  4.4266225e-12
6.841448681e+00  4.4208774e-12
6.844869406e+00  4.4427065e-12
6.848291840e+00  4.4957400e-12
6.851715986e+00  4.6295848e-12
6.855141844e+00  4.6730480e-12
6.858569415e+00  4.6723800e-12
6.861998700e+00  4.6580968e-12
6.865429699e+00  4.6490582e-12
6.868862414e+00  4.6928620e-12
6.872296845e+00  4.6404985e-12
6.875732994e+00  4.5535811e-12
6.879170860e+00  4.4986406e-12
6.882610446e+00  4.4901318e-12
6.886051751e+00  4.6139458e-12
6.889494777e+00  4.4780330e-12
6.892939524e+00  4.4701158e-12
6.896385994e+00  4.4630013e-12
6.899834187e+00  4.5787216e-12
6.903284104e+00  4.6311756e-12
6.906735746e+00  4.7413585e-12
6.910189114e+00  4.5607660e-12
6.913644208e+00  4.5677937e-12
6.917101030e+00  4.4820473e-12
6.920559581e+00  4.4806980e-12
6.924019861e+00  4.4996315e-12
6.927481871e+00  4.5077561e-12
6.930945612e+00  4.4986935e-12
6.934411084e+00  4.4971039e-12
6.937878290e+00  4.5507567e-12
6.941347229e+00  4.5583467e-12
6.944817903e+00  4.5379928e-12
6.948290312e+00  4.5561290e-12
6.951764457e+00  4.6044578e-12
6.955240339e+00  4.7671328e-12
6.958717959e+00  4.8479040e-12
6.962197318e+00  4.8634114e-12
6.965678417e+00  4.7657703e-12
6.969161256e+00  4.6243422e-12
6.972645837e+00  4.6131428e-12
6.976132160e+00  4.7407342e-12
6.979620226e+00  4.6013876e-12
6.983110036e+00  4.6487564e-12
6.986601591e+00  4.6205698e-12
6.990094892e+00  4.7737961e-12
6.993589939e+00  4.9169088e-12
6.997086734e+00  4.6932755e-12
7.000585277e+00  4.6514806e-12
7.004085570e+00  4.6098904e-12
7.007587613e+00  4.6084397e-12
7.011091407e+00  4.6341604e-12
7.014596952e+00  4.6799660e-12
7.018104251e+00  4.6805062e-12
7.021613303e+00  4.9395160e-12
7.025124110e+00  4.8777114e-12
7.028636672e+00  4.7065700e-12
7.032150990e+00  4.6766405e-12
7.035667065e+00  4.7145398e-12
7.039184899e+00  4.8113749e-12
7.042704491e+00  5.0200959e-12
7.046225844e+00  5.0327643e-12
7.049748957e+00  4.9292628e-12
7.053273831e+00  4.8963898e-12
7.056800468e+00  4.8157768e-12
7.060328868e+00  4.7968979e-12
7.063859033e+00  4.7081413e-12
7.067390962e+00  4.7194277e-12
7.070924658e+00  4.6927916e-12
7.074460120e+00  4.7051397e-12
7.077997350e+00  4.7194111e-12
7.081536349e+00  4.8607432e-12
7.085077117e+00  4.7691204e-12
7.088619655e+00  4.7238567e-12
7.092163965e+00  4.7860906e-12
7.095710047e+00  4.7234358e-12
7.099257902e+00  4.7237454e-12
7.102807531e+00  4.7414549e-12
7.106358935e+00  4.7429118e-12
7.109912115e+00  4.7535721e-12
7.113467071e+00  4.8339852e-12
7.117023804e+00  5.1400110e-12
7.120582316e+00  4.8870366e-12
7.124142607e+00  4.7847881e-12
7.127704678e+00  4.7752923e-12
7.131268531e+00  4.7763943e-12
7.134834165e+00  4.7904949e-12
7.138401582e+00  4.8152233e-12
7.141970783e+00  4.9006646e-12
7.145541768e+00  5.2056061e-12
7.149114539e+00  5.1047152e-12
7.152689096e+00  4.9760440e-12
7.156265441e+00  4.9094172e-12
7.159843574e+00  4.9011651e-12
7.163423496e+00  5.1758020e-12
7.167005207e+00  5.0514878e-12
7.170588710e+00  5.2704287e-12
7.174174004e+00  5.0165027e-12
7.177761091e+00  4.8845435e-12
7.181349972e+00  4.8561645e-12
7.184940647e+00  4.8510905e-12
7.188533117e+00  4.8763071e-12
7.192127384e+00  4.8937991e-12
7.195723447e+00  4.8934661e-12
7.199321309e+00  4.8864686e-12
7.202920970e+00  4.9772044e-12
7.206522430e+00  5.3012546e-12
7.210125691e+00  5.0479293e-12
7.213730754e+00  5.0185619e-12
7.217337620e+00  4.9129781e-12
7.220946288e+00  4.9344224e-12
7.224556762e+00  4.9007847e-12
7.228169040e+00  4.9862264e-12
7.231783125e+00  4.9533645e-12
7.235399016e+00  4.9330830e-12
7.239016716e+00  4.9894239e-12
7.242636224e+00  4.9392817e-12
7.246257542e+00  5.0257334e-12
7.249880671e+00  4.9766442e-12
7.253505611e+00  5.0949684e-12
7.257132364e+00  5.1186512e-12
7.260760930e+00  5.0857578e-12
7.264391311e+00  5.0222343e-12
7.268023506e+00  5.1117383e-12
7.271657518e+00  5.4138054e-12
7.275293347e+00  5.2010048e-12
7.278930993e+00  5.4319903e-12
7.282570459e+00  5.3513779e-12
7.286211744e+00  5.0717466e-12
7.289854850e+00  5.0133268e-12
7.293499777e+00  5.1714453e-12
7.297146527e+00  5.0703657e-12
7.300795101e+00  5.2594115e-12
7.304445498e+00  5.3865614e-12
7.308097721e+00  5.4848839e-12
7.311751770e+00  5.1112339e-12
7.315407646e+00  5.0668893e-12
7.319065350e+00  5.4490757e-12
7.322724882e+00  5.2350498e-12
7.326386245e+00  5.3280444e-12
7.330049438e+00  5.4813706e-12
7.333714462e+00  5.4672103e-12
7.337381320e+00  5.5294067e-12
7.341050010e+00  5.2388479e-12
7.344720535e+00  5.4754819e-12
7.348392896e+00  5.5689476e-12
7.352067092e+00  5.6313429e-12
7.355743126e+00  5.2843571e-12
7.359420997e+00  5.2801534e-12
7.363100708e+00  5.5907150e-12
7.366782258e+00  5.2962831e-12
7.370465649e+00  5.5895878e-12
7.374150882e+00  5.7004538e-12
7.377837957e+00  5.6678798e-12
7.381526876e+00  5.4432445e-12
7.385217640e+00  5.3793767e-12
7.388910249e+00  5.6609993e-12
7.392604704e+00  5.5870619e-12
7.396301006e+00  5.6629906e-12
7.399999157e+00  5.7528837e-12
7.403699156e+00  5.6126735e-12
7.407401006e+00  5.3599563e-12
7.411104706e+00  5.5377227e-12
7.414810259e+00  5.5615638e-12
7.418517664e+00  5.7626940e-12
7.422226923e+00  5.7768841e-12
7.425938036e+00  5.7664861e-12
7.429651005e+00  5.6389886e-12
7.433365831e+00  5.4849571e-12
7.437082514e+00  5.4604607e-12
7.440801055e+00  5.6173780e-12
7.444521455e+00  5.8076679e-12
7.448243716e+00  5.8175694e-12
7.451967838e+00  5.8072038e-12
7.455693822e+00  5.8139049e-12
7.459421669e+00  5.7497448e-12
7.463151380e+00  5.5980941e-12
7.466882955e+00  5.6438856e-12
7.470616397e+00  5.7743310e-12
7.474351705e+00  5.8554067e-12
7.478088881e+00  5.8729922e-12
7.481827925e+00  5.8353734e-12
7.485568839e+00  5.5958503e-12
7.489311624e+00  5.5359539e-12
7.493056279e+00  5.5905492e-12
7.496802808e+00  5.7596423e-12
7.500551209e+00  5.9211264e-12
7.504301485e+00  5.8939015e-12
7.508053635e+00  5.9349856e-12
7.511807662e+00  5.7381551e-12
7.515563566e+00  5.5674976e-12
7.519321348e+00  5.5628582e-12
7.523081008e+00  5.7100280e-12
7.526842549e+00  5.8261230e-12
7.530605970e+00  5.9736635e-12
7.534371273e+00  5.9478809e-12
7.538138459e+00  5.9750371e-12
7.541907528e+00  5.7017519e-12
7.545678482e+00  5.5763119e-12
7.549451321e+00  5.5919132e-12
7.553226047e+00  5.8289312e-12
7.557002660e+00  5.7083993e-12
7.560781161e+00  5.9782699e-12
7.564561552e+00  6.0317369e-12
7.568343832e+00  5.7705390e-12
7.572128004e+00  5.5824525e-12
7.575914068e+00  5.6603384e-12
7.579702025e+00  5.6765805e-12
7.583491876e+00  5.8355903e-12
7.587283622e+00  5.6011613e-12
7.591077264e+00  5.9175897e-12
7.594872803e+00  6.0498647e-12
7.598670239e+00  5.6792198e-12
7.602469574e+00  5.5350873e-12
7.606270809e+00  5.5453623e-12
7.610073944e+00  5.6814525e-12
7.613878981e+00  5.6935173e-12
7.617685921e+00  5.6644166e-12
7.621494764e+00  5.8595554e-12
7.625305511e+00  6.1308835e-12
7.629118164e+00  5.8231471e-12
7.632932723e+00  5.6621636e-12
7.636749189e+00  5.6723688e-12
7.640567564e+00  5.8266707e-12
7.644387848e+00  5.8861451e-12
7.648210042e+00  6.0486585e-12
7.652034147e+00  6.2027653e-12
7.655860164e+00  6.1516014e-12
7.659688094e+00  6.1597452e-12
7.663517938e+00  6.1703835e-12
7.667349697e+00  6.1837722e-12
7.671183372e+00  6.1849972e-12
7.675018963e+00  6.2068160e-12
7.678856473e+00  6.2294220e-12
7.682695901e+00  6.2189167e-12
7.686537249e+00  6.2039587e-12
7.690380518e+00  6.2551743e-12
7.694225708e+00  6.2455939e-12
7.698072821e+00  6.0031196e-12
7.701921857e+00  6.2294607e-12
7.705772818e+00  6.2626388e-12
7.709625705e+00  6.1824386e-12
7.713480517e+00  6.0781085e-12
7.717337258e+00  6.2234863e-12
7.721195926e+00  6.3098556e-12
7.725056524e+00  6.2969590e-12
7.728919053e+00  6.1732229e-12
7.732783512e+00  5.9943471e-12
7.736649904e+00  6.2123933e-12
7.740518229e+00  5.8272176e-12
7.744388488e+00  5.7306338e-12
7.748260682e+00  5.8549677e-12
7.752134813e+00  6.1244908e-12
7.756010880e+00  6.3271730e-12
7.759888885e+00  6.3719276e-12
7.763768830e+00  6.3737911e-12
7.767650714e+00  6.2553414e-12
7.771534540e+00  6.1883703e-12
7.775420307e+00  5.8603977e-12
7.779308017e+00  5.8757784e-12
7.783197671e+00  5.8935039e-12
7.787089270e+00  6.1931619e-12
7.790982815e+00  6.4084679e-12
7.794878306e+00  6.4142273e-12
7.798775745e+00  6.3830461e-12
7.802675133e+00  6.4296412e-12
7.806576471e+00  6.1345055e-12
7.810479759e+00  6.0336278e-12
7.814384999e+00  5.9633951e-12
7.818292191e+00  5.8334594e-12
7.822201337e+00  5.9471225e-12
7.826112438e+00  6.4012989e-12
7.830025494e+00  6.4958288e-12
7.833940507e+00  6.3265360e-12
7.837857477e+00  6.3619001e-12
7.841776406e+00  6.4827274e-12
7.845697294e+00  6.2428220e-12
7.849620143e+00  5.9928076e-12
7.853544953e+00  5.8860414e-12
7.857471725e+00  5.9618585e-12
7.861400461e+00  6.3237627e-12
7.865331161e+00  6.5399129e-12
7.869263827e+00  6.5291005e-12
7.873198459e+00  6.2924752e-12
7.877135058e+00  6.3671211e-12
7.881073626e+00  6.5717059e-12
7.885014162e+00  6.5811376e-12
7.888956669e+00  6.4760587e-12
7.892901148e+00  6.1010575e-12
7.896847598e+00  6.1782176e-12
7.900796022e+00  6.5662755e-12
7.904746420e+00  6.3117426e-12
7.908698793e+00  6.1139345e-12
7.912653143e+00  6.4116760e-12
7.916609469e+00  6.5457024e-12
7.920567774e+00  6.5145830e-12
7.924528058e+00  6.5952660e-12
7.928490322e+00  6.4886176e-12
7.932454567e+00  6.5751925e-12
7.936420794e+00  6.6047512e-12
7.940389005e+00  6.4889752e-12
7.944359199e+00  6.0404723e-12
7.948331379e+00  6.0441219e-12
7.952305545e+00  5.9735175e-12
7.956281697e+00  6.3986646e-12
7.960259838e+00  6.2702505e-12
7.964239968e+00  6.1077189e-12
7.968222088e+00  6.5593153e-12
7.972206199e+00  6.3029829e-12
7.976192302e+00  6.6947608e-12
7.980180398e+00  6.4081348e-12
7.984170489e+00  6.1555797e-12
7.988162574e+00  5.9907924e-12
7.992156655e+00  5.9334728e-12
7.996152734e+00  6.0034022e-12
8.000150810e+00  6.6104243e-12
8.004150885e+00  6.2822891e-12
8.008152961e+00  6.0759032e-12
8.012157037e+00  6.5632276e-12
8.016163116e+00  6.4079983e-12
8.020171197e+00  6.3489317e-12
8.024181283e+00  6.5024315e-12
8.028193374e+00  6.6740723e-12
8.032207470e+00  6.3780712e-12
8.036223574e+00  6.0620465e-12
8.040241686e+00  6.1828072e-12
8.044261807e+00  6.3991714e-12
8.048283938e+00  6.3345512e-12
8.052308079e+00  6.4784398e-12
8.056334234e+00  6.4734226e-12
8.060362401e+00  6.2848676e-12
8.064392582e+00  6.0320024e-12
8.068424778e+00  6.0415157e-12
8.072458991e+00  6.5218474e-12
8.076495220e+00  6.3831275e-12
8.080533468e+00  6.4650900e-12
8.084573734e+00  6.5025582e-12
8.088616021e+00  6.5604460e-12
8.092660329e+00  6.2085880e-12
8.096706659e+00  6.0134041e-12
8.100755013e+00  6.0086468e-12
8.104805390e+00  6.1351860e-12
8.108857793e+00  6.1975653e-12
8.112912222e+00  6.0228501e-12
8.116968678e+00  6.0227958e-12
8.121027162e+00  6.0177300e-12
8.125087676e+00  6.1133022e-12
8.129150220e+00  6.6210446e-12
8.133214795e+00  6.4665792e-12
8.137281402e+00  6.5288176e-12
8.141350043e+00  6.1410466e-12
8.145420718e+00  6.0274463e-12
8.149493428e+00  6.0312532e-12
8.153568175e+00  6.0838158e-12
8.157644959e+00  6.2561523e-12
8.161723782e+00  6.1416066e-12
8.165804643e+00  6.0455463e-12
8.169887546e+00  6.2057032e-12
8.173972490e+00  6.2497905e-12
8.178059476e+00  6.3186771e-12
8.182148506e+00  6.2551423e-12
8.186239580e+00  6.1710761e-12
8.190332700e+00  6.3564866e-12
8.194427866e+00  6.3771151e-12
8.198525080e+00  6.4330409e-12
8.202624342e+00  6.1244847e-12
8.206725655e+00  6.1899320e-12
8.210829017e+00  6.2361186e-12
8.214934432e+00  6.1406643e-12
8.219041899e+00  6.2145978e-12
8.223151420e+00  6.3175630e-12
8.227262996e+00  6.1019424e-12
8.231376627e+00  6.0976784e-12
8.235492316e+00  6.1016166e-12
8.239610062e+00  6.1103453e-12
8.243729867e+00  6.1079515e-12
8.247851732e+00  6.1643916e-12
8.251975658e+00  6.2987733e-12
8.256101645e+00  6.2202646e-12
8.260229696e+00  6.2644157e-12
8.264359811e+00  6.2827653e-12
8.268491991e+00  6.1372596e-12
8.272626237e+00  6.1416730e-12
8.276762550e+00  6.1526568e-12
8.280900931e+00  6.1673132e-12
8.285041382e+00  6.1412136e-12
8.289183903e+00  6.1485970e-12
8.293328494e+00  6.1578539e-12
8.297475159e+00  6.1535809e-12
8.301623896e+00  6.1660488e-12
8.305774708e+00  6.2200759e-12
8.309927596e+00  6.2390963e-12
8.314082559e+00  6.2336420e-12
8.318239601e+00  6.1985510e-12
8.322398720e+00  6.2496488e-12
8.326559920e+00  6.2337137e-12
8.330723200e+00  6.1837615e-12
8.334888561e+00  6.2121182e-12
8.339056006e+00  6.2100414e-12
8.343225534e+00  6.2514169e-12
8.347397146e+00  6.2097801e-12
8.351570845e+00  6.2206609e-12
8.355746630e+00  6.2131401e-12
8.359924504e+00  6.2222794e-12
8.364104466e+00  6.2125269e-12
8.368286518e+00  6.2278653e-12
8.372470662e+00  6.2200289e-12
8.376656897e+00  6.2208988e-12
8.380845225e+00  6.2445123e-12
8.385035648e+00  6.2454874e-12
8.389228166e+00  6.2583238e-12
8.393422780e+00  6.2774954e-12
8.397619491e+00  6.3221057e-12
8.401818301e+00  6.2643903e-12
8.406019210e+00  6.2503185e-12
8.410222220e+00  6.2665830e-12
8.414427331e+00  6.2572995e-12
8.418634544e+00  6.2554068e-12
8.422843862e+00  6.2816447e-12
8.427055284e+00  6.2680281e-12
8.431268811e+00  6.2939050e-12
8.435484446e+00  6.2805230e-12
8.439702188e+00  6.2888744e-12
8.443922039e+00  6.2865104e-12
8.448144000e+00  6.2792762e-12
8.452368072e+00  6.2876244e-12
8.456594256e+00  6.2905679e-12
8.460822553e+00  6.2988316e-12
8.465052965e+00  6.3088849e-12
8.469285491e+00  6.3000209e-12
8.473520134e+00  6.3056561e-12
8.477756894e+00  6.3101917e-12
8.481995772e+00  6.3102193e-12
8.486236770e+00  6.3152463e-12
8.490479889e+00  6.3625955e-12
8.494725128e+00  6.3312453e-12
8.498972491e+00  6.3226232e-12
8.503221977e+00  6.3292361e-12
8.507473588e+00  6.3282938e-12
8.511727325e+00  6.3501203e-12
8.515983189e+00  6.3572845e-12
8.520241180e+00  6.3401050e-12
8.524501301e+00  6.3527459e-12
8.528763552e+00  6.3535605e-12
8.533027933e+00  6.3488233e-12
8.537294447e+00  6.3562337e-12
8.541563095e+00  6.3579467e-12
8.545833876e+00  6.3672230e-12
8.550106793e+00  6.3693895e-12
8.554381846e+00  6.3724260e-12
8.558659037e+00  6.3799738e-12
8.562938367e+00  6.3696836e-12
8.567219836e+00  6.3721828e-12
8.571503446e+00  6.3787460e-12
8.575789198e+00  6.3891479e-12
8.580077092e+00  6.3934542e-12
8.584367131e+00  6.3976164e-12
8.588659314e+00  6.3976171e-12
8.592953644e+00  6.3958736e-12
8.597250121e+00  6.3988944e-12
8.601548746e+00  6.4015339e-12
8.605849520e+00  6.4046125e-12
8.610152445e+00  6.4075688e-12
8.614457521e+00  6.4155252e-12
8.618764750e+00  6.4156807e-12
8.623074132e+00  6.4208369e-12
8.627385669e+00  6.4231675e-12
8.631699362e+00  6.4234106e-12
8.636015212e+00  6.4255584e-12
8.640333220e+00  6.4280703e-12
8.644653386e+00  6.4304806e-12
8.648975713e+00  6.4625982e-12
8.653300201e+00  6.4455142e-12
8.657626851e+00  6.4425837e-12
8.661955664e+00  6.4486432e-12
8.666286642e+00  6.4425947e-12
8.670619785e+00  6.4508552e-12
8.674955095e+00  6.4552970e-12
8.679292573e+00  6.4553516e-12
8.683632219e+00  6.4579741e-12
8.687974035e+00  6.4709624e-12
8.692318022e+00  6.4596494e-12
8.696664181e+00  6.4633437e-12
8.701012513e+00  6.4694238e-12
8.705363020e+00  6.4705489e-12
8.709715701e+00  6.4786533e-12
8.714070559e+00  6.4791667e-12
8.718427594e+00  6.4765276e-12
8.722786808e+00  6.4801182e-12
8.727148201e+00  6.4843848e-12
8.731511776e+00  6.4878896e-12
8.735877531e+00  6.4886970e-12
8.740245470e+00  6.4939862e-12
8.744615593e+00  6.5051762e-12
8.748987901e+00  6.4974764e-12
8.753362395e+00  6.5001464e-12
8.757739076e+00  6.5024292e-12
8.762117945e+00  6.5049325e-12
8.766499004e+00  6.5089461e-12
8.770882254e+00  6.5107258e-12
8.775267695e+00  6.5153252e-12
8.779655329e+00  6.5233547e-12
8.784045157e+00  6.5182549e-12
8.788437179e+00  6.5222529e-12
8.792831398e+00  6.5324053e-12
8.797227813e+00  6.5281189e-12
8.801626427e+00  6.5359750e-12
8.806027241e+00  6.5505544e-12
8.810430254e+00  6.5410198e-12
8.814835469e+00  6.5371109e-12
8.819242887e+00  6.5390154e-12
8.823652508e+00  6.5412142e-12
8.828064335e+00  6.5451645e-12
8.832478367e+00  6.5470133e-12
8.836894606e+00  6.5513779e-12
8.841313053e+00  6.5572026e-12
8.845733710e+00  6.5580899e-12
8.850156577e+00  6.5567499e-12
8.854581655e+00  6.5593763e-12
8.859008946e+00  6.5614113e-12
8.863438450e+00  6.5660607e-12
8.867870170e+00  6.5675720e-12
8.872304105e+00  6.5735908e-12
8.876740257e+00  6.5756300e-12
8.881178627e+00  6.5738931e-12
8.885619216e+00  6.5761798e-12
8.890062026e+00  6.5787763e-12
8.894507057e+00  6.5828809e-12
8.898954310e+00  6.5887468e-12
8.903403787e+00  6.5895898e-12
8.907855489e+00  6.5939851e-12
8.912309417e+00  6.5922065e-12
8.916765572e+00  6.6003449e-12
8.921223955e+00  6.6005471e-12
8.925684567e+00  6.6002011e-12
8.930147409e+00  6.6005732e-12
8.934612483e+00  6.6054197e-12
8.939079789e+00  6.6066093e-12
8.943549329e+00  6.6126848e-12
8.948021103e+00  6.6095744e-12
8.952495114e+00  6.6117202e-12
8.956971361e+00  6.6140765e-12
8.961449847e+00  6.6184445e-12
8.965930572e+00  6.6197289e-12
8.970413537e+00  6.6218186e-12
8.974898744e+00  6.6269585e-12
8.979386194e+00  6.6270545e-12
8.983875887e+00  6.6276294e-12
8.988367825e+00  6.6296105e-12
8.992862008e+00  6.6334063e-12
8.997358439e+00  6.6380533e-12
9.001857119e+00  6.6401120e-12
9.006358047e+00  6.6394725e-12
9.010861226e+00  6.6433774e-12
9.015366657e+00  6.6432380e-12
9.019874340e+00  6.6446265e-12
9.024384277e+00  6.6471094e-12
9.028896470e+00  6.6523324e-12
9.033410918e+00  6.6532665e-12
9.037927623e+00  6.6541530e-12
9.042446587e+00  6.6570153e-12
9.046967810e+00  6.6612680e-12
9.051491294e+00  6.6603407e-12
9.056017040e+00  6.6619969e-12
9.060545048e+00  6.6638578e-12
9.065075321e+00  6.6653686e-12
9.069607859e+00  6.6695664e-12
9.074142663e+00  6.6700952e-12
9.078679734e+00  6.6754608e-12
9.083219074e+00  6.6747204e-12
9.087760683e+00  6.6753605e-12
9.092304564e+00  6.6778901e-12
9.096850716e+00  6.6798105e-12
9.101399141e+00  6.6827340e-12
9.105949841e+00  6.6830501e-12
9.110502816e+00  6.6854932e-12
9.115058067e+00  6.6875576e-12
9.119615596e+00  6.6900167e-12
9.124175404e+00  6.6909969e-12
9.128737492e+00  6.6926433e-12
9.133301860e+00  6.6942809e-12
9.137868511e+00  6.6971084e-12
9.142437446e+00  6.6988457e-12
9.147008664e+00  6.7002205e-12
9.151582169e+00  6.7016884e-12
9.156157960e+00  6.7044104e-12
9.160736039e+00  6.7055633e-12
9.165316407e+00  6.7075939e-12
9.169899065e+00  6.7093070e-12
9.174484014e+00  6.7121766e-12
9.179071256e+00  6.7128258e-12
9.183660792e+00  6.7141618e-12
9.188252622e+00  6.7172361e-12
9.192846749e+00  6.7183933e-12
9.197443172e+00  6.7191614e-12
9.202041894e+00  6.7207144e-12
9.206642915e+00  6.7224055e-12
9.211246236e+00  6.7249757e-12
9.215851859e+00  6.7260045e-12
9.220459785e+00  6.7276512e-12
9.225070015e+00  6.7289361e-12
9.229682550e+00  6.7306737e-12
9.234297391e+00  6.7323899e-12
9.238914540e+00  6.7344850e-12
9.243533997e+00  6.7353689e-12
9.248155764e+00  6.7372230e-12
9.252779842e+00  6.7392827e-12
9.257406232e+00  6.7400502e-12
9.262034935e+00  6.7424607e-12
9.266665953e+00  6.7432850e-12
9.271299286e+00  6.7446460e-12
9.275934935e+00  6.7461405e-12
9.280572903e+00  6.7478615e-12
9.285213189e+00  6.7493868e-12
9.289855796e+00  6.7509299e-12
9.294500724e+00  6.7521968e-12
9.299147974e+00  6.7534796e-12
9.303797548e+00  6.7551824e-12
9.308449447e+00  6.7573396e-12
9.313103672e+00  6.7584741e-12
9.317760223e+00  6.7591869e-12
9.322419104e+00  6.7608065e-12
9.327080313e+00  6.7624738e-12
9.331743853e+00  6.7635925e-12
9.336409725e+00  6.7649036e-12
9.341077930e+00  6.7663453e-12
9.345748469e+00  6.7673240e-12
9.350421343e+00  6.7686308e-12
9.355096554e+00  6.7701324e-12
9.359774102e+00  6.7713423e-12
9.364453989e+00  6.7726947e-12
9.369136216e+00  6.7739133e-12
9.373820784e+00  6.7751618e-12
9.378507695e+00  6.7803355e-12
9.383196949e+00  6.7778558e-12
9.387888547e+00  6.7790679e-12
9.392582491e+00  6.7800264e-12
9.397278783e+00  6.7812028e-12
9.401977422e+00  6.7824725e-12
9.406678411e+00  6.7836807e-12
9.411381750e+00  6.7854170e-12
9.416087441e+00  6.7859853e-12
9.420795485e+00  6.7873477e-12
9.425505882e+00  6.7883280e-12
9.430218635e+00  6.7894578e-12
9.434933745e+00  6.7905279e-12
9.439651211e+00  6.7916306e-12
9.444371037e+00  6.7926642e-12
9.449093222e+00  6.7937590e-12
9.453817769e+00  6.7948120e-12
9.458544678e+00  6.7959005e-12
9.463273950e+00  6.7972675e-12
9.468005587e+00  6.7979647e-12
9.472739590e+00  6.7993635e-12
9.477475960e+00  6.8000068e-12
9.482214698e+00  6.8009198e-12
9.486955805e+00  6.8019669e-12
9.491699283e+00  6.8030248e-12
9.496445133e+00  6.8039208e-12
9.501193355e+00  6.8049722e-12
9.505943952e+00  6.8057744e-12
9.510696924e+00  6.8070046e-12
9.515452272e+00  6.8075938e-12
9.520209999e+00  6.8085997e-12
9.524970104e+00  6.8094142e-12
9.529732589e+00  6.8106188e-12
9.534497455e+00  6.8111895e-12
9.539264704e+00  6.8119804e-12
9.544034336e+00  6.8129978e-12
9.548806353e+00  6.8136541e-12
9.553580756e+00  6.8144887e-12
9.558357547e+00  6.8152795e-12
9.563136726e+00  6.8160798e-12
9.567918294e+00  6.8169120e-12
9.572702253e+00  6.8176492e-12
9.577488604e+00  6.8184381e-12
9.582277348e+00  6.8192069e-12
9.587068487e+00  6.8199934e-12
9.591862021e+00  6.8207332e-12
9.596657952e+00  6.8213421e-12
9.601456281e+00  6.8220485e-12
9.606257009e+00  6.8228319e-12
9.611060138e+00  6.8234603e-12
9.615865668e+00  6.8241263e-12
9.620673601e+00  6.8248287e-12
9.625483938e+00  6.8254956e-12
9.630296680e+00  6.8260498e-12
9.635111828e+00  6.8266676e-12
9.639929384e+00  6.8272573e-12
9.644749349e+00  6.8278528e-12
9.649571723e+00  6.8284734e-12
9.654396509e+00  6.8290334e-12
9.659223707e+00  6.8295958e-12
9.664053319e+00  6.8307228e-12
9.668885346e+00  6.8307541e-12
9.673719789e+00  6.8312789e-12
9.678556648e+00  6.8317293e-12
9.683395927e+00  6.8322471e-12
9.688237625e+00  6.8328601e-12
9.693081744e+00  6.8332699e-12
9.697928284e+00  6.8336825e-12
9.702777249e+00  6.8341787e-12
9.707628637e+00  6.8346159e-12
9.712482452e+00  6.8356465e-12
9.717338693e+00  6.8354994e-12
9.722197362e+00  6.8361158e-12
9.727058461e+00  6.8364316e-12
9.731921990e+00  6.8366752e-12
9.736787951e+00  6.8370547e-12
9.741656345e+00  6.8374121e-12
9.746527173e+00  6.8377615e-12
9.751400437e+00  6.8381054e-12
9.756276137e+00  6.8384697e-12
9.761154275e+00  6.8387833e-12
9.766034852e+00  6.8390938e-12
9.770917870e+00  6.8393771e-12
9.775803329e+00  6.8396574e-12
9.780691230e+00  6.8399407e-12
9.785581576e+00  6.8401893e-12
9.790474367e+00  6.8404356e-12
9.795369604e+00  6.8406762e-12
9.800267289e+00  6.8409300e-12
9.805167422e+00  6.8411255e-12
9.810070006e+00  6.8413284e-12
9.814975041e+00  6.8415257e-12
9.819882528e+00  6.8417411e-12
9.824792470e+00  6.8422335e-12
9.829704866e+00  6.8420517e-12
9.834619718e+00  6.8421805e-12
9.839537028e+00  6.8423240e-12
9.844456797e+00  6.8424496e-12
9.849379025e+00  6.8425631e-12
9.854303715e+00  6.8429543e-12
9.859230867e+00  6.8429526e-12
9.864160482e+00  6.8428458e-12
9.869092562e+00  6.8429007e-12
9.874027109e+00  6.8429604e-12
9.878964122e+00  6.8429978e-12
9.883903604e+00  6.8430308e-12
9.888845556e+00  6.8430697e-12
9.893789979e+00  6.8431251e-12
9.898736874e+00  6.8433141e-12
9.903686242e+00  6.8430689e-12
9.908638085e+00  6.8430285e-12
9.913592404e+00  6.8429907e-12
9.918549200e+00  6.8429456e-12
9.923508475e+00  6.8428876e-12
9.928470229e+00  6.8428191e-12
9.933434464e+00  6.8427354e-12
9.938401182e+00  6.8426390e-12
9.943370382e+00  6.8425392e-12
9.948342067e+00  6.8424251e-12
9.953316238e+00  6.8423696e-12
9.958292897e+00  6.8422022e-12
9.963272043e+00  6.8421866e-12
9.968253679e+00  6.8418595e-12
9.973237806e+00  6.8416808e-12
9.978224425e+00  6.8414959e-12
9.983213537e+00  6.8413043e-12
9.988205144e+00  6.8411009e-12
9.993199246e+00  6.8408912e-12
9.998195846e+00  6.8406860e-12
1.000319494e+01  6.8404168e-12
1.000819654e+01  6.8401823e-12
1.001320064e+01  6.8399692e-12
1.001820724e+01  6.8396350e-12
1.002321634e+01  6.8393505e-12
1.002822795e+01  6.8390527e-12
1.003324207e+01  6.8387467e-12
1.003825869e+01  6.8384301e-12
1.004327782e+01  6.8381025e-12
1.004829946e+01  6.8377641e-12
1.005332360e+01  6.8374146e-12
1.005835027e+01  6.8370496e-12
1.006337944e+01  6.8366788e-12
1.006841113e+01  6.8362951e-12
1.007344534e+01  6.8358977e-12
1.007848206e+01  6.8354909e-12
1.008352130e+01  6.8350766e-12
1.008856306e+01  6.8346458e-12
1.009360734e+01  6.8342062e-12
1.009865415e+01  6.8337588e-12
1.010370347e+01  6.8332959e-12
1.010875533e+01  6.8328218e-12
1.011380970e+01  6.8323380e-12
1.011886661e+01  6.8318429e-12
1.012392604e+01  6.8313402e-12
1.012898800e+01  6.8308230e-12
1.013405250e+01  6.8302946e-12
1.013911952e+01  6.8297562e-12
1.014418908e+01  6.8292037e-12
1.014926118e+01  6.8286419e-12
1.015433581e+01  6.8280715e-12
1.015941298e+01  6.8275301e-12
1.016449268e+01  6.8268961e-12
1.016957493e+01  6.8262873e-12
1.017465972e+01  6.8256723e-12
1.017974705e+01  6.8250777e-12
1.018483692e+01  6.8244162e-12
1.018992934e+01  6.8237712e-12
1.019502430e+01  6.8230991e-12
1.020012182e+01  6.8224332e-12
1.020522188e+01  6.8217545e-12
1.021032449e+01  6.8210608e-12
1.021542965e+01  6.8203637e-12
1.022053737e+01  6.8196443e-12
1.022564763e+01  6.8189299e-12
1.023076046e+01  6.8183440e-12
1.023587584e+01  6.8174478e-12
1.024099378e+01  6.8167023e-12
1.024611427e+01  6.8163101e-12
1.025123733e+01  6.8151527e-12
1.025636295e+01  6.8143529e-12
1.026149113e+01  6.8135599e-12
1.026662188e+01  6.8130735e-12
1.027175519e+01  6.8120009e-12
1.027689106e+01  6.8110802e-12
1.028202951e+01  6.8102607e-12
1.028717052e+01  6.8093849e-12
1.029231411e+01  6.8086917e-12
1.029746027e+01  6.8076748e-12
1.030260900e+01  6.8067581e-12
1.030776030e+01  6.8058580e-12
1.031291418e+01  6.8049477e-12
1.031807064e+01  6.8040272e-12
1.032322967e+01  6.8030980e-12
1.032839129e+01  6.8021599e-12
1.033355548e+01  6.8012100e-12
1.033872226e+01  6.8002561e-12
1.034389162e+01  6.7993031e-12
1.034906357e+01  6.7983098e-12
1.035423810e+01  6.7973237e-12
1.035941522e+01  6.7962963e-12
1.036459493e+01  6.7952818e-12
1.036977722e+01  6.7942571e-12
1.037496211e+01  6.7932224e-12
1.038014959e+01  6.7921782e-12
1.038533967e+01  6.7911221e-12
1.039053234e+01  6.7900545e-12
1.039572761e+01  6.7889802e-12
1.040092547e+01  6.7878927e-12
1.040612593e+01  6.7867965e-12
1.041132899e+01  6.7856851e-12
1.041653466e+01  6.7845790e-12
1.042174293e+01  6.7834690e-12
1.042695380e+01  6.7822868e-12
1.043216728e+01  6.7811337e-12
1.043738336e+01  6.7799722e-12
1.044260205e+01  6.7788015e-12
1.044782335e+01  6.7776205e-12
1.045304726e+01  6.7764298e-12
1.045827379e+01  6.7752328e-12
1.046350292e+01  6.7741053e-12
1.046873468e+01  6.7732391e-12
1.047396904e+01  6.7715727e-12
1.047920603e+01  6.7703304e-12
1.048444563e+01  6.7690618e-12
1.048968785e+01  6.7678643e-12
1.049493270e+01  6.7665087e-12
1.050018016e+01  6.7652219e-12
1.050543025e+01  6.7639256e-12
1.051068297e+01  6.7626186e-12
1.051593831e+01  6.7613016e-12
1.052119628e+01  6.7599771e-12
1.052645688e+01  6.7586428e-12
1.053172011e+01  6.7573009e-12
1.053698597e+01  6.7559512e-12
1.054225446e+01  6.7550331e-12
1.054752559e+01  6.7539954e-12
1.055279935e+01  6.7518120e-12
1.055807575e+01  6.7504047e-12
1.056335479e+01  6.7490584e-12
1.056863646e+01  6.7475691e-12
1.057392078e+01  6.7461365e-12
1.057920774e+01  6.7446984e-12
1.058449735e+01  6.7432500e-12
1.058978959e+01  6.7417741e-12
1.059508449e+01  6.7403004e-12
1.060038203e+01  6.7388178e-12
1.060568222e+01  6.7373271e-12
1.061098506e+01  6.7358295e-12
1.061629056e+01  6.7343205e-12
1.062159870e+01  6.7328005e-12
1.062690950e+01  6.7312917e-12
1.063222296e+01  6.7297200e-12
1.063753907e+01  6.7281640e-12
1.064285784e+01  6.7266014e-12
1.064817927e+01  6.7250298e-12
1.065350336e+01  6.7234484e-12
1.065883011e+01  6.7218574e-12
1.066415952e+01  6.7202590e-12
1.066949160e+01  6.7186525e-12
1.067482635e+01  6.7170239e-12
1.068016376e+01  6.7153853e-12
1.068550384e+01  6.7137439e-12
1.069084659e+01  6.7120918e-12
1.069619202e+01  6.7104292e-12
1.070154011e+01  6.7087577e-12
1.070689088e+01  6.7070778e-12
1.071224433e+01  6.7053917e-12
1.071760045e+01  6.7036858e-12
1.072295925e+01  6.7019694e-12
1.072832073e+01  6.7002513e-12
1.073368489e+01  6.6985225e-12
1.073905173e+01  6.6967839e-12
1.074442126e+01  6.6950361e-12
1.074979347e+01  6.6932768e-12
1.075516837e+01  6.6914969e-12
1.076054595e+01  6.6897091e-12
1.076592622e+01  6.6879277e-12
1.077130919e+01  6.6861255e-12
1.077669484e+01  6.6843204e-12
1.078208319e+01  6.6825021e-12
1.078747423e+01  6.6806757e-12
1.079286797e+01  6.6788343e-12
1.079826440e+01  6.6769886e-12
1.080366353e+01  6.6751984e-12
1.080906537e+01  6.6750780e-12
1.081446990e+01  6.6715274e-12
1.081987713e+01  6.6695087e-12
1.082528707e+01  6.6676064e-12
1.083069972e+01  6.6656925e-12
1.083611507e+01  6.6637765e-12
1.084153312e+01  6.6623604e-12
1.084695389e+01  6.6600317e-12
1.085237737e+01  6.6579865e-12
1.085780356e+01  6.6560187e-12
1.086323246e+01  6.6540459e-12
1.086866407e+01  6.6520651e-12
1.087409841e+01  6.6500839e-12
1.087953545e+01  6.6480938e-12
1.088497522e+01  6.6461465e-12
1.089041771e+01  6.6440913e-12
1.089586292e+01  6.6420557e-12
1.090131085e+01  6.6400183e-12
1.090676151e+01  6.6379804e-12
1.091221489e+01  6.6359303e-12
1.091767099e+01  6.6338727e-12
1.092312983e+01  6.6318131e-12
1.092859139e+01  6.6297332e-12
1.093405569e+01  6.6276365e-12
1.093952272e+01  6.6255661e-12
1.094499248e+01  6.6234385e-12
1.095046498e+01  6.6213274e-12
1.095594021e+01  6.6192069e-12
1.096141818e+01  6.6170643e-12
1.096689889e+01  6.6149138e-12
1.097238234e+01  6.6127665e-12
1.097786853e+01  6.6106104e-12
1.098335746e+01  6.6084549e-12
1.098884914e+01  6.6062683e-12
1.099434357e+01  6.6040989e-12
1.099984074e+01  6.6034763e-12
1.100534066e+01  6.5998319e-12
1.101084333e+01  6.5974636e-12
1.101634875e+01  6.5952322e-12
1.102185692e+01  6.5929872e-12
1.102736785e+01  6.5907391e-12
1.103288154e+01  6.5885250e-12
1.103839798e+01  6.5862312e-12
1.104391718e+01  6.5839715e-12
1.104943913e+01  6.5816728e-12
1.105496385e+01  6.5793744e-12
1.106049134e+01  6.5770791e-12
1.106602158e+01  6.5747752e-12
1.107155459e+01  6.5724625e-12
1.107709037e+01  6.5701314e-12
1.108262892e+01  6.5677870e-12
1.108817023e+01  6.5654444e-12
1.109371431e+01  6.5630998e-12
1.109926117e+01  6.5607444e-12
1.110481080e+01  6.5583664e-12
1.111036321e+01  6.5559752e-12
1.111591839e+01  6.5535897e-12
1.112147635e+01  6.5511959e-12
1.112703709e+01  6.5487921e-12
1.113260061e+01  6.5463755e-12
1.113816691e+01  6.5439552e-12
1.114373599e+01  6.5415088e-12
1.114930786e+01  6.5390721e-12
1.115488251e+01  6.5366295e-12
1.116045995e+01  6.5341661e-12
1.116604018e+01  6.5316846e-12
1.117162320e+01  6.5292148e-12
1.117720901e+01  6.5267327e-12
1.118279762e+01  6.5242404e-12
1.118838902e+01  6.5217303e-12
1.119398321e+01  6.5192130e-12
1.119958020e+01  6.5166982e-12
1.120517999e+01  6.5141719e-12
1.121078258e+01  6.5116382e-12
1.121638797e+01  6.5091378e-12
1.122199617e+01  6.5065514e-12
1.122760717e+01  6.5039745e-12
1.123322097e+01  6.5014360e-12
1.123883758e+01  6.4988125e-12
1.124445700e+01  6.4962176e-12
1.125007923e+01  6.4937169e-12
1.125570427e+01  6.4910648e-12
1.126133212e+01  6.4884769e-12
1.126696279e+01  6.4871372e-12
1.127259627e+01  6.4853269e-12
1.127823257e+01  6.4806042e-12
1.128387168e+01  6.4778900e-12
1.128951362e+01  6.4752104e-12
1.129515837e+01  6.4725294e-12
1.130080595e+01  6.4698586e-12
1.130645636e+01  6.4671910e-12
1.131210958e+01  6.4649822e-12
1.131776564e+01  6.4618681e-12
1.132342452e+01  6.4590855e-12
1.132908623e+01  6.4563588e-12
1.133475078e+01  6.4536404e-12
1.134041815e+01  6.4509051e-12
1.134608836e+01  6.4483835e-12
1.135176141e+01  6.4456179e-12
1.135743729e+01  6.4426654e-12
1.136311601e+01  6.4398840e-12
1.136879756e+01  6.4371047e-12
1.137448196e+01  6.4343475e-12
1.138016920e+01  6.4320982e-12
1.138585929e+01  6.4289361e-12
1.139155222e+01  6.4259284e-12
1.139724799e+01  6.4231108e-12
1.140294662e+01  6.4202919e-12
1.140864809e+01  6.4174518e-12
1.141435242e+01  6.4146122e-12
1.142005959e+01  6.4117583e-12
1.142576962e+01  6.4089039e-12
1.143148251e+01  6.4060336e-12
1.143719825e+01  6.4031565e-12
1.144291685e+01  6.4002850e-12
1.144863831e+01  6.3974023e-12
1.145436262e+01  6.3944995e-12
1.146008981e+01  6.3915891e-12
1.146581985e+01  6.3886949e-12
1.147155276e+01  6.3858888e-12
1.147728854e+01  6.3848702e-12
1.148302718e+01  6.3799769e-12
1.148876869e+01  6.3769619e-12
1.149451308e+01  6.3740030e-12
1.150026034e+01  6.3710301e-12
1.150601047e+01  6.3680545e-12
1.151176347e+01  6.3650819e-12
1.151751935e+01  6.3621009e-12
1.152327811e+01  6.3590969e-12
1.152903975e+01  6.3560925e-12
1.153480427e+01  6.3530917e-12
1.154057167e+01  6.3500757e-12
1.154634196e+01  6.3470393e-12
1.155211513e+01  6.3441829e-12
1.155789119e+01  6.3411403e-12
1.156367013e+01  6.3379713e-12
1.156945197e+01  6.3348598e-12
1.157523669e+01  6.3318004e-12
1.158102431e+01  6.3287365e-12
1.158681482e+01  6.3256493e-12
1.159260823e+01  6.3225593e-12
1.159840454e+01  6.3194686e-12
1.160420374e+01  6.3163627e-12
1.161000584e+01  6.3132442e-12
1.161581084e+01  6.3101345e-12
1.162161875e+01  6.3070163e-12
1.162742956e+01  6.3038767e-12
1.163324327e+01  6.3007307e-12
1.163905989e+01  6.2975869e-12
1.164487942e+01  6.2944415e-12
1.165070186e+01  6.2912684e-12
1.165652722e+01  6.2880919e-12
1.166235548e+01  6.2849194e-12
1.166818666e+01  6.2817265e-12
1.167402075e+01  6.2785310e-12
1.167985776e+01  6.2753438e-12
1.168569769e+01  6.2721344e-12
1.169154054e+01  6.2689176e-12
1.169738631e+01  6.2658540e-12
1.170323500e+01  6.2630690e-12
1.170908662e+01  6.2592447e-12
1.171494116e+01  6.2560099e-12
1.172079863e+01  6.2528182e-12
1.172665903e+01  6.2505782e-12
1.173252236e+01  6.2492737e-12
1.173838862e+01  6.2429976e-12
1.174425782e+01  6.2396559e-12
1.175012995e+01  6.2363441e-12
1.175600501e+01  6.2330425e-12
1.176188301e+01  6.2297772e-12
1.176776396e+01  6.2279930e-12
1.177364784e+01  6.2234171e-12
1.177953466e+01  6.2197953e-12
1.178542443e+01  6.2164355e-12
1.179131714e+01  6.2130799e-12
1.179721280e+01  6.2097353e-12
1.180311141e+01  6.2063853e-12
1.180901296e+01  6.2030160e-12
1.181491747e+01  6.1996408e-12
1.182082493e+01  6.1962693e-12
1.182673534e+01  6.1928792e-12
1.183264871e+01  6.1894823e-12
1.183856503e+01  6.1860917e-12
1.184448431e+01  6.1826815e-12
1.185040656e+01  6.1792627e-12
1.185633176e+01  6.1758491e-12
1.186225992e+01  6.1724205e-12
1.186819105e+01  6.1689940e-12
1.187412515e+01  6.1658226e-12
1.188006221e+01  6.1625740e-12
1.188600224e+01  6.1586502e-12
1.189194525e+01  6.1551794e-12
1.189789122e+01  6.1517499e-12
1.190384016e+01  6.1489486e-12
1.190979208e+01  6.1450626e-12
1.191574698e+01  6.1412660e-12
1.192170485e+01  6.1377546e-12
1.192766571e+01  6.1342458e-12
1.193362954e+01  6.1307459e-12
1.193959635e+01  6.1272186e-12
1.194556615e+01  6.1236942e-12
1.195153893e+01  6.1201693e-12
1.195751470e+01  6.1166243e-12
1.196349346e+01  6.1130796e-12
1.196947521e+01  6.1095446e-12
1.197545995e+01  6.1059684e-12
1.198144768e+01  6.1023986e-12
1.198743840e+01  6.0988322e-12
1.199343212e+01  6.0952484e-12
1.199942883e+01  6.0916600e-12
1.200542855e+01  6.0880757e-12
1.201143126e+01  6.0844708e-12
1.201743698e+01  6.0808616e-12
1.202344570e+01  6.0772576e-12
1.202945742e+01  6.0736352e-12
1.203547215e+01  6.0700083e-12
1.204148988e+01  6.0663818e-12
1.204751063e+01  6.0627376e-12
1.205353439e+01  6.0590897e-12
1.205956115e+01  6.0554459e-12
1.206559093e+01  6.0517893e-12
1.207162373e+01  6.0481494e-12
1.207765954e+01  6.0448512e-12
1.208369837e+01  6.0419629e-12
1.208974022e+01  6.0371816e-12
1.209578509e+01  6.0334194e-12
1.210183298e+01  6.0297121e-12
1.210788390e+01  6.0260337e-12
1.211393784e+01  6.0226125e-12
1.211999481e+01  6.0204701e-12
1.212605481e+01  6.0149305e-12
1.213211783e+01  6.0111316e-12
1.213818389e+01  6.0073806e-12
1.214425298e+01  6.0036413e-12
1.215032511e+01  5.9998906e-12
1.215640027e+01  5.9961369e-12
1.216247847e+01  5.9923800e-12
1.216855971e+01  5.9886090e-12
1.217464399e+01  5.9848324e-12
1.218073132e+01  5.9810574e-12
1.218682168e+01  5.9772649e-12
1.219291509e+01  5.9734701e-12
1.219901155e+01  5.9696740e-12
1.220511105e+01  5.9658680e-12
1.221121361e+01  5.9620695e-12
1.221731922e+01  5.9582549e-12
1.222342788e+01  5.9544313e-12
1.222953959e+01  5.9506132e-12
1.223565436e+01  5.9467795e-12
1.224177219e+01  5.9429394e-12
1.224789307e+01  5.9390998e-12
1.225401702e+01  5.9352441e-12
1.226014403e+01  5.9314073e-12
1.226627410e+01  5.9275464e-12
1.227240724e+01  5.9237526e-12
1.227854344e+01  5.9210281e-12
1.228468271e+01  5.9169240e-12
1.229082505e+01  5.9122183e-12
1.229697047e+01  5.9081605e-12
1.230311895e+01  5.9042477e-12
1.230927051e+01  5.9003429e-12
1.231542515e+01  5.8964356e-12
1.232158286e+01  5.8925178e-12
1.232774365e+01  5.8886055e-12
1.233390752e+01  5.8846823e-12
1.234007448e+01  5.8807549e-12
1.234624451e+01  5.8768321e-12
1.235241764e+01  5.8728991e-12
1.235859385e+01  5.8689798e-12
1.236477314e+01  5.8652251e-12
1.237095553e+01  5.8651438e-12
1.237714101e+01  5.8574323e-12
1.238332958e+01  5.8531569e-12
1.238952124e+01  5.8491479e-12
1.239571600e+01  5.8451701e-12
1.240191386e+01  5.8411768e-12
1.240811482e+01  5.8372114e-12
1.241431887e+01  5.8331838e-12
1.242052603e+01  5.8291793e-12
1.242673630e+01  5.8251847e-12
1.243294967e+01  5.8211828e-12
1.243916614e+01  5.8173236e-12
1.244538572e+01  5.8153527e-12
1.245160842e+01  5.8097711e-12
1.245783422e+01  5.8051332e-12
1.246406314e+01  5.8010485e-12
1.247029517e+01  5.7970060e-12
1.247653032e+01  5.7929655e-12
1.248276858e+01  5.7889207e-12
1.248900997e+01  5.7848846e-12
1.249525447e+01  5.7808418e-12
1.250150210e+01  5.7768291e-12
1.250775285e+01  5.7728826e-12
1.251400673e+01  5.7701079e-12
1.252026373e+01  5.7860572e-12
1.252652386e+01  5.7643735e-12
1.253278712e+01  5.7568580e-12
1.253905352e+01  5.7529523e-12
1.254532304e+01  5.7483148e-12
1.255159570e+01  5.7443162e-12
1.255787150e+01  5.7410559e-12
1.256415044e+01  5.7591727e-12
1.257043251e+01  5.7328013e-12
1.257671773e+01  5.7277532e-12
1.258300609e+01  5.7235260e-12
1.258929759e+01  5.7194199e-12
1.259559224e+01  5.7165031e-12
1.260189004e+01  5.7110897e-12
1.260819098e+01  5.7068975e-12
1.261449508e+01  5.7027135e-12
1.262080232e+01  5.6986170e-12
1.262711273e+01  5.6947414e-12
1.263342628e+01  5.6902369e-12
1.263974300e+01  5.6860383e-12
1.264606287e+01  5.6818594e-12
1.265238590e+01  5.6776763e-12
1.265871209e+01  5.6735001e-12
1.266504145e+01  5.6693091e-12
1.267137397e+01  5.6651175e-12
1.267770965e+01  5.6609181e-12
1.268404851e+01  5.6567146e-12
1.269039053e+01  5.6525203e-12
1.269673573e+01  5.6483298e-12
1.270308410e+01  5.6440972e-12
1.270943564e+01  5.6398815e-12
1.271579036e+01  5.6356732e-12
1.272214825e+01  5.6314666e-12
1.272850933e+01  5.6272847e-12
1.273487358e+01  5.6231858e-12
1.274124102e+01  5.6202503e-12
1.274761164e+01  5.6314918e-12
1.275398544e+01  5.6110770e-12
1.276036244e+01  5.6061801e-12
1.276674262e+01  5.6017987e-12
1.277312599e+01  5.5975113e-12
1.277951255e+01  5.5932141e-12
1.278590231e+01  5.5889317e-12
1.279229526e+01  5.5846613e-12
1.279869141e+01  5.5803786e-12
1.280509075e+01  5.5761006e-12
1.281149330e+01  5.5718163e-12
1.281789905e+01  5.5675366e-12
1.282430799e+01  5.5632877e-12
1.283072015e+01  5.5611959e-12
1.283713551e+01  5.5547912e-12
1.284355408e+01  5.5503607e-12
1.284997585e+01  5.5460608e-12
1.285640084e+01  5.5417737e-12
1.286282904e+01  5.5376118e-12
1.286926046e+01  5.5396128e-12
1.287569509e+01  5.5291787e-12
1.288213293e+01  5.5245350e-12
1.288857400e+01  5.5204188e-12
1.289501829e+01  5.5176609e-12
1.290146580e+01  5.5115366e-12
1.290791653e+01  5.5071292e-12
1.291437049e+01  5.5027716e-12
1.292082767e+01  5.4984193e-12
1.292728809e+01  5.4940634e-12
1.293375173e+01  5.4897098e-12
1.294021861e+01  5.4853504e-12
1.294668872e+01  5.4809903e-12
1.295316206e+01  5.4766289e-12
1.295963864e+01  5.4722596e-12
1.296611846e+01  5.4678929e-12
1.297260152e+01  5.4635243e-12
1.297908782e+01  5.4591932e-12
1.298557736e+01  5.4557175e-12
1.299207015e+01  5.4505194e-12
1.299856619e+01  5.4468702e-12
1.300506547e+01  5.4504621e-12
1.301156800e+01  5.4375950e-12
1.301807379e+01  5.4328924e-12
1.302458283e+01  5.4284303e-12
1.303109512e+01  5.4240256e-12
1.303761066e+01  5.4195864e-12
1.304412947e+01  5.4151665e-12
1.305065153e+01  5.4107514e-12
1.305717686e+01  5.4063290e-12
1.306370545e+01  5.4019126e-12
1.307023730e+01  5.3974937e-12
1.307677242e+01  5.3930691e-12
1.308331081e+01  5.3886303e-12
1.308985246e+01  5.3842013e-12
1.309639739e+01  5.3797647e-12
1.310294559e+01  5.3753260e-12
1.310949706e+01  5.3708806e-12
1.311605181e+01  5.3664368e-12
1.312260983e+01  5.3619868e-12
1.312917114e+01  5.3575378e-12
1.313573572e+01  5.3530843e-12
1.314230359e+01  5.3486778e-12
1.314887474e+01  5.3443605e-12
1.315544918e+01  5.3397248e-12
1.316202691e+01  5.3352426e-12
1.316860792e+01  5.3307709e-12
1.317519222e+01  5.3263128e-12
1.318177982e+01  5.3218287e-12
1.318837071e+01  5.3173527e-12
1.319496489e+01  5.3128702e-12
1.320156238e+01  5.3083925e-12
1.320816316e+01  5.3039048e-12
1.321476724e+01  5.2994264e-12
1.322137462e+01  5.2949455e-12
1.322798531e+01  5.2906990e-12
1.323459930e+01  5.2860077e-12
1.324121660e+01  5.2816460e-12
1.324783721e+01  5.2815834e-12
1.325446113e+01  5.2774610e-12
1.326108836e+01  5.2697638e-12
1.326771890e+01  5.2650816e-12
1.327435276e+01  5.2589963e-12
1.328098994e+01  5.2544446e-12
1.328763044e+01  5.2499673e-12
1.329427425e+01  5.2459770e-12
1.330092139e+01  5.2408684e-12
1.330757185e+01  5.2363447e-12
1.331422563e+01  5.2318172e-12
1.332088275e+01  5.2272938e-12
1.332754319e+01  5.2227640e-12
1.333420696e+01  5.2182508e-12
1.334087406e+01  5.2137452e-12
1.334754450e+01  5.2092979e-12
1.335421827e+01  5.2052954e-12
1.336089538e+01  5.2134672e-12
1.336757583e+01  5.1973498e-12
1.337425962e+01  5.1912049e-12
1.338094675e+01  5.1864958e-12
1.338763722e+01  5.1819109e-12
1.339433104e+01  5.1773342e-12
1.340102820e+01  5.1727820e-12
1.340772872e+01  5.1682218e-12
1.341443258e+01  5.1636891e-12
1.342113980e+01  5.1609493e-12
1.342785037e+01  5.1589456e-12
1.343456429e+01  5.1529041e-12
1.344128158e+01  5.1456878e-12
1.344800222e+01  5.1408391e-12
1.345472622e+01  5.1362720e-12
1.346145358e+01  5.1318057e-12
1.346818431e+01  5.1296981e-12
1.347491840e+01  5.1226742e-12
1.348165586e+01  5.1179772e-12
1.348839669e+01  5.1134145e-12
1.349514089e+01  5.1090591e-12
1.350188846e+01  5.1158153e-12
1.350863940e+01  5.1002452e-12
1.351539372e+01  5.0950666e-12
1.352215142e+01  5.0904500e-12
1.352891249e+01  5.0858193e-12
1.353567695e+01  5.0812114e-12
1.354244479e+01  5.0766069e-12
1.354921601e+01  5.0720032e-12
1.355599062e+01  5.0674009e-12
1.356276861e+01  5.0627910e-12
1.356955000e+01  5.0581957e-12
1.357633477e+01  5.0535766e-12
1.358312294e+01  5.0489746e-12
1.358991450e+01  5.0443569e-12
1.359670946e+01  5.0397514e-12
1.360350781e+01  5.0351286e-12
1.361030957e+01  5.0305191e-12
1.361711472e+01  5.0258975e-12
1.362392328e+01  5.0212841e-12
1.363073524e+01  5.0166663e-12
1.363755061e+01  5.0120561e-12
1.364436938e+01  5.0074449e-12
1.365119157e+01  5.0028468e-12
1.365801716e+01  4.9982696e-12
1.366484617e+01  4.9937835e-12
1.367167860e+01  4.9897264e-12
1.367851444e+01  5.0057752e-12
1.368535369e+01  4.9879022e-12
1.369219637e+01  4.9756411e-12
1.369904247e+01  4.9707330e-12
1.370589199e+01  4.9678118e-12
1.371274494e+01  4.9752838e-12
1.371960131e+01  4.9572220e-12
1.372646111e+01  4.9519524e-12
1.373332434e+01  4.9472083e-12
1.374019100e+01  4.9425392e-12
1.374706110e+01  4.9378668e-12
1.375393463e+01  4.9332185e-12
1.376081159e+01  4.9285593e-12
1.376769200e+01  4.9238899e-12
1.377457585e+01  4.9192328e-12
1.378146313e+01  4.9145741e-12
1.378835387e+01  4.9099713e-12
1.379524804e+01  4.9052700e-12
1.380214567e+01  4.9006017e-12
1.380904674e+01  4.8959425e-12
1.381595126e+01  4.8912789e-12
1.382285924e+01  4.8866229e-12
1.382977067e+01  4.8819564e-12
1.383668555e+01  4.8772863e-12
1.384360390e+01  4.8726127e-12
1.385052570e+01  4.8679577e-12
1.385745096e+01  4.8633464e-12
1.386437969e+01  4.8586985e-12
1.387131188e+01  4.8539450e-12
1.387824753e+01  4.8492717e-12
1.388518666e+01  4.8446080e-12
1.389212925e+01  4.8399299e-12
1.389907531e+01  4.8352646e-12
1.390602485e+01  4.8305927e-12
1.391297786e+01  4.8262152e-12
1.391993435e+01  4.8225255e-12
1.392689432e+01  4.8166074e-12
1.393385777e+01  4.8119089e-12
1.394082470e+01  4.8071853e-12
1.394779511e+01  4.8024972e-12
1.395476901e+01  4.7978053e-12
1.396174639e+01  4.7931369e-12
1.396872726e+01  4.7884470e-12
1.397571163e+01  4.7837679e-12
1.398269948e+01  4.7790933e-12
1.398969083e+01  4.7744199e-12
1.399668568e+01  4.7697960e-12
1.400368402e+01  4.7654205e-12
1.401068586e+01  4.7647065e-12
1.401769121e+01  4.7616923e-12
1.402470005e+01  4.7511836e-12
1.403171240e+01  4.7463293e-12
1.403872826e+01  4.7415916e-12
1.404574762e+01  4.7368858e-12
1.405277050e+01  4.7321810e-12
1.405979688e+01  4.7275773e-12
1.406682678e+01  4.7228582e-12
1.407386019e+01  4.7181137e-12
1.408089712e+01  4.7134339e-12
1.408793757e+01  4.7087510e-12
1.409498154e+01  4.7040814e-12
1.410202903e+01  4.6994379e-12
1.410908005e+01  4.6948426e-12
1.411613459e+01  4.6903698e-12
1.412319265e+01  4.6865269e-12
1.413025425e+01  4.6893445e-12
1.413731938e+01  4.7240407e-12
1.414438804e+01  4.6741460e-12
1.415146023e+01  4.6672912e-12
1.415853596e+01  4.6623909e-12
1.416561523e+01  4.6583622e-12
1.417269804e+01  4.6727304e-12
1.417978439e+01  4.6664205e-12
1.418687428e+01  4.6442220e-12
1.419396771e+01  4.6385640e-12
1.420106470e+01  4.6336984e-12
1.420816523e+01  4.6336280e-12
1.421526931e+01  4.6243481e-12
1.422237695e+01  4.6193578e-12
1.422948814e+01  4.6146793e-12
1.423660288e+01  4.6099430e-12
1.424372118e+01  4.6051871e-12
1.425084304e+01  4.6004760e-12
1.425796846e+01  4.5957395e-12
1.426509745e+01  4.5910352e-12
1.427223000e+01  4.5863277e-12
1.427936611e+01  4.5816180e-12
1.428650580e+01  4.5769144e-12
1.429364905e+01  4.5722150e-12
1.430079587e+01  4.5675459e-12
1.430794627e+01  4.5629254e-12
1.431510024e+01  4.5584735e-12
1.432225779e+01  4.5588992e-12
1.432941892e+01  4.5753104e-12
1.433658363e+01  4.5449533e-12
1.434375192e+01  4.5406117e-12
1.435092380e+01  4.5355639e-12
1.435809926e+01  4.5397419e-12
1.436527831e+01  4.5397379e-12
1.437246095e+01  4.5213960e-12
1.437964718e+01  4.5160693e-12
1.438683700e+01  4.5112255e-12
1.439403042e+01  4.5068078e-12
1.440122744e+01  4.5057462e-12
1.440842805e+01  4.5141409e-12
1.441563227e+01  4.4931394e-12
1.442284008e+01  4.4876503e-12
1.443005150e+01  4.4828407e-12
1.443726653e+01  4.4779407e-12
1.444448516e+01  4.4731968e-12
1.445170740e+01  4.4684697e-12
1.445893326e+01  4.4637497e-12
1.446616272e+01  4.4591087e-12
1.447339581e+01  4.4543953e-12
1.448063250e+01  4.4501411e-12
1.448787282e+01  4.4594585e-12
1.449511676e+01  4.4406518e-12
1.450236431e+01  4.4360228e-12
1.450961550e+01  4.4523076e-12
1.451687030e+01  4.4392362e-12
1.452412874e+01  4.4225731e-12
1.453139080e+01  4.4240727e-12
1.453865650e+01  4.4553693e-12
1.454592583e+01  4.4093346e-12
1.455319879e+01  4.4029359e-12
1.456047539e+01  4.3980066e-12
1.456775563e+01  4.3930770e-12
1.457503951e+01  4.3882960e-12
1.458232703e+01  4.3835571e-12
1.458961819e+01  4.3788492e-12
1.459691300e+01  4.3741204e-12
1.460421145e+01  4.3693717e-12
1.461151356e+01  4.3646456e-12
1.461881932e+01  4.3599270e-12
1.462612873e+01  4.3552095e-12
1.463344179e+01  4.3504865e-12
1.464075851e+01  4.3457886e-12
1.464807889e+01  4.3411340e-12
1.465540293e+01  4.3363615e-12
1.466273063e+01  4.3316427e-12
1.467006200e+01  4.3269303e-12
1.467739703e+01  4.3222205e-12
1.468473573e+01  4.3175199e-12
1.469207809e+01  4.3128126e-12
1.469942413e+01  4.3081263e-12
1.470677385e+01  4.3034566e-12
1.471412723e+01  4.2988626e-12
1.472148430e+01  4.2946555e-12
1.472884504e+01  4.3076492e-12
1.473620946e+01  4.2889992e-12
1.474357757e+01  4.2802188e-12
1.475094935e+01  4.2753444e-12
1.475832483e+01  4.2705117e-12
1.476570399e+01  4.2657428e-12
1.477308684e+01  4.2610221e-12
1.478047339e+01  4.2563112e-12
1.478786362e+01  4.2515992e-12
1.479525756e+01  4.2468937e-12
1.480265518e+01  4.2421971e-12
1.481005651e+01  4.2375032e-12
1.481746154e+01  4.2328173e-12
1.482487027e+01  4.2281590e-12
1.483228271e+01  4.2235468e-12
1.483969885e+01  4.2191237e-12
1.484711870e+01  4.2193746e-12
1.485454226e+01  4.2209277e-12
1.486196953e+01  4.2052927e-12
1.486940051e+01  4.2001756e-12
1.487683521e+01  4.1954022e-12
1.488427363e+01  4.1910170e-12
1.489171577e+01  4.1871411e-12
1.489916162e+01  4.1817491e-12
1.490661121e+01  4.1766985e-12
1.491406451e+01  4.1721525e-12
1.492152154e+01  4.1683750e-12
1.492898230e+01  4.1637753e-12
1.493644680e+01  4.1618801e-12
1.494391502e+01  4.1913518e-12
1.495138698e+01  4.2380677e-12
1.495886267e+01  4.1498379e-12
1.496634210e+01  4.1406570e-12
1.497382527e+01  4.1351279e-12
1.498131218e+01  4.1311071e-12
1.498880284e+01  4.1251805e-12
1.499629724e+01  4.1203065e-12
1.500379539e+01  4.1155546e-12
1.501129729e+01  4.1108321e-12
1.501880294e+01  4.1061330e-12
1.502631234e+01  4.1014659e-12
1.503382549e+01  4.0967339e-12
1.504134241e+01  4.0920509e-12
1.504886308e+01  4.0873896e-12
1.505638751e+01  4.0827623e-12
1.506391570e+01  4.0781999e-12
1.507144766e+01  4.0740115e-12
1.507898339e+01  4.0772883e-12
1.508652288e+01  4.0817681e-12
1.509406614e+01  4.0605119e-12
1.510161317e+01  4.0549143e-12
1.510916398e+01  4.0501058e-12
1.511671856e+01  4.0454131e-12
1.512427692e+01  4.0407965e-12
1.513183906e+01  4.0362275e-12
1.513940498e+01  4.0318093e-12
1.514697468e+01  4.0279359e-12
1.515454817e+01  4.0267675e-12
1.516212544e+01  4.1112828e-12
1.516970650e+01  4.0590459e-12
1.517729136e+01  4.0107476e-12
1.518488000e+01  4.0041224e-12
1.519247244e+01  3.9989101e-12
1.520006868e+01  3.9940377e-12
1.520766871e+01  3.9892647e-12
1.521527255e+01  3.9845248e-12
1.522288018e+01  3.9798158e-12
1.523049162e+01  3.9751252e-12
1.523810687e+01  3.9704427e-12
1.524572592e+01  3.9657721e-12
1.525334879e+01  3.9610965e-12
1.526097546e+01  3.9564433e-12
1.526860595e+01  3.9517621e-12
1.527624025e+01  3.9470930e-12
1.528387837e+01  3.9424442e-12
1.529152031e+01  3.9378258e-12
1.529916607e+01  3.9331357e-12
1.530681565e+01  3.9284896e-12
1.531446906e+01  3.9238842e-12
1.532212630e+01  3.9192397e-12
1.532978736e+01  3.9145798e-12
1.533745225e+01  3.9100821e-12
1.534512098e+01  3.9138280e-12
1.535279354e+01  3.9010757e-12
1.536046994e+01  3.8960396e-12
1.536815017e+01  3.8913673e-12
1.537583425e+01  3.8867167e-12
1.538352216e+01  3.8820866e-12
1.539121393e+01  3.8774626e-12
1.539890953e+01  3.8728363e-12
1.540660899e+01  3.8684115e-12
1.541431229e+01  3.8635996e-12
1.542201945e+01  3.8589585e-12
1.542973046e+01  3.8543332e-12
1.543744532e+01  3.8497224e-12
1.544516405e+01  3.8451186e-12
1.545288663e+01  3.8405222e-12
1.546061307e+01  3.8359600e-12
1.546834338e+01  3.8314660e-12
1.547607755e+01  3.8271913e-12
1.548381559e+01  3.8276902e-12
1.549155750e+01  3.8289847e-12
1.549930327e+01  3.8140348e-12
1.550705293e+01  3.8098650e-12
1.551480645e+01  3.8233682e-12
1.552256386e+01  3.8344462e-12
1.553032514e+01  3.7962644e-12
1.553809030e+01  3.7903701e-12
1.554585934e+01  3.7854313e-12
1.555363227e+01  3.7807174e-12
1.556140909e+01  3.7760874e-12
1.556918980e+01  3.7723413e-12
1.557697439e+01  3.7668807e-12
1.558476288e+01  3.7622252e-12
1.559255526e+01  3.7576253e-12
1.560035154e+01  3.7530602e-12
1.560815171e+01  3.7485672e-12
1.561595579e+01  3.7445188e-12
1.562376377e+01  3.7627661e-12
1.563157565e+01  3.7363196e-12
1.563939144e+01  3.7305234e-12
1.564721113e+01  3.7259976e-12
1.565503474e+01  3.7220648e-12
1.566286225e+01  3.7211046e-12
1.567069369e+01  3.7908241e-12
1.567852903e+01  3.7143121e-12
1.568636830e+01  3.7047542e-12
1.569421148e+01  3.7146169e-12
1.570205859e+01  3.7002592e-12
1.570990962e+01  3.6898971e-12
1.571776457e+01  3.6852584e-12
1.572562345e+01  3.6819324e-12
1.573348626e+01  3.7209217e-12
1.574135301e+01  3.7325709e-12
1.574922368e+01  3.6681535e-12
1.575709830e+01  3.6621487e-12
1.576497685e+01  3.6573059e-12
1.577285933e+01  3.6526122e-12
1.578074576e+01  3.6483169e-12
1.578863614e+01  3.6474283e-12
1.579653045e+01  3.6748841e-12
1.580442872e+01  3.6358691e-12
1.581233093e+01  3.6297508e-12
1.582023710e+01  3.6250248e-12
1.582814722e+01  3.6203677e-12
1.583606129e+01  3.6158188e-12
1.584397932e+01  3.6113577e-12
1.585190131e+01  3.6066389e-12
1.585982726e+01  3.6020804e-12
1.586775718e+01  3.5975383e-12
1.587569105e+01  3.5931641e-12
1.588362890e+01  3.5886489e-12
1.589157071e+01  3.5839124e-12
1.589951650e+01  3.5793727e-12
1.590746626e+01  3.5748453e-12
1.591541999e+01  3.5703355e-12
1.592337770e+01  3.5660226e-12
1.593133939e+01  3.5613484e-12
1.593930506e+01  3.5568767e-12
1.594727471e+01  3.5524683e-12
1.595524835e+01  3.5482468e-12
1.596322597e+01  3.5461147e-12
1.597120759e+01  3.5409348e-12
1.597919319e+01  3.5391384e-12
1.598718279e+01  3.5854335e-12
1.599517638e+01  3.6510677e-12
1.600317397e+01  3.5284155e-12
1.601117555e+01  3.5183486e-12
1.601918114e+01  3.5124880e-12
1.602719073e+01  3.5074837e-12
1.603520433e+01  3.5027042e-12
1.604322193e+01  3.4980716e-12
1.605124354e+01  3.4934662e-12
1.605926916e+01  3.4889052e-12
1.606729880e+01  3.4843607e-12
1.607533245e+01  3.4798411e-12
1.608337011e+01  3.4753370e-12
1.609141180e+01  3.4708675e-12
1.609945750e+01  3.4666426e-12
1.610750723e+01  3.4638502e-12
1.611556099e+01  3.4647782e-12
1.612361877e+01  3.4532324e-12
1.613168058e+01  3.4484298e-12
1.613974642e+01  3.4439663e-12
1.614781629e+01  3.4399042e-12
1.615589020e+01  3.4349925e-12
1.616396814e+01  3.4305370e-12
1.617205013e+01  3.4261455e-12
1.618013615e+01  3.4218339e-12
1.618822622e+01  3.4176406e-12
1.619632033e+01  3.4143170e-12
1.620441849e+01  3.4102295e-12
1.621252070e+01  3.4086316e-12
1.622062696e+01  3.4160722e-12
1.622873728e+01  3.6208584e-12
1.623685165e+01  3.4608817e-12
1.624497007e+01  3.3946765e-12
1.625309256e+01  3.3846723e-12
1.626121910e+01  3.3784247e-12
1.626934971e+01  3.3733642e-12
1.627748439e+01  3.3690304e-12
1.628562313e+01  3.3642191e-12
1.629376594e+01  3.3599303e-12
1.630191282e+01  3.3573750e-12
1.631006378e+01  3.3906171e-12
1.631821881e+01  3.3804925e-12
1.632637792e+01  3.3436749e-12
1.633454111e+01  3.3372494e-12
1.634270838e+01  3.3322470e-12
1.635087973e+01  3.3276106e-12
1.635905517e+01  3.3230529e-12
1.636723470e+01  3.3185230e-12
1.637541832e+01  3.3140384e-12
1.638360603e+01  3.3098246e-12
1.639179783e+01  3.3053175e-12
1.639999373e+01  3.3006580e-12
1.640819373e+01  3.2962125e-12
1.641639782e+01  3.2917467e-12
1.642460602e+01  3.2875542e-12
1.643281833e+01  3.2831427e-12
1.644103474e+01  3.2784775e-12
1.644925525e+01  3.2741740e-12
1.645747988e+01  3.2695971e-12
1.646570862e+01  3.2651111e-12
1.647394147e+01  3.2606824e-12
1.648217845e+01  3.2562617e-12
1.649041953e+01  3.2518742e-12
1.649866474e+01  3.2475807e-12
1.650691408e+01  3.2430350e-12
1.651516753e+01  3.2386383e-12
1.652342512e+01  3.2342995e-12
1.653168683e+01  3.2301776e-12
1.653995267e+01  3.2343976e-12
1.654822265e+01  3.2256806e-12
1.655649676e+01  3.2168455e-12
1.656477501e+01  3.2122565e-12
1.657305740e+01  3.2078076e-12
1.658134393e+01  3.2033930e-12
1.658963460e+01  3.1989936e-12
1.659792942e+01  3.1946050e-12
1.660622838e+01  3.1902302e-12
1.661453149e+01  3.1858664e-12
1.662283876e+01  3.1815350e-12
1.663115018e+01  3.1772278e-12
1.663946575e+01  3.1730495e-12
1.664778549e+01  3.1692652e-12
1.665610938e+01  3.1736376e-12
1.666443743e+01  3.2391190e-12
1.667276965e+01  3.1578102e-12
1.668110604e+01  3.1514844e-12
1.668944659e+01  3.1467622e-12
1.669779131e+01  3.1423008e-12
1.670614021e+01  3.1378713e-12
1.671449328e+01  3.1335302e-12
1.672285053e+01  3.1296041e-12
1.673121195e+01  3.1251870e-12
1.673957756e+01  3.1205059e-12
1.674794735e+01  3.1161832e-12
1.675632132e+01  3.1119127e-12
1.676469948e+01  3.1077002e-12
1.677308183e+01  3.1035837e-12
1.678146837e+01  3.0996469e-12
1.678985911e+01  3.0966134e-12
1.679825404e+01  3.0987068e-12
1.680665316e+01  3.2166420e-12
1.681505649e+01  3.0956063e-12
1.682346402e+01  3.0798430e-12
1.683187575e+01  3.0743296e-12
1.684029169e+01  3.0697067e-12
1.684871183e+01  3.0655286e-12
1.685713619e+01  3.0617305e-12
1.686556476e+01  3.0585001e-12
1.687399754e+01  3.0573432e-12
1.688243454e+01  3.0680669e-12
1.689087576e+01  3.1546708e-12
1.689932119e+01  3.3473849e-12
1.690777085e+01  3.0801263e-12
1.691622474e+01  3.0397696e-12
1.692468285e+01  3.0295769e-12
1.693314519e+01  3.0235037e-12
1.694161177e+01  3.0182118e-12
1.695008257e+01  3.0134438e-12
1.695855761e+01  3.0088434e-12
1.696703689e+01  3.0043896e-12
1.697552041e+01  3.0002163e-12
1.698400817e+01  2.9956212e-12
1.699250017e+01  2.9912606e-12
1.700099642e+01  2.9869471e-12
1.700949692e+01  2.9826510e-12
1.701800167e+01  2.9783815e-12
1.702651067e+01  2.9742794e-12
1.703502393e+01  2.9721690e-12
1.704354144e+01  2.9671757e-12
1.705206321e+01  2.9614358e-12
1.706058924e+01  2.9571049e-12
1.706911954e+01  2.9528883e-12
1.707765410e+01  2.9487606e-12
1.708619292e+01  2.9448806e-12
1.709473602e+01  2.9457772e-12
1.710328339e+01  2.9719906e-12
1.711183503e+01  2.9330378e-12
1.712039095e+01  2.9277930e-12
1.712895114e+01  2.9233861e-12
1.713751562e+01  2.9191345e-12
1.714608438e+01  2.9149407e-12
1.715465742e+01  2.9108061e-12
1.716323475e+01  2.9070270e-12
1.717181636e+01  2.9029361e-12
1.718040227e+01  2.8987772e-12
1.718899247e+01  2.8953472e-12
1.719758697e+01  2.8948020e-12
1.720618576e+01  2.9411257e-12
1.721478886e+01  2.9167402e-12
1.722339625e+01  3.0284533e-12
1.723200795e+01  2.8897699e-12
1.724062395e+01  2.8714063e-12
1.724924426e+01  2.8656499e-12
1.725786889e+01  2.8610621e-12
1.726649782e+01  2.8565710e-12
1.727513107e+01  2.8523035e-12
1.728376864e+01  2.8485534e-12
1.729241052e+01  2.8439644e-12
1.730105672e+01  2.8398582e-12
1.730970725e+01  2.8358693e-12
1.731836211e+01  2.8320833e-12
1.732702129e+01  2.8286415e-12
1.733568480e+01  2.8265266e-12
1.734435264e+01  2.8300757e-12
1.735302482e+01  2.9873174e-12
1.736170133e+01  2.9304551e-12
1.737038218e+01  2.8156559e-12
1.737906737e+01  2.8055469e-12
1.738775691e+01  2.7994189e-12
1.739645078e+01  2.7950307e-12
1.740514901e+01  2.7905983e-12
1.741385158e+01  2.7858177e-12
1.742255851e+01  2.7815360e-12
1.743126979e+01  2.7773398e-12
1.743998542e+01  2.7731789e-12
1.744870542e+01  2.7690689e-12
1.745742977e+01  2.7649382e-12
1.746615848e+01  2.7608493e-12
1.747489156e+01  2.7568044e-12
1.748362901e+01  2.7528036e-12
1.749237082e+01  2.7492334e-12
1.750111701e+01  2.7508989e-12
1.750986757e+01  2.7427529e-12
1.751862250e+01  2.7372437e-12
1.752738181e+01  2.7336704e-12
1.753614550e+01  2.7306541e-12
1.754491358e+01  2.7295332e-12
1.755368603e+01  2.7364416e-12
1.756246288e+01  2.8981797e-12
1.757124411e+01  2.8181655e-12
1.758002973e+01  2.7207694e-12
1.758881974e+01  2.7095526e-12
1.759761415e+01  2.7043545e-12
1.760641296e+01  2.7020173e-12
1.761521617e+01  2.7081001e-12
1.762402378e+01  2.8132219e-12
1.763283579e+01  2.8412549e-12
1.764165221e+01  2.6987868e-12
1.765047303e+01  2.6813223e-12
1.765929827e+01  2.6742072e-12
1.766812792e+01  2.6688531e-12
1.767696198e+01  2.6642354e-12
1.768580046e+01  2.6598969e-12
1.769464336e+01  2.6557073e-12
1.770349068e+01  2.6516900e-12
1.771234243e+01  2.6478576e-12
1.772119860e+01  2.6444397e-12
1.773005920e+01  2.6414458e-12
1.773892423e+01  2.6423156e-12
1.774779369e+01  2.6918269e-12
1.775666759e+01  2.7156585e-12
1.776554592e+01  2.6325034e-12
1.777442870e+01  2.6217199e-12
1.778331591e+01  2.6161418e-12
1.779220757e+01  2.6114924e-12
1.780110367e+01  2.6072032e-12
1.781000422e+01  2.6030331e-12
1.781890923e+01  2.5989479e-12
1.782781868e+01  2.5948974e-12
1.783673259e+01  2.5909102e-12
1.784565096e+01  2.5869139e-12
1.785457378e+01  2.5831434e-12
1.786350107e+01  2.5794134e-12
1.787243282e+01  2.5750393e-12
1.788136903e+01  2.5710356e-12
1.789030972e+01  2.5675705e-12
1.789925487e+01  2.5635137e-12
1.790820450e+01  2.5591841e-12
1.791715860e+01  2.5552872e-12
1.792611718e+01  2.5513570e-12
1.793508024e+01  2.5476559e-12
1.794404778e+01  2.5469953e-12
1.795301981e+01  2.5417761e-12
1.796199632e+01  2.5359104e-12
1.797097731e+01  2.5319582e-12
1.797996280e+01  2.5283739e-12
1.798895278e+01  2.5245804e-12
1.799794726e+01  2.5209764e-12
1.800694623e+01  2.5182795e-12
1.801594971e+01  2.5188569e-12
1.802495768e+01  2.5950138e-12
1.803397016e+01  2.5623863e-12
1.804298715e+01  2.5058811e-12
1.805200864e+01  2.4985479e-12
1.806103464e+01  2.4936733e-12
1.807006516e+01  2.4894313e-12
1.807910019e+01  2.4853903e-12
1.808813974e+01  2.4814673e-12
1.809718381e+01  2.4779824e-12
1.810623241e+01  2.4777802e-12
1.811528552e+01  2.4699594e-12
1.812434316e+01  2.4659721e-12
1.813340534e+01  2.4621645e-12
1.814247204e+01  2.4584299e-12
1.815154327e+01  2.4548685e-12
1.816061905e+01  2.4517748e-12
1.816969936e+01  2.4518019e-12
1.817878421e+01  2.5385835e-12
1.818787360e+01  2.4531490e-12
1.819696753e+01  2.4371054e-12
1.820606602e+01  2.4323041e-12
1.821516905e+01  2.4283438e-12
1.822427664e+01  2.4246445e-12
1.823338877e+01  2.4212687e-12
1.824250547e+01  2.4200592e-12
1.825162672e+01  2.4619252e-12
1.826075253e+01  2.4172119e-12
1.826988291e+01  2.4082350e-12
1.827901785e+01  2.4060520e-12
1.828815736e+01  2.4086217e-12
1.829730144e+01  2.4699430e-12
1.830645009e+01  2.5767215e-12
1.831560332e+01  2.4098916e-12
1.832476112e+01  2.4041044e-12
1.833392350e+01  2.5468877e-12
1.834309046e+01  2.4753271e-12
1.835226200e+01  2.3839210e-12
1.836143814e+01  2.3722626e-12
1.837061885e+01  2.3661145e-12
1.837980416e+01  2.3613763e-12
1.838899407e+01  2.3571755e-12
1.839818856e+01  2.3530358e-12
1.840738766e+01  2.3493119e-12
1.841659135e+01  2.3452979e-12
1.842579965e+01  2.3416225e-12
1.843501255e+01  2.3385851e-12
1.844423005e+01  2.3343251e-12
1.845345217e+01  2.3310121e-12
1.846267889e+01  2.3288692e-12
1.847191023e+01  2.3356466e-12
1.848114619e+01  2.4021703e-12
1.849038676e+01  2.3239422e-12
1.849963196e+01  2.3140191e-12
1.850888177e+01  2.3086494e-12
1.851813621e+01  2.3045432e-12
1.852739528e+01  2.3007517e-12
1.853665898e+01  2.2969756e-12
1.854592731e+01  2.2932027e-12
1.855520027e+01  2.2895347e-12
1.856447787e+01  2.2859056e-12
1.857376011e+01  2.2823244e-12
1.858304699e+01  2.2788275e-12
1.859233851e+01  2.2753628e-12
1.860163468e+01  2.2720526e-12
1.861093550e+01  2.2691099e-12
1.862024097e+01  2.2670030e-12
1.862955109e+01  2.2682453e-12
1.863886586e+01  2.2951441e-12
1.864818530e+01  2.4328367e-12
1.865750939e+01  2.2743388e-12
1.866683814e+01  2.2518623e-12
1.867617156e+01  2.2448657e-12
1.868550965e+01  2.2398649e-12
1.869485240e+01  2.2358492e-12
1.870419983e+01  2.2317987e-12
1.871355193e+01  2.2282422e-12
1.872290871e+01  2.2244374e-12
1.873227016e+01  2.2209962e-12
1.874163630e+01  2.2169823e-12
1.875100711e+01  2.2134236e-12
1.876038262e+01  2.2098209e-12
1.876976281e+01  2.2063310e-12
1.877914769e+01  2.2030737e-12
1.878853726e+01  2.1990458e-12
1.879793153e+01  2.1954618e-12
1.880733050e+01  2.1919864e-12
1.881673416e+01  2.1883924e-12
1.882614253e+01  2.1848210e-12
1.883555560e+01  2.1812935e-12
1.884497338e+01  2.1777766e-12
1.885439587e+01  2.1742737e-12
1.886382306e+01  2.1707810e-12
1.887325498e+01  2.1673136e-12
1.888269160e+01  2.1639487e-12
1.889213295e+01  2.1604734e-12
1.890157902e+01  2.1571568e-12
1.891102981e+01  2.1561255e-12
1.892048532e+01  2.1504753e-12
1.892994556e+01  2.1470502e-12
1.893941054e+01  2.1438563e-12
1.894888024e+01  2.1409119e-12
1.895835468e+01  2.1389174e-12
1.896783386e+01  2.1360398e-12
1.897731778e+01  2.1349959e-12
1.898680643e+01  2.1379275e-12
1.899629984e+01  2.1557993e-12
1.900579799e+01  2.3232515e-12
1.901530089e+01  2.3931354e-12
1.902480854e+01  2.1577310e-12
1.903432094e+01  2.1231706e-12
1.904383810e+01  2.1118544e-12
1.905336002e+01  2.1056227e-12
1.906288670e+01  2.1002684e-12
1.907241814e+01  2.0961916e-12
1.908195435e+01  2.0951910e-12
1.909149533e+01  2.0884345e-12
1.910104108e+01  2.0846118e-12
1.911059160e+01  2.0811001e-12
1.912014689e+01  2.0775238e-12
1.912970697e+01  2.0740100e-12
1.913927182e+01  2.0705526e-12
1.914884146e+01  2.0671400e-12
1.915841588e+01  2.0637786e-12
1.916799509e+01  2.0604811e-12
1.917757908e+01  2.0571822e-12
1.918716787e+01  2.0539989e-12
1.919676146e+01  2.0510210e-12
1.920635984e+01  2.0484085e-12
1.921596302e+01  2.0474199e-12
1.922557100e+01  2.0625058e-12
1.923518378e+01  2.0705959e-12
1.924480138e+01  2.2373399e-12
1.925442378e+01  2.0585340e-12
1.926405099e+01  2.0335242e-12
1.927368301e+01  2.0275290e-12
1.928331986e+01  2.0246722e-12
1.929296152e+01  2.0253807e-12
1.930260800e+01  2.0443012e-12
1.931225930e+01  2.2500789e-12
1.932191543e+01  2.0542066e-12
1.933157639e+01  2.0238492e-12
1.934124218e+01  2.0713530e-12
1.935091280e+01  2.1786303e-12
1.936058825e+01  2.0190986e-12
1.937026855e+01  1.9972932e-12
1.937995368e+01  1.9911375e-12
1.938964366e+01  1.9852458e-12
1.939933848e+01  1.9809971e-12
1.940903815e+01  1.9774541e-12
1.941874267e+01  1.9743204e-12
1.942845204e+01  1.9704073e-12
1.943816627e+01  1.9671633e-12
1.944788535e+01  1.9635920e-12
1.945760929e+01  1.9602110e-12
1.946733810e+01  1.9567314e-12
1.947707177e+01  1.9533697e-12
1.948681030e+01  1.9500882e-12
1.949655371e+01  1.9468607e-12
1.950630198e+01  1.9436706e-12
1.951605513e+01  1.9406976e-12
1.952581316e+01  1.9408217e-12
1.953557607e+01  1.9438860e-12
1.954534386e+01  1.9315998e-12
1.955511653e+01  1.9288992e-12
1.956489409e+01  1.9246678e-12
1.957467653e+01  1.9224633e-12
1.958446387e+01  1.9324391e-12
1.959425610e+01  1.9175569e-12
1.960405323e+01  1.9119811e-12
1.961385526e+01  1.9087531e-12
1.962366219e+01  1.9057226e-12
1.963347402e+01  1.9027960e-12
1.964329075e+01  1.9000149e-12
1.965311240e+01  1.8974079e-12
1.966293896e+01  1.8951813e-12
1.967277043e+01  1.8934086e-12
1.968260681e+01  1.8930672e-12
1.969244811e+01  1.8949528e-12
1.970229434e+01  1.9054464e-12
1.971214549e+01  1.9500892e-12
1.972200156e+01  2.1690307e-12
1.973186256e+01  2.0902264e-12
1.974172849e+01  1.9184491e-12
1.975159935e+01  1.8840550e-12
1.976147515e+01  1.8707601e-12
1.977135589e+01  1.8636160e-12
1.978124157e+01  1.8582948e-12
1.979113219e+01  1.8539975e-12
1.980102776e+01  1.8501640e-12
1.981092827e+01  1.8467842e-12
1.982083373e+01  1.8471125e-12
1.983074415e+01  1.8421194e-12
1.984065952e+01  1.8373086e-12
1.985057985e+01  1.8348924e-12
1.986050514e+01  1.8324052e-12
1.987043540e+01  1.8306792e-12
1.988037061e+01  1.8316993e-12
1.989031080e+01  1.8406077e-12
1.990025595e+01  1.9218377e-12
1.991020608e+01  2.0988779e-12
1.992016119e+01  1.8662949e-12
1.993012127e+01  1.8239129e-12
1.994008633e+01  1.8125544e-12
1.995005637e+01  1.8049564e-12
1.996003140e+01  1.8013093e-12
1.997001141e+01  1.8008108e-12
1.997999642e+01  1.7932191e-12
1.998998642e+01  1.7894828e-12
1.999998141e+01  1.7862576e-12
results_cfg.txt
<OBJECT>Exoplanet
<OBJECT-NAME>HD 132406 b
<OBJECT-DATE>2025/04/28 18:18
<OBJECT-ORBIT>0.25000000,0.00000,908.00000000,239.00000,1.47675,2457164.000000
<OBJECT-SEASON>327.8
<OBJECT-PERIOD>908.00000000
<OBJECT-SOLAR-LONGITUDE>0.0
<OBJECT-SOLAR-LATITUDE>0.00
<OBJECT-OBS-LONGITUDE>32.19
<OBJECT-OBS-LATITUDE>26.00
<OBJECT-POSITION-ANGLE>0.00
<OBJECT-GRAVITY>10408.807
<OBJECT-GRAVITY-UNIT>rho
<OBJECT-STAR-RADIUS>1.35
<OBJECT-STAR-METALLICITY>0.14
<OBJECT-STAR-TYPE>G
<OBJECT-STAR-TEMPERATURE>5766.0
<OBJECT-OBS-VELOCITY>0.000
<OBJECT-STAR-DISTANCE>1.96900
<OBJECT-STAR-VELOCITY>0.12795
<OBJECT-INCLINATION>64.00
<OBJECT-SHAPE>Sphere
<GEOMETRY-ALTITUDE-UNIT>pc
<GEOMETRY-OBS-ALTITUDE>70.7832
<GEOMETRY-STAR-DISTANCE>1.345754e-02
<GEOMETRY-SOLAR-ANGLE>57.911
<GEOMETRY-OBS-ANGLE>48.121
<GEOMETRY-PLANET-FRACTION>1.000e+00
<GEOMETRY-BRDFSCALER>1.000
<GEOMETRY-TEMISSION>206.600
<GEOMETRY-AZIMUTH>0.000
<GEOMETRY-STAR-FRACTION>0.000000e+00
<GEOMETRY-ROTATION>-11.30,0.00
<GEOMETRY>Observatory
<ATMOSPHERE-DESCRIPTION>Parmentier+2014; Kempton_1.0Xsolar_cond
<ATMOSPHERE-STRUCTURE>Equilibrium
<ATMOSPHERE-WEIGHT>2.36
<ATMOSPHERE-PRESSURE>1.0000
<ATMOSPHERE-PUNIT>bar
<ATMOSPHERE-NGAS>6
<ATMOSPHERE-GAS>H2,He,H2O,CH4,CO2,CO
<ATMOSPHERE-TYPE>HIT[45],HIT[0],HIT[1],HIT[6],HIT[2],HIT[5]
<ATMOSPHERE-ABUN>1.0,1.0,1.0,1.0,1.0,1.0
<ATMOSPHERE-UNIT>scl,scl,scl,scl,scl,scl
<ATMOSPHERE-LAYERS-MOLECULES>H2,He,H2O,CH4,NH3,H2S,HF,N2,HCl,CO2,CO,COS,H2CO,C2H4
<ATMOSPHERE-LAYERS>50
<ATMOSPHERE-LAYER-1>1.0000e+03,9.0165e+02,8.3684e-01,1.6167e-01,6.7562e-04,4.8848e-04,1.3433e-04,3.0067e-05,5.8038e-08,2.0933e-08,1.0661e-07,1.4004e-15,6.7538e-13,8.7256e-19,9.9995e-16,1.2776e-15
<ATMOSPHERE-LAYER-2>6.5513e+02,7.9641e+02,8.3684e-01,1.6167e-01,6.7615e-04,4.8847e-04,1.3429e-04,3.0067e-05,5.8038e-08,6.7665e-09,1.0661e-07,1.0899e-16,2.9151e-14,3.7073e-20,3.4760e-17,4.0932e-17
<ATMOSPHERE-LAYER-3>4.2919e+02,7.0253e+02,8.3684e-01,1.6167e-01,6.7714e-04,4.8846e-04,1.3441e-04,3.0067e-05,5.8038e-08,1.6854e-09,1.0661e-07,5.4197e-18,7.3756e-16,9.2308e-22,7.2168e-19,7.7490e-19
<ATMOSPHERE-LAYER-4>2.8118e+02,6.1898e+02,8.3684e-01,1.6167e-01,6.7817e-04,4.8847e-04,1.3446e-04,3.0067e-05,5.8038e-08,2.8866e-10,1.0661e-07,1.4161e-19,8.6787e-18,1.0670e-23,7.1219e-21,6.8763e-21
<ATMOSPHERE-LAYER-5>1.8421e+02,5.4480e+02,8.3684e-01,1.6167e-01,6.7921e-04,4.8847e-04,1.3450e-04,3.0067e-05,5.8038e-08,3.3660e-11,1.0661e-07,1.8941e-21,4.5980e-20,5.5342e-26,3.2067e-23,2.7458e-23
<ATMOSPHERE-LAYER-6>1.2068e+02,4.7907e+02,8.3684e-01,1.6167e-01,6.8024e-04,4.8847e-04,1.3452e-04,3.0067e-05,5.8038e-08,2.9579e-12,8.0102e-08,1.5356e-23,1.3381e-22,1.5705e-28,7.9162e-26,5.9551e-26
<ATMOSPHERE-LAYER-7>7.9060e+01,4.2092e+02,8.3684e-01,1.6168e-01,6.8072e-04,4.8848e-04,1.3451e-04,3.0067e-05,5.8039e-08,1.7040e-13,5.2786e-08,5.8864e-26,1.5937e-25,1.8129e-31,7.9969e-29,5.2147e-29
<ATMOSPHERE-LAYER-8>5.1795e+01,3.6956e+02,8.3684e-01,1.6167e-01,6.8071e-04,4.8848e-04,1.3449e-04,3.0067e-05,5.8039e-08,4.7419e-15,6.4869e-20,6.0353e-29,3.9166e-29,4.2494e-35,1.6134e-32,8.9221e-33
<ATMOSPHERE-LAYER-9>3.3932e+01,3.2604e+02,8.3684e-01,1.6167e-01,6.8071e-04,4.8848e-04,1.3447e-04,3.0067e-05,5.8038e-08,1.3206e-16,1.8779e-30,6.0482e-32,9.2883e-33,9.5708e-39,3.0304e-36,1.4244e-36
<ATMOSPHERE-LAYER-10>2.2230e+01,2.9278e+02,8.3684e-01,1.6167e-01,6.8061e-04,4.8848e-04,1.3445e-04,3.0067e-05,5.8037e-08,5.6544e-18,6.9231e-32,1.2135e-34,4.9387e-36,4.8144e-42,1.1575e-39,4.7229e-40
<ATMOSPHERE-LAYER-11>1.4563e+01,2.6615e+02,8.3684e-01,1.6168e-01,6.8022e-04,4.8849e-04,1.3445e-04,3.0067e-05,5.8035e-08,9.1311e-20,2.2176e-34,3.7647e-38,2.7502e-40,2.4377e-46,3.9028e-44,1.3523e-44
<ATMOSPHERE-LAYER-12>9.5410e+00,2.4405e+02,8.3683e-01,1.6168e-01,6.7990e-04,4.8850e-04,1.3445e-04,3.0067e-05,5.8037e-08,3.4324e-21,9.6252e-40,5.3220e-41,9.3441e-44,7.6095e-50,8.1366e-48,2.4616e-48
<ATMOSPHERE-LAYER-13>6.2506e+00,2.2755e+02,8.3683e-01,1.6168e-01,6.7967e-04,4.8850e-04,1.3445e-04,3.0067e-05,5.8037e-08,3.6733e-22,1.6754e-47,4.9204e-43,2.9803e-46,0.0000e+00,1.6191e-50,0.0000e+00
<ATMOSPHERE-LAYER-14>4.0949e+00,2.1715e+02,8.3684e-01,1.6168e-01,6.7952e-04,4.8850e-04,1.3445e-04,3.0068e-05,5.8037e-08,1.2282e-22,0.0000e+00,3.5153e-44,1.0888e-47,0.0000e+00,0.0000e+00,0.0000e+00
<ATMOSPHERE-LAYER-15>2.6827e+00,2.1145e+02,8.3684e-01,1.6168e-01,6.7943e-04,4.8850e-04,1.3445e-04,3.0068e-05,5.8037e-08,9.8771e-23,0.0000e+00,1.2136e-44,2.6029e-48,0.0000e+00,0.0000e+00,0.0000e+00
<ATMOSPHERE-LAYER-16>1.7575e+00,2.0859e+02,8.3684e-01,1.6167e-01,6.7939e-04,4.8849e-04,1.3445e-04,3.0068e-05,5.8038e-08,1.3497e-22,0.0000e+00,1.0851e-44,1.9355e-48,0.0000e+00,0.0000e+00,0.0000e+00
<ATMOSPHERE-LAYER-17>1.1514e+00,2.0723e+02,8.3684e-01,1.6167e-01,6.7937e-04,4.8849e-04,1.3445e-04,3.0068e-05,5.8038e-08,2.4365e-22,0.0000e+00,1.5992e-44,2.6118e-48,0.0000e+00,0.0000e+00,0.0000e+00
<ATMOSPHERE-LAYER-18>7.5431e-01,2.0659e+02,8.3684e-01,1.6167e-01,6.7937e-04,4.8849e-04,1.3445e-04,3.0068e-05,5.8038e-08,5.0389e-22,0.0000e+00,3.0082e-44,4.7148e-48,0.0000e+00,0.0000e+00,0.0000e+00
<ATMOSPHERE-LAYER-19>4.9417e-01,2.0629e+02,8.3684e-01,1.6167e-01,6.7937e-04,4.8849e-04,1.3445e-04,3.0068e-05,5.8038e-08,1.1111e-21,0.0000e+00,6.3493e-44,9.7636e-48,0.0000e+00,0.0000e+00,0.0000e+00
<ATMOSPHERE-LAYER-20>3.2375e-01,2.0616e+02,8.3684e-01,1.6167e-01,6.7937e-04,4.8849e-04,1.3445e-04,3.0068e-05,5.8038e-08,2.5241e-21,0.0000e+00,1.4136e-43,2.1549e-47,0.0000e+00,0.0000e+00,0.0000e+00
<ATMOSPHERE-LAYER-21>2.1210e-01,2.0609e+02,8.3684e-01,1.6168e-01,6.7937e-04,4.8849e-04,1.3445e-04,3.0067e-05,5.8039e-08,5.8132e-21,0.0000e+00,3.2258e-43,4.8975e-47,0.0000e+00,0.0000e+00,0.0000e+00
<ATMOSPHERE-LAYER-22>1.3895e-01,2.0607e+02,8.3684e-01,1.6168e-01,6.7938e-04,4.8849e-04,1.3445e-04,3.0067e-05,5.8039e-08,1.3473e-20,0.0000e+00,7.4446e-43,1.1282e-46,0.0000e+00,0.0000e+00,0.0000e+00
<ATMOSPHERE-LAYER-23>9.1030e-02,2.0605e+02,8.3684e-01,1.6168e-01,6.7934e-04,4.8849e-04,1.3445e-04,3.0067e-05,5.8039e-08,3.1314e-20,0.0000e+00,1.7268e-42,2.6148e-46,0.0000e+00,0.0000e+00,0.0000e+00
<ATMOSPHERE-LAYER-24>5.9636e-02,2.0605e+02,8.3684e-01,1.6168e-01,6.7917e-04,4.8849e-04,1.3445e-04,3.0067e-05,5.8039e-08,7.2880e-20,1.7054e-49,4.0133e-42,6.0763e-46,0.0000e+00,0.0000e+00,0.0000e+00
<ATMOSPHERE-LAYER-25>3.9069e-02,2.0604e+02,8.3684e-01,1.6168e-01,6.7900e-04,4.8849e-04,1.3445e-04,3.0067e-05,5.8038e-08,1.6972e-19,7.3731e-43,9.3376e-42,1.4138e-45,0.0000e+00,0.0000e+00,0.0000e+00
<ATMOSPHERE-LAYER-26>2.5595e-02,2.0604e+02,8.3684e-01,1.6168e-01,6.7883e-04,4.8849e-04,1.3445e-04,3.0067e-05,5.8038e-08,3.9536e-19,3.1937e-36,2.1736e-41,3.2917e-45,0.0000e+00,0.0000e+00,0.0000e+00
<ATMOSPHERE-LAYER-27>1.6768e-02,2.0604e+02,8.3684e-01,1.6167e-01,6.7866e-04,4.8848e-04,1.3445e-04,3.0067e-05,5.8038e-08,9.2110e-19,1.3844e-29,5.0609e-41,7.6659e-45,0.0000e+00,0.0000e+00,0.0000e+00
<ATMOSPHERE-LAYER-28>1.0985e-02,2.0604e+02,8.3684e-01,1.6167e-01,6.7849e-04,4.8848e-04,1.3445e-04,3.0067e-05,5.8037e-08,2.1460e-18,6.0028e-23,1.1785e-40,1.7855e-44,1.2646e-50,0.0000e+00,0.0000e+00
<ATMOSPHERE-LAYER-29>7.1969e-03,2.0604e+02,8.3684e-01,1.6167e-01,6.7846e-04,4.8848e-04,1.3445e-04,3.0067e-05,5.8037e-08,5.0000e-18,3.3244e-21,2.7453e-40,4.1595e-44,2.9461e-50,0.0000e+00,0.0000e+00
<ATMOSPHERE-LAYER-30>4.7149e-03,2.0604e+02,8.3684e-01,1.6167e-01,6.7845e-04,4.8846e-04,1.3445e-04,3.0066e-05,5.8037e-08,1.1649e-17,7.3598e-21,6.3961e-40,9.6911e-44,6.8638e-50,0.0000e+00,0.0000e+00
<ATMOSPHERE-LAYER-31>3.0888e-03,2.0604e+02,8.3684e-01,1.6167e-01,6.7845e-04,4.8845e-04,1.3445e-04,3.0066e-05,5.8037e-08,2.7141e-17,1.6294e-20,1.4902e-39,2.2579e-43,1.5991e-49,0.0000e+00,0.0000e+00
<ATMOSPHERE-LAYER-32>2.0236e-03,2.0604e+02,8.3684e-01,1.6167e-01,6.7845e-04,4.8844e-04,1.3445e-04,3.0066e-05,5.8037e-08,6.3235e-17,3.6073e-20,3.4720e-39,5.2606e-43,3.7258e-49,0.0000e+00,0.0000e+00
<ATMOSPHERE-LAYER-33>1.3257e-03,2.0604e+02,8.3684e-01,1.6167e-01,6.7845e-04,4.8843e-04,1.3445e-04,3.0065e-05,5.8037e-08,1.4733e-16,7.9861e-20,8.0894e-39,1.2257e-42,8.6805e-49,1.3251e-50,0.0000e+00
<ATMOSPHERE-LAYER-34>8.6851e-04,2.0604e+02,8.3684e-01,1.6167e-01,6.7845e-04,4.8843e-04,1.3444e-04,3.0065e-05,5.8038e-08,3.4323e-16,1.7680e-19,1.8848e-38,2.8557e-42,2.0225e-48,2.0227e-50,0.0000e+00
<ATMOSPHERE-LAYER-35>5.6899e-04,2.0604e+02,8.3684e-01,1.6167e-01,6.7845e-04,4.8843e-04,1.3442e-04,3.0066e-05,5.8038e-08,7.9946e-16,3.9141e-19,4.3914e-38,6.6537e-42,4.7124e-48,3.0875e-50,0.0000e+00
<ATMOSPHERE-LAYER-36>3.7276e-04,2.0604e+02,8.3684e-01,1.6167e-01,6.7846e-04,4.8842e-04,1.3439e-04,3.0066e-05,5.8038e-08,1.8621e-15,8.6653e-19,1.0232e-37,1.5503e-41,1.0980e-47,4.7128e-50,1.1304e-50
<ATMOSPHERE-LAYER-37>2.4421e-04,2.0604e+02,8.3684e-01,1.6167e-01,6.7846e-04,4.8842e-04,1.3437e-04,3.0066e-05,5.8038e-08,4.3372e-15,1.9183e-18,2.3840e-37,3.6121e-41,2.5583e-47,7.1937e-50,1.7255e-50
<ATMOSPHERE-LAYER-38>1.5999e-04,2.0604e+02,8.3684e-01,1.6167e-01,6.7847e-04,4.8842e-04,1.3435e-04,3.0067e-05,5.8038e-08,1.0102e-14,4.2469e-18,5.5547e-37,8.4161e-41,5.9608e-47,1.0981e-49,2.6338e-50
<ATMOSPHERE-LAYER-39>1.0481e-04,2.0604e+02,8.3684e-01,1.6167e-01,6.7847e-04,4.8842e-04,1.3433e-04,3.0067e-05,5.8038e-08,2.3531e-14,9.4020e-18,1.2942e-36,1.9609e-40,1.3889e-46,1.6761e-49,4.0203e-50
<ATMOSPHERE-LAYER-40>6.8665e-05,2.0604e+02,8.3683e-01,1.6167e-01,6.8949e-04,4.8843e-04,1.3353e-04,3.0067e-05,5.8038e-08,5.4174e-14,2.0815e-17,3.1145e-36,4.6433e-40,3.2887e-46,2.6001e-49,6.1369e-50
<ATMOSPHERE-LAYER-41>4.4984e-05,2.0604e+02,8.3682e-01,1.6167e-01,7.0211e-04,4.8843e-04,1.3263e-04,3.0066e-05,5.8037e-08,1.2454e-13,4.6081e-17,7.5251e-36,1.1017e-39,7.8032e-46,4.0416e-49,9.3679e-50
<ATMOSPHERE-LAYER-42>2.9471e-05,2.0604e+02,8.3680e-01,1.6167e-01,7.1496e-04,4.8843e-04,1.3175e-04,3.0066e-05,5.8037e-08,2.8632e-13,1.0202e-16,1.8182e-35,2.6141e-39,1.8515e-45,6.2823e-49,1.4300e-49
<ATMOSPHERE-LAYER-43>1.9307e-05,2.0604e+02,8.3679e-01,1.6167e-01,7.2804e-04,4.8844e-04,1.3086e-04,3.0066e-05,5.8037e-08,6.5824e-13,2.2585e-16,4.3930e-35,6.2024e-39,4.3930e-45,9.7653e-49,2.1829e-49
<ATMOSPHERE-LAYER-44>1.2649e-05,2.0604e+02,8.3678e-01,1.6167e-01,7.4136e-04,4.8844e-04,1.2999e-04,3.0065e-05,5.8036e-08,1.5133e-12,5.0001e-16,1.0614e-34,1.4716e-38,1.0423e-44,1.5179e-48,3.3321e-49
<ATMOSPHERE-LAYER-45>8.2864e-06,2.0604e+02,8.3678e-01,1.6167e-01,7.4280e-04,4.8844e-04,1.2826e-04,3.0116e-05,5.8036e-08,3.4328e-12,1.1070e-15,2.4827e-34,3.4355e-38,2.4374e-44,2.3215e-48,5.0862e-49
<ATMOSPHERE-LAYER-46>5.4287e-06,2.0604e+02,8.3679e-01,1.6167e-01,7.2932e-04,4.8844e-04,1.2551e-04,3.0232e-05,5.8036e-08,7.6581e-12,2.4506e-15,5.5762e-34,7.8590e-38,5.5971e-44,3.4792e-48,7.7635e-49
<ATMOSPHERE-LAYER-47>3.5565e-06,2.0604e+02,8.3681e-01,1.6167e-01,7.1609e-04,4.8845e-04,1.2281e-04,3.0348e-05,5.8036e-08,1.7084e-11,5.4253e-15,1.2524e-33,1.7978e-37,1.2853e-43,5.2141e-48,1.1850e-48
<ATMOSPHERE-LAYER-48>2.3300e-06,2.0604e+02,8.3682e-01,1.6167e-01,7.0310e-04,4.8845e-04,1.2018e-04,3.0464e-05,5.8036e-08,3.8113e-11,1.2011e-14,2.8130e-33,4.1126e-37,2.9514e-43,7.8143e-48,1.8088e-48
<ATMOSPHERE-LAYER-49>1.5264e-06,2.0604e+02,8.3683e-01,1.6167e-01,6.9034e-04,4.8845e-04,1.1760e-04,3.0581e-05,5.8036e-08,8.5025e-11,2.6590e-14,6.3181e-33,9.4079e-37,6.7773e-43,1.1711e-47,2.7608e-48
<ATMOSPHERE-LAYER-50>1.0000e-06,2.0604e+02,8.3685e-01,1.6167e-01,6.7782e-04,4.8845e-04,1.1507e-04,3.0698e-05,5.8036e-08,1.8968e-10,5.8865e-14,1.4191e-32,2.1521e-36,1.5563e-42,1.7551e-47,4.2141e-48
<SURFACE-MODEL>Lambert
<SURFACE-PHASEMODEL>ISO
<SURFACE-ALBEDO>0.173
<SURFACE-EMISSIVITY>0.827
<SURFACE-TEMPERATURE>206.6
<GENERATOR-RANGE1>0.4
<GENERATOR-RANGE2>20
<GENERATOR-RANGEUNIT>um
<GENERATOR-RESOLUTION>200
<GENERATOR-RESOLUTIONUNIT>RP
<GENERATOR-TELESCOPE>SINGLE
<GENERATOR-DIAMTELE>5.64
<GENERATOR-BEAM>1.0
<GENERATOR-BEAM-UNIT>diffrac
<GENERATOR-GAS-MODEL>Y
<GENERATOR-CONT-MODEL>Y
<GENERATOR-CONT-STELLAR>N
<GENERATOR-TRANS-APPLY>N
<GENERATOR-TRANS-SHOW>N
<GENERATOR-RADUNITS>ppm
<GENERATOR-RESOLUTIONKERNEL>Y
results_lyr.txt
# ----------------------------------------------------------------------------------------------
# NASA-GSFC Planetary Spectrum Generator (PSG, Villanueva et al. 2018, 2022)
# Single scattering radiative transfer method, LMAX:0 / gMAX:0.00
# Synthesized on Tue Apr 29 02:15:39 2025
# Radiative transfer took 7.910 seconds
# Radiative transfer method: correlated-k (med)
# Synthesis resolution [cm-1], l/dl, points and fine scaler: 1.249e+01 2.001e+03 7.827e+03 1
# ----------------------------------------------------------------------------------------------
# Molecular abundance profile: Parmentier+2014; Kempton_1.0Xsolar_cond
# Molecules considered: H2,He,H2O,CH4,CO2,CO
# Molecular sources: HIT[45],HIT[0],HIT[1],HIT[6],HIT[2],HIT[5]
# Molecular abundances: 1.0,1.0,1.0,1.0,1.0,1.0
# Molecular abundance units: scl,scl,scl,scl,scl,scl
# Collisional partners (H2 type): Air:0%, H2:100%, He:0%, CO2:0%
# UV cross-sections included:  H2 H2O CH4 CO2 CO
# Collision-Induced-Absorption:  CH4-CH4  CH4-He  H2-CH4  H2-H2  H2-He  H2O-H2O 
# Molecular Rayleigh included
# Refraction included (rmax-1.0, max total bending [deg]): 1.870141e-04 1.708099e-02
# ----------------------------------------------------------------------------------------------
# Input layer-by-layer atmospheric profile
# Molecular abundances in molec/molec and aerosols in kg/kg
# ----------------------------------------------------------------------------------------------
#  Layer Alt[km] Pressure[bar] Temp[K] Density[m-3] Mass[g/mol]         H2         He        H2O        CH4        CO2         CO
# ----------------------------------------------------------------------------------------------
#    1     0.000   1.000e+00   206.600   3.506e+25    2.354773   8.368e-01  1.617e-01  6.794e-04  4.885e-04  3.008e-44  4.715e-48
#    2     0.011   7.543e-01   206.590   2.645e+25    2.354773   8.368e-01  1.617e-01  6.794e-04  4.885e-04  3.008e-44  4.715e-48
#    3     0.028   4.942e-01   206.290   1.735e+25    2.354773   8.368e-01  1.617e-01  6.794e-04  4.885e-04  6.349e-44  9.764e-48
#    4     0.044   3.237e-01   206.160   1.137e+25    2.354773   8.368e-01  1.617e-01  6.794e-04  4.885e-04  1.414e-43  2.155e-47
#    5     0.061   2.121e-01   206.090   7.454e+24    2.354789   8.368e-01  1.617e-01  6.794e-04  4.885e-04  3.226e-43  4.897e-47
#    6     0.078   1.389e-01   206.070   4.884e+24    2.354789   8.368e-01  1.617e-01  6.794e-04  4.885e-04  7.445e-43  1.128e-46
#    7     0.094   9.103e-02   206.050   3.200e+24    2.354789   8.368e-01  1.617e-01  6.793e-04  4.885e-04  1.727e-42  2.615e-46
#    8     0.111   5.964e-02   206.050   2.096e+24    2.354786   8.368e-01  1.617e-01  6.792e-04  4.885e-04  4.013e-42  6.076e-46
#    9     0.127   3.907e-02   206.040   1.373e+24    2.354783   8.368e-01  1.617e-01  6.790e-04  4.885e-04  9.338e-42  1.414e-45
#   10     0.144   2.559e-02   206.040   8.997e+23    2.354781   8.368e-01  1.617e-01  6.788e-04  4.885e-04  2.174e-41  3.292e-45
#   11     0.161   1.677e-02   206.040   5.894e+23    2.354761   8.368e-01  1.617e-01  6.787e-04  4.885e-04  5.061e-41  7.666e-45
#   12     0.177   1.098e-02   206.040   3.862e+23    2.354759   8.368e-01  1.617e-01  6.785e-04  4.885e-04  1.178e-40  1.786e-44
#   13     0.194   7.197e-03   206.040   2.530e+23    2.354758   8.368e-01  1.617e-01  6.785e-04  4.885e-04  2.745e-40  4.160e-44
#   14     0.210   4.715e-03   206.040   1.657e+23    2.354758   8.368e-01  1.617e-01  6.785e-04  4.885e-04  6.396e-40  9.691e-44
#   15     0.227   3.089e-03   206.040   1.086e+23    2.354758   8.368e-01  1.617e-01  6.785e-04  4.884e-04  1.490e-39  2.258e-43
#   16     0.244   2.024e-03   206.040   7.114e+22    2.354758   8.368e-01  1.617e-01  6.785e-04  4.884e-04  3.472e-39  5.261e-43
#   17     0.260   1.326e-03   206.040   4.660e+22    2.354758   8.368e-01  1.617e-01  6.785e-04  4.884e-04  8.089e-39  1.226e-42
#   18     0.277   8.685e-04   206.040   3.053e+22    2.354758   8.368e-01  1.617e-01  6.785e-04  4.884e-04  1.885e-38  2.856e-42
#   19     0.293   5.690e-04   206.040   2.000e+22    2.354758   8.368e-01  1.617e-01  6.785e-04  4.884e-04  4.391e-38  6.654e-42
#   20     0.310   3.728e-04   206.040   1.310e+22    2.354758   8.368e-01  1.617e-01  6.785e-04  4.884e-04  1.023e-37  1.550e-41
#   21     0.327   2.442e-04   206.040   8.585e+21    2.354758   8.368e-01  1.617e-01  6.785e-04  4.884e-04  2.384e-37  3.612e-41
#   22     0.343   1.600e-04   206.040   5.624e+21    2.354758   8.368e-01  1.617e-01  6.785e-04  4.884e-04  5.555e-37  8.416e-41
#   23     0.360   1.048e-04   206.040   3.684e+21    2.354758   8.368e-01  1.617e-01  6.785e-04  4.884e-04  1.294e-36  1.961e-40
#   24     0.376   6.866e-05   206.040   2.414e+21    2.354934   8.368e-01  1.617e-01  6.895e-04  4.884e-04  3.114e-36  4.643e-40
#   25     0.393   4.498e-05   206.040   1.581e+21    2.355135   8.368e-01  1.617e-01  7.021e-04  4.884e-04  7.525e-36  1.102e-39
#   26     0.409   2.947e-05   206.040   1.036e+21    2.355343   8.368e-01  1.617e-01  7.150e-04  4.884e-04  1.818e-35  2.614e-39
#   27     0.426   1.931e-05   206.040   6.787e+20    2.355551   8.368e-01  1.617e-01  7.280e-04  4.884e-04  4.393e-35  6.202e-39
#   28     0.443   1.265e-05   206.040   4.447e+20    2.355763   8.368e-01  1.617e-01  7.414e-04  4.884e-04  1.061e-34  1.472e-38
#   29     0.459   8.286e-06   206.040   2.913e+20    2.355786   8.368e-01  1.617e-01  7.428e-04  4.884e-04  2.483e-34  3.435e-38
#   30     0.476   5.429e-06   206.040   1.908e+20    2.355571   8.368e-01  1.617e-01  7.293e-04  4.884e-04  5.576e-34  7.859e-38
#   31     0.492   3.557e-06   206.040   1.250e+20    2.355357   8.368e-01  1.617e-01  7.161e-04  4.884e-04  1.252e-33  1.798e-37
#   32     0.509   2.330e-06   206.040   8.191e+19    2.355151   8.368e-01  1.617e-01  7.031e-04  4.884e-04  2.813e-33  4.113e-37
#   33     0.526   1.526e-06   206.040   5.366e+19    2.354947   8.368e-01  1.617e-01  6.903e-04  4.884e-04  6.318e-33  9.408e-37
#   34     0.542   1.000e-06   206.040   3.515e+19    2.354744   8.368e-01  1.617e-01  6.778e-04  4.884e-04  1.419e-32  2.152e-36
#
# ----------------------------------------------------------------------------------------------
# Integrated column densities and layer information used by the radiative transfer analysis
# Oblique molecular layer columns in molec/m2 and aerosols in kg/m2
# Layers organized in order of the radiation towards the observer, with last line referring to the location of the observer
# ----------------------------------------------------------------------------------------------
#   Low[km]  High[km]  Path[km] Pressure[bar] Temp[K]   Airmass   dcol[m-2]         H2         He        H2O        CH4        CO2         CO
# ----------------------------------------------------------------------------------------------
#     0.000     0.011     0.017   8.754e-01   206.595    1.4925   5.082e+26  4.253e+26  8.216e+25  3.452e+23  2.482e+23  0.000e+00  0.000e+00
#     0.011     0.028     0.025   6.215e-01   206.453    1.4812   5.370e+26  4.494e+26  8.682e+25  3.648e+23  2.623e+23  2.275e-17  0.000e+00
#     0.028     0.044     0.025   4.072e-01   206.230    1.4820   3.520e+26  2.946e+26  5.691e+25  2.392e+23  1.720e+23  3.225e-17  0.000e+00
#     0.044     0.061     0.025   2.668e-01   206.128    1.4828   2.308e+26  1.931e+26  3.731e+25  1.568e+23  1.127e+23  4.759e-17  0.000e+00
#     0.061     0.078     0.025   1.748e-01   206.081    1.4821   1.511e+26  1.265e+26  2.443e+25  1.027e+23  7.382e+22  7.149e-17  0.000e+00
#     0.078     0.094     0.025   1.145e-01   206.061    1.4829   9.905e+25  8.289e+25  1.601e+25  6.729e+22  4.839e+22  1.084e-16  0.000e+00
#     0.094     0.111     0.025   7.500e-02   206.050    1.4825   6.488e+25  5.429e+25  1.049e+25  4.407e+22  3.169e+22  1.648e-16  0.000e+00
#     0.111     0.127     0.025   4.914e-02   206.045    1.4830   4.252e+25  3.558e+25  6.874e+24  2.887e+22  2.077e+22  2.512e-16  0.000e+00
#     0.127     0.144     0.025   3.219e-02   206.040    1.4824   2.784e+25  2.330e+25  4.502e+24  1.890e+22  1.360e+22  3.828e-16  0.000e+00
#     0.144     0.161     0.025   2.109e-02   206.040    1.4826   1.824e+25  1.527e+25  2.949e+24  1.238e+22  8.911e+21  5.839e-16  0.000e+00
#     0.161     0.177     0.025   1.382e-02   206.040    1.4826   1.195e+25  1.000e+25  1.932e+24  8.110e+21  5.838e+21  8.907e-16  0.000e+00
#     0.177     0.194     0.025   9.051e-03   206.040    1.4827   7.829e+24  6.552e+24  1.266e+24  5.312e+21  3.824e+21  1.359e-15  0.000e+00
#     0.194     0.210     0.025   5.930e-03   206.040    1.4826   5.130e+24  4.293e+24  8.293e+23  3.480e+21  2.506e+21  2.074e-15  3.143e-19
#     0.210     0.227     0.025   3.885e-03   206.040    1.4825   3.361e+24  2.812e+24  5.433e+23  2.280e+21  1.641e+21  3.166e-15  4.797e-19
#     0.227     0.244     0.025   2.545e-03   206.040    1.4828   2.202e+24  1.843e+24  3.560e+23  1.494e+21  1.075e+21  4.833e-15  7.323e-19
#     0.244     0.260     0.025   1.667e-03   206.040    1.4824   1.442e+24  1.207e+24  2.332e+23  9.785e+20  7.044e+20  7.375e-15  1.118e-18
#     0.260     0.277     0.025   1.092e-03   206.040    1.4822   9.447e+23  7.905e+23  1.527e+23  6.409e+20  4.614e+20  1.126e-14  1.705e-18
#     0.277     0.293     0.025   7.156e-04   206.040    1.4824   6.190e+23  5.180e+23  1.001e+23  4.199e+20  3.023e+20  1.718e-14  2.604e-18
#     0.293     0.310     0.025   4.688e-04   206.040    1.4825   4.055e+23  3.394e+23  6.557e+22  2.751e+20  1.981e+20  2.623e-14  3.975e-18
#     0.310     0.327     0.025   3.071e-04   206.040    1.4826   2.657e+23  2.223e+23  4.295e+22  1.803e+20  1.298e+20  4.004e-14  6.067e-18
#     0.327     0.343     0.025   2.012e-04   206.040    1.4829   1.741e+23  1.457e+23  2.815e+22  1.181e+20  8.504e+19  6.114e-14  9.263e-18
#     0.343     0.360     0.025   1.318e-04   206.040    1.4830   1.141e+23  9.546e+22  1.844e+22  7.740e+19  5.572e+19  9.333e-14  1.414e-17
#     0.360     0.376     0.025   8.636e-05   206.040    1.4821   7.468e+22  6.249e+22  1.207e+22  5.104e+19  3.647e+19  1.445e-13  2.173e-17
#     0.376     0.393     0.025   5.658e-05   206.040    1.4826   4.894e+22  4.095e+22  7.911e+21  3.402e+19  2.390e+19  2.283e-13  3.375e-17
#     0.393     0.409     0.025   3.707e-05   206.040    1.4832   3.207e+22  2.683e+22  5.184e+21  2.270e+19  1.566e+19  3.614e-13  5.247e-17
#     0.409     0.426     0.025   2.428e-05   206.040    1.4828   2.100e+22  1.758e+22  3.396e+21  1.514e+19  1.026e+19  5.719e-13  8.155e-17
#     0.426     0.443     0.025   1.591e-05   206.040    1.4831   1.376e+22  1.151e+22  2.225e+21  1.010e+19  6.721e+18  9.053e-13  1.268e-16
#     0.443     0.459     0.025   1.042e-05   206.040    1.4829   9.015e+21  7.543e+21  1.457e+21  6.689e+18  4.403e+18  1.412e-12  1.956e-16
#     0.459     0.476     0.025   6.828e-06   206.040    1.4830   5.906e+21  4.942e+21  9.548e+20  4.350e+18  2.885e+18  2.124e-12  2.964e-16
#     0.476     0.492     0.025   4.473e-06   206.040    1.4829   3.869e+21  3.238e+21  6.256e+20  2.798e+18  1.890e+18  3.125e-12  4.442e-16
#     0.492     0.509     0.025   2.930e-06   206.040    1.4832   2.536e+21  2.122e+21  4.099e+20  1.801e+18  1.239e+18  4.600e-12  6.658e-16
#     0.509     0.526     0.025   1.920e-06   206.040    1.4826   1.661e+21  1.390e+21  2.685e+20  1.158e+18  8.113e+17  6.767e-12  9.977e-16
#     0.526     0.542     0.025   1.258e-06   206.040    1.4825   1.088e+21  9.104e+20  1.759e+20  7.448e+17  5.314e+17  9.956e-12  1.495e-15
# ----------------------------------------------------------------------------------------------
# Integrated atmospheric columns                         1.4846   2.066e+27  1.729e+27  3.341e+26  1.404e+24  1.009e+24  3.047e-11  4.451e-15
# ----------------------------------------------------------------------------------------------
results_rad.txt
# ------------------------------------------------------------------------
# Radiance spectrum
# NASA-GSFC Planetary Spectrum Generator (PSG) (Villanueva et al. 2018, 2022)
# Synthesized on Tue Apr 29 02:15:39 2025
# Doppler velocities [km/s] (vobs,vrot+vorb,vwidth,vrfl,vstr): 0.00000,-11.30000,0.00000,-0.12757,0.06128
# ------------------------------------------------------------------------
# Spectra synthesized with the Planetary and Universal Model of Atmospheric Scattering (PUMAS, Villanueva et al. 2018, 2022)
# Single scattering radiative transfer method
# Radiative transfer took 7.910 seconds
# ------------------------------------------------------------------------
# Spectral unit: Wavelength [um]
# Radiance unit: Contrast [ppm]
# Wave/freq Total Stellar HD-132406-b
4.000000000e-01 -6.3835002e+02  1.00000e+06  7.64465e-05
4.002000000e-01 -4.7075635e+02  1.00000e+06  7.64593e-05
4.004001000e-01 -3.3673738e+02  1.00000e+06  7.64694e-05
4.006003000e-01 -2.3371799e+02  1.00000e+06  7.64772e-05
4.008006002e-01 -1.5775828e+02  1.00000e+06  7.64829e-05
4.010010005e-01 -1.0413393e+02  1.00000e+06  7.64869e-05
4.012015010e-01 -6.7944697e+01  1.00000e+06  7.64896e-05
4.014021018e-01 -4.4627726e+01  1.00000e+06  7.64912e-05
4.016028028e-01 -3.0299784e+01  1.00000e+06  7.64922e-05
4.018036042e-01 -2.1909534e+01  1.00000e+06  7.64927e-05
4.020045060e-01 -1.7229372e+01  1.00000e+06  7.64929e-05
4.022055083e-01 -1.4742135e+01  1.00000e+06  7.64930e-05
4.024066110e-01 -1.3481044e+01  1.00000e+06  7.64929e-05
4.026078143e-01 -1.2868506e+01  1.00000e+06  7.64929e-05
4.028091182e-01 -1.2580479e+01  1.00000e+06  7.64927e-05
4.030105228e-01 -1.2446051e+01  1.00000e+06  7.64926e-05
4.032120280e-01 -1.2380390e+01  1.00000e+06  7.64925e-05
4.034136341e-01 -1.2343843e+01  1.00000e+06  7.64924e-05
4.036153409e-01 -1.2318946e+01  1.00000e+06  7.64922e-05
4.038171485e-01 -1.2298447e+01  1.00000e+06  7.64921e-05
4.040190571e-01 -1.2279504e+01  1.00000e+06  7.64920e-05
4.042210666e-01 -1.2261068e+01  1.00000e+06  7.64919e-05
4.044231772e-01 -1.2242600e+01  1.00000e+06  7.64917e-05
4.046253888e-01 -1.2224098e+01  1.00000e+06  7.64916e-05
4.048277015e-01 -1.2205564e+01  1.00000e+06  7.64915e-05
4.050301153e-01 -1.2186997e+01  1.00000e+06  7.64913e-05
4.052326304e-01 -1.2168397e+01  1.00000e+06  7.64912e-05
4.054352467e-01 -1.2149764e+01  1.00000e+06  7.64911e-05
4.056379643e-01 -1.2131099e+01  1.00000e+06  7.64909e-05
4.058407833e-01 -1.2112402e+01  1.00000e+06  7.64908e-05
4.060437037e-01 -1.2093672e+01  1.00000e+06  7.64907e-05
4.062467255e-01 -1.2074909e+01  1.00000e+06  7.64906e-05
4.064498489e-01 -1.2056114e+01  1.00000e+06  7.64904e-05
4.066530738e-01 -1.2037287e+01  1.00000e+06  7.64903e-05
4.068564004e-01 -1.2018428e+01  1.00000e+06  7.64902e-05
4.070598286e-01 -1.1999536e+01  1.00000e+06  7.64900e-05
4.072633585e-01 -1.1980613e+01  1.00000e+06  7.64899e-05
4.074669902e-01 -1.1961657e+01  1.00000e+06  7.64898e-05
4.076707237e-01 -1.1942669e+01  1.00000e+06  7.64897e-05
4.078745590e-01 -1.1923650e+01  1.00000e+06  7.64895e-05
4.080784963e-01 -1.1904598e+01  1.00000e+06  7.64894e-05
4.082825355e-01 -1.1885515e+01  1.00000e+06  7.64893e-05
4.084866768e-01 -1.1866400e+01  1.00000e+06  7.64892e-05
4.086909201e-01 -1.1847254e+01  1.00000e+06  7.64890e-05
4.088952656e-01 -1.1828075e+01  1.00000e+06  7.64889e-05
4.090997132e-01 -1.1808866e+01  1.00000e+06  7.64888e-05
4.093042631e-01 -1.1789624e+01  1.00000e+06  7.64887e-05
4.095089152e-01 -1.1770352e+01  1.00000e+06  7.64885e-05
4.097136697e-01 -1.1751047e+01  1.00000e+06  7.64884e-05
4.099185265e-01 -1.1731712e+01  1.00000e+06  7.64883e-05
4.101234858e-01 -1.1712345e+01  1.00000e+06  7.64882e-05
4.103285475e-01 -1.1692948e+01  1.00000e+06  7.64881e-05
4.105337118e-01 -1.1673519e+01  1.00000e+06  7.64879e-05
4.107389787e-01 -1.1654059e+01  1.00000e+06  7.64878e-05
4.109443481e-01 -1.1634567e+01  1.00000e+06  7.64877e-05
4.111498203e-01 -1.1615045e+01  1.00000e+06  7.64876e-05
4.113553952e-01 -1.1595493e+01  1.00000e+06  7.64874e-05
4.115610729e-01 -1.1575909e+01  1.00000e+06  7.64873e-05
4.117668535e-01 -1.1556294e+01  1.00000e+06  7.64872e-05
4.119727369e-01 -1.1536649e+01  1.00000e+06  7.64871e-05
4.121787233e-01 -1.1516973e+01  1.00000e+06  7.64870e-05
4.123848126e-01 -1.1497267e+01  1.00000e+06  7.64868e-05
4.125910050e-01 -1.1477530e+01  1.00000e+06  7.64867e-05
4.127973005e-01 -1.1457762e+01  1.00000e+06  7.64866e-05
4.130036992e-01 -1.1437964e+01  1.00000e+06  7.64865e-05
4.132102010e-01 -1.1418136e+01  1.00000e+06  7.64864e-05
4.134168061e-01 -1.1398278e+01  1.00000e+06  7.64862e-05
4.136235145e-01 -1.1378389e+01  1.00000e+06  7.64861e-05
4.138303263e-01 -1.1358470e+01  1.00000e+06  7.64860e-05
4.140372415e-01 -1.1338521e+01  1.00000e+06  7.64859e-05
4.142442601e-01 -1.1318542e+01  1.00000e+06  7.64858e-05
4.144513822e-01 -1.1298533e+01  1.00000e+06  7.64856e-05
4.146586079e-01 -1.1278494e+01  1.00000e+06  7.64855e-05
4.148659372e-01 -1.1258425e+01  1.00000e+06  7.64854e-05
4.150733702e-01 -1.1238326e+01  1.00000e+06  7.64853e-05
4.152809069e-01 -1.1218197e+01  1.00000e+06  7.64852e-05
4.154885473e-01 -1.1198039e+01  1.00000e+06  7.64850e-05
4.156962916e-01 -1.1177851e+01  1.00000e+06  7.64849e-05
4.159041397e-01 -1.1157634e+01  1.00000e+06  7.64848e-05
4.161120918e-01 -1.1137387e+01  1.00000e+06  7.64847e-05
4.163201478e-01 -1.1117110e+01  1.00000e+06  7.64846e-05
4.165283079e-01 -1.1096804e+01  1.00000e+06  7.64844e-05
4.167365721e-01 -1.1076469e+01  1.00000e+06  7.64843e-05
4.169449404e-01 -1.1056105e+01  1.00000e+06  7.64842e-05
4.171534128e-01 -1.1035711e+01  1.00000e+06  7.64841e-05
4.173619895e-01 -1.1015288e+01  1.00000e+06  7.64840e-05
4.175706705e-01 -1.0994836e+01  1.00000e+06  7.64839e-05
4.177794559e-01 -1.0974355e+01  1.00000e+06  7.64838e-05
4.179883456e-01 -1.0953844e+01  1.00000e+06  7.64836e-05
4.181973398e-01 -1.0933305e+01  1.00000e+06  7.64835e-05
4.184064384e-01 -1.0912737e+01  1.00000e+06  7.64834e-05
4.186156417e-01 -1.0892140e+01  1.00000e+06  7.64833e-05
4.188249495e-01 -1.0871515e+01  1.00000e+06  7.64832e-05
4.190343619e-01 -1.0850860e+01  1.00000e+06  7.64831e-05
4.192438791e-01 -1.0830177e+01  1.00000e+06  7.64830e-05
4.194535011e-01 -1.0809466e+01  1.00000e+06  7.64829e-05
4.196632278e-01 -1.0788726e+01  1.00000e+06  7.64828e-05
4.198730594e-01 -1.0767957e+01  1.00000e+06  7.64826e-05
4.200829960e-01 -1.0747160e+01  1.00000e+06  7.64825e-05
4.202930375e-01 -1.0726334e+01  1.00000e+06  7.64824e-05
4.205031840e-01 -1.0705481e+01  1.00000e+06  7.64823e-05
4.207134356e-01 -1.0684599e+01  1.00000e+06  7.64822e-05
4.209237923e-01 -1.0663688e+01  1.00000e+06  7.64821e-05
4.211342542e-01 -1.0642750e+01  1.00000e+06  7.64820e-05
4.213448213e-01 -1.0621783e+01  1.00000e+06  7.64819e-05
4.215554937e-01 -1.0600789e+01  1.00000e+06  7.64818e-05
4.217662715e-01 -1.0579766e+01  1.00000e+06  7.64817e-05
4.219771546e-01 -1.0558716e+01  1.00000e+06  7.64816e-05
4.221881432e-01 -1.0537638e+01  1.00000e+06  7.64814e-05
4.223992373e-01 -1.0516531e+01  1.00000e+06  7.64813e-05
4.226104369e-01 -1.0495398e+01  1.00000e+06  7.64812e-05
4.228217421e-01 -1.0474236e+01  1.00000e+06  7.64811e-05
4.230331530e-01 -1.0453047e+01  1.00000e+06  7.64810e-05
4.232446695e-01 -1.0431830e+01  1.00000e+06  7.64809e-05
4.234562919e-01 -1.0410586e+01  1.00000e+06  7.64808e-05
4.236680200e-01 -1.0389314e+01  1.00000e+06  7.64807e-05
4.238798540e-01 -1.0368015e+01  1.00000e+06  7.64806e-05
4.240917940e-01 -1.0346688e+01  1.00000e+06  7.64805e-05
4.243038399e-01 -1.0325334e+01  1.00000e+06  7.64804e-05
4.245159918e-01 -1.0303953e+01  1.00000e+06  7.64803e-05
4.247282498e-01 -1.0282545e+01  1.00000e+06  7.64801e-05
4.249406139e-01 -1.0261109e+01  1.00000e+06  7.64800e-05
4.251530842e-01 -1.0239647e+01  1.00000e+06  7.64799e-05
4.253656607e-01 -1.0218157e+01  1.00000e+06  7.64798e-05
4.255783436e-01 -1.0196641e+01  1.00000e+06  7.64797e-05
4.257911327e-01 -1.0175097e+01  1.00000e+06  7.64796e-05
4.260040283e-01 -1.0153527e+01  1.00000e+06  7.64795e-05
4.262170303e-01 -1.0131930e+01  1.00000e+06  7.64794e-05
4.264301388e-01 -1.0110306e+01  1.00000e+06  7.64793e-05
4.266433539e-01 -1.0088656e+01  1.00000e+06  7.64792e-05
4.268566756e-01 -1.0066978e+01  1.00000e+06  7.64791e-05
4.270701039e-01 -1.0045275e+01  1.00000e+06  7.64790e-05
4.272836390e-01 -1.0023544e+01  1.00000e+06  7.64789e-05
4.274972808e-01 -1.0001788e+01  1.00000e+06  7.64788e-05
4.277110294e-01 -9.9800045e+00  1.00000e+06  7.64787e-05
4.279248850e-01 -9.9581950e+00  1.00000e+06  7.64786e-05
4.281388474e-01 -9.9363591e+00  1.00000e+06  7.64785e-05
4.283529168e-01 -9.9144970e+00  1.00000e+06  7.64784e-05
4.285670933e-01 -9.8926087e+00  1.00000e+06  7.64783e-05
4.287813768e-01 -9.8706943e+00  1.00000e+06  7.64782e-05
4.289957675e-01 -9.8487537e+00  1.00000e+06  7.64781e-05
4.292102654e-01 -9.8267872e+00  1.00000e+06  7.64780e-05
4.294248705e-01 -9.8047946e+00  1.00000e+06  7.64779e-05
4.296395830e-01 -9.7827761e+00  1.00000e+06  7.64778e-05
4.298544028e-01 -9.7607318e+00  1.00000e+06  7.64777e-05
4.300693300e-01 -9.7386616e+00  1.00000e+06  7.64776e-05
4.302843646e-01 -9.7165657e+00  1.00000e+06  7.64775e-05
4.304995068e-01 -9.6944440e+00  1.00000e+06  7.64774e-05
4.307147566e-01 -9.6722967e+00  1.00000e+06  7.64772e-05
4.309301139e-01 -9.6501238e+00  1.00000e+06  7.64771e-05
4.311455790e-01 -9.6279254e+00  1.00000e+06  7.64770e-05
4.313611518e-01 -9.6057014e+00  1.00000e+06  7.64769e-05
4.315768324e-01 -9.5834521e+00  1.00000e+06  7.64769e-05
4.317926208e-01 -9.5611773e+00  1.00000e+06  7.64768e-05
4.320085171e-01 -9.5388772e+00  1.00000e+06  7.64767e-05
4.322245213e-01 -9.5165518e+00  1.00000e+06  7.64766e-05
4.324406336e-01 -9.4942012e+00  1.00000e+06  7.64765e-05
4.326568539e-01 -9.4718254e+00  1.00000e+06  7.64764e-05
4.328731823e-01 -9.4494245e+00  1.00000e+06  7.64763e-05
4.330896189e-01 -9.4269985e+00  1.00000e+06  7.64762e-05
4.333061637e-01 -9.4045476e+00  1.00000e+06  7.64761e-05
4.335228168e-01 -9.3820716e+00  1.00000e+06  7.64760e-05
4.337395782e-01 -9.3595708e+00  1.00000e+06  7.64759e-05
4.339564480e-01 -9.3370451e+00  1.00000e+06  7.64758e-05
4.341734263e-01 -9.3144946e+00  1.00000e+06  7.64757e-05
4.343905130e-01 -9.2919194e+00  1.00000e+06  7.64756e-05
4.346077082e-01 -9.2693194e+00  1.00000e+06  7.64755e-05
4.348250121e-01 -9.2466949e+00  1.00000e+06  7.64754e-05
4.350424246e-01 -9.2240457e+00  1.00000e+06  7.64753e-05
4.352599458e-01 -9.2013720e+00  1.00000e+06  7.64752e-05
4.354775758e-01 -9.1786738e+00  1.00000e+06  7.64751e-05
4.356953146e-01 -9.1559512e+00  1.00000e+06  7.64750e-05
4.359131622e-01 -9.1332042e+00  1.00000e+06  7.64749e-05
4.361311188e-01 -9.1104329e+00  1.00000e+06  7.64748e-05
4.363491844e-01 -9.0876373e+00  1.00000e+06  7.64747e-05
4.365673589e-01 -9.0648175e+00  1.00000e+06  7.64746e-05
4.367856426e-01 -9.0419736e+00  1.00000e+06  7.64745e-05
4.370040354e-01 -9.0191055e+00  1.00000e+06  7.64744e-05
4.372225375e-01 -8.9962133e+00  1.00000e+06  7.64743e-05
4.374411487e-01 -8.9732972e+00  1.00000e+06  7.64742e-05
4.376598693e-01 -8.9503570e+00  1.00000e+06  7.64741e-05
4.378786992e-01 -8.9273930e+00  1.00000e+06  7.64740e-05
4.380976386e-01 -8.9044051e+00  1.00000e+06  7.64739e-05
4.383166874e-01 -8.8813935e+00  1.00000e+06  7.64738e-05
4.385358458e-01 -8.8583580e+00  1.00000e+06  7.64737e-05
4.387551137e-01 -8.8352989e+00  1.00000e+06  7.64736e-05
4.389744912e-01 -8.8122161e+00  1.00000e+06  7.64735e-05
4.391939785e-01 -8.7891097e+00  1.00000e+06  7.64734e-05
4.394135755e-01 -8.7659798e+00  1.00000e+06  7.64733e-05
4.396332823e-01 -8.7428264e+00  1.00000e+06  7.64732e-05
4.398530989e-01 -8.7196496e+00  1.00000e+06  7.64731e-05
4.400730254e-01 -8.6964493e+00  1.00000e+06  7.64730e-05
4.402930620e-01 -8.6732258e+00  1.00000e+06  7.64729e-05
4.405132085e-01 -8.6499789e+00  1.00000e+06  7.64728e-05
4.407334651e-01 -8.6267088e+00  1.00000e+06  7.64727e-05
4.409538318e-01 -8.6034155e+00  1.00000e+06  7.64726e-05
4.411743087e-01 -8.5800991e+00  1.00000e+06  7.64725e-05
4.413948959e-01 -8.5567596e+00  1.00000e+06  7.64723e-05
4.416155933e-01 -8.5333971e+00  1.00000e+06  7.64722e-05
4.418364011e-01 -8.5100116e+00  1.00000e+06  7.64721e-05
4.420573193e-01 -8.4866031e+00  1.00000e+06  7.64719e-05
4.422783480e-01 -8.4631718e+00  1.00000e+06  7.64718e-05
4.424994872e-01 -8.4397177e+00  1.00000e+06  7.64717e-05
4.427207369e-01 -8.4162408e+00  1.00000e+06  7.64715e-05
4.429420973e-01 -8.3927411e+00  1.00000e+06  7.64714e-05
4.431635683e-01 -8.3692188e+00  1.00000e+06  7.64714e-05
4.433851501e-01 -8.3456739e+00  1.00000e+06  7.64713e-05
4.436068427e-01 -8.3221064e+00  1.00000e+06  7.64712e-05
4.438286461e-01 -8.2985163e+00  1.00000e+06  7.64711e-05
4.440505604e-01 -8.2749038e+00  1.00000e+06  7.64711e-05
4.442725857e-01 -8.2512689e+00  1.00000e+06  7.64710e-05
4.444947220e-01 -8.2276116e+00  1.00000e+06  7.64709e-05
4.447169694e-01 -8.2039320e+00  1.00000e+06  7.64709e-05
4.449393279e-01 -8.1802301e+00  1.00000e+06  7.64708e-05
4.451617975e-01 -8.1565059e+00  1.00000e+06  7.64707e-05
4.453843784e-01 -8.1327596e+00  1.00000e+06  7.64706e-05
4.456070706e-01 -8.1089912e+00  1.00000e+06  7.64706e-05
4.458298741e-01 -8.0852008e+00  1.00000e+06  7.64705e-05
4.460527891e-01 -8.0613883e+00  1.00000e+06  7.64704e-05
4.462758155e-01 -8.0375538e+00  1.00000e+06  7.64704e-05
4.464989534e-01 -8.0136974e+00  1.00000e+06  7.64703e-05
4.467222029e-01 -7.9898191e+00  1.00000e+06  7.64703e-05
4.469455640e-01 -7.9659190e+00  1.00000e+06  7.64702e-05
4.471690367e-01 -7.9419972e+00  1.00000e+06  7.64701e-05
4.473926213e-01 -7.9180536e+00  1.00000e+06  7.64701e-05
4.476163176e-01 -7.8940883e+00  1.00000e+06  7.64700e-05
4.478401257e-01 -7.8701014e+00  1.00000e+06  7.64699e-05
4.480640458e-01 -7.8460930e+00  1.00000e+06  7.64699e-05
4.482880778e-01 -7.8220630e+00  1.00000e+06  7.64698e-05
4.485122219e-01 -7.7980115e+00  1.00000e+06  7.64697e-05
4.487364780e-01 -7.7739386e+00  1.00000e+06  7.64696e-05
4.489608462e-01 -7.7498444e+00  1.00000e+06  7.64695e-05
4.491853266e-01 -7.7257288e+00  1.00000e+06  7.64695e-05
4.494099193e-01 -7.7015919e+00  1.00000e+06  7.64694e-05
4.496346243e-01 -7.6774338e+00  1.00000e+06  7.64693e-05
4.498594416e-01 -7.6532545e+00  1.00000e+06  7.64692e-05
4.500843713e-01 -7.6290541e+00  1.00000e+06  7.64691e-05
4.503094135e-01 -7.6048326e+00  1.00000e+06  7.64691e-05
4.505345682e-01 -7.5805901e+00  1.00000e+06  7.64690e-05
4.507598355e-01 -7.5563265e+00  1.00000e+06  7.64689e-05
4.509852154e-01 -7.5320421e+00  1.00000e+06  7.64688e-05
4.512107080e-01 -7.5077367e+00  1.00000e+06  7.64687e-05
4.514363133e-01 -7.4834105e+00  1.00000e+06  7.64686e-05
4.516620315e-01 -7.4590635e+00  1.00000e+06  7.64686e-05
4.518878625e-01 -7.4346958e+00  1.00000e+06  7.64685e-05
4.521138064e-01 -7.4103074e+00  1.00000e+06  7.64684e-05
4.523398633e-01 -7.3858983e+00  1.00000e+06  7.64683e-05
4.525660333e-01 -7.3614687e+00  1.00000e+06  7.64682e-05
4.527923163e-01 -7.3370184e+00  1.00000e+06  7.64681e-05
4.530187125e-01 -7.3125477e+00  1.00000e+06  7.64680e-05
4.532452218e-01 -7.2880565e+00  1.00000e+06  7.64680e-05
4.534718444e-01 -7.2635450e+00  1.00000e+06  7.64679e-05
4.536985803e-01 -7.2390130e+00  1.00000e+06  7.64678e-05
4.539254296e-01 -7.2144608e+00  1.00000e+06  7.64677e-05
4.541523924e-01 -7.1898883e+00  1.00000e+06  7.64676e-05
4.543794685e-01 -7.1652955e+00  1.00000e+06  7.64676e-05
4.546066583e-01 -7.1406827e+00  1.00000e+06  7.64675e-05
4.548339616e-01 -7.1160496e+00  1.00000e+06  7.64674e-05
4.550613786e-01 -7.0913966e+00  1.00000e+06  7.64673e-05
4.552889093e-01 -7.0667235e+00  1.00000e+06  7.64672e-05
4.555165537e-01 -7.0420304e+00  1.00000e+06  7.64672e-05
4.557443120e-01 -7.0173174e+00  1.00000e+06  7.64671e-05
4.559721842e-01 -6.9925845e+00  1.00000e+06  7.64670e-05
4.562001703e-01 -6.9678318e+00  1.00000e+06  7.64669e-05
4.564282703e-01 -6.9430592e+00  1.00000e+06  7.64668e-05
4.566564845e-01 -6.9182670e+00  1.00000e+06  7.64668e-05
4.568848127e-01 -6.8934551e+00  1.00000e+06  7.64667e-05
4.571132551e-01 -6.8686235e+00  1.00000e+06  7.64666e-05
4.573418118e-01 -6.8437723e+00  1.00000e+06  7.64665e-05
4.575704827e-01 -6.8189016e+00  1.00000e+06  7.64664e-05
4.577992679e-01 -6.7940113e+00  1.00000e+06  7.64664e-05
4.580281675e-01 -6.7691016e+00  1.00000e+06  7.64663e-05
4.582571816e-01 -6.7441725e+00  1.00000e+06  7.64662e-05
4.584863102e-01 -6.7192241e+00  1.00000e+06  7.64661e-05
4.587155534e-01 -6.6942563e+00  1.00000e+06  7.64661e-05
4.589449111e-01 -6.6692692e+00  1.00000e+06  7.64660e-05
4.591743836e-01 -6.6442630e+00  1.00000e+06  7.64659e-05
4.594039708e-01 -6.6192375e+00  1.00000e+06  7.64658e-05
4.596336728e-01 -6.5941929e+00  1.00000e+06  7.64657e-05
4.598634896e-01 -6.5691293e+00  1.00000e+06  7.64657e-05
4.600934214e-01 -6.5440466e+00  1.00000e+06  7.64656e-05
4.603234681e-01 -6.5189449e+00  1.00000e+06  7.64655e-05
4.605536298e-01 -6.4938243e+00  1.00000e+06  7.64654e-05
4.607839066e-01 -6.4686847e+00  1.00000e+06  7.64654e-05
4.610142986e-01 -6.4435264e+00  1.00000e+06  7.64653e-05
4.612448057e-01 -6.4183492e+00  1.00000e+06  7.64652e-05
4.614754281e-01 -6.3931533e+00  1.00000e+06  7.64651e-05
4.617061658e-01 -6.3679386e+00  1.00000e+06  7.64651e-05
4.619370189e-01 -6.3427053e+00  1.00000e+06  7.64650e-05
4.621679874e-01 -6.3174534e+00  1.00000e+06  7.64649e-05
4.623990714e-01 -6.2921828e+00  1.00000e+06  7.64649e-05
4.626302710e-01 -6.2668938e+00  1.00000e+06  7.64648e-05
4.628615861e-01 -6.2415863e+00  1.00000e+06  7.64647e-05
4.630930169e-01 -6.2162603e+00  1.00000e+06  7.64646e-05
4.633245634e-01 -6.1909160e+00  1.00000e+06  7.64646e-05
4.635562257e-01 -6.1655533e+00  1.00000e+06  7.64645e-05
4.637880038e-01 -6.1401723e+00  1.00000e+06  7.64644e-05
4.640198978e-01 -6.1147730e+00  1.00000e+06  7.64643e-05
4.642519077e-01 -6.0893556e+00  1.00000e+06  7.64643e-05
4.644840337e-01 -6.0639200e+00  1.00000e+06  7.64642e-05
4.647162757e-01 -6.0384662e+00  1.00000e+06  7.64641e-05
4.649486338e-01 -6.0129944e+00  1.00000e+06  7.64640e-05
4.651811082e-01 -5.9875046e+00  1.00000e+06  7.64640e-05
4.654136987e-01 -5.9619967e+00  1.00000e+06  7.64639e-05
4.656464056e-01 -5.9364710e+00  1.00000e+06  7.64638e-05
4.658792288e-01 -5.9109273e+00  1.00000e+06  7.64637e-05
4.661121684e-01 -5.8853659e+00  1.00000e+06  7.64636e-05
4.663452245e-01 -5.8597866e+00  1.00000e+06  7.64636e-05
4.665783971e-01 -5.8341895e+00  1.00000e+06  7.64635e-05
4.668116863e-01 -5.8085747e+00  1.00000e+06  7.64634e-05
4.670450921e-01 -5.7829423e+00  1.00000e+06  7.64633e-05
4.672786147e-01 -5.7572923e+00  1.00000e+06  7.64633e-05
4.675122540e-01 -5.7316246e+00  1.00000e+06  7.64632e-05
4.677460101e-01 -5.7059395e+00  1.00000e+06  7.64631e-05
4.679798831e-01 -5.6802368e+00  1.00000e+06  7.64630e-05
4.682138731e-01 -5.6545167e+00  1.00000e+06  7.64629e-05
4.684479800e-01 -5.6287793e+00  1.00000e+06  7.64628e-05
4.686822040e-01 -5.6030244e+00  1.00000e+06  7.64628e-05
4.689165451e-01 -5.5772523e+00  1.00000e+06  7.64627e-05
4.691510034e-01 -5.5514628e+00  1.00000e+06  7.64626e-05
4.693855789e-01 -5.5256562e+00  1.00000e+06  7.64625e-05
4.696202716e-01 -5.4998324e+00  1.00000e+06  7.64624e-05
4.698550818e-01 -5.4739914e+00  1.00000e+06  7.64624e-05
4.700900093e-01 -5.4481334e+00  1.00000e+06  7.64623e-05
4.703250543e-01 -5.4222583e+00  1.00000e+06  7.64622e-05
4.705602169e-01 -5.3963663e+00  1.00000e+06  7.64621e-05
4.707954970e-01 -5.3704572e+00  1.00000e+06  7.64621e-05
4.710308947e-01 -5.3445313e+00  1.00000e+06  7.64620e-05
4.712664102e-01 -5.3185885e+00  1.00000e+06  7.64620e-05
4.715020434e-01 -5.2926289e+00  1.00000e+06  7.64619e-05
4.717377944e-01 -5.2666524e+00  1.00000e+06  7.64618e-05
4.719736633e-01 -5.2406593e+00  1.00000e+06  7.64618e-05
4.722096501e-01 -5.2146495e+00  1.00000e+06  7.64617e-05
4.724457549e-01 -5.1886230e+00  1.00000e+06  7.64616e-05
4.726819778e-01 -5.1625799e+00  1.00000e+06  7.64616e-05
4.729183188e-01 -5.1365202e+00  1.00000e+06  7.64615e-05
4.731547780e-01 -5.1104441e+00  1.00000e+06  7.64615e-05
4.733913554e-01 -5.0843514e+00  1.00000e+06  7.64614e-05
4.736280510e-01 -5.0582423e+00  1.00000e+06  7.64613e-05
4.738648651e-01 -5.0321169e+00  1.00000e+06  7.64613e-05
4.741017975e-01 -5.0059751e+00  1.00000e+06  7.64612e-05
4.743388484e-01 -4.9798170e+00  1.00000e+06  7.64612e-05
4.745760178e-01 -4.9536426e+00  1.00000e+06  7.64611e-05
4.748133058e-01 -4.9274520e+00  1.00000e+06  7.64610e-05
4.750507125e-01 -4.9012453e+00  1.00000e+06  7.64610e-05
4.752882378e-01 -4.8750224e+00  1.00000e+06  7.64609e-05
4.755258819e-01 -4.8487834e+00  1.00000e+06  7.64608e-05
4.757636449e-01 -4.8225284e+00  1.00000e+06  7.64608e-05
4.760015267e-01 -4.7962574e+00  1.00000e+06  7.64607e-05
4.762395275e-01 -4.7699705e+00  1.00000e+06  7.64607e-05
4.764776472e-01 -4.7436676e+00  1.00000e+06  7.64606e-05
4.767158861e-01 -4.7173489e+00  1.00000e+06  7.64605e-05
4.769542440e-01 -4.6910143e+00  1.00000e+06  7.64605e-05
4.771927211e-01 -4.6646639e+00  1.00000e+06  7.64604e-05
4.774313175e-01 -4.6382978e+00  1.00000e+06  7.64603e-05
4.776700331e-01 -4.6119160e+00  1.00000e+06  7.64603e-05
4.779088682e-01 -4.5855186e+00  1.00000e+06  7.64602e-05
4.781478226e-01 -4.5591055e+00  1.00000e+06  7.64601e-05
4.783868965e-01 -4.5326769e+00  1.00000e+06  7.64601e-05
4.786260900e-01 -4.5062327e+00  1.00000e+06  7.64600e-05
4.788654030e-01 -4.4797730e+00  1.00000e+06  7.64599e-05
4.791048357e-01 -4.4532979e+00  1.00000e+06  7.64599e-05
4.793443881e-01 -4.4268074e+00  1.00000e+06  7.64598e-05
4.795840603e-01 -4.4003016e+00  1.00000e+06  7.64597e-05
4.798238523e-01 -4.3737804e+00  1.00000e+06  7.64597e-05
4.800637643e-01 -4.3472439e+00  1.00000e+06  7.64596e-05
4.803037962e-01 -4.3206922e+00  1.00000e+06  7.64595e-05
4.805439481e-01 -4.2941253e+00  1.00000e+06  7.64595e-05
4.807842200e-01 -4.2675433e+00  1.00000e+06  7.64594e-05
4.810246121e-01 -4.2409461e+00  1.00000e+06  7.64593e-05
4.812651244e-01 -4.2143339e+00  1.00000e+06  7.64593e-05
4.815057570e-01 -4.1877067e+00  1.00000e+06  7.64592e-05
4.817465099e-01 -4.1610645e+00  1.00000e+06  7.64591e-05
4.819873831e-01 -4.1344073e+00  1.00000e+06  7.64591e-05
4.822283768e-01 -4.1077352e+00  1.00000e+06  7.64590e-05
4.824694910e-01 -4.0810483e+00  1.00000e+06  7.64589e-05
4.827107258e-01 -4.0543466e+00  1.00000e+06  7.64588e-05
4.829520811e-01 -4.0276300e+00  1.00000e+06  7.64588e-05
4.831935572e-01 -4.0008988e+00  1.00000e+06  7.64587e-05
4.834351539e-01 -3.9741528e+00  1.00000e+06  7.64586e-05
4.836768715e-01 -3.9473922e+00  1.00000e+06  7.64585e-05
4.839187100e-01 -3.9206170e+00  1.00000e+06  7.64585e-05
4.841606693e-01 -3.8938273e+00  1.00000e+06  7.64584e-05
4.844027496e-01 -3.8670230e+00  1.00000e+06  7.64583e-05
4.846449510e-01 -3.8402042e+00  1.00000e+06  7.64582e-05
4.848872735e-01 -3.8133709e+00  1.00000e+06  7.64581e-05
4.851297171e-01 -3.7865233e+00  1.00000e+06  7.64580e-05
4.853722820e-01 -3.7596613e+00  1.00000e+06  7.64580e-05
4.856149681e-01 -3.7327850e+00  1.00000e+06  7.64579e-05
4.858577756e-01 -3.7058944e+00  1.00000e+06  7.64578e-05
4.861007045e-01 -3.6789895e+00  1.00000e+06  7.64578e-05
4.863437549e-01 -3.6520705e+00  1.00000e+06  7.64577e-05
4.865869267e-01 -3.6251373e+00  1.00000e+06  7.64577e-05
4.868302202e-01 -3.5981900e+00  1.00000e+06  7.64576e-05
4.870736353e-01 -3.5712286e+00  1.00000e+06  7.64576e-05
4.873171721e-01 -3.5442531e+00  1.00000e+06  7.64575e-05
4.875608307e-01 -3.5172637e+00  1.00000e+06  7.64575e-05
4.878046111e-01 -3.4902603e+00  1.00000e+06  7.64574e-05
4.880485134e-01 -3.4632430e+00  1.00000e+06  7.64574e-05
4.882925377e-01 -3.4362118e+00  1.00000e+06  7.64573e-05
4.885366840e-01 -3.4091668e+00  1.00000e+06  7.64573e-05
4.887809523e-01 -3.3821080e+00  1.00000e+06  7.64572e-05
4.890253428e-01 -3.3550354e+00  1.00000e+06  7.64572e-05
4.892698554e-01 -3.3279492e+00  1.00000e+06  7.64571e-05
4.895144904e-01 -3.3008492e+00  1.00000e+06  7.64571e-05
4.897592476e-01 -3.2737356e+00  1.00000e+06  7.64570e-05
4.900041272e-01 -3.2466085e+00  1.00000e+06  7.64570e-05
4.902491293e-01 -3.2194677e+00  1.00000e+06  7.64569e-05
4.904942539e-01 -3.1923135e+00  1.00000e+06  7.64569e-05
4.907395010e-01 -3.1651458e+00  1.00000e+06  7.64568e-05
4.909848708e-01 -3.1379646e+00  1.00000e+06  7.64568e-05
4.912303632e-01 -3.1107701e+00  1.00000e+06  7.64567e-05
4.914759784e-01 -3.0835622e+00  1.00000e+06  7.64567e-05
4.917217164e-01 -3.0563410e+00  1.00000e+06  7.64566e-05
4.919675772e-01 -3.0291065e+00  1.00000e+06  7.64566e-05
4.922135610e-01 -3.0018588e+00  1.00000e+06  7.64565e-05
4.924596678e-01 -2.9745979e+00  1.00000e+06  7.64565e-05
4.927058976e-01 -2.9473238e+00  1.00000e+06  7.64564e-05
4.929522506e-01 -2.9200366e+00  1.00000e+06  7.64564e-05
4.931987267e-01 -2.8927363e+00  1.00000e+06  7.64563e-05
4.934453261e-01 -2.8654230e+00  1.00000e+06  7.64563e-05
4.936920487e-01 -2.8380967e+00  1.00000e+06  7.64562e-05
4.939388947e-01 -2.8107575e+00  1.00000e+06  7.64562e-05
4.941858642e-01 -2.7834053e+00  1.00000e+06  7.64561e-05
4.944329571e-01 -2.7560402e+00  1.00000e+06  7.64561e-05
4.946801736e-01 -2.7286624e+00  1.00000e+06  7.64560e-05
4.949275137e-01 -2.7012717e+00  1.00000e+06  7.64559e-05
4.951749774e-01 -2.6738682e+00  1.00000e+06  7.64559e-05
4.954225649e-01 -2.6464520e+00  1.00000e+06  7.64558e-05
4.956702762e-01 -2.6190231e+00  1.00000e+06  7.64558e-05
4.959181114e-01 -2.5915816e+00  1.00000e+06  7.64557e-05
4.961660704e-01 -2.5641275e+00  1.00000e+06  7.64557e-05
4.964141534e-01 -2.5366608e+00  1.00000e+06  7.64556e-05
4.966623605e-01 -2.5091816e+00  1.00000e+06  7.64555e-05
4.969106917e-01 -2.4816899e+00  1.00000e+06  7.64555e-05
4.971591470e-01 -2.4541857e+00  1.00000e+06  7.64554e-05
4.974077266e-01 -2.4266692e+00  1.00000e+06  7.64554e-05
4.976564305e-01 -2.3991402e+00  1.00000e+06  7.64553e-05
4.979052587e-01 -2.3715989e+00  1.00000e+06  7.64553e-05
4.981542113e-01 -2.3440454e+00  1.00000e+06  7.64552e-05
4.984032884e-01 -2.3164795e+00  1.00000e+06  7.64551e-05
4.986524901e-01 -2.2889015e+00  1.00000e+06  7.64551e-05
4.989018163e-01 -2.2613112e+00  1.00000e+06  7.64550e-05
4.991512672e-01 -2.2337088e+00  1.00000e+06  7.64549e-05
4.994008429e-01 -2.2060943e+00  1.00000e+06  7.64549e-05
4.996505433e-01 -2.1784678e+00  1.00000e+06  7.64548e-05
4.999003686e-01 -2.1508292e+00  1.00000e+06  7.64547e-05
5.001503187e-01 -2.1231786e+00  1.00000e+06  7.64546e-05
5.004003939e-01 -2.0955161e+00  1.00000e+06  7.64546e-05
5.006505941e-01 -2.0678417e+00  1.00000e+06  7.64545e-05
5.009009194e-01 -2.0401553e+00  1.00000e+06  7.64544e-05
5.011513699e-01 -2.0124572e+00  1.00000e+06  7.64542e-05
5.014019455e-01 -1.9847472e+00  1.00000e+06  7.64541e-05
5.016526465e-01 -1.9570255e+00  1.00000e+06  7.64539e-05
5.019034728e-01 -1.9292921e+00  1.00000e+06  7.64537e-05
5.021544246e-01 -1.9015469e+00  1.00000e+06  7.64535e-05
5.024055018e-01 -1.8737901e+00  1.00000e+06  7.64533e-05
5.026567045e-01 -1.8460218e+00  1.00000e+06  7.64530e-05
5.029080329e-01 -1.8182418e+00  1.00000e+06  7.64527e-05
5.031594869e-01 -1.7904503e+00  1.00000e+06  7.64525e-05
5.034110666e-01 -1.7626473e+00  1.00000e+06  7.64522e-05
5.036627722e-01 -1.7348328e+00  1.00000e+06  7.64520e-05
5.039146036e-01 -1.7070069e+00  1.00000e+06  7.64518e-05
5.041665609e-01 -1.6791697e+00  1.00000e+06  7.64517e-05
5.044186442e-01 -1.6513210e+00  1.00000e+06  7.64516e-05
5.046708535e-01 -1.6234611e+00  1.00000e+06  7.64516e-05
5.049231889e-01 -1.5955899e+00  1.00000e+06  7.64516e-05
5.051756505e-01 -1.5677074e+00  1.00000e+06  7.64516e-05
5.054282383e-01 -1.5398138e+00  1.00000e+06  7.64516e-05
5.056809524e-01 -1.5119090e+00  1.00000e+06  7.64516e-05
5.059337929e-01 -1.4839931e+00  1.00000e+06  7.64516e-05
5.061867598e-01 -1.4560660e+00  1.00000e+06  7.64516e-05
5.064398532e-01 -1.4281280e+00  1.00000e+06  7.64515e-05
5.066930731e-01 -1.4001789e+00  1.00000e+06  7.64515e-05
5.069464197e-01 -1.3722188e+00  1.00000e+06  7.64515e-05
5.071998929e-01 -1.3442478e+00  1.00000e+06  7.64515e-05
5.074534928e-01 -1.3162659e+00  1.00000e+06  7.64516e-05
5.077072196e-01 -1.2882731e+00  1.00000e+06  7.64516e-05
5.079610732e-01 -1.2602695e+00  1.00000e+06  7.64517e-05
5.082150537e-01 -1.2322551e+00  1.00000e+06  7.64517e-05
5.084691612e-01 -1.2042299e+00  1.00000e+06  7.64518e-05
5.087233958e-01 -1.1761940e+00  1.00000e+06  7.64519e-05
5.089777575e-01 -1.1481475e+00  1.00000e+06  7.64520e-05
5.092322464e-01 -1.1200903e+00  1.00000e+06  7.64520e-05
5.094868625e-01 -1.0920224e+00  1.00000e+06  7.64521e-05
5.097416059e-01 -1.0639440e+00  1.00000e+06  7.64522e-05
5.099964767e-01 -1.0358551e+00  1.00000e+06  7.64522e-05
5.102514750e-01 -1.0077557e+00  1.00000e+06  7.64522e-05
5.105066007e-01 -9.7964575e-01  1.00000e+06  7.64522e-05
5.107618540e-01 -9.5152542e-01  1.00000e+06  7.64523e-05
5.110172349e-01 -9.2339469e-01  1.00000e+06  7.64523e-05
5.112727436e-01 -8.9525360e-01  1.00000e+06  7.64523e-05
5.115283799e-01 -8.6710220e-01  1.00000e+06  7.64522e-05
5.117841441e-01 -8.3894051e-01  1.00000e+06  7.64522e-05
5.120400362e-01 -8.1076857e-01  1.00000e+06  7.64522e-05
5.122960562e-01 -7.8258641e-01  1.00000e+06  7.64522e-05
5.125522042e-01 -7.5439408e-01  1.00000e+06  7.64522e-05
5.128084803e-01 -7.2619161e-01  1.00000e+06  7.64521e-05
5.130648846e-01 -6.9797904e-01  1.00000e+06  7.64521e-05
5.133214170e-01 -6.6975639e-01  1.00000e+06  7.64521e-05
5.135780777e-01 -6.4152371e-01  1.00000e+06  7.64520e-05
5.138348668e-01 -6.1328103e-01  1.00000e+06  7.64520e-05
5.140917842e-01 -5.8502839e-01  1.00000e+06  7.64519e-05
5.143488301e-01 -5.5676583e-01  1.00000e+06  7.64519e-05
5.146060045e-01 -5.2849337e-01  1.00000e+06  7.64518e-05
5.148633075e-01 -5.0021106e-01  1.00000e+06  7.64518e-05
5.151207392e-01 -4.7191893e-01  1.00000e+06  7.64517e-05
5.153782995e-01 -4.4361701e-01  1.00000e+06  7.64517e-05
5.156359887e-01 -4.1530534e-01  1.00000e+06  7.64516e-05
5.158938067e-01 -3.8698396e-01  1.00000e+06  7.64516e-05
5.161517536e-01 -3.5865291e-01  1.00000e+06  7.64515e-05
5.164098295e-01 -3.3031220e-01  1.00000e+06  7.64515e-05
5.166680344e-01 -3.0196189e-01  1.00000e+06  7.64514e-05
5.169263684e-01 -2.7360201e-01  1.00000e+06  7.64514e-05
5.171848316e-01 -2.4523259e-01  1.00000e+06  7.64514e-05
5.174434240e-01 -2.1685367e-01  1.00000e+06  7.64513e-05
5.177021457e-01 -1.8846528e-01  1.00000e+06  7.64513e-05
5.179609968e-01 -1.6006746e-01  1.00000e+06  7.64512e-05
5.182199773e-01 -1.3166024e-01  1.00000e+06  7.64512e-05
5.184790873e-01 -1.0324365e-01  1.00000e+06  7.64511e-05
5.187383268e-01 -7.4817742e-02  1.00000e+06  7.64511e-05
5.189976960e-01 -4.6382538e-02  1.00000e+06  7.64510e-05
5.192571948e-01 -1.7938077e-02  1.00000e+06  7.64510e-05
5.195168234e-01  1.0515609e-02  1.00000e+06  7.64509e-05
5.197765818e-01  3.8978483e-02  1.00000e+06  7.64509e-05
5.200364701e-01  6.7450512e-02  1.00000e+06  7.64509e-05
5.202964884e-01  9.5931659e-02  1.00000e+06  7.64508e-05
5.205566366e-01  1.2442189e-01  1.00000e+06  7.64508e-05
5.208169149e-01  1.5292117e-01  1.00000e+06  7.64507e-05
5.210773234e-01  1.8142947e-01  1.00000e+06  7.64507e-05
5.213378620e-01  2.0994675e-01  1.00000e+06  7.64506e-05
5.215985310e-01  2.3847298e-01  1.00000e+06  7.64506e-05
5.218593302e-01  2.6700811e-01  1.00000e+06  7.64505e-05
5.221202599e-01  2.9555213e-01  1.00000e+06  7.64505e-05
5.223813200e-01  3.2410499e-01  1.00000e+06  7.64504e-05
5.226425107e-01  3.5266666e-01  1.00000e+06  7.64504e-05
5.229038320e-01  3.8123711e-01  1.00000e+06  7.64503e-05
5.231652839e-01  4.0981630e-01  1.00000e+06  7.64502e-05
5.234268665e-01  4.3840419e-01  1.00000e+06  7.64502e-05
5.236885799e-01  4.6700076e-01  1.00000e+06  7.64501e-05
5.239504242e-01  4.9560597e-01  1.00000e+06  7.64501e-05
5.242123994e-01  5.2421978e-01  1.00000e+06  7.64500e-05
5.244745056e-01  5.5284217e-01  1.00000e+06  7.64499e-05
5.247367429e-01  5.8147309e-01  1.00000e+06  7.64499e-05
5.249991113e-01  6.1011251e-01  1.00000e+06  7.64499e-05
5.252616108e-01  6.3876041e-01  1.00000e+06  7.64498e-05
5.255242416e-01  6.6741674e-01  1.00000e+06  7.64498e-05
5.257870037e-01  6.9608147e-01  1.00000e+06  7.64497e-05
5.260498973e-01  7.2475458e-01  1.00000e+06  7.64497e-05
5.263129222e-01  7.5343601e-01  1.00000e+06  7.64497e-05
5.265760787e-01  7.8212575e-01  1.00000e+06  7.64496e-05
5.268393667e-01  8.1082376e-01  1.00000e+06  7.64496e-05
5.271027864e-01  8.3953000e-01  1.00000e+06  7.64496e-05
5.273663378e-01  8.6824444e-01  1.00000e+06  7.64495e-05
5.276300209e-01  8.9696705e-01  1.00000e+06  7.64495e-05
5.278938360e-01  9.2569779e-01  1.00000e+06  7.64494e-05
5.281577829e-01  9.5443664e-01  1.00000e+06  7.64494e-05
5.284218618e-01  9.8318355e-01  1.00000e+06  7.64493e-05
5.286860727e-01  1.0119385e+00  1.00000e+06  7.64493e-05
5.289504157e-01  1.0407014e+00  1.00000e+06  7.64493e-05
5.292148909e-01  1.0694724e+00  1.00000e+06  7.64492e-05
5.294794984e-01  1.0982512e+00  1.00000e+06  7.64492e-05
5.297442381e-01  1.1270380e+00  1.00000e+06  7.64491e-05
5.300091103e-01  1.1558326e+00  1.00000e+06  7.64491e-05
5.302741148e-01  1.1846350e+00  1.00000e+06  7.64491e-05
5.305392519e-01  1.2134453e+00  1.00000e+06  7.64490e-05
5.308045215e-01  1.2422633e+00  1.00000e+06  7.64490e-05
5.310699238e-01  1.2710891e+00  1.00000e+06  7.64489e-05
5.313354587e-01  1.2999225e+00  1.00000e+06  7.64489e-05
5.316011264e-01  1.3287637e+00  1.00000e+06  7.64489e-05
5.318669270e-01  1.3576125e+00  1.00000e+06  7.64488e-05
5.321328605e-01  1.3864689e+00  1.00000e+06  7.64488e-05
5.323989269e-01  1.4153328e+00  1.00000e+06  7.64487e-05
5.326651264e-01  1.4442043e+00  1.00000e+06  7.64487e-05
5.329314589e-01  1.4730833e+00  1.00000e+06  7.64487e-05
5.331979247e-01  1.5019698e+00  1.00000e+06  7.64486e-05
5.334645236e-01  1.5308637e+00  1.00000e+06  7.64486e-05
5.337312559e-01  1.5597650e+00  1.00000e+06  7.64485e-05
5.339981215e-01  1.5886738e+00  1.00000e+06  7.64485e-05
5.342651206e-01  1.6175898e+00  1.00000e+06  7.64484e-05
5.345322531e-01  1.6465132e+00  1.00000e+06  7.64484e-05
5.347995193e-01  1.6754438e+00  1.00000e+06  7.64483e-05
5.350669190e-01  1.7043817e+00  1.00000e+06  7.64483e-05
5.353344525e-01  1.7333269e+00  1.00000e+06  7.64482e-05
5.356021197e-01  1.7622792e+00  1.00000e+06  7.64482e-05
5.358699208e-01  1.7912386e+00  1.00000e+06  7.64481e-05
5.361378557e-01  1.8202052e+00  1.00000e+06  7.64481e-05
5.364059247e-01  1.8491788e+00  1.00000e+06  7.64480e-05
5.366741276e-01  1.8781596e+00  1.00000e+06  7.64480e-05
5.369424647e-01  1.9071473e+00  1.00000e+06  7.64479e-05
5.372109359e-01  1.9361420e+00  1.00000e+06  7.64478e-05
5.374795414e-01  1.9651437e+00  1.00000e+06  7.64478e-05
5.377482811e-01  1.9941524e+00  1.00000e+06  7.64477e-05
5.380171553e-01  2.0231679e+00  1.00000e+06  7.64476e-05
5.382861639e-01  2.0521903e+00  1.00000e+06  7.64475e-05
5.385553069e-01  2.0812195e+00  1.00000e+06  7.64474e-05
5.388245846e-01  2.1102555e+00  1.00000e+06  7.64473e-05
5.390939969e-01  2.1392983e+00  1.00000e+06  7.64472e-05
5.393635439e-01  2.1683478e+00  1.00000e+06  7.64471e-05
5.396332257e-01  2.1974041e+00  1.00000e+06  7.64469e-05
5.399030423e-01  2.2264670e+00  1.00000e+06  7.64468e-05
5.401729938e-01  2.2555365e+00  1.00000e+06  7.64466e-05
5.404430803e-01  2.2846127e+00  1.00000e+06  7.64464e-05
5.407133018e-01  2.3136954e+00  1.00000e+06  7.64462e-05
5.409836585e-01  2.3427847e+00  1.00000e+06  7.64461e-05
5.412541503e-01  2.3718805e+00  1.00000e+06  7.64459e-05
5.415247774e-01  2.4009828e+00  1.00000e+06  7.64458e-05
5.417955398e-01  2.4300916e+00  1.00000e+06  7.64457e-05
5.420664375e-01  2.4592068e+00  1.00000e+06  7.64456e-05
5.423374708e-01  2.4883284e+00  1.00000e+06  7.64455e-05
5.426086395e-01  2.5174563e+00  1.00000e+06  7.64455e-05
5.428799438e-01  2.5465906e+00  1.00000e+06  7.64455e-05
5.431513838e-01  2.5757311e+00  1.00000e+06  7.64455e-05
5.434229595e-01  2.6048780e+00  1.00000e+06  7.64455e-05
5.436946710e-01  2.6340311e+00  1.00000e+06  7.64455e-05
5.439665183e-01  2.6631903e+00  1.00000e+06  7.64455e-05
5.442385016e-01  2.6923558e+00  1.00000e+06  7.64455e-05
5.445106208e-01  2.7215274e+00  1.00000e+06  7.64456e-05
5.447828761e-01  2.7507051e+00  1.00000e+06  7.64456e-05
5.450552676e-01  2.7798889e+00  1.00000e+06  7.64456e-05
5.453277952e-01  2.8090788e+00  1.00000e+06  7.64456e-05
5.456004591e-01  2.8382747e+00  1.00000e+06  7.64457e-05
5.458732593e-01  2.8674766e+00  1.00000e+06  7.64457e-05
5.461461960e-01  2.8966844e+00  1.00000e+06  7.64457e-05
5.464192690e-01  2.9258982e+00  1.00000e+06  7.64458e-05
5.466924787e-01  2.9551178e+00  1.00000e+06  7.64458e-05
5.469658249e-01  2.9843434e+00  1.00000e+06  7.64459e-05
5.472393078e-01  3.0135748e+00  1.00000e+06  7.64460e-05
5.475129275e-01  3.0428119e+00  1.00000e+06  7.64460e-05
5.477866840e-01  3.0720549e+00  1.00000e+06  7.64460e-05
5.480605773e-01  3.1013036e+00  1.00000e+06  7.64461e-05
5.483346076e-01  3.1305581e+00  1.00000e+06  7.64461e-05
5.486087749e-01  3.1598182e+00  1.00000e+06  7.64461e-05
5.488830793e-01  3.1890840e+00  1.00000e+06  7.64461e-05
5.491575208e-01  3.2183554e+00  1.00000e+06  7.64461e-05
5.494320996e-01  3.2476324e+00  1.00000e+06  7.64461e-05
5.497068156e-01  3.2769149e+00  1.00000e+06  7.64461e-05
5.499816690e-01  3.3062031e+00  1.00000e+06  7.64461e-05
5.502566599e-01  3.3354967e+00  1.00000e+06  7.64461e-05
5.505317882e-01  3.3647958e+00  1.00000e+06  7.64461e-05
5.508070541e-01  3.3941003e+00  1.00000e+06  7.64461e-05
5.510824576e-01  3.4234103e+00  1.00000e+06  7.64460e-05
5.513579988e-01  3.4527256e+00  1.00000e+06  7.64460e-05
5.516336778e-01  3.4820463e+00  1.00000e+06  7.64460e-05
5.519094947e-01  3.5113724e+00  1.00000e+06  7.64460e-05
5.521854494e-01  3.5407037e+00  1.00000e+06  7.64459e-05
5.524615422e-01  3.5700403e+00  1.00000e+06  7.64459e-05
5.527377729e-01  3.5993822e+00  1.00000e+06  7.64459e-05
5.530141418e-01  3.6287292e+00  1.00000e+06  7.64459e-05
5.532906489e-01  3.6580815e+00  1.00000e+06  7.64458e-05
5.535672942e-01  3.6874388e+00  1.00000e+06  7.64458e-05
5.538440779e-01  3.7168014e+00  1.00000e+06  7.64458e-05
5.541209999e-01  3.7461690e+00  1.00000e+06  7.64457e-05
5.543980604e-01  3.7755416e+00  1.00000e+06  7.64457e-05
5.546752594e-01  3.8049193e+00  1.00000e+06  7.64457e-05
5.549525971e-01  3.8343020e+00  1.00000e+06  7.64456e-05
5.552300734e-01  3.8636897e+00  1.00000e+06  7.64456e-05
5.555076884e-01  3.8930823e+00  1.00000e+06  7.64456e-05
5.557854422e-01  3.9224799e+00  1.00000e+06  7.64455e-05
5.560633350e-01  3.9518823e+00  1.00000e+06  7.64455e-05
5.563413666e-01  3.9812896e+00  1.00000e+06  7.64454e-05
5.566195373e-01  4.0107017e+00  1.00000e+06  7.64454e-05
5.568978471e-01  4.0401186e+00  1.00000e+06  7.64454e-05
5.571762960e-01  4.0695403e+00  1.00000e+06  7.64453e-05
5.574548841e-01  4.0989667e+00  1.00000e+06  7.64453e-05
5.577336116e-01  4.1283978e+00  1.00000e+06  7.64453e-05
5.580124784e-01  4.1578336e+00  1.00000e+06  7.64452e-05
5.582914846e-01  4.1872741e+00  1.00000e+06  7.64452e-05
5.585706304e-01  4.2167192e+00  1.00000e+06  7.64452e-05
5.588499157e-01  4.2461689e+00  1.00000e+06  7.64451e-05
5.591293407e-01  4.2756232e+00  1.00000e+06  7.64451e-05
5.594089053e-01  4.3050820e+00  1.00000e+06  7.64451e-05
5.596886098e-01  4.3345453e+00  1.00000e+06  7.64450e-05
5.599684541e-01  4.3640131e+00  1.00000e+06  7.64450e-05
5.602484383e-01  4.3934854e+00  1.00000e+06  7.64449e-05
5.605285625e-01  4.4229620e+00  1.00000e+06  7.64449e-05
5.608088268e-01  4.4524431e+00  1.00000e+06  7.64449e-05
5.610892312e-01  4.4819286e+00  1.00000e+06  7.64448e-05
5.613697758e-01  4.5114184e+00  1.00000e+06  7.64448e-05
5.616504607e-01  4.5409125e+00  1.00000e+06  7.64448e-05
5.619312860e-01  4.5704108e+00  1.00000e+06  7.64447e-05
5.622122516e-01  4.5999135e+00  1.00000e+06  7.64447e-05
5.624933577e-01  4.6294203e+00  1.00000e+06  7.64447e-05
5.627746044e-01  4.6589314e+00  1.00000e+06  7.64446e-05
5.630559917e-01  4.6884466e+00  1.00000e+06  7.64446e-05
5.633375197e-01  4.7179660e+00  1.00000e+06  7.64446e-05
5.636191885e-01  4.7474895e+00  1.00000e+06  7.64445e-05
5.639009981e-01  4.7770171e+00  1.00000e+06  7.64445e-05
5.641829486e-01  4.8065487e+00  1.00000e+06  7.64445e-05
5.644650400e-01  4.8360844e+00  1.00000e+06  7.64444e-05
5.647472725e-01  4.8656241e+00  1.00000e+06  7.64444e-05
5.650296462e-01  4.8951677e+00  1.00000e+06  7.64443e-05
5.653121610e-01  4.9247153e+00  1.00000e+06  7.64443e-05
5.655948171e-01  4.9542668e+00  1.00000e+06  7.64442e-05
5.658776145e-01  4.9838222e+00  1.00000e+06  7.64442e-05
5.661605533e-01  5.0133815e+00  1.00000e+06  7.64441e-05
5.664436336e-01  5.0429445e+00  1.00000e+06  7.64440e-05
5.667268554e-01  5.0725114e+00  1.00000e+06  7.64438e-05
5.670102188e-01  5.1020821e+00  1.00000e+06  7.64437e-05
5.672937239e-01  5.1316566e+00  1.00000e+06  7.64435e-05
5.675773708e-01  5.1612347e+00  1.00000e+06  7.64433e-05
5.678611595e-01  5.1908166e+00  1.00000e+06  7.64431e-05
5.681450901e-01  5.2204021e+00  1.00000e+06  7.64429e-05
5.684291626e-01  5.2499913e+00  1.00000e+06  7.64427e-05
5.687133772e-01  5.2795840e+00  1.00000e+06  7.64425e-05
5.689977339e-01  5.3091804e+00  1.00000e+06  7.64423e-05
5.692822327e-01  5.3387803e+00  1.00000e+06  7.64422e-05
5.695668739e-01  5.3683838e+00  1.00000e+06  7.64421e-05
5.698516573e-01  5.3979908e+00  1.00000e+06  7.64420e-05
5.701365831e-01  5.4276012e+00  1.00000e+06  7.64420e-05
5.704216514e-01  5.4572151e+00  1.00000e+06  7.64420e-05
5.707068622e-01  5.4868324e+00  1.00000e+06  7.64420e-05
5.709922157e-01  5.5164531e+00  1.00000e+06  7.64420e-05
5.712777118e-01  5.5460772e+00  1.00000e+06  7.64420e-05
5.715633506e-01  5.5757046e+00  1.00000e+06  7.64420e-05
5.718491323e-01  5.6053354e+00  1.00000e+06  7.64420e-05
5.721350569e-01  5.6349694e+00  1.00000e+06  7.64419e-05
5.724211244e-01  5.6646067e+00  1.00000e+06  7.64419e-05
5.727073350e-01  5.6942472e+00  1.00000e+06  7.64419e-05
5.729936886e-01  5.7238909e+00  1.00000e+06  7.64419e-05
5.732801855e-01  5.7535378e+00  1.00000e+06  7.64419e-05
5.735668256e-01  5.7831879e+00  1.00000e+06  7.64419e-05
5.738536090e-01  5.8128411e+00  1.00000e+06  7.64419e-05
5.741405358e-01  5.8424974e+00  1.00000e+06  7.64419e-05
5.744276061e-01  5.8721567e+00  1.00000e+06  7.64419e-05
5.747148199e-01  5.9018191e+00  1.00000e+06  7.64420e-05
5.750021773e-01  5.9314846e+00  1.00000e+06  7.64420e-05
5.752896784e-01  5.9611530e+00  1.00000e+06  7.64420e-05
5.755773232e-01  5.9908244e+00  1.00000e+06  7.64421e-05
5.758651119e-01  6.0204987e+00  1.00000e+06  7.64421e-05
5.761530444e-01  6.0501759e+00  1.00000e+06  7.64422e-05
5.764411209e-01  6.0798561e+00  1.00000e+06  7.64422e-05
5.767293415e-01  6.1095391e+00  1.00000e+06  7.64422e-05
5.770177062e-01  6.1392249e+00  1.00000e+06  7.64423e-05
5.773062150e-01  6.1689135e+00  1.00000e+06  7.64423e-05
5.775948681e-01  6.1986049e+00  1.00000e+06  7.64424e-05
5.778836656e-01  6.2282991e+00  1.00000e+06  7.64424e-05
5.781726074e-01  6.2579960e+00  1.00000e+06  7.64424e-05
5.784616937e-01  6.2876956e+00  1.00000e+06  7.64425e-05
5.787509245e-01  6.3173979e+00  1.00000e+06  7.64425e-05
5.790403000e-01  6.3471028e+00  1.00000e+06  7.64425e-05
5.793298202e-01  6.3768104e+00  1.00000e+06  7.64425e-05
5.796194851e-01  6.4065205e+00  1.00000e+06  7.64425e-05
5.799092948e-01  6.4362333e+00  1.00000e+06  7.64425e-05
5.801992495e-01  6.4659485e+00  1.00000e+06  7.64425e-05
5.804893491e-01  6.4956663e+00  1.00000e+06  7.64425e-05
5.807795938e-01  6.5253866e+00  1.00000e+06  7.64425e-05
5.810699836e-01  6.5551094e+00  1.00000e+06  7.64425e-05
5.813605185e-01  6.5848346e+00  1.00000e+06  7.64425e-05
5.816511988e-01  6.6145622e+00  1.00000e+06  7.64424e-05
5.819420244e-01  6.6442922e+00  1.00000e+06  7.64424e-05
5.822329954e-01  6.6740246e+00  1.00000e+06  7.64424e-05
5.825241119e-01  6.7037593e+00  1.00000e+06  7.64424e-05
5.828153740e-01  6.7334964e+00  1.00000e+06  7.64423e-05
5.831067817e-01  6.7632357e+00  1.00000e+06  7.64423e-05
5.833983350e-01  6.7929773e+00  1.00000e+06  7.64422e-05
5.836900342e-01  6.8227211e+00  1.00000e+06  7.64422e-05
5.839818792e-01  6.8524671e+00  1.00000e+06  7.64421e-05
5.842738702e-01  6.8822154e+00  1.00000e+06  7.64421e-05
5.845660071e-01  6.9119657e+00  1.00000e+06  7.64420e-05
5.848582901e-01  6.9417183e+00  1.00000e+06  7.64419e-05
5.851507193e-01  6.9714729e+00  1.00000e+06  7.64417e-05
5.854432946e-01  7.0012296e+00  1.00000e+06  7.64416e-05
5.857360163e-01  7.0309884e+00  1.00000e+06  7.64413e-05
5.860288843e-01  7.0607492e+00  1.00000e+06  7.64410e-05
5.863218987e-01  7.0905120e+00  1.00000e+06  7.64405e-05
5.866150597e-01  7.1202768e+00  1.00000e+06  7.64400e-05
5.869083672e-01  7.1500436e+00  1.00000e+06  7.64393e-05
5.872018214e-01  7.1798123e+00  1.00000e+06  7.64384e-05
5.874954223e-01  7.2095829e+00  1.00000e+06  7.64373e-05
5.877891700e-01  7.2393554e+00  1.00000e+06  7.64362e-05
5.880830646e-01  7.2691298e+00  1.00000e+06  7.64349e-05
5.883771061e-01  7.2989060e+00  1.00000e+06  7.64337e-05
5.886712947e-01  7.3286840e+00  1.00000e+06  7.64325e-05
5.889656303e-01  7.3584637e+00  1.00000e+06  7.64314e-05
5.892601131e-01  7.3882453e+00  1.00000e+06  7.64305e-05
5.895547432e-01  7.4180286e+00  1.00000e+06  7.64298e-05
5.898495206e-01  7.4478135e+00  1.00000e+06  7.64293e-05
5.901444453e-01  7.4776002e+00  1.00000e+06  7.64291e-05
5.904395175e-01  7.5073885e+00  1.00000e+06  7.64290e-05
5.907347373e-01  7.5371785e+00  1.00000e+06  7.64290e-05
5.910301047e-01  7.5669701e+00  1.00000e+06  7.64291e-05
5.913256197e-01  7.5967633e+00  1.00000e+06  7.64292e-05
5.916212825e-01  7.6265580e+00  1.00000e+06  7.64293e-05
5.919170932e-01  7.6563543e+00  1.00000e+06  7.64295e-05
5.922130517e-01  7.6861520e+00  1.00000e+06  7.64296e-05
5.925091582e-01  7.7159513e+00  1.00000e+06  7.64297e-05
5.928054128e-01  7.7457520e+00  1.00000e+06  7.64298e-05
5.931018155e-01  7.7755542e+00  1.00000e+06  7.64300e-05
5.933983664e-01  7.8053578e+00  1.00000e+06  7.64301e-05
5.936950656e-01  7.8351628e+00  1.00000e+06  7.64303e-05
5.939919132e-01  7.8649691e+00  1.00000e+06  7.64305e-05
5.942889091e-01  7.8947768e+00  1.00000e+06  7.64308e-05
5.945860536e-01  7.9245858e+00  1.00000e+06  7.64312e-05
5.948833466e-01  7.9543961e+00  1.00000e+06  7.64316e-05
5.951807883e-01  7.9842077e+00  1.00000e+06  7.64322e-05
5.954783787e-01  8.0140205e+00  1.00000e+06  7.64328e-05
5.957761179e-01  8.0438345e+00  1.00000e+06  7.64335e-05
5.960740059e-01  8.0736498e+00  1.00000e+06  7.64341e-05
5.963720429e-01  8.1034662e+00  1.00000e+06  7.64347e-05
5.966702289e-01  8.1332837e+00  1.00000e+06  7.64352e-05
5.969685640e-01  8.1631024e+00  1.00000e+06  7.64357e-05
5.972670483e-01  8.1929222e+00  1.00000e+06  7.64361e-05
5.975656819e-01  8.2227431e+00  1.00000e+06  7.64366e-05
5.978644647e-01  8.2525650e+00  1.00000e+06  7.64370e-05
5.981633969e-01  8.2823879e+00  1.00000e+06  7.64374e-05
5.984624786e-01  8.3122119e+00  1.00000e+06  7.64378e-05
5.987617099e-01  8.3420368e+00  1.00000e+06  7.64382e-05
5.990610907e-01  8.3718627e+00  1.00000e+06  7.64386e-05
5.993606213e-01  8.4016895e+00  1.00000e+06  7.64389e-05
5.996603016e-01  8.4315173e+00  1.00000e+06  7.64392e-05
5.999601317e-01  8.4613459e+00  1.00000e+06  7.64395e-05
6.002601118e-01  8.4911754e+00  1.00000e+06  7.64397e-05
6.005602418e-01  8.5210057e+00  1.00000e+06  7.64399e-05
6.008605220e-01  8.5508369e+00  1.00000e+06  7.64401e-05
6.011609522e-01  8.5806688e+00  1.00000e+06  7.64402e-05
6.014615327e-01  8.6105015e+00  1.00000e+06  7.64403e-05
6.017622635e-01  8.6403350e+00  1.00000e+06  7.64404e-05
6.020631446e-01  8.6701692e+00  1.00000e+06  7.64404e-05
6.023641762e-01  8.7000041e+00  1.00000e+06  7.64405e-05
6.026653583e-01  8.7298396e+00  1.00000e+06  7.64405e-05
6.029666909e-01  8.7596758e+00  1.00000e+06  7.64405e-05
6.032681743e-01  8.7895127e+00  1.00000e+06  7.64405e-05
6.035698084e-01  8.8193501e+00  1.00000e+06  7.64405e-05
6.038715933e-01  8.8491882e+00  1.00000e+06  7.64405e-05
6.041735291e-01  8.8790268e+00  1.00000e+06  7.64405e-05
6.044756158e-01  8.9088659e+00  1.00000e+06  7.64405e-05
6.047778537e-01  8.9387056e+00  1.00000e+06  7.64405e-05
6.050802426e-01  8.9685457e+00  1.00000e+06  7.64405e-05
6.053827827e-01  8.9983863e+00  1.00000e+06  7.64405e-05
6.056854741e-01  9.0282274e+00  1.00000e+06  7.64404e-05
6.059883168e-01  9.0580689e+00  1.00000e+06  7.64404e-05
6.062913110e-01  9.0879107e+00  1.00000e+06  7.64404e-05
6.065944566e-01  9.1177530e+00  1.00000e+06  7.64404e-05
6.068977539e-01  9.1475956e+00  1.00000e+06  7.64403e-05
6.072012027e-01  9.1774386e+00  1.00000e+06  7.64403e-05
6.075048033e-01  9.2072818e+00  1.00000e+06  7.64403e-05
6.078085557e-01  9.2371254e+00  1.00000e+06  7.64402e-05
6.081124600e-01  9.2669692e+00  1.00000e+06  7.64402e-05
6.084165163e-01  9.2968132e+00  1.00000e+06  7.64401e-05
6.087207245e-01  9.3266575e+00  1.00000e+06  7.64401e-05
6.090250849e-01  9.3565019e+00  1.00000e+06  7.64401e-05
6.093295974e-01  9.3863466e+00  1.00000e+06  7.64400e-05
6.096342622e-01  9.4161913e+00  1.00000e+06  7.64400e-05
6.099390793e-01  9.4460362e+00  1.00000e+06  7.64399e-05
6.102440489e-01  9.4758813e+00  1.00000e+06  7.64399e-05
6.105491709e-01  9.5057264e+00  1.00000e+06  7.64398e-05
6.108544455e-01  9.5355715e+00  1.00000e+06  7.64398e-05
6.111598727e-01  9.5654167e+00  1.00000e+06  7.64397e-05
6.114654527e-01  9.5952619e+00  1.00000e+06  7.64396e-05
6.117711854e-01  9.6251071e+00  1.00000e+06  7.64395e-05
6.120770710e-01  9.6549523e+00  1.00000e+06  7.64394e-05
6.123831095e-01  9.6847975e+00  1.00000e+06  7.64393e-05
6.126893011e-01  9.7146425e+00  1.00000e+06  7.64392e-05
6.129956457e-01  9.7444875e+00  1.00000e+06  7.64391e-05
6.133021435e-01  9.7743323e+00  1.00000e+06  7.64389e-05
6.136087946e-01  9.8041770e+00  1.00000e+06  7.64388e-05
6.139155990e-01  9.8340216e+00  1.00000e+06  7.64386e-05
6.142225568e-01  9.8638659e+00  1.00000e+06  7.64385e-05
6.145296681e-01  9.8937101e+00  1.00000e+06  7.64384e-05
6.148369329e-01  9.9235540e+00  1.00000e+06  7.64382e-05
6.151443514e-01  9.9533977e+00  1.00000e+06  7.64381e-05
6.154519236e-01  9.9832411e+00  1.00000e+06  7.64380e-05
6.157596495e-01  1.0013084e+01  1.00000e+06  7.64378e-05
6.160675294e-01  1.0042927e+01  1.00000e+06  7.64377e-05
6.163755631e-01  1.0072769e+01  1.00000e+06  7.64375e-05
6.166837509e-01  1.0102612e+01  1.00000e+06  7.64373e-05
6.169920928e-01  1.0132453e+01  1.00000e+06  7.64371e-05
6.173005888e-01  1.0162295e+01  1.00000e+06  7.64370e-05
6.176092391e-01  1.0192136e+01  1.00000e+06  7.64368e-05
6.179180437e-01  1.0221976e+01  1.00000e+06  7.64366e-05
6.182270028e-01  1.0251816e+01  1.00000e+06  7.64364e-05
6.185361163e-01  1.0281656e+01  1.00000e+06  7.64363e-05
6.188453843e-01  1.0311495e+01  1.00000e+06  7.64362e-05
6.191548070e-01  1.0341333e+01  1.00000e+06  7.64361e-05
6.194643844e-01  1.0371171e+01  1.00000e+06  7.64361e-05
6.197741166e-01  1.0401008e+01  1.00000e+06  7.64361e-05
6.200840037e-01  1.0430845e+01  1.00000e+06  7.64361e-05
6.203940457e-01  1.0460681e+01  1.00000e+06  7.64362e-05
6.207042427e-01  1.0490517e+01  1.00000e+06  7.64363e-05
6.210145948e-01  1.0520351e+01  1.00000e+06  7.64364e-05
6.213251021e-01  1.0550186e+01  1.00000e+06  7.64365e-05
6.216357647e-01  1.0580019e+01  1.00000e+06  7.64367e-05
6.219465825e-01  1.0609852e+01  1.00000e+06  7.64368e-05
6.222575558e-01  1.0639684e+01  1.00000e+06  7.64370e-05
6.225686846e-01  1.0669515e+01  1.00000e+06  7.64372e-05
6.228799689e-01  1.0699345e+01  1.00000e+06  7.64374e-05
6.231914089e-01  1.0729175e+01  1.00000e+06  7.64375e-05
6.235030046e-01  1.0759004e+01  1.00000e+06  7.64377e-05
6.238147561e-01  1.0788832e+01  1.00000e+06  7.64378e-05
6.241266635e-01  1.0818659e+01  1.00000e+06  7.64380e-05
6.244387268e-01  1.0848485e+01  1.00000e+06  7.64381e-05
6.247509462e-01  1.0878310e+01  1.00000e+06  7.64381e-05
6.250633217e-01  1.0908135e+01  1.00000e+06  7.64382e-05
6.253758533e-01  1.0937958e+01  1.00000e+06  7.64382e-05
6.256885413e-01  1.0967780e+01  1.00000e+06  7.64382e-05
6.260013855e-01  1.0997602e+01  1.00000e+06  7.64381e-05
6.263143862e-01  1.1027422e+01  1.00000e+06  7.64381e-05
6.266275434e-01  1.1057241e+01  1.00000e+06  7.64380e-05
6.269408572e-01  1.1087060e+01  1.00000e+06  7.64378e-05
6.272543276e-01  1.1116877e+01  1.00000e+06  7.64377e-05
6.275679548e-01  1.1146693e+01  1.00000e+06  7.64376e-05
6.278817388e-01  1.1176508e+01  1.00000e+06  7.64375e-05
6.281956796e-01  1.1206322e+01  1.00000e+06  7.64374e-05
6.285097775e-01  1.1236135e+01  1.00000e+06  7.64374e-05
6.288240324e-01  1.1265946e+01  1.00000e+06  7.64374e-05
6.291384444e-01  1.1295757e+01  1.00000e+06  7.64374e-05
6.294530136e-01  1.1325566e+01  1.00000e+06  7.64375e-05
6.297677401e-01  1.1355373e+01  1.00000e+06  7.64375e-05
6.300826240e-01  1.1385180e+01  1.00000e+06  7.64376e-05
6.303976653e-01  1.1414985e+01  1.00000e+06  7.64376e-05
6.307128641e-01  1.1444789e+01  1.00000e+06  7.64376e-05
6.310282206e-01  1.1474592e+01  1.00000e+06  7.64376e-05
6.313437347e-01  1.1504393e+01  1.00000e+06  7.64376e-05
6.316594065e-01  1.1534193e+01  1.00000e+06  7.64376e-05
6.319752362e-01  1.1563992e+01  1.00000e+06  7.64376e-05
6.322912239e-01  1.1593789e+01  1.00000e+06  7.64376e-05
6.326073695e-01  1.1623585e+01  1.00000e+06  7.64376e-05
6.329236732e-01  1.1653379e+01  1.00000e+06  7.64376e-05
6.332401350e-01  1.1683172e+01  1.00000e+06  7.64376e-05
6.335567551e-01  1.1712963e+01  1.00000e+06  7.64376e-05
6.338735334e-01  1.1742753e+01  1.00000e+06  7.64376e-05
6.341904702e-01  1.1772542e+01  1.00000e+06  7.64376e-05
6.345075654e-01  1.1802328e+01  1.00000e+06  7.64376e-05
6.348248192e-01  1.1832114e+01  1.00000e+06  7.64376e-05
6.351422316e-01  1.1861897e+01  1.00000e+06  7.64376e-05
6.354598027e-01  1.1891679e+01  1.00000e+06  7.64377e-05
6.357775327e-01  1.1921460e+01  1.00000e+06  7.64377e-05
6.360954214e-01  1.1951238e+01  1.00000e+06  7.64377e-05
6.364134691e-01  1.1981016e+01  1.00000e+06  7.64378e-05
6.367316759e-01  1.2010791e+01  1.00000e+06  7.64378e-05
6.370500417e-01  1.2040565e+01  1.00000e+06  7.64378e-05
6.373685667e-01  1.2070337e+01  1.00000e+06  7.64378e-05
6.376872510e-01  1.2100107e+01  1.00000e+06  7.64378e-05
6.380060946e-01  1.2129875e+01  1.00000e+06  7.64378e-05
6.383250977e-01  1.2159642e+01  1.00000e+06  7.64378e-05
6.386442602e-01  1.2189407e+01  1.00000e+06  7.64378e-05
6.389635824e-01  1.2219170e+01  1.00000e+06  7.64378e-05
6.392830641e-01  1.2248931e+01  1.00000e+06  7.64378e-05
6.396027057e-01  1.2278691e+01  1.00000e+06  7.64377e-05
6.399225070e-01  1.2308448e+01  1.00000e+06  7.64377e-05
6.402424683e-01  1.2338204e+01  1.00000e+06  7.64377e-05
6.405625895e-01  1.2367958e+01  1.00000e+06  7.64376e-05
6.408828708e-01  1.2397709e+01  1.00000e+06  7.64376e-05
6.412033122e-01  1.2427459e+01  1.00000e+06  7.64376e-05
6.415239139e-01  1.2457207e+01  1.00000e+06  7.64375e-05
6.418446759e-01  1.2486953e+01  1.00000e+06  7.64375e-05
6.421655982e-01  1.2516697e+01  1.00000e+06  7.64374e-05
6.424866810e-01  1.2546439e+01  1.00000e+06  7.64374e-05
6.428079243e-01  1.2576178e+01  1.00000e+06  7.64373e-05
6.431293283e-01  1.2605916e+01  1.00000e+06  7.64372e-05
6.434508930e-01  1.2635651e+01  1.00000e+06  7.64371e-05
6.437726184e-01  1.2665385e+01  1.00000e+06  7.64370e-05
6.440945047e-01  1.2695116e+01  1.00000e+06  7.64368e-05
6.444165520e-01  1.2724845e+01  1.00000e+06  7.64365e-05
6.447387603e-01  1.2754573e+01  1.00000e+06  7.64362e-05
6.450611296e-01  1.2784297e+01  1.00000e+06  7.64357e-05
6.453836602e-01  1.2814020e+01  1.00000e+06  7.64351e-05
6.457063520e-01  1.2843740e+01  1.00000e+06  7.64345e-05
6.460292052e-01  1.2873459e+01  1.00000e+06  7.64337e-05
6.463522198e-01  1.2903175e+01  1.00000e+06  7.64328e-05
6.466753959e-01  1.2932888e+01  1.00000e+06  7.64320e-05
6.469987336e-01  1.2962599e+01  1.00000e+06  7.64311e-05
6.473222330e-01  1.2992309e+01  1.00000e+06  7.64303e-05
6.476458941e-01  1.3022015e+01  1.00000e+06  7.64296e-05
6.479697170e-01  1.3051720e+01  1.00000e+06  7.64291e-05
6.482937019e-01  1.3081422e+01  1.00000e+06  7.64287e-05
6.486178488e-01  1.3111121e+01  1.00000e+06  7.64286e-05
6.489421577e-01  1.3140818e+01  1.00000e+06  7.64287e-05
6.492666288e-01  1.3170513e+01  1.00000e+06  7.64289e-05
6.495912621e-01  1.3200205e+01  1.00000e+06  7.64292e-05
6.499160577e-01  1.3229895e+01  1.00000e+06  7.64295e-05
6.502410157e-01  1.3259582e+01  1.00000e+06  7.64297e-05
6.505661362e-01  1.3289267e+01  1.00000e+06  7.64299e-05
6.508914193e-01  1.3318950e+01  1.00000e+06  7.64301e-05
6.512168650e-01  1.3348629e+01  1.00000e+06  7.64302e-05
6.515424734e-01  1.3378307e+01  1.00000e+06  7.64302e-05
6.518682447e-01  1.3407981e+01  1.00000e+06  7.64302e-05
6.521941788e-01  1.3437653e+01  1.00000e+06  7.64303e-05
6.525202759e-01  1.3467323e+01  1.00000e+06  7.64304e-05
6.528465360e-01  1.3496990e+01  1.00000e+06  7.64305e-05
6.531729593e-01  1.3526654e+01  1.00000e+06  7.64306e-05
6.534995458e-01  1.3556315e+01  1.00000e+06  7.64307e-05
6.538262956e-01  1.3585974e+01  1.00000e+06  7.64307e-05
6.541532087e-01  1.3615630e+01  1.00000e+06  7.64308e-05
6.544802853e-01  1.3645284e+01  1.00000e+06  7.64308e-05
6.548075254e-01  1.3674934e+01  1.00000e+06  7.64309e-05
6.551349292e-01  1.3704582e+01  1.00000e+06  7.64310e-05
6.554624967e-01  1.3734227e+01  1.00000e+06  7.64313e-05
6.557902279e-01  1.3763870e+01  1.00000e+06  7.64315e-05
6.561181230e-01  1.3793509e+01  1.00000e+06  7.64319e-05
6.564461821e-01  1.3823146e+01  1.00000e+06  7.64323e-05
6.567744052e-01  1.3852780e+01  1.00000e+06  7.64327e-05
6.571027924e-01  1.3882411e+01  1.00000e+06  7.64331e-05
6.574313438e-01  1.3912039e+01  1.00000e+06  7.64335e-05
6.577600595e-01  1.3941664e+01  1.00000e+06  7.64339e-05
6.580889395e-01  1.3971286e+01  1.00000e+06  7.64343e-05
6.584179840e-01  1.4000906e+01  1.00000e+06  7.64346e-05
6.587471930e-01  1.4030522e+01  1.00000e+06  7.64348e-05
6.590765666e-01  1.4060136e+01  1.00000e+06  7.64351e-05
6.594061048e-01  1.4089746e+01  1.00000e+06  7.64353e-05
6.597358079e-01  1.4119354e+01  1.00000e+06  7.64354e-05
6.600656758e-01  1.4148958e+01  1.00000e+06  7.64356e-05
6.603957086e-01  1.4178559e+01  1.00000e+06  7.64357e-05
6.607259065e-01  1.4208158e+01  1.00000e+06  7.64358e-05
6.610562694e-01  1.4237753e+01  1.00000e+06  7.64359e-05
6.613867976e-01  1.4267345e+01  1.00000e+06  7.64359e-05
6.617174910e-01  1.4296934e+01  1.00000e+06  7.64359e-05
6.620483497e-01  1.4326520e+01  1.00000e+06  7.64359e-05
6.623793739e-01  1.4356103e+01  1.00000e+06  7.64359e-05
6.627105636e-01  1.4385683e+01  1.00000e+06  7.64358e-05
6.630419189e-01  1.4415259e+01  1.00000e+06  7.64358e-05
6.633734398e-01  1.4444832e+01  1.00000e+06  7.64357e-05
6.637051265e-01  1.4474402e+01  1.00000e+06  7.64357e-05
6.640369791e-01  1.4503969e+01  1.00000e+06  7.64356e-05
6.643689976e-01  1.4533533e+01  1.00000e+06  7.64356e-05
6.647011821e-01  1.4563093e+01  1.00000e+06  7.64356e-05
6.650335327e-01  1.4592650e+01  1.00000e+06  7.64356e-05
6.653660494e-01  1.4622204e+01  1.00000e+06  7.64357e-05
6.656987325e-01  1.4651754e+01  1.00000e+06  7.64357e-05
6.660315818e-01  1.4681301e+01  1.00000e+06  7.64357e-05
6.663645976e-01  1.4710845e+01  1.00000e+06  7.64357e-05
6.666977799e-01  1.4740386e+01  1.00000e+06  7.64357e-05
6.670311288e-01  1.4769923e+01  1.00000e+06  7.64358e-05
6.673646444e-01  1.4799456e+01  1.00000e+06  7.64358e-05
6.676983267e-01  1.4828986e+01  1.00000e+06  7.64358e-05
6.680321759e-01  1.4858513e+01  1.00000e+06  7.64358e-05
6.683661920e-01  1.4888036e+01  1.00000e+06  7.64358e-05
6.687003751e-01  1.4917556e+01  1.00000e+06  7.64359e-05
6.690347252e-01  1.4947073e+01  1.00000e+06  7.64359e-05
6.693692426e-01  1.4976585e+01  1.00000e+06  7.64359e-05
6.697039272e-01  1.5006095e+01  1.00000e+06  7.64359e-05
6.700387792e-01  1.5035600e+01  1.00000e+06  7.64360e-05
6.703737986e-01  1.5065103e+01  1.00000e+06  7.64360e-05
6.707089855e-01  1.5094601e+01  1.00000e+06  7.64360e-05
6.710443400e-01  1.5124096e+01  1.00000e+06  7.64361e-05
6.713798621e-01  1.5153588e+01  1.00000e+06  7.64361e-05
6.717155521e-01  1.5183076e+01  1.00000e+06  7.64361e-05
6.720514098e-01  1.5212560e+01  1.00000e+06  7.64362e-05
6.723874355e-01  1.5242041e+01  1.00000e+06  7.64362e-05
6.727236293e-01  1.5271518e+01  1.00000e+06  7.64362e-05
6.730599911e-01  1.5300991e+01  1.00000e+06  7.64362e-05
6.733965211e-01  1.5330460e+01  1.00000e+06  7.64363e-05
6.737332193e-01  1.5359926e+01  1.00000e+06  7.64363e-05
6.740700859e-01  1.5389388e+01  1.00000e+06  7.64363e-05
6.744071210e-01  1.5418847e+01  1.00000e+06  7.64363e-05
6.747443246e-01  1.5448301e+01  1.00000e+06  7.64363e-05
6.750816967e-01  1.5477752e+01  1.00000e+06  7.64363e-05
6.754192376e-01  1.5507199e+01  1.00000e+06  7.64363e-05
6.757569472e-01  1.5536642e+01  1.00000e+06  7.64363e-05
6.760948257e-01  1.5566082e+01  1.00000e+06  7.64363e-05
6.764328731e-01  1.5595517e+01  1.00000e+06  7.64363e-05
6.767710895e-01  1.5624949e+01  1.00000e+06  7.64363e-05
6.771094750e-01  1.5654377e+01  1.00000e+06  7.64363e-05
6.774480298e-01  1.5683800e+01  1.00000e+06  7.64363e-05
6.777867538e-01  1.5713220e+01  1.00000e+06  7.64362e-05
6.781256472e-01  1.5742636e+01  1.00000e+06  7.64362e-05
6.784647100e-01  1.5772049e+01  1.00000e+06  7.64362e-05
6.788039424e-01  1.5801457e+01  1.00000e+06  7.64362e-05
6.791433443e-01  1.5830861e+01  1.00000e+06  7.64361e-05
6.794829160e-01  1.5860261e+01  1.00000e+06  7.64361e-05
6.798226575e-01  1.5889657e+01  1.00000e+06  7.64360e-05
6.801625688e-01  1.5919049e+01  1.00000e+06  7.64360e-05
6.805026501e-01  1.5948438e+01  1.00000e+06  7.64359e-05
6.808429014e-01  1.5977822e+01  1.00000e+06  7.64359e-05
6.811833228e-01  1.6007202e+01  1.00000e+06  7.64358e-05
6.815239145e-01  1.6036578e+01  1.00000e+06  7.64358e-05
6.818646765e-01  1.6065949e+01  1.00000e+06  7.64357e-05
6.822056088e-01  1.6095317e+01  1.00000e+06  7.64357e-05
6.825467116e-01  1.6124681e+01  1.00000e+06  7.64356e-05
6.828879850e-01  1.6154040e+01  1.00000e+06  7.64356e-05
6.832294290e-01  1.6183395e+01  1.00000e+06  7.64356e-05
6.835710437e-01  1.6212747e+01  1.00000e+06  7.64355e-05
6.839128292e-01  1.6242093e+01  1.00000e+06  7.64355e-05
6.842547856e-01  1.6271436e+01  1.00000e+06  7.64355e-05
6.845969130e-01  1.6300775e+01  1.00000e+06  7.64355e-05
6.849392115e-01  1.6330109e+01  1.00000e+06  7.64354e-05
6.852816811e-01  1.6359439e+01  1.00000e+06  7.64354e-05
6.856243219e-01  1.6388765e+01  1.00000e+06  7.64354e-05
6.859671341e-01  1.6418086e+01  1.00000e+06  7.64354e-05
6.863101176e-01  1.6447403e+01  1.00000e+06  7.64354e-05
6.866532727e-01  1.6476716e+01  1.00000e+06  7.64354e-05
6.869965993e-01  1.6506024e+01  1.00000e+06  7.64354e-05
6.873400976e-01  1.6535329e+01  1.00000e+06  7.64354e-05
6.876837677e-01  1.6564628e+01  1.00000e+06  7.64354e-05
6.880276096e-01  1.6593924e+01  1.00000e+06  7.64353e-05
6.883716234e-01  1.6623215e+01  1.00000e+06  7.64353e-05
6.887158092e-01  1.6652501e+01  1.00000e+06  7.64353e-05
6.890601671e-01  1.6681784e+01  1.00000e+06  7.64352e-05
6.894046972e-01  1.6711061e+01  1.00000e+06  7.64351e-05
6.897493995e-01  1.6740335e+01  1.00000e+06  7.64348e-05
6.900942742e-01  1.6769603e+01  1.00000e+06  7.64345e-05
6.904393213e-01  1.6798868e+01  1.00000e+06  7.64341e-05
6.907845410e-01  1.6828128e+01  1.00000e+06  7.64335e-05
6.911299333e-01  1.6857383e+01  1.00000e+06  7.64326e-05
6.914754982e-01  1.6886634e+01  1.00000e+06  7.64315e-05
6.918212360e-01  1.6915880e+01  1.00000e+06  7.64300e-05
6.921671466e-01  1.6945122e+01  1.00000e+06  7.64282e-05
6.925132302e-01  1.6974359e+01  1.00000e+06  7.64261e-05
6.928594868e-01  1.7003591e+01  1.00000e+06  7.64239e-05
6.932059165e-01  1.7032819e+01  1.00000e+06  7.64215e-05
6.935525195e-01  1.7062043e+01  1.00000e+06  7.64192e-05
6.938992958e-01  1.7091261e+01  1.00000e+06  7.64171e-05
6.942462454e-01  1.7120476e+01  1.00000e+06  7.64155e-05
6.945933685e-01  1.7149685e+01  1.00000e+06  7.64144e-05
6.949406652e-01  1.7178890e+01  1.00000e+06  7.64139e-05
6.952881356e-01  1.7208090e+01  1.00000e+06  7.64140e-05
6.956357796e-01  1.7237285e+01  1.00000e+06  7.64145e-05
6.959835975e-01  1.7266476e+01  1.00000e+06  7.64155e-05
6.963315893e-01  1.7295662e+01  1.00000e+06  7.64166e-05
6.966797551e-01  1.7324843e+01  1.00000e+06  7.64177e-05
6.970280950e-01  1.7354019e+01  1.00000e+06  7.64185e-05
6.973766090e-01  1.7383191e+01  1.00000e+06  7.64190e-05
6.977252973e-01  1.7412358e+01  1.00000e+06  7.64191e-05
6.980741600e-01  1.7441520e+01  1.00000e+06  7.64188e-05
6.984231971e-01  1.7470677e+01  1.00000e+06  7.64182e-05
6.987724087e-01  1.7499829e+01  1.00000e+06  7.64175e-05
6.991217949e-01  1.7528977e+01  1.00000e+06  7.64168e-05
6.994713558e-01  1.7558119e+01  1.00000e+06  7.64162e-05
6.998210914e-01  1.7587257e+01  1.00000e+06  7.64159e-05
7.001710020e-01  1.7616390e+01  1.00000e+06  7.64159e-05
7.005210875e-01  1.7645518e+01  1.00000e+06  7.64162e-05
7.008713480e-01  1.7674641e+01  1.00000e+06  7.64166e-05
7.012217837e-01  1.7703759e+01  1.00000e+06  7.64172e-05
7.015723946e-01  1.7732872e+01  1.00000e+06  7.64179e-05
7.019231808e-01  1.7761980e+01  1.00000e+06  7.64187e-05
7.022741424e-01  1.7791084e+01  1.00000e+06  7.64195e-05
7.026252795e-01  1.7820182e+01  1.00000e+06  7.64203e-05
7.029765921e-01  1.7849275e+01  1.00000e+06  7.64211e-05
7.033280804e-01  1.7878363e+01  1.00000e+06  7.64219e-05
7.036797444e-01  1.7907447e+01  1.00000e+06  7.64227e-05
7.040315843e-01  1.7936525e+01  1.00000e+06  7.64234e-05
7.043836001e-01  1.7965598e+01  1.00000e+06  7.64242e-05
7.047357919e-01  1.7994666e+01  1.00000e+06  7.64249e-05
7.050881598e-01  1.8023729e+01  1.00000e+06  7.64256e-05
7.054407039e-01  1.8052787e+01  1.00000e+06  7.64263e-05
7.057934242e-01  1.8081839e+01  1.00000e+06  7.64269e-05
7.061463209e-01  1.8110887e+01  1.00000e+06  7.64274e-05
7.064993941e-01  1.8139929e+01  1.00000e+06  7.64280e-05
7.068526438e-01  1.8168967e+01  1.00000e+06  7.64285e-05
7.072060701e-01  1.8197999e+01  1.00000e+06  7.64289e-05
7.075596731e-01  1.8227026e+01  1.00000e+06  7.64293e-05
7.079134530e-01  1.8256048e+01  1.00000e+06  7.64297e-05
7.082674097e-01  1.8285064e+01  1.00000e+06  7.64300e-05
7.086215434e-01  1.8314075e+01  1.00000e+06  7.64303e-05
7.089758542e-01  1.8343081e+01  1.00000e+06  7.64306e-05
7.093303421e-01  1.8372082e+01  1.00000e+06  7.64308e-05
7.096850073e-01  1.8401078e+01  1.00000e+06  7.64310e-05
7.100398498e-01  1.8430068e+01  1.00000e+06  7.64312e-05
7.103948697e-01  1.8459053e+01  1.00000e+06  7.64314e-05
7.107500671e-01  1.8488033e+01  1.00000e+06  7.64315e-05
7.111054422e-01  1.8517007e+01  1.00000e+06  7.64316e-05
7.114609949e-01  1.8545976e+01  1.00000e+06  7.64316e-05
7.118167254e-01  1.8574940e+01  1.00000e+06  7.64316e-05
7.121726338e-01  1.8603898e+01  1.00000e+06  7.64315e-05
7.125287201e-01  1.8632851e+01  1.00000e+06  7.64313e-05
7.128849844e-01  1.8661799e+01  1.00000e+06  7.64310e-05
7.132414269e-01  1.8690741e+01  1.00000e+06  7.64304e-05
7.135980476e-01  1.8719678e+01  1.00000e+06  7.64295e-05
7.139548467e-01  1.8748609e+01  1.00000e+06  7.64282e-05
7.143118241e-01  1.8777535e+01  1.00000e+06  7.64262e-05
7.146689800e-01  1.8806455e+01  1.00000e+06  7.64233e-05
7.150263145e-01  1.8835370e+01  1.00000e+06  7.64192e-05
7.153838277e-01  1.8864280e+01  1.00000e+06  7.64137e-05
7.157415196e-01  1.8893184e+01  1.00000e+06  7.64063e-05
7.160993903e-01  1.8922082e+01  1.00000e+06  7.63970e-05
7.164574400e-01  1.8950975e+01  1.00000e+06  7.63857e-05
7.168156687e-01  1.8979863e+01  1.00000e+06  7.63727e-05
7.171740766e-01  1.9008745e+01  1.00000e+06  7.63583e-05
7.175326636e-01  1.9037621e+01  1.00000e+06  7.63434e-05
7.178914299e-01  1.9066492e+01  1.00000e+06  7.63288e-05
7.182503757e-01  1.9095357e+01  1.00000e+06  7.63155e-05
7.186095008e-01  1.9124216e+01  1.00000e+06  7.63045e-05
7.189688056e-01  1.9153070e+01  1.00000e+06  7.62965e-05
7.193282900e-01  1.9181919e+01  1.00000e+06  7.62920e-05
7.196879541e-01  1.9210762e+01  1.00000e+06  7.62912e-05
7.200477981e-01  1.9239599e+01  1.00000e+06  7.62936e-05
7.204078220e-01  1.9268430e+01  1.00000e+06  7.62986e-05
7.207680259e-01  1.9297256e+01  1.00000e+06  7.63053e-05
7.211284099e-01  1.9326076e+01  1.00000e+06  7.63124e-05
7.214889742e-01  1.9354890e+01  1.00000e+06  7.63189e-05
7.218497186e-01  1.9383699e+01  1.00000e+06  7.63239e-05
7.222106435e-01  1.9412502e+01  1.00000e+06  7.63269e-05
7.225717488e-01  1.9441299e+01  1.00000e+06  7.63279e-05
7.229330347e-01  1.9470091e+01  1.00000e+06  7.63272e-05
7.232945012e-01  1.9498876e+01  1.00000e+06  7.63254e-05
7.236561485e-01  1.9527656e+01  1.00000e+06  7.63234e-05
7.240179765e-01  1.9556430e+01  1.00000e+06  7.63218e-05
7.243799855e-01  1.9585199e+01  1.00000e+06  7.63210e-05
7.247421755e-01  1.9613961e+01  1.00000e+06  7.63211e-05
7.251045466e-01  1.9642718e+01  1.00000e+06  7.63222e-05
7.254670989e-01  1.9671469e+01  1.00000e+06  7.63239e-05
7.258298324e-01  1.9700214e+01  1.00000e+06  7.63260e-05
7.261927473e-01  1.9728953e+01  1.00000e+06  7.63283e-05
7.265558437e-01  1.9757686e+01  1.00000e+06  7.63308e-05
7.269191216e-01  1.9786414e+01  1.00000e+06  7.63333e-05
7.272825812e-01  1.9815135e+01  1.00000e+06  7.63360e-05
7.276462225e-01  1.9843851e+01  1.00000e+06  7.63389e-05
7.280100456e-01  1.9872561e+01  1.00000e+06  7.63423e-05
7.283740506e-01  1.9901265e+01  1.00000e+06  7.63460e-05
7.287382377e-01  1.9929962e+01  1.00000e+06  7.63502e-05
7.291026068e-01  1.9958654e+01  1.00000e+06  7.63549e-05
7.294671581e-01  1.9987340e+01  1.00000e+06  7.63598e-05
7.298318917e-01  2.0016020e+01  1.00000e+06  7.63650e-05
7.301968076e-01  2.0044694e+01  1.00000e+06  7.63703e-05
7.305619060e-01  2.0073362e+01  1.00000e+06  7.63757e-05
7.309271870e-01  2.0102024e+01  1.00000e+06  7.63810e-05
7.312926505e-01  2.0130680e+01  1.00000e+06  7.63861e-05
7.316582969e-01  2.0159329e+01  1.00000e+06  7.63911e-05
7.320241260e-01  2.0187973e+01  1.00000e+06  7.63958e-05
7.323901381e-01  2.0216611e+01  1.00000e+06  7.64001e-05
7.327563332e-01  2.0245242e+01  1.00000e+06  7.64040e-05
7.331227113e-01  2.0273868e+01  1.00000e+06  7.64074e-05
7.334892727e-01  2.0302487e+01  1.00000e+06  7.64103e-05
7.338560173e-01  2.0331101e+01  1.00000e+06  7.64127e-05
7.342229453e-01  2.0359708e+01  1.00000e+06  7.64146e-05
7.345900568e-01  2.0388309e+01  1.00000e+06  7.64162e-05
7.349573518e-01  2.0416904e+01  1.00000e+06  7.64174e-05
7.353248305e-01  2.0445493e+01  1.00000e+06  7.64184e-05
7.356924929e-01  2.0474075e+01  1.00000e+06  7.64193e-05
7.360603392e-01  2.0502651e+01  1.00000e+06  7.64202e-05
7.364283693e-01  2.0531222e+01  1.00000e+06  7.64210e-05
7.367965835e-01  2.0559786e+01  1.00000e+06  7.64219e-05
7.371649818e-01  2.0588343e+01  1.00000e+06  7.64229e-05
7.375335643e-01  2.0616895e+01  1.00000e+06  7.64239e-05
7.379023311e-01  2.0645440e+01  1.00000e+06  7.64249e-05
7.382712822e-01  2.0673979e+01  1.00000e+06  7.64259e-05
7.386404179e-01  2.0702512e+01  1.00000e+06  7.64268e-05
7.390097381e-01  2.0731038e+01  1.00000e+06  7.64277e-05
7.393792430e-01  2.0759559e+01  1.00000e+06  7.64286e-05
7.397489326e-01  2.0788072e+01  1.00000e+06  7.64293e-05
7.401188071e-01  2.0816580e+01  1.00000e+06  7.64300e-05
7.404888665e-01  2.0845081e+01  1.00000e+06  7.64306e-05
7.408591109e-01  2.0873576e+01  1.00000e+06  7.64311e-05
7.412295404e-01  2.0902065e+01  1.00000e+06  7.64316e-05
7.416001552e-01  2.0930547e+01  1.00000e+06  7.64320e-05
7.419709553e-01  2.0959023e+01  1.00000e+06  7.64324e-05
7.423419408e-01  2.0987492e+01  1.00000e+06  7.64327e-05
7.427131117e-01  2.1015955e+01  1.00000e+06  7.64329e-05
7.430844683e-01  2.1044412e+01  1.00000e+06  7.64332e-05
7.434560105e-01  2.1072862e+01  1.00000e+06  7.64333e-05
7.438277385e-01  2.1101306e+01  1.00000e+06  7.64335e-05
7.441996524e-01  2.1129743e+01  1.00000e+06  7.64336e-05
7.445717522e-01  2.1158174e+01  1.00000e+06  7.64337e-05
7.449440381e-01  2.1186599e+01  1.00000e+06  7.64337e-05
7.453165101e-01  2.1215017e+01  1.00000e+06  7.64338e-05
7.456891684e-01  2.1243428e+01  1.00000e+06  7.64338e-05
7.460620130e-01  2.1271833e+01  1.00000e+06  7.64338e-05
7.464350440e-01  2.1300232e+01  1.00000e+06  7.64338e-05
7.468082615e-01  2.1328624e+01  1.00000e+06  7.64338e-05
7.471816656e-01  2.1357009e+01  1.00000e+06  7.64338e-05
7.475552565e-01  2.1385388e+01  1.00000e+06  7.64338e-05
7.479290341e-01  2.1413761e+01  1.00000e+06  7.64338e-05
7.483029986e-01  2.1442127e+01  1.00000e+06  7.64338e-05
7.486771501e-01  2.1470486e+01  1.00000e+06  7.64338e-05
7.490514887e-01  2.1498839e+01  1.00000e+06  7.64338e-05
7.494260144e-01  2.1527185e+01  1.00000e+06  7.64338e-05
7.498007274e-01  2.1555524e+01  1.00000e+06  7.64338e-05
7.501756278e-01  2.1583857e+01  1.00000e+06  7.64338e-05
7.505507156e-01  2.1612183e+01  1.00000e+06  7.64338e-05
7.509259910e-01  2.1640503e+01  1.00000e+06  7.64338e-05
7.513014540e-01  2.1668816e+01  1.00000e+06  7.64338e-05
7.516771047e-01  2.1697122e+01  1.00000e+06  7.64338e-05
7.520529432e-01  2.1725422e+01  1.00000e+06  7.64338e-05
7.524289697e-01  2.1753715e+01  1.00000e+06  7.64338e-05
7.528051842e-01  2.1782001e+01  1.00000e+06  7.64338e-05
7.531815868e-01  2.1810281e+01  1.00000e+06  7.64338e-05
7.535581776e-01  2.1838554e+01  1.00000e+06  7.64338e-05
7.539349567e-01  2.1866820e+01  1.00000e+06  7.64338e-05
7.543119241e-01  2.1895079e+01  1.00000e+06  7.64338e-05
7.546890801e-01  2.1923332e+01  1.00000e+06  7.64338e-05
7.550664246e-01  2.1951578e+01  1.00000e+06  7.64337e-05
7.554439579e-01  2.1979817e+01  1.00000e+06  7.64337e-05
7.558216798e-01  2.2008050e+01  1.00000e+06  7.64337e-05
7.561995907e-01  2.2036275e+01  1.00000e+06  7.64337e-05
7.565776905e-01  2.2064494e+01  1.00000e+06  7.64337e-05
7.569559793e-01  2.2092706e+01  1.00000e+06  7.64336e-05
7.573344573e-01  2.2120911e+01  1.00000e+06  7.64336e-05
7.577131245e-01  2.2149110e+01  1.00000e+06  7.64336e-05
7.580919811e-01  2.2177301e+01  1.00000e+06  7.64335e-05
7.584710271e-01  2.2205486e+01  1.00000e+06  7.64335e-05
7.588502626e-01  2.2233664e+01  1.00000e+06  7.64335e-05
7.592296877e-01  2.2261835e+01  1.00000e+06  7.64334e-05
7.596093026e-01  2.2289999e+01  1.00000e+06  7.64334e-05
7.599891072e-01  2.2318156e+01  1.00000e+06  7.64333e-05
7.603691018e-01  2.2346307e+01  1.00000e+06  7.64333e-05
7.607492863e-01  2.2374450e+01  1.00000e+06  7.64332e-05
7.611296610e-01  2.2402587e+01  1.00000e+06  7.64332e-05
7.615102258e-01  2.2430716e+01  1.00000e+06  7.64331e-05
7.618909809e-01  2.2458839e+01  1.00000e+06  7.64331e-05
7.622719264e-01  2.2486955e+01  1.00000e+06  7.64330e-05
7.626530624e-01  2.2515063e+01  1.00000e+06  7.64330e-05
7.630343889e-01  2.2543165e+01  1.00000e+06  7.64330e-05
7.634159061e-01  2.2571260e+01  1.00000e+06  7.64329e-05
7.637976141e-01  2.2599348e+01  1.00000e+06  7.64329e-05
7.641795129e-01  2.2627429e+01  1.00000e+06  7.64329e-05
7.645616026e-01  2.2655503e+01  1.00000e+06  7.64329e-05
7.649438834e-01  2.2683569e+01  1.00000e+06  7.64328e-05
7.653263554e-01  2.2711629e+01  1.00000e+06  7.64328e-05
7.657090185e-01  2.2739682e+01  1.00000e+06  7.64328e-05
7.660918730e-01  2.2767728e+01  1.00000e+06  7.64328e-05
7.664749190e-01  2.2795766e+01  1.00000e+06  7.64328e-05
7.668581564e-01  2.2823798e+01  1.00000e+06  7.64327e-05
7.672415855e-01  2.2851822e+01  1.00000e+06  7.64327e-05
7.676252063e-01  2.2879840e+01  1.00000e+06  7.64327e-05
7.680090189e-01  2.2907850e+01  1.00000e+06  7.64327e-05
7.683930234e-01  2.2935853e+01  1.00000e+06  7.64327e-05
7.687772199e-01  2.2963849e+01  1.00000e+06  7.64327e-05
7.691616085e-01  2.2991838e+01  1.00000e+06  7.64327e-05
7.695461894e-01  2.3019820e+01  1.00000e+06  7.64327e-05
7.699309624e-01  2.3047795e+01  1.00000e+06  7.64326e-05
7.703159279e-01  2.3075762e+01  1.00000e+06  7.64326e-05
7.707010859e-01  2.3103723e+01  1.00000e+06  7.64326e-05
7.710864364e-01  2.3131676e+01  1.00000e+06  7.64325e-05
7.714719797e-01  2.3159622e+01  1.00000e+06  7.64325e-05
7.718577156e-01  2.3187561e+01  1.00000e+06  7.64324e-05
7.722436445e-01  2.3215492e+01  1.00000e+06  7.64324e-05
7.726297663e-01  2.3243417e+01  1.00000e+06  7.64323e-05
7.730160812e-01  2.3271334e+01  1.00000e+06  7.64322e-05
7.734025892e-01  2.3299244e+01  1.00000e+06  7.64322e-05
7.737892905e-01  2.3327147e+01  1.00000e+06  7.64321e-05
7.741761852e-01  2.3355042e+01  1.00000e+06  7.64320e-05
7.745632733e-01  2.3382930e+01  1.00000e+06  7.64320e-05
7.749505549e-01  2.3410811e+01  1.00000e+06  7.64319e-05
7.753380302e-01  2.3438685e+01  1.00000e+06  7.64318e-05
7.757256992e-01  2.3466551e+01  1.00000e+06  7.64318e-05
7.761135621e-01  2.3494410e+01  1.00000e+06  7.64317e-05
7.765016188e-01  2.3522262e+01  1.00000e+06  7.64316e-05
7.768898697e-01  2.3550107e+01  1.00000e+06  7.64315e-05
7.772783146e-01  2.3577944e+01  1.00000e+06  7.64314e-05
7.776669537e-01  2.3605774e+01  1.00000e+06  7.64312e-05
7.780557872e-01  2.3633596e+01  1.00000e+06  7.64311e-05
7.784448151e-01  2.3661411e+01  1.00000e+06  7.64309e-05
7.788340375e-01  2.3689219e+01  1.00000e+06  7.64307e-05
7.792234545e-01  2.3717019e+01  1.00000e+06  7.64305e-05
7.796130663e-01  2.3744812e+01  1.00000e+06  7.64303e-05
7.800028728e-01  2.3772598e+01  1.00000e+06  7.64301e-05
7.803928742e-01  2.3800376e+01  1.00000e+06  7.64298e-05
7.807830707e-01  2.3828147e+01  1.00000e+06  7.64296e-05
7.811734622e-01  2.3855910e+01  1.00000e+06  7.64294e-05
7.815640489e-01  2.3883666e+01  1.00000e+06  7.64292e-05
7.819548310e-01  2.3911415e+01  1.00000e+06  7.64290e-05
7.823458084e-01  2.3939156e+01  1.00000e+06  7.64289e-05
7.827369813e-01  2.3966890e+01  1.00000e+06  7.64287e-05
7.831283498e-01  2.3994616e+01  1.00000e+06  7.64286e-05
7.835199139e-01  2.4022335e+01  1.00000e+06  7.64285e-05
7.839116739e-01  2.4050046e+01  1.00000e+06  7.64284e-05
7.843036297e-01  2.4077750e+01  1.00000e+06  7.64283e-05
7.846957816e-01  2.4105446e+01  1.00000e+06  7.64282e-05
7.850881294e-01  2.4133135e+01  1.00000e+06  7.64281e-05
7.854806735e-01  2.4160816e+01  1.00000e+06  7.64279e-05
7.858734139e-01  2.4188490e+01  1.00000e+06  7.64276e-05
7.862663506e-01  2.4216156e+01  1.00000e+06  7.64272e-05
7.866594837e-01  2.4243814e+01  1.00000e+06  7.64268e-05
7.870528135e-01  2.4271466e+01  1.00000e+06  7.64263e-05
7.874463399e-01  2.4299109e+01  1.00000e+06  7.64257e-05
7.878400631e-01  2.4326745e+01  1.00000e+06  7.64250e-05
7.882339831e-01  2.4354374e+01  1.00000e+06  7.64242e-05
7.886281001e-01  2.4381994e+01  1.00000e+06  7.64233e-05
7.890224141e-01  2.4409608e+01  1.00000e+06  7.64224e-05
7.894169253e-01  2.4437213e+01  1.00000e+06  7.64215e-05
7.898116338e-01  2.4464811e+01  1.00000e+06  7.64206e-05
7.902065396e-01  2.4492402e+01  1.00000e+06  7.64197e-05
7.906016429e-01  2.4519985e+01  1.00000e+06  7.64189e-05
7.909969437e-01  2.4547560e+01  1.00000e+06  7.64183e-05
7.913924422e-01  2.4575127e+01  1.00000e+06  7.64178e-05
7.917881384e-01  2.4602687e+01  1.00000e+06  7.64176e-05
7.921840325e-01  2.4630239e+01  1.00000e+06  7.64175e-05
7.925801245e-01  2.4657784e+01  1.00000e+06  7.64176e-05
7.929764145e-01  2.4685321e+01  1.00000e+06  7.64179e-05
7.933729028e-01  2.4712850e+01  1.00000e+06  7.64182e-05
7.937695892e-01  2.4740371e+01  1.00000e+06  7.64185e-05
7.941664740e-01  2.4767885e+01  1.00000e+06  7.64186e-05
7.945635572e-01  2.4795391e+01  1.00000e+06  7.64186e-05
7.949608390e-01  2.4822890e+01  1.00000e+06  7.64184e-05
7.953583194e-01  2.4850380e+01  1.00000e+06  7.64181e-05
7.957559986e-01  2.4877863e+01  1.00000e+06  7.64178e-05
7.961538766e-01  2.4905338e+01  1.00000e+06  7.64175e-05
7.965519535e-01  2.4932806e+01  1.00000e+06  7.64173e-05
7.969502295e-01  2.4960265e+01  1.00000e+06  7.64172e-05
7.973487046e-01  2.4987717e+01  1.00000e+06  7.64173e-05
7.977473790e-01  2.5015161e+01  1.00000e+06  7.64174e-05
7.981462527e-01  2.5042598e+01  1.00000e+06  7.64176e-05
7.985453258e-01  2.5070026e+01  1.00000e+06  7.64178e-05
7.989445985e-01  2.5097447e+01  1.00000e+06  7.64180e-05
7.993440708e-01  2.5124860e+01  1.00000e+06  7.64181e-05
7.997437428e-01  2.5152265e+01  1.00000e+06  7.64181e-05
8.001436147e-01  2.5179662e+01  1.00000e+06  7.64180e-05
8.005436865e-01  2.5207052e+01  1.00000e+06  7.64180e-05
8.009439583e-01  2.5234433e+01  1.00000e+06  7.64179e-05
8.013444303e-01  2.5261807e+01  1.00000e+06  7.64180e-05
8.017451025e-01  2.5289173e+01  1.00000e+06  7.64181e-05
8.021459751e-01  2.5316531e+01  1.00000e+06  7.64184e-05
8.025470480e-01  2.5343881e+01  1.00000e+06  7.64187e-05
8.029483216e-01  2.5371223e+01  1.00000e+06  7.64192e-05
8.033497957e-01  2.5398558e+01  1.00000e+06  7.64198e-05
8.037514706e-01  2.5425884e+01  1.00000e+06  7.64205e-05
8.041533464e-01  2.5453203e+01  1.00000e+06  7.64212e-05
8.045554230e-01  2.5480514e+01  1.00000e+06  7.64220e-05
8.049577007e-01  2.5507816e+01  1.00000e+06  7.64229e-05
8.053601796e-01  2.5535111e+01  1.00000e+06  7.64236e-05
8.057628597e-01  2.5562398e+01  1.00000e+06  7.64243e-05
8.061657411e-01  2.5589677e+01  1.00000e+06  7.64248e-05
8.065688240e-01  2.5616948e+01  1.00000e+06  7.64252e-05
8.069721084e-01  2.5644211e+01  1.00000e+06  7.64254e-05
8.073755945e-01  2.5671466e+01  1.00000e+06  7.64255e-05
8.077792822e-01  2.5698714e+01  1.00000e+06  7.64254e-05
8.081831719e-01  2.5725953e+01  1.00000e+06  7.64251e-05
8.085872635e-01  2.5753184e+01  1.00000e+06  7.64248e-05
8.089915571e-01  2.5780407e+01  1.00000e+06  7.64243e-05
8.093960529e-01  2.5807622e+01  1.00000e+06  7.64236e-05
8.098007509e-01  2.5834829e+01  1.00000e+06  7.64227e-05
8.102056513e-01  2.5862028e+01  1.00000e+06  7.64215e-05
8.106107541e-01  2.5889220e+01  1.00000e+06  7.64198e-05
8.110160595e-01  2.5916403e+01  1.00000e+06  7.64176e-05
8.114215675e-01  2.5943578e+01  1.00000e+06  7.64146e-05
8.118272783e-01  2.5970745e+01  1.00000e+06  7.64108e-05
8.122331919e-01  2.5997904e+01  1.00000e+06  7.64058e-05
8.126393085e-01  2.6025054e+01  1.00000e+06  7.63997e-05
8.130456282e-01  2.6052197e+01  1.00000e+06  7.63922e-05
8.134521510e-01  2.6079332e+01  1.00000e+06  7.63833e-05
8.138588771e-01  2.6106459e+01  1.00000e+06  7.63731e-05
8.142658065e-01  2.6133577e+01  1.00000e+06  7.63617e-05
8.146729394e-01  2.6160688e+01  1.00000e+06  7.63493e-05
8.150802759e-01  2.6187790e+01  1.00000e+06  7.63364e-05
8.154878160e-01  2.6214884e+01  1.00000e+06  7.63233e-05
8.158955599e-01  2.6241970e+01  1.00000e+06  7.63106e-05
8.163035077e-01  2.6269048e+01  1.00000e+06  7.62990e-05
8.167116595e-01  2.6296118e+01  1.00000e+06  7.62888e-05
8.171200153e-01  2.6323180e+01  1.00000e+06  7.62807e-05
8.175285753e-01  2.6350233e+01  1.00000e+06  7.62749e-05
8.179373396e-01  2.6377279e+01  1.00000e+06  7.62717e-05
8.183463083e-01  2.6404316e+01  1.00000e+06  7.62711e-05
8.187554814e-01  2.6431345e+01  1.00000e+06  7.62729e-05
8.191648592e-01  2.6458366e+01  1.00000e+06  7.62767e-05
8.195744416e-01  2.6485378e+01  1.00000e+06  7.62818e-05
8.199842288e-01  2.6512383e+01  1.00000e+06  7.62872e-05
8.203942209e-01  2.6539379e+01  1.00000e+06  7.62922e-05
8.208044180e-01  2.6566367e+01  1.00000e+06  7.62957e-05
8.212148202e-01  2.6593347e+01  1.00000e+06  7.62975e-05
8.216254277e-01  2.6620319e+01  1.00000e+06  7.62976e-05
8.220362404e-01  2.6647282e+01  1.00000e+06  7.62965e-05
8.224472585e-01  2.6674237e+01  1.00000e+06  7.62953e-05
8.228584821e-01  2.6701184e+01  1.00000e+06  7.62950e-05
8.232699114e-01  2.6728123e+01  1.00000e+06  7.62963e-05
8.236815463e-01  2.6755053e+01  1.00000e+06  7.62999e-05
8.240933871e-01  2.6781976e+01  1.00000e+06  7.63054e-05
8.245054338e-01  2.6808889e+01  1.00000e+06  7.63124e-05
8.249176865e-01  2.6835795e+01  1.00000e+06  7.63201e-05
8.253301453e-01  2.6862692e+01  1.00000e+06  7.63275e-05
8.257428104e-01  2.6889581e+01  1.00000e+06  7.63340e-05
8.261556818e-01  2.6916462e+01  1.00000e+06  7.63393e-05
8.265687597e-01  2.6943335e+01  1.00000e+06  7.63433e-05
8.269820440e-01  2.6970199e+01  1.00000e+06  7.63461e-05
8.273955351e-01  2.6997055e+01  1.00000e+06  7.63483e-05
8.278092328e-01  2.7023902e+01  1.00000e+06  7.63502e-05
8.282231374e-01  2.7050741e+01  1.00000e+06  7.63521e-05
8.286372490e-01  2.7077572e+01  1.00000e+06  7.63545e-05
8.290515676e-01  2.7104395e+01  1.00000e+06  7.63575e-05
8.294660934e-01  2.7131209e+01  1.00000e+06  7.63610e-05
8.298808265e-01  2.7158014e+01  1.00000e+06  7.63651e-05
8.302957669e-01  2.7184812e+01  1.00000e+06  7.63696e-05
8.307109148e-01  2.7211601e+01  1.00000e+06  7.63742e-05
8.311262702e-01  2.7238381e+01  1.00000e+06  7.63790e-05
8.315418334e-01  2.7265154e+01  1.00000e+06  7.63837e-05
8.319576043e-01  2.7291918e+01  1.00000e+06  7.63884e-05
8.323735831e-01  2.7318673e+01  1.00000e+06  7.63930e-05
8.327897699e-01  2.7345420e+01  1.00000e+06  7.63974e-05
8.332061648e-01  2.7372159e+01  1.00000e+06  7.64016e-05
8.336227678e-01  2.7398889e+01  1.00000e+06  7.64056e-05
8.340395792e-01  2.7425611e+01  1.00000e+06  7.64093e-05
8.344565990e-01  2.7452324e+01  1.00000e+06  7.64127e-05
8.348738273e-01  2.7479029e+01  1.00000e+06  7.64156e-05
8.352912642e-01  2.7505726e+01  1.00000e+06  7.64182e-05
8.357089099e-01  2.7532414e+01  1.00000e+06  7.64203e-05
8.361267643e-01  2.7559094e+01  1.00000e+06  7.64220e-05
8.365448277e-01  2.7585765e+01  1.00000e+06  7.64233e-05
8.369631001e-01  2.7612427e+01  1.00000e+06  7.64243e-05
8.373815817e-01  2.7639082e+01  1.00000e+06  7.64251e-05
8.378002725e-01  2.7665727e+01  1.00000e+06  7.64256e-05
8.382191726e-01  2.7692365e+01  1.00000e+06  7.64260e-05
8.386382822e-01  2.7718993e+01  1.00000e+06  7.64263e-05
8.390576013e-01  2.7745614e+01  1.00000e+06  7.64265e-05
8.394771301e-01  2.7772225e+01  1.00000e+06  7.64266e-05
8.398968687e-01  2.7798829e+01  1.00000e+06  7.64267e-05
8.403168171e-01  2.7825423e+01  1.00000e+06  7.64267e-05
8.407369755e-01  2.7852009e+01  1.00000e+06  7.64268e-05
8.411573440e-01  2.7878587e+01  1.00000e+06  7.64269e-05
8.415779227e-01  2.7905156e+01  1.00000e+06  7.64270e-05
8.419987116e-01  2.7931717e+01  1.00000e+06  7.64271e-05
8.424197110e-01  2.7958269e+01  1.00000e+06  7.64273e-05
8.428409209e-01  2.7984812e+01  1.00000e+06  7.64275e-05
8.432623413e-01  2.8011347e+01  1.00000e+06  7.64278e-05
8.436839725e-01  2.8037874e+01  1.00000e+06  7.64281e-05
8.441058145e-01  2.8064391e+01  1.00000e+06  7.64284e-05
8.445278674e-01  2.8090901e+01  1.00000e+06  7.64288e-05
8.449501313e-01  2.8117401e+01  1.00000e+06  7.64291e-05
8.453726064e-01  2.8143893e+01  1.00000e+06  7.64294e-05
8.457952927e-01  2.8170377e+01  1.00000e+06  7.64297e-05
8.462181903e-01  2.8196851e+01  1.00000e+06  7.64299e-05
8.466412994e-01  2.8223318e+01  1.00000e+06  7.64301e-05
8.470646201e-01  2.8249775e+01  1.00000e+06  7.64302e-05
8.474881524e-01  2.8276224e+01  1.00000e+06  7.64303e-05
8.479118965e-01  2.8302665e+01  1.00000e+06  7.64303e-05
8.483358524e-01  2.8329096e+01  1.00000e+06  7.64303e-05
8.487600203e-01  2.8355519e+01  1.00000e+06  7.64303e-05
8.491844003e-01  2.8381934e+01  1.00000e+06  7.64303e-05
8.496089925e-01  2.8408340e+01  1.00000e+06  7.64302e-05
8.500337970e-01  2.8434737e+01  1.00000e+06  7.64302e-05
8.504588139e-01  2.8461125e+01  1.00000e+06  7.64301e-05
8.508840433e-01  2.8487505e+01  1.00000e+06  7.64301e-05
8.513094854e-01  2.8513876e+01  1.00000e+06  7.64300e-05
8.517351401e-01  2.8540239e+01  1.00000e+06  7.64300e-05
8.521610077e-01  2.8566593e+01  1.00000e+06  7.64301e-05
8.525870882e-01  2.8592938e+01  1.00000e+06  7.64302e-05
8.530133817e-01  2.8619274e+01  1.00000e+06  7.64302e-05
8.534398884e-01  2.8645602e+01  1.00000e+06  7.64303e-05
8.538666084e-01  2.8671921e+01  1.00000e+06  7.64305e-05
8.542935417e-01  2.8698231e+01  1.00000e+06  7.64306e-05
8.547206884e-01  2.8724533e+01  1.00000e+06  7.64307e-05
8.551480488e-01  2.8750825e+01  1.00000e+06  7.64309e-05
8.555756228e-01  2.8777109e+01  1.00000e+06  7.64310e-05
8.560034106e-01  2.8803385e+01  1.00000e+06  7.64311e-05
8.564314123e-01  2.8829651e+01  1.00000e+06  7.64312e-05
8.568596280e-01  2.8855909e+01  1.00000e+06  7.64314e-05
8.572880578e-01  2.8882159e+01  1.00000e+06  7.64315e-05
8.577167019e-01  2.8908399e+01  1.00000e+06  7.64316e-05
8.581455602e-01  2.8934631e+01  1.00000e+06  7.64316e-05
8.585746330e-01  2.8960853e+01  1.00000e+06  7.64317e-05
8.590039203e-01  2.8987067e+01  1.00000e+06  7.64318e-05
8.594334223e-01  2.9013273e+01  1.00000e+06  7.64318e-05
8.598631390e-01  2.9039469e+01  1.00000e+06  7.64319e-05
8.602930706e-01  2.9065657e+01  1.00000e+06  7.64319e-05
8.607232171e-01  2.9091836e+01  1.00000e+06  7.64320e-05
8.611535787e-01  2.9118006e+01  1.00000e+06  7.64320e-05
8.615841555e-01  2.9144167e+01  1.00000e+06  7.64320e-05
8.620149476e-01  2.9170320e+01  1.00000e+06  7.64320e-05
8.624459550e-01  2.9196464e+01  1.00000e+06  7.64321e-05
8.628771780e-01  2.9222599e+01  1.00000e+06  7.64321e-05
8.633086166e-01  2.9248725e+01  1.00000e+06  7.64321e-05
8.637402709e-01  2.9274842e+01  1.00000e+06  7.64321e-05
8.641721411e-01  2.9300950e+01  1.00000e+06  7.64321e-05
8.646042271e-01  2.9327050e+01  1.00000e+06  7.64321e-05
8.650365292e-01  2.9353141e+01  1.00000e+06  7.64320e-05
8.654690475e-01  2.9379222e+01  1.00000e+06  7.64319e-05
8.659017820e-01  2.9405295e+01  1.00000e+06  7.64318e-05
8.663347329e-01  2.9431360e+01  1.00000e+06  7.64316e-05
8.667679003e-01  2.9457415e+01  1.00000e+06  7.64312e-05
8.672012842e-01  2.9483461e+01  1.00000e+06  7.64308e-05
8.676348849e-01  2.9509499e+01  1.00000e+06  7.64302e-05
8.680687023e-01  2.9535528e+01  1.00000e+06  7.64295e-05
8.685027367e-01  2.9561547e+01  1.00000e+06  7.64286e-05
8.689369880e-01  2.9587558e+01  1.00000e+06  7.64277e-05
8.693714565e-01  2.9613560e+01  1.00000e+06  7.64268e-05
8.698061423e-01  2.9639553e+01  1.00000e+06  7.64260e-05
8.702410453e-01  2.9665537e+01  1.00000e+06  7.64253e-05
8.706761659e-01  2.9691513e+01  1.00000e+06  7.64247e-05
8.711115039e-01  2.9717479e+01  1.00000e+06  7.64244e-05
8.715470597e-01  2.9743436e+01  1.00000e+06  7.64242e-05
8.719828332e-01  2.9769385e+01  1.00000e+06  7.64242e-05
8.724188246e-01  2.9795324e+01  1.00000e+06  7.64243e-05
8.728550340e-01  2.9821255e+01  1.00000e+06  7.64245e-05
8.732914616e-01  2.9847177e+01  1.00000e+06  7.64247e-05
8.737281073e-01  2.9873089e+01  1.00000e+06  7.64248e-05
8.741649714e-01  2.9898993e+01  1.00000e+06  7.64249e-05
8.746020538e-01  2.9924888e+01  1.00000e+06  7.64249e-05
8.750393549e-01  2.9950774e+01  1.00000e+06  7.64247e-05
8.754768745e-01  2.9976651e+01  1.00000e+06  7.64244e-05
8.759146130e-01  3.0002519e+01  1.00000e+06  7.64239e-05
8.763525703e-01  3.0028378e+01  1.00000e+06  7.64231e-05
8.767907466e-01  3.0054228e+01  1.00000e+06  7.64219e-05
8.772291419e-01  3.0080069e+01  1.00000e+06  7.64202e-05
8.776677565e-01  3.0105901e+01  1.00000e+06  7.64178e-05
8.781065904e-01  3.0131724e+01  1.00000e+06  7.64146e-05
8.785456437e-01  3.0157538e+01  1.00000e+06  7.64103e-05
8.789849165e-01  3.0183343e+01  1.00000e+06  7.64048e-05
8.794244090e-01  3.0209139e+01  1.00000e+06  7.63979e-05
8.798641212e-01  3.0234926e+01  1.00000e+06  7.63897e-05
8.803040532e-01  3.0260704e+01  1.00000e+06  7.63800e-05
8.807442053e-01  3.0286473e+01  1.00000e+06  7.63693e-05
8.811845774e-01  3.0312232e+01  1.00000e+06  7.63577e-05
8.816251697e-01  3.0337983e+01  1.00000e+06  7.63459e-05
8.820659822e-01  3.0363725e+01  1.00000e+06  7.63344e-05
8.825070152e-01  3.0389458e+01  1.00000e+06  7.63238e-05
8.829482687e-01  3.0415182e+01  1.00000e+06  7.63148e-05
8.833897429e-01  3.0440896e+01  1.00000e+06  7.63076e-05
8.838314377e-01  3.0466602e+01  1.00000e+06  7.63023e-05
8.842733535e-01  3.0492299e+01  1.00000e+06  7.62989e-05
8.847154901e-01  3.0517986e+01  1.00000e+06  7.62968e-05
8.851578479e-01  3.0543665e+01  1.00000e+06  7.62959e-05
8.856004268e-01  3.0569334e+01  1.00000e+06  7.62957e-05
8.860432270e-01  3.0594995e+01  1.00000e+06  7.62960e-05
8.864862486e-01  3.0620646e+01  1.00000e+06  7.62969e-05
8.869294918e-01  3.0646288e+01  1.00000e+06  7.62983e-05
8.873729565e-01  3.0671921e+01  1.00000e+06  7.63005e-05
8.878166430e-01  3.0697545e+01  1.00000e+06  7.63034e-05
8.882605513e-01  3.0723160e+01  1.00000e+06  7.63070e-05
8.887046816e-01  3.0748766e+01  1.00000e+06  7.63112e-05
8.891490339e-01  3.0774362e+01  1.00000e+06  7.63157e-05
8.895936084e-01  3.0799950e+01  1.00000e+06  7.63203e-05
8.900384052e-01  3.0825528e+01  1.00000e+06  7.63246e-05
8.904834244e-01  3.0851098e+01  1.00000e+06  7.63286e-05
8.909286662e-01  3.0876658e+01  1.00000e+06  7.63319e-05
8.913741305e-01  3.0902209e+01  1.00000e+06  7.63346e-05
8.918198176e-01  3.0927751e+01  1.00000e+06  7.63363e-05
8.922657275e-01  3.0953284e+01  1.00000e+06  7.63369e-05
8.927118603e-01  3.0978808e+01  1.00000e+06  7.63363e-05
8.931582163e-01  3.1004322e+01  1.00000e+06  7.63344e-05
8.936047954e-01  3.1029828e+01  1.00000e+06  7.63309e-05
8.940515978e-01  3.1055324e+01  1.00000e+06  7.63258e-05
8.944986236e-01  3.1080811e+01  1.00000e+06  7.63190e-05
8.949458729e-01  3.1106289e+01  1.00000e+06  7.63102e-05
8.953933458e-01  3.1131758e+01  1.00000e+06  7.62993e-05
8.958410425e-01  3.1157217e+01  1.00000e+06  7.62862e-05
8.962889630e-01  3.1182668e+01  1.00000e+06  7.62709e-05
8.967371075e-01  3.1208109e+01  1.00000e+06  7.62534e-05
8.971854760e-01  3.1233541e+01  1.00000e+06  7.62344e-05
8.976340688e-01  3.1258964e+01  1.00000e+06  7.62145e-05
8.980828858e-01  3.1284377e+01  1.00000e+06  7.61951e-05
8.985319273e-01  3.1309782e+01  1.00000e+06  7.61774e-05
8.989811932e-01  3.1335177e+01  1.00000e+06  7.61629e-05
8.994306838e-01  3.1360563e+01  1.00000e+06  7.61529e-05
8.998803992e-01  3.1385940e+01  1.00000e+06  7.61482e-05
9.003303394e-01  3.1411308e+01  1.00000e+06  7.61491e-05
9.007805045e-01  3.1436666e+01  1.00000e+06  7.61554e-05
9.012308948e-01  3.1462016e+01  1.00000e+06  7.61665e-05
9.016815102e-01  3.1487356e+01  1.00000e+06  7.61814e-05
9.021323510e-01  3.1512687e+01  1.00000e+06  7.61987e-05
9.025834172e-01  3.1538008e+01  1.00000e+06  7.62171e-05
9.030347089e-01  3.1563321e+01  1.00000e+06  7.62352e-05
9.034862262e-01  3.1588624e+01  1.00000e+06  7.62515e-05
9.039379693e-01  3.1613918e+01  1.00000e+06  7.62645e-05
9.043899383e-01  3.1639202e+01  1.00000e+06  7.62732e-05
9.048421333e-01  3.1664478e+01  1.00000e+06  7.62771e-05
9.052945544e-01  3.1689744e+01  1.00000e+06  7.62760e-05
9.057472016e-01  3.1715001e+01  1.00000e+06  7.62708e-05
9.062000752e-01  3.1740248e+01  1.00000e+06  7.62624e-05
9.066531753e-01  3.1765487e+01  1.00000e+06  7.62526e-05
9.071065019e-01  3.1790716e+01  1.00000e+06  7.62429e-05
9.075600551e-01  3.1815936e+01  1.00000e+06  7.62346e-05
9.080138351e-01  3.1841146e+01  1.00000e+06  7.62287e-05
9.084678421e-01  3.1866348e+01  1.00000e+06  7.62256e-05
9.089220760e-01  3.1891540e+01  1.00000e+06  7.62251e-05
9.093765370e-01  3.1916722e+01  1.00000e+06  7.62266e-05
9.098312253e-01  3.1941896e+01  1.00000e+06  7.62294e-05
9.102861409e-01  3.1967060e+01  1.00000e+06  7.62328e-05
9.107412840e-01  3.1992215e+01  1.00000e+06  7.62360e-05
9.111966546e-01  3.2017360e+01  1.00000e+06  7.62386e-05
9.116522529e-01  3.2042497e+01  1.00000e+06  7.62406e-05
9.121080791e-01  3.2067624e+01  1.00000e+06  7.62420e-05
9.125641331e-01  3.2092741e+01  1.00000e+06  7.62431e-05
9.130204152e-01  3.2117850e+01  1.00000e+06  7.62444e-05
9.134769254e-01  3.2142949e+01  1.00000e+06  7.62460e-05
9.139336638e-01  3.2168038e+01  1.00000e+06  7.62485e-05
9.143906307e-01  3.2193119e+01  1.00000e+06  7.62518e-05
9.148478260e-01  3.2218190e+01  1.00000e+06  7.62562e-05
9.153052499e-01  3.2243252e+01  1.00000e+06  7.62617e-05
9.157629025e-01  3.2268304e+01  1.00000e+06  7.62684e-05
9.162207840e-01  3.2293347e+01  1.00000e+06  7.62761e-05
9.166788944e-01  3.2318381e+01  1.00000e+06  7.62850e-05
9.171372338e-01  3.2343405e+01  1.00000e+06  7.62950e-05
9.175958024e-01  3.2368420e+01  1.00000e+06  7.63059e-05
9.180546003e-01  3.2393426e+01  1.00000e+06  7.63174e-05
9.185136276e-01  3.2418422e+01  1.00000e+06  7.63292e-05
9.189728844e-01  3.2443409e+01  1.00000e+06  7.63406e-05
9.194323709e-01  3.2468387e+01  1.00000e+06  7.63512e-05
9.198920871e-01  3.2493355e+01  1.00000e+06  7.63605e-05
9.203520331e-01  3.2518314e+01  1.00000e+06  7.63681e-05
9.208122091e-01  3.2543264e+01  1.00000e+06  7.63738e-05
9.212726152e-01  3.2568204e+01  1.00000e+06  7.63776e-05
9.217332515e-01  3.2593135e+01  1.00000e+06  7.63798e-05
9.221941182e-01  3.2618056e+01  1.00000e+06  7.63806e-05
9.226552152e-01  3.2642968e+01  1.00000e+06  7.63805e-05
9.231165428e-01  3.2667871e+01  1.00000e+06  7.63798e-05
9.235781011e-01  3.2692764e+01  1.00000e+06  7.63787e-05
9.240398902e-01  3.2717648e+01  1.00000e+06  7.63774e-05
9.245019101e-01  3.2742522e+01  1.00000e+06  7.63759e-05
9.249641611e-01  3.2767387e+01  1.00000e+06  7.63739e-05
9.254266431e-01  3.2792243e+01  1.00000e+06  7.63711e-05
9.258893565e-01  3.2817089e+01  1.00000e+06  7.63669e-05
9.263523011e-01  3.2841926e+01  1.00000e+06  7.63604e-05
9.268154773e-01  3.2866753e+01  1.00000e+06  7.63508e-05
9.272788850e-01  3.2891571e+01  1.00000e+06  7.63367e-05
9.277425245e-01  3.2916380e+01  1.00000e+06  7.63165e-05
9.282063957e-01  3.2941179e+01  1.00000e+06  7.62883e-05
9.286704989e-01  3.2965969e+01  1.00000e+06  7.62499e-05
9.291348342e-01  3.2990749e+01  1.00000e+06  7.61989e-05
9.295994016e-01  3.3015520e+01  1.00000e+06  7.61331e-05
9.300642013e-01  3.3040282e+01  1.00000e+06  7.60503e-05
9.305292334e-01  3.3065034e+01  1.00000e+06  7.59491e-05
9.309944980e-01  3.3089776e+01  1.00000e+06  7.58287e-05
9.314599953e-01  3.3114509e+01  1.00000e+06  7.56899e-05
9.319257253e-01  3.3139233e+01  1.00000e+06  7.55347e-05
9.323916881e-01  3.3163947e+01  1.00000e+06  7.53670e-05
9.328578840e-01  3.3188651e+01  1.00000e+06  7.51929e-05
9.333243129e-01  3.3213347e+01  1.00000e+06  7.50200e-05
9.337909751e-01  3.3238032e+01  1.00000e+06  7.48569e-05
9.342578706e-01  3.3262709e+01  1.00000e+06  7.47125e-05
9.347249995e-01  3.3287376e+01  1.00000e+06  7.45949e-05
9.351923620e-01  3.3312033e+01  1.00000e+06  7.45102e-05
9.356599582e-01  3.3336681e+01  1.00000e+06  7.44620e-05
9.361277881e-01  3.3361320e+01  1.00000e+06  7.44516e-05
9.365958520e-01  3.3385949e+01  1.00000e+06  7.44777e-05
9.370641500e-01  3.3410569e+01  1.00000e+06  7.45372e-05
9.375326820e-01  3.3435179e+01  1.00000e+06  7.46253e-05
9.380014484e-01  3.3459780e+01  1.00000e+06  7.47351e-05
9.384704491e-01  3.3484371e+01  1.00000e+06  7.48582e-05
9.389396843e-01  3.3508953e+01  1.00000e+06  7.49844e-05
9.394091542e-01  3.3533526e+01  1.00000e+06  7.51028e-05
9.398788588e-01  3.3558088e+01  1.00000e+06  7.52030e-05
9.403487982e-01  3.3582642e+01  1.00000e+06  7.52768e-05
9.408189726e-01  3.3607186e+01  1.00000e+06  7.53200e-05
9.412893821e-01  3.3631720e+01  1.00000e+06  7.53329e-05
9.417600268e-01  3.3656245e+01  1.00000e+06  7.53206e-05
9.422309068e-01  3.3680760e+01  1.00000e+06  7.52917e-05
9.427020222e-01  3.3705266e+01  1.00000e+06  7.52566e-05
9.431733732e-01  3.3729762e+01  1.00000e+06  7.52252e-05
9.436449599e-01  3.3754249e+01  1.00000e+06  7.52051e-05
9.441167824e-01  3.3778726e+01  1.00000e+06  7.52003e-05
9.445888408e-01  3.3803194e+01  1.00000e+06  7.52110e-05
9.450611352e-01  3.3827652e+01  1.00000e+06  7.52338e-05
9.455336658e-01  3.3852101e+01  1.00000e+06  7.52636e-05
9.460064326e-01  3.3876540e+01  1.00000e+06  7.52946e-05
9.464794358e-01  3.3900969e+01  1.00000e+06  7.53220e-05
9.469526755e-01  3.3925390e+01  1.00000e+06  7.53429e-05
9.474261519e-01  3.3949800e+01  1.00000e+06  7.53571e-05
9.478998650e-01  3.3974201e+01  1.00000e+06  7.53663e-05
9.483738149e-01  3.3998593e+01  1.00000e+06  7.53739e-05
9.488480018e-01  3.4022975e+01  1.00000e+06  7.53838e-05
9.493224258e-01  3.4047347e+01  1.00000e+06  7.53994e-05
9.497970870e-01  3.4071710e+01  1.00000e+06  7.54228e-05
9.502719856e-01  3.4096063e+01  1.00000e+06  7.54541e-05
9.507471216e-01  3.4120407e+01  1.00000e+06  7.54922e-05
9.512224951e-01  3.4144742e+01  1.00000e+06  7.55346e-05
9.516981064e-01  3.4169066e+01  1.00000e+06  7.55783e-05
9.521739554e-01  3.4193382e+01  1.00000e+06  7.56208e-05
9.526500424e-01  3.4217687e+01  1.00000e+06  7.56603e-05
9.531263674e-01  3.4241983e+01  1.00000e+06  7.56963e-05
9.536029306e-01  3.4266270e+01  1.00000e+06  7.57292e-05
9.540797321e-01  3.4290547e+01  1.00000e+06  7.57600e-05
9.545567719e-01  3.4314814e+01  1.00000e+06  7.57900e-05
9.550340503e-01  3.4339072e+01  1.00000e+06  7.58204e-05
9.555115673e-01  3.4363320e+01  1.00000e+06  7.58518e-05
9.559893231e-01  3.4387559e+01  1.00000e+06  7.58841e-05
9.564673178e-01  3.4411788e+01  1.00000e+06  7.59166e-05
9.569455514e-01  3.4436007e+01  1.00000e+06  7.59482e-05
9.574240242e-01  3.4460217e+01  1.00000e+06  7.59774e-05
9.579027362e-01  3.4484417e+01  1.00000e+06  7.60033e-05
9.583816876e-01  3.4508608e+01  1.00000e+06  7.60252e-05
9.588608784e-01  3.4532789e+01  1.00000e+06  7.60430e-05
9.593403089e-01  3.4556961e+01  1.00000e+06  7.60573e-05
9.598199790e-01  3.4581123e+01  1.00000e+06  7.60689e-05
9.602998890e-01  3.4605275e+01  1.00000e+06  7.60790e-05
9.607800390e-01  3.4629418e+01  1.00000e+06  7.60885e-05
9.612604290e-01  3.4653551e+01  1.00000e+06  7.60984e-05
9.617410592e-01  3.4677674e+01  1.00000e+06  7.61091e-05
9.622219297e-01  3.4701788e+01  1.00000e+06  7.61207e-05
9.627030407e-01  3.4725893e+01  1.00000e+06  7.61331e-05
9.631843922e-01  3.4749987e+01  1.00000e+06  7.61460e-05
9.636659844e-01  3.4774073e+01  1.00000e+06  7.61588e-05
9.641478174e-01  3.4798148e+01  1.00000e+06  7.61713e-05
9.646298913e-01  3.4822214e+01  1.00000e+06  7.61833e-05
9.651122063e-01  3.4846270e+01  1.00000e+06  7.61949e-05
9.655947624e-01  3.4870317e+01  1.00000e+06  7.62065e-05
9.660775597e-01  3.4894354e+01  1.00000e+06  7.62184e-05
9.665605985e-01  3.4918381e+01  1.00000e+06  7.62306e-05
9.670438788e-01  3.4942399e+01  1.00000e+06  7.62433e-05
9.675274008e-01  3.4966407e+01  1.00000e+06  7.62561e-05
9.680111645e-01  3.4990406e+01  1.00000e+06  7.62684e-05
9.684951700e-01  3.5014395e+01  1.00000e+06  7.62796e-05
9.689794176e-01  3.5038374e+01  1.00000e+06  7.62891e-05
9.694639073e-01  3.5062344e+01  1.00000e+06  7.62964e-05
9.699486393e-01  3.5086304e+01  1.00000e+06  7.63014e-05
9.704336136e-01  3.5110254e+01  1.00000e+06  7.63041e-05
9.709188304e-01  3.5134195e+01  1.00000e+06  7.63047e-05
9.714042898e-01  3.5158126e+01  1.00000e+06  7.63036e-05
9.718899920e-01  3.5182048e+01  1.00000e+06  7.63012e-05
9.723759370e-01  3.5205960e+01  1.00000e+06  7.62981e-05
9.728621249e-01  3.5229862e+01  1.00000e+06  7.62948e-05
9.733485560e-01  3.5253754e+01  1.00000e+06  7.62919e-05
9.738352303e-01  3.5277637e+01  1.00000e+06  7.62899e-05
9.743221479e-01  3.5301510e+01  1.00000e+06  7.62892e-05
9.748093090e-01  3.5325374e+01  1.00000e+06  7.62903e-05
9.752967136e-01  3.5349228e+01  1.00000e+06  7.62931e-05
9.757843620e-01  3.5373072e+01  1.00000e+06  7.62975e-05
9.762722542e-01  3.5396907e+01  1.00000e+06  7.63032e-05
9.767603903e-01  3.5420732e+01  1.00000e+06  7.63098e-05
9.772487705e-01  3.5444547e+01  1.00000e+06  7.63168e-05
9.777373949e-01  3.5468353e+01  1.00000e+06  7.63237e-05
9.782262636e-01  3.5492149e+01  1.00000e+06  7.63305e-05
9.787153767e-01  3.5515935e+01  1.00000e+06  7.63369e-05
9.792047344e-01  3.5539712e+01  1.00000e+06  7.63429e-05
9.796943368e-01  3.5563479e+01  1.00000e+06  7.63486e-05
9.801841839e-01  3.5587236e+01  1.00000e+06  7.63541e-05
9.806742760e-01  3.5610984e+01  1.00000e+06  7.63593e-05
9.811646132e-01  3.5634722e+01  1.00000e+06  7.63643e-05
9.816551955e-01  3.5658450e+01  1.00000e+06  7.63691e-05
9.821460231e-01  3.5682168e+01  1.00000e+06  7.63735e-05
9.826370961e-01  3.5705877e+01  1.00000e+06  7.63775e-05
9.831284146e-01  3.5729577e+01  1.00000e+06  7.63810e-05
9.836199788e-01  3.5753266e+01  1.00000e+06  7.63841e-05
9.841117888e-01  3.5776946e+01  1.00000e+06  7.63866e-05
9.846038447e-01  3.5800616e+01  1.00000e+06  7.63886e-05
9.850961466e-01  3.5824277e+01  1.00000e+06  7.63899e-05
9.855886947e-01  3.5847928e+01  1.00000e+06  7.63906e-05
9.860814891e-01  3.5871569e+01  1.00000e+06  7.63908e-05
9.865745298e-01  3.5895200e+01  1.00000e+06  7.63904e-05
9.870678171e-01  3.5918822e+01  1.00000e+06  7.63897e-05
9.875613510e-01  3.5942434e+01  1.00000e+06  7.63887e-05
9.880551316e-01  3.5966036e+01  1.00000e+06  7.63878e-05
9.885491592e-01  3.5989629e+01  1.00000e+06  7.63870e-05
9.890434338e-01  3.6013212e+01  1.00000e+06  7.63866e-05
9.895379555e-01  3.6036785e+01  1.00000e+06  7.63865e-05
9.900327245e-01  3.6060349e+01  1.00000e+06  7.63869e-05
9.905277409e-01  3.6083902e+01  1.00000e+06  7.63875e-05
9.910230047e-01  3.6107447e+01  1.00000e+06  7.63883e-05
9.915185162e-01  3.6130981e+01  1.00000e+06  7.63891e-05
9.920142755e-01  3.6154506e+01  1.00000e+06  7.63899e-05
9.925102826e-01  3.6178021e+01  1.00000e+06  7.63905e-05
9.930065378e-01  3.6201526e+01  1.00000e+06  7.63909e-05
9.935030410e-01  3.6225022e+01  1.00000e+06  7.63910e-05
9.939997926e-01  3.6248508e+01  1.00000e+06  7.63910e-05
9.944967924e-01  3.6271984e+01  1.00000e+06  7.63908e-05
9.949940408e-01  3.6295450e+01  1.00000e+06  7.63904e-05
9.954915379e-01  3.6318907e+01  1.00000e+06  7.63901e-05
9.959892836e-01  3.6342354e+01  1.00000e+06  7.63898e-05
9.964872783e-01  3.6365791e+01  1.00000e+06  7.63896e-05
9.969855219e-01  3.6389219e+01  1.00000e+06  7.63896e-05
9.974840147e-01  3.6412637e+01  1.00000e+06  7.63896e-05
9.979827567e-01  3.6436045e+01  1.00000e+06  7.63897e-05
9.984817481e-01  3.6459443e+01  1.00000e+06  7.63899e-05
9.989809889e-01  3.6482832e+01  1.00000e+06  7.63902e-05
9.994804794e-01  3.6506211e+01  1.00000e+06  7.63905e-05
9.999802197e-01  3.6529580e+01  1.00000e+06  7.63909e-05
1.000480210e+00  3.6552940e+01  1.00000e+06  7.63912e-05
1.000980450e+00  3.6576290e+01  1.00000e+06  7.63916e-05
1.001480940e+00  3.6599630e+01  1.00000e+06  7.63919e-05
1.001981681e+00  3.6622960e+01  1.00000e+06  7.63923e-05
1.002482671e+00  3.6646281e+01  1.00000e+06  7.63926e-05
1.002983913e+00  3.6669591e+01  1.00000e+06  7.63928e-05
1.003485405e+00  3.6692893e+01  1.00000e+06  7.63931e-05
1.003987147e+00  3.6716184e+01  1.00000e+06  7.63932e-05
1.004489141e+00  3.6739466e+01  1.00000e+06  7.63934e-05
1.004991386e+00  3.6762737e+01  1.00000e+06  7.63935e-05
1.005493881e+00  3.6786000e+01  1.00000e+06  7.63936e-05
1.005996628e+00  3.6809252e+01  1.00000e+06  7.63937e-05
1.006499627e+00  3.6832495e+01  1.00000e+06  7.63938e-05
1.007002876e+00  3.6855728e+01  1.00000e+06  7.63938e-05
1.007506378e+00  3.6878951e+01  1.00000e+06  7.63939e-05
1.008010131e+00  3.6902164e+01  1.00000e+06  7.63938e-05
1.008514136e+00  3.6925368e+01  1.00000e+06  7.63938e-05
1.009018393e+00  3.6948562e+01  1.00000e+06  7.63938e-05
1.009522902e+00  3.6971746e+01  1.00000e+06  7.63937e-05
1.010027664e+00  3.6994921e+01  1.00000e+06  7.63938e-05
1.010532678e+00  3.7018085e+01  1.00000e+06  7.63939e-05
1.011037944e+00  3.7041240e+01  1.00000e+06  7.63941e-05
1.011543463e+00  3.7064386e+01  1.00000e+06  7.63945e-05
1.012049235e+00  3.7087521e+01  1.00000e+06  7.63950e-05
1.012555259e+00  3.7110647e+01  1.00000e+06  7.63956e-05
1.013061537e+00  3.7133763e+01  1.00000e+06  7.63964e-05
1.013568068e+00  3.7156869e+01  1.00000e+06  7.63972e-05
1.014074852e+00  3.7179965e+01  1.00000e+06  7.63982e-05
1.014581889e+00  3.7203052e+01  1.00000e+06  7.63991e-05
1.015089180e+00  3.7226129e+01  1.00000e+06  7.64001e-05
1.015596725e+00  3.7249196e+01  1.00000e+06  7.64011e-05
1.016104523e+00  3.7272253e+01  1.00000e+06  7.64020e-05
1.016612575e+00  3.7295301e+01  1.00000e+06  7.64030e-05
1.017120882e+00  3.7318339e+01  1.00000e+06  7.64039e-05
1.017629442e+00  3.7341367e+01  1.00000e+06  7.64048e-05
1.018138257e+00  3.7364385e+01  1.00000e+06  7.64056e-05
1.018647326e+00  3.7387394e+01  1.00000e+06  7.64064e-05
1.019156649e+00  3.7410393e+01  1.00000e+06  7.64072e-05
1.019666228e+00  3.7433382e+01  1.00000e+06  7.64079e-05
1.020176061e+00  3.7456361e+01  1.00000e+06  7.64085e-05
1.020686149e+00  3.7479331e+01  1.00000e+06  7.64091e-05
1.021196492e+00  3.7502291e+01  1.00000e+06  7.64097e-05
1.021707090e+00  3.7525240e+01  1.00000e+06  7.64103e-05
1.022217944e+00  3.7548181e+01  1.00000e+06  7.64110e-05
1.022729053e+00  3.7571111e+01  1.00000e+06  7.64116e-05
1.023240417e+00  3.7594032e+01  1.00000e+06  7.64123e-05
1.023752038e+00  3.7616943e+01  1.00000e+06  7.64131e-05
1.024263914e+00  3.7639844e+01  1.00000e+06  7.64139e-05
1.024776045e+00  3.7662735e+01  1.00000e+06  7.64147e-05
1.025288434e+00  3.7685617e+01  1.00000e+06  7.64155e-05
1.025801078e+00  3.7708489e+01  1.00000e+06  7.64163e-05
1.026313978e+00  3.7731351e+01  1.00000e+06  7.64171e-05
1.026827135e+00  3.7754203e+01  1.00000e+06  7.64179e-05
1.027340549e+00  3.7777046e+01  1.00000e+06  7.64187e-05
1.027854219e+00  3.7799878e+01  1.00000e+06  7.64194e-05
1.028368146e+00  3.7822701e+01  1.00000e+06  7.64202e-05
1.028882330e+00  3.7845514e+01  1.00000e+06  7.64209e-05
1.029396771e+00  3.7868318e+01  1.00000e+06  7.64216e-05
1.029911470e+00  3.7891111e+01  1.00000e+06  7.64222e-05
1.030426426e+00  3.7913895e+01  1.00000e+06  7.64229e-05
1.030941639e+00  3.7936669e+01  1.00000e+06  7.64235e-05
1.031457110e+00  3.7959433e+01  1.00000e+06  7.64241e-05
1.031972838e+00  3.7982188e+01  1.00000e+06  7.64246e-05
1.032488825e+00  3.8004933e+01  1.00000e+06  7.64251e-05
1.033005069e+00  3.8027668e+01  1.00000e+06  7.64256e-05
1.033521572e+00  3.8050393e+01  1.00000e+06  7.64260e-05
1.034038332e+00  3.8073108e+01  1.00000e+06  7.64264e-05
1.034555351e+00  3.8095814e+01  1.00000e+06  7.64267e-05
1.035072629e+00  3.8118509e+01  1.00000e+06  7.64270e-05
1.035590165e+00  3.8141195e+01  1.00000e+06  7.64273e-05
1.036107961e+00  3.8163872e+01  1.00000e+06  7.64276e-05
1.036626015e+00  3.8186538e+01  1.00000e+06  7.64278e-05
1.037144328e+00  3.8209195e+01  1.00000e+06  7.64280e-05
1.037662900e+00  3.8231842e+01  1.00000e+06  7.64282e-05
1.038181731e+00  3.8254479e+01  1.00000e+06  7.64284e-05
1.038700822e+00  3.8277106e+01  1.00000e+06  7.64286e-05
1.039220172e+00  3.8299723e+01  1.00000e+06  7.64288e-05
1.039739783e+00  3.8322331e+01  1.00000e+06  7.64289e-05
1.040259652e+00  3.8344929e+01  1.00000e+06  7.64291e-05
1.040779782e+00  3.8367517e+01  1.00000e+06  7.64292e-05
1.041300172e+00  3.8390096e+01  1.00000e+06  7.64293e-05
1.041820822e+00  3.8412664e+01  1.00000e+06  7.64294e-05
1.042341733e+00  3.8435223e+01  1.00000e+06  7.64295e-05
1.042862903e+00  3.8457772e+01  1.00000e+06  7.64296e-05
1.043384335e+00  3.8480311e+01  1.00000e+06  7.64297e-05
1.043906027e+00  3.8502840e+01  1.00000e+06  7.64297e-05
1.044427980e+00  3.8525360e+01  1.00000e+06  7.64298e-05
1.044950194e+00  3.8547870e+01  1.00000e+06  7.64299e-05
1.045472669e+00  3.8570370e+01  1.00000e+06  7.64299e-05
1.045995406e+00  3.8592860e+01  1.00000e+06  7.64300e-05
1.046518403e+00  3.8615341e+01  1.00000e+06  7.64300e-05
1.047041662e+00  3.8637811e+01  1.00000e+06  7.64301e-05
1.047565183e+00  3.8660272e+01  1.00000e+06  7.64301e-05
1.048088966e+00  3.8682723e+01  1.00000e+06  7.64302e-05
1.048613010e+00  3.8705164e+01  1.00000e+06  7.64302e-05
1.049137317e+00  3.8727596e+01  1.00000e+06  7.64302e-05
1.049661886e+00  3.8750018e+01  1.00000e+06  7.64302e-05
1.050186716e+00  3.8772430e+01  1.00000e+06  7.64302e-05
1.050711810e+00  3.8794832e+01  1.00000e+06  7.64302e-05
1.051237166e+00  3.8817224e+01  1.00000e+06  7.64302e-05
1.051762784e+00  3.8839606e+01  1.00000e+06  7.64302e-05
1.052288666e+00  3.8861979e+01  1.00000e+06  7.64302e-05
1.052814810e+00  3.8884342e+01  1.00000e+06  7.64302e-05
1.053341217e+00  3.8906695e+01  1.00000e+06  7.64302e-05
1.053867888e+00  3.8929039e+01  1.00000e+06  7.64301e-05
1.054394822e+00  3.8951372e+01  1.00000e+06  7.64301e-05
1.054922019e+00  3.8973696e+01  1.00000e+06  7.64301e-05
1.055449480e+00  3.8996010e+01  1.00000e+06  7.64301e-05
1.055977205e+00  3.9018314e+01  1.00000e+06  7.64301e-05
1.056505194e+00  3.9040608e+01  1.00000e+06  7.64301e-05
1.057033446e+00  3.9062893e+01  1.00000e+06  7.64301e-05
1.057561963e+00  3.9085168e+01  1.00000e+06  7.64301e-05
1.058090744e+00  3.9107433e+01  1.00000e+06  7.64301e-05
1.058619789e+00  3.9129688e+01  1.00000e+06  7.64300e-05
1.059149099e+00  3.9151933e+01  1.00000e+06  7.64300e-05
1.059678674e+00  3.9174169e+01  1.00000e+06  7.64300e-05
1.060208513e+00  3.9196395e+01  1.00000e+06  7.64299e-05
1.060738617e+00  3.9218611e+01  1.00000e+06  7.64299e-05
1.061268987e+00  3.9240817e+01  1.00000e+06  7.64299e-05
1.061799621e+00  3.9263013e+01  1.00000e+06  7.64298e-05
1.062330521e+00  3.9285200e+01  1.00000e+06  7.64298e-05
1.062861686e+00  3.9307377e+01  1.00000e+06  7.64297e-05
1.063393117e+00  3.9329544e+01  1.00000e+06  7.64297e-05
1.063924814e+00  3.9351701e+01  1.00000e+06  7.64297e-05
1.064456776e+00  3.9373848e+01  1.00000e+06  7.64296e-05
1.064989005e+00  3.9395986e+01  1.00000e+06  7.64296e-05
1.065521499e+00  3.9418114e+01  1.00000e+06  7.64295e-05
1.066054260e+00  3.9440232e+01  1.00000e+06  7.64295e-05
1.066587287e+00  3.9462340e+01  1.00000e+06  7.64294e-05
1.067120581e+00  3.9484438e+01  1.00000e+06  7.64293e-05
1.067654141e+00  3.9506527e+01  1.00000e+06  7.64292e-05
1.068187968e+00  3.9528606e+01  1.00000e+06  7.64292e-05
1.068722062e+00  3.9550675e+01  1.00000e+06  7.64290e-05
1.069256423e+00  3.9572734e+01  1.00000e+06  7.64289e-05
1.069791051e+00  3.9594784e+01  1.00000e+06  7.64288e-05
1.070325947e+00  3.9616824e+01  1.00000e+06  7.64286e-05
1.070861110e+00  3.9638853e+01  1.00000e+06  7.64285e-05
1.071396540e+00  3.9660874e+01  1.00000e+06  7.64282e-05
1.071932238e+00  3.9682884e+01  1.00000e+06  7.64280e-05
1.072468205e+00  3.9704884e+01  1.00000e+06  7.64278e-05
1.073004439e+00  3.9726875e+01  1.00000e+06  7.64275e-05
1.073540941e+00  3.9748856e+01  1.00000e+06  7.64272e-05
1.074077711e+00  3.9770827e+01  1.00000e+06  7.64268e-05
1.074614750e+00  3.9792788e+01  1.00000e+06  7.64265e-05
1.075152058e+00  3.9814740e+01  1.00000e+06  7.64261e-05
1.075689634e+00  3.9836682e+01  1.00000e+06  7.64258e-05
1.076227478e+00  3.9858614e+01  1.00000e+06  7.64254e-05
1.076765592e+00  3.9880536e+01  1.00000e+06  7.64250e-05
1.077303975e+00  3.9902448e+01  1.00000e+06  7.64246e-05
1.077842627e+00  3.9924351e+01  1.00000e+06  7.64242e-05
1.078381548e+00  3.9946244e+01  1.00000e+06  7.64238e-05
1.078920739e+00  3.9968127e+01  1.00000e+06  7.64234e-05
1.079460199e+00  3.9990000e+01  1.00000e+06  7.64231e-05
1.079999930e+00  4.0011863e+01  1.00000e+06  7.64226e-05
1.080539929e+00  4.0033717e+01  1.00000e+06  7.64222e-05
1.081080199e+00  4.0055561e+01  1.00000e+06  7.64217e-05
1.081620740e+00  4.0077395e+01  1.00000e+06  7.64210e-05
1.082161550e+00  4.0099219e+01  1.00000e+06  7.64203e-05
1.082702631e+00  4.0121034e+01  1.00000e+06  7.64193e-05
1.083243982e+00  4.0142838e+01  1.00000e+06  7.64183e-05
1.083785604e+00  4.0164633e+01  1.00000e+06  7.64170e-05
1.084327497e+00  4.0186418e+01  1.00000e+06  7.64157e-05
1.084869661e+00  4.0208194e+01  1.00000e+06  7.64144e-05
1.085412095e+00  4.0229959e+01  1.00000e+06  7.64131e-05
1.085954801e+00  4.0251715e+01  1.00000e+06  7.64118e-05
1.086497779e+00  4.0273461e+01  1.00000e+06  7.64106e-05
1.087041028e+00  4.0295197e+01  1.00000e+06  7.64093e-05
1.087584548e+00  4.0316924e+01  1.00000e+06  7.64079e-05
1.088128341e+00  4.0338640e+01  1.00000e+06  7.64062e-05
1.088672405e+00  4.0360347e+01  1.00000e+06  7.64042e-05
1.089216741e+00  4.0382044e+01  1.00000e+06  7.64018e-05
1.089761349e+00  4.0403731e+01  1.00000e+06  7.63990e-05
1.090306230e+00  4.0425409e+01  1.00000e+06  7.63959e-05
1.090851383e+00  4.0447077e+01  1.00000e+06  7.63927e-05
1.091396809e+00  4.0468734e+01  1.00000e+06  7.63895e-05
1.091942507e+00  4.0490383e+01  1.00000e+06  7.63864e-05
1.092488478e+00  4.0512021e+01  1.00000e+06  7.63835e-05
1.093034723e+00  4.0533650e+01  1.00000e+06  7.63809e-05
1.093581240e+00  4.0555268e+01  1.00000e+06  7.63786e-05
1.094128031e+00  4.0576877e+01  1.00000e+06  7.63764e-05
1.094675095e+00  4.0598477e+01  1.00000e+06  7.63743e-05
1.095222432e+00  4.0620066e+01  1.00000e+06  7.63722e-05
1.095770043e+00  4.0641646e+01  1.00000e+06  7.63699e-05
1.096317928e+00  4.0663216e+01  1.00000e+06  7.63673e-05
1.096866087e+00  4.0684776e+01  1.00000e+06  7.63643e-05
1.097414520e+00  4.0706326e+01  1.00000e+06  7.63610e-05
1.097963228e+00  4.0727867e+01  1.00000e+06  7.63574e-05
1.098512209e+00  4.0749398e+01  1.00000e+06  7.63537e-05
1.099061465e+00  4.0770919e+01  1.00000e+06  7.63501e-05
1.099610996e+00  4.0792430e+01  1.00000e+06  7.63468e-05
1.100160802e+00  4.0813931e+01  1.00000e+06  7.63439e-05
1.100710882e+00  4.0835423e+01  1.00000e+06  7.63414e-05
1.101261237e+00  4.0856905e+01  1.00000e+06  7.63392e-05
1.101811868e+00  4.0878377e+01  1.00000e+06  7.63369e-05
1.102362774e+00  4.0899840e+01  1.00000e+06  7.63344e-05
1.102913955e+00  4.0921292e+01  1.00000e+06  7.63313e-05
1.103465412e+00  4.0942735e+01  1.00000e+06  7.63277e-05
1.104017145e+00  4.0964168e+01  1.00000e+06  7.63234e-05
1.104569154e+00  4.0985592e+01  1.00000e+06  7.63187e-05
1.105121438e+00  4.1007005e+01  1.00000e+06  7.63137e-05
1.105673999e+00  4.1028409e+01  1.00000e+06  7.63086e-05
1.106226836e+00  4.1049803e+01  1.00000e+06  7.63036e-05
1.106779949e+00  4.1071187e+01  1.00000e+06  7.62987e-05
1.107333339e+00  4.1092562e+01  1.00000e+06  7.62936e-05
1.107887006e+00  4.1113926e+01  1.00000e+06  7.62876e-05
1.108440950e+00  4.1135281e+01  1.00000e+06  7.62799e-05
1.108995170e+00  4.1156627e+01  1.00000e+06  7.62693e-05
1.109549668e+00  4.1177962e+01  1.00000e+06  7.62543e-05
1.110104442e+00  4.1199288e+01  1.00000e+06  7.62334e-05
1.110659495e+00  4.1220604e+01  1.00000e+06  7.62050e-05
1.111214824e+00  4.1241910e+01  1.00000e+06  7.61677e-05
1.111770432e+00  4.1263206e+01  1.00000e+06  7.61203e-05
1.112326317e+00  4.1284493e+01  1.00000e+06  7.60619e-05
1.112882480e+00  4.1305769e+01  1.00000e+06  7.59921e-05
1.113438921e+00  4.1327037e+01  1.00000e+06  7.59110e-05
1.113995641e+00  4.1348294e+01  1.00000e+06  7.58189e-05
1.114552639e+00  4.1369541e+01  1.00000e+06  7.57165e-05
1.115109915e+00  4.1390779e+01  1.00000e+06  7.56044e-05
1.115667470e+00  4.1412007e+01  1.00000e+06  7.54829e-05
1.116225304e+00  4.1433225e+01  1.00000e+06  7.53514e-05
1.116783416e+00  4.1454434e+01  1.00000e+06  7.52081e-05
1.117341808e+00  4.1475633e+01  1.00000e+06  7.50506e-05
1.117900479e+00  4.1496821e+01  1.00000e+06  7.48764e-05
1.118459429e+00  4.1518001e+01  1.00000e+06  7.46837e-05
1.119018659e+00  4.1539170e+01  1.00000e+06  7.44732e-05
1.119578168e+00  4.1560330e+01  1.00000e+06  7.42485e-05
1.120137957e+00  4.1581480e+01  1.00000e+06  7.40171e-05
1.120698026e+00  4.1602620e+01  1.00000e+06  7.37897e-05
1.121258375e+00  4.1623750e+01  1.00000e+06  7.35784e-05
1.121819005e+00  4.1644871e+01  1.00000e+06  7.33943e-05
1.122379914e+00  4.1665982e+01  1.00000e+06  7.32457e-05
1.122941104e+00  4.1687083e+01  1.00000e+06  7.31356e-05
1.123502575e+00  4.1708175e+01  1.00000e+06  7.30614e-05
1.124064326e+00  4.1729257e+01  1.00000e+06  7.30160e-05
1.124626358e+00  4.1750329e+01  1.00000e+06  7.29900e-05
1.125188671e+00  4.1771391e+01  1.00000e+06  7.29743e-05
1.125751266e+00  4.1792444e+01  1.00000e+06  7.29629e-05
1.126314141e+00  4.1813487e+01  1.00000e+06  7.29547e-05
1.126877298e+00  4.1834520e+01  1.00000e+06  7.29535e-05
1.127440737e+00  4.1855544e+01  1.00000e+06  7.29665e-05
1.128004457e+00  4.1876558e+01  1.00000e+06  7.30016e-05
1.128568459e+00  4.1897562e+01  1.00000e+06  7.30632e-05
1.129132744e+00  4.1918556e+01  1.00000e+06  7.31495e-05
1.129697310e+00  4.1939541e+01  1.00000e+06  7.32501e-05
1.130262159e+00  4.1960516e+01  1.00000e+06  7.33470e-05
1.130827290e+00  4.1981481e+01  1.00000e+06  7.34182e-05
1.131392703e+00  4.2002436e+01  1.00000e+06  7.34438e-05
1.131958400e+00  4.2023382e+01  1.00000e+06  7.34121e-05
1.132524379e+00  4.2044318e+01  1.00000e+06  7.33247e-05
1.133090641e+00  4.2065244e+01  1.00000e+06  7.31986e-05
1.133657186e+00  4.2086160e+01  1.00000e+06  7.30630e-05
1.134224015e+00  4.2107067e+01  1.00000e+06  7.29534e-05
1.134791127e+00  4.2127964e+01  1.00000e+06  7.29024e-05
1.135358523e+00  4.2148852e+01  1.00000e+06  7.29324e-05
1.135926202e+00  4.2169729e+01  1.00000e+06  7.30496e-05
1.136494165e+00  4.2190597e+01  1.00000e+06  7.32436e-05
1.137062412e+00  4.2211456e+01  1.00000e+06  7.34908e-05
1.137630943e+00  4.2232305e+01  1.00000e+06  7.37608e-05
1.138199759e+00  4.2253144e+01  1.00000e+06  7.40234e-05
1.138768859e+00  4.2273973e+01  1.00000e+06  7.42544e-05
1.139338243e+00  4.2294792e+01  1.00000e+06  7.44386e-05
1.139907912e+00  4.2315602e+01  1.00000e+06  7.45701e-05
1.140477866e+00  4.2336402e+01  1.00000e+06  7.46504e-05
1.141048105e+00  4.2357192e+01  1.00000e+06  7.46854e-05
1.141618629e+00  4.2377973e+01  1.00000e+06  7.46835e-05
1.142189438e+00  4.2398744e+01  1.00000e+06  7.46533e-05
1.142760533e+00  4.2419505e+01  1.00000e+06  7.46033e-05
1.143331913e+00  4.2440256e+01  1.00000e+06  7.45419e-05
1.143903579e+00  4.2460998e+01  1.00000e+06  7.44771e-05
1.144475531e+00  4.2481730e+01  1.00000e+06  7.44163e-05
1.145047769e+00  4.2502452e+01  1.00000e+06  7.43658e-05
1.145620293e+00  4.2523164e+01  1.00000e+06  7.43297e-05
1.146193103e+00  4.2543867e+01  1.00000e+06  7.43092e-05
1.146766200e+00  4.2564560e+01  1.00000e+06  7.43029e-05
1.147339583e+00  4.2585244e+01  1.00000e+06  7.43070e-05
1.147913252e+00  4.2605918e+01  1.00000e+06  7.43169e-05
1.148487209e+00  4.2626582e+01  1.00000e+06  7.43282e-05
1.149061453e+00  4.2647236e+01  1.00000e+06  7.43383e-05
1.149635983e+00  4.2667881e+01  1.00000e+06  7.43467e-05
1.150210801e+00  4.2688516e+01  1.00000e+06  7.43548e-05
1.150785907e+00  4.2709141e+01  1.00000e+06  7.43659e-05
1.151361300e+00  4.2729757e+01  1.00000e+06  7.43839e-05
1.151936980e+00  4.2750363e+01  1.00000e+06  7.44121e-05
1.152512949e+00  4.2770960e+01  1.00000e+06  7.44530e-05
1.153089205e+00  4.2791546e+01  1.00000e+06  7.45071e-05
1.153665750e+00  4.2812123e+01  1.00000e+06  7.45733e-05
1.154242583e+00  4.2832690e+01  1.00000e+06  7.46490e-05
1.154819704e+00  4.2853248e+01  1.00000e+06  7.47310e-05
1.155397114e+00  4.2873796e+01  1.00000e+06  7.48155e-05
1.155974813e+00  4.2894334e+01  1.00000e+06  7.48989e-05
1.156552800e+00  4.2914863e+01  1.00000e+06  7.49777e-05
1.157131076e+00  4.2935382e+01  1.00000e+06  7.50486e-05
1.157709642e+00  4.2955891e+01  1.00000e+06  7.51086e-05
1.158288497e+00  4.2976391e+01  1.00000e+06  7.51550e-05
1.158867641e+00  4.2996881e+01  1.00000e+06  7.51862e-05
1.159447075e+00  4.3017361e+01  1.00000e+06  7.52020e-05
1.160026798e+00  4.3037831e+01  1.00000e+06  7.52039e-05
1.160606812e+00  4.3058292e+01  1.00000e+06  7.51953e-05
1.161187115e+00  4.3078743e+01  1.00000e+06  7.51811e-05
1.161767709e+00  4.3099185e+01  1.00000e+06  7.51668e-05
1.162348593e+00  4.3119617e+01  1.00000e+06  7.51578e-05
1.162929767e+00  4.3140039e+01  1.00000e+06  7.51582e-05
1.163511232e+00  4.3160452e+01  1.00000e+06  7.51704e-05
1.164092987e+00  4.3180854e+01  1.00000e+06  7.51948e-05
1.164675034e+00  4.3201248e+01  1.00000e+06  7.52301e-05
1.165257371e+00  4.3221631e+01  1.00000e+06  7.52734e-05
1.165840000e+00  4.3242005e+01  1.00000e+06  7.53217e-05
1.166422920e+00  4.3262370e+01  1.00000e+06  7.53717e-05
1.167006131e+00  4.3282724e+01  1.00000e+06  7.54208e-05
1.167589635e+00  4.3303069e+01  1.00000e+06  7.54671e-05
1.168173429e+00  4.3323405e+01  1.00000e+06  7.55097e-05
1.168757516e+00  4.3343730e+01  1.00000e+06  7.55483e-05
1.169341895e+00  4.3364047e+01  1.00000e+06  7.55835e-05
1.169926566e+00  4.3384353e+01  1.00000e+06  7.56159e-05
1.170511529e+00  4.3404650e+01  1.00000e+06  7.56462e-05
1.171096785e+00  4.3424937e+01  1.00000e+06  7.56751e-05
1.171682333e+00  4.3445214e+01  1.00000e+06  7.57030e-05
1.172268174e+00  4.3465482e+01  1.00000e+06  7.57301e-05
1.172854308e+00  4.3485740e+01  1.00000e+06  7.57565e-05
1.173440736e+00  4.3505989e+01  1.00000e+06  7.57823e-05
1.174027456e+00  4.3526228e+01  1.00000e+06  7.58071e-05
1.174614470e+00  4.3546457e+01  1.00000e+06  7.58308e-05
1.175201777e+00  4.3566677e+01  1.00000e+06  7.58532e-05
1.175789378e+00  4.3586887e+01  1.00000e+06  7.58740e-05
1.176377273e+00  4.3607088e+01  1.00000e+06  7.58931e-05
1.176965461e+00  4.3627278e+01  1.00000e+06  7.59104e-05
1.177553944e+00  4.3647460e+01  1.00000e+06  7.59259e-05
1.178142721e+00  4.3667631e+01  1.00000e+06  7.59397e-05
1.178731792e+00  4.3687793e+01  1.00000e+06  7.59520e-05
1.179321158e+00  4.3707945e+01  1.00000e+06  7.59631e-05
1.179910819e+00  4.3728088e+01  1.00000e+06  7.59732e-05
1.180500774e+00  4.3748221e+01  1.00000e+06  7.59825e-05
1.181091025e+00  4.3768345e+01  1.00000e+06  7.59912e-05
1.181681570e+00  4.3788459e+01  1.00000e+06  7.59994e-05
1.182272411e+00  4.3808563e+01  1.00000e+06  7.60068e-05
1.182863547e+00  4.3828657e+01  1.00000e+06  7.60132e-05
1.183454979e+00  4.3848742e+01  1.00000e+06  7.60179e-05
1.184046706e+00  4.3868818e+01  1.00000e+06  7.60207e-05
1.184638730e+00  4.3888884e+01  1.00000e+06  7.60214e-05
1.185231049e+00  4.3908940e+01  1.00000e+06  7.60203e-05
1.185823665e+00  4.3928987e+01  1.00000e+06  7.60183e-05
1.186416576e+00  4.3949024e+01  1.00000e+06  7.60169e-05
1.187009785e+00  4.3969051e+01  1.00000e+06  7.60174e-05
1.187603290e+00  4.3989069e+01  1.00000e+06  7.60215e-05
1.188197091e+00  4.4009077e+01  1.00000e+06  7.60300e-05
1.188791190e+00  4.4029076e+01  1.00000e+06  7.60432e-05
1.189385585e+00  4.4049065e+01  1.00000e+06  7.60605e-05
1.189980278e+00  4.4069044e+01  1.00000e+06  7.60808e-05
1.190575268e+00  4.4089014e+01  1.00000e+06  7.61028e-05
1.191170556e+00  4.4108974e+01  1.00000e+06  7.61250e-05
1.191766141e+00  4.4128925e+01  1.00000e+06  7.61462e-05
1.192362024e+00  4.4148866e+01  1.00000e+06  7.61658e-05
1.192958205e+00  4.4168798e+01  1.00000e+06  7.61831e-05
1.193554684e+00  4.4188720e+01  1.00000e+06  7.61980e-05
1.194151462e+00  4.4208632e+01  1.00000e+06  7.62104e-05
1.194748537e+00  4.4228535e+01  1.00000e+06  7.62203e-05
1.195345912e+00  4.4248428e+01  1.00000e+06  7.62280e-05
1.195943585e+00  4.4268312e+01  1.00000e+06  7.62335e-05
1.196541556e+00  4.4288186e+01  1.00000e+06  7.62371e-05
1.197139827e+00  4.4308050e+01  1.00000e+06  7.62394e-05
1.197738397e+00  4.4327905e+01  1.00000e+06  7.62406e-05
1.198337266e+00  4.4347751e+01  1.00000e+06  7.62411e-05
1.198936435e+00  4.4367587e+01  1.00000e+06  7.62414e-05
1.199535903e+00  4.4387413e+01  1.00000e+06  7.62416e-05
1.200135671e+00  4.4407230e+01  1.00000e+06  7.62419e-05
1.200735739e+00  4.4427037e+01  1.00000e+06  7.62424e-05
1.201336107e+00  4.4446834e+01  1.00000e+06  7.62433e-05
1.201936775e+00  4.4466622e+01  1.00000e+06  7.62448e-05
1.202537743e+00  4.4486401e+01  1.00000e+06  7.62475e-05
1.203139012e+00  4.4506170e+01  1.00000e+06  7.62515e-05
1.203740582e+00  4.4525929e+01  1.00000e+06  7.62574e-05
1.204342452e+00  4.4545679e+01  1.00000e+06  7.62650e-05
1.204944623e+00  4.4565419e+01  1.00000e+06  7.62741e-05
1.205547095e+00  4.4585150e+01  1.00000e+06  7.62843e-05
1.206149869e+00  4.4604871e+01  1.00000e+06  7.62949e-05
1.206752944e+00  4.4624583e+01  1.00000e+06  7.63053e-05
1.207356320e+00  4.4644285e+01  1.00000e+06  7.63147e-05
1.207959999e+00  4.4663978e+01  1.00000e+06  7.63230e-05
1.208563979e+00  4.4683661e+01  1.00000e+06  7.63300e-05
1.209168261e+00  4.4703334e+01  1.00000e+06  7.63358e-05
1.209772845e+00  4.4722998e+01  1.00000e+06  7.63405e-05
1.210377731e+00  4.4742653e+01  1.00000e+06  7.63445e-05
1.210982920e+00  4.4762297e+01  1.00000e+06  7.63479e-05
1.211588411e+00  4.4781933e+01  1.00000e+06  7.63512e-05
1.212194206e+00  4.4801559e+01  1.00000e+06  7.63544e-05
1.212800303e+00  4.4821175e+01  1.00000e+06  7.63577e-05
1.213406703e+00  4.4840782e+01  1.00000e+06  7.63611e-05
1.214013406e+00  4.4860379e+01  1.00000e+06  7.63648e-05
1.214620413e+00  4.4879967e+01  1.00000e+06  7.63686e-05
1.215227723e+00  4.4899545e+01  1.00000e+06  7.63724e-05
1.215835337e+00  4.4919114e+01  1.00000e+06  7.63762e-05
1.216443255e+00  4.4938673e+01  1.00000e+06  7.63798e-05
1.217051476e+00  4.4958223e+01  1.00000e+06  7.63831e-05
1.217660002e+00  4.4977763e+01  1.00000e+06  7.63859e-05
1.218268832e+00  4.4997294e+01  1.00000e+06  7.63882e-05
1.218877966e+00  4.5016815e+01  1.00000e+06  7.63899e-05
1.219487405e+00  4.5036327e+01  1.00000e+06  7.63912e-05
1.220097149e+00  4.5055829e+01  1.00000e+06  7.63919e-05
1.220707198e+00  4.5075322e+01  1.00000e+06  7.63924e-05
1.221317551e+00  4.5094805e+01  1.00000e+06  7.63927e-05
1.221928210e+00  4.5114279e+01  1.00000e+06  7.63929e-05
1.222539174e+00  4.5133743e+01  1.00000e+06  7.63931e-05
1.223150444e+00  4.5153198e+01  1.00000e+06  7.63934e-05
1.223762019e+00  4.5172643e+01  1.00000e+06  7.63938e-05
1.224373900e+00  4.5192079e+01  1.00000e+06  7.63943e-05
1.224986087e+00  4.5211505e+01  1.00000e+06  7.63948e-05
1.225598580e+00  4.5230922e+01  1.00000e+06  7.63954e-05
1.226211379e+00  4.5250330e+01  1.00000e+06  7.63960e-05
1.226824485e+00  4.5269728e+01  1.00000e+06  7.63966e-05
1.227437897e+00  4.5289116e+01  1.00000e+06  7.63971e-05
1.228051616e+00  4.5308495e+01  1.00000e+06  7.63977e-05
1.228665642e+00  4.5327864e+01  1.00000e+06  7.63983e-05
1.229279975e+00  4.5347224e+01  1.00000e+06  7.63989e-05
1.229894615e+00  4.5366575e+01  1.00000e+06  7.63995e-05
1.230509562e+00  4.5385916e+01  1.00000e+06  7.64000e-05
1.231124817e+00  4.5405248e+01  1.00000e+06  7.64005e-05
1.231740379e+00  4.5424570e+01  1.00000e+06  7.64010e-05
1.232356250e+00  4.5443882e+01  1.00000e+06  7.64015e-05
1.232972428e+00  4.5463186e+01  1.00000e+06  7.64019e-05
1.233588914e+00  4.5482479e+01  1.00000e+06  7.64023e-05
1.234205708e+00  4.5501764e+01  1.00000e+06  7.64028e-05
1.234822811e+00  4.5521039e+01  1.00000e+06  7.64033e-05
1.235440223e+00  4.5540304e+01  1.00000e+06  7.64038e-05
1.236057943e+00  4.5559560e+01  1.00000e+06  7.64044e-05
1.236675972e+00  4.5578806e+01  1.00000e+06  7.64050e-05
1.237294310e+00  4.5598044e+01  1.00000e+06  7.64057e-05
1.237912957e+00  4.5617271e+01  1.00000e+06  7.64065e-05
1.238531913e+00  4.5636489e+01  1.00000e+06  7.64073e-05
1.239151179e+00  4.5655698e+01  1.00000e+06  7.64082e-05
1.239770755e+00  4.5674897e+01  1.00000e+06  7.64091e-05
1.240390640e+00  4.5694087e+01  1.00000e+06  7.64100e-05
1.241010836e+00  4.5713268e+01  1.00000e+06  7.64108e-05
1.241631341e+00  4.5732439e+01  1.00000e+06  7.64117e-05
1.242252157e+00  4.5751600e+01  1.00000e+06  7.64125e-05
1.242873283e+00  4.5770753e+01  1.00000e+06  7.64133e-05
1.243494719e+00  4.5789895e+01  1.00000e+06  7.64140e-05
1.244116467e+00  4.5809029e+01  1.00000e+06  7.64147e-05
1.244738525e+00  4.5828153e+01  1.00000e+06  7.64154e-05
1.245360894e+00  4.5847267e+01  1.00000e+06  7.64161e-05
1.245983575e+00  4.5866372e+01  1.00000e+06  7.64167e-05
1.246606566e+00  4.5885468e+01  1.00000e+06  7.64174e-05
1.247229870e+00  4.5904554e+01  1.00000e+06  7.64181e-05
1.247853485e+00  4.5923631e+01  1.00000e+06  7.64187e-05
1.248477411e+00  4.5942699e+01  1.00000e+06  7.64194e-05
1.249101650e+00  4.5961757e+01  1.00000e+06  7.64200e-05
1.249726201e+00  4.5980805e+01  1.00000e+06  7.64206e-05
1.250351064e+00  4.5999845e+01  1.00000e+06  7.64212e-05
1.250976240e+00  4.6018875e+01  1.00000e+06  7.64217e-05
1.251601728e+00  4.6037895e+01  1.00000e+06  7.64222e-05
1.252227529e+00  4.6056906e+01  1.00000e+06  7.64227e-05
1.252853642e+00  4.6075908e+01  1.00000e+06  7.64231e-05
1.253480069e+00  4.6094900e+01  1.00000e+06  7.64235e-05
1.254106809e+00  4.6113883e+01  1.00000e+06  7.64240e-05
1.254733863e+00  4.6132857e+01  1.00000e+06  7.64243e-05
1.255361229e+00  4.6151821e+01  1.00000e+06  7.64247e-05
1.255988910e+00  4.6170776e+01  1.00000e+06  7.64250e-05
1.256616905e+00  4.6189721e+01  1.00000e+06  7.64253e-05
1.257245213e+00  4.6208657e+01  1.00000e+06  7.64256e-05
1.257873836e+00  4.6227584e+01  1.00000e+06  7.64258e-05
1.258502773e+00  4.6246501e+01  1.00000e+06  7.64260e-05
1.259132024e+00  4.6265409e+01  1.00000e+06  7.64262e-05
1.259761590e+00  4.6284308e+01  1.00000e+06  7.64264e-05
1.260391471e+00  4.6303197e+01  1.00000e+06  7.64266e-05
1.261021666e+00  4.6322077e+01  1.00000e+06  7.64267e-05
1.261652177e+00  4.6340947e+01  1.00000e+06  7.64268e-05
1.262283003e+00  4.6359809e+01  1.00000e+06  7.64270e-05
1.262914145e+00  4.6378660e+01  1.00000e+06  7.64271e-05
1.263545602e+00  4.6397503e+01  1.00000e+06  7.64272e-05
1.264177375e+00  4.6416336e+01  1.00000e+06  7.64273e-05
1.264809463e+00  4.6435160e+01  1.00000e+06  7.64275e-05
1.265441868e+00  4.6453974e+01  1.00000e+06  7.64276e-05
1.266074589e+00  4.6472779e+01  1.00000e+06  7.64277e-05
1.266707626e+00  4.6491575e+01  1.00000e+06  7.64278e-05
1.267340980e+00  4.6510361e+01  1.00000e+06  7.64279e-05
1.267974651e+00  4.6529138e+01  1.00000e+06  7.64280e-05
1.268608638e+00  4.6547906e+01  1.00000e+06  7.64280e-05
1.269242942e+00  4.6566664e+01  1.00000e+06  7.64281e-05
1.269877564e+00  4.6585413e+01  1.00000e+06  7.64281e-05
1.270512503e+00  4.6604153e+01  1.00000e+06  7.64282e-05
1.271147759e+00  4.6622884e+01  1.00000e+06  7.64282e-05
1.271783333e+00  4.6641605e+01  1.00000e+06  7.64283e-05
1.272419224e+00  4.6660316e+01  1.00000e+06  7.64283e-05
1.273055434e+00  4.6679019e+01  1.00000e+06  7.64283e-05
1.273691962e+00  4.6697712e+01  1.00000e+06  7.64283e-05
1.274328808e+00  4.6716396e+01  1.00000e+06  7.64283e-05
1.274965972e+00  4.6735070e+01  1.00000e+06  7.64283e-05
1.275603455e+00  4.6753736e+01  1.00000e+06  7.64283e-05
1.276241257e+00  4.6772392e+01  1.00000e+06  7.64282e-05
1.276879377e+00  4.6791038e+01  1.00000e+06  7.64282e-05
1.277517817e+00  4.6809675e+01  1.00000e+06  7.64282e-05
1.278156576e+00  4.6828303e+01  1.00000e+06  7.64282e-05
1.278795654e+00  4.6846922e+01  1.00000e+06  7.64282e-05
1.279435052e+00  4.6865532e+01  1.00000e+06  7.64283e-05
1.280074770e+00  4.6884132e+01  1.00000e+06  7.64283e-05
1.280714807e+00  4.6902723e+01  1.00000e+06  7.64284e-05
1.281355164e+00  4.6921304e+01  1.00000e+06  7.64284e-05
1.281995842e+00  4.6939876e+01  1.00000e+06  7.64284e-05
1.282636840e+00  4.6958439e+01  1.00000e+06  7.64284e-05
1.283278158e+00  4.6976993e+01  1.00000e+06  7.64283e-05
1.283919797e+00  4.6995538e+01  1.00000e+06  7.64282e-05
1.284561757e+00  4.7014073e+01  1.00000e+06  7.64281e-05
1.285204038e+00  4.7032599e+01  1.00000e+06  7.64279e-05
1.285846640e+00  4.7051115e+01  1.00000e+06  7.64276e-05
1.286489564e+00  4.7069623e+01  1.00000e+06  7.64272e-05
1.287132808e+00  4.7088121e+01  1.00000e+06  7.64268e-05
1.287776375e+00  4.7106610e+01  1.00000e+06  7.64264e-05
1.288420263e+00  4.7125089e+01  1.00000e+06  7.64259e-05
1.289064473e+00  4.7143560e+01  1.00000e+06  7.64255e-05
1.289709005e+00  4.7162021e+01  1.00000e+06  7.64250e-05
1.290353860e+00  4.7180473e+01  1.00000e+06  7.64246e-05
1.290999037e+00  4.7198915e+01  1.00000e+06  7.64242e-05
1.291644536e+00  4.7217348e+01  1.00000e+06  7.64237e-05
1.292290359e+00  4.7235773e+01  1.00000e+06  7.64233e-05
1.292936504e+00  4.7254187e+01  1.00000e+06  7.64227e-05
1.293582972e+00  4.7272593e+01  1.00000e+06  7.64221e-05
1.294229763e+00  4.7290989e+01  1.00000e+06  7.64212e-05
1.294876878e+00  4.7309376e+01  1.00000e+06  7.64202e-05
1.295524317e+00  4.7327754e+01  1.00000e+06  7.64190e-05
1.296172079e+00  4.7346123e+01  1.00000e+06  7.64176e-05
1.296820165e+00  4.7364482e+01  1.00000e+06  7.64159e-05
1.297468575e+00  4.7382833e+01  1.00000e+06  7.64139e-05
1.298117309e+00  4.7401174e+01  1.00000e+06  7.64117e-05
1.298766368e+00  4.7419505e+01  1.00000e+06  7.64090e-05
1.299415751e+00  4.7437828e+01  1.00000e+06  7.64057e-05
1.300065459e+00  4.7456141e+01  1.00000e+06  7.64019e-05
1.300715492e+00  4.7474446e+01  1.00000e+06  7.63974e-05
1.301365850e+00  4.7492740e+01  1.00000e+06  7.63922e-05
1.302016532e+00  4.7511026e+01  1.00000e+06  7.63862e-05
1.302667541e+00  4.7529303e+01  1.00000e+06  7.63795e-05
1.303318875e+00  4.7547570e+01  1.00000e+06  7.63721e-05
1.303970534e+00  4.7565828e+01  1.00000e+06  7.63639e-05
1.304622519e+00  4.7584077e+01  1.00000e+06  7.63552e-05
1.305274830e+00  4.7602317e+01  1.00000e+06  7.63457e-05
1.305927468e+00  4.7620547e+01  1.00000e+06  7.63355e-05
1.306580432e+00  4.7638769e+01  1.00000e+06  7.63245e-05
1.307233722e+00  4.7656981e+01  1.00000e+06  7.63127e-05
1.307887339e+00  4.7675184e+01  1.00000e+06  7.63000e-05
1.308541282e+00  4.7693378e+01  1.00000e+06  7.62863e-05
1.309195553e+00  4.7711562e+01  1.00000e+06  7.62713e-05
1.309850151e+00  4.7729738e+01  1.00000e+06  7.62547e-05
1.310505076e+00  4.7747904e+01  1.00000e+06  7.62363e-05
1.311160328e+00  4.7766061e+01  1.00000e+06  7.62158e-05
1.311815909e+00  4.7784209e+01  1.00000e+06  7.61928e-05
1.312471817e+00  4.7802348e+01  1.00000e+06  7.61674e-05
1.313128052e+00  4.7820477e+01  1.00000e+06  7.61394e-05
1.313784616e+00  4.7838598e+01  1.00000e+06  7.61090e-05
1.314441509e+00  4.7856709e+01  1.00000e+06  7.60765e-05
1.315098730e+00  4.7874811e+01  1.00000e+06  7.60425e-05
1.315756279e+00  4.7892904e+01  1.00000e+06  7.60074e-05
1.316414157e+00  4.7910988e+01  1.00000e+06  7.59722e-05
1.317072364e+00  4.7929062e+01  1.00000e+06  7.59375e-05
1.317730900e+00  4.7947128e+01  1.00000e+06  7.59043e-05
1.318389766e+00  4.7965184e+01  1.00000e+06  7.58732e-05
1.319048961e+00  4.7983231e+01  1.00000e+06  7.58450e-05
1.319708485e+00  4.8001269e+01  1.00000e+06  7.58203e-05
1.320368339e+00  4.8019298e+01  1.00000e+06  7.57996e-05
1.321028524e+00  4.8037318e+01  1.00000e+06  7.57832e-05
1.321689038e+00  4.8055329e+01  1.00000e+06  7.57711e-05
1.322349882e+00  4.8073330e+01  1.00000e+06  7.57627e-05
1.323011057e+00  4.8091323e+01  1.00000e+06  7.57563e-05
1.323672563e+00  4.8109306e+01  1.00000e+06  7.57490e-05
1.324334399e+00  4.8127280e+01  1.00000e+06  7.57366e-05
1.324996566e+00  4.8145246e+01  1.00000e+06  7.57137e-05
1.325659065e+00  4.8163201e+01  1.00000e+06  7.56745e-05
1.326321894e+00  4.8181148e+01  1.00000e+06  7.56141e-05
1.326985055e+00  4.8199086e+01  1.00000e+06  7.55297e-05
1.327648548e+00  4.8217015e+01  1.00000e+06  7.54224e-05
1.328312372e+00  4.8234934e+01  1.00000e+06  7.52978e-05
1.328976528e+00  4.8252844e+01  1.00000e+06  7.51660e-05
1.329641016e+00  4.8270746e+01  1.00000e+06  7.50403e-05
1.330305837e+00  4.8288638e+01  1.00000e+06  7.49350e-05
1.330970990e+00  4.8306521e+01  1.00000e+06  7.48620e-05
1.331636475e+00  4.8324395e+01  1.00000e+06  7.48282e-05
1.332302293e+00  4.8342260e+01  1.00000e+06  7.48338e-05
1.332968445e+00  4.8360116e+01  1.00000e+06  7.48721e-05
1.333634929e+00  4.8377963e+01  1.00000e+06  7.49313e-05
1.334301746e+00  4.8395801e+01  1.00000e+06  7.49975e-05
1.334968897e+00  4.8413629e+01  1.00000e+06  7.50581e-05
1.335636382e+00  4.8431449e+01  1.00000e+06  7.51039e-05
1.336304200e+00  4.8449260e+01  1.00000e+06  7.51301e-05
1.336972352e+00  4.8467061e+01  1.00000e+06  7.51366e-05
1.337640838e+00  4.8484853e+01  1.00000e+06  7.51264e-05
1.338309658e+00  4.8502637e+01  1.00000e+06  7.51035e-05
1.338978813e+00  4.8520411e+01  1.00000e+06  7.50722e-05
1.339648303e+00  4.8538176e+01  1.00000e+06  7.50351e-05
1.340318127e+00  4.8555932e+01  1.00000e+06  7.49930e-05
1.340988286e+00  4.8573679e+01  1.00000e+06  7.49449e-05
1.341658780e+00  4.8591417e+01  1.00000e+06  7.48880e-05
1.342329609e+00  4.8609146e+01  1.00000e+06  7.48187e-05
1.343000774e+00  4.8626866e+01  1.00000e+06  7.47327e-05
1.343672275e+00  4.8644577e+01  1.00000e+06  7.46262e-05
1.344344111e+00  4.8662279e+01  1.00000e+06  7.44963e-05
1.345016283e+00  4.8679972e+01  1.00000e+06  7.43417e-05
1.345688791e+00  4.8697655e+01  1.00000e+06  7.41618e-05
1.346361635e+00  4.8715330e+01  1.00000e+06  7.39570e-05
1.347034816e+00  4.8732995e+01  1.00000e+06  7.37262e-05
1.347708334e+00  4.8750652e+01  1.00000e+06  7.34661e-05
1.348382188e+00  4.8768299e+01  1.00000e+06  7.31698e-05
1.349056379e+00  4.8785938e+01  1.00000e+06  7.28272e-05
1.349730907e+00  4.8803567e+01  1.00000e+06  7.24272e-05
1.350405772e+00  4.8821187e+01  1.00000e+06  7.19602e-05
1.351080975e+00  4.8838798e+01  1.00000e+06  7.14223e-05
1.351756516e+00  4.8856400e+01  1.00000e+06  7.08175e-05
1.352432394e+00  4.8873993e+01  1.00000e+06  7.01583e-05
1.353108610e+00  4.8891577e+01  1.00000e+06  6.94641e-05
1.353785165e+00  4.8909152e+01  1.00000e+06  6.87560e-05
1.354462057e+00  4.8926718e+01  1.00000e+06  6.80520e-05
1.355139288e+00  4.8944275e+01  1.00000e+06  6.73610e-05
1.355816858e+00  4.8961823e+01  1.00000e+06  6.66803e-05
1.356494766e+00  4.8979362e+01  1.00000e+06  6.59959e-05
1.357173014e+00  4.8996892e+01  1.00000e+06  6.52862e-05
1.357851600e+00  4.9014413e+01  1.00000e+06  6.45292e-05
1.358530526e+00  4.9031925e+01  1.00000e+06  6.37099e-05
1.359209791e+00  4.9049428e+01  1.00000e+06  6.28268e-05
1.359889396e+00  4.9066922e+01  1.00000e+06  6.18954e-05
1.360569341e+00  4.9084407e+01  1.00000e+06  6.09469e-05
1.361249626e+00  4.9101883e+01  1.00000e+06  6.00239e-05
1.361930250e+00  4.9119350e+01  1.00000e+06  5.91733e-05
1.362611215e+00  4.9136808e+01  1.00000e+06  5.84384e-05
1.363292521e+00  4.9154257e+01  1.00000e+06  5.78529e-05
1.363974167e+00  4.9171698e+01  1.00000e+06  5.74368e-05
1.364656154e+00  4.9189130e+01  1.00000e+06  5.71950e-05
1.365338482e+00  4.9206553e+01  1.00000e+06  5.71187e-05
1.366021152e+00  4.9223967e+01  1.00000e+06  5.71883e-05
1.366704162e+00  4.9241372e+01  1.00000e+06  5.73791e-05
1.367387514e+00  4.9258769e+01  1.00000e+06  5.76664e-05
1.368071208e+00  4.9276156e+01  1.00000e+06  5.80312e-05
1.368755244e+00  4.9293535e+01  1.00000e+06  5.84624e-05
1.369439621e+00  4.9310905e+01  1.00000e+06  5.89571e-05
1.370124341e+00  4.9328266e+01  1.00000e+06  5.95153e-05
1.370809403e+00  4.9345618e+01  1.00000e+06  6.01331e-05
1.371494808e+00  4.9362962e+01  1.00000e+06  6.07952e-05
1.372180555e+00  4.9380296e+01  1.00000e+06  6.14693e-05
1.372866646e+00  4.9397622e+01  1.00000e+06  6.21067e-05
1.373553079e+00  4.9414938e+01  1.00000e+06  6.26466e-05
1.374239856e+00  4.9432245e+01  1.00000e+06  6.30252e-05
1.374926976e+00  4.9449544e+01  1.00000e+06  6.31866e-05
1.375614439e+00  4.9466833e+01  1.00000e+06  6.30913e-05
1.376302246e+00  4.9484113e+01  1.00000e+06  6.27240e-05
1.376990397e+00  4.9501383e+01  1.00000e+06  6.20972e-05
1.377678893e+00  4.9518645e+01  1.00000e+06  6.12527e-05
1.378367732e+00  4.9535897e+01  1.00000e+06  6.02602e-05
1.379056916e+00  4.9553141e+01  1.00000e+06  5.92129e-05
1.379746444e+00  4.9570376e+01  1.00000e+06  5.82198e-05
1.380436318e+00  4.9587602e+01  1.00000e+06  5.73936e-05
1.381126536e+00  4.9604819e+01  1.00000e+06  5.68361e-05
1.381817099e+00  4.9622028e+01  1.00000e+06  5.66220e-05
1.382508008e+00  4.9639229e+01  1.00000e+06  5.67867e-05
1.383199262e+00  4.9656420e+01  1.00000e+06  5.73199e-05
1.383890861e+00  4.9673604e+01  1.00000e+06  5.81669e-05
1.384582807e+00  4.9690778e+01  1.00000e+06  5.92390e-05
1.385275098e+00  4.9707944e+01  1.00000e+06  6.04283e-05
1.385967736e+00  4.9725101e+01  1.00000e+06  6.16253e-05
1.386660719e+00  4.9742249e+01  1.00000e+06  6.27323e-05
1.387354050e+00  4.9759389e+01  1.00000e+06  6.36733e-05
1.388047727e+00  4.9776519e+01  1.00000e+06  6.43974e-05
1.388741751e+00  4.9793640e+01  1.00000e+06  6.48778e-05
1.389436122e+00  4.9810751e+01  1.00000e+06  6.51093e-05
1.390130840e+00  4.9827854e+01  1.00000e+06  6.51053e-05
1.390825905e+00  4.9844948e+01  1.00000e+06  6.48963e-05
1.391521318e+00  4.9862032e+01  1.00000e+06  6.45279e-05
1.392217079e+00  4.9879108e+01  1.00000e+06  6.40580e-05
1.392913187e+00  4.9896175e+01  1.00000e+06  6.35524e-05
1.393609644e+00  4.9913233e+01  1.00000e+06  6.30774e-05
1.394306449e+00  4.9930282e+01  1.00000e+06  6.26904e-05
1.395003602e+00  4.9947323e+01  1.00000e+06  6.24317e-05
1.395701104e+00  4.9964355e+01  1.00000e+06  6.23180e-05
1.396398954e+00  4.9981378e+01  1.00000e+06  6.23418e-05
1.397097154e+00  4.9998393e+01  1.00000e+06  6.24770e-05
1.397795702e+00  5.0015399e+01  1.00000e+06  6.26889e-05
1.398494600e+00  5.0032396e+01  1.00000e+06  6.29455e-05
1.399193847e+00  5.0049384e+01  1.00000e+06  6.32253e-05
1.399893444e+00  5.0066363e+01  1.00000e+06  6.35189e-05
1.400593391e+00  5.0083334e+01  1.00000e+06  6.38259e-05
1.401293688e+00  5.0100296e+01  1.00000e+06  6.41477e-05
1.401994335e+00  5.0117249e+01  1.00000e+06  6.44824e-05
1.402695332e+00  5.0134193e+01  1.00000e+06  6.48241e-05
1.403396679e+00  5.0151129e+01  1.00000e+06  6.51656e-05
1.404098378e+00  5.0168056e+01  1.00000e+06  6.55034e-05
1.404800427e+00  5.0184974e+01  1.00000e+06  6.58409e-05
1.405502827e+00  5.0201883e+01  1.00000e+06  6.61882e-05
1.406205579e+00  5.0218783e+01  1.00000e+06  6.65593e-05
1.406908681e+00  5.0235675e+01  1.00000e+06  6.69659e-05
1.407612136e+00  5.0252558e+01  1.00000e+06  6.74127e-05
1.408315942e+00  5.0269432e+01  1.00000e+06  6.78949e-05
1.409020100e+00  5.0286297e+01  1.00000e+06  6.83978e-05
1.409724610e+00  5.0303154e+01  1.00000e+06  6.88999e-05
1.410429472e+00  5.0320002e+01  1.00000e+06  6.93780e-05
1.411134687e+00  5.0336841e+01  1.00000e+06  6.98125e-05
1.411840254e+00  5.0353671e+01  1.00000e+06  7.01919e-05
1.412546174e+00  5.0370493e+01  1.00000e+06  7.05153e-05
1.413252447e+00  5.0387305e+01  1.00000e+06  7.07913e-05
1.413959074e+00  5.0404109e+01  1.00000e+06  7.10339e-05
1.414666053e+00  5.0420905e+01  1.00000e+06  7.12582e-05
1.415373386e+00  5.0437691e+01  1.00000e+06  7.14755e-05
1.416081073e+00  5.0454469e+01  1.00000e+06  7.16911e-05
1.416789113e+00  5.0471237e+01  1.00000e+06  7.19051e-05
1.417497508e+00  5.0487998e+01  1.00000e+06  7.21142e-05
1.418206257e+00  5.0504749e+01  1.00000e+06  7.23144e-05
1.418915360e+00  5.0521492e+01  1.00000e+06  7.25029e-05
1.419624817e+00  5.0538226e+01  1.00000e+06  7.26788e-05
1.420334630e+00  5.0554951e+01  1.00000e+06  7.28417e-05
1.421044797e+00  5.0571668e+01  1.00000e+06  7.29918e-05
1.421755320e+00  5.0588375e+01  1.00000e+06  7.31289e-05
1.422466197e+00  5.0605074e+01  1.00000e+06  7.32520e-05
1.423177430e+00  5.0621765e+01  1.00000e+06  7.33600e-05
1.423889019e+00  5.0638446e+01  1.00000e+06  7.34516e-05
1.424600964e+00  5.0655119e+01  1.00000e+06  7.35250e-05
1.425313264e+00  5.0671783e+01  1.00000e+06  7.35781e-05
1.426025921e+00  5.0688439e+01  1.00000e+06  7.36091e-05
1.426738934e+00  5.0705086e+01  1.00000e+06  7.36167e-05
1.427452303e+00  5.0721724e+01  1.00000e+06  7.36016e-05
1.428166029e+00  5.0738353e+01  1.00000e+06  7.35669e-05
1.428880112e+00  5.0754973e+01  1.00000e+06  7.35182e-05
1.429594552e+00  5.0771585e+01  1.00000e+06  7.34630e-05
1.430309350e+00  5.0788189e+01  1.00000e+06  7.34092e-05
1.431024504e+00  5.0804783e+01  1.00000e+06  7.33631e-05
1.431740017e+00  5.0821369e+01  1.00000e+06  7.33291e-05
1.432455887e+00  5.0837946e+01  1.00000e+06  7.33083e-05
1.433172115e+00  5.0854515e+01  1.00000e+06  7.32996e-05
1.433888701e+00  5.0871075e+01  1.00000e+06  7.33010e-05
1.434605645e+00  5.0887626e+01  1.00000e+06  7.33104e-05
1.435322948e+00  5.0904169e+01  1.00000e+06  7.33264e-05
1.436040609e+00  5.0920703e+01  1.00000e+06  7.33480e-05
1.436758630e+00  5.0937228e+01  1.00000e+06  7.33735e-05
1.437477009e+00  5.0953745e+01  1.00000e+06  7.33992e-05
1.438195747e+00  5.0970253e+01  1.00000e+06  7.34192e-05
1.438914845e+00  5.0986753e+01  1.00000e+06  7.34256e-05
1.439634303e+00  5.1003243e+01  1.00000e+06  7.34109e-05
1.440354120e+00  5.1019726e+01  1.00000e+06  7.33699e-05
1.441074297e+00  5.1036199e+01  1.00000e+06  7.33024e-05
1.441794834e+00  5.1052664e+01  1.00000e+06  7.32140e-05
1.442515731e+00  5.1069120e+01  1.00000e+06  7.31162e-05
1.443236989e+00  5.1085568e+01  1.00000e+06  7.30240e-05
1.443958608e+00  5.1102006e+01  1.00000e+06  7.29527e-05
1.444680587e+00  5.1118437e+01  1.00000e+06  7.29143e-05
1.445402927e+00  5.1134859e+01  1.00000e+06  7.29140e-05
1.446125629e+00  5.1151272e+01  1.00000e+06  7.29499e-05
1.446848692e+00  5.1167677e+01  1.00000e+06  7.30136e-05
1.447572116e+00  5.1184073e+01  1.00000e+06  7.30944e-05
1.448295902e+00  5.1200460e+01  1.00000e+06  7.31837e-05
1.449020050e+00  5.1216839e+01  1.00000e+06  7.32782e-05
1.449744560e+00  5.1233209e+01  1.00000e+06  7.33810e-05
1.450469432e+00  5.1249571e+01  1.00000e+06  7.34996e-05
1.451194667e+00  5.1265924e+01  1.00000e+06  7.36420e-05
1.451920264e+00  5.1282269e+01  1.00000e+06  7.38123e-05
1.452646224e+00  5.1298605e+01  1.00000e+06  7.40079e-05
1.453372548e+00  5.1314932e+01  1.00000e+06  7.42192e-05
1.454099234e+00  5.1331251e+01  1.00000e+06  7.44319e-05
1.454826283e+00  5.1347561e+01  1.00000e+06  7.46299e-05
1.455553697e+00  5.1363863e+01  1.00000e+06  7.47988e-05
1.456281473e+00  5.1380156e+01  1.00000e+06  7.49281e-05
1.457009614e+00  5.1396441e+01  1.00000e+06  7.50121e-05
1.457738119e+00  5.1412717e+01  1.00000e+06  7.50501e-05
1.458466988e+00  5.1428984e+01  1.00000e+06  7.50456e-05
1.459196222e+00  5.1445243e+01  1.00000e+06  7.50051e-05
1.459925820e+00  5.1461493e+01  1.00000e+06  7.49369e-05
1.460655783e+00  5.1477734e+01  1.00000e+06  7.48501e-05
1.461386110e+00  5.1493967e+01  1.00000e+06  7.47532e-05
1.462116804e+00  5.1510192e+01  1.00000e+06  7.46537e-05
1.462847862e+00  5.1526408e+01  1.00000e+06  7.45564e-05
1.463579286e+00  5.1542615e+01  1.00000e+06  7.44639e-05
1.464311076e+00  5.1558814e+01  1.00000e+06  7.43763e-05
1.465043231e+00  5.1575004e+01  1.00000e+06  7.42920e-05
1.465775753e+00  5.1591186e+01  1.00000e+06  7.42087e-05
1.466508641e+00  5.1607360e+01  1.00000e+06  7.41255e-05
1.467241895e+00  5.1623524e+01  1.00000e+06  7.40441e-05
1.467975516e+00  5.1639681e+01  1.00000e+06  7.39699e-05
1.468709504e+00  5.1655828e+01  1.00000e+06  7.39118e-05
1.469443858e+00  5.1671968e+01  1.00000e+06  7.38806e-05
1.470178580e+00  5.1688099e+01  1.00000e+06  7.38863e-05
1.470913670e+00  5.1704221e+01  1.00000e+06  7.39350e-05
1.471649126e+00  5.1720335e+01  1.00000e+06  7.40266e-05
1.472384951e+00  5.1736440e+01  1.00000e+06  7.41542e-05
1.473121143e+00  5.1752537e+01  1.00000e+06  7.43053e-05
1.473857704e+00  5.1768626e+01  1.00000e+06  7.44645e-05
1.474594633e+00  5.1784706e+01  1.00000e+06  7.46171e-05
1.475331930e+00  5.1800777e+01  1.00000e+06  7.47522e-05
1.476069596e+00  5.1816840e+01  1.00000e+06  7.48646e-05
1.476807631e+00  5.1832895e+01  1.00000e+06  7.49551e-05
1.477546035e+00  5.1848941e+01  1.00000e+06  7.50288e-05
1.478284808e+00  5.1864978e+01  1.00000e+06  7.50931e-05
1.479023950e+00  5.1881007e+01  1.00000e+06  7.51553e-05
1.479763462e+00  5.1897028e+01  1.00000e+06  7.52207e-05
1.480503344e+00  5.1913040e+01  1.00000e+06  7.52920e-05
1.481243596e+00  5.1929044e+01  1.00000e+06  7.53688e-05
1.481984217e+00  5.1945039e+01  1.00000e+06  7.54489e-05
1.482725209e+00  5.1961026e+01  1.00000e+06  7.55287e-05
1.483466572e+00  5.1977004e+01  1.00000e+06  7.56050e-05
1.484208305e+00  5.1992974e+01  1.00000e+06  7.56754e-05
1.484950409e+00  5.2008936e+01  1.00000e+06  7.57393e-05
1.485692885e+00  5.2024889e+01  1.00000e+06  7.57971e-05
1.486435731e+00  5.2040833e+01  1.00000e+06  7.58504e-05
1.487178949e+00  5.2056769e+01  1.00000e+06  7.59010e-05
1.487922538e+00  5.2072697e+01  1.00000e+06  7.59501e-05
1.488666500e+00  5.2088616e+01  1.00000e+06  7.59981e-05
1.489410833e+00  5.2104527e+01  1.00000e+06  7.60443e-05
1.490155538e+00  5.2120429e+01  1.00000e+06  7.60878e-05
1.490900616e+00  5.2136323e+01  1.00000e+06  7.61272e-05
1.491646066e+00  5.2152209e+01  1.00000e+06  7.61616e-05
1.492391890e+00  5.2168086e+01  1.00000e+06  7.61905e-05
1.493138085e+00  5.2183955e+01  1.00000e+06  7.62144e-05
1.493884655e+00  5.2199815e+01  1.00000e+06  7.62340e-05
1.494631597e+00  5.2215667e+01  1.00000e+06  7.62503e-05
1.495378913e+00  5.2231511e+01  1.00000e+06  7.62645e-05
1.496126602e+00  5.2247346e+01  1.00000e+06  7.62773e-05
1.496874665e+00  5.2263173e+01  1.00000e+06  7.62890e-05
1.497623103e+00  5.2278991e+01  1.00000e+06  7.62996e-05
1.498371914e+00  5.2294801e+01  1.00000e+06  7.63087e-05
1.499121100e+00  5.2310603e+01  1.00000e+06  7.63159e-05
1.499870661e+00  5.2326396e+01  1.00000e+06  7.63209e-05
1.500620596e+00  5.2342181e+01  1.00000e+06  7.63238e-05
1.501370906e+00  5.2357957e+01  1.00000e+06  7.63250e-05
1.502121592e+00  5.2373725e+01  1.00000e+06  7.63252e-05
1.502872653e+00  5.2389485e+01  1.00000e+06  7.63253e-05
1.503624089e+00  5.2405236e+01  1.00000e+06  7.63260e-05
1.504375901e+00  5.2420979e+01  1.00000e+06  7.63281e-05
1.505128089e+00  5.2436714e+01  1.00000e+06  7.63316e-05
1.505880653e+00  5.2452440e+01  1.00000e+06  7.63366e-05
1.506633593e+00  5.2468158e+01  1.00000e+06  7.63426e-05
1.507386910e+00  5.2483868e+01  1.00000e+06  7.63493e-05
1.508140604e+00  5.2499569e+01  1.00000e+06  7.63562e-05
1.508894674e+00  5.2515262e+01  1.00000e+06  7.63630e-05
1.509649121e+00  5.2530947e+01  1.00000e+06  7.63694e-05
1.510403946e+00  5.2546623e+01  1.00000e+06  7.63754e-05
1.511159148e+00  5.2562291e+01  1.00000e+06  7.63807e-05
1.511914727e+00  5.2577950e+01  1.00000e+06  7.63854e-05
1.512670685e+00  5.2593602e+01  1.00000e+06  7.63895e-05
1.513427020e+00  5.2609245e+01  1.00000e+06  7.63929e-05
1.514183734e+00  5.2624879e+01  1.00000e+06  7.63958e-05
1.514940825e+00  5.2640506e+01  1.00000e+06  7.63982e-05
1.515698296e+00  5.2656124e+01  1.00000e+06  7.64004e-05
1.516456145e+00  5.2671733e+01  1.00000e+06  7.64025e-05
1.517214373e+00  5.2687335e+01  1.00000e+06  7.64045e-05
1.517972980e+00  5.2702928e+01  1.00000e+06  7.64066e-05
1.518731967e+00  5.2718513e+01  1.00000e+06  7.64086e-05
1.519491333e+00  5.2734089e+01  1.00000e+06  7.64107e-05
1.520251078e+00  5.2749657e+01  1.00000e+06  7.64126e-05
1.521011204e+00  5.2765217e+01  1.00000e+06  7.64144e-05
1.521771710e+00  5.2780769e+01  1.00000e+06  7.64159e-05
1.522532595e+00  5.2796312e+01  1.00000e+06  7.64172e-05
1.523293862e+00  5.2811847e+01  1.00000e+06  7.64182e-05
1.524055509e+00  5.2827374e+01  1.00000e+06  7.64189e-05
1.524817536e+00  5.2842893e+01  1.00000e+06  7.64195e-05
1.525579945e+00  5.2858403e+01  1.00000e+06  7.64199e-05
1.526342735e+00  5.2873905e+01  1.00000e+06  7.64204e-05
1.527105906e+00  5.2889399e+01  1.00000e+06  7.64208e-05
1.527869459e+00  5.2904884e+01  1.00000e+06  7.64214e-05
1.528633394e+00  5.2920362e+01  1.00000e+06  7.64220e-05
1.529397711e+00  5.2935831e+01  1.00000e+06  7.64226e-05
1.530162410e+00  5.2951291e+01  1.00000e+06  7.64233e-05
1.530927491e+00  5.2966744e+01  1.00000e+06  7.64239e-05
1.531692955e+00  5.2982188e+01  1.00000e+06  7.64245e-05
1.532458801e+00  5.2997624e+01  1.00000e+06  7.64250e-05
1.533225031e+00  5.3013052e+01  1.00000e+06  7.64255e-05
1.533991643e+00  5.3028471e+01  1.00000e+06  7.64258e-05
1.534758639e+00  5.3043883e+01  1.00000e+06  7.64261e-05
1.535526018e+00  5.3059286e+01  1.00000e+06  7.64263e-05
1.536293781e+00  5.3074681e+01  1.00000e+06  7.64265e-05
1.537061928e+00  5.3090067e+01  1.00000e+06  7.64266e-05
1.537830459e+00  5.3105446e+01  1.00000e+06  7.64266e-05
1.538599374e+00  5.3120816e+01  1.00000e+06  7.64267e-05
1.539368674e+00  5.3136178e+01  1.00000e+06  7.64267e-05
1.540138358e+00  5.3151532e+01  1.00000e+06  7.64267e-05
1.540908428e+00  5.3166878e+01  1.00000e+06  7.64267e-05
1.541678882e+00  5.3182215e+01  1.00000e+06  7.64267e-05
1.542449721e+00  5.3197544e+01  1.00000e+06  7.64268e-05
1.543220946e+00  5.3212865e+01  1.00000e+06  7.64268e-05
1.543992556e+00  5.3228178e+01  1.00000e+06  7.64268e-05
1.544764553e+00  5.3243483e+01  1.00000e+06  7.64269e-05
1.545536935e+00  5.3258779e+01  1.00000e+06  7.64270e-05
1.546309704e+00  5.3274067e+01  1.00000e+06  7.64271e-05
1.547082858e+00  5.3289348e+01  1.00000e+06  7.64273e-05
1.547856400e+00  5.3304620e+01  1.00000e+06  7.64274e-05
1.548630328e+00  5.3319883e+01  1.00000e+06  7.64275e-05
1.549404643e+00  5.3335139e+01  1.00000e+06  7.64277e-05
1.550179345e+00  5.3350386e+01  1.00000e+06  7.64278e-05
1.550954435e+00  5.3365626e+01  1.00000e+06  7.64279e-05
1.551729912e+00  5.3380857e+01  1.00000e+06  7.64279e-05
1.552505777e+00  5.3396080e+01  1.00000e+06  7.64280e-05
1.553282030e+00  5.3411295e+01  1.00000e+06  7.64280e-05
1.554058671e+00  5.3426501e+01  1.00000e+06  7.64281e-05
1.554835701e+00  5.3441700e+01  1.00000e+06  7.64281e-05
1.555613118e+00  5.3456890e+01  1.00000e+06  7.64282e-05
1.556390925e+00  5.3472073e+01  1.00000e+06  7.64282e-05
1.557169120e+00  5.3487247e+01  1.00000e+06  7.64282e-05
1.557947705e+00  5.3502413e+01  1.00000e+06  7.64281e-05
1.558726679e+00  5.3517571e+01  1.00000e+06  7.64281e-05
1.559506042e+00  5.3532720e+01  1.00000e+06  7.64280e-05
1.560285795e+00  5.3547862e+01  1.00000e+06  7.64278e-05
1.561065938e+00  5.3562996e+01  1.00000e+06  7.64277e-05
1.561846471e+00  5.3578121e+01  1.00000e+06  7.64276e-05
1.562627394e+00  5.3593238e+01  1.00000e+06  7.64275e-05
1.563408708e+00  5.3608348e+01  1.00000e+06  7.64275e-05
1.564190412e+00  5.3623449e+01  1.00000e+06  7.64274e-05
1.564972508e+00  5.3638542e+01  1.00000e+06  7.64275e-05
1.565754994e+00  5.3653627e+01  1.00000e+06  7.64275e-05
1.566537871e+00  5.3668703e+01  1.00000e+06  7.64276e-05
1.567321140e+00  5.3683772e+01  1.00000e+06  7.64277e-05
1.568104801e+00  5.3698833e+01  1.00000e+06  7.64278e-05
1.568888853e+00  5.3713885e+01  1.00000e+06  7.64280e-05
1.569673298e+00  5.3728930e+01  1.00000e+06  7.64281e-05
1.570458134e+00  5.3743966e+01  1.00000e+06  7.64282e-05
1.571243363e+00  5.3758995e+01  1.00000e+06  7.64283e-05
1.572028985e+00  5.3774015e+01  1.00000e+06  7.64284e-05
1.572815000e+00  5.3789027e+01  1.00000e+06  7.64285e-05
1.573601407e+00  5.3804031e+01  1.00000e+06  7.64286e-05
1.574388208e+00  5.3819027e+01  1.00000e+06  7.64287e-05
1.575175402e+00  5.3834015e+01  1.00000e+06  7.64287e-05
1.575962990e+00  5.3848995e+01  1.00000e+06  7.64287e-05
1.576750971e+00  5.3863967e+01  1.00000e+06  7.64288e-05
1.577539347e+00  5.3878931e+01  1.00000e+06  7.64288e-05
1.578328116e+00  5.3893887e+01  1.00000e+06  7.64288e-05
1.579117280e+00  5.3908835e+01  1.00000e+06  7.64287e-05
1.579906839e+00  5.3923775e+01  1.00000e+06  7.64287e-05
1.580696792e+00  5.3938706e+01  1.00000e+06  7.64287e-05
1.581487141e+00  5.3953630e+01  1.00000e+06  7.64286e-05
1.582277884e+00  5.3968546e+01  1.00000e+06  7.64286e-05
1.583069023e+00  5.3983453e+01  1.00000e+06  7.64285e-05
1.583860558e+00  5.3998353e+01  1.00000e+06  7.64285e-05
1.584652488e+00  5.4013245e+01  1.00000e+06  7.64284e-05
1.585444814e+00  5.4028128e+01  1.00000e+06  7.64284e-05
1.586237537e+00  5.4043004e+01  1.00000e+06  7.64283e-05
1.587030655e+00  5.4057871e+01  1.00000e+06  7.64283e-05
1.587824171e+00  5.4072731e+01  1.00000e+06  7.64282e-05
1.588618083e+00  5.4087583e+01  1.00000e+06  7.64281e-05
1.589412392e+00  5.4102426e+01  1.00000e+06  7.64280e-05
1.590207098e+00  5.4117262e+01  1.00000e+06  7.64278e-05
1.591002202e+00  5.4132089e+01  1.00000e+06  7.64277e-05
1.591797703e+00  5.4146909e+01  1.00000e+06  7.64275e-05
1.592593602e+00  5.4161721e+01  1.00000e+06  7.64272e-05
1.593389898e+00  5.4176524e+01  1.00000e+06  7.64270e-05
1.594186593e+00  5.4191320e+01  1.00000e+06  7.64267e-05
1.594983687e+00  5.4206108e+01  1.00000e+06  7.64264e-05
1.595781178e+00  5.4220887e+01  1.00000e+06  7.64261e-05
1.596579069e+00  5.4235659e+01  1.00000e+06  7.64258e-05
1.597377359e+00  5.4250423e+01  1.00000e+06  7.64254e-05
1.598176047e+00  5.4265179e+01  1.00000e+06  7.64251e-05
1.598975135e+00  5.4279927e+01  1.00000e+06  7.64247e-05
1.599774623e+00  5.4294667e+01  1.00000e+06  7.64243e-05
1.600574510e+00  5.4309399e+01  1.00000e+06  7.64239e-05
1.601374797e+00  5.4324123e+01  1.00000e+06  7.64234e-05
1.602175485e+00  5.4338839e+01  1.00000e+06  7.64229e-05
1.602976573e+00  5.4353547e+01  1.00000e+06  7.64222e-05
1.603778061e+00  5.4368247e+01  1.00000e+06  7.64213e-05
1.604579950e+00  5.4382940e+01  1.00000e+06  7.64201e-05
1.605382240e+00  5.4397624e+01  1.00000e+06  7.64186e-05
1.606184931e+00  5.4412301e+01  1.00000e+06  7.64167e-05
1.606988023e+00  5.4426969e+01  1.00000e+06  7.64142e-05
1.607791517e+00  5.4441630e+01  1.00000e+06  7.64110e-05
1.608595413e+00  5.4456283e+01  1.00000e+06  7.64070e-05
1.609399711e+00  5.4470927e+01  1.00000e+06  7.64021e-05
1.610204411e+00  5.4485564e+01  1.00000e+06  7.63961e-05
1.611009513e+00  5.4500193e+01  1.00000e+06  7.63889e-05
1.611815018e+00  5.4514814e+01  1.00000e+06  7.63806e-05
1.612620925e+00  5.4529427e+01  1.00000e+06  7.63709e-05
1.613427236e+00  5.4544033e+01  1.00000e+06  7.63597e-05
1.614233949e+00  5.4558630e+01  1.00000e+06  7.63471e-05
1.615041066e+00  5.4573220e+01  1.00000e+06  7.63327e-05
1.615848587e+00  5.4587801e+01  1.00000e+06  7.63164e-05
1.616656511e+00  5.4602375e+01  1.00000e+06  7.62979e-05
1.617464839e+00  5.4616941e+01  1.00000e+06  7.62767e-05
1.618273572e+00  5.4631499e+01  1.00000e+06  7.62524e-05
1.619082709e+00  5.4646049e+01  1.00000e+06  7.62243e-05
1.619892250e+00  5.4660591e+01  1.00000e+06  7.61917e-05
1.620702196e+00  5.4675126e+01  1.00000e+06  7.61539e-05
1.621512547e+00  5.4689652e+01  1.00000e+06  7.61100e-05
1.622323303e+00  5.4704171e+01  1.00000e+06  7.60592e-05
1.623134465e+00  5.4718681e+01  1.00000e+06  7.60006e-05
1.623946032e+00  5.4733184e+01  1.00000e+06  7.59335e-05
1.624758005e+00  5.4747679e+01  1.00000e+06  7.58571e-05
1.625570384e+00  5.4762167e+01  1.00000e+06  7.57708e-05
1.626383170e+00  5.4776646e+01  1.00000e+06  7.56740e-05
1.627196361e+00  5.4791117e+01  1.00000e+06  7.55663e-05
1.628009959e+00  5.4805581e+01  1.00000e+06  7.54469e-05
1.628823964e+00  5.4820037e+01  1.00000e+06  7.53152e-05
1.629638376e+00  5.4834485e+01  1.00000e+06  7.51706e-05
1.630453195e+00  5.4848925e+01  1.00000e+06  7.50126e-05
1.631268422e+00  5.4863357e+01  1.00000e+06  7.48413e-05
1.632084056e+00  5.4877782e+01  1.00000e+06  7.46572e-05
1.632900098e+00  5.4892199e+01  1.00000e+06  7.44622e-05
1.633716548e+00  5.4906607e+01  1.00000e+06  7.42594e-05
1.634533407e+00  5.4921008e+01  1.00000e+06  7.40537e-05
1.635350673e+00  5.4935402e+01  1.00000e+06  7.38514e-05
1.636168349e+00  5.4949787e+01  1.00000e+06  7.36604e-05
1.636986433e+00  5.4964165e+01  1.00000e+06  7.34888e-05
1.637804926e+00  5.4978535e+01  1.00000e+06  7.33447e-05
1.638623829e+00  5.4992897e+01  1.00000e+06  7.32338e-05
1.639443140e+00  5.5007251e+01  1.00000e+06  7.31587e-05
1.640262862e+00  5.5021598e+01  1.00000e+06  7.31177e-05
1.641082993e+00  5.5035937e+01  1.00000e+06  7.31043e-05
1.641903535e+00  5.5050268e+01  1.00000e+06  7.31081e-05
1.642724487e+00  5.5064591e+01  1.00000e+06  7.31160e-05
1.643545849e+00  5.5078907e+01  1.00000e+06  7.31148e-05
1.644367622e+00  5.5093215e+01  1.00000e+06  7.30931e-05
1.645189806e+00  5.5107515e+01  1.00000e+06  7.30441e-05
1.646012401e+00  5.5121807e+01  1.00000e+06  7.29667e-05
1.646835407e+00  5.5136091e+01  1.00000e+06  7.28665e-05
1.647658824e+00  5.5150368e+01  1.00000e+06  7.27548e-05
1.648482654e+00  5.5164637e+01  1.00000e+06  7.26477e-05
1.649306895e+00  5.5178898e+01  1.00000e+06  7.25630e-05
1.650131549e+00  5.5193152e+01  1.00000e+06  7.25178e-05
1.650956614e+00  5.5207397e+01  1.00000e+06  7.25254e-05
1.651782093e+00  5.5221636e+01  1.00000e+06  7.25931e-05
1.652607984e+00  5.5235866e+01  1.00000e+06  7.27210e-05
1.653434288e+00  5.5250089e+01  1.00000e+06  7.29015e-05
1.654261005e+00  5.5264304e+01  1.00000e+06  7.31203e-05
1.655088135e+00  5.5278511e+01  1.00000e+06  7.33574e-05
1.655915680e+00  5.5292711e+01  1.00000e+06  7.35882e-05
1.656743637e+00  5.5306903e+01  1.00000e+06  7.37848e-05
1.657572009e+00  5.5321087e+01  1.00000e+06  7.39171e-05
1.658400795e+00  5.5335264e+01  1.00000e+06  7.39551e-05
1.659229996e+00  5.5349432e+01  1.00000e+06  7.38725e-05
1.660059611e+00  5.5363593e+01  1.00000e+06  7.36516e-05
1.660889640e+00  5.5377746e+01  1.00000e+06  7.32906e-05
1.661720085e+00  5.5391891e+01  1.00000e+06  7.28086e-05
1.662550945e+00  5.5406028e+01  1.00000e+06  7.22496e-05
1.663382221e+00  5.5420158e+01  1.00000e+06  7.16795e-05
1.664213912e+00  5.5434280e+01  1.00000e+06  7.11772e-05
1.665046019e+00  5.5448394e+01  1.00000e+06  7.08197e-05
1.665878542e+00  5.5462501e+01  1.00000e+06  7.06656e-05
1.666711481e+00  5.5476600e+01  1.00000e+06  7.07409e-05
1.667544837e+00  5.5490692e+01  1.00000e+06  7.10338e-05
1.668378609e+00  5.5504777e+01  1.00000e+06  7.14972e-05
1.669212799e+00  5.5518854e+01  1.00000e+06  7.20615e-05
1.670047405e+00  5.5532923e+01  1.00000e+06  7.26506e-05
1.670882429e+00  5.5546985e+01  1.00000e+06  7.31972e-05
1.671717870e+00  5.5561039e+01  1.00000e+06  7.36543e-05
1.672553729e+00  5.5575085e+01  1.00000e+06  7.39985e-05
1.673390006e+00  5.5589124e+01  1.00000e+06  7.42282e-05
1.674226701e+00  5.5603154e+01  1.00000e+06  7.43579e-05
1.675063814e+00  5.5617177e+01  1.00000e+06  7.44107e-05
1.675901346e+00  5.5631192e+01  1.00000e+06  7.44121e-05
1.676739297e+00  5.5645200e+01  1.00000e+06  7.43851e-05
1.677577666e+00  5.5659200e+01  1.00000e+06  7.43483e-05
1.678416455e+00  5.5673192e+01  1.00000e+06  7.43143e-05
1.679255663e+00  5.5687177e+01  1.00000e+06  7.42907e-05
1.680095291e+00  5.5701154e+01  1.00000e+06  7.42806e-05
1.680935339e+00  5.5715124e+01  1.00000e+06  7.42843e-05
1.681775806e+00  5.5729086e+01  1.00000e+06  7.43001e-05
1.682616694e+00  5.5743040e+01  1.00000e+06  7.43251e-05
1.683458003e+00  5.5756987e+01  1.00000e+06  7.43558e-05
1.684299732e+00  5.5770926e+01  1.00000e+06  7.43887e-05
1.685141882e+00  5.5784857e+01  1.00000e+06  7.44201e-05
1.685984452e+00  5.5798781e+01  1.00000e+06  7.44470e-05
1.686827445e+00  5.5812697e+01  1.00000e+06  7.44664e-05
1.687670858e+00  5.5826606e+01  1.00000e+06  7.44768e-05
1.688514694e+00  5.5840507e+01  1.00000e+06  7.44775e-05
1.689358951e+00  5.5854401e+01  1.00000e+06  7.44691e-05
1.690203631e+00  5.5868287e+01  1.00000e+06  7.44531e-05
1.691048732e+00  5.5882165e+01  1.00000e+06  7.44316e-05
1.691894257e+00  5.5896036e+01  1.00000e+06  7.44065e-05
1.692740204e+00  5.5909899e+01  1.00000e+06  7.43791e-05
1.693586574e+00  5.5923755e+01  1.00000e+06  7.43490e-05
1.694433367e+00  5.5937603e+01  1.00000e+06  7.43144e-05
1.695280584e+00  5.5951443e+01  1.00000e+06  7.42715e-05
1.696128224e+00  5.5965276e+01  1.00000e+06  7.42153e-05
1.696976288e+00  5.5979102e+01  1.00000e+06  7.41401e-05
1.697824777e+00  5.5992919e+01  1.00000e+06  7.40399e-05
1.698673689e+00  5.6006730e+01  1.00000e+06  7.39100e-05
1.699523026e+00  5.6020532e+01  1.00000e+06  7.37480e-05
1.700372787e+00  5.6034327e+01  1.00000e+06  7.35547e-05
1.701222974e+00  5.6048115e+01  1.00000e+06  7.33352e-05
1.702073585e+00  5.6061895e+01  1.00000e+06  7.30995e-05
1.702924622e+00  5.6075667e+01  1.00000e+06  7.28616e-05
1.703776084e+00  5.6089432e+01  1.00000e+06  7.26391e-05
1.704627972e+00  5.6103190e+01  1.00000e+06  7.24510e-05
1.705480286e+00  5.6116940e+01  1.00000e+06  7.23154e-05
1.706333027e+00  5.6130682e+01  1.00000e+06  7.22469e-05
1.707186193e+00  5.6144417e+01  1.00000e+06  7.22544e-05
1.708039786e+00  5.6158145e+01  1.00000e+06  7.23394e-05
1.708893806e+00  5.6171865e+01  1.00000e+06  7.24958e-05
1.709748253e+00  5.6185578e+01  1.00000e+06  7.27110e-05
1.710603127e+00  5.6199284e+01  1.00000e+06  7.29674e-05
1.711458429e+00  5.6212981e+01  1.00000e+06  7.32446e-05
1.712314158e+00  5.6226672e+01  1.00000e+06  7.35218e-05
1.713170315e+00  5.6240355e+01  1.00000e+06  7.37793e-05
1.714026900e+00  5.6254030e+01  1.00000e+06  7.39996e-05
1.714883914e+00  5.6267698e+01  1.00000e+06  7.41679e-05
1.715741355e+00  5.6281358e+01  1.00000e+06  7.42730e-05
1.716599226e+00  5.6295011e+01  1.00000e+06  7.43078e-05
1.717457526e+00  5.6308656e+01  1.00000e+06  7.42702e-05
1.718316255e+00  5.6322294e+01  1.00000e+06  7.41638e-05
1.719175413e+00  5.6335924e+01  1.00000e+06  7.39987e-05
1.720035000e+00  5.6349547e+01  1.00000e+06  7.37905e-05
1.720895018e+00  5.6363162e+01  1.00000e+06  7.35593e-05
1.721755465e+00  5.6376770e+01  1.00000e+06  7.33270e-05
1.722616343e+00  5.6390370e+01  1.00000e+06  7.31152e-05
1.723477651e+00  5.6403963e+01  1.00000e+06  7.29417e-05
1.724339390e+00  5.6417548e+01  1.00000e+06  7.28197e-05
1.725201560e+00  5.6431127e+01  1.00000e+06  7.27558e-05
1.726064161e+00  5.6444697e+01  1.00000e+06  7.27508e-05
1.726927193e+00  5.6458261e+01  1.00000e+06  7.28004e-05
1.727790656e+00  5.6471817e+01  1.00000e+06  7.28969e-05
1.728654552e+00  5.6485365e+01  1.00000e+06  7.30301e-05
1.729518879e+00  5.6498907e+01  1.00000e+06  7.31894e-05
1.730383638e+00  5.6512440e+01  1.00000e+06  7.33646e-05
1.731248830e+00  5.6525967e+01  1.00000e+06  7.35465e-05
1.732114455e+00  5.6539486e+01  1.00000e+06  7.37276e-05
1.732980512e+00  5.6552997e+01  1.00000e+06  7.39021e-05
1.733847002e+00  5.6566502e+01  1.00000e+06  7.40661e-05
1.734713926e+00  5.6579998e+01  1.00000e+06  7.42174e-05
1.735581282e+00  5.6593488e+01  1.00000e+06  7.43553e-05
1.736449073e+00  5.6606970e+01  1.00000e+06  7.44805e-05
1.737317298e+00  5.6620444e+01  1.00000e+06  7.45945e-05
1.738185956e+00  5.6633911e+01  1.00000e+06  7.46990e-05
1.739055049e+00  5.6647371e+01  1.00000e+06  7.47957e-05
1.739924577e+00  5.6660823e+01  1.00000e+06  7.48854e-05
1.740794539e+00  5.6674268e+01  1.00000e+06  7.49685e-05
1.741664936e+00  5.6687706e+01  1.00000e+06  7.50446e-05
1.742535769e+00  5.6701136e+01  1.00000e+06  7.51132e-05
1.743407037e+00  5.6714559e+01  1.00000e+06  7.51742e-05
1.744278740e+00  5.6727974e+01  1.00000e+06  7.52282e-05
1.745150880e+00  5.6741383e+01  1.00000e+06  7.52764e-05
1.746023455e+00  5.6754783e+01  1.00000e+06  7.53206e-05
1.746896467e+00  5.6768177e+01  1.00000e+06  7.53627e-05
1.747769915e+00  5.6781563e+01  1.00000e+06  7.54038e-05
1.748643800e+00  5.6794941e+01  1.00000e+06  7.54442e-05
1.749518122e+00  5.6808313e+01  1.00000e+06  7.54835e-05
1.750392881e+00  5.6821677e+01  1.00000e+06  7.55203e-05
1.751268077e+00  5.6835033e+01  1.00000e+06  7.55534e-05
1.752143711e+00  5.6848383e+01  1.00000e+06  7.55816e-05
1.753019783e+00  5.6861725e+01  1.00000e+06  7.56046e-05
1.753896293e+00  5.6875060e+01  1.00000e+06  7.56224e-05
1.754773241e+00  5.6888387e+01  1.00000e+06  7.56351e-05
1.755650628e+00  5.6901707e+01  1.00000e+06  7.56426e-05
1.756528453e+00  5.6915020e+01  1.00000e+06  7.56443e-05
1.757406717e+00  5.6928325e+01  1.00000e+06  7.56389e-05
1.758285421e+00  5.6941623e+01  1.00000e+06  7.56245e-05
1.759164564e+00  5.6954914e+01  1.00000e+06  7.55991e-05
1.760044146e+00  5.6968197e+01  1.00000e+06  7.55607e-05
1.760924168e+00  5.6981473e+01  1.00000e+06  7.55083e-05
1.761804630e+00  5.6994742e+01  1.00000e+06  7.54415e-05
1.762685532e+00  5.7008004e+01  1.00000e+06  7.53613e-05
1.763566875e+00  5.7021258e+01  1.00000e+06  7.52699e-05
1.764448658e+00  5.7034505e+01  1.00000e+06  7.51699e-05
1.765330883e+00  5.7047744e+01  1.00000e+06  7.50644e-05
1.766213548e+00  5.7060977e+01  1.00000e+06  7.49561e-05
1.767096655e+00  5.7074202e+01  1.00000e+06  7.48468e-05
1.767980203e+00  5.7087420e+01  1.00000e+06  7.47372e-05
1.768864193e+00  5.7100630e+01  1.00000e+06  7.46275e-05
1.769748626e+00  5.7113834e+01  1.00000e+06  7.45173e-05
1.770633500e+00  5.7127030e+01  1.00000e+06  7.44075e-05
1.771518817e+00  5.7140218e+01  1.00000e+06  7.43002e-05
1.772404576e+00  5.7153400e+01  1.00000e+06  7.41997e-05
1.773290778e+00  5.7166574e+01  1.00000e+06  7.41123e-05
1.774177424e+00  5.7179741e+01  1.00000e+06  7.40449e-05
1.775064512e+00  5.7192901e+01  1.00000e+06  7.40038e-05
1.775952045e+00  5.7206054e+01  1.00000e+06  7.39929e-05
1.776840021e+00  5.7219199e+01  1.00000e+06  7.40123e-05
1.777728441e+00  5.7232337e+01  1.00000e+06  7.40578e-05
1.778617305e+00  5.7245468e+01  1.00000e+06  7.41207e-05
1.779506614e+00  5.7258592e+01  1.00000e+06  7.41901e-05
1.780396367e+00  5.7271709e+01  1.00000e+06  7.42536e-05
1.781286565e+00  5.7284818e+01  1.00000e+06  7.42998e-05
1.782177208e+00  5.7297920e+01  1.00000e+06  7.43192e-05
1.783068297e+00  5.7311015e+01  1.00000e+06  7.43054e-05
1.783959831e+00  5.7324102e+01  1.00000e+06  7.42554e-05
1.784851811e+00  5.7337183e+01  1.00000e+06  7.41698e-05
1.785744237e+00  5.7350256e+01  1.00000e+06  7.40534e-05
1.786637109e+00  5.7363322e+01  1.00000e+06  7.39153e-05
1.787530428e+00  5.7376380e+01  1.00000e+06  7.37696e-05
1.788424193e+00  5.7389432e+01  1.00000e+06  7.36338e-05
1.789318405e+00  5.7402476e+01  1.00000e+06  7.35271e-05
1.790213064e+00  5.7415514e+01  1.00000e+06  7.34662e-05
1.791108171e+00  5.7428544e+01  1.00000e+06  7.34615e-05
1.792003725e+00  5.7441567e+01  1.00000e+06  7.35137e-05
1.792899727e+00  5.7454582e+01  1.00000e+06  7.36129e-05
1.793796176e+00  5.7467591e+01  1.00000e+06  7.37405e-05
1.794693075e+00  5.7480593e+01  1.00000e+06  7.38730e-05
1.795590421e+00  5.7493587e+01  1.00000e+06  7.39876e-05
1.796488216e+00  5.7506574e+01  1.00000e+06  7.40667e-05
1.797386460e+00  5.7519554e+01  1.00000e+06  7.41015e-05
1.798285154e+00  5.7532527e+01  1.00000e+06  7.40918e-05
1.799184296e+00  5.7545492e+01  1.00000e+06  7.40448e-05
1.800083888e+00  5.7558451e+01  1.00000e+06  7.39711e-05
1.800983930e+00  5.7571402e+01  1.00000e+06  7.38812e-05
1.801884422e+00  5.7584346e+01  1.00000e+06  7.37825e-05
1.802785364e+00  5.7597283e+01  1.00000e+06  7.36774e-05
1.803686757e+00  5.7610213e+01  1.00000e+06  7.35635e-05
1.804588601e+00  5.7623135e+01  1.00000e+06  7.34352e-05
1.805490895e+00  5.7636051e+01  1.00000e+06  7.32849e-05
1.806393640e+00  5.7648959e+01  1.00000e+06  7.31064e-05
1.807296837e+00  5.7661860e+01  1.00000e+06  7.28960e-05
1.808200486e+00  5.7674754e+01  1.00000e+06  7.26542e-05
1.809104586e+00  5.7687641e+01  1.00000e+06  7.23862e-05
1.810009138e+00  5.7700521e+01  1.00000e+06  7.21002e-05
1.810914143e+00  5.7713394e+01  1.00000e+06  7.18058e-05
1.811819600e+00  5.7726259e+01  1.00000e+06  7.15099e-05
1.812725509e+00  5.7739118e+01  1.00000e+06  7.12147e-05
1.813631872e+00  5.7751969e+01  1.00000e+06  7.09164e-05
1.814538688e+00  5.7764813e+01  1.00000e+06  7.06061e-05
1.815445958e+00  5.7777651e+01  1.00000e+06  7.02743e-05
1.816353681e+00  5.7790481e+01  1.00000e+06  6.99154e-05
1.817261857e+00  5.7803303e+01  1.00000e+06  6.95315e-05
1.818170488e+00  5.7816119e+01  1.00000e+06  6.91335e-05
1.819079574e+00  5.7828928e+01  1.00000e+06  6.87375e-05
1.819989113e+00  5.7841730e+01  1.00000e+06  6.83582e-05
1.820899108e+00  5.7854524e+01  1.00000e+06  6.80032e-05
1.821809557e+00  5.7867312e+01  1.00000e+06  6.76681e-05
1.822720462e+00  5.7880093e+01  1.00000e+06  6.73383e-05
1.823631822e+00  5.7892866e+01  1.00000e+06  6.69945e-05
1.824543638e+00  5.7905632e+01  1.00000e+06  6.66208e-05
1.825455910e+00  5.7918392e+01  1.00000e+06  6.62119e-05
1.826368638e+00  5.7931144e+01  1.00000e+06  6.57745e-05
1.827281822e+00  5.7943889e+01  1.00000e+06  6.53243e-05
1.828195463e+00  5.7956627e+01  1.00000e+06  6.48778e-05
1.829109561e+00  5.7969358e+01  1.00000e+06  6.44432e-05
1.830024116e+00  5.7982082e+01  1.00000e+06  6.40156e-05
1.830939128e+00  5.7994799e+01  1.00000e+06  6.35764e-05
1.831854597e+00  5.8007509e+01  1.00000e+06  6.31002e-05
1.832770525e+00  5.8020212e+01  1.00000e+06  6.25652e-05
1.833686910e+00  5.8032908e+01  1.00000e+06  6.19640e-05
1.834603753e+00  5.8045597e+01  1.00000e+06  6.13106e-05
1.835521055e+00  5.8058278e+01  1.00000e+06  6.06414e-05
1.836438816e+00  5.8070953e+01  1.00000e+06  6.00083e-05
1.837357035e+00  5.8083621e+01  1.00000e+06  5.94675e-05
1.838275714e+00  5.8096282e+01  1.00000e+06  5.90659e-05
1.839194852e+00  5.8108936e+01  1.00000e+06  5.88296e-05
1.840114449e+00  5.8121583e+01  1.00000e+06  5.87568e-05
1.841034506e+00  5.8134224e+01  1.00000e+06  5.88179e-05
1.841955024e+00  5.8146857e+01  1.00000e+06  5.89625e-05
1.842876001e+00  5.8159484e+01  1.00000e+06  5.91322e-05
1.843797439e+00  5.8172103e+01  1.00000e+06  5.92764e-05
1.844719338e+00  5.8184716e+01  1.00000e+06  5.93650e-05
1.845641697e+00  5.8197321e+01  1.00000e+06  5.93946e-05
1.846564518e+00  5.8209920e+01  1.00000e+06  5.93843e-05
1.847487801e+00  5.8222511e+01  1.00000e+06  5.93646e-05
1.848411544e+00  5.8235096e+01  1.00000e+06  5.93624e-05
1.849335750e+00  5.8247673e+01  1.00000e+06  5.93900e-05
1.850260418e+00  5.8260244e+01  1.00000e+06  5.94413e-05
1.851185548e+00  5.8272807e+01  1.00000e+06  5.94978e-05
1.852111141e+00  5.8285364e+01  1.00000e+06  5.95394e-05
1.853037197e+00  5.8297914e+01  1.00000e+06  5.95557e-05
1.853963715e+00  5.8310457e+01  1.00000e+06  5.95528e-05
1.854890697e+00  5.8322993e+01  1.00000e+06  5.95546e-05
1.855818142e+00  5.8335521e+01  1.00000e+06  5.95977e-05
1.856746052e+00  5.8348044e+01  1.00000e+06  5.97220e-05
1.857674425e+00  5.8360559e+01  1.00000e+06  5.99597e-05
1.858603262e+00  5.8373067e+01  1.00000e+06  6.03235e-05
1.859532563e+00  5.8385569e+01  1.00000e+06  6.07975e-05
1.860462330e+00  5.8398064e+01  1.00000e+06  6.13322e-05
1.861392561e+00  5.8410552e+01  1.00000e+06  6.18476e-05
1.862323257e+00  5.8423032e+01  1.00000e+06  6.22444e-05
1.863254419e+00  5.8435506e+01  1.00000e+06  6.24228e-05
1.864186046e+00  5.8447972e+01  1.00000e+06  6.23047e-05
1.865118139e+00  5.8460432e+01  1.00000e+06  6.18532e-05
1.866050698e+00  5.8472884e+01  1.00000e+06  6.10842e-05
1.866983723e+00  5.8485329e+01  1.00000e+06  6.00671e-05
1.867917215e+00  5.8497766e+01  1.00000e+06  5.89145e-05
1.868851174e+00  5.8510197e+01  1.00000e+06  5.77639e-05
1.869785599e+00  5.8522622e+01  1.00000e+06  5.67556e-05
1.870720492e+00  5.8535039e+01  1.00000e+06  5.60121e-05
1.871655853e+00  5.8547450e+01  1.00000e+06  5.56228e-05
1.872591680e+00  5.8559855e+01  1.00000e+06  5.56346e-05
1.873527976e+00  5.8572253e+01  1.00000e+06  5.60502e-05
1.874464740e+00  5.8584644e+01  1.00000e+06  5.68316e-05
1.875401973e+00  5.8597029e+01  1.00000e+06  5.79074e-05
1.876339674e+00  5.8609408e+01  1.00000e+06  5.91835e-05
1.877277843e+00  5.8621779e+01  1.00000e+06  6.05541e-05
1.878216482e+00  5.8634144e+01  1.00000e+06  6.19151e-05
1.879155591e+00  5.8646502e+01  1.00000e+06  6.31754e-05
1.880095168e+00  5.8658852e+01  1.00000e+06  6.42675e-05
1.881035216e+00  5.8671196e+01  1.00000e+06  6.51537e-05
1.881975734e+00  5.8683533e+01  1.00000e+06  6.58267e-05
1.882916722e+00  5.8695862e+01  1.00000e+06  6.63046e-05
1.883858180e+00  5.8708185e+01  1.00000e+06  6.66214e-05
1.884800109e+00  5.8720501e+01  1.00000e+06  6.68167e-05
1.885742509e+00  5.8732809e+01  1.00000e+06  6.69266e-05
1.886685380e+00  5.8745111e+01  1.00000e+06  6.69797e-05
1.887628723e+00  5.8757406e+01  1.00000e+06  6.69963e-05
1.888572537e+00  5.8769694e+01  1.00000e+06  6.69899e-05
1.889516824e+00  5.8781975e+01  1.00000e+06  6.69683e-05
1.890461582e+00  5.8794250e+01  1.00000e+06  6.69319e-05
1.891406813e+00  5.8806518e+01  1.00000e+06  6.68709e-05
1.892352516e+00  5.8818778e+01  1.00000e+06  6.67631e-05
1.893298692e+00  5.8831032e+01  1.00000e+06  6.65761e-05
1.894245342e+00  5.8843279e+01  1.00000e+06  6.62746e-05
1.895192464e+00  5.8855519e+01  1.00000e+06  6.58320e-05
1.896140061e+00  5.8867752e+01  1.00000e+06  6.52422e-05
1.897088131e+00  5.8879978e+01  1.00000e+06  6.45266e-05
1.898036675e+00  5.8892198e+01  1.00000e+06  6.37328e-05
1.898985693e+00  5.8904410e+01  1.00000e+06  6.29269e-05
1.899935186e+00  5.8916616e+01  1.00000e+06  6.21794e-05
1.900885154e+00  5.8928815e+01  1.00000e+06  6.15524e-05
1.901835596e+00  5.8941008e+01  1.00000e+06  6.10905e-05
1.902786514e+00  5.8953194e+01  1.00000e+06  6.08165e-05
1.903737907e+00  5.8965373e+01  1.00000e+06  6.07313e-05
1.904689776e+00  5.8977546e+01  1.00000e+06  6.08170e-05
1.905642121e+00  5.8989712e+01  1.00000e+06  6.10406e-05
1.906594942e+00  5.9001871e+01  1.00000e+06  6.13588e-05
1.907548240e+00  5.9014024e+01  1.00000e+06  6.17249e-05
1.908502014e+00  5.9026170e+01  1.00000e+06  6.20983e-05
1.909456265e+00  5.9038309e+01  1.00000e+06  6.24524e-05
1.910410993e+00  5.9050442e+01  1.00000e+06  6.27794e-05
1.911366198e+00  5.9062567e+01  1.00000e+06  6.30897e-05
1.912321881e+00  5.9074686e+01  1.00000e+06  6.34041e-05
1.913278042e+00  5.9086799e+01  1.00000e+06  6.37428e-05
1.914234681e+00  5.9098904e+01  1.00000e+06  6.41160e-05
1.915191799e+00  5.9111003e+01  1.00000e+06  6.45197e-05
1.916149395e+00  5.9123095e+01  1.00000e+06  6.49392e-05
1.917107469e+00  5.9135181e+01  1.00000e+06  6.53569e-05
1.918066023e+00  5.9147260e+01  1.00000e+06  6.57619e-05
1.919025056e+00  5.9159332e+01  1.00000e+06  6.61542e-05
1.919984569e+00  5.9171397e+01  1.00000e+06  6.65441e-05
1.920944561e+00  5.9183455e+01  1.00000e+06  6.69456e-05
1.921905033e+00  5.9195507e+01  1.00000e+06  6.73691e-05
1.922865986e+00  5.9207553e+01  1.00000e+06  6.78155e-05
1.923827419e+00  5.9219591e+01  1.00000e+06  6.82764e-05
1.924789332e+00  5.9231623e+01  1.00000e+06  6.87376e-05
1.925751727e+00  5.9243648e+01  1.00000e+06  6.91857e-05
1.926714603e+00  5.9255667e+01  1.00000e+06  6.96126e-05
1.927677960e+00  5.9267678e+01  1.00000e+06  7.00169e-05
1.928641799e+00  5.9279683e+01  1.00000e+06  7.04021e-05
1.929606120e+00  5.9291682e+01  1.00000e+06  7.07721e-05
1.930570923e+00  5.9303673e+01  1.00000e+06  7.11274e-05
1.931536209e+00  5.9315658e+01  1.00000e+06  7.14641e-05
1.932501977e+00  5.9327637e+01  1.00000e+06  7.17753e-05
1.933468228e+00  5.9339608e+01  1.00000e+06  7.20544e-05
1.934434962e+00  5.9351573e+01  1.00000e+06  7.22988e-05
1.935402179e+00  5.9363531e+01  1.00000e+06  7.25118e-05
1.936369880e+00  5.9375483e+01  1.00000e+06  7.27027e-05
1.937338065e+00  5.9387428e+01  1.00000e+06  7.28836e-05
1.938306734e+00  5.9399366e+01  1.00000e+06  7.30662e-05
1.939275888e+00  5.9411297e+01  1.00000e+06  7.32586e-05
1.940245526e+00  5.9423222e+01  1.00000e+06  7.34638e-05
1.941215648e+00  5.9435141e+01  1.00000e+06  7.36797e-05
1.942186256e+00  5.9447052e+01  1.00000e+06  7.39007e-05
1.943157349e+00  5.9458957e+01  1.00000e+06  7.41202e-05
1.944128928e+00  5.9470856e+01  1.00000e+06  7.43320e-05
1.945100993e+00  5.9482748e+01  1.00000e+06  7.45317e-05
1.946073543e+00  5.9494633e+01  1.00000e+06  7.47166e-05
1.947046580e+00  5.9506511e+01  1.00000e+06  7.48852e-05
1.948020103e+00  5.9518383e+01  1.00000e+06  7.50366e-05
1.948994113e+00  5.9530248e+01  1.00000e+06  7.51700e-05
1.949968610e+00  5.9542107e+01  1.00000e+06  7.52844e-05
1.950943595e+00  5.9553959e+01  1.00000e+06  7.53789e-05
1.951919066e+00  5.9565804e+01  1.00000e+06  7.54530e-05
1.952895026e+00  5.9577643e+01  1.00000e+06  7.55070e-05
1.953871473e+00  5.9589475e+01  1.00000e+06  7.55420e-05
1.954848409e+00  5.9601301e+01  1.00000e+06  7.55605e-05
1.955825833e+00  5.9613120e+01  1.00000e+06  7.55658e-05
1.956803746e+00  5.9624932e+01  1.00000e+06  7.55625e-05
1.957782148e+00  5.9636738e+01  1.00000e+06  7.55557e-05
1.958761039e+00  5.9648537e+01  1.00000e+06  7.55505e-05
1.959740420e+00  5.9660330e+01  1.00000e+06  7.55516e-05
1.960720290e+00  5.9672116e+01  1.00000e+06  7.55625e-05
1.961700650e+00  5.9683896e+01  1.00000e+06  7.55850e-05
1.962681500e+00  5.9695668e+01  1.00000e+06  7.56190e-05
1.963662841e+00  5.9707435e+01  1.00000e+06  7.56625e-05
1.964644673e+00  5.9719195e+01  1.00000e+06  7.57121e-05
1.965626995e+00  5.9730948e+01  1.00000e+06  7.57635e-05
1.966609808e+00  5.9742695e+01  1.00000e+06  7.58124e-05
1.967593113e+00  5.9754435e+01  1.00000e+06  7.58554e-05
1.968576910e+00  5.9766169e+01  1.00000e+06  7.58905e-05
1.969561198e+00  5.9777896e+01  1.00000e+06  7.59171e-05
1.970545979e+00  5.9789616e+01  1.00000e+06  7.59359e-05
1.971531252e+00  5.9801330e+01  1.00000e+06  7.59487e-05
1.972517017e+00  5.9813038e+01  1.00000e+06  7.59569e-05
1.973503276e+00  5.9824739e+01  1.00000e+06  7.59620e-05
1.974490028e+00  5.9836433e+01  1.00000e+06  7.59651e-05
1.975477273e+00  5.9848121e+01  1.00000e+06  7.59667e-05
1.976465011e+00  5.9859803e+01  1.00000e+06  7.59675e-05
1.977453244e+00  5.9871477e+01  1.00000e+06  7.59681e-05
1.978441970e+00  5.9883146e+01  1.00000e+06  7.59691e-05
1.979431191e+00  5.9894808e+01  1.00000e+06  7.59715e-05
1.980420907e+00  5.9906463e+01  1.00000e+06  7.59756e-05
1.981411117e+00  5.9918112e+01  1.00000e+06  7.59815e-05
1.982401823e+00  5.9929754e+01  1.00000e+06  7.59888e-05
1.983393024e+00  5.9941390e+01  1.00000e+06  7.59965e-05
1.984384720e+00  5.9953020e+01  1.00000e+06  7.60037e-05
1.985376913e+00  5.9964642e+01  1.00000e+06  7.60096e-05
1.986369601e+00  5.9976259e+01  1.00000e+06  7.60139e-05
1.987362786e+00  5.9987869e+01  1.00000e+06  7.60166e-05
1.988356467e+00  5.9999472e+01  1.00000e+06  7.60179e-05
1.989350646e+00  6.0011069e+01  1.00000e+06  7.60185e-05
1.990345321e+00  6.0022660e+01  1.00000e+06  7.60188e-05
1.991340494e+00  6.0034244e+01  1.00000e+06  7.60190e-05
1.992336164e+00  6.0045821e+01  1.00000e+06  7.60195e-05
1.993332332e+00  6.0057392e+01  1.00000e+06  7.60202e-05
1.994328998e+00  6.0068957e+01  1.00000e+06  7.60210e-05
1.995326163e+00  6.0080515e+01  1.00000e+06  7.60219e-05
1.996323826e+00  6.0092067e+01  1.00000e+06  7.60228e-05
1.997321988e+00  6.0103612e+01  1.00000e+06  7.60235e-05
1.998320649e+00  6.0115151e+01  1.00000e+06  7.60240e-05
1.999319809e+00  6.0126683e+01  1.00000e+06  7.60241e-05
2.000319469e+00  6.0138209e+01  1.00000e+06  7.60239e-05
2.001319629e+00  6.0149729e+01  1.00000e+06  7.60234e-05
2.002320288e+00  6.0161242e+01  1.00000e+06  7.60229e-05
2.003321449e+00  6.0172749e+01  1.00000e+06  7.60225e-05
2.004323109e+00  6.0184249e+01  1.00000e+06  7.60224e-05
2.005325271e+00  6.0195743e+01  1.00000e+06  7.60228e-05
2.006327933e+00  6.0207230e+01  1.00000e+06  7.60235e-05
2.007331097e+00  6.0218711e+01  1.00000e+06  7.60243e-05
2.008334763e+00  6.0230186e+01  1.00000e+06  7.60248e-05
2.009338930e+00  6.0241654e+01  1.00000e+06  7.60246e-05
2.010343600e+00  6.0253116e+01  1.00000e+06  7.60234e-05
2.011348772e+00  6.0264571e+01  1.00000e+06  7.60211e-05
2.012354446e+00  6.0276020e+01  1.00000e+06  7.60177e-05
2.013360623e+00  6.0287463e+01  1.00000e+06  7.60134e-05
2.014367304e+00  6.0298899e+01  1.00000e+06  7.60086e-05
2.015374487e+00  6.0310329e+01  1.00000e+06  7.60036e-05
2.016382174e+00  6.0321752e+01  1.00000e+06  7.59987e-05
2.017390366e+00  6.0333169e+01  1.00000e+06  7.59940e-05
2.018399061e+00  6.0344580e+01  1.00000e+06  7.59898e-05
2.019408260e+00  6.0355984e+01  1.00000e+06  7.59858e-05
2.020417964e+00  6.0367382e+01  1.00000e+06  7.59820e-05
2.021428173e+00  6.0378773e+01  1.00000e+06  7.59782e-05
2.022438887e+00  6.0390159e+01  1.00000e+06  7.59743e-05
2.023450107e+00  6.0401537e+01  1.00000e+06  7.59700e-05
2.024461832e+00  6.0412910e+01  1.00000e+06  7.59653e-05
2.025474063e+00  6.0424276e+01  1.00000e+06  7.59604e-05
2.026486800e+00  6.0435636e+01  1.00000e+06  7.59552e-05
2.027500043e+00  6.0446989e+01  1.00000e+06  7.59499e-05
2.028513793e+00  6.0458336e+01  1.00000e+06  7.59447e-05
2.029528050e+00  6.0469677e+01  1.00000e+06  7.59396e-05
2.030542814e+00  6.0481011e+01  1.00000e+06  7.59347e-05
2.031558086e+00  6.0492339e+01  1.00000e+06  7.59300e-05
2.032573865e+00  6.0503661e+01  1.00000e+06  7.59254e-05
2.033590152e+00  6.0514976e+01  1.00000e+06  7.59208e-05
2.034606947e+00  6.0526285e+01  1.00000e+06  7.59162e-05
2.035624250e+00  6.0537588e+01  1.00000e+06  7.59114e-05
2.036642062e+00  6.0548884e+01  1.00000e+06  7.59064e-05
2.037660383e+00  6.0560174e+01  1.00000e+06  7.59010e-05
2.038679214e+00  6.0571458e+01  1.00000e+06  7.58955e-05
2.039698553e+00  6.0582736e+01  1.00000e+06  7.58896e-05
2.040718402e+00  6.0594007e+01  1.00000e+06  7.58835e-05
2.041738762e+00  6.0605272e+01  1.00000e+06  7.58772e-05
2.042759631e+00  6.0616530e+01  1.00000e+06  7.58707e-05
2.043781011e+00  6.0627782e+01  1.00000e+06  7.58640e-05
2.044802901e+00  6.0639028e+01  1.00000e+06  7.58571e-05
2.045825303e+00  6.0650268e+01  1.00000e+06  7.58500e-05
2.046848215e+00  6.0661501e+01  1.00000e+06  7.58426e-05
2.047871640e+00  6.0672728e+01  1.00000e+06  7.58348e-05
2.048895575e+00  6.0683949e+01  1.00000e+06  7.58267e-05
2.049920023e+00  6.0695164e+01  1.00000e+06  7.58181e-05
2.050944983e+00  6.0706372e+01  1.00000e+06  7.58091e-05
2.051970456e+00  6.0717574e+01  1.00000e+06  7.57995e-05
2.052996441e+00  6.0728770e+01  1.00000e+06  7.57895e-05
2.054022939e+00  6.0739959e+01  1.00000e+06  7.57790e-05
2.055049951e+00  6.0751142e+01  1.00000e+06  7.57681e-05
2.056077476e+00  6.0762319e+01  1.00000e+06  7.57569e-05
2.057105514e+00  6.0773490e+01  1.00000e+06  7.57455e-05
2.058134067e+00  6.0784654e+01  1.00000e+06  7.57341e-05
2.059163134e+00  6.0795812e+01  1.00000e+06  7.57227e-05
2.060192716e+00  6.0806964e+01  1.00000e+06  7.57115e-05
2.061222812e+00  6.0818110e+01  1.00000e+06  7.57006e-05
2.062253423e+00  6.0829249e+01  1.00000e+06  7.56898e-05
2.063284550e+00  6.0840383e+01  1.00000e+06  7.56791e-05
2.064316192e+00  6.0851510e+01  1.00000e+06  7.56683e-05
2.065348350e+00  6.0862630e+01  1.00000e+06  7.56574e-05
2.066381025e+00  6.0873745e+01  1.00000e+06  7.56461e-05
2.067414215e+00  6.0884853e+01  1.00000e+06  7.56342e-05
2.068447922e+00  6.0895955e+01  1.00000e+06  7.56219e-05
2.069482146e+00  6.0907051e+01  1.00000e+06  7.56090e-05
2.070516887e+00  6.0918141e+01  1.00000e+06  7.55955e-05
2.071552146e+00  6.0929224e+01  1.00000e+06  7.55815e-05
2.072587922e+00  6.0940302e+01  1.00000e+06  7.55671e-05
2.073624216e+00  6.0951373e+01  1.00000e+06  7.55524e-05
2.074661028e+00  6.0962437e+01  1.00000e+06  7.55376e-05
2.075698358e+00  6.0973496e+01  1.00000e+06  7.55227e-05
2.076736208e+00  6.0984549e+01  1.00000e+06  7.55079e-05
2.077774576e+00  6.0995595e+01  1.00000e+06  7.54933e-05
2.078813463e+00  6.1006635e+01  1.00000e+06  7.54788e-05
2.079852870e+00  6.1017669e+01  1.00000e+06  7.54644e-05
2.080892796e+00  6.1028696e+01  1.00000e+06  7.54501e-05
2.081933243e+00  6.1039718e+01  1.00000e+06  7.54356e-05
2.082974209e+00  6.1050733e+01  1.00000e+06  7.54210e-05
2.084015696e+00  6.1061743e+01  1.00000e+06  7.54061e-05
2.085057704e+00  6.1072746e+01  1.00000e+06  7.53910e-05
2.086100233e+00  6.1083742e+01  1.00000e+06  7.53757e-05
2.087143283e+00  6.1094733e+01  1.00000e+06  7.53601e-05
2.088186855e+00  6.1105718e+01  1.00000e+06  7.53444e-05
2.089230948e+00  6.1116696e+01  1.00000e+06  7.53286e-05
2.090275564e+00  6.1127668e+01  1.00000e+06  7.53128e-05
2.091320701e+00  6.1138634e+01  1.00000e+06  7.52972e-05
2.092366362e+00  6.1149594e+01  1.00000e+06  7.52817e-05
2.093412545e+00  6.1160548e+01  1.00000e+06  7.52665e-05
2.094459251e+00  6.1171496e+01  1.00000e+06  7.52517e-05
2.095506481e+00  6.1182437e+01  1.00000e+06  7.52375e-05
2.096554234e+00  6.1193373e+01  1.00000e+06  7.52240e-05
2.097602511e+00  6.1204302e+01  1.00000e+06  7.52112e-05
2.098651312e+00  6.1215225e+01  1.00000e+06  7.51994e-05
2.099700638e+00  6.1226142e+01  1.00000e+06  7.51886e-05
2.100750488e+00  6.1237053e+01  1.00000e+06  7.51788e-05
2.101800864e+00  6.1247958e+01  1.00000e+06  7.51702e-05
2.102851764e+00  6.1258856e+01  1.00000e+06  7.51625e-05
2.103903190e+00  6.1269749e+01  1.00000e+06  7.51558e-05
2.104955142e+00  6.1280636e+01  1.00000e+06  7.51499e-05
2.106007619e+00  6.1291516e+01  1.00000e+06  7.51448e-05
2.107060623e+00  6.1302390e+01  1.00000e+06  7.51402e-05
2.108114153e+00  6.1313258e+01  1.00000e+06  7.51363e-05
2.109168210e+00  6.1324120e+01  1.00000e+06  7.51328e-05
2.110222794e+00  6.1334976e+01  1.00000e+06  7.51298e-05
2.111277906e+00  6.1345826e+01  1.00000e+06  7.51272e-05
2.112333545e+00  6.1356670e+01  1.00000e+06  7.51247e-05
2.113389712e+00  6.1367508e+01  1.00000e+06  7.51223e-05
2.114446406e+00  6.1378340e+01  1.00000e+06  7.51197e-05
2.115503630e+00  6.1389165e+01  1.00000e+06  7.51170e-05
2.116561381e+00  6.1399985e+01  1.00000e+06  7.51144e-05
2.117619662e+00  6.1410798e+01  1.00000e+06  7.51121e-05
2.118678472e+00  6.1421605e+01  1.00000e+06  7.51109e-05
2.119737811e+00  6.1432407e+01  1.00000e+06  7.51113e-05
2.120797680e+00  6.1443202e+01  1.00000e+06  7.51141e-05
2.121858079e+00  6.1453991e+01  1.00000e+06  7.51196e-05
2.122919008e+00  6.1464774e+01  1.00000e+06  7.51279e-05
2.123980467e+00  6.1475552e+01  1.00000e+06  7.51386e-05
2.125042458e+00  6.1486323e+01  1.00000e+06  7.51512e-05
2.126104979e+00  6.1497088e+01  1.00000e+06  7.51648e-05
2.127168031e+00  6.1507847e+01  1.00000e+06  7.51785e-05
2.128231615e+00  6.1518600e+01  1.00000e+06  7.51915e-05
2.129295731e+00  6.1529347e+01  1.00000e+06  7.52030e-05
2.130360379e+00  6.1540087e+01  1.00000e+06  7.52128e-05
2.131425559e+00  6.1550822e+01  1.00000e+06  7.52205e-05
2.132491272e+00  6.1561551e+01  1.00000e+06  7.52259e-05
2.133557518e+00  6.1572274e+01  1.00000e+06  7.52291e-05
2.134624296e+00  6.1582991e+01  1.00000e+06  7.52296e-05
2.135691609e+00  6.1593702e+01  1.00000e+06  7.52273e-05
2.136759454e+00  6.1604406e+01  1.00000e+06  7.52215e-05
2.137827834e+00  6.1615105e+01  1.00000e+06  7.52115e-05
2.138896748e+00  6.1625798e+01  1.00000e+06  7.51965e-05
2.139966196e+00  6.1636485e+01  1.00000e+06  7.51759e-05
2.141036180e+00  6.1647165e+01  1.00000e+06  7.51488e-05
2.142106698e+00  6.1657840e+01  1.00000e+06  7.51149e-05
2.143177751e+00  6.1668509e+01  1.00000e+06  7.50739e-05
2.144249340e+00  6.1679172e+01  1.00000e+06  7.50259e-05
2.145321465e+00  6.1689828e+01  1.00000e+06  7.49713e-05
2.146394125e+00  6.1700479e+01  1.00000e+06  7.49108e-05
2.147467322e+00  6.1711124e+01  1.00000e+06  7.48452e-05
2.148541056e+00  6.1721763e+01  1.00000e+06  7.47753e-05
2.149615327e+00  6.1732396e+01  1.00000e+06  7.47019e-05
2.150690134e+00  6.1743022e+01  1.00000e+06  7.46258e-05
2.151765479e+00  6.1753643e+01  1.00000e+06  7.45473e-05
2.152841362e+00  6.1764258e+01  1.00000e+06  7.44667e-05
2.153917783e+00  6.1774867e+01  1.00000e+06  7.43836e-05
2.154994742e+00  6.1785470e+01  1.00000e+06  7.42976e-05
2.156072239e+00  6.1796067e+01  1.00000e+06  7.42073e-05
2.157150275e+00  6.1806658e+01  1.00000e+06  7.41115e-05
2.158228850e+00  6.1817244e+01  1.00000e+06  7.40084e-05
2.159307965e+00  6.1827823e+01  1.00000e+06  7.38966e-05
2.160387619e+00  6.1838396e+01  1.00000e+06  7.37750e-05
2.161467812e+00  6.1848963e+01  1.00000e+06  7.36435e-05
2.162548546e+00  6.1859525e+01  1.00000e+06  7.35028e-05
2.163629821e+00  6.1870080e+01  1.00000e+06  7.33555e-05
2.164711636e+00  6.1880629e+01  1.00000e+06  7.32056e-05
2.165793991e+00  6.1891173e+01  1.00000e+06  7.30592e-05
2.166876888e+00  6.1901711e+01  1.00000e+06  7.29239e-05
2.167960327e+00  6.1912242e+01  1.00000e+06  7.28083e-05
2.169044307e+00  6.1922768e+01  1.00000e+06  7.27210e-05
2.170128829e+00  6.1933288e+01  1.00000e+06  7.26693e-05
2.171213893e+00  6.1943802e+01  1.00000e+06  7.26582e-05
2.172299500e+00  6.1954311e+01  1.00000e+06  7.26887e-05
2.173385650e+00  6.1964813e+01  1.00000e+06  7.27584e-05
2.174472343e+00  6.1975310e+01  1.00000e+06  7.28613e-05
2.175559579e+00  6.1985800e+01  1.00000e+06  7.29892e-05
2.176647359e+00  6.1996285e+01  1.00000e+06  7.31336e-05
2.177735683e+00  6.2006764e+01  1.00000e+06  7.32867e-05
2.178824551e+00  6.2017237e+01  1.00000e+06  7.34424e-05
2.179913963e+00  6.2027704e+01  1.00000e+06  7.35964e-05
2.181003920e+00  6.2038165e+01  1.00000e+06  7.37452e-05
2.182094422e+00  6.2048621e+01  1.00000e+06  7.38857e-05
2.183185469e+00  6.2059070e+01  1.00000e+06  7.40136e-05
2.184277062e+00  6.2069514e+01  1.00000e+06  7.41226e-05
2.185369200e+00  6.2079951e+01  1.00000e+06  7.42032e-05
2.186461885e+00  6.2090383e+01  1.00000e+06  7.42414e-05
2.187555116e+00  6.2100809e+01  1.00000e+06  7.42179e-05
2.188648893e+00  6.2111229e+01  1.00000e+06  7.41083e-05
2.189743218e+00  6.2121643e+01  1.00000e+06  7.38831e-05
2.190838089e+00  6.2132051e+01  1.00000e+06  7.35119e-05
2.191933508e+00  6.2142453e+01  1.00000e+06  7.29680e-05
2.193029475e+00  6.2152849e+01  1.00000e+06  7.22371e-05
2.194125990e+00  6.2163238e+01  1.00000e+06  7.13262e-05
2.195223053e+00  6.2173622e+01  1.00000e+06  7.02717e-05
2.196320664e+00  6.2184000e+01  1.00000e+06  6.91422e-05
2.197418825e+00  6.2194372e+01  1.00000e+06  6.80356e-05
2.198517534e+00  6.2204739e+01  1.00000e+06  6.70658e-05
2.199616793e+00  6.2215100e+01  1.00000e+06  6.63442e-05
2.200716601e+00  6.2225455e+01  1.00000e+06  6.59579e-05
2.201816960e+00  6.2235805e+01  1.00000e+06  6.59514e-05
2.202917868e+00  6.2246150e+01  1.00000e+06  6.63168e-05
2.204019327e+00  6.2256489e+01  1.00000e+06  6.69951e-05
2.205121337e+00  6.2266822e+01  1.00000e+06  6.78888e-05
2.206223897e+00  6.2277150e+01  1.00000e+06  6.88804e-05
2.207327009e+00  6.2287471e+01  1.00000e+06  6.98543e-05
2.208430673e+00  6.2297787e+01  1.00000e+06  7.07138e-05
2.209534888e+00  6.2308097e+01  1.00000e+06  7.13934e-05
2.210639656e+00  6.2318401e+01  1.00000e+06  7.18624e-05
2.211744975e+00  6.2328699e+01  1.00000e+06  7.21219e-05
2.212850848e+00  6.2338991e+01  1.00000e+06  7.21979e-05
2.213957273e+00  6.2349277e+01  1.00000e+06  7.21314e-05
2.215064252e+00  6.2359558e+01  1.00000e+06  7.19690e-05
2.216171784e+00  6.2369832e+01  1.00000e+06  7.17550e-05
2.217279870e+00  6.2380100e+01  1.00000e+06  7.15255e-05
2.218388510e+00  6.2390363e+01  1.00000e+06  7.13061e-05
2.219497704e+00  6.2400620e+01  1.00000e+06  7.11113e-05
2.220607453e+00  6.2410872e+01  1.00000e+06  7.09455e-05
2.221717757e+00  6.2421117e+01  1.00000e+06  7.08047e-05
2.222828616e+00  6.2431357e+01  1.00000e+06  7.06792e-05
2.223940030e+00  6.2441591e+01  1.00000e+06  7.05552e-05
2.225052000e+00  6.2451819e+01  1.00000e+06  7.04174e-05
2.226164526e+00  6.2462042e+01  1.00000e+06  7.02517e-05
2.227277608e+00  6.2472259e+01  1.00000e+06  7.00476e-05
2.228391247e+00  6.2482469e+01  1.00000e+06  6.98009e-05
2.229505443e+00  6.2492675e+01  1.00000e+06  6.95142e-05
2.230620195e+00  6.2502874e+01  1.00000e+06  6.91978e-05
2.231735505e+00  6.2513068e+01  1.00000e+06  6.88668e-05
2.232851373e+00  6.2523256e+01  1.00000e+06  6.85388e-05
2.233967799e+00  6.2533438e+01  1.00000e+06  6.82295e-05
2.235084783e+00  6.2543614e+01  1.00000e+06  6.79491e-05
2.236202325e+00  6.2553785e+01  1.00000e+06  6.77004e-05
2.237320426e+00  6.2563950e+01  1.00000e+06  6.74785e-05
2.238439087e+00  6.2574109e+01  1.00000e+06  6.72728e-05
2.239558306e+00  6.2584263e+01  1.00000e+06  6.70707e-05
2.240678085e+00  6.2594411e+01  1.00000e+06  6.68619e-05
2.241798424e+00  6.2604553e+01  1.00000e+06  6.66409e-05
2.242919324e+00  6.2614690e+01  1.00000e+06  6.64082e-05
2.244040783e+00  6.2624821e+01  1.00000e+06  6.61692e-05
2.245162804e+00  6.2634946e+01  1.00000e+06  6.59303e-05
2.246285385e+00  6.2645065e+01  1.00000e+06  6.56964e-05
2.247408528e+00  6.2655179e+01  1.00000e+06  6.54685e-05
2.248532232e+00  6.2665287e+01  1.00000e+06  6.52429e-05
2.249656498e+00  6.2675389e+01  1.00000e+06  6.50132e-05
2.250781326e+00  6.2685486e+01  1.00000e+06  6.47723e-05
2.251906717e+00  6.2695577e+01  1.00000e+06  6.45138e-05
2.253032670e+00  6.2705662e+01  1.00000e+06  6.42331e-05
2.254159187e+00  6.2715742e+01  1.00000e+06  6.39274e-05
2.255286266e+00  6.2725816e+01  1.00000e+06  6.35955e-05
2.256413909e+00  6.2735884e+01  1.00000e+06  6.32385e-05
2.257542116e+00  6.2745946e+01  1.00000e+06  6.28615e-05
2.258670887e+00  6.2756003e+01  1.00000e+06  6.24742e-05
2.259800223e+00  6.2766054e+01  1.00000e+06  6.20905e-05
2.260930123e+00  6.2776100e+01  1.00000e+06  6.17256e-05
2.262060588e+00  6.2786140e+01  1.00000e+06  6.13914e-05
2.263191618e+00  6.2796174e+01  1.00000e+06  6.10926e-05
2.264323214e+00  6.2806202e+01  1.00000e+06  6.08240e-05
2.265455376e+00  6.2816225e+01  1.00000e+06  6.05721e-05
2.266588103e+00  6.2826243e+01  1.00000e+06  6.03199e-05
2.267721397e+00  6.2836255e+01  1.00000e+06  6.00522e-05
2.268855258e+00  6.2846261e+01  1.00000e+06  5.97613e-05
2.269989686e+00  6.2856261e+01  1.00000e+06  5.94498e-05
2.271124681e+00  6.2866256e+01  1.00000e+06  5.91306e-05
2.272260243e+00  6.2876245e+01  1.00000e+06  5.88244e-05
2.273396373e+00  6.2886228e+01  1.00000e+06  5.85540e-05
2.274533071e+00  6.2896206e+01  1.00000e+06  5.83386e-05
2.275670338e+00  6.2906179e+01  1.00000e+06  5.81890e-05
2.276808173e+00  6.2916146e+01  1.00000e+06  5.81045e-05
2.277946577e+00  6.2926107e+01  1.00000e+06  5.80748e-05
2.279085550e+00  6.2936063e+01  1.00000e+06  5.80833e-05
2.280225093e+00  6.2946013e+01  1.00000e+06  5.81122e-05
2.281365206e+00  6.2955958e+01  1.00000e+06  5.81452e-05
2.282505888e+00  6.2965897e+01  1.00000e+06  5.81682e-05
2.283647141e+00  6.2975830e+01  1.00000e+06  5.81665e-05
2.284788965e+00  6.2985758e+01  1.00000e+06  5.81221e-05
2.285931359e+00  6.2995680e+01  1.00000e+06  5.80127e-05
2.287074325e+00  6.3005596e+01  1.00000e+06  5.78138e-05
2.288217862e+00  6.3015507e+01  1.00000e+06  5.75030e-05
2.289361971e+00  6.3025412e+01  1.00000e+06  5.70649e-05
2.290506652e+00  6.3035311e+01  1.00000e+06  5.64950e-05
2.291651905e+00  6.3045205e+01  1.00000e+06  5.58014e-05
2.292797731e+00  6.3055093e+01  1.00000e+06  5.50054e-05
2.293944130e+00  6.3064975e+01  1.00000e+06  5.41402e-05
2.295091102e+00  6.3074852e+01  1.00000e+06  5.32513e-05
2.296238648e+00  6.3084723e+01  1.00000e+06  5.23944e-05
2.297386767e+00  6.3094588e+01  1.00000e+06  5.16334e-05
2.298535461e+00  6.3104449e+01  1.00000e+06  5.10364e-05
2.299684728e+00  6.3114304e+01  1.00000e+06  5.06694e-05
2.300834571e+00  6.3124153e+01  1.00000e+06  5.05882e-05
2.301984988e+00  6.3133998e+01  1.00000e+06  5.08289e-05
2.303135980e+00  6.3143837e+01  1.00000e+06  5.13980e-05
2.304287548e+00  6.3153671e+01  1.00000e+06  5.22637e-05
2.305439692e+00  6.3163500e+01  1.00000e+06  5.33493e-05
2.306592412e+00  6.3173323e+01  1.00000e+06  5.45338e-05
2.307745708e+00  6.3183141e+01  1.00000e+06  5.56609e-05
2.308899581e+00  6.3192953e+01  1.00000e+06  5.65598e-05
2.310054031e+00  6.3202758e+01  1.00000e+06  5.70760e-05
2.311209058e+00  6.3212558e+01  1.00000e+06  5.71061e-05
2.312364662e+00  6.3222352e+01  1.00000e+06  5.66296e-05
2.313520845e+00  6.3232140e+01  1.00000e+06  5.57231e-05
2.314677605e+00  6.3241923e+01  1.00000e+06  5.45528e-05
2.315834944e+00  6.3251699e+01  1.00000e+06  5.33422e-05
2.316992861e+00  6.3261471e+01  1.00000e+06  5.23225e-05
2.318151358e+00  6.3271237e+01  1.00000e+06  5.16807e-05
2.319310434e+00  6.3280998e+01  1.00000e+06  5.15198e-05
2.320470089e+00  6.3290754e+01  1.00000e+06  5.18429e-05
2.321630324e+00  6.3300505e+01  1.00000e+06  5.25647e-05
2.322791139e+00  6.3310251e+01  1.00000e+06  5.35415e-05
2.323952535e+00  6.3319992e+01  1.00000e+06  5.46116e-05
2.325114511e+00  6.3329727e+01  1.00000e+06  5.56291e-05
2.326277068e+00  6.3339456e+01  1.00000e+06  5.64866e-05
2.327440207e+00  6.3349179e+01  1.00000e+06  5.71222e-05
2.328603927e+00  6.3358897e+01  1.00000e+06  5.75135e-05
2.329768229e+00  6.3368609e+01  1.00000e+06  5.76664e-05
2.330933113e+00  6.3378316e+01  1.00000e+06  5.76026e-05
2.332098579e+00  6.3388017e+01  1.00000e+06  5.73502e-05
2.333264629e+00  6.3397712e+01  1.00000e+06  5.69395e-05
2.334431261e+00  6.3407401e+01  1.00000e+06  5.64019e-05
2.335598477e+00  6.3417085e+01  1.00000e+06  5.57698e-05
2.336766276e+00  6.3426764e+01  1.00000e+06  5.50768e-05
2.337934659e+00  6.3436437e+01  1.00000e+06  5.43548e-05
2.339103626e+00  6.3446104e+01  1.00000e+06  5.36311e-05
2.340273178e+00  6.3455767e+01  1.00000e+06  5.29250e-05
2.341443315e+00  6.3465423e+01  1.00000e+06  5.22467e-05
2.342614036e+00  6.3475075e+01  1.00000e+06  5.15994e-05
2.343785343e+00  6.3484720e+01  1.00000e+06  5.09846e-05
2.344957236e+00  6.3494361e+01  1.00000e+06  5.04071e-05
2.346129715e+00  6.3503996e+01  1.00000e+06  4.98794e-05
2.347302779e+00  6.3513626e+01  1.00000e+06  4.94234e-05
2.348476431e+00  6.3523250e+01  1.00000e+06  4.90685e-05
2.349650669e+00  6.3532869e+01  1.00000e+06  4.88489e-05
2.350825494e+00  6.3542483e+01  1.00000e+06  4.87990e-05
2.352000907e+00  6.3552092e+01  1.00000e+06  4.89482e-05
2.353176908e+00  6.3561695e+01  1.00000e+06  4.93150e-05
2.354353496e+00  6.3571294e+01  1.00000e+06  4.98995e-05
2.355530673e+00  6.3580887e+01  1.00000e+06  5.06760e-05
2.356708438e+00  6.3590474e+01  1.00000e+06  5.15866e-05
2.357886792e+00  6.3600057e+01  1.00000e+06  5.25398e-05
2.359065736e+00  6.3609634e+01  1.00000e+06  5.34163e-05
2.360245269e+00  6.3619205e+01  1.00000e+06  5.40834e-05
2.361425391e+00  6.3628771e+01  1.00000e+06  5.44170e-05
2.362606104e+00  6.3638330e+01  1.00000e+06  5.43276e-05
2.363787407e+00  6.3647884e+01  1.00000e+06  5.37846e-05
2.364969301e+00  6.3657433e+01  1.00000e+06  5.28322e-05
2.366151785e+00  6.3666975e+01  1.00000e+06  5.15922e-05
2.367334861e+00  6.3676512e+01  1.00000e+06  5.02490e-05
2.368518529e+00  6.3686044e+01  1.00000e+06  4.90199e-05
2.369702788e+00  6.3695570e+01  1.00000e+06  4.81143e-05
2.370887639e+00  6.3705092e+01  1.00000e+06  4.76928e-05
2.372073083e+00  6.3714609e+01  1.00000e+06  4.78358e-05
2.373259120e+00  6.3724121e+01  1.00000e+06  4.85296e-05
2.374445749e+00  6.3733629e+01  1.00000e+06  4.96744e-05
2.375632972e+00  6.3743131e+01  1.00000e+06  5.11112e-05
2.376820789e+00  6.3752628e+01  1.00000e+06  5.26581e-05
2.378009199e+00  6.3762119e+01  1.00000e+06  5.41474e-05
2.379198204e+00  6.3771605e+01  1.00000e+06  5.54534e-05
2.380387803e+00  6.3781086e+01  1.00000e+06  5.65061e-05
2.381577997e+00  6.3790560e+01  1.00000e+06  5.72900e-05
2.382768786e+00  6.3800029e+01  1.00000e+06  5.78333e-05
2.383960170e+00  6.3809493e+01  1.00000e+06  5.81912e-05
2.385152150e+00  6.3818951e+01  1.00000e+06  5.84297e-05
2.386344726e+00  6.3828404e+01  1.00000e+06  5.86132e-05
2.387537899e+00  6.3837852e+01  1.00000e+06  5.87963e-05
2.388731668e+00  6.3847294e+01  1.00000e+06  5.90202e-05
2.389926033e+00  6.3856731e+01  1.00000e+06  5.93124e-05
2.391120996e+00  6.3866163e+01  1.00000e+06  5.96870e-05
2.392316557e+00  6.3875589e+01  1.00000e+06  6.01462e-05
2.393512715e+00  6.3885010e+01  1.00000e+06  6.06821e-05
2.394709471e+00  6.3894426e+01  1.00000e+06  6.12790e-05
2.395906826e+00  6.3903837e+01  1.00000e+06  6.19156e-05
2.397104780e+00  6.3913242e+01  1.00000e+06  6.25690e-05
2.398303332e+00  6.3922642e+01  1.00000e+06  6.32184e-05
2.399502484e+00  6.3932037e+01  1.00000e+06  6.38485e-05
2.400702235e+00  6.3941427e+01  1.00000e+06  6.44524e-05
2.401902586e+00  6.3950811e+01  1.00000e+06  6.50317e-05
2.403103537e+00  6.3960190e+01  1.00000e+06  6.55947e-05
2.404305089e+00  6.3969563e+01  1.00000e+06  6.61527e-05
2.405507242e+00  6.3978931e+01  1.00000e+06  6.67148e-05
2.406709995e+00  6.3988294e+01  1.00000e+06  6.72829e-05
2.407913350e+00  6.3997652e+01  1.00000e+06  6.78498e-05
2.409117307e+00  6.4007005e+01  1.00000e+06  6.83982e-05
2.410321866e+00  6.4016352e+01  1.00000e+06  6.89039e-05
2.411527027e+00  6.4025693e+01  1.00000e+06  6.93407e-05
2.412732790e+00  6.4035030e+01  1.00000e+06  6.96857e-05
2.413939156e+00  6.4044361e+01  1.00000e+06  6.99241e-05
2.415146126e+00  6.4053686e+01  1.00000e+06  7.00523e-05
2.416353699e+00  6.4063007e+01  1.00000e+06  7.00775e-05
2.417561876e+00  6.4072322e+01  1.00000e+06  7.00173e-05
2.418770657e+00  6.4081631e+01  1.00000e+06  6.98967e-05
2.419980042e+00  6.4090936e+01  1.00000e+06  6.97452e-05
2.421190032e+00  6.4100235e+01  1.00000e+06  6.95942e-05
2.422400627e+00  6.4109529e+01  1.00000e+06  6.94733e-05
2.423611828e+00  6.4118817e+01  1.00000e+06  6.94072e-05
2.424823633e+00  6.4128101e+01  1.00000e+06  6.94124e-05
2.426036045e+00  6.4137379e+01  1.00000e+06  6.94945e-05
2.427249063e+00  6.4146652e+01  1.00000e+06  6.96472e-05
2.428462688e+00  6.4155920e+01  1.00000e+06  6.98544e-05
2.429676919e+00  6.4165183e+01  1.00000e+06  7.00941e-05
2.430891758e+00  6.4174441e+01  1.00000e+06  7.03440e-05
2.432107204e+00  6.4183693e+01  1.00000e+06  7.05867e-05
2.433323257e+00  6.4192940e+01  1.00000e+06  7.08123e-05
2.434539919e+00  6.4202182e+01  1.00000e+06  7.10187e-05
2.435757189e+00  6.4211419e+01  1.00000e+06  7.12093e-05
2.436975067e+00  6.4220650e+01  1.00000e+06  7.13890e-05
2.438193555e+00  6.4229876e+01  1.00000e+06  7.15609e-05
2.439412652e+00  6.4239097e+01  1.00000e+06  7.17248e-05
2.440632358e+00  6.4248313e+01  1.00000e+06  7.18777e-05
2.441852674e+00  6.4257524e+01  1.00000e+06  7.20158e-05
2.443073600e+00  6.4266729e+01  1.00000e+06  7.21365e-05
2.444295137e+00  6.4275929e+01  1.00000e+06  7.22410e-05
2.445517285e+00  6.4285124e+01  1.00000e+06  7.23339e-05
2.446740043e+00  6.4294314e+01  1.00000e+06  7.24227e-05
2.447963413e+00  6.4303499e+01  1.00000e+06  7.25158e-05
2.449187395e+00  6.4312678e+01  1.00000e+06  7.26202e-05
2.450411989e+00  6.4321852e+01  1.00000e+06  7.27399e-05
2.451637195e+00  6.4331021e+01  1.00000e+06  7.28748e-05
2.452863013e+00  6.4340185e+01  1.00000e+06  7.30208e-05
2.454089445e+00  6.4349344e+01  1.00000e+06  7.31709e-05
2.455316490e+00  6.4358498e+01  1.00000e+06  7.33167e-05
2.456544148e+00  6.4367646e+01  1.00000e+06  7.34500e-05
2.457772420e+00  6.4376789e+01  1.00000e+06  7.35645e-05
2.459001306e+00  6.4385927e+01  1.00000e+06  7.36566e-05
2.460230807e+00  6.4395060e+01  1.00000e+06  7.37254e-05
2.461460922e+00  6.4404188e+01  1.00000e+06  7.37719e-05
2.462691653e+00  6.4413310e+01  1.00000e+06  7.37982e-05
2.463922999e+00  6.4422428e+01  1.00000e+06  7.38066e-05
2.465154960e+00  6.4431540e+01  1.00000e+06  7.38001e-05
2.466387538e+00  6.4440647e+01  1.00000e+06  7.37822e-05
2.467620731e+00  6.4449749e+01  1.00000e+06  7.37576e-05
2.468854542e+00  6.4458846e+01  1.00000e+06  7.37323e-05
2.470088969e+00  6.4467937e+01  1.00000e+06  7.37115e-05
2.471324013e+00  6.4477024e+01  1.00000e+06  7.36984e-05
2.472559675e+00  6.4486105e+01  1.00000e+06  7.36915e-05
2.473795955e+00  6.4495181e+01  1.00000e+06  7.36844e-05
2.475032853e+00  6.4504253e+01  1.00000e+06  7.36663e-05
2.476270370e+00  6.4513319e+01  1.00000e+06  7.36259e-05
2.477508505e+00  6.4522379e+01  1.00000e+06  7.35549e-05
2.478747259e+00  6.4531435e+01  1.00000e+06  7.34523e-05
2.479986633e+00  6.4540486e+01  1.00000e+06  7.33255e-05
2.481226626e+00  6.4549531e+01  1.00000e+06  7.31893e-05
2.482467239e+00  6.4558571e+01  1.00000e+06  7.30622e-05
2.483708473e+00  6.4567607e+01  1.00000e+06  7.29619e-05
2.484950327e+00  6.4576637e+01  1.00000e+06  7.29008e-05
2.486192802e+00  6.4585662e+01  1.00000e+06  7.28840e-05
2.487435899e+00  6.4594682e+01  1.00000e+06  7.29094e-05
2.488679617e+00  6.4603697e+01  1.00000e+06  7.29700e-05
2.489923957e+00  6.4612707e+01  1.00000e+06  7.30573e-05
2.491168919e+00  6.4621712e+01  1.00000e+06  7.31637e-05
2.492414503e+00  6.4630712e+01  1.00000e+06  7.32839e-05
2.493660710e+00  6.4639707e+01  1.00000e+06  7.34143e-05
2.494907541e+00  6.4648696e+01  1.00000e+06  7.35515e-05
2.496154994e+00  6.4657681e+01  1.00000e+06  7.36904e-05
2.497403072e+00  6.4666661e+01  1.00000e+06  7.38241e-05
2.498651773e+00  6.4675635e+01  1.00000e+06  7.39434e-05
2.499901099e+00  6.4684604e+01  1.00000e+06  7.40389e-05
2.501151050e+00  6.4693569e+01  1.00000e+06  7.41019e-05
2.502401625e+00  6.4702528e+01  1.00000e+06  7.41253e-05
2.503652826e+00  6.4711482e+01  1.00000e+06  7.41039e-05
2.504904653e+00  6.4720431e+01  1.00000e+06  7.40342e-05
2.506157105e+00  6.4729375e+01  1.00000e+06  7.39146e-05
2.507410183e+00  6.4738314e+01  1.00000e+06  7.37459e-05
2.508663889e+00  6.4747247e+01  1.00000e+06  7.35325e-05
2.509918221e+00  6.4756176e+01  1.00000e+06  7.32835e-05
2.511173180e+00  6.4765100e+01  1.00000e+06  7.30130e-05
2.512428766e+00  6.4774018e+01  1.00000e+06  7.27389e-05
2.513684981e+00  6.4782932e+01  1.00000e+06  7.24796e-05
2.514941823e+00  6.4791840e+01  1.00000e+06  7.22498e-05
2.516199294e+00  6.4800744e+01  1.00000e+06  7.20556e-05
2.517457394e+00  6.4809642e+01  1.00000e+06  7.18917e-05
2.518716122e+00  6.4818536e+01  1.00000e+06  7.17406e-05
2.519975480e+00  6.4827424e+01  1.00000e+06  7.15754e-05
2.521235468e+00  6.4836307e+01  1.00000e+06  7.13655e-05
2.522496086e+00  6.4845186e+01  1.00000e+06  7.10840e-05
2.523757334e+00  6.4854059e+01  1.00000e+06  7.07153e-05
2.525019213e+00  6.4862927e+01  1.00000e+06  7.02600e-05
2.526281722e+00  6.4871790e+01  1.00000e+06  6.97368e-05
2.527544863e+00  6.4880648e+01  1.00000e+06  6.91792e-05
2.528808636e+00  6.4889501e+01  1.00000e+06  6.86285e-05
2.530073040e+00  6.4898349e+01  1.00000e+06  6.81230e-05
2.531338076e+00  6.4907192e+01  1.00000e+06  6.76870e-05
2.532603745e+00  6.4916030e+01  1.00000e+06  6.73229e-05
2.533870047e+00  6.4924864e+01  1.00000e+06  6.70089e-05
2.535136982e+00  6.4933692e+01  1.00000e+06  6.67042e-05
2.536404551e+00  6.4942515e+01  1.00000e+06  6.63606e-05
2.537672753e+00  6.4951334e+01  1.00000e+06  6.59374e-05
2.538941589e+00  6.4960147e+01  1.00000e+06  6.54150e-05
2.540211060e+00  6.4968955e+01  1.00000e+06  6.48031e-05
2.541481166e+00  6.4977758e+01  1.00000e+06  6.41409e-05
2.542751906e+00  6.4986556e+01  1.00000e+06  6.34890e-05
2.544023282e+00  6.4995349e+01  1.00000e+06  6.29141e-05
2.545295294e+00  6.5004137e+01  1.00000e+06  6.24729e-05
2.546567942e+00  6.5012921e+01  1.00000e+06  6.21955e-05
2.547841226e+00  6.5021700e+01  1.00000e+06  6.20747e-05
2.549115146e+00  6.5030474e+01  1.00000e+06  6.20614e-05
2.550389704e+00  6.5039243e+01  1.00000e+06  6.20676e-05
2.551664899e+00  6.5048006e+01  1.00000e+06  6.19783e-05
2.552940731e+00  6.5056765e+01  1.00000e+06  6.16700e-05
2.554217201e+00  6.5065519e+01  1.00000e+06  6.10353e-05
2.555494310e+00  6.5074267e+01  1.00000e+06  6.00080e-05
2.556772057e+00  6.5083010e+01  1.00000e+06  5.85834e-05
2.558050443e+00  6.5091747e+01  1.00000e+06  5.68248e-05
2.559329468e+00  6.5100480e+01  1.00000e+06  5.48552e-05
2.560609133e+00  6.5109207e+01  1.00000e+06  5.28316e-05
2.561889438e+00  6.5117930e+01  1.00000e+06  5.09114e-05
2.563170382e+00  6.5126648e+01  1.00000e+06  4.92196e-05
2.564451968e+00  6.5135361e+01  1.00000e+06  4.78266e-05
2.565734194e+00  6.5144069e+01  1.00000e+06  4.67438e-05
2.567017061e+00  6.5152773e+01  1.00000e+06  4.59345e-05
2.568300569e+00  6.5161473e+01  1.00000e+06  4.53337e-05
2.569584720e+00  6.5170167e+01  1.00000e+06  4.48684e-05
2.570869512e+00  6.5178857e+01  1.00000e+06  4.44702e-05
2.572154947e+00  6.5187542e+01  1.00000e+06  4.40801e-05
2.573441024e+00  6.5196222e+01  1.00000e+06  4.36453e-05
2.574727745e+00  6.5204896e+01  1.00000e+06  4.31177e-05
2.576015108e+00  6.5213566e+01  1.00000e+06  4.24548e-05
2.577303116e+00  6.5222231e+01  1.00000e+06  4.16274e-05
2.578591768e+00  6.5230891e+01  1.00000e+06  4.06297e-05
2.579881063e+00  6.5239545e+01  1.00000e+06  3.94861e-05
2.581171004e+00  6.5248195e+01  1.00000e+06  3.82499e-05
2.582461590e+00  6.5256840e+01  1.00000e+06  3.69926e-05
2.583752820e+00  6.5265480e+01  1.00000e+06  3.57859e-05
2.585044697e+00  6.5274115e+01  1.00000e+06  3.46846e-05
2.586337219e+00  6.5282745e+01  1.00000e+06  3.37173e-05
2.587630388e+00  6.5291371e+01  1.00000e+06  3.28877e-05
2.588924203e+00  6.5299992e+01  1.00000e+06  3.21852e-05
2.590218665e+00  6.5308608e+01  1.00000e+06  3.15980e-05
2.591513774e+00  6.5317220e+01  1.00000e+06  3.11199e-05
2.592809531e+00  6.5325826e+01  1.00000e+06  3.07478e-05
2.594105936e+00  6.5334428e+01  1.00000e+06  3.04691e-05
2.595402989e+00  6.5343025e+01  1.00000e+06  3.02508e-05
2.596700690e+00  6.5351617e+01  1.00000e+06  3.00355e-05
2.597999041e+00  6.5360205e+01  1.00000e+06  2.97533e-05
2.599298040e+00  6.5368787e+01  1.00000e+06  2.93456e-05
2.600597689e+00  6.5377365e+01  1.00000e+06  2.87905e-05
2.601897988e+00  6.5385937e+01  1.00000e+06  2.81171e-05
2.603198937e+00  6.5394504e+01  1.00000e+06  2.74004e-05
2.604500537e+00  6.5403067e+01  1.00000e+06  2.67368e-05
2.605802787e+00  6.5411625e+01  1.00000e+06  2.62102e-05
2.607105688e+00  6.5420179e+01  1.00000e+06  2.58639e-05
2.608409241e+00  6.5428727e+01  1.00000e+06  2.56911e-05
2.609713446e+00  6.5437271e+01  1.00000e+06  2.56464e-05
2.611018302e+00  6.5445811e+01  1.00000e+06  2.56744e-05
2.612323812e+00  6.5454345e+01  1.00000e+06  2.57403e-05
2.613629974e+00  6.5462875e+01  1.00000e+06  2.58486e-05
2.614936789e+00  6.5471400e+01  1.00000e+06  2.60403e-05
2.616244257e+00  6.5479920e+01  1.00000e+06  2.63703e-05
2.617552379e+00  6.5488436e+01  1.00000e+06  2.68742e-05
2.618861155e+00  6.5496947e+01  1.00000e+06  2.75416e-05
2.620170586e+00  6.5505453e+01  1.00000e+06  2.83081e-05
2.621480671e+00  6.5513955e+01  1.00000e+06  2.90744e-05
2.622791411e+00  6.5522451e+01  1.00000e+06  2.97452e-05
2.624102807e+00  6.5530943e+01  1.00000e+06  3.02751e-05
2.625414859e+00  6.5539430e+01  1.00000e+06  3.07007e-05
2.626727566e+00  6.5547912e+01  1.00000e+06  3.11458e-05
2.628040930e+00  6.5556389e+01  1.00000e+06  3.17926e-05
2.629354950e+00  6.5564862e+01  1.00000e+06  3.28288e-05
2.630669628e+00  6.5573331e+01  1.00000e+06  3.43862e-05
2.631984962e+00  6.5581796e+01  1.00000e+06  3.64915e-05
2.633300955e+00  6.5590256e+01  1.00000e+06  3.90474e-05
2.634617605e+00  6.5598711e+01  1.00000e+06  4.18489e-05
2.635934914e+00  6.5607162e+01  1.00000e+06  4.46302e-05
2.637252882e+00  6.5615608e+01  1.00000e+06  4.71273e-05
2.638571508e+00  6.5624049e+01  1.00000e+06  4.91363e-05
2.639890794e+00  6.5632484e+01  1.00000e+06  5.05498e-05
2.641210739e+00  6.5640914e+01  1.00000e+06  5.13628e-05
2.642531345e+00  6.5649338e+01  1.00000e+06  5.16505e-05
2.643852610e+00  6.5657758e+01  1.00000e+06  5.15274e-05
2.645174537e+00  6.5666172e+01  1.00000e+06  5.11053e-05
2.646497124e+00  6.5674581e+01  1.00000e+06  5.04618e-05
2.647820372e+00  6.5682986e+01  1.00000e+06  4.96290e-05
2.649144283e+00  6.5691385e+01  1.00000e+06  4.85992e-05
2.650468855e+00  6.5699780e+01  1.00000e+06  4.73416e-05
2.651794089e+00  6.5708169e+01  1.00000e+06  4.58203e-05
2.653119986e+00  6.5716554e+01  1.00000e+06  4.40072e-05
2.654446546e+00  6.5724933e+01  1.00000e+06  4.18897e-05
2.655773770e+00  6.5733308e+01  1.00000e+06  3.94735e-05
2.657101656e+00  6.5741677e+01  1.00000e+06  3.67866e-05
2.658430207e+00  6.5750041e+01  1.00000e+06  3.38834e-05
2.659759422e+00  6.5758401e+01  1.00000e+06  3.08495e-05
2.661089302e+00  6.5766756e+01  1.00000e+06  2.78020e-05
2.662419847e+00  6.5775106e+01  1.00000e+06  2.48824e-05
2.663751057e+00  6.5783452e+01  1.00000e+06  2.22416e-05
2.665082932e+00  6.5791794e+01  1.00000e+06  2.00190e-05
2.666415474e+00  6.5800131e+01  1.00000e+06  1.83218e-05
2.667748681e+00  6.5808464e+01  1.00000e+06  1.72121e-05
2.669082556e+00  6.5816793e+01  1.00000e+06  1.67042e-05
2.670417097e+00  6.5825118e+01  1.00000e+06  1.67740e-05
2.671752306e+00  6.5833439e+01  1.00000e+06  1.73748e-05
2.673088182e+00  6.5841756e+01  1.00000e+06  1.84538e-05
2.674424726e+00  6.5850068e+01  1.00000e+06  1.99597e-05
2.675761938e+00  6.5858376e+01  1.00000e+06  2.18416e-05
2.677099819e+00  6.5866680e+01  1.00000e+06  2.40377e-05
2.678438369e+00  6.5874979e+01  1.00000e+06  2.64626e-05
2.679777588e+00  6.5883274e+01  1.00000e+06  2.90002e-05
2.681117477e+00  6.5891564e+01  1.00000e+06  3.15069e-05
2.682458036e+00  6.5899849e+01  1.00000e+06  3.38263e-05
2.683799265e+00  6.5908129e+01  1.00000e+06  3.58127e-05
2.685141164e+00  6.5916403e+01  1.00000e+06  3.73562e-05
2.686483735e+00  6.5924673e+01  1.00000e+06  3.84047e-05
2.687826977e+00  6.5932938e+01  1.00000e+06  3.89764e-05
2.689170890e+00  6.5941197e+01  1.00000e+06  3.91613e-05
2.690515476e+00  6.5949452e+01  1.00000e+06  3.91072e-05
2.691860734e+00  6.5957702e+01  1.00000e+06  3.89926e-05
2.693206664e+00  6.5965947e+01  1.00000e+06  3.89887e-05
2.694553267e+00  6.5974188e+01  1.00000e+06  3.92186e-05
2.695900544e+00  6.5982425e+01  1.00000e+06  3.97256e-05
2.697248494e+00  6.5990657e+01  1.00000e+06  4.04593e-05
2.698597118e+00  6.5998885e+01  1.00000e+06  4.12872e-05
2.699946417e+00  6.6007107e+01  1.00000e+06  4.20285e-05
2.701296390e+00  6.6015325e+01  1.00000e+06  4.25026e-05
2.702647038e+00  6.6023538e+01  1.00000e+06  4.25773e-05
2.703998362e+00  6.6031746e+01  1.00000e+06  4.22036e-05
2.705350361e+00  6.6039949e+01  1.00000e+06  4.14242e-05
2.706703036e+00  6.6048147e+01  1.00000e+06  4.03549e-05
2.708056388e+00  6.6056340e+01  1.00000e+06  3.91443e-05
2.709410416e+00  6.6064528e+01  1.00000e+06  3.79263e-05
2.710765121e+00  6.6072712e+01  1.00000e+06  3.67832e-05
2.712120504e+00  6.6080892e+01  1.00000e+06  3.57345e-05
2.713476564e+00  6.6089066e+01  1.00000e+06  3.47557e-05
2.714833302e+00  6.6097237e+01  1.00000e+06  3.38191e-05
2.716190719e+00  6.6105402e+01  1.00000e+06  3.29387e-05
2.717548814e+00  6.6113564e+01  1.00000e+06  3.21981e-05
2.718907589e+00  6.6121721e+01  1.00000e+06  3.17471e-05
2.720267042e+00  6.6129873e+01  1.00000e+06  3.17639e-05
2.721627176e+00  6.6138022e+01  1.00000e+06  3.23962e-05
2.722987990e+00  6.6146167e+01  1.00000e+06  3.36994e-05
2.724349484e+00  6.6154308e+01  1.00000e+06  3.55974e-05
2.725711658e+00  6.6162444e+01  1.00000e+06  3.78776e-05
2.727074514e+00  6.6170577e+01  1.00000e+06  4.02257e-05
2.728438051e+00  6.6178704e+01  1.00000e+06  4.22918e-05
2.729802270e+00  6.6186826e+01  1.00000e+06  4.37685e-05
2.731167172e+00  6.6194943e+01  1.00000e+06  4.44610e-05
2.732532755e+00  6.6203054e+01  1.00000e+06  4.43315e-05
2.733899021e+00  6.6211160e+01  1.00000e+06  4.35063e-05
2.735265971e+00  6.6219261e+01  1.00000e+06  4.22457e-05
2.736633604e+00  6.6227357e+01  1.00000e+06  4.08837e-05
2.738001921e+00  6.6235449e+01  1.00000e+06  3.97535e-05
2.739370922e+00  6.6243537e+01  1.00000e+06  3.91141e-05
2.740740607e+00  6.6251621e+01  1.00000e+06  3.90971e-05
2.742110978e+00  6.6259701e+01  1.00000e+06  3.96849e-05
2.743482033e+00  6.6267777e+01  1.00000e+06  4.07239e-05
2.744853774e+00  6.6275848e+01  1.00000e+06  4.19711e-05
2.746226201e+00  6.6283915e+01  1.00000e+06  4.31580e-05
2.747599314e+00  6.6291977e+01  1.00000e+06  4.40560e-05
2.748973114e+00  6.6300035e+01  1.00000e+06  4.45251e-05
2.750347600e+00  6.6308087e+01  1.00000e+06  4.45329e-05
2.751722774e+00  6.6316134e+01  1.00000e+06  4.41438e-05
2.753098635e+00  6.6324176e+01  1.00000e+06  4.34835e-05
2.754475185e+00  6.6332214e+01  1.00000e+06  4.26956e-05
2.755852422e+00  6.6340247e+01  1.00000e+06  4.19039e-05
2.757230349e+00  6.6348276e+01  1.00000e+06  4.11935e-05
2.758608964e+00  6.6356300e+01  1.00000e+06  4.06118e-05
2.759988268e+00  6.6364320e+01  1.00000e+06  4.01838e-05
2.761368262e+00  6.6372335e+01  1.00000e+06  3.99309e-05
2.762748946e+00  6.6380346e+01  1.00000e+06  3.98819e-05
2.764130321e+00  6.6388353e+01  1.00000e+06  4.00708e-05
2.765512386e+00  6.6396356e+01  1.00000e+06  4.05232e-05
2.766895142e+00  6.6404354e+01  1.00000e+06  4.12399e-05
2.768278590e+00  6.6412349e+01  1.00000e+06  4.21848e-05
2.769662729e+00  6.6420338e+01  1.00000e+06  4.32856e-05
2.771047561e+00  6.6428324e+01  1.00000e+06  4.44471e-05
2.772433084e+00  6.6436304e+01  1.00000e+06  4.55726e-05
2.773819301e+00  6.6444281e+01  1.00000e+06  4.65853e-05
2.775206210e+00  6.6452252e+01  1.00000e+06  4.74434e-05
2.776593814e+00  6.6460219e+01  1.00000e+06  4.81431e-05
2.777982111e+00  6.6468181e+01  1.00000e+06  4.87120e-05
2.779371102e+00  6.6476139e+01  1.00000e+06  4.91968e-05
2.780760787e+00  6.6484092e+01  1.00000e+06  4.96508e-05
2.782151168e+00  6.6492040e+01  1.00000e+06  5.01248e-05
2.783542243e+00  6.6499985e+01  1.00000e+06  5.06624e-05
2.784934014e+00  6.6507925e+01  1.00000e+06  5.12953e-05
2.786326481e+00  6.6515860e+01  1.00000e+06  5.20391e-05
2.787719644e+00  6.6523791e+01  1.00000e+06  5.28854e-05
2.789113504e+00  6.6531718e+01  1.00000e+06  5.37966e-05
2.790508061e+00  6.6539640e+01  1.00000e+06  5.47045e-05
2.791903315e+00  6.6547558e+01  1.00000e+06  5.55186e-05
2.793299267e+00  6.6555470e+01  1.00000e+06  5.61438e-05
2.794695916e+00  6.6563379e+01  1.00000e+06  5.65046e-05
2.796093264e+00  6.6571282e+01  1.00000e+06  5.65686e-05
2.797491311e+00  6.6579181e+01  1.00000e+06  5.63626e-05
2.798890057e+00  6.6587075e+01  1.00000e+06  5.59754e-05
2.800289502e+00  6.6594965e+01  1.00000e+06  5.55437e-05
2.801689646e+00  6.6602850e+01  1.00000e+06  5.52239e-05
2.803090491e+00  6.6610731e+01  1.00000e+06  5.51559e-05
2.804492036e+00  6.6618608e+01  1.00000e+06  5.54291e-05
2.805894282e+00  6.6626481e+01  1.00000e+06  5.60607e-05
2.807297230e+00  6.6634349e+01  1.00000e+06  5.69934e-05
2.808700878e+00  6.6642214e+01  1.00000e+06  5.81135e-05
2.810105229e+00  6.6650074e+01  1.00000e+06  5.92839e-05
2.811510281e+00  6.6657930e+01  1.00000e+06  6.03811e-05
2.812916036e+00  6.6665781e+01  1.00000e+06  6.13250e-05
2.814322494e+00  6.6673627e+01  1.00000e+06  6.20931e-05
2.815729656e+00  6.6681469e+01  1.00000e+06  6.27163e-05
2.817137521e+00  6.6689306e+01  1.00000e+06  6.32600e-05
2.818546089e+00  6.6697139e+01  1.00000e+06  6.37958e-05
2.819955362e+00  6.6704967e+01  1.00000e+06  6.43750e-05
2.821365340e+00  6.6712791e+01  1.00000e+06  6.50097e-05
2.822776023e+00  6.6720611e+01  1.00000e+06  6.56676e-05
2.824187411e+00  6.6728426e+01  1.00000e+06  6.62806e-05
2.825599504e+00  6.6736237e+01  1.00000e+06  6.67659e-05
2.827012304e+00  6.6744043e+01  1.00000e+06  6.70523e-05
2.828425810e+00  6.6751845e+01  1.00000e+06  6.71039e-05
2.829840023e+00  6.6759642e+01  1.00000e+06  6.69348e-05
2.831254943e+00  6.6767434e+01  1.00000e+06  6.66103e-05
2.832670571e+00  6.6775222e+01  1.00000e+06  6.62324e-05
2.834086906e+00  6.6783005e+01  1.00000e+06  6.59157e-05
2.835503949e+00  6.6790785e+01  1.00000e+06  6.57582e-05
2.836921701e+00  6.6798560e+01  1.00000e+06  6.58173e-05
2.838340162e+00  6.6806331e+01  1.00000e+06  6.60958e-05
2.839759332e+00  6.6814097e+01  1.00000e+06  6.65434e-05
2.841179212e+00  6.6821860e+01  1.00000e+06  6.70714e-05
2.842599802e+00  6.6829618e+01  1.00000e+06  6.75769e-05
2.844021101e+00  6.6837371e+01  1.00000e+06  6.79700e-05
2.845443112e+00  6.6845120e+01  1.00000e+06  6.81953e-05
2.846865834e+00  6.6852865e+01  1.00000e+06  6.82443e-05
2.848289267e+00  6.6860605e+01  1.00000e+06  6.81546e-05
2.849713411e+00  6.6868340e+01  1.00000e+06  6.79973e-05
2.851138268e+00  6.6876071e+01  1.00000e+06  6.78577e-05
2.852563837e+00  6.6883798e+01  1.00000e+06  6.78129e-05
2.853990119e+00  6.6891521e+01  1.00000e+06  6.79135e-05
2.855417114e+00  6.6899239e+01  1.00000e+06  6.81730e-05
2.856844823e+00  6.6906953e+01  1.00000e+06  6.85664e-05
2.858273245e+00  6.6914663e+01  1.00000e+06  6.90386e-05
2.859702382e+00  6.6922369e+01  1.00000e+06  6.95191e-05
2.861132233e+00  6.6930070e+01  1.00000e+06  6.99391e-05
2.862562799e+00  6.6937767e+01  1.00000e+06  7.02474e-05
2.863994080e+00  6.6945459e+01  1.00000e+06  7.04210e-05
2.865426077e+00  6.6953147e+01  1.00000e+06  7.04693e-05
2.866858790e+00  6.6960830e+01  1.00000e+06  7.04301e-05
2.868292220e+00  6.6968509e+01  1.00000e+06  7.03596e-05
2.869726366e+00  6.6976184e+01  1.00000e+06  7.03184e-05
2.871161229e+00  6.6983854e+01  1.00000e+06  7.03568e-05
2.872596810e+00  6.6991521e+01  1.00000e+06  7.05036e-05
2.874033108e+00  6.6999183e+01  1.00000e+06  7.07613e-05
2.875470125e+00  6.7006840e+01  1.00000e+06  7.11075e-05
2.876907860e+00  6.7014494e+01  1.00000e+06  7.15028e-05
2.878346314e+00  6.7022143e+01  1.00000e+06  7.19026e-05
2.879785487e+00  6.7029788e+01  1.00000e+06  7.22682e-05
2.881225379e+00  6.7037428e+01  1.00000e+06  7.25746e-05
2.882665992e+00  6.7045064e+01  1.00000e+06  7.28144e-05
2.884107325e+00  6.7052696e+01  1.00000e+06  7.29952e-05
2.885549379e+00  6.7060324e+01  1.00000e+06  7.31328e-05
2.886992154e+00  6.7067947e+01  1.00000e+06  7.32431e-05
2.888435650e+00  6.7075565e+01  1.00000e+06  7.33339e-05
2.889879867e+00  6.7083180e+01  1.00000e+06  7.34016e-05
2.891324807e+00  6.7090790e+01  1.00000e+06  7.34323e-05
2.892770470e+00  6.7098395e+01  1.00000e+06  7.34080e-05
2.894216855e+00  6.7105997e+01  1.00000e+06  7.33161e-05
2.895663963e+00  6.7113594e+01  1.00000e+06  7.31577e-05
2.897111795e+00  6.7121187e+01  1.00000e+06  7.29529e-05
2.898560351e+00  6.7128775e+01  1.00000e+06  7.27386e-05
2.900009631e+00  6.7136359e+01  1.00000e+06  7.25610e-05
2.901459636e+00  6.7143939e+01  1.00000e+06  7.24639e-05
2.902910366e+00  6.7151515e+01  1.00000e+06  7.24766e-05
2.904361821e+00  6.7159086e+01  1.00000e+06  7.26056e-05
2.905814002e+00  6.7166654e+01  1.00000e+06  7.28329e-05
2.907266909e+00  6.7174217e+01  1.00000e+06  7.31208e-05
2.908720543e+00  6.7181776e+01  1.00000e+06  7.34208e-05
2.910174903e+00  6.7189331e+01  1.00000e+06  7.36853e-05
2.911629990e+00  6.7196881e+01  1.00000e+06  7.38770e-05
2.913085805e+00  6.7204427e+01  1.00000e+06  7.39751e-05
2.914542348e+00  6.7211968e+01  1.00000e+06  7.39785e-05
2.915999619e+00  6.7219506e+01  1.00000e+06  7.39038e-05
2.917457619e+00  6.7227039e+01  1.00000e+06  7.37819e-05
2.918916348e+00  6.7234567e+01  1.00000e+06  7.36517e-05
2.920375806e+00  6.7242092e+01  1.00000e+06  7.35531e-05
2.921835994e+00  6.7249612e+01  1.00000e+06  7.35194e-05
2.923296912e+00  6.7257128e+01  1.00000e+06  7.35701e-05
2.924758561e+00  6.7264641e+01  1.00000e+06  7.37076e-05
2.926220940e+00  6.7272148e+01  1.00000e+06  7.39165e-05
2.927684050e+00  6.7279652e+01  1.00000e+06  7.41677e-05
2.929147892e+00  6.7287151e+01  1.00000e+06  7.44254e-05
2.930612466e+00  6.7294647e+01  1.00000e+06  7.46545e-05
2.932077773e+00  6.7302138e+01  1.00000e+06  7.48273e-05
2.933543811e+00  6.7309624e+01  1.00000e+06  7.49276e-05
2.935010583e+00  6.7317106e+01  1.00000e+06  7.49510e-05
2.936478089e+00  6.7324584e+01  1.00000e+06  7.49035e-05
2.937946328e+00  6.7332058e+01  1.00000e+06  7.47988e-05
2.939415301e+00  6.7339528e+01  1.00000e+06  7.46553e-05
2.940885009e+00  6.7346993e+01  1.00000e+06  7.44932e-05
2.942355451e+00  6.7354454e+01  1.00000e+06  7.43331e-05
2.943826629e+00  6.7361911e+01  1.00000e+06  7.41939e-05
2.945298542e+00  6.7369363e+01  1.00000e+06  7.40914e-05
2.946771191e+00  6.7376812e+01  1.00000e+06  7.40367e-05
2.948244577e+00  6.7384256e+01  1.00000e+06  7.40350e-05
2.949718699e+00  6.7391696e+01  1.00000e+06  7.40859e-05
2.951193559e+00  6.7399133e+01  1.00000e+06  7.41827e-05
2.952669155e+00  6.7406564e+01  1.00000e+06  7.43132e-05
2.954145490e+00  6.7413992e+01  1.00000e+06  7.44605e-05
2.955622563e+00  6.7421416e+01  1.00000e+06  7.46033e-05
2.957100374e+00  6.7428835e+01  1.00000e+06  7.47173e-05
2.958578924e+00  6.7436250e+01  1.00000e+06  7.47783e-05
2.960058214e+00  6.7443661e+01  1.00000e+06  7.47651e-05
2.961538243e+00  6.7451068e+01  1.00000e+06  7.46647e-05
2.963019012e+00  6.7458470e+01  1.00000e+06  7.44769e-05
2.964500521e+00  6.7465868e+01  1.00000e+06  7.42173e-05
2.965982772e+00  6.7473262e+01  1.00000e+06  7.39170e-05
2.967465763e+00  6.7480651e+01  1.00000e+06  7.36183e-05
2.968949496e+00  6.7488037e+01  1.00000e+06  7.33678e-05
2.970433971e+00  6.7495418e+01  1.00000e+06  7.32061e-05
2.971919188e+00  6.7502796e+01  1.00000e+06  7.31602e-05
2.973405147e+00  6.7510169e+01  1.00000e+06  7.32381e-05
2.974891850e+00  6.7517539e+01  1.00000e+06  7.34290e-05
2.976379296e+00  6.7524904e+01  1.00000e+06  7.37066e-05
2.977867485e+00  6.7532265e+01  1.00000e+06  7.40371e-05
2.979356419e+00  6.7539622e+01  1.00000e+06  7.43856e-05
2.980846097e+00  6.7546975e+01  1.00000e+06  7.47222e-05
2.982336520e+00  6.7554324e+01  1.00000e+06  7.50246e-05
2.983827689e+00  6.7561668e+01  1.00000e+06  7.52788e-05
2.985319602e+00  6.7569008e+01  1.00000e+06  7.54778e-05
2.986812262e+00  6.7576344e+01  1.00000e+06  7.56203e-05
2.988305668e+00  6.7583676e+01  1.00000e+06  7.57091e-05
2.989799821e+00  6.7591004e+01  1.00000e+06  7.57503e-05
2.991294721e+00  6.7598328e+01  1.00000e+06  7.57527e-05
2.992790368e+00  6.7605647e+01  1.00000e+06  7.57270e-05
2.994286764e+00  6.7612962e+01  1.00000e+06  7.56843e-05
2.995783907e+00  6.7620274e+01  1.00000e+06  7.56348e-05
2.997281799e+00  6.7627581e+01  1.00000e+06  7.55866e-05
2.998780440e+00  6.7634883e+01  1.00000e+06  7.55444e-05
3.000279830e+00  6.7642182e+01  1.00000e+06  7.55094e-05
3.001779970e+00  6.7649477e+01  1.00000e+06  7.54800e-05
3.003280860e+00  6.7656767e+01  1.00000e+06  7.54523e-05
3.004782500e+00  6.7664054e+01  1.00000e+06  7.54205e-05
3.006284892e+00  6.7671336e+01  1.00000e+06  7.53783e-05
3.007788034e+00  6.7678614e+01  1.00000e+06  7.53183e-05
3.009291928e+00  6.7685889e+01  1.00000e+06  7.52342e-05
3.010796574e+00  6.7693158e+01  1.00000e+06  7.51216e-05
3.012301972e+00  6.7700424e+01  1.00000e+06  7.49806e-05
3.013808123e+00  6.7707686e+01  1.00000e+06  7.48176e-05
3.015315027e+00  6.7714944e+01  1.00000e+06  7.46455e-05
3.016822685e+00  6.7722197e+01  1.00000e+06  7.44825e-05
3.018331096e+00  6.7729447e+01  1.00000e+06  7.43476e-05
3.019840262e+00  6.7736692e+01  1.00000e+06  7.42559e-05
3.021350182e+00  6.7743933e+01  1.00000e+06  7.42132e-05
3.022860857e+00  6.7751171e+01  1.00000e+06  7.42134e-05
3.024372288e+00  6.7758404e+01  1.00000e+06  7.42391e-05
3.025884474e+00  6.7765633e+01  1.00000e+06  7.42661e-05
3.027397416e+00  6.7772858e+01  1.00000e+06  7.42697e-05
3.028911115e+00  6.7780079e+01  1.00000e+06  7.42324e-05
3.030425570e+00  6.7787296e+01  1.00000e+06  7.41485e-05
3.031940783e+00  6.7794509e+01  1.00000e+06  7.40258e-05
3.033456753e+00  6.7801718e+01  1.00000e+06  7.38826e-05
3.034973482e+00  6.7808922e+01  1.00000e+06  7.37415e-05
3.036490968e+00  6.7816123e+01  1.00000e+06  7.36214e-05
3.038009214e+00  6.7823319e+01  1.00000e+06  7.35309e-05
3.039528219e+00  6.7830512e+01  1.00000e+06  7.34650e-05
3.041047983e+00  6.7837700e+01  1.00000e+06  7.34069e-05
3.042568507e+00  6.7844885e+01  1.00000e+06  7.33338e-05
3.044089791e+00  6.7852065e+01  1.00000e+06  7.32252e-05
3.045611836e+00  6.7859241e+01  1.00000e+06  7.30717e-05
3.047134642e+00  6.7866413e+01  1.00000e+06  7.28796e-05
3.048658209e+00  6.7873581e+01  1.00000e+06  7.26717e-05
3.050182538e+00  6.7880746e+01  1.00000e+06  7.24819e-05
3.051707629e+00  6.7887906e+01  1.00000e+06  7.23463e-05
3.053233483e+00  6.7895062e+01  1.00000e+06  7.22934e-05
3.054760100e+00  6.7902214e+01  1.00000e+06  7.23353e-05
3.056287480e+00  6.7909362e+01  1.00000e+06  7.24642e-05
3.057815624e+00  6.7916506e+01  1.00000e+06  7.26541e-05
3.059344532e+00  6.7923647e+01  1.00000e+06  7.28680e-05
3.060874204e+00  6.7930783e+01  1.00000e+06  7.30672e-05
3.062404641e+00  6.7937915e+01  1.00000e+06  7.32208e-05
3.063935843e+00  6.7945043e+01  1.00000e+06  7.33119e-05
3.065467811e+00  6.7952167e+01  1.00000e+06  7.33400e-05
3.067000545e+00  6.7959287e+01  1.00000e+06  7.33176e-05
3.068534045e+00  6.7966403e+01  1.00000e+06  7.32652e-05
3.070068312e+00  6.7973515e+01  1.00000e+06  7.32040e-05
3.071603347e+00  6.7980623e+01  1.00000e+06  7.31507e-05
3.073139148e+00  6.7987727e+01  1.00000e+06  7.31143e-05
3.074675718e+00  6.7994826e+01  1.00000e+06  7.30966e-05
3.076213056e+00  6.8001922e+01  1.00000e+06  7.30946e-05
3.077751162e+00  6.8009014e+01  1.00000e+06  7.31039e-05
3.079290038e+00  6.8016102e+01  1.00000e+06  7.31211e-05
3.080829683e+00  6.8023186e+01  1.00000e+06  7.31443e-05
3.082370098e+00  6.8030266e+01  1.00000e+06  7.31729e-05
3.083911283e+00  6.8037342e+01  1.00000e+06  7.32054e-05
3.085453238e+00  6.8044414e+01  1.00000e+06  7.32390e-05
3.086995965e+00  6.8051482e+01  1.00000e+06  7.32696e-05
3.088539463e+00  6.8058546e+01  1.00000e+06  7.32928e-05
3.090083733e+00  6.8065606e+01  1.00000e+06  7.33053e-05
3.091628774e+00  6.8072662e+01  1.00000e+06  7.33050e-05
3.093174589e+00  6.8079714e+01  1.00000e+06  7.32898e-05
3.094721176e+00  6.8086762e+01  1.00000e+06  7.32564e-05
3.096268537e+00  6.8093806e+01  1.00000e+06  7.31996e-05
3.097816671e+00  6.8100846e+01  1.00000e+06  7.31128e-05
3.099365579e+00  6.8107882e+01  1.00000e+06  7.29906e-05
3.100915262e+00  6.8114915e+01  1.00000e+06  7.28322e-05
3.102465720e+00  6.8121943e+01  1.00000e+06  7.26444e-05
3.104016953e+00  6.8128967e+01  1.00000e+06  7.24429e-05
3.105568961e+00  6.8135987e+01  1.00000e+06  7.22512e-05
3.107121746e+00  6.8143003e+01  1.00000e+06  7.20963e-05
3.108675306e+00  6.8150015e+01  1.00000e+06  7.20038e-05
3.110229644e+00  6.8157024e+01  1.00000e+06  7.19919e-05
3.111784759e+00  6.8164028e+01  1.00000e+06  7.20668e-05
3.113340651e+00  6.8171029e+01  1.00000e+06  7.22206e-05
3.114897322e+00  6.8178026e+01  1.00000e+06  7.24314e-05
3.116454770e+00  6.8185019e+01  1.00000e+06  7.26678e-05
3.118012998e+00  6.8192008e+01  1.00000e+06  7.28955e-05
3.119572004e+00  6.8198993e+01  1.00000e+06  7.30853e-05
3.121131790e+00  6.8205974e+01  1.00000e+06  7.32200e-05
3.122692356e+00  6.8212951e+01  1.00000e+06  7.32975e-05
3.124253702e+00  6.8219924e+01  1.00000e+06  7.33301e-05
3.125815829e+00  6.8226893e+01  1.00000e+06  7.33378e-05
3.127378737e+00  6.8233858e+01  1.00000e+06  7.33392e-05
3.128942426e+00  6.8240820e+01  1.00000e+06  7.33441e-05
3.130506898e+00  6.8247777e+01  1.00000e+06  7.33480e-05
3.132072151e+00  6.8254730e+01  1.00000e+06  7.33341e-05
3.133638187e+00  6.8261680e+01  1.00000e+06  7.32788e-05
3.135205006e+00  6.8268625e+01  1.00000e+06  7.31615e-05
3.136772609e+00  6.8275567e+01  1.00000e+06  7.29728e-05
3.138340995e+00  6.8282504e+01  1.00000e+06  7.27203e-05
3.139910166e+00  6.8289438e+01  1.00000e+06  7.24280e-05
3.141480121e+00  6.8296367e+01  1.00000e+06  7.21322e-05
3.143050861e+00  6.8303293e+01  1.00000e+06  7.18723e-05
3.144622386e+00  6.8310215e+01  1.00000e+06  7.16819e-05
3.146194697e+00  6.8317133e+01  1.00000e+06  7.15800e-05
3.147767795e+00  6.8324048e+01  1.00000e+06  7.15667e-05
3.149341679e+00  6.8330958e+01  1.00000e+06  7.16230e-05
3.150916349e+00  6.8337865e+01  1.00000e+06  7.17157e-05
3.152491808e+00  6.8344767e+01  1.00000e+06  7.18042e-05
3.154068053e+00  6.8351666e+01  1.00000e+06  7.18491e-05
3.155645088e+00  6.8358561e+01  1.00000e+06  7.18188e-05
3.157222910e+00  6.8365452e+01  1.00000e+06  7.16934e-05
3.158801521e+00  6.8372339e+01  1.00000e+06  7.14658e-05
3.160380922e+00  6.8379222e+01  1.00000e+06  7.11397e-05
3.161961113e+00  6.8386101e+01  1.00000e+06  7.07270e-05
3.163542093e+00  6.8392976e+01  1.00000e+06  7.02434e-05
3.165123864e+00  6.8399847e+01  1.00000e+06  6.97056e-05
3.166706426e+00  6.8406714e+01  1.00000e+06  6.91279e-05
3.168289779e+00  6.8413577e+01  1.00000e+06  6.85212e-05
3.169873924e+00  6.8420437e+01  1.00000e+06  6.78921e-05
3.171458861e+00  6.8427292e+01  1.00000e+06  6.72439e-05
3.173044591e+00  6.8434144e+01  1.00000e+06  6.65778e-05
3.174631113e+00  6.8440992e+01  1.00000e+06  6.58946e-05
3.176218429e+00  6.8447836e+01  1.00000e+06  6.51962e-05
3.177806538e+00  6.8454676e+01  1.00000e+06  6.44874e-05
3.179395441e+00  6.8461512e+01  1.00000e+06  6.37763e-05
3.180985139e+00  6.8468344e+01  1.00000e+06  6.30737e-05
3.182575631e+00  6.8475173e+01  1.00000e+06  6.23909e-05
3.184166919e+00  6.8481997e+01  1.00000e+06  6.17362e-05
3.185759003e+00  6.8488818e+01  1.00000e+06  6.11118e-05
3.187351882e+00  6.8495635e+01  1.00000e+06  6.05122e-05
3.188945558e+00  6.8502449e+01  1.00000e+06  5.99257e-05
3.190540031e+00  6.8509258e+01  1.00000e+06  5.93377e-05
3.192135301e+00  6.8516064e+01  1.00000e+06  5.87342e-05
3.193731369e+00  6.8522865e+01  1.00000e+06  5.81055e-05
3.195328234e+00  6.8529663e+01  1.00000e+06  5.74460e-05
3.196925898e+00  6.8536457e+01  1.00000e+06  5.67540e-05
3.198524361e+00  6.8543247e+01  1.00000e+06  5.60292e-05
3.200123623e+00  6.8550033e+01  1.00000e+06  5.52720e-05
3.201723685e+00  6.8556816e+01  1.00000e+06  5.44831e-05
3.203324547e+00  6.8563594e+01  1.00000e+06  5.36651e-05
3.204926209e+00  6.8570369e+01  1.00000e+06  5.28242e-05
3.206528673e+00  6.8577140e+01  1.00000e+06  5.19722e-05
3.208131937e+00  6.8583907e+01  1.00000e+06  5.11258e-05
3.209736003e+00  6.8590670e+01  1.00000e+06  5.03037e-05
3.211340871e+00  6.8597430e+01  1.00000e+06  4.95221e-05
3.212946541e+00  6.8604186e+01  1.00000e+06  4.87905e-05
3.214553015e+00  6.8610938e+01  1.00000e+06  4.81096e-05
3.216160291e+00  6.8617686e+01  1.00000e+06  4.74735e-05
3.217768371e+00  6.8624431e+01  1.00000e+06  4.68729e-05
3.219377255e+00  6.8631171e+01  1.00000e+06  4.62995e-05
3.220986944e+00  6.8637908e+01  1.00000e+06  4.57480e-05
3.222597437e+00  6.8644642e+01  1.00000e+06  4.52155e-05
3.224208736e+00  6.8651371e+01  1.00000e+06  4.46997e-05
3.225820841e+00  6.8658097e+01  1.00000e+06  4.41962e-05
3.227433751e+00  6.8664819e+01  1.00000e+06  4.36972e-05
3.229047468e+00  6.8671537e+01  1.00000e+06  4.31921e-05
3.230661992e+00  6.8678251e+01  1.00000e+06  4.26691e-05
3.232277323e+00  6.8684961e+01  1.00000e+06  4.21196e-05
3.233893461e+00  6.8691668e+01  1.00000e+06  4.15425e-05
3.235510408e+00  6.8698371e+01  1.00000e+06  4.09477e-05
3.237128163e+00  6.8705070e+01  1.00000e+06  4.03560e-05
3.238746727e+00  6.8711766e+01  1.00000e+06  3.97949e-05
3.240366101e+00  6.8718457e+01  1.00000e+06  3.92916e-05
3.241986284e+00  6.8725145e+01  1.00000e+06  3.88652e-05
3.243607277e+00  6.8731829e+01  1.00000e+06  3.85220e-05
3.245229080e+00  6.8738510e+01  1.00000e+06  3.82564e-05
3.246851695e+00  6.8745187e+01  1.00000e+06  3.80549e-05
3.248475121e+00  6.8751860e+01  1.00000e+06  3.79018e-05
3.250099358e+00  6.8758530e+01  1.00000e+06  3.77851e-05
3.251724408e+00  6.8765196e+01  1.00000e+06  3.76992e-05
3.253350270e+00  6.8771858e+01  1.00000e+06  3.76474e-05
3.254976945e+00  6.8778516e+01  1.00000e+06  3.76419e-05
3.256604434e+00  6.8785171e+01  1.00000e+06  3.77021e-05
3.258232736e+00  6.8791822e+01  1.00000e+06  3.78510e-05
3.259861852e+00  6.8798469e+01  1.00000e+06  3.81094e-05
3.261491783e+00  6.8805113e+01  1.00000e+06  3.84919e-05
3.263122529e+00  6.8811753e+01  1.00000e+06  3.90060e-05
3.264754091e+00  6.8818390e+01  1.00000e+06  3.96534e-05
3.266386468e+00  6.8825023e+01  1.00000e+06  4.04340e-05
3.268019661e+00  6.8831652e+01  1.00000e+06  4.13467e-05
3.269653671e+00  6.8838278e+01  1.00000e+06  4.23871e-05
3.271288497e+00  6.8844900e+01  1.00000e+06  4.35426e-05
3.272924142e+00  6.8851518e+01  1.00000e+06  4.47890e-05
3.274560604e+00  6.8858133e+01  1.00000e+06  4.60913e-05
3.276197884e+00  6.8864744e+01  1.00000e+06  4.74083e-05
3.277835983e+00  6.8871352e+01  1.00000e+06  4.86985e-05
3.279474901e+00  6.8877955e+01  1.00000e+06  4.99237e-05
3.281114638e+00  6.8884555e+01  1.00000e+06  5.10494e-05
3.282755196e+00  6.8891151e+01  1.00000e+06  5.20424e-05
3.284396573e+00  6.8897743e+01  1.00000e+06  5.28706e-05
3.286038772e+00  6.8904331e+01  1.00000e+06  5.35038e-05
3.287681791e+00  6.8910916e+01  1.00000e+06  5.39167e-05
3.289325632e+00  6.8917496e+01  1.00000e+06  5.40908e-05
3.290970295e+00  6.8924072e+01  1.00000e+06  5.40117e-05
3.292615780e+00  6.8930645e+01  1.00000e+06  5.36642e-05
3.294262088e+00  6.8937213e+01  1.00000e+06  5.30258e-05
3.295909219e+00  6.8943778e+01  1.00000e+06  5.20620e-05
3.297557173e+00  6.8950338e+01  1.00000e+06  5.07255e-05
3.299205952e+00  6.8956894e+01  1.00000e+06  4.89611e-05
3.300855555e+00  6.8963446e+01  1.00000e+06  4.67154e-05
3.302505983e+00  6.8969994e+01  1.00000e+06  4.39526e-05
3.304157236e+00  6.8976538e+01  1.00000e+06  4.06740e-05
3.305809314e+00  6.8983077e+01  1.00000e+06  3.69392e-05
3.307462219e+00  6.8989613e+01  1.00000e+06  3.28819e-05
3.309115950e+00  6.8996145e+01  1.00000e+06  2.87138e-05
3.310770508e+00  6.9002673e+01  1.00000e+06  2.47103e-05
3.312425893e+00  6.9009198e+01  1.00000e+06  2.11801e-05
3.314082106e+00  6.9015720e+01  1.00000e+06  1.84221e-05
3.315739147e+00  6.9022239e+01  1.00000e+06  1.66809e-05
3.317397017e+00  6.9028756e+01  1.00000e+06  1.61113e-05
3.319055716e+00  6.9035271e+01  1.00000e+06  1.67574e-05
3.320715243e+00  6.9041783e+01  1.00000e+06  1.85502e-05
3.322375601e+00  6.9048292e+01  1.00000e+06  2.13209e-05
3.324036789e+00  6.9054799e+01  1.00000e+06  2.48261e-05
3.325698807e+00  6.9061302e+01  1.00000e+06  2.87808e-05
3.327361657e+00  6.9067802e+01  1.00000e+06  3.28918e-05
3.329025337e+00  6.9074297e+01  1.00000e+06  3.68894e-05
3.330689850e+00  6.9080789e+01  1.00000e+06  4.05501e-05
3.332355195e+00  6.9087277e+01  1.00000e+06  4.37109e-05
3.334021373e+00  6.9093761e+01  1.00000e+06  4.62726e-05
3.335688383e+00  6.9100240e+01  1.00000e+06  4.81971e-05
3.337356227e+00  6.9106715e+01  1.00000e+06  4.95000e-05
3.339024906e+00  6.9113186e+01  1.00000e+06  5.02413e-05
3.340694418e+00  6.9119653e+01  1.00000e+06  5.05143e-05
3.342364765e+00  6.9126115e+01  1.00000e+06  5.04310e-05
3.344035948e+00  6.9132574e+01  1.00000e+06  5.01052e-05
3.345707966e+00  6.9139029e+01  1.00000e+06  4.96369e-05
3.347380820e+00  6.9145481e+01  1.00000e+06  4.91020e-05
3.349054510e+00  6.9151928e+01  1.00000e+06  4.85508e-05
3.350729037e+00  6.9158372e+01  1.00000e+06  4.80143e-05
3.352404402e+00  6.9164813e+01  1.00000e+06  4.75136e-05
3.354080604e+00  6.9171250e+01  1.00000e+06  4.70647e-05
3.355757644e+00  6.9177683e+01  1.00000e+06  4.66774e-05
3.357435523e+00  6.9184113e+01  1.00000e+06  4.63501e-05
3.359114241e+00  6.9190539e+01  1.00000e+06  4.60670e-05
3.360793798e+00  6.9196962e+01  1.00000e+06  4.58025e-05
3.362474195e+00  6.9203381e+01  1.00000e+06  4.55321e-05
3.364155432e+00  6.9209797e+01  1.00000e+06  4.52449e-05
3.365837510e+00  6.9216209e+01  1.00000e+06  4.49484e-05
3.367520428e+00  6.9222617e+01  1.00000e+06  4.46631e-05
3.369204189e+00  6.9229021e+01  1.00000e+06  4.44098e-05
3.370888791e+00  6.9235423e+01  1.00000e+06  4.41968e-05
3.372574235e+00  6.9241820e+01  1.00000e+06  4.40151e-05
3.374260522e+00  6.9248214e+01  1.00000e+06  4.38455e-05
3.375947653e+00  6.9254604e+01  1.00000e+06  4.36705e-05
3.377635626e+00  6.9260991e+01  1.00000e+06  4.34868e-05
3.379324444e+00  6.9267374e+01  1.00000e+06  4.33089e-05
3.381014106e+00  6.9273754e+01  1.00000e+06  4.31642e-05
3.382704613e+00  6.9280130e+01  1.00000e+06  4.30842e-05
3.384395966e+00  6.9286503e+01  1.00000e+06  4.30966e-05
3.386088164e+00  6.9292872e+01  1.00000e+06  4.32211e-05
3.387781208e+00  6.9299238e+01  1.00000e+06  4.34689e-05
3.389475098e+00  6.9305600e+01  1.00000e+06  4.38415e-05
3.391169836e+00  6.9311959e+01  1.00000e+06  4.43274e-05
3.392865421e+00  6.9318314e+01  1.00000e+06  4.48989e-05
3.394561854e+00  6.9324666e+01  1.00000e+06  4.55120e-05
3.396259135e+00  6.9331014e+01  1.00000e+06  4.61143e-05
3.397957264e+00  6.9337359e+01  1.00000e+06  4.66580e-05
3.399656243e+00  6.9343700e+01  1.00000e+06  4.71140e-05
3.401356071e+00  6.9350037e+01  1.00000e+06  4.74776e-05
3.403056749e+00  6.9356370e+01  1.00000e+06  4.77657e-05
3.404758277e+00  6.9362700e+01  1.00000e+06  4.80040e-05
3.406460656e+00  6.9369027e+01  1.00000e+06  4.82136e-05
3.408163887e+00  6.9375350e+01  1.00000e+06  4.84027e-05
3.409867969e+00  6.9381669e+01  1.00000e+06  4.85659e-05
3.411572903e+00  6.9387985e+01  1.00000e+06  4.86910e-05
3.413278689e+00  6.9394297e+01  1.00000e+06  4.87655e-05
3.414985328e+00  6.9400605e+01  1.00000e+06  4.87818e-05
3.416692821e+00  6.9406910e+01  1.00000e+06  4.87390e-05
3.418401168e+00  6.9413212e+01  1.00000e+06  4.86450e-05
3.420110368e+00  6.9419509e+01  1.00000e+06  4.85192e-05
3.421820423e+00  6.9425804e+01  1.00000e+06  4.83953e-05
3.423531334e+00  6.9432094e+01  1.00000e+06  4.83198e-05
3.425243099e+00  6.9438382e+01  1.00000e+06  4.83425e-05
3.426955721e+00  6.9444666e+01  1.00000e+06  4.85001e-05
3.428669199e+00  6.9450946e+01  1.00000e+06  4.88007e-05
3.430383533e+00  6.9457223e+01  1.00000e+06  4.92149e-05
3.432098725e+00  6.9463497e+01  1.00000e+06  4.96836e-05
3.433814774e+00  6.9469767e+01  1.00000e+06  5.01363e-05
3.435531682e+00  6.9476033e+01  1.00000e+06  5.05159e-05
3.437249448e+00  6.9482296e+01  1.00000e+06  5.07977e-05
3.438968072e+00  6.9488556e+01  1.00000e+06  5.09951e-05
3.440687556e+00  6.9494811e+01  1.00000e+06  5.11524e-05
3.442407900e+00  6.9501063e+01  1.00000e+06  5.13296e-05
3.444129104e+00  6.9507312e+01  1.00000e+06  5.15853e-05
3.445851169e+00  6.9513558e+01  1.00000e+06  5.19646e-05
3.447574094e+00  6.9519800e+01  1.00000e+06  5.24912e-05
3.449297881e+00  6.9526038e+01  1.00000e+06  5.31635e-05
3.451022530e+00  6.9532274e+01  1.00000e+06  5.39520e-05
3.452748041e+00  6.9538506e+01  1.00000e+06  5.48006e-05
3.454474415e+00  6.9544734e+01  1.00000e+06  5.56327e-05
3.456201653e+00  6.9550959e+01  1.00000e+06  5.63646e-05
3.457929753e+00  6.9557180e+01  1.00000e+06  5.69241e-05
3.459658718e+00  6.9563397e+01  1.00000e+06  5.72691e-05
3.461388548e+00  6.9569611e+01  1.00000e+06  5.73976e-05
3.463119242e+00  6.9575821e+01  1.00000e+06  5.73466e-05
3.464850802e+00  6.9582027e+01  1.00000e+06  5.71774e-05
3.466583227e+00  6.9588230e+01  1.00000e+06  5.69563e-05
3.468316519e+00  6.9594430e+01  1.00000e+06  5.67373e-05
3.470050677e+00  6.9600626e+01  1.00000e+06  5.65523e-05
3.471785702e+00  6.9606818e+01  1.00000e+06  5.64124e-05
3.473521595e+00  6.9613007e+01  1.00000e+06  5.63150e-05
3.475258356e+00  6.9619193e+01  1.00000e+06  5.62529e-05
3.476995985e+00  6.9625375e+01  1.00000e+06  5.62205e-05
3.478734483e+00  6.9631554e+01  1.00000e+06  5.62176e-05
3.480473850e+00  6.9637729e+01  1.00000e+06  5.62501e-05
3.482214087e+00  6.9643901e+01  1.00000e+06  5.63312e-05
3.483955194e+00  6.9650070e+01  1.00000e+06  5.64816e-05
3.485697172e+00  6.9656235e+01  1.00000e+06  5.67277e-05
3.487440020e+00  6.9662397e+01  1.00000e+06  5.70973e-05
3.489183740e+00  6.9668555e+01  1.00000e+06  5.76130e-05
3.490928332e+00  6.9674710e+01  1.00000e+06  5.82843e-05
3.492673796e+00  6.9680862e+01  1.00000e+06  5.91037e-05
3.494420133e+00  6.9687011e+01  1.00000e+06  6.00467e-05
3.496167343e+00  6.9693156e+01  1.00000e+06  6.10773e-05
3.497915427e+00  6.9699298e+01  1.00000e+06  6.21548e-05
3.499664385e+00  6.9705436e+01  1.00000e+06  6.32411e-05
3.501414217e+00  6.9711571e+01  1.00000e+06  6.43040e-05
3.503164924e+00  6.9717703e+01  1.00000e+06  6.53181e-05
3.504916507e+00  6.9723830e+01  1.00000e+06  6.62630e-05
3.506668965e+00  6.9729955e+01  1.00000e+06  6.71211e-05
3.508422299e+00  6.9736076e+01  1.00000e+06  6.78751e-05
3.510176510e+00  6.9742193e+01  1.00000e+06  6.85059e-05
3.511931599e+00  6.9748307e+01  1.00000e+06  6.89924e-05
3.513687565e+00  6.9754417e+01  1.00000e+06  6.93100e-05
3.515444408e+00  6.9760523e+01  1.00000e+06  6.94315e-05
3.517202131e+00  6.9766626e+01  1.00000e+06  6.93294e-05
3.518960732e+00  6.9772725e+01  1.00000e+06  6.89793e-05
3.520720212e+00  6.9778821e+01  1.00000e+06  6.83652e-05
3.522480572e+00  6.9784913e+01  1.00000e+06  6.74848e-05
3.524241812e+00  6.9791001e+01  1.00000e+06  6.63540e-05
3.526003933e+00  6.9797085e+01  1.00000e+06  6.50086e-05
3.527766935e+00  6.9803166e+01  1.00000e+06  6.35040e-05
3.529530819e+00  6.9809244e+01  1.00000e+06  6.19121e-05
3.531295584e+00  6.9815318e+01  1.00000e+06  6.03168e-05
3.533061232e+00  6.9821388e+01  1.00000e+06  5.88081e-05
3.534827763e+00  6.9827456e+01  1.00000e+06  5.74761e-05
3.536595176e+00  6.9833520e+01  1.00000e+06  5.64045e-05
3.538363474e+00  6.9839581e+01  1.00000e+06  5.56631e-05
3.540132656e+00  6.9845640e+01  1.00000e+06  5.53005e-05
3.541902722e+00  6.9851695e+01  1.00000e+06  5.53362e-05
3.543673673e+00  6.9857747e+01  1.00000e+06  5.57551e-05
3.545445510e+00  6.9863796e+01  1.00000e+06  5.65062e-05
3.547218233e+00  6.9869842e+01  1.00000e+06  5.75065e-05
3.548991842e+00  6.9875885e+01  1.00000e+06  5.86511e-05
3.550766338e+00  6.9881925e+01  1.00000e+06  5.98274e-05
3.552541721e+00  6.9887960e+01  1.00000e+06  6.09319e-05
3.554317992e+00  6.9893993e+01  1.00000e+06  6.18833e-05
3.556095151e+00  6.9900022e+01  1.00000e+06  6.26318e-05
3.557873199e+00  6.9906047e+01  1.00000e+06  6.31621e-05
3.559652135e+00  6.9912069e+01  1.00000e+06  6.34892e-05
3.561431961e+00  6.9918087e+01  1.00000e+06  6.36500e-05
3.563212677e+00  6.9924101e+01  1.00000e+06  6.36919e-05
3.564994284e+00  6.9930113e+01  1.00000e+06  6.36612e-05
3.566776781e+00  6.9936120e+01  1.00000e+06  6.35943e-05
3.568560169e+00  6.9942125e+01  1.00000e+06  6.35135e-05
3.570344449e+00  6.9948126e+01  1.00000e+06  6.34279e-05
3.572129621e+00  6.9954123e+01  1.00000e+06  6.33389e-05
3.573915686e+00  6.9960118e+01  1.00000e+06  6.32484e-05
3.575702644e+00  6.9966109e+01  1.00000e+06  6.31659e-05
3.577490495e+00  6.9972096e+01  1.00000e+06  6.31113e-05
3.579279241e+00  6.9978081e+01  1.00000e+06  6.31145e-05
3.581068880e+00  6.9984062e+01  1.00000e+06  6.32080e-05
3.582859415e+00  6.9990040e+01  1.00000e+06  6.34189e-05
3.584650844e+00  6.9996014e+01  1.00000e+06  6.37595e-05
3.586443170e+00  7.0001985e+01  1.00000e+06  6.42216e-05
3.588236391e+00  7.0007954e+01  1.00000e+06  6.47746e-05
3.590030510e+00  7.0013918e+01  1.00000e+06  6.53687e-05
3.591825525e+00  7.0019880e+01  1.00000e+06  6.59428e-05
3.593621438e+00  7.0025838e+01  1.00000e+06  6.64354e-05
3.595418248e+00  7.0031792e+01  1.00000e+06  6.67972e-05
3.597215958e+00  7.0037743e+01  1.00000e+06  6.70030e-05
3.599014565e+00  7.0043691e+01  1.00000e+06  6.70593e-05
3.600814073e+00  7.0049635e+01  1.00000e+06  6.70056e-05
3.602614480e+00  7.0055576e+01  1.00000e+06  6.69075e-05
3.604415787e+00  7.0061513e+01  1.00000e+06  6.68412e-05
3.606217995e+00  7.0067448e+01  1.00000e+06  6.68746e-05
3.608021104e+00  7.0073379e+01  1.00000e+06  6.70480e-05
3.609825114e+00  7.0079307e+01  1.00000e+06  6.73628e-05
3.611630027e+00  7.0085231e+01  1.00000e+06  6.77804e-05
3.613435842e+00  7.0091153e+01  1.00000e+06  6.82333e-05
3.615242560e+00  7.0097071e+01  1.00000e+06  6.86450e-05
3.617050181e+00  7.0102985e+01  1.00000e+06  6.89526e-05
3.618858706e+00  7.0108896e+01  1.00000e+06  6.91242e-05
3.620668136e+00  7.0114804e+01  1.00000e+06  6.91668e-05
3.622478470e+00  7.0120708e+01  1.00000e+06  6.91219e-05
3.624289709e+00  7.0126609e+01  1.00000e+06  6.90493e-05
3.626101854e+00  7.0132507e+01  1.00000e+06  6.90070e-05
3.627914905e+00  7.0138401e+01  1.00000e+06  6.90321e-05
3.629728862e+00  7.0144293e+01  1.00000e+06  6.91292e-05
3.631543727e+00  7.0150181e+01  1.00000e+06  6.92708e-05
3.633359499e+00  7.0156065e+01  1.00000e+06  6.94081e-05
3.635176178e+00  7.0161947e+01  1.00000e+06  6.94893e-05
3.636993766e+00  7.0167824e+01  1.00000e+06  6.94791e-05
3.638812263e+00  7.0173699e+01  1.00000e+06  6.93725e-05
3.640631669e+00  7.0179570e+01  1.00000e+06  6.91999e-05
3.642451985e+00  7.0185438e+01  1.00000e+06  6.90203e-05
3.644273211e+00  7.0191303e+01  1.00000e+06  6.89056e-05
3.646095348e+00  7.0197164e+01  1.00000e+06  6.89193e-05
3.647918395e+00  7.0203023e+01  1.00000e+06  6.90981e-05
3.649742355e+00  7.0208878e+01  1.00000e+06  6.94401e-05
3.651567226e+00  7.0214730e+01  1.00000e+06  6.99044e-05
3.653393009e+00  7.0220579e+01  1.00000e+06  7.04227e-05
3.655219706e+00  7.0226424e+01  1.00000e+06  7.09177e-05
3.657047316e+00  7.0232267e+01  1.00000e+06  7.13240e-05
3.658875840e+00  7.0238106e+01  1.00000e+06  7.16039e-05
3.660705277e+00  7.0243941e+01  1.00000e+06  7.17550e-05
3.662535630e+00  7.0249773e+01  1.00000e+06  7.18070e-05
3.664366898e+00  7.0255602e+01  1.00000e+06  7.18096e-05
3.666199081e+00  7.0261427e+01  1.00000e+06  7.18153e-05
3.668032181e+00  7.0267250e+01  1.00000e+06  7.18638e-05
3.669866197e+00  7.0273069e+01  1.00000e+06  7.19701e-05
3.671701130e+00  7.0278885e+01  1.00000e+06  7.21220e-05
3.673536981e+00  7.0284697e+01  1.00000e+06  7.22864e-05
3.675373749e+00  7.0290506e+01  1.00000e+06  7.24213e-05
3.677211436e+00  7.0296312e+01  1.00000e+06  7.24912e-05
3.679050042e+00  7.0302115e+01  1.00000e+06  7.24786e-05
3.680889567e+00  7.0307915e+01  1.00000e+06  7.23906e-05
3.682730012e+00  7.0313711e+01  1.00000e+06  7.22561e-05
3.684571377e+00  7.0319503e+01  1.00000e+06  7.21176e-05
3.686413662e+00  7.0325293e+01  1.00000e+06  7.20176e-05
3.688256869e+00  7.0331079e+01  1.00000e+06  7.19866e-05
3.690100997e+00  7.0336863e+01  1.00000e+06  7.20340e-05
3.691946048e+00  7.0342643e+01  1.00000e+06  7.21467e-05
3.693792021e+00  7.0348420e+01  1.00000e+06  7.22935e-05
3.695638917e+00  7.0354193e+01  1.00000e+06  7.24344e-05
3.697486736e+00  7.0359964e+01  1.00000e+06  7.25319e-05
3.699335480e+00  7.0365731e+01  1.00000e+06  7.25610e-05
3.701185148e+00  7.0371495e+01  1.00000e+06  7.25149e-05
3.703035740e+00  7.0377255e+01  1.00000e+06  7.24061e-05
3.704887258e+00  7.0383012e+01  1.00000e+06  7.22629e-05
3.706739702e+00  7.0388766e+01  1.00000e+06  7.21214e-05
3.708593071e+00  7.0394517e+01  1.00000e+06  7.20166e-05
3.710447368e+00  7.0400265e+01  1.00000e+06  7.19733e-05
3.712302592e+00  7.0406009e+01  1.00000e+06  7.19999e-05
3.714158743e+00  7.0411751e+01  1.00000e+06  7.20870e-05
3.716015822e+00  7.0417489e+01  1.00000e+06  7.22098e-05
3.717873830e+00  7.0423224e+01  1.00000e+06  7.23357e-05
3.719732767e+00  7.0428956e+01  1.00000e+06  7.24327e-05
3.721592634e+00  7.0434684e+01  1.00000e+06  7.24783e-05
3.723453430e+00  7.0440410e+01  1.00000e+06  7.24650e-05
3.725315157e+00  7.0446132e+01  1.00000e+06  7.24020e-05
3.727177814e+00  7.0451850e+01  1.00000e+06  7.23113e-05
3.729041403e+00  7.0457566e+01  1.00000e+06  7.22219e-05
3.730905924e+00  7.0463278e+01  1.00000e+06  7.21617e-05
3.732771377e+00  7.0468987e+01  1.00000e+06  7.21505e-05
3.734637762e+00  7.0474694e+01  1.00000e+06  7.21961e-05
3.736505081e+00  7.0480397e+01  1.00000e+06  7.22941e-05
3.738373334e+00  7.0486096e+01  1.00000e+06  7.24306e-05
3.740242521e+00  7.0491793e+01  1.00000e+06  7.25877e-05
3.742112642e+00  7.0497486e+01  1.00000e+06  7.27485e-05
3.743983698e+00  7.0503177e+01  1.00000e+06  7.29008e-05
3.745855690e+00  7.0508864e+01  1.00000e+06  7.30390e-05
3.747728618e+00  7.0514548e+01  1.00000e+06  7.31620e-05
3.749602482e+00  7.0520228e+01  1.00000e+06  7.32706e-05
3.751477283e+00  7.0525906e+01  1.00000e+06  7.33645e-05
3.753353022e+00  7.0531580e+01  1.00000e+06  7.34403e-05
3.755229699e+00  7.0537251e+01  1.00000e+06  7.34921e-05
3.757107313e+00  7.0542919e+01  1.00000e+06  7.35145e-05
3.758985867e+00  7.0548584e+01  1.00000e+06  7.35054e-05
3.760865360e+00  7.0554245e+01  1.00000e+06  7.34690e-05
3.762745793e+00  7.0559904e+01  1.00000e+06  7.34154e-05
3.764627166e+00  7.0565559e+01  1.00000e+06  7.33590e-05
3.766509479e+00  7.0571211e+01  1.00000e+06  7.33145e-05
3.768392734e+00  7.0576860e+01  1.00000e+06  7.32929e-05
3.770276930e+00  7.0582505e+01  1.00000e+06  7.32984e-05
3.772162069e+00  7.0588148e+01  1.00000e+06  7.33283e-05
3.774048150e+00  7.0593787e+01  1.00000e+06  7.33738e-05
3.775935174e+00  7.0599424e+01  1.00000e+06  7.34227e-05
3.777823141e+00  7.0605057e+01  1.00000e+06  7.34628e-05
3.779712053e+00  7.0610687e+01  1.00000e+06  7.34842e-05
3.781601909e+00  7.0616314e+01  1.00000e+06  7.34818e-05
3.783492710e+00  7.0621937e+01  1.00000e+06  7.34557e-05
3.785384456e+00  7.0627558e+01  1.00000e+06  7.34111e-05
3.787277149e+00  7.0633175e+01  1.00000e+06  7.33574e-05
3.789170787e+00  7.0638789e+01  1.00000e+06  7.33067e-05
3.791065372e+00  7.0644400e+01  1.00000e+06  7.32715e-05
3.792960905e+00  7.0650008e+01  1.00000e+06  7.32631e-05
3.794857386e+00  7.0655613e+01  1.00000e+06  7.32898e-05
3.796754814e+00  7.0661215e+01  1.00000e+06  7.33551e-05
3.798653192e+00  7.0666813e+01  1.00000e+06  7.34574e-05
3.800552518e+00  7.0672409e+01  1.00000e+06  7.35901e-05
3.802452795e+00  7.0678001e+01  1.00000e+06  7.37421e-05
3.804354021e+00  7.0683591e+01  1.00000e+06  7.38997e-05
3.806256198e+00  7.0689177e+01  1.00000e+06  7.40487e-05
3.808159326e+00  7.0694760e+01  1.00000e+06  7.41775e-05
3.810063406e+00  7.0700340e+01  1.00000e+06  7.42782e-05
3.811968437e+00  7.0705917e+01  1.00000e+06  7.43488e-05
3.813874422e+00  7.0711490e+01  1.00000e+06  7.43921e-05
3.815781359e+00  7.0717061e+01  1.00000e+06  7.44151e-05
3.817689250e+00  7.0722628e+01  1.00000e+06  7.44254e-05
3.819598094e+00  7.0728192e+01  1.00000e+06  7.44288e-05
3.821507893e+00  7.0733753e+01  1.00000e+06  7.44254e-05
3.823418647e+00  7.0739311e+01  1.00000e+06  7.44087e-05
3.825330357e+00  7.0744866e+01  1.00000e+06  7.43651e-05
3.827243022e+00  7.0750418e+01  1.00000e+06  7.42766e-05
3.829156643e+00  7.0755967e+01  1.00000e+06  7.41243e-05
3.831071222e+00  7.0761512e+01  1.00000e+06  7.38944e-05
3.832986757e+00  7.0767054e+01  1.00000e+06  7.35836e-05
3.834903251e+00  7.0772593e+01  1.00000e+06  7.32034e-05
3.836820702e+00  7.0778129e+01  1.00000e+06  7.27819e-05
3.838739112e+00  7.0783662e+01  1.00000e+06  7.23619e-05
3.840658482e+00  7.0789192e+01  1.00000e+06  7.19957e-05
3.842578811e+00  7.0794718e+01  1.00000e+06  7.17352e-05
3.844500101e+00  7.0800242e+01  1.00000e+06  7.16217e-05
3.846422351e+00  7.0805763e+01  1.00000e+06  7.16767e-05
3.848345562e+00  7.0811281e+01  1.00000e+06  7.18961e-05
3.850269735e+00  7.0816796e+01  1.00000e+06  7.22504e-05
3.852194870e+00  7.0822308e+01  1.00000e+06  7.26912e-05
3.854120967e+00  7.0827817e+01  1.00000e+06  7.31610e-05
3.856048027e+00  7.0833323e+01  1.00000e+06  7.36053e-05
3.857976051e+00  7.0838826e+01  1.00000e+06  7.39822e-05
3.859905040e+00  7.0844325e+01  1.00000e+06  7.42684e-05
3.861834992e+00  7.0849822e+01  1.00000e+06  7.44601e-05
3.863765910e+00  7.0855315e+01  1.00000e+06  7.45690e-05
3.865697792e+00  7.0860805e+01  1.00000e+06  7.46166e-05
3.867630641e+00  7.0866292e+01  1.00000e+06  7.46268e-05
3.869564457e+00  7.0871776e+01  1.00000e+06  7.46205e-05
3.871499239e+00  7.0877257e+01  1.00000e+06  7.46115e-05
3.873434989e+00  7.0882735e+01  1.00000e+06  7.46054e-05
3.875371706e+00  7.0888210e+01  1.00000e+06  7.46010e-05
3.877309392e+00  7.0893682e+01  1.00000e+06  7.45921e-05
3.879248047e+00  7.0899150e+01  1.00000e+06  7.45716e-05
3.881187671e+00  7.0904616e+01  1.00000e+06  7.45337e-05
3.883128264e+00  7.0910078e+01  1.00000e+06  7.44765e-05
3.885069829e+00  7.0915538e+01  1.00000e+06  7.44029e-05
3.887012364e+00  7.0920994e+01  1.00000e+06  7.43190e-05
3.888955870e+00  7.0926447e+01  1.00000e+06  7.42324e-05
3.890900348e+00  7.0931898e+01  1.00000e+06  7.41489e-05
3.892845798e+00  7.0937345e+01  1.00000e+06  7.40705e-05
3.894792221e+00  7.0942789e+01  1.00000e+06  7.39946e-05
3.896739617e+00  7.0948230e+01  1.00000e+06  7.39165e-05
3.898687987e+00  7.0953668e+01  1.00000e+06  7.38323e-05
3.900637331e+00  7.0959104e+01  1.00000e+06  7.37431e-05
3.902587649e+00  7.0964536e+01  1.00000e+06  7.36571e-05
3.904538943e+00  7.0969965e+01  1.00000e+06  7.35894e-05
3.906491213e+00  7.0975391e+01  1.00000e+06  7.35577e-05
3.908444458e+00  7.0980814e+01  1.00000e+06  7.35768e-05
3.910398680e+00  7.0986234e+01  1.00000e+06  7.36532e-05
3.912353880e+00  7.0991651e+01  1.00000e+06  7.37822e-05
3.914310057e+00  7.0997065e+01  1.00000e+06  7.39484e-05
3.916267212e+00  7.1002476e+01  1.00000e+06  7.41305e-05
3.918225345e+00  7.1007884e+01  1.00000e+06  7.43075e-05
3.920184458e+00  7.1013289e+01  1.00000e+06  7.44647e-05
3.922144550e+00  7.1018691e+01  1.00000e+06  7.45968e-05
3.924105622e+00  7.1024090e+01  1.00000e+06  7.47075e-05
3.926067675e+00  7.1029486e+01  1.00000e+06  7.48054e-05
3.928030709e+00  7.1034879e+01  1.00000e+06  7.48998e-05
3.929994724e+00  7.1040269e+01  1.00000e+06  7.49963e-05
3.931959722e+00  7.1045656e+01  1.00000e+06  7.50952e-05
3.933925702e+00  7.1051040e+01  1.00000e+06  7.51930e-05
3.935892665e+00  7.1056421e+01  1.00000e+06  7.52840e-05
3.937860611e+00  7.1061799e+01  1.00000e+06  7.53638e-05
3.939829541e+00  7.1067174e+01  1.00000e+06  7.54302e-05
3.941799456e+00  7.1072546e+01  1.00000e+06  7.54837e-05
3.943770356e+00  7.1077915e+01  1.00000e+06  7.55268e-05
3.945742241e+00  7.1083280e+01  1.00000e+06  7.55628e-05
3.947715112e+00  7.1088643e+01  1.00000e+06  7.55956e-05
3.949688970e+00  7.1094003e+01  1.00000e+06  7.56292e-05
3.951663814e+00  7.1099360e+01  1.00000e+06  7.56676e-05
3.953639646e+00  7.1104714e+01  1.00000e+06  7.57140e-05
3.955616466e+00  7.1110065e+01  1.00000e+06  7.57688e-05
3.957594274e+00  7.1115413e+01  1.00000e+06  7.58283e-05
3.959573071e+00  7.1120758e+01  1.00000e+06  7.58835e-05
3.961552858e+00  7.1126100e+01  1.00000e+06  7.59213e-05
3.963533634e+00  7.1131439e+01  1.00000e+06  7.59268e-05
3.965515401e+00  7.1136775e+01  1.00000e+06  7.58878e-05
3.967498159e+00  7.1142108e+01  1.00000e+06  7.57995e-05
3.969481908e+00  7.1147437e+01  1.00000e+06  7.56675e-05
3.971466649e+00  7.1152764e+01  1.00000e+06  7.55089e-05
3.973452382e+00  7.1158088e+01  1.00000e+06  7.53496e-05
3.975439108e+00  7.1163409e+01  1.00000e+06  7.52192e-05
3.977426828e+00  7.1168727e+01  1.00000e+06  7.51446e-05
3.979415541e+00  7.1174042e+01  1.00000e+06  7.51433e-05
3.981405249e+00  7.1179355e+01  1.00000e+06  7.52197e-05
3.983395952e+00  7.1184664e+01  1.00000e+06  7.53635e-05
3.985387650e+00  7.1189971e+01  1.00000e+06  7.55530e-05
3.987380343e+00  7.1195274e+01  1.00000e+06  7.57592e-05
3.989374034e+00  7.1200575e+01  1.00000e+06  7.59522e-05
3.991368721e+00  7.1205872e+01  1.00000e+06  7.61060e-05
3.993364405e+00  7.1211167e+01  1.00000e+06  7.62027e-05
3.995361087e+00  7.1216458e+01  1.00000e+06  7.62337e-05
3.997358768e+00  7.1221747e+01  1.00000e+06  7.62010e-05
3.999357447e+00  7.1227032e+01  1.00000e+06  7.61164e-05
4.001357126e+00  7.1232315e+01  1.00000e+06  7.59998e-05
4.003357804e+00  7.1237595e+01  1.00000e+06  7.58768e-05
4.005359483e+00  7.1242871e+01  1.00000e+06  7.57749e-05
4.007362163e+00  7.1248145e+01  1.00000e+06  7.57180e-05
4.009365844e+00  7.1253416e+01  1.00000e+06  7.57219e-05
4.011370527e+00  7.1258684e+01  1.00000e+06  7.57907e-05
4.013376212e+00  7.1263949e+01  1.00000e+06  7.59156e-05
4.015382900e+00  7.1269211e+01  1.00000e+06  7.60769e-05
4.017390592e+00  7.1274471e+01  1.00000e+06  7.62485e-05
4.019399287e+00  7.1279727e+01  1.00000e+06  7.64031e-05
4.021408987e+00  7.1284980e+01  1.00000e+06  7.65179e-05
4.023419691e+00  7.1290231e+01  1.00000e+06  7.65779e-05
4.025431401e+00  7.1295478e+01  1.00000e+06  7.65779e-05
4.027444117e+00  7.1300723e+01  1.00000e+06  7.65227e-05
4.029457839e+00  7.1305964e+01  1.00000e+06  7.64252e-05
4.031472568e+00  7.1311203e+01  1.00000e+06  7.63044e-05
4.033488304e+00  7.1316438e+01  1.00000e+06  7.61824e-05
4.035505048e+00  7.1321671e+01  1.00000e+06  7.60810e-05
4.037522801e+00  7.1326901e+01  1.00000e+06  7.60183e-05
4.039541562e+00  7.1332128e+01  1.00000e+06  7.60063e-05
4.041561333e+00  7.1337352e+01  1.00000e+06  7.60492e-05
4.043582114e+00  7.1342573e+01  1.00000e+06  7.61425e-05
4.045603905e+00  7.1347791e+01  1.00000e+06  7.62748e-05
4.047626707e+00  7.1353007e+01  1.00000e+06  7.64302e-05
4.049650520e+00  7.1358220e+01  1.00000e+06  7.65909e-05
4.051675345e+00  7.1363429e+01  1.00000e+06  7.67411e-05
4.053701183e+00  7.1368636e+01  1.00000e+06  7.68687e-05
4.055728033e+00  7.1373840e+01  1.00000e+06  7.69668e-05
4.057755897e+00  7.1379041e+01  1.00000e+06  7.70335e-05
4.059784775e+00  7.1384239e+01  1.00000e+06  7.70711e-05
4.061814668e+00  7.1389434e+01  1.00000e+06  7.70844e-05
4.063845575e+00  7.1394626e+01  1.00000e+06  7.70793e-05
4.065877498e+00  7.1399815e+01  1.00000e+06  7.70618e-05
4.067910437e+00  7.1405001e+01  1.00000e+06  7.70375e-05
4.069944392e+00  7.1410185e+01  1.00000e+06  7.70119e-05
4.071979364e+00  7.1415365e+01  1.00000e+06  7.69901e-05
4.074015354e+00  7.1420543e+01  1.00000e+06  7.69773e-05
4.076052361e+00  7.1425718e+01  1.00000e+06  7.69777e-05
4.078090388e+00  7.1430890e+01  1.00000e+06  7.69943e-05
4.080129433e+00  7.1436059e+01  1.00000e+06  7.70279e-05
4.082169498e+00  7.1441225e+01  1.00000e+06  7.70763e-05
4.084210582e+00  7.1446388e+01  1.00000e+06  7.71352e-05
4.086252688e+00  7.1451549e+01  1.00000e+06  7.71986e-05
4.088295814e+00  7.1456707e+01  1.00000e+06  7.72605e-05
4.090339962e+00  7.1461861e+01  1.00000e+06  7.73159e-05
4.092385132e+00  7.1467013e+01  1.00000e+06  7.73612e-05
4.094431324e+00  7.1472162e+01  1.00000e+06  7.73945e-05
4.096478540e+00  7.1477308e+01  1.00000e+06  7.74144e-05
4.098526779e+00  7.1482451e+01  1.00000e+06  7.74201e-05
4.100576043e+00  7.1487592e+01  1.00000e+06  7.74113e-05
4.102626331e+00  7.1492729e+01  1.00000e+06  7.73883e-05
4.104677644e+00  7.1497864e+01  1.00000e+06  7.73532e-05
4.106729983e+00  7.1502995e+01  1.00000e+06  7.73102e-05
4.108783348e+00  7.1508124e+01  1.00000e+06  7.72663e-05
4.110837739e+00  7.1513250e+01  1.00000e+06  7.72299e-05
4.112893158e+00  7.1518373e+01  1.00000e+06  7.72092e-05
4.114949605e+00  7.1523494e+01  1.00000e+06  7.72109e-05
4.117007080e+00  7.1528611e+01  1.00000e+06  7.72378e-05
4.119065583e+00  7.1533726e+01  1.00000e+06  7.72889e-05
4.121125116e+00  7.1538838e+01  1.00000e+06  7.73593e-05
4.123185678e+00  7.1543947e+01  1.00000e+06  7.74413e-05
4.125247271e+00  7.1549053e+01  1.00000e+06  7.75267e-05
4.127309895e+00  7.1554156e+01  1.00000e+06  7.76078e-05
4.129373550e+00  7.1559257e+01  1.00000e+06  7.76786e-05
4.131438237e+00  7.1564354e+01  1.00000e+06  7.77352e-05
4.133503956e+00  7.1569449e+01  1.00000e+06  7.77756e-05
4.135570708e+00  7.1574541e+01  1.00000e+06  7.77996e-05
4.137638493e+00  7.1579630e+01  1.00000e+06  7.78082e-05
4.139707312e+00  7.1584716e+01  1.00000e+06  7.78036e-05
4.141777166e+00  7.1589800e+01  1.00000e+06  7.77890e-05
4.143848055e+00  7.1594880e+01  1.00000e+06  7.77687e-05
4.145919979e+00  7.1599958e+01  1.00000e+06  7.77475e-05
4.147992939e+00  7.1605033e+01  1.00000e+06  7.77306e-05
4.150066935e+00  7.1610105e+01  1.00000e+06  7.77226e-05
4.152141969e+00  7.1615174e+01  1.00000e+06  7.77270e-05
4.154218040e+00  7.1620241e+01  1.00000e+06  7.77455e-05
4.156295149e+00  7.1625304e+01  1.00000e+06  7.77776e-05
4.158373296e+00  7.1630365e+01  1.00000e+06  7.78206e-05
4.160452483e+00  7.1635423e+01  1.00000e+06  7.78708e-05
4.162532709e+00  7.1640478e+01  1.00000e+06  7.79236e-05
4.164613975e+00  7.1645531e+01  1.00000e+06  7.79746e-05
4.166696282e+00  7.1650580e+01  1.00000e+06  7.80203e-05
4.168779631e+00  7.1655627e+01  1.00000e+06  7.80584e-05
4.170864020e+00  7.1660671e+01  1.00000e+06  7.80877e-05
4.172949452e+00  7.1665712e+01  1.00000e+06  7.81082e-05
4.175035927e+00  7.1670751e+01  1.00000e+06  7.81207e-05
4.177123445e+00  7.1675786e+01  1.00000e+06  7.81267e-05
4.179212007e+00  7.1680819e+01  1.00000e+06  7.81280e-05
4.181301613e+00  7.1685849e+01  1.00000e+06  7.81270e-05
4.183392264e+00  7.1690876e+01  1.00000e+06  7.81261e-05
4.185483960e+00  7.1695900e+01  1.00000e+06  7.81277e-05
4.187576702e+00  7.1700922e+01  1.00000e+06  7.81339e-05
4.189670490e+00  7.1705941e+01  1.00000e+06  7.81461e-05
4.191765325e+00  7.1710956e+01  1.00000e+06  7.81648e-05
4.193861208e+00  7.1715970e+01  1.00000e+06  7.81894e-05
4.195958139e+00  7.1720980e+01  1.00000e+06  7.82187e-05
4.198056118e+00  7.1725988e+01  1.00000e+06  7.82507e-05
4.200155146e+00  7.1730992e+01  1.00000e+06  7.82832e-05
4.202255223e+00  7.1735995e+01  1.00000e+06  7.83142e-05
4.204356351e+00  7.1740994e+01  1.00000e+06  7.83422e-05
4.206458529e+00  7.1745990e+01  1.00000e+06  7.83661e-05
4.208561758e+00  7.1750984e+01  1.00000e+06  7.83856e-05
4.210666039e+00  7.1755975e+01  1.00000e+06  7.84006e-05
4.212771372e+00  7.1760963e+01  1.00000e+06  7.84115e-05
4.214877758e+00  7.1765948e+01  1.00000e+06  7.84190e-05
4.216985197e+00  7.1770931e+01  1.00000e+06  7.84241e-05
4.219093689e+00  7.1775911e+01  1.00000e+06  7.84278e-05
4.221203236e+00  7.1780888e+01  1.00000e+06  7.84317e-05
4.223313838e+00  7.1785862e+01  1.00000e+06  7.84371e-05
4.225425495e+00  7.1790834e+01  1.00000e+06  7.84454e-05
4.227538207e+00  7.1795802e+01  1.00000e+06  7.84577e-05
4.229651977e+00  7.1800768e+01  1.00000e+06  7.84746e-05
4.231766803e+00  7.1805731e+01  1.00000e+06  7.84962e-05
4.233882686e+00  7.1810692e+01  1.00000e+06  7.85218e-05
4.235999627e+00  7.1815650e+01  1.00000e+06  7.85502e-05
4.238117627e+00  7.1820605e+01  1.00000e+06  7.85801e-05
4.240236686e+00  7.1825557e+01  1.00000e+06  7.86098e-05
4.242356804e+00  7.1830506e+01  1.00000e+06  7.86383e-05
4.244477983e+00  7.1835453e+01  1.00000e+06  7.86644e-05
4.246600222e+00  7.1840397e+01  1.00000e+06  7.86880e-05
4.248723522e+00  7.1845338e+01  1.00000e+06  7.87088e-05
4.250847884e+00  7.1850277e+01  1.00000e+06  7.87273e-05
4.252973307e+00  7.1855212e+01  1.00000e+06  7.87440e-05
4.255099794e+00  7.1860145e+01  1.00000e+06  7.87597e-05
4.257227344e+00  7.1865076e+01  1.00000e+06  7.87749e-05
4.259355958e+00  7.1870003e+01  1.00000e+06  7.87903e-05
4.261485636e+00  7.1874928e+01  1.00000e+06  7.88065e-05
4.263616379e+00  7.1879850e+01  1.00000e+06  7.88237e-05
4.265748187e+00  7.1884769e+01  1.00000e+06  7.88422e-05
4.267881061e+00  7.1889686e+01  1.00000e+06  7.88621e-05
4.270015001e+00  7.1894599e+01  1.00000e+06  7.88833e-05
4.272150009e+00  7.1899510e+01  1.00000e+06  7.89057e-05
4.274286084e+00  7.1904419e+01  1.00000e+06  7.89289e-05
4.276423227e+00  7.1909324e+01  1.00000e+06  7.89526e-05
4.278561438e+00  7.1914227e+01  1.00000e+06  7.89764e-05
4.280700719e+00  7.1919128e+01  1.00000e+06  7.90000e-05
4.282841070e+00  7.1924025e+01  1.00000e+06  7.90231e-05
4.284982490e+00  7.1928920e+01  1.00000e+06  7.90455e-05
4.287124981e+00  7.1933812e+01  1.00000e+06  7.90671e-05
4.289268544e+00  7.1938701e+01  1.00000e+06  7.90880e-05
4.291413178e+00  7.1943588e+01  1.00000e+06  7.91082e-05
4.293558885e+00  7.1948471e+01  1.00000e+06  7.91277e-05
4.295705664e+00  7.1953353e+01  1.00000e+06  7.91467e-05
4.297853517e+00  7.1958231e+01  1.00000e+06  7.91652e-05
4.300002444e+00  7.1963107e+01  1.00000e+06  7.91831e-05
4.302152445e+00  7.1967980e+01  1.00000e+06  7.92006e-05
4.304303521e+00  7.1972850e+01  1.00000e+06  7.92179e-05
4.306455673e+00  7.1977718e+01  1.00000e+06  7.92350e-05
4.308608901e+00  7.1982583e+01  1.00000e+06  7.92523e-05
4.310763205e+00  7.1987445e+01  1.00000e+06  7.92703e-05
4.312918587e+00  7.1992304e+01  1.00000e+06  7.92892e-05
4.315075046e+00  7.1997161e+01  1.00000e+06  7.93094e-05
4.317232584e+00  7.2002015e+01  1.00000e+06  7.93311e-05
4.319391200e+00  7.2006867e+01  1.00000e+06  7.93544e-05
4.321550896e+00  7.2011715e+01  1.00000e+06  7.93791e-05
4.323711671e+00  7.2016561e+01  1.00000e+06  7.94048e-05
4.325873527e+00  7.2021405e+01  1.00000e+06  7.94311e-05
4.328036464e+00  7.2026245e+01  1.00000e+06  7.94575e-05
4.330200482e+00  7.2031083e+01  1.00000e+06  7.94837e-05
4.332365582e+00  7.2035919e+01  1.00000e+06  7.95095e-05
4.334531765e+00  7.2040751e+01  1.00000e+06  7.95346e-05
4.336699031e+00  7.2045581e+01  1.00000e+06  7.95590e-05
4.338867380e+00  7.2050408e+01  1.00000e+06  7.95830e-05
4.341036814e+00  7.2055233e+01  1.00000e+06  7.96065e-05
4.343207332e+00  7.2060055e+01  1.00000e+06  7.96298e-05
4.345378936e+00  7.2064874e+01  1.00000e+06  7.96530e-05
4.347551625e+00  7.2069690e+01  1.00000e+06  7.96761e-05
4.349725401e+00  7.2074504e+01  1.00000e+06  7.96994e-05
4.351900264e+00  7.2079315e+01  1.00000e+06  7.97229e-05
4.354076214e+00  7.2084124e+01  1.00000e+06  7.97467e-05
4.356253252e+00  7.2088930e+01  1.00000e+06  7.97706e-05
4.358431379e+00  7.2093733e+01  1.00000e+06  7.97948e-05
4.360610595e+00  7.2098533e+01  1.00000e+06  7.98191e-05
4.362790900e+00  7.2103331e+01  1.00000e+06  7.98435e-05
4.364972295e+00  7.2108126e+01  1.00000e+06  7.98680e-05
4.367154781e+00  7.2112919e+01  1.00000e+06  7.98924e-05
4.369338359e+00  7.2117709e+01  1.00000e+06  7.99169e-05
4.371523028e+00  7.2122496e+01  1.00000e+06  7.99414e-05
4.373708790e+00  7.2127280e+01  1.00000e+06  7.99659e-05
4.375895644e+00  7.2132062e+01  1.00000e+06  7.99905e-05
4.378083592e+00  7.2136841e+01  1.00000e+06  8.00152e-05
4.380272634e+00  7.2141618e+01  1.00000e+06  8.00400e-05
4.382462770e+00  7.2146392e+01  1.00000e+06  8.00649e-05
4.384654001e+00  7.2151163e+01  1.00000e+06  8.00899e-05
4.386846328e+00  7.2155932e+01  1.00000e+06  8.01152e-05
4.389039751e+00  7.2160698e+01  1.00000e+06  8.01406e-05
4.391234271e+00  7.2165461e+01  1.00000e+06  8.01662e-05
4.393429888e+00  7.2170222e+01  1.00000e+06  8.01921e-05
4.395626603e+00  7.2174980e+01  1.00000e+06  8.02182e-05
4.397824417e+00  7.2179735e+01  1.00000e+06  8.02445e-05
4.400023329e+00  7.2184488e+01  1.00000e+06  8.02710e-05
4.402223341e+00  7.2189238e+01  1.00000e+06  8.02977e-05
4.404424452e+00  7.2193986e+01  1.00000e+06  8.03246e-05
4.406626664e+00  7.2198731e+01  1.00000e+06  8.03516e-05
4.408829978e+00  7.2203473e+01  1.00000e+06  8.03786e-05
4.411034393e+00  7.2208212e+01  1.00000e+06  8.04058e-05
4.413239910e+00  7.2212949e+01  1.00000e+06  8.04331e-05
4.415446530e+00  7.2217684e+01  1.00000e+06  8.04605e-05
4.417654253e+00  7.2222415e+01  1.00000e+06  8.04879e-05
4.419863080e+00  7.2227145e+01  1.00000e+06  8.05155e-05
4.422073012e+00  7.2231871e+01  1.00000e+06  8.05432e-05
4.424284048e+00  7.2236595e+01  1.00000e+06  8.05713e-05
4.426496190e+00  7.2241316e+01  1.00000e+06  8.05998e-05
4.428709438e+00  7.2246035e+01  1.00000e+06  8.06289e-05
4.430923793e+00  7.2250751e+01  1.00000e+06  8.06587e-05
4.433139255e+00  7.2255464e+01  1.00000e+06  8.06893e-05
4.435355825e+00  7.2260175e+01  1.00000e+06  8.07207e-05
4.437573503e+00  7.2264883e+01  1.00000e+06  8.07529e-05
4.439792289e+00  7.2269589e+01  1.00000e+06  8.07859e-05
4.442012186e+00  7.2274292e+01  1.00000e+06  8.08195e-05
4.444233192e+00  7.2278992e+01  1.00000e+06  8.08535e-05
4.446455308e+00  7.2283690e+01  1.00000e+06  8.08878e-05
4.448678536e+00  7.2288385e+01  1.00000e+06  8.09222e-05
4.450902875e+00  7.2293077e+01  1.00000e+06  8.09565e-05
4.453128327e+00  7.2297767e+01  1.00000e+06  8.09906e-05
4.455354891e+00  7.2302454e+01  1.00000e+06  8.10245e-05
4.457582568e+00  7.2307139e+01  1.00000e+06  8.10584e-05
4.459811359e+00  7.2311821e+01  1.00000e+06  8.10922e-05
4.462041265e+00  7.2316501e+01  1.00000e+06  8.11262e-05
4.464272286e+00  7.2321178e+01  1.00000e+06  8.11605e-05
4.466504422e+00  7.2325852e+01  1.00000e+06  8.11953e-05
4.468737674e+00  7.2330524e+01  1.00000e+06  8.12307e-05
4.470972043e+00  7.2335193e+01  1.00000e+06  8.12669e-05
4.473207529e+00  7.2339860e+01  1.00000e+06  8.13037e-05
4.475444133e+00  7.2344524e+01  1.00000e+06  8.13411e-05
4.477681855e+00  7.2349185e+01  1.00000e+06  8.13790e-05
4.479920696e+00  7.2353844e+01  1.00000e+06  8.14173e-05
4.482160656e+00  7.2358500e+01  1.00000e+06  8.14558e-05
4.484401736e+00  7.2363154e+01  1.00000e+06  8.14946e-05
4.486643937e+00  7.2367805e+01  1.00000e+06  8.15336e-05
4.488887259e+00  7.2372453e+01  1.00000e+06  8.15728e-05
4.491131703e+00  7.2377099e+01  1.00000e+06  8.16121e-05
4.493377269e+00  7.2381743e+01  1.00000e+06  8.16514e-05
4.495623957e+00  7.2386383e+01  1.00000e+06  8.16909e-05
4.497871769e+00  7.2391022e+01  1.00000e+06  8.17303e-05
4.500120705e+00  7.2395657e+01  1.00000e+06  8.17698e-05
4.502370766e+00  7.2400290e+01  1.00000e+06  8.18093e-05
4.504621951e+00  7.2404921e+01  1.00000e+06  8.18488e-05
4.506874262e+00  7.2409549e+01  1.00000e+06  8.18883e-05
4.509127699e+00  7.2414174e+01  1.00000e+06  8.19278e-05
4.511382263e+00  7.2418797e+01  1.00000e+06  8.19675e-05
4.513637954e+00  7.2423417e+01  1.00000e+06  8.20073e-05
4.515894773e+00  7.2428035e+01  1.00000e+06  8.20470e-05
4.518152720e+00  7.2432650e+01  1.00000e+06  8.20865e-05
4.520411797e+00  7.2437263e+01  1.00000e+06  8.21254e-05
4.522672003e+00  7.2441873e+01  1.00000e+06  8.21630e-05
4.524933339e+00  7.2446480e+01  1.00000e+06  8.21985e-05
4.527195805e+00  7.2451085e+01  1.00000e+06  8.22312e-05
4.529459403e+00  7.2455687e+01  1.00000e+06  8.22601e-05
4.531724133e+00  7.2460287e+01  1.00000e+06  8.22851e-05
4.533989995e+00  7.2464884e+01  1.00000e+06  8.23062e-05
4.536256990e+00  7.2469479e+01  1.00000e+06  8.23245e-05
4.538525119e+00  7.2474071e+01  1.00000e+06  8.23421e-05
4.540794381e+00  7.2478661e+01  1.00000e+06  8.23617e-05
4.543064778e+00  7.2483248e+01  1.00000e+06  8.23863e-05
4.545336311e+00  7.2487832e+01  1.00000e+06  8.24185e-05
4.547608979e+00  7.2492414e+01  1.00000e+06  8.24600e-05
4.549882783e+00  7.2496994e+01  1.00000e+06  8.25110e-05
4.552157725e+00  7.2501571e+01  1.00000e+06  8.25705e-05
4.554433804e+00  7.2506145e+01  1.00000e+06  8.26360e-05
4.556711020e+00  7.2510717e+01  1.00000e+06  8.27048e-05
4.558989376e+00  7.2515287e+01  1.00000e+06  8.27739e-05
4.561268871e+00  7.2519853e+01  1.00000e+06  8.28409e-05
4.563549505e+00  7.2524418e+01  1.00000e+06  8.29045e-05
4.565831280e+00  7.2528980e+01  1.00000e+06  8.29640e-05
4.568114195e+00  7.2533539e+01  1.00000e+06  8.30195e-05
4.570398253e+00  7.2538096e+01  1.00000e+06  8.30718e-05
4.572683452e+00  7.2542650e+01  1.00000e+06  8.31217e-05
4.574969793e+00  7.2547201e+01  1.00000e+06  8.31701e-05
4.577257278e+00  7.2551751e+01  1.00000e+06  8.32178e-05
4.579545907e+00  7.2556297e+01  1.00000e+06  8.32654e-05
4.581835680e+00  7.2560841e+01  1.00000e+06  8.33132e-05
4.584126598e+00  7.2565383e+01  1.00000e+06  8.33612e-05
4.586418661e+00  7.2569922e+01  1.00000e+06  8.34094e-05
4.588711870e+00  7.2574459e+01  1.00000e+06  8.34577e-05
4.591006226e+00  7.2578993e+01  1.00000e+06  8.35059e-05
4.593301729e+00  7.2583524e+01  1.00000e+06  8.35540e-05
4.595598380e+00  7.2588053e+01  1.00000e+06  8.36019e-05
4.597896179e+00  7.2592580e+01  1.00000e+06  8.36498e-05
4.600195128e+00  7.2597104e+01  1.00000e+06  8.36978e-05
4.602495225e+00  7.2601625e+01  1.00000e+06  8.37461e-05
4.604796473e+00  7.2606144e+01  1.00000e+06  8.37949e-05
4.607098871e+00  7.2610661e+01  1.00000e+06  8.38443e-05
4.609402420e+00  7.2615175e+01  1.00000e+06  8.38942e-05
4.611707122e+00  7.2619686e+01  1.00000e+06  8.39446e-05
4.614012975e+00  7.2624196e+01  1.00000e+06  8.39953e-05
4.616319982e+00  7.2628702e+01  1.00000e+06  8.40462e-05
4.618628142e+00  7.2633206e+01  1.00000e+06  8.40972e-05
4.620937456e+00  7.2637708e+01  1.00000e+06  8.41484e-05
4.623247924e+00  7.2642207e+01  1.00000e+06  8.42003e-05
4.625559548e+00  7.2646703e+01  1.00000e+06  8.42529e-05
4.627872328e+00  7.2651197e+01  1.00000e+06  8.43064e-05
4.630186264e+00  7.2655689e+01  1.00000e+06  8.43610e-05
4.632501358e+00  7.2660178e+01  1.00000e+06  8.44163e-05
4.634817608e+00  7.2664665e+01  1.00000e+06  8.44721e-05
4.637135017e+00  7.2669149e+01  1.00000e+06  8.45281e-05
4.639453584e+00  7.2673631e+01  1.00000e+06  8.45840e-05
4.641773311e+00  7.2678110e+01  1.00000e+06  8.46397e-05
4.644094198e+00  7.2682587e+01  1.00000e+06  8.46951e-05
4.646416245e+00  7.2687061e+01  1.00000e+06  8.47503e-05
4.648739453e+00  7.2691533e+01  1.00000e+06  8.48055e-05
4.651063823e+00  7.2696002e+01  1.00000e+06  8.48607e-05
4.653389355e+00  7.2700469e+01  1.00000e+06  8.49159e-05
4.655716049e+00  7.2704933e+01  1.00000e+06  8.49713e-05
4.658043908e+00  7.2709395e+01  1.00000e+06  8.50268e-05
4.660372929e+00  7.2713854e+01  1.00000e+06  8.50820e-05
4.662703116e+00  7.2718311e+01  1.00000e+06  8.51369e-05
4.665034467e+00  7.2722766e+01  1.00000e+06  8.51910e-05
4.667366985e+00  7.2727218e+01  1.00000e+06  8.52443e-05
4.669700668e+00  7.2731667e+01  1.00000e+06  8.52970e-05
4.672035519e+00  7.2736115e+01  1.00000e+06  8.53498e-05
4.674371536e+00  7.2740559e+01  1.00000e+06  8.54039e-05
4.676708722e+00  7.2745001e+01  1.00000e+06  8.54606e-05
4.679047076e+00  7.2749441e+01  1.00000e+06  8.55212e-05
4.681386600e+00  7.2753878e+01  1.00000e+06  8.55863e-05
4.683727293e+00  7.2758313e+01  1.00000e+06  8.56559e-05
4.686069157e+00  7.2762746e+01  1.00000e+06  8.57292e-05
4.688412191e+00  7.2767176e+01  1.00000e+06  8.58046e-05
4.690756398e+00  7.2771603e+01  1.00000e+06  8.58806e-05
4.693101776e+00  7.2776028e+01  1.00000e+06  8.59556e-05
4.695448327e+00  7.2780451e+01  1.00000e+06  8.60288e-05
4.697796051e+00  7.2784871e+01  1.00000e+06  8.60996e-05
4.700144949e+00  7.2789289e+01  1.00000e+06  8.61685e-05
4.702495021e+00  7.2793704e+01  1.00000e+06  8.62360e-05
4.704846269e+00  7.2798117e+01  1.00000e+06  8.63028e-05
4.707198692e+00  7.2802527e+01  1.00000e+06  8.63694e-05
4.709552291e+00  7.2806935e+01  1.00000e+06  8.64363e-05
4.711907067e+00  7.2811341e+01  1.00000e+06  8.65036e-05
4.714263021e+00  7.2815744e+01  1.00000e+06  8.65712e-05
4.716620153e+00  7.2820144e+01  1.00000e+06  8.66392e-05
4.718978463e+00  7.2824542e+01  1.00000e+06  8.67075e-05
4.721337952e+00  7.2828938e+01  1.00000e+06  8.67762e-05
4.723698621e+00  7.2833332e+01  1.00000e+06  8.68455e-05
4.726060470e+00  7.2837723e+01  1.00000e+06  8.69156e-05
4.728423500e+00  7.2842111e+01  1.00000e+06  8.69864e-05
4.730787712e+00  7.2846497e+01  1.00000e+06  8.70580e-05
4.733153106e+00  7.2850881e+01  1.00000e+06  8.71301e-05
4.735519683e+00  7.2855262e+01  1.00000e+06  8.72024e-05
4.737887442e+00  7.2859641e+01  1.00000e+06  8.72747e-05
4.740256386e+00  7.2864017e+01  1.00000e+06  8.73470e-05
4.742626514e+00  7.2868391e+01  1.00000e+06  8.74195e-05
4.744997828e+00  7.2872763e+01  1.00000e+06  8.74924e-05
4.747370326e+00  7.2877132e+01  1.00000e+06  8.75661e-05
4.749744012e+00  7.2881499e+01  1.00000e+06  8.76408e-05
4.752118884e+00  7.2885863e+01  1.00000e+06  8.77166e-05
4.754494943e+00  7.2890225e+01  1.00000e+06  8.77932e-05
4.756872191e+00  7.2894584e+01  1.00000e+06  8.78703e-05
4.759250627e+00  7.2898942e+01  1.00000e+06  8.79472e-05
4.761630252e+00  7.2903296e+01  1.00000e+06  8.80232e-05
4.764011067e+00  7.2907648e+01  1.00000e+06  8.80976e-05
4.766393073e+00  7.2911998e+01  1.00000e+06  8.81695e-05
4.768776269e+00  7.2916346e+01  1.00000e+06  8.82383e-05
4.771160657e+00  7.2920691e+01  1.00000e+06  8.83039e-05
4.773546238e+00  7.2925034e+01  1.00000e+06  8.83667e-05
4.775933011e+00  7.2929374e+01  1.00000e+06  8.84278e-05
4.778320977e+00  7.2933712e+01  1.00000e+06  8.84895e-05
4.780710138e+00  7.2938047e+01  1.00000e+06  8.85544e-05
4.783100493e+00  7.2942380e+01  1.00000e+06  8.86249e-05
4.785492043e+00  7.2946711e+01  1.00000e+06  8.87031e-05
4.787884789e+00  7.2951039e+01  1.00000e+06  8.87897e-05
4.790278731e+00  7.2955365e+01  1.00000e+06  8.88844e-05
4.792673871e+00  7.2959689e+01  1.00000e+06  8.89851e-05
4.795070208e+00  7.2964010e+01  1.00000e+06  8.90894e-05
4.797467743e+00  7.2968329e+01  1.00000e+06  8.91943e-05
4.799866477e+00  7.2972645e+01  1.00000e+06  8.92970e-05
4.802266410e+00  7.2976959e+01  1.00000e+06  8.93957e-05
4.804667543e+00  7.2981271e+01  1.00000e+06  8.94891e-05
4.807069877e+00  7.2985580e+01  1.00000e+06  8.95770e-05
4.809473412e+00  7.2989887e+01  1.00000e+06  8.96595e-05
4.811878149e+00  7.2994191e+01  1.00000e+06  8.97376e-05
4.814284088e+00  7.2998493e+01  1.00000e+06  8.98121e-05
4.816691230e+00  7.3002793e+01  1.00000e+06  8.98838e-05
4.819099575e+00  7.3007091e+01  1.00000e+06  8.99526e-05
4.821509125e+00  7.3011386e+01  1.00000e+06  9.00177e-05
4.823919880e+00  7.3015678e+01  1.00000e+06  9.00772e-05
4.826331840e+00  7.3019968e+01  1.00000e+06  9.01291e-05
4.828745006e+00  7.3024256e+01  1.00000e+06  9.01715e-05
4.831159378e+00  7.3028542e+01  1.00000e+06  9.02040e-05
4.833574958e+00  7.3032825e+01  1.00000e+06  9.02286e-05
4.835991745e+00  7.3037105e+01  1.00000e+06  9.02497e-05
4.838409741e+00  7.3041384e+01  1.00000e+06  9.02741e-05
4.840828946e+00  7.3045660e+01  1.00000e+06  9.03096e-05
4.843249360e+00  7.3049933e+01  1.00000e+06  9.03638e-05
4.845670985e+00  7.3054205e+01  1.00000e+06  9.04422e-05
4.848093821e+00  7.3058474e+01  1.00000e+06  9.05477e-05
4.850517867e+00  7.3062741e+01  1.00000e+06  9.06795e-05
4.852943126e+00  7.3067005e+01  1.00000e+06  9.08338e-05
4.855369598e+00  7.3071267e+01  1.00000e+06  9.10045e-05
4.857797283e+00  7.3075527e+01  1.00000e+06  9.11841e-05
4.860226181e+00  7.3079784e+01  1.00000e+06  9.13646e-05
4.862656295e+00  7.3084039e+01  1.00000e+06  9.15389e-05
4.865087623e+00  7.3088291e+01  1.00000e+06  9.17009e-05
4.867520166e+00  7.3092542e+01  1.00000e+06  9.18457e-05
4.869953927e+00  7.3096790e+01  1.00000e+06  9.19698e-05
4.872388904e+00  7.3101035e+01  1.00000e+06  9.20708e-05
4.874825098e+00  7.3105278e+01  1.00000e+06  9.21474e-05
4.877262511e+00  7.3109519e+01  1.00000e+06  9.21997e-05
4.879701142e+00  7.3113757e+01  1.00000e+06  9.22298e-05
4.882140992e+00  7.3117994e+01  1.00000e+06  9.22424e-05
4.884582063e+00  7.3122227e+01  1.00000e+06  9.22449e-05
4.887024354e+00  7.3126459e+01  1.00000e+06  9.22476e-05
4.889467866e+00  7.3130688e+01  1.00000e+06  9.22622e-05
4.891912600e+00  7.3134914e+01  1.00000e+06  9.23002e-05
4.894358556e+00  7.3139139e+01  1.00000e+06  9.23708e-05
4.896805736e+00  7.3143361e+01  1.00000e+06  9.24792e-05
4.899254138e+00  7.3147581e+01  1.00000e+06  9.26249e-05
4.901703765e+00  7.3151798e+01  1.00000e+06  9.28022e-05
4.904154617e+00  7.3156014e+01  1.00000e+06  9.30016e-05
4.906606695e+00  7.3160227e+01  1.00000e+06  9.32108e-05
4.909059998e+00  7.3164437e+01  1.00000e+06  9.34178e-05
4.911514528e+00  7.3168646e+01  1.00000e+06  9.36121e-05
4.913970285e+00  7.3172852e+01  1.00000e+06  9.37862e-05
4.916427270e+00  7.3177055e+01  1.00000e+06  9.39361e-05
4.918885484e+00  7.3181257e+01  1.00000e+06  9.40609e-05
4.921344927e+00  7.3185455e+01  1.00000e+06  9.41628e-05
4.923805599e+00  7.3189652e+01  1.00000e+06  9.42457e-05
4.926267502e+00  7.3193846e+01  1.00000e+06  9.43143e-05
4.928730636e+00  7.3198038e+01  1.00000e+06  9.43730e-05
4.931195001e+00  7.3202228e+01  1.00000e+06  9.44241e-05
4.933660599e+00  7.3206415e+01  1.00000e+06  9.44674e-05
4.936127429e+00  7.3210600e+01  1.00000e+06  9.45001e-05
4.938595493e+00  7.3214783e+01  1.00000e+06  9.45175e-05
4.941064790e+00  7.3218963e+01  1.00000e+06  9.45160e-05
4.943535323e+00  7.3223141e+01  1.00000e+06  9.44957e-05
4.946007090e+00  7.3227317e+01  1.00000e+06  9.44626e-05
4.948480094e+00  7.3231490e+01  1.00000e+06  9.44298e-05
4.950954334e+00  7.3235662e+01  1.00000e+06  9.44154e-05
4.953429811e+00  7.3239830e+01  1.00000e+06  9.44396e-05
4.955906526e+00  7.3243997e+01  1.00000e+06  9.45188e-05
4.958384479e+00  7.3248161e+01  1.00000e+06  9.46621e-05
4.960863672e+00  7.3252324e+01  1.00000e+06  9.48677e-05
4.963344103e+00  7.3256484e+01  1.00000e+06  9.51243e-05
4.965825776e+00  7.3260641e+01  1.00000e+06  9.54131e-05
4.968308688e+00  7.3264797e+01  1.00000e+06  9.57134e-05
4.970792843e+00  7.3268950e+01  1.00000e+06  9.60066e-05
4.973278239e+00  7.3273101e+01  1.00000e+06  9.62797e-05
4.975764878e+00  7.3277249e+01  1.00000e+06  9.65259e-05
4.978252761e+00  7.3281395e+01  1.00000e+06  9.67435e-05
4.980741887e+00  7.3285539e+01  1.00000e+06  9.69336e-05
4.983232258e+00  7.3289681e+01  1.00000e+06  9.70975e-05
4.985723874e+00  7.3293820e+01  1.00000e+06  9.72353e-05
4.988216736e+00  7.3297957e+01  1.00000e+06  9.73449e-05
4.990710844e+00  7.3302091e+01  1.00000e+06  9.74224e-05
4.993206200e+00  7.3306224e+01  1.00000e+06  9.74627e-05
4.995702803e+00  7.3310354e+01  1.00000e+06  9.74597e-05
4.998200654e+00  7.3314481e+01  1.00000e+06  9.74072e-05
5.000699755e+00  7.3318606e+01  1.00000e+06  9.72996e-05
5.003200105e+00  7.3322729e+01  1.00000e+06  9.71344e-05
5.005701705e+00  7.3326850e+01  1.00000e+06  9.69144e-05
5.008204556e+00  7.3330969e+01  1.00000e+06  9.66518e-05
5.010708658e+00  7.3335085e+01  1.00000e+06  9.63704e-05
5.013214012e+00  7.3339198e+01  1.00000e+06  9.61051e-05
5.015720619e+00  7.3343310e+01  1.00000e+06  9.58988e-05
5.018228479e+00  7.3347419e+01  1.00000e+06  9.57946e-05
5.020737594e+00  7.3351527e+01  1.00000e+06  9.58274e-05
5.023247962e+00  7.3355632e+01  1.00000e+06  9.60160e-05
5.025759586e+00  7.3359735e+01  1.00000e+06  9.63587e-05
5.028272466e+00  7.3363836e+01  1.00000e+06  9.68330e-05
5.030786602e+00  7.3367935e+01  1.00000e+06  9.74011e-05
5.033301996e+00  7.3372031e+01  1.00000e+06  9.80171e-05
5.035818647e+00  7.3376126e+01  1.00000e+06  9.86355e-05
5.038336556e+00  7.3380218e+01  1.00000e+06  9.92186e-05
5.040855724e+00  7.3384308e+01  1.00000e+06  9.97402e-05
5.043376152e+00  7.3388395e+01  1.00000e+06  1.00187e-04
5.045897840e+00  7.3392480e+01  1.00000e+06  1.00558e-04
5.048420789e+00  7.3396563e+01  1.00000e+06  1.00858e-04
5.050945000e+00  7.3400643e+01  1.00000e+06  1.01098e-04
5.053470472e+00  7.3404722e+01  1.00000e+06  1.01288e-04
5.055997207e+00  7.3408798e+01  1.00000e+06  1.01436e-04
5.058525206e+00  7.3412871e+01  1.00000e+06  1.01546e-04
5.061054469e+00  7.3416942e+01  1.00000e+06  1.01617e-04
5.063584996e+00  7.3421012e+01  1.00000e+06  1.01645e-04
5.066116788e+00  7.3425078e+01  1.00000e+06  1.01625e-04
5.068649847e+00  7.3429143e+01  1.00000e+06  1.01559e-04
5.071184172e+00  7.3433205e+01  1.00000e+06  1.01454e-04
5.073719764e+00  7.3437265e+01  1.00000e+06  1.01329e-04
5.076256624e+00  7.3441323e+01  1.00000e+06  1.01209e-04
5.078794752e+00  7.3445378e+01  1.00000e+06  1.01128e-04
5.081334149e+00  7.3449431e+01  1.00000e+06  1.01113e-04
5.083874816e+00  7.3453483e+01  1.00000e+06  1.01188e-04
5.086416754e+00  7.3457532e+01  1.00000e+06  1.01356e-04
5.088959962e+00  7.3461579e+01  1.00000e+06  1.01610e-04
5.091504442e+00  7.3465623e+01  1.00000e+06  1.01926e-04
5.094050194e+00  7.3469666e+01  1.00000e+06  1.02271e-04
5.096597219e+00  7.3473706e+01  1.00000e+06  1.02616e-04
5.099145518e+00  7.3477745e+01  1.00000e+06  1.02934e-04
5.101695091e+00  7.3481780e+01  1.00000e+06  1.03210e-04
5.104245938e+00  7.3485814e+01  1.00000e+06  1.03441e-04
5.106798061e+00  7.3489845e+01  1.00000e+06  1.03631e-04
5.109351460e+00  7.3493874e+01  1.00000e+06  1.03786e-04
5.111906136e+00  7.3497901e+01  1.00000e+06  1.03909e-04
5.114462089e+00  7.3501926e+01  1.00000e+06  1.03994e-04
5.117019320e+00  7.3505948e+01  1.00000e+06  1.04021e-04
5.119577830e+00  7.3509968e+01  1.00000e+06  1.03962e-04
5.122137619e+00  7.3513986e+01  1.00000e+06  1.03783e-04
5.124698688e+00  7.3518001e+01  1.00000e+06  1.03459e-04
5.127261037e+00  7.3522014e+01  1.00000e+06  1.02978e-04
5.129824667e+00  7.3526024e+01  1.00000e+06  1.02359e-04
5.132389580e+00  7.3530033e+01  1.00000e+06  1.01651e-04
5.134955775e+00  7.3534039e+01  1.00000e+06  1.00933e-04
5.137523252e+00  7.3538043e+01  1.00000e+06  1.00304e-04
5.140092014e+00  7.3542045e+01  1.00000e+06  9.98669e-05
5.142662060e+00  7.3546045e+01  1.00000e+06  9.97077e-05
5.145233391e+00  7.3550043e+01  1.00000e+06  9.98812e-05
5.147806008e+00  7.3554039e+01  1.00000e+06  1.00397e-04
5.150379911e+00  7.3558034e+01  1.00000e+06  1.01219e-04
5.152955101e+00  7.3562026e+01  1.00000e+06  1.02271e-04
5.155531578e+00  7.3566017e+01  1.00000e+06  1.03453e-04
5.158109344e+00  7.3570005e+01  1.00000e+06  1.04662e-04
5.160688399e+00  7.3573991e+01  1.00000e+06  1.05805e-04
5.163268743e+00  7.3577974e+01  1.00000e+06  1.06817e-04
5.165850377e+00  7.3581956e+01  1.00000e+06  1.07661e-04
5.168433303e+00  7.3585935e+01  1.00000e+06  1.08327e-04
5.171017519e+00  7.3589911e+01  1.00000e+06  1.08818e-04
5.173603028e+00  7.3593885e+01  1.00000e+06  1.09145e-04
5.176189829e+00  7.3597857e+01  1.00000e+06  1.09315e-04
5.178777924e+00  7.3601827e+01  1.00000e+06  1.09327e-04
5.181367313e+00  7.3605794e+01  1.00000e+06  1.09177e-04
5.183957997e+00  7.3609759e+01  1.00000e+06  1.08855e-04
5.186549976e+00  7.3613721e+01  1.00000e+06  1.08363e-04
5.189143251e+00  7.3617681e+01  1.00000e+06  1.07716e-04
5.191737823e+00  7.3621639e+01  1.00000e+06  1.06950e-04
5.194333692e+00  7.3625595e+01  1.00000e+06  1.06119e-04
5.196930858e+00  7.3629548e+01  1.00000e+06  1.05295e-04
5.199529324e+00  7.3633500e+01  1.00000e+06  1.04554e-04
5.202129088e+00  7.3637449e+01  1.00000e+06  1.03973e-04
5.204730153e+00  7.3641397e+01  1.00000e+06  1.03615e-04
5.207332518e+00  7.3645342e+01  1.00000e+06  1.03522e-04
5.209936184e+00  7.3649286e+01  1.00000e+06  1.03709e-04
5.212541152e+00  7.3653227e+01  1.00000e+06  1.04159e-04
5.215147423e+00  7.3657167e+01  1.00000e+06  1.04820e-04
5.217754997e+00  7.3661105e+01  1.00000e+06  1.05615e-04
5.220363874e+00  7.3665040e+01  1.00000e+06  1.06451e-04
5.222974056e+00  7.3668974e+01  1.00000e+06  1.07237e-04
5.225585543e+00  7.3672905e+01  1.00000e+06  1.07907e-04
5.228198336e+00  7.3676834e+01  1.00000e+06  1.08433e-04
5.230812435e+00  7.3680760e+01  1.00000e+06  1.08829e-04
5.233427841e+00  7.3684684e+01  1.00000e+06  1.09144e-04
5.236044555e+00  7.3688607e+01  1.00000e+06  1.09447e-04
5.238662578e+00  7.3692527e+01  1.00000e+06  1.09805e-04
5.241281909e+00  7.3696445e+01  1.00000e+06  1.10264e-04
5.243902550e+00  7.3700361e+01  1.00000e+06  1.10839e-04
5.246524501e+00  7.3704274e+01  1.00000e+06  1.11513e-04
5.249147763e+00  7.3708186e+01  1.00000e+06  1.12238e-04
5.251772337e+00  7.3712096e+01  1.00000e+06  1.12954e-04
5.254398223e+00  7.3716003e+01  1.00000e+06  1.13595e-04
5.257025422e+00  7.3719908e+01  1.00000e+06  1.14106e-04
5.259653935e+00  7.3723811e+01  1.00000e+06  1.14443e-04
5.262283762e+00  7.3727712e+01  1.00000e+06  1.14589e-04
5.264914904e+00  7.3731610e+01  1.00000e+06  1.14547e-04
5.267547361e+00  7.3735506e+01  1.00000e+06  1.14341e-04
5.270181135e+00  7.3739399e+01  1.00000e+06  1.14012e-04
5.272816226e+00  7.3743290e+01  1.00000e+06  1.13606e-04
5.275452634e+00  7.3747180e+01  1.00000e+06  1.13174e-04
5.278090360e+00  7.3751067e+01  1.00000e+06  1.12764e-04
5.280729405e+00  7.3754952e+01  1.00000e+06  1.12421e-04
5.283369770e+00  7.3758835e+01  1.00000e+06  1.12189e-04
5.286011455e+00  7.3762716e+01  1.00000e+06  1.12111e-04
5.288654461e+00  7.3766595e+01  1.00000e+06  1.12225e-04
5.291298788e+00  7.3770472e+01  1.00000e+06  1.12558e-04
5.293944437e+00  7.3774347e+01  1.00000e+06  1.13119e-04
5.296591410e+00  7.3778221e+01  1.00000e+06  1.13890e-04
5.299239705e+00  7.3782092e+01  1.00000e+06  1.14831e-04
5.301889325e+00  7.3785961e+01  1.00000e+06  1.15885e-04
5.304540270e+00  7.3789829e+01  1.00000e+06  1.16985e-04
5.307192540e+00  7.3793694e+01  1.00000e+06  1.18070e-04
5.309846136e+00  7.3797557e+01  1.00000e+06  1.19085e-04
5.312501059e+00  7.3801418e+01  1.00000e+06  1.19991e-04
5.315157310e+00  7.3805276e+01  1.00000e+06  1.20756e-04
5.317814888e+00  7.3809132e+01  1.00000e+06  1.21355e-04
5.320473796e+00  7.3812986e+01  1.00000e+06  1.21759e-04
5.323134033e+00  7.3816838e+01  1.00000e+06  1.21933e-04
5.325795600e+00  7.3820687e+01  1.00000e+06  1.21837e-04
5.328458498e+00  7.3824534e+01  1.00000e+06  1.21426e-04
5.331122727e+00  7.3828378e+01  1.00000e+06  1.20665e-04
5.333788288e+00  7.3832220e+01  1.00000e+06  1.19542e-04
5.336455182e+00  7.3836059e+01  1.00000e+06  1.18093e-04
5.339123410e+00  7.3839896e+01  1.00000e+06  1.16409e-04
5.341792972e+00  7.3843731e+01  1.00000e+06  1.14645e-04
5.344463868e+00  7.3847564e+01  1.00000e+06  1.13006e-04
5.347136100e+00  7.3851395e+01  1.00000e+06  1.11717e-04
5.349809668e+00  7.3855225e+01  1.00000e+06  1.10978e-04
5.352484573e+00  7.3859053e+01  1.00000e+06  1.10929e-04
5.355160815e+00  7.3862879e+01  1.00000e+06  1.11613e-04
5.357838396e+00  7.3866705e+01  1.00000e+06  1.12966e-04
5.360517315e+00  7.3870529e+01  1.00000e+06  1.14839e-04
5.363197573e+00  7.3874351e+01  1.00000e+06  1.17023e-04
5.365879172e+00  7.3878171e+01  1.00000e+06  1.19300e-04
5.368562112e+00  7.3881988e+01  1.00000e+06  1.21479e-04
5.371246393e+00  7.3885804e+01  1.00000e+06  1.23424e-04
5.373932016e+00  7.3889617e+01  1.00000e+06  1.25062e-04
5.376618982e+00  7.3893428e+01  1.00000e+06  1.26379e-04
5.379307292e+00  7.3897236e+01  1.00000e+06  1.27396e-04
5.381996945e+00  7.3901042e+01  1.00000e+06  1.28150e-04
5.384687944e+00  7.3904845e+01  1.00000e+06  1.28679e-04
5.387380288e+00  7.3908647e+01  1.00000e+06  1.29004e-04
5.390073978e+00  7.3912446e+01  1.00000e+06  1.29125e-04
5.392769015e+00  7.3916242e+01  1.00000e+06  1.29022e-04
5.395465399e+00  7.3920037e+01  1.00000e+06  1.28665e-04
5.398163132e+00  7.3923829e+01  1.00000e+06  1.28021e-04
5.400862214e+00  7.3927618e+01  1.00000e+06  1.27074e-04
5.403562645e+00  7.3931406e+01  1.00000e+06  1.25837e-04
5.406264426e+00  7.3935191e+01  1.00000e+06  1.24368e-04
5.408967558e+00  7.3938973e+01  1.00000e+06  1.22778e-04
5.411672042e+00  7.3942754e+01  1.00000e+06  1.21222e-04
5.414377878e+00  7.3946533e+01  1.00000e+06  1.19884e-04
5.417085067e+00  7.3950310e+01  1.00000e+06  1.18943e-04
5.419793609e+00  7.3954086e+01  1.00000e+06  1.18540e-04
5.422503506e+00  7.3957860e+01  1.00000e+06  1.18743e-04
5.425214758e+00  7.3961633e+01  1.00000e+06  1.19532e-04
5.427927365e+00  7.3965404e+01  1.00000e+06  1.20798e-04
5.430641329e+00  7.3969173e+01  1.00000e+06  1.22368e-04
5.433356650e+00  7.3972941e+01  1.00000e+06  1.24036e-04
5.436073328e+00  7.3976706e+01  1.00000e+06  1.25604e-04
5.438791365e+00  7.3980469e+01  1.00000e+06  1.26900e-04
5.441510760e+00  7.3984229e+01  1.00000e+06  1.27804e-04
5.444231516e+00  7.3987987e+01  1.00000e+06  1.28245e-04
5.446953632e+00  7.3991742e+01  1.00000e+06  1.28201e-04
5.449677108e+00  7.3995495e+01  1.00000e+06  1.27705e-04
5.452401947e+00  7.3999246e+01  1.00000e+06  1.26837e-04
5.455128148e+00  7.4002994e+01  1.00000e+06  1.25729e-04
5.457855712e+00  7.4006740e+01  1.00000e+06  1.24555e-04
5.460584640e+00  7.4010484e+01  1.00000e+06  1.23510e-04
5.463314932e+00  7.4014226e+01  1.00000e+06  1.22780e-04
5.466046590e+00  7.4017967e+01  1.00000e+06  1.22514e-04
5.468779613e+00  7.4021706e+01  1.00000e+06  1.22801e-04
5.471514003e+00  7.4025444e+01  1.00000e+06  1.23656e-04
5.474249760e+00  7.4029180e+01  1.00000e+06  1.25027e-04
5.476986885e+00  7.4032915e+01  1.00000e+06  1.26815e-04
5.479725378e+00  7.4036648e+01  1.00000e+06  1.28888e-04
5.482465241e+00  7.4040379e+01  1.00000e+06  1.31109e-04
5.485206473e+00  7.4044108e+01  1.00000e+06  1.33344e-04
5.487949077e+00  7.4047835e+01  1.00000e+06  1.35474e-04
5.490693051e+00  7.4051559e+01  1.00000e+06  1.37403e-04
5.493438398e+00  7.4055281e+01  1.00000e+06  1.39058e-04
5.496185117e+00  7.4059001e+01  1.00000e+06  1.40391e-04
5.498933209e+00  7.4062719e+01  1.00000e+06  1.41378e-04
5.501682676e+00  7.4066434e+01  1.00000e+06  1.42021e-04
5.504433517e+00  7.4070147e+01  1.00000e+06  1.42340e-04
5.507185734e+00  7.4073857e+01  1.00000e+06  1.42380e-04
5.509939327e+00  7.4077565e+01  1.00000e+06  1.42207e-04
5.512694297e+00  7.4081271e+01  1.00000e+06  1.41905e-04
5.515450644e+00  7.4084975e+01  1.00000e+06  1.41570e-04
5.518208369e+00  7.4088677e+01  1.00000e+06  1.41294e-04
5.520967473e+00  7.4092377e+01  1.00000e+06  1.41152e-04
5.523727957e+00  7.4096076e+01  1.00000e+06  1.41183e-04
5.526489821e+00  7.4099772e+01  1.00000e+06  1.41379e-04
5.529253066e+00  7.4103467e+01  1.00000e+06  1.41689e-04
5.532017692e+00  7.4107159e+01  1.00000e+06  1.42026e-04
5.534783701e+00  7.4110849e+01  1.00000e+06  1.42288e-04
5.537551093e+00  7.4114538e+01  1.00000e+06  1.42386e-04
5.540319869e+00  7.4118224e+01  1.00000e+06  1.42259e-04
5.543090029e+00  7.4121907e+01  1.00000e+06  1.41892e-04
5.545861574e+00  7.4125589e+01  1.00000e+06  1.41312e-04
5.548634504e+00  7.4129268e+01  1.00000e+06  1.40576e-04
5.551408822e+00  7.4132945e+01  1.00000e+06  1.39755e-04
5.554184526e+00  7.4136621e+01  1.00000e+06  1.38911e-04
5.556961618e+00  7.4140294e+01  1.00000e+06  1.38087e-04
5.559740099e+00  7.4143965e+01  1.00000e+06  1.37308e-04
5.562519969e+00  7.4147634e+01  1.00000e+06  1.36590e-04
5.565301229e+00  7.4151302e+01  1.00000e+06  1.35962e-04
5.568083880e+00  7.4154967e+01  1.00000e+06  1.35480e-04
5.570867922e+00  7.4158631e+01  1.00000e+06  1.35235e-04
5.573653356e+00  7.4162293e+01  1.00000e+06  1.35334e-04
5.576440182e+00  7.4165953e+01  1.00000e+06  1.35874e-04
5.579228403e+00  7.4169612e+01  1.00000e+06  1.36906e-04
5.582018017e+00  7.4173270e+01  1.00000e+06  1.38411e-04
5.584809026e+00  7.4176926e+01  1.00000e+06  1.40288e-04
5.587601430e+00  7.4180580e+01  1.00000e+06  1.42371e-04
5.590395231e+00  7.4184232e+01  1.00000e+06  1.44460e-04
5.593190429e+00  7.4187882e+01  1.00000e+06  1.46364e-04
5.595987024e+00  7.4191529e+01  1.00000e+06  1.47938e-04
5.598785017e+00  7.4195174e+01  1.00000e+06  1.49103e-04
5.601584410e+00  7.4198817e+01  1.00000e+06  1.49849e-04
5.604385202e+00  7.4202457e+01  1.00000e+06  1.50223e-04
5.607187395e+00  7.4206095e+01  1.00000e+06  1.50302e-04
5.609990988e+00  7.4209731e+01  1.00000e+06  1.50166e-04
5.612795984e+00  7.4213365e+01  1.00000e+06  1.49868e-04
5.615602382e+00  7.4216997e+01  1.00000e+06  1.49428e-04
5.618410183e+00  7.4220626e+01  1.00000e+06  1.48823e-04
5.621219388e+00  7.4224253e+01  1.00000e+06  1.48011e-04
5.624029998e+00  7.4227878e+01  1.00000e+06  1.46958e-04
5.626842013e+00  7.4231501e+01  1.00000e+06  1.45667e-04
5.629655434e+00  7.4235122e+01  1.00000e+06  1.44210e-04
5.632470261e+00  7.4238740e+01  1.00000e+06  1.42732e-04
5.635286497e+00  7.4242357e+01  1.00000e+06  1.41438e-04
5.638104140e+00  7.4245972e+01  1.00000e+06  1.40555e-04
5.640923192e+00  7.4249586e+01  1.00000e+06  1.40284e-04
5.643743654e+00  7.4253199e+01  1.00000e+06  1.40749e-04
5.646565525e+00  7.4256810e+01  1.00000e+06  1.41966e-04
5.649388808e+00  7.4260421e+01  1.00000e+06  1.43835e-04
5.652213503e+00  7.4264029e+01  1.00000e+06  1.46161e-04
5.655039609e+00  7.4267636e+01  1.00000e+06  1.48691e-04
5.657867129e+00  7.4271241e+01  1.00000e+06  1.51171e-04
5.660696063e+00  7.4274843e+01  1.00000e+06  1.53390e-04
5.663526411e+00  7.4278444e+01  1.00000e+06  1.55219e-04
5.666358174e+00  7.4282041e+01  1.00000e+06  1.56623e-04
5.669191353e+00  7.4285637e+01  1.00000e+06  1.57651e-04
5.672025949e+00  7.4289230e+01  1.00000e+06  1.58411e-04
5.674861962e+00  7.4292821e+01  1.00000e+06  1.59029e-04
5.677699393e+00  7.4296411e+01  1.00000e+06  1.59615e-04
5.680538242e+00  7.4299998e+01  1.00000e+06  1.60234e-04
5.683378511e+00  7.4303583e+01  1.00000e+06  1.60893e-04
5.686220201e+00  7.4307166e+01  1.00000e+06  1.61547e-04
5.689063311e+00  7.4310748e+01  1.00000e+06  1.62113e-04
5.691907842e+00  7.4314327e+01  1.00000e+06  1.62489e-04
5.694753796e+00  7.4317904e+01  1.00000e+06  1.62581e-04
5.697601173e+00  7.4321478e+01  1.00000e+06  1.62325e-04
5.700449974e+00  7.4325051e+01  1.00000e+06  1.61708e-04
5.703300199e+00  7.4328621e+01  1.00000e+06  1.60778e-04
5.706151849e+00  7.4332189e+01  1.00000e+06  1.59644e-04
5.709004925e+00  7.4335754e+01  1.00000e+06  1.58461e-04
5.711859427e+00  7.4339318e+01  1.00000e+06  1.57403e-04
5.714715357e+00  7.4342881e+01  1.00000e+06  1.56627e-04
5.717572715e+00  7.4346442e+01  1.00000e+06  1.56239e-04
5.720431501e+00  7.4350001e+01  1.00000e+06  1.56273e-04
5.723291717e+00  7.4353559e+01  1.00000e+06  1.56687e-04
5.726153363e+00  7.4357115e+01  1.00000e+06  1.57380e-04
5.729016439e+00  7.4360669e+01  1.00000e+06  1.58214e-04
5.731880948e+00  7.4364221e+01  1.00000e+06  1.59053e-04
5.734746888e+00  7.4367772e+01  1.00000e+06  1.59788e-04
5.737614261e+00  7.4371320e+01  1.00000e+06  1.60353e-04
5.740483069e+00  7.4374866e+01  1.00000e+06  1.60729e-04
5.743353310e+00  7.4378410e+01  1.00000e+06  1.60933e-04
5.746224987e+00  7.4381952e+01  1.00000e+06  1.61003e-04
5.749098099e+00  7.4385492e+01  1.00000e+06  1.60988e-04
5.751972648e+00  7.4389029e+01  1.00000e+06  1.60947e-04
5.754848635e+00  7.4392565e+01  1.00000e+06  1.60953e-04
5.757726059e+00  7.4396100e+01  1.00000e+06  1.61097e-04
5.760604922e+00  7.4399632e+01  1.00000e+06  1.61488e-04
5.763485224e+00  7.4403163e+01  1.00000e+06  1.62243e-04
5.766366967e+00  7.4406693e+01  1.00000e+06  1.63464e-04
5.769250151e+00  7.4410221e+01  1.00000e+06  1.65212e-04
5.772134776e+00  7.4413747e+01  1.00000e+06  1.67486e-04
5.775020843e+00  7.4417273e+01  1.00000e+06  1.70212e-04
5.777908353e+00  7.4420796e+01  1.00000e+06  1.73248e-04
5.780797308e+00  7.4424318e+01  1.00000e+06  1.76409e-04
5.783687706e+00  7.4427838e+01  1.00000e+06  1.79488e-04
5.786579550e+00  7.4431356e+01  1.00000e+06  1.82286e-04
5.789472840e+00  7.4434871e+01  1.00000e+06  1.84634e-04
5.792367576e+00  7.4438384e+01  1.00000e+06  1.86405e-04
5.795263760e+00  7.4441894e+01  1.00000e+06  1.87520e-04
5.798161392e+00  7.4445401e+01  1.00000e+06  1.87945e-04
5.801060473e+00  7.4448906e+01  1.00000e+06  1.87693e-04
5.803961003e+00  7.4452409e+01  1.00000e+06  1.86828e-04
5.806862983e+00  7.4455909e+01  1.00000e+06  1.85465e-04
5.809766415e+00  7.4459407e+01  1.00000e+06  1.83773e-04
5.812671298e+00  7.4462902e+01  1.00000e+06  1.81973e-04
5.815577634e+00  7.4466396e+01  1.00000e+06  1.80316e-04
5.818485423e+00  7.4469889e+01  1.00000e+06  1.79050e-04
5.821394665e+00  7.4473380e+01  1.00000e+06  1.78389e-04
5.824305363e+00  7.4476870e+01  1.00000e+06  1.78463e-04
5.827217515e+00  7.4480359e+01  1.00000e+06  1.79296e-04
5.830131124e+00  7.4483847e+01  1.00000e+06  1.80796e-04
5.833046190e+00  7.4487333e+01  1.00000e+06  1.82767e-04
5.835962713e+00  7.4490817e+01  1.00000e+06  1.84946e-04
5.838880694e+00  7.4494300e+01  1.00000e+06  1.87051e-04
5.841800134e+00  7.4497780e+01  1.00000e+06  1.88829e-04
5.844721035e+00  7.4501258e+01  1.00000e+06  1.90098e-04
5.847643395e+00  7.4504733e+01  1.00000e+06  1.90768e-04
5.850567217e+00  7.4508206e+01  1.00000e+06  1.90848e-04
5.853492500e+00  7.4511677e+01  1.00000e+06  1.90430e-04
5.856419247e+00  7.4515145e+01  1.00000e+06  1.89653e-04
5.859347456e+00  7.4518611e+01  1.00000e+06  1.88674e-04
5.862277130e+00  7.4522076e+01  1.00000e+06  1.87632e-04
5.865208268e+00  7.4525538e+01  1.00000e+06  1.86633e-04
5.868140873e+00  7.4528999e+01  1.00000e+06  1.85751e-04
5.871074943e+00  7.4532457e+01  1.00000e+06  1.85030e-04
5.874010481e+00  7.4535915e+01  1.00000e+06  1.84512e-04
5.876947486e+00  7.4539370e+01  1.00000e+06  1.84245e-04
5.879885960e+00  7.4542824e+01  1.00000e+06  1.84294e-04
5.882825903e+00  7.4546277e+01  1.00000e+06  1.84732e-04
5.885767315e+00  7.4549728e+01  1.00000e+06  1.85629e-04
5.888710199e+00  7.4553177e+01  1.00000e+06  1.87027e-04
5.891654554e+00  7.4556626e+01  1.00000e+06  1.88929e-04
5.894600381e+00  7.4560073e+01  1.00000e+06  1.91279e-04
5.897547682e+00  7.4563518e+01  1.00000e+06  1.93963e-04
5.900496456e+00  7.4566962e+01  1.00000e+06  1.96819e-04
5.903446704e+00  7.4570403e+01  1.00000e+06  1.99650e-04
5.906398427e+00  7.4573843e+01  1.00000e+06  2.02257e-04
5.909351626e+00  7.4577280e+01  1.00000e+06  2.04465e-04
5.912306302e+00  7.4580715e+01  1.00000e+06  2.06150e-04
5.915262455e+00  7.4584148e+01  1.00000e+06  2.07255e-04
5.918220087e+00  7.4587578e+01  1.00000e+06  2.07798e-04
5.921179197e+00  7.4591006e+01  1.00000e+06  2.07871e-04
5.924139786e+00  7.4594431e+01  1.00000e+06  2.07631e-04
5.927101856e+00  7.4597855e+01  1.00000e+06  2.07272e-04
5.930065407e+00  7.4601276e+01  1.00000e+06  2.07009e-04
5.933030440e+00  7.4604697e+01  1.00000e+06  2.07034e-04
5.935996955e+00  7.4608115e+01  1.00000e+06  2.07492e-04
5.938964953e+00  7.4611533e+01  1.00000e+06  2.08452e-04
5.941934436e+00  7.4614949e+01  1.00000e+06  2.09889e-04
5.944905403e+00  7.4618363e+01  1.00000e+06  2.11698e-04
5.947877856e+00  7.4621776e+01  1.00000e+06  2.13710e-04
5.950851795e+00  7.4625187e+01  1.00000e+06  2.15732e-04
5.953827221e+00  7.4628596e+01  1.00000e+06  2.17586e-04
5.956804134e+00  7.4632003e+01  1.00000e+06  2.19143e-04
5.959782536e+00  7.4635408e+01  1.00000e+06  2.20337e-04
5.962762428e+00  7.4638810e+01  1.00000e+06  2.21173e-04
5.965743809e+00  7.4642211e+01  1.00000e+06  2.21713e-04
5.968726681e+00  7.4645609e+01  1.00000e+06  2.22055e-04
5.971711044e+00  7.4649005e+01  1.00000e+06  2.22314e-04
5.974696900e+00  7.4652400e+01  1.00000e+06  2.22609e-04
5.977684248e+00  7.4655792e+01  1.00000e+06  2.23049e-04
5.980673090e+00  7.4659183e+01  1.00000e+06  2.23727e-04
5.983663427e+00  7.4662573e+01  1.00000e+06  2.24709e-04
5.986655258e+00  7.4665961e+01  1.00000e+06  2.26026e-04
5.989648586e+00  7.4669348e+01  1.00000e+06  2.27665e-04
5.992643410e+00  7.4672733e+01  1.00000e+06  2.29564e-04
5.995639732e+00  7.4676116e+01  1.00000e+06  2.31625e-04
5.998637552e+00  7.4679498e+01  1.00000e+06  2.33734e-04
6.001636871e+00  7.4682877e+01  1.00000e+06  2.35788e-04
6.004637689e+00  7.4686255e+01  1.00000e+06  2.37720e-04
6.007640008e+00  7.4689631e+01  1.00000e+06  2.39504e-04
6.010643828e+00  7.4693004e+01  1.00000e+06  2.41148e-04
6.013649150e+00  7.4696376e+01  1.00000e+06  2.42669e-04
6.016655974e+00  7.4699746e+01  1.00000e+06  2.44062e-04
6.019664302e+00  7.4703113e+01  1.00000e+06  2.45289e-04
6.022674135e+00  7.4706479e+01  1.00000e+06  2.46271e-04
6.025685472e+00  7.4709843e+01  1.00000e+06  2.46915e-04
6.028698314e+00  7.4713204e+01  1.00000e+06  2.47143e-04
6.031712663e+00  7.4716563e+01  1.00000e+06  2.46930e-04
6.034728520e+00  7.4719920e+01  1.00000e+06  2.46324e-04
6.037745884e+00  7.4723274e+01  1.00000e+06  2.45446e-04
6.040764757e+00  7.4726627e+01  1.00000e+06  2.44473e-04
6.043785139e+00  7.4729978e+01  1.00000e+06  2.43599e-04
6.046807032e+00  7.4733328e+01  1.00000e+06  2.42996e-04
6.049830435e+00  7.4736676e+01  1.00000e+06  2.42784e-04
6.052855351e+00  7.4740022e+01  1.00000e+06  2.43020e-04
6.055881778e+00  7.4743368e+01  1.00000e+06  2.43702e-04
6.058909719e+00  7.4746711e+01  1.00000e+06  2.44796e-04
6.061939174e+00  7.4750054e+01  1.00000e+06  2.46259e-04
6.064970144e+00  7.4753395e+01  1.00000e+06  2.48056e-04
6.068002629e+00  7.4756734e+01  1.00000e+06  2.50168e-04
6.071036630e+00  7.4760072e+01  1.00000e+06  2.52570e-04
6.074072148e+00  7.4763408e+01  1.00000e+06  2.55221e-04
6.077109184e+00  7.4766743e+01  1.00000e+06  2.58037e-04
6.080147739e+00  7.4770076e+01  1.00000e+06  2.60893e-04
6.083187813e+00  7.4773407e+01  1.00000e+06  2.63627e-04
6.086229407e+00  7.4776736e+01  1.00000e+06  2.66072e-04
6.089272522e+00  7.4780063e+01  1.00000e+06  2.68089e-04
6.092317158e+00  7.4783387e+01  1.00000e+06  2.69599e-04
6.095363316e+00  7.4786709e+01  1.00000e+06  2.70602e-04
6.098410998e+00  7.4790029e+01  1.00000e+06  2.71189e-04
6.101460204e+00  7.4793346e+01  1.00000e+06  2.71524e-04
6.104510934e+00  7.4796662e+01  1.00000e+06  2.71815e-04
6.107563189e+00  7.4799976e+01  1.00000e+06  2.72278e-04
6.110616971e+00  7.4803289e+01  1.00000e+06  2.73088e-04
6.113672279e+00  7.4806601e+01  1.00000e+06  2.74347e-04
6.116729115e+00  7.4809911e+01  1.00000e+06  2.76063e-04
6.119787480e+00  7.4813219e+01  1.00000e+06  2.78154e-04
6.122847374e+00  7.4816526e+01  1.00000e+06  2.80464e-04
6.125908797e+00  7.4819832e+01  1.00000e+06  2.82810e-04
6.128971752e+00  7.4823135e+01  1.00000e+06  2.85016e-04
6.132036238e+00  7.4826436e+01  1.00000e+06  2.86953e-04
6.135102256e+00  7.4829736e+01  1.00000e+06  2.88555e-04
6.138169807e+00  7.4833033e+01  1.00000e+06  2.89825e-04
6.141238892e+00  7.4836328e+01  1.00000e+06  2.90819e-04
6.144309511e+00  7.4839621e+01  1.00000e+06  2.91629e-04
6.147381666e+00  7.4842912e+01  1.00000e+06  2.92356e-04
6.150455357e+00  7.4846201e+01  1.00000e+06  2.93094e-04
6.153530584e+00  7.4849489e+01  1.00000e+06  2.93914e-04
6.156607350e+00  7.4852775e+01  1.00000e+06  2.94856e-04
6.159685653e+00  7.4856059e+01  1.00000e+06  2.95928e-04
6.162765496e+00  7.4859342e+01  1.00000e+06  2.97106e-04
6.165846879e+00  7.4862623e+01  1.00000e+06  2.98350e-04
6.168929802e+00  7.4865902e+01  1.00000e+06  2.99618e-04
6.172014267e+00  7.4869179e+01  1.00000e+06  3.00888e-04
6.175100274e+00  7.4872455e+01  1.00000e+06  3.02169e-04
6.178187825e+00  7.4875729e+01  1.00000e+06  3.03507e-04
6.181276919e+00  7.4879001e+01  1.00000e+06  3.04968e-04
6.184367557e+00  7.4882272e+01  1.00000e+06  3.06617e-04
6.187459741e+00  7.4885541e+01  1.00000e+06  3.08490e-04
6.190553471e+00  7.4888808e+01  1.00000e+06  3.10580e-04
6.193648747e+00  7.4892074e+01  1.00000e+06  3.12833e-04
6.196745572e+00  7.4895338e+01  1.00000e+06  3.15162e-04
6.199843945e+00  7.4898601e+01  1.00000e+06  3.17468e-04
6.202943867e+00  7.4901861e+01  1.00000e+06  3.19672e-04
6.206045338e+00  7.4905120e+01  1.00000e+06  3.21727e-04
6.209148361e+00  7.4908377e+01  1.00000e+06  3.23627e-04
6.212252935e+00  7.4911631e+01  1.00000e+06  3.25395e-04
6.215359062e+00  7.4914884e+01  1.00000e+06  3.27074e-04
6.218466741e+00  7.4918135e+01  1.00000e+06  3.28705e-04
6.221575975e+00  7.4921385e+01  1.00000e+06  3.30319e-04
6.224686763e+00  7.4924632e+01  1.00000e+06  3.31933e-04
6.227799106e+00  7.4927878e+01  1.00000e+06  3.33550e-04
6.230913006e+00  7.4931122e+01  1.00000e+06  3.35166e-04
6.234028462e+00  7.4934364e+01  1.00000e+06  3.36774e-04
6.237145476e+00  7.4937605e+01  1.00000e+06  3.38370e-04
6.240264049e+00  7.4940844e+01  1.00000e+06  3.39950e-04
6.243384181e+00  7.4944080e+01  1.00000e+06  3.41512e-04
6.246505873e+00  7.4947316e+01  1.00000e+06  3.43051e-04
6.249629126e+00  7.4950549e+01  1.00000e+06  3.44560e-04
6.252753941e+00  7.4953781e+01  1.00000e+06  3.46034e-04
6.255880318e+00  7.4957010e+01  1.00000e+06  3.47471e-04
6.259008258e+00  7.4960238e+01  1.00000e+06  3.48876e-04
6.262137762e+00  7.4963465e+01  1.00000e+06  3.50261e-04
6.265268831e+00  7.4966689e+01  1.00000e+06  3.51644e-04
6.268401465e+00  7.4969912e+01  1.00000e+06  3.53043e-04
6.271535666e+00  7.4973133e+01  1.00000e+06  3.54476e-04
6.274671434e+00  7.4976352e+01  1.00000e+06  3.55951e-04
6.277808770e+00  7.4979570e+01  1.00000e+06  3.57470e-04
6.280947674e+00  7.4982786e+01  1.00000e+06  3.59028e-04
6.284088148e+00  7.4986000e+01  1.00000e+06  3.60616e-04
6.287230192e+00  7.4989212e+01  1.00000e+06  3.62223e-04
6.290373807e+00  7.4992423e+01  1.00000e+06  3.63839e-04
6.293518994e+00  7.4995632e+01  1.00000e+06  3.65456e-04
6.296665753e+00  7.4998839e+01  1.00000e+06  3.67067e-04
6.299814086e+00  7.5002045e+01  1.00000e+06  3.68664e-04
6.302963993e+00  7.5005248e+01  1.00000e+06  3.70239e-04
6.306115475e+00  7.5008450e+01  1.00000e+06  3.71780e-04
6.309268533e+00  7.5011650e+01  1.00000e+06  3.73270e-04
6.312423167e+00  7.5014849e+01  1.00000e+06  3.74688e-04
6.315579379e+00  7.5018045e+01  1.00000e+06  3.76012e-04
6.318737168e+00  7.5021240e+01  1.00000e+06  3.77219e-04
6.321896537e+00  7.5024433e+01  1.00000e+06  3.78298e-04
6.325057485e+00  7.5027623e+01  1.00000e+06  3.79252e-04
6.328220014e+00  7.5030813e+01  1.00000e+06  3.80105e-04
6.331384124e+00  7.5034000e+01  1.00000e+06  3.80908e-04
6.334549816e+00  7.5037185e+01  1.00000e+06  3.81731e-04
6.337717091e+00  7.5040369e+01  1.00000e+06  3.82651e-04
6.340885950e+00  7.5043552e+01  1.00000e+06  3.83736e-04
6.344056393e+00  7.5046733e+01  1.00000e+06  3.85029e-04
6.347228421e+00  7.5049912e+01  1.00000e+06  3.86535e-04
6.350402035e+00  7.5053090e+01  1.00000e+06  3.88221e-04
6.353577236e+00  7.5056266e+01  1.00000e+06  3.90031e-04
6.356754025e+00  7.5059441e+01  1.00000e+06  3.91899e-04
6.359932402e+00  7.5062613e+01  1.00000e+06  3.93773e-04
6.363112368e+00  7.5065785e+01  1.00000e+06  3.95626e-04
6.366293924e+00  7.5068954e+01  1.00000e+06  3.97458e-04
6.369477071e+00  7.5072122e+01  1.00000e+06  3.99285e-04
6.372661810e+00  7.5075287e+01  1.00000e+06  4.01126e-04
6.375848140e+00  7.5078452e+01  1.00000e+06  4.02988e-04
6.379036064e+00  7.5081614e+01  1.00000e+06  4.04858e-04
6.382225583e+00  7.5084775e+01  1.00000e+06  4.06701e-04
6.385416695e+00  7.5087934e+01  1.00000e+06  4.08469e-04
6.388609404e+00  7.5091091e+01  1.00000e+06  4.10114e-04
6.391803708e+00  7.5094246e+01  1.00000e+06  4.11597e-04
6.394999610e+00  7.5097400e+01  1.00000e+06  4.12907e-04
6.398197110e+00  7.5100551e+01  1.00000e+06  4.14062e-04
6.401396209e+00  7.5103701e+01  1.00000e+06  4.15118e-04
6.404596907e+00  7.5106849e+01  1.00000e+06  4.16159e-04
6.407799205e+00  7.5109995e+01  1.00000e+06  4.17286e-04
6.411003105e+00  7.5113140e+01  1.00000e+06  4.18598e-04
6.414208606e+00  7.5116284e+01  1.00000e+06  4.20174e-04
6.417415711e+00  7.5119426e+01  1.00000e+06  4.22055e-04
6.420624418e+00  7.5122566e+01  1.00000e+06  4.24237e-04
6.423834731e+00  7.5125705e+01  1.00000e+06  4.26677e-04
6.427046648e+00  7.5128843e+01  1.00000e+06  4.29301e-04
6.430260171e+00  7.5131979e+01  1.00000e+06  4.32022e-04
6.433475301e+00  7.5135113e+01  1.00000e+06  4.34758e-04
6.436692039e+00  7.5138246e+01  1.00000e+06  4.37440e-04
6.439910385e+00  7.5141377e+01  1.00000e+06  4.40021e-04
6.443130340e+00  7.5144506e+01  1.00000e+06  4.42477e-04
6.446351905e+00  7.5147633e+01  1.00000e+06  4.44799e-04
6.449575081e+00  7.5150758e+01  1.00000e+06  4.46988e-04
6.452799869e+00  7.5153881e+01  1.00000e+06  4.49051e-04
6.456026269e+00  7.5157003e+01  1.00000e+06  4.50993e-04
6.459254282e+00  7.5160123e+01  1.00000e+06  4.52817e-04
6.462483909e+00  7.5163241e+01  1.00000e+06  4.54524e-04
6.465715151e+00  7.5166357e+01  1.00000e+06  4.56116e-04
6.468948009e+00  7.5169472e+01  1.00000e+06  4.57606e-04
6.472182483e+00  7.5172584e+01  1.00000e+06  4.59017e-04
6.475418574e+00  7.5175695e+01  1.00000e+06  4.60386e-04
6.478656283e+00  7.5178805e+01  1.00000e+06  4.61770e-04
6.481895611e+00  7.5181912e+01  1.00000e+06  4.63233e-04
6.485136559e+00  7.5185018e+01  1.00000e+06  4.64843e-04
6.488379127e+00  7.5188123e+01  1.00000e+06  4.66654e-04
6.491623317e+00  7.5191226e+01  1.00000e+06  4.68702e-04
6.494869129e+00  7.5194328e+01  1.00000e+06  4.70989e-04
6.498116563e+00  7.5197428e+01  1.00000e+06  4.73485e-04
6.501365622e+00  7.5200527e+01  1.00000e+06  4.76132e-04
6.504616304e+00  7.5203624e+01  1.00000e+06  4.78858e-04
6.507868612e+00  7.5206720e+01  1.00000e+06  4.81591e-04
6.511122547e+00  7.5209814e+01  1.00000e+06  4.84272e-04
6.514378108e+00  7.5212906e+01  1.00000e+06  4.86870e-04
6.517635297e+00  7.5215996e+01  1.00000e+06  4.89375e-04
6.520894115e+00  7.5219084e+01  1.00000e+06  4.91801e-04
6.524154562e+00  7.5222171e+01  1.00000e+06  4.94173e-04
6.527416639e+00  7.5225256e+01  1.00000e+06  4.96519e-04
6.530680347e+00  7.5228339e+01  1.00000e+06  4.98862e-04
6.533945688e+00  7.5231421e+01  1.00000e+06  5.01213e-04
6.537212660e+00  7.5234501e+01  1.00000e+06  5.03573e-04
6.540481267e+00  7.5237580e+01  1.00000e+06  5.05933e-04
6.543751507e+00  7.5240656e+01  1.00000e+06  5.08279e-04
6.547023383e+00  7.5243731e+01  1.00000e+06  5.10594e-04
6.550296895e+00  7.5246805e+01  1.00000e+06  5.12865e-04
6.553572043e+00  7.5249876e+01  1.00000e+06  5.15086e-04
6.556848829e+00  7.5252946e+01  1.00000e+06  5.17259e-04
6.560127254e+00  7.5256014e+01  1.00000e+06  5.19399e-04
6.563407317e+00  7.5259081e+01  1.00000e+06  5.21525e-04
6.566689021e+00  7.5262146e+01  1.00000e+06  5.23661e-04
6.569972366e+00  7.5265209e+01  1.00000e+06  5.25829e-04
6.573257352e+00  7.5268270e+01  1.00000e+06  5.28039e-04
6.576543980e+00  7.5271330e+01  1.00000e+06  5.30293e-04
6.579832252e+00  7.5274389e+01  1.00000e+06  5.32583e-04
6.583122169e+00  7.5277445e+01  1.00000e+06  5.34896e-04
6.586413730e+00  7.5280501e+01  1.00000e+06  5.37216e-04
6.589706936e+00  7.5283554e+01  1.00000e+06  5.39536e-04
6.593001790e+00  7.5286606e+01  1.00000e+06  5.41854e-04
6.596298291e+00  7.5289656e+01  1.00000e+06  5.44180e-04
6.599596440e+00  7.5292704e+01  1.00000e+06  5.46526e-04
6.602896238e+00  7.5295751e+01  1.00000e+06  5.48908e-04
6.606197686e+00  7.5298797e+01  1.00000e+06  5.51336e-04
6.609500785e+00  7.5301840e+01  1.00000e+06  5.53814e-04
6.612805536e+00  7.5304882e+01  1.00000e+06  5.56335e-04
6.616111938e+00  7.5307923e+01  1.00000e+06  5.58883e-04
6.619419994e+00  7.5310962e+01  1.00000e+06  5.61441e-04
6.622729704e+00  7.5313999e+01  1.00000e+06  5.63990e-04
6.626041069e+00  7.5317034e+01  1.00000e+06  5.66520e-04
6.629354090e+00  7.5320068e+01  1.00000e+06  5.69028e-04
6.632668767e+00  7.5323100e+01  1.00000e+06  5.71520e-04
6.635985101e+00  7.5326131e+01  1.00000e+06  5.74010e-04
6.639303094e+00  7.5329160e+01  1.00000e+06  5.76512e-04
6.642622745e+00  7.5332187e+01  1.00000e+06  5.79039e-04
6.645944057e+00  7.5335213e+01  1.00000e+06  5.81602e-04
6.649267029e+00  7.5338237e+01  1.00000e+06  5.84209e-04
6.652591662e+00  7.5341259e+01  1.00000e+06  5.86863e-04
6.655917958e+00  7.5344280e+01  1.00000e+06  5.89561e-04
6.659245917e+00  7.5347300e+01  1.00000e+06  5.92294e-04
6.662575540e+00  7.5350317e+01  1.00000e+06  5.95040e-04
6.665906828e+00  7.5353333e+01  1.00000e+06  5.97768e-04
6.669239781e+00  7.5356348e+01  1.00000e+06  6.00440e-04
6.672574401e+00  7.5359360e+01  1.00000e+06  6.03021e-04
6.675910688e+00  7.5362371e+01  1.00000e+06  6.05488e-04
6.679248644e+00  7.5365380e+01  1.00000e+06  6.07843e-04
6.682588268e+00  7.5368388e+01  1.00000e+06  6.10115e-04
6.685929562e+00  7.5371393e+01  1.00000e+06  6.12359e-04
6.689272527e+00  7.5374398e+01  1.00000e+06  6.14645e-04
6.692617163e+00  7.5377400e+01  1.00000e+06  6.17037e-04
6.695963472e+00  7.5380402e+01  1.00000e+06  6.19576e-04
6.699311453e+00  7.5383401e+01  1.00000e+06  6.22260e-04
6.702661109e+00  7.5386399e+01  1.00000e+06  6.25045e-04
6.706012440e+00  7.5389396e+01  1.00000e+06  6.27845e-04
6.709365446e+00  7.5392391e+01  1.00000e+06  6.30551e-04
6.712720129e+00  7.5395384e+01  1.00000e+06  6.33057e-04
6.716076489e+00  7.5398375e+01  1.00000e+06  6.35284e-04
6.719434527e+00  7.5401364e+01  1.00000e+06  6.37197e-04
6.722794244e+00  7.5404352e+01  1.00000e+06  6.38812e-04
6.726155641e+00  7.5407337e+01  1.00000e+06  6.40194e-04
6.729518719e+00  7.5410321e+01  1.00000e+06  6.41444e-04
6.732883478e+00  7.5413303e+01  1.00000e+06  6.42679e-04
6.736249920e+00  7.5416284e+01  1.00000e+06  6.44010e-04
6.739618045e+00  7.5419263e+01  1.00000e+06  6.45534e-04
6.742987854e+00  7.5422240e+01  1.00000e+06  6.47322e-04
6.746359348e+00  7.5425217e+01  1.00000e+06  6.49428e-04
6.749732528e+00  7.5428192e+01  1.00000e+06  6.51891e-04
6.753107394e+00  7.5431166e+01  1.00000e+06  6.54742e-04
6.756483948e+00  7.5434139e+01  1.00000e+06  6.58005e-04
6.759862190e+00  7.5437111e+01  1.00000e+06  6.61686e-04
6.763242121e+00  7.5440081e+01  1.00000e+06  6.65762e-04
6.766623742e+00  7.5443050e+01  1.00000e+06  6.70169e-04
6.770007054e+00  7.5446018e+01  1.00000e+06  6.74794e-04
6.773392057e+00  7.5448984e+01  1.00000e+06  6.79482e-04
6.776778753e+00  7.5451949e+01  1.00000e+06  6.84054e-04
6.780167143e+00  7.5454911e+01  1.00000e+06  6.88330e-04
6.783557226e+00  7.5457872e+01  1.00000e+06  6.92164e-04
6.786949005e+00  7.5460831e+01  1.00000e+06  6.95469e-04
6.790342479e+00  7.5463787e+01  1.00000e+06  6.98240e-04
6.793737651e+00  7.5466741e+01  1.00000e+06  7.00555e-04
6.797134519e+00  7.5469693e+01  1.00000e+06  7.02566e-04
6.800533087e+00  7.5472644e+01  1.00000e+06  7.04468e-04
6.803933353e+00  7.5475593e+01  1.00000e+06  7.06458e-04
6.807335320e+00  7.5478541e+01  1.00000e+06  7.08696e-04
6.810738988e+00  7.5481488e+01  1.00000e+06  7.11269e-04
6.814144357e+00  7.5484433e+01  1.00000e+06  7.14181e-04
6.817551429e+00  7.5487377e+01  1.00000e+06  7.17363e-04
6.820960205e+00  7.5490319e+01  1.00000e+06  7.20709e-04
6.824370685e+00  7.5493260e+01  1.00000e+06  7.24122e-04
6.827782870e+00  7.5496200e+01  1.00000e+06  7.27546e-04
6.831196762e+00  7.5499138e+01  1.00000e+06  7.30993e-04
6.834612360e+00  7.5502074e+01  1.00000e+06  7.34530e-04
6.838029666e+00  7.5505009e+01  1.00000e+06  7.38250e-04
6.841448681e+00  7.5507943e+01  1.00000e+06  7.42223e-04
6.844869406e+00  7.5510875e+01  1.00000e+06  7.46456e-04
6.848291840e+00  7.5513806e+01  1.00000e+06  7.50871e-04
6.851715986e+00  7.5516735e+01  1.00000e+06  7.55304e-04
6.855141844e+00  7.5519663e+01  1.00000e+06  7.59543e-04
6.858569415e+00  7.5522589e+01  1.00000e+06  7.63369e-04
6.861998700e+00  7.5525512e+01  1.00000e+06  7.66610e-04
6.865429699e+00  7.5528433e+01  1.00000e+06  7.69178e-04
6.868862414e+00  7.5531352e+01  1.00000e+06  7.71090e-04
6.872296845e+00  7.5534269e+01  1.00000e+06  7.72461e-04
6.875732994e+00  7.5537184e+01  1.00000e+06  7.73483e-04
6.879170860e+00  7.5540097e+01  1.00000e+06  7.74383e-04
6.882610446e+00  7.5543009e+01  1.00000e+06  7.75377e-04
6.886051751e+00  7.5545919e+01  1.00000e+06  7.76629e-04
6.889494777e+00  7.5548828e+01  1.00000e+06  7.78226e-04
6.892939524e+00  7.5551736e+01  1.00000e+06  7.80162e-04
6.896385994e+00  7.5554643e+01  1.00000e+06  7.82350e-04
6.899834187e+00  7.5557548e+01  1.00000e+06  7.84651e-04
6.903284104e+00  7.5560451e+01  1.00000e+06  7.86916e-04
6.906735746e+00  7.5563353e+01  1.00000e+06  7.89027e-04
6.910189114e+00  7.5566253e+01  1.00000e+06  7.90939e-04
6.913644208e+00  7.5569152e+01  1.00000e+06  7.92686e-04
6.917101030e+00  7.5572048e+01  1.00000e+06  7.94384e-04
6.920559581e+00  7.5574944e+01  1.00000e+06  7.96205e-04
6.924019861e+00  7.5577838e+01  1.00000e+06  7.98342e-04
6.927481871e+00  7.5580731e+01  1.00000e+06  8.00977e-04
6.930945612e+00  7.5583623e+01  1.00000e+06  8.04248e-04
6.934411084e+00  7.5586514e+01  1.00000e+06  8.08226e-04
6.937878290e+00  7.5589404e+01  1.00000e+06  8.12908e-04
6.941347229e+00  7.5592294e+01  1.00000e+06  8.18203e-04
6.944817903e+00  7.5595182e+01  1.00000e+06  8.23943e-04
6.948290312e+00  7.5598069e+01  1.00000e+06  8.29890e-04
6.951764457e+00  7.5600954e+01  1.00000e+06  8.35776e-04
6.955240339e+00  7.5603838e+01  1.00000e+06  8.41335e-04
6.958717959e+00  7.5606719e+01  1.00000e+06  8.46357e-04
6.962197318e+00  7.5609598e+01  1.00000e+06  8.50722e-04
6.965678417e+00  7.5612475e+01  1.00000e+06  8.54424e-04
6.969161256e+00  7.5615350e+01  1.00000e+06  8.57556e-04
6.972645837e+00  7.5618223e+01  1.00000e+06  8.60278e-04
6.976132160e+00  7.5621094e+01  1.00000e+06  8.62769e-04
6.979620226e+00  7.5623963e+01  1.00000e+06  8.65180e-04
6.983110036e+00  7.5626831e+01  1.00000e+06  8.67605e-04
6.986601591e+00  7.5629697e+01  1.00000e+06  8.70085e-04
6.990094892e+00  7.5632562e+01  1.00000e+06  8.72626e-04
6.993589939e+00  7.5635426e+01  1.00000e+06  8.75239e-04
6.997086734e+00  7.5638288e+01  1.00000e+06  8.77963e-04
7.000585277e+00  7.5641148e+01  1.00000e+06  8.80877e-04
7.004085570e+00  7.5644008e+01  1.00000e+06  8.84087e-04
7.007587613e+00  7.5646866e+01  1.00000e+06  8.87694e-04
7.011091407e+00  7.5649723e+01  1.00000e+06  8.91768e-04
7.014596952e+00  7.5652579e+01  1.00000e+06  8.96324e-04
7.018104251e+00  7.5655434e+01  1.00000e+06  9.01325e-04
7.021613303e+00  7.5658288e+01  1.00000e+06  9.06681e-04
7.025124110e+00  7.5661140e+01  1.00000e+06  9.12274e-04
7.028636672e+00  7.5663991e+01  1.00000e+06  9.17957e-04
7.032150990e+00  7.5666841e+01  1.00000e+06  9.23560e-04
7.035667065e+00  7.5669689e+01  1.00000e+06  9.28891e-04
7.039184899e+00  7.5672534e+01  1.00000e+06  9.33737e-04
7.042704491e+00  7.5675378e+01  1.00000e+06  9.37897e-04
7.046225844e+00  7.5678219e+01  1.00000e+06  9.41217e-04
7.049748957e+00  7.5681057e+01  1.00000e+06  9.43630e-04
7.053273831e+00  7.5683893e+01  1.00000e+06  9.45188e-04
7.056800468e+00  7.5686727e+01  1.00000e+06  9.46060e-04
7.060328868e+00  7.5689560e+01  1.00000e+06  9.46507e-04
7.063859033e+00  7.5692390e+01  1.00000e+06  9.46827e-04
7.067390962e+00  7.5695219e+01  1.00000e+06  9.47301e-04
7.070924658e+00  7.5698047e+01  1.00000e+06  9.48140e-04
7.074460120e+00  7.5700874e+01  1.00000e+06  9.49467e-04
7.077997350e+00  7.5703699e+01  1.00000e+06  9.51322e-04
7.081536349e+00  7.5706524e+01  1.00000e+06  9.53684e-04
7.085077117e+00  7.5709348e+01  1.00000e+06  9.56511e-04
7.088619655e+00  7.5712171e+01  1.00000e+06  9.59764e-04
7.092163965e+00  7.5714992e+01  1.00000e+06  9.63422e-04
7.095710047e+00  7.5717813e+01  1.00000e+06  9.67476e-04
7.099257902e+00  7.5720632e+01  1.00000e+06  9.71904e-04
7.102807531e+00  7.5723450e+01  1.00000e+06  9.76659e-04
7.106358935e+00  7.5726267e+01  1.00000e+06  9.81656e-04
7.109912115e+00  7.5729082e+01  1.00000e+06  9.86791e-04
7.113467071e+00  7.5731896e+01  1.00000e+06  9.91966e-04
7.117023804e+00  7.5734708e+01  1.00000e+06  9.97134e-04
7.120582316e+00  7.5737519e+01  1.00000e+06  1.00231e-03
7.124142607e+00  7.5740329e+01  1.00000e+06  1.00760e-03
7.127704678e+00  7.5743137e+01  1.00000e+06  1.01312e-03
7.131268531e+00  7.5745944e+01  1.00000e+06  1.01899e-03
7.134834165e+00  7.5748750e+01  1.00000e+06  1.02527e-03
7.138401582e+00  7.5751555e+01  1.00000e+06  1.03192e-03
7.141970783e+00  7.5754358e+01  1.00000e+06  1.03880e-03
7.145541768e+00  7.5757160e+01  1.00000e+06  1.04569e-03
7.149114539e+00  7.5759961e+01  1.00000e+06  1.05232e-03
7.152689096e+00  7.5762759e+01  1.00000e+06  1.05844e-03
7.156265441e+00  7.5765555e+01  1.00000e+06  1.06383e-03
7.159843574e+00  7.5768349e+01  1.00000e+06  1.06833e-03
7.163423496e+00  7.5771140e+01  1.00000e+06  1.07186e-03
7.167005207e+00  7.5773928e+01  1.00000e+06  1.07447e-03
7.170588710e+00  7.5776715e+01  1.00000e+06  1.07628e-03
7.174174004e+00  7.5779499e+01  1.00000e+06  1.07755e-03
7.177761091e+00  7.5782282e+01  1.00000e+06  1.07861e-03
7.181349972e+00  7.5785063e+01  1.00000e+06  1.07984e-03
7.184940647e+00  7.5787844e+01  1.00000e+06  1.08156e-03
7.188533117e+00  7.5790623e+01  1.00000e+06  1.08399e-03
7.192127384e+00  7.5793402e+01  1.00000e+06  1.08720e-03
7.195723447e+00  7.5796180e+01  1.00000e+06  1.09109e-03
7.199321309e+00  7.5798957e+01  1.00000e+06  1.09542e-03
7.202920970e+00  7.5801733e+01  1.00000e+06  1.09987e-03
7.206522430e+00  7.5804506e+01  1.00000e+06  1.10418e-03
7.210125691e+00  7.5807279e+01  1.00000e+06  1.10812e-03
7.213730754e+00  7.5810049e+01  1.00000e+06  1.11164e-03
7.217337620e+00  7.5812817e+01  1.00000e+06  1.11480e-03
7.220946288e+00  7.5815584e+01  1.00000e+06  1.11781e-03
7.224556762e+00  7.5818349e+01  1.00000e+06  1.12089e-03
7.228169040e+00  7.5821113e+01  1.00000e+06  1.12432e-03
7.231783125e+00  7.5823876e+01  1.00000e+06  1.12829e-03
7.235399016e+00  7.5826639e+01  1.00000e+06  1.13297e-03
7.239016716e+00  7.5829400e+01  1.00000e+06  1.13843e-03
7.242636224e+00  7.5832161e+01  1.00000e+06  1.14469e-03
7.246257542e+00  7.5834922e+01  1.00000e+06  1.15171e-03
7.249880671e+00  7.5837681e+01  1.00000e+06  1.15941e-03
7.253505611e+00  7.5840440e+01  1.00000e+06  1.16766e-03
7.257132364e+00  7.5843197e+01  1.00000e+06  1.17626e-03
7.260760930e+00  7.5845953e+01  1.00000e+06  1.18498e-03
7.264391311e+00  7.5848707e+01  1.00000e+06  1.19355e-03
7.268023506e+00  7.5851460e+01  1.00000e+06  1.20171e-03
7.271657518e+00  7.5854210e+01  1.00000e+06  1.20922e-03
7.275293347e+00  7.5856958e+01  1.00000e+06  1.21595e-03
7.278930993e+00  7.5859704e+01  1.00000e+06  1.22192e-03
7.282570459e+00  7.5862448e+01  1.00000e+06  1.22725e-03
7.286211744e+00  7.5865190e+01  1.00000e+06  1.23220e-03
7.289854850e+00  7.5867930e+01  1.00000e+06  1.23708e-03
7.293499777e+00  7.5870669e+01  1.00000e+06  1.24215e-03
7.297146527e+00  7.5873408e+01  1.00000e+06  1.24764e-03
7.300795101e+00  7.5876145e+01  1.00000e+06  1.25366e-03
7.304445498e+00  7.5878881e+01  1.00000e+06  1.26022e-03
7.308097721e+00  7.5881616e+01  1.00000e+06  1.26732e-03
7.311751770e+00  7.5884350e+01  1.00000e+06  1.27488e-03
7.315407646e+00  7.5887083e+01  1.00000e+06  1.28284e-03
7.319065350e+00  7.5889815e+01  1.00000e+06  1.29111e-03
7.322724882e+00  7.5892546e+01  1.00000e+06  1.29958e-03
7.326386245e+00  7.5895275e+01  1.00000e+06  1.30811e-03
7.330049438e+00  7.5898003e+01  1.00000e+06  1.31653e-03
7.333714462e+00  7.5900729e+01  1.00000e+06  1.32470e-03
7.337381320e+00  7.5903453e+01  1.00000e+06  1.33247e-03
7.341050010e+00  7.5906176e+01  1.00000e+06  1.33980e-03
7.344720535e+00  7.5908896e+01  1.00000e+06  1.34671e-03
7.348392896e+00  7.5911615e+01  1.00000e+06  1.35330e-03
7.352067092e+00  7.5914332e+01  1.00000e+06  1.35974e-03
7.355743126e+00  7.5917047e+01  1.00000e+06  1.36619e-03
7.359420997e+00  7.5919761e+01  1.00000e+06  1.37280e-03
7.363100708e+00  7.5922474e+01  1.00000e+06  1.37966e-03
7.366782258e+00  7.5925186e+01  1.00000e+06  1.38678e-03
7.370465649e+00  7.5927897e+01  1.00000e+06  1.39407e-03
7.374150882e+00  7.5930606e+01  1.00000e+06  1.40144e-03
7.377837957e+00  7.5933314e+01  1.00000e+06  1.40876e-03
7.381526876e+00  7.5936020e+01  1.00000e+06  1.41591e-03
7.385217640e+00  7.5938724e+01  1.00000e+06  1.42283e-03
7.388910249e+00  7.5941427e+01  1.00000e+06  1.42948e-03
7.392604704e+00  7.5944128e+01  1.00000e+06  1.43588e-03
7.396301006e+00  7.5946827e+01  1.00000e+06  1.44207e-03
7.399999157e+00  7.5949525e+01  1.00000e+06  1.44814e-03
7.403699156e+00  7.5952221e+01  1.00000e+06  1.45416e-03
7.407401006e+00  7.5954916e+01  1.00000e+06  1.46020e-03
7.411104706e+00  7.5957609e+01  1.00000e+06  1.46630e-03
7.414810259e+00  7.5960301e+01  1.00000e+06  1.47246e-03
7.418517664e+00  7.5962992e+01  1.00000e+06  1.47868e-03
7.422226923e+00  7.5965681e+01  1.00000e+06  1.48497e-03
7.425938036e+00  7.5968369e+01  1.00000e+06  1.49136e-03
7.429651005e+00  7.5971055e+01  1.00000e+06  1.49793e-03
7.433365831e+00  7.5973741e+01  1.00000e+06  1.50474e-03
7.437082514e+00  7.5976425e+01  1.00000e+06  1.51183e-03
7.440801055e+00  7.5979108e+01  1.00000e+06  1.51915e-03
7.444521455e+00  7.5981790e+01  1.00000e+06  1.52660e-03
7.448243716e+00  7.5984470e+01  1.00000e+06  1.53400e-03
7.451967838e+00  7.5987149e+01  1.00000e+06  1.54116e-03
7.455693822e+00  7.5989826e+01  1.00000e+06  1.54793e-03
7.459421669e+00  7.5992500e+01  1.00000e+06  1.55422e-03
7.463151380e+00  7.5995173e+01  1.00000e+06  1.56001e-03
7.466882955e+00  7.5997844e+01  1.00000e+06  1.56533e-03
7.470616397e+00  7.6000513e+01  1.00000e+06  1.57028e-03
7.474351705e+00  7.6003181e+01  1.00000e+06  1.57498e-03
7.478088881e+00  7.6005847e+01  1.00000e+06  1.57958e-03
7.481827925e+00  7.6008512e+01  1.00000e+06  1.58424e-03
7.485568839e+00  7.6011175e+01  1.00000e+06  1.58908e-03
7.489311624e+00  7.6013837e+01  1.00000e+06  1.59421e-03
7.493056279e+00  7.6016498e+01  1.00000e+06  1.59962e-03
7.496802808e+00  7.6019158e+01  1.00000e+06  1.60526e-03
7.500551209e+00  7.6021817e+01  1.00000e+06  1.61102e-03
7.504301485e+00  7.6024474e+01  1.00000e+06  1.61682e-03
7.508053635e+00  7.6027129e+01  1.00000e+06  1.62263e-03
7.511807662e+00  7.6029784e+01  1.00000e+06  1.62844e-03
7.515563566e+00  7.6032437e+01  1.00000e+06  1.63431e-03
7.519321348e+00  7.6035088e+01  1.00000e+06  1.64024e-03
7.523081008e+00  7.6037739e+01  1.00000e+06  1.64620e-03
7.526842549e+00  7.6040387e+01  1.00000e+06  1.65209e-03
7.530605970e+00  7.6043034e+01  1.00000e+06  1.65775e-03
7.534371273e+00  7.6045680e+01  1.00000e+06  1.66310e-03
7.538138459e+00  7.6048323e+01  1.00000e+06  1.66809e-03
7.541907528e+00  7.6050965e+01  1.00000e+06  1.67277e-03
7.545678482e+00  7.6053605e+01  1.00000e+06  1.67726e-03
7.549451321e+00  7.6056244e+01  1.00000e+06  1.68165e-03
7.553226047e+00  7.6058881e+01  1.00000e+06  1.68601e-03
7.557002660e+00  7.6061517e+01  1.00000e+06  1.69033e-03
7.560781161e+00  7.6064151e+01  1.00000e+06  1.69454e-03
7.564561552e+00  7.6066784e+01  1.00000e+06  1.69861e-03
7.568343832e+00  7.6069415e+01  1.00000e+06  1.70250e-03
7.572128004e+00  7.6072045e+01  1.00000e+06  1.70626e-03
7.575914068e+00  7.6074673e+01  1.00000e+06  1.70993e-03
7.579702025e+00  7.6077299e+01  1.00000e+06  1.71358e-03
7.583491876e+00  7.6079925e+01  1.00000e+06  1.71724e-03
7.587283622e+00  7.6082548e+01  1.00000e+06  1.72094e-03
7.591077264e+00  7.6085171e+01  1.00000e+06  1.72472e-03
7.594872803e+00  7.6087792e+01  1.00000e+06  1.72870e-03
7.598670239e+00  7.6090413e+01  1.00000e+06  1.73307e-03
7.602469574e+00  7.6093032e+01  1.00000e+06  1.73809e-03
7.606270809e+00  7.6095651e+01  1.00000e+06  1.74402e-03
7.610073944e+00  7.6098270e+01  1.00000e+06  1.75105e-03
7.613878981e+00  7.6100889e+01  1.00000e+06  1.75927e-03
7.617685921e+00  7.6103507e+01  1.00000e+06  1.76868e-03
7.621494764e+00  7.6106125e+01  1.00000e+06  1.77922e-03
7.625305511e+00  7.6108743e+01  1.00000e+06  1.79083e-03
7.629118164e+00  7.6111360e+01  1.00000e+06  1.80349e-03
7.632932723e+00  7.6113977e+01  1.00000e+06  1.81723e-03
7.636749189e+00  7.6116594e+01  1.00000e+06  1.83203e-03
7.640567564e+00  7.6119210e+01  1.00000e+06  1.84783e-03
7.644387848e+00  7.6121826e+01  1.00000e+06  1.86440e-03
7.648210042e+00  7.6124441e+01  1.00000e+06  1.88138e-03
7.652034147e+00  7.6127054e+01  1.00000e+06  1.89832e-03
7.655860164e+00  7.6129665e+01  1.00000e+06  1.91471e-03
7.659688094e+00  7.6132274e+01  1.00000e+06  1.93012e-03
7.663517938e+00  7.6134880e+01  1.00000e+06  1.94423e-03
7.667349697e+00  7.6137484e+01  1.00000e+06  1.95689e-03
7.671183372e+00  7.6140084e+01  1.00000e+06  1.96808e-03
7.675018963e+00  7.6142682e+01  1.00000e+06  1.97787e-03
7.678856473e+00  7.6145277e+01  1.00000e+06  1.98644e-03
7.682695901e+00  7.6147870e+01  1.00000e+06  1.99400e-03
7.686537249e+00  7.6150460e+01  1.00000e+06  2.00075e-03
7.690380518e+00  7.6153049e+01  1.00000e+06  2.00691e-03
7.694225708e+00  7.6155636e+01  1.00000e+06  2.01265e-03
7.698072821e+00  7.6158221e+01  1.00000e+06  2.01806e-03
7.701921857e+00  7.6160804e+01  1.00000e+06  2.02319e-03
7.705772818e+00  7.6163386e+01  1.00000e+06  2.02794e-03
7.709625705e+00  7.6165966e+01  1.00000e+06  2.03217e-03
7.713480517e+00  7.6168543e+01  1.00000e+06  2.03571e-03
7.717337258e+00  7.6171119e+01  1.00000e+06  2.03841e-03
7.721195926e+00  7.6173692e+01  1.00000e+06  2.04029e-03
7.725056524e+00  7.6176263e+01  1.00000e+06  2.04155e-03
7.728919053e+00  7.6178833e+01  1.00000e+06  2.04262e-03
7.732783512e+00  7.6181401e+01  1.00000e+06  2.04410e-03
7.736649904e+00  7.6183970e+01  1.00000e+06  2.04664e-03
7.740518229e+00  7.6186538e+01  1.00000e+06  2.05074e-03
7.744388488e+00  7.6189107e+01  1.00000e+06  2.05664e-03
7.748260682e+00  7.6191676e+01  1.00000e+06  2.06422e-03
7.752134813e+00  7.6194246e+01  1.00000e+06  2.07301e-03
7.756010880e+00  7.6196814e+01  1.00000e+06  2.08237e-03
7.759888885e+00  7.6199381e+01  1.00000e+06  2.09166e-03
7.763768830e+00  7.6201946e+01  1.00000e+06  2.10048e-03
7.767650714e+00  7.6204509e+01  1.00000e+06  2.10874e-03
7.771534540e+00  7.6207070e+01  1.00000e+06  2.11666e-03
7.775420307e+00  7.6209630e+01  1.00000e+06  2.12461e-03
7.779308017e+00  7.6212189e+01  1.00000e+06  2.13291e-03
7.783197671e+00  7.6214747e+01  1.00000e+06  2.14163e-03
7.787089270e+00  7.6217304e+01  1.00000e+06  2.15058e-03
7.790982815e+00  7.6219859e+01  1.00000e+06  2.15934e-03
7.794878306e+00  7.6222413e+01  1.00000e+06  2.16743e-03
7.798775745e+00  7.6224964e+01  1.00000e+06  2.17461e-03
7.802675133e+00  7.6227513e+01  1.00000e+06  2.18091e-03
7.806576471e+00  7.6230060e+01  1.00000e+06  2.18675e-03
7.810479759e+00  7.6232605e+01  1.00000e+06  2.19273e-03
7.814384999e+00  7.6235150e+01  1.00000e+06  2.19946e-03
7.818292191e+00  7.6237695e+01  1.00000e+06  2.20732e-03
7.822201337e+00  7.6240240e+01  1.00000e+06  2.21631e-03
7.826112438e+00  7.6242784e+01  1.00000e+06  2.22608e-03
7.830025494e+00  7.6245327e+01  1.00000e+06  2.23606e-03
7.833940507e+00  7.6247868e+01  1.00000e+06  2.24573e-03
7.837857477e+00  7.6250408e+01  1.00000e+06  2.25481e-03
7.841776406e+00  7.6252945e+01  1.00000e+06  2.26340e-03
7.845697294e+00  7.6255481e+01  1.00000e+06  2.27197e-03
7.849620143e+00  7.6258016e+01  1.00000e+06  2.28114e-03
7.853544953e+00  7.6260552e+01  1.00000e+06  2.29148e-03
7.857471725e+00  7.6263087e+01  1.00000e+06  2.30330e-03
7.861400461e+00  7.6265622e+01  1.00000e+06  2.31650e-03
7.865331161e+00  7.6268157e+01  1.00000e+06  2.33057e-03
7.869263827e+00  7.6270691e+01  1.00000e+06  2.34475e-03
7.873198459e+00  7.6273222e+01  1.00000e+06  2.35825e-03
7.877135058e+00  7.6275751e+01  1.00000e+06  2.37043e-03
7.881073626e+00  7.6278277e+01  1.00000e+06  2.38099e-03
7.885014162e+00  7.6280800e+01  1.00000e+06  2.39002e-03
7.888956669e+00  7.6283320e+01  1.00000e+06  2.39793e-03
7.892901148e+00  7.6285839e+01  1.00000e+06  2.40539e-03
7.896847598e+00  7.6288357e+01  1.00000e+06  2.41305e-03
7.900796022e+00  7.6290874e+01  1.00000e+06  2.42145e-03
7.904746420e+00  7.6293390e+01  1.00000e+06  2.43081e-03
7.908698793e+00  7.6295906e+01  1.00000e+06  2.44100e-03
7.912653143e+00  7.6298422e+01  1.00000e+06  2.45151e-03
7.916609469e+00  7.6300935e+01  1.00000e+06  2.46158e-03
7.920567774e+00  7.6303445e+01  1.00000e+06  2.47034e-03
7.924528058e+00  7.6305953e+01  1.00000e+06  2.47706e-03
7.928490322e+00  7.6308456e+01  1.00000e+06  2.48134e-03
7.932454567e+00  7.6310956e+01  1.00000e+06  2.48320e-03
7.936420794e+00  7.6313452e+01  1.00000e+06  2.48317e-03
7.940389005e+00  7.6315947e+01  1.00000e+06  2.48214e-03
7.944359199e+00  7.6318439e+01  1.00000e+06  2.48120e-03
7.948331379e+00  7.6320932e+01  1.00000e+06  2.48133e-03
7.952305545e+00  7.6323425e+01  1.00000e+06  2.48321e-03
7.956281697e+00  7.6325919e+01  1.00000e+06  2.48704e-03
7.960259838e+00  7.6328413e+01  1.00000e+06  2.49252e-03
7.964239968e+00  7.6330906e+01  1.00000e+06  2.49898e-03
7.968222088e+00  7.6333399e+01  1.00000e+06  2.50564e-03
7.972206199e+00  7.6335890e+01  1.00000e+06  2.51189e-03
7.976192302e+00  7.6338378e+01  1.00000e+06  2.51744e-03
7.980180398e+00  7.6340865e+01  1.00000e+06  2.52248e-03
7.984170489e+00  7.6343351e+01  1.00000e+06  2.52760e-03
7.988162574e+00  7.6345836e+01  1.00000e+06  2.53358e-03
7.992156655e+00  7.6348321e+01  1.00000e+06  2.54113e-03
7.996152734e+00  7.6350807e+01  1.00000e+06  2.55072e-03
8.000150810e+00  7.6353294e+01  1.00000e+06  2.56238e-03
8.004150885e+00  7.6355781e+01  1.00000e+06  2.57569e-03
8.008152961e+00  7.6358268e+01  1.00000e+06  2.58991e-03
8.012157037e+00  7.6360754e+01  1.00000e+06  2.60415e-03
8.016163116e+00  7.6363237e+01  1.00000e+06  2.61755e-03
8.020171197e+00  7.6365717e+01  1.00000e+06  2.62945e-03
8.024181283e+00  7.6368195e+01  1.00000e+06  2.63955e-03
8.028193374e+00  7.6370669e+01  1.00000e+06  2.64784e-03
8.032207470e+00  7.6373140e+01  1.00000e+06  2.65460e-03
8.036223574e+00  7.6375609e+01  1.00000e+06  2.66029e-03
8.040241686e+00  7.6378076e+01  1.00000e+06  2.66541e-03
8.044261807e+00  7.6380542e+01  1.00000e+06  2.67041e-03
8.048283938e+00  7.6383006e+01  1.00000e+06  2.67564e-03
8.052308079e+00  7.6385470e+01  1.00000e+06  2.68136e-03
8.056334234e+00  7.6387933e+01  1.00000e+06  2.68768e-03
8.060362401e+00  7.6390395e+01  1.00000e+06  2.69456e-03
8.064392582e+00  7.6392857e+01  1.00000e+06  2.70182e-03
8.068424778e+00  7.6395316e+01  1.00000e+06  2.70905e-03
8.072458991e+00  7.6397775e+01  1.00000e+06  2.71573e-03
8.076495220e+00  7.6400230e+01  1.00000e+06  2.72122e-03
8.080533468e+00  7.6402683e+01  1.00000e+06  2.72503e-03
8.084573734e+00  7.6405132e+01  1.00000e+06  2.72691e-03
8.088616021e+00  7.6407578e+01  1.00000e+06  2.72701e-03
8.092660329e+00  7.6410022e+01  1.00000e+06  2.72594e-03
8.096706659e+00  7.6412464e+01  1.00000e+06  2.72466e-03
8.100755013e+00  7.6414906e+01  1.00000e+06  2.72429e-03
8.104805390e+00  7.6417349e+01  1.00000e+06  2.72588e-03
8.108857793e+00  7.6419793e+01  1.00000e+06  2.73012e-03
8.112912222e+00  7.6422238e+01  1.00000e+06  2.73721e-03
8.116968678e+00  7.6424685e+01  1.00000e+06  2.74681e-03
8.121027162e+00  7.6427132e+01  1.00000e+06  2.75808e-03
8.125087676e+00  7.6429578e+01  1.00000e+06  2.76992e-03
8.129150220e+00  7.6432022e+01  1.00000e+06  2.78121e-03
8.133214795e+00  7.6434464e+01  1.00000e+06  2.79110e-03
8.137281402e+00  7.6436902e+01  1.00000e+06  2.79920e-03
8.141350043e+00  7.6439338e+01  1.00000e+06  2.80566e-03
8.145420718e+00  7.6441771e+01  1.00000e+06  2.81107e-03
8.149493428e+00  7.6444203e+01  1.00000e+06  2.81628e-03
8.153568175e+00  7.6446634e+01  1.00000e+06  2.82219e-03
8.157644959e+00  7.6449066e+01  1.00000e+06  2.82951e-03
8.161723782e+00  7.6451497e+01  1.00000e+06  2.83861e-03
8.165804643e+00  7.6453930e+01  1.00000e+06  2.84949e-03
8.169887546e+00  7.6456362e+01  1.00000e+06  2.86182e-03
8.173972490e+00  7.6458794e+01  1.00000e+06  2.87505e-03
8.178059476e+00  7.6461225e+01  1.00000e+06  2.88847e-03
8.182148506e+00  7.6463654e+01  1.00000e+06  2.90142e-03
8.186239580e+00  7.6466081e+01  1.00000e+06  2.91330e-03
8.190332700e+00  7.6468505e+01  1.00000e+06  2.92369e-03
8.194427866e+00  7.6470926e+01  1.00000e+06  2.93237e-03
8.198525080e+00  7.6473344e+01  1.00000e+06  2.93935e-03
8.202624342e+00  7.6475759e+01  1.00000e+06  2.94483e-03
8.206725655e+00  7.6478172e+01  1.00000e+06  2.94914e-03
8.210829017e+00  7.6480583e+01  1.00000e+06  2.95271e-03
8.214934432e+00  7.6482992e+01  1.00000e+06  2.95601e-03
8.219041899e+00  7.6485400e+01  1.00000e+06  2.95950e-03
8.223151420e+00  7.6487807e+01  1.00000e+06  2.96360e-03
8.227262996e+00  7.6490214e+01  1.00000e+06  2.96866e-03
8.231376627e+00  7.6492621e+01  1.00000e+06  2.97493e-03
8.235492316e+00  7.6495028e+01  1.00000e+06  2.98250e-03
8.239610062e+00  7.6497435e+01  1.00000e+06  2.99130e-03
8.243729867e+00  7.6499842e+01  1.00000e+06  3.00108e-03
8.247851732e+00  7.6502248e+01  1.00000e+06  3.01143e-03
8.251975658e+00  7.6504652e+01  1.00000e+06  3.02188e-03
8.256101645e+00  7.6507056e+01  1.00000e+06  3.03199e-03
8.260229696e+00  7.6509457e+01  1.00000e+06  3.04145e-03
8.264359811e+00  7.6511856e+01  1.00000e+06  3.05015e-03
8.268491991e+00  7.6514253e+01  1.00000e+06  3.05817e-03
8.272626237e+00  7.6516649e+01  1.00000e+06  3.06580e-03
8.276762550e+00  7.6519043e+01  1.00000e+06  3.07340e-03
8.280900931e+00  7.6521436e+01  1.00000e+06  3.08135e-03
8.285041382e+00  7.6523829e+01  1.00000e+06  3.08997e-03
8.289183903e+00  7.6526221e+01  1.00000e+06  3.09944e-03
8.293328494e+00  7.6528613e+01  1.00000e+06  3.10979e-03
8.297475159e+00  7.6531004e+01  1.00000e+06  3.12091e-03
8.301623896e+00  7.6533395e+01  1.00000e+06  3.13260e-03
8.305774708e+00  7.6535785e+01  1.00000e+06  3.14459e-03
8.309927596e+00  7.6538173e+01  1.00000e+06  3.15660e-03
8.314082559e+00  7.6540560e+01  1.00000e+06  3.16841e-03
8.318239601e+00  7.6542945e+01  1.00000e+06  3.17985e-03
8.322398720e+00  7.6545329e+01  1.00000e+06  3.19087e-03
8.326559920e+00  7.6547711e+01  1.00000e+06  3.20147e-03
8.330723200e+00  7.6550091e+01  1.00000e+06  3.21173e-03
8.334888561e+00  7.6552470e+01  1.00000e+06  3.22173e-03
8.339056006e+00  7.6554848e+01  1.00000e+06  3.23161e-03
8.343225534e+00  7.6557224e+01  1.00000e+06  3.24147e-03
8.347397146e+00  7.6559599e+01  1.00000e+06  3.25139e-03
8.351570845e+00  7.6561972e+01  1.00000e+06  3.26148e-03
8.355746630e+00  7.6564345e+01  1.00000e+06  3.27182e-03
8.359924504e+00  7.6566717e+01  1.00000e+06  3.28247e-03
8.364104466e+00  7.6569088e+01  1.00000e+06  3.29348e-03
8.368286518e+00  7.6571458e+01  1.00000e+06  3.30489e-03
8.372470662e+00  7.6573827e+01  1.00000e+06  3.31667e-03
8.376656897e+00  7.6576196e+01  1.00000e+06  3.32877e-03
8.380845225e+00  7.6578563e+01  1.00000e+06  3.34107e-03
8.385035648e+00  7.6580929e+01  1.00000e+06  3.35343e-03
8.389228166e+00  7.6583294e+01  1.00000e+06  3.36571e-03
8.393422780e+00  7.6585657e+01  1.00000e+06  3.37778e-03
8.397619491e+00  7.6588018e+01  1.00000e+06  3.38957e-03
8.401818301e+00  7.6590379e+01  1.00000e+06  3.40107e-03
8.406019210e+00  7.6592737e+01  1.00000e+06  3.41233e-03
8.410222220e+00  7.6595094e+01  1.00000e+06  3.42342e-03
8.414427331e+00  7.6597450e+01  1.00000e+06  3.43446e-03
8.418634544e+00  7.6599805e+01  1.00000e+06  3.44553e-03
8.422843862e+00  7.6602158e+01  1.00000e+06  3.45670e-03
8.427055284e+00  7.6604511e+01  1.00000e+06  3.46800e-03
8.431268811e+00  7.6606862e+01  1.00000e+06  3.47942e-03
8.435484446e+00  7.6609212e+01  1.00000e+06  3.49096e-03
8.439702188e+00  7.6611561e+01  1.00000e+06  3.50259e-03
8.443922039e+00  7.6613909e+01  1.00000e+06  3.51433e-03
8.448144000e+00  7.6616256e+01  1.00000e+06  3.52618e-03
8.452368072e+00  7.6618601e+01  1.00000e+06  3.53814e-03
8.456594256e+00  7.6620946e+01  1.00000e+06  3.55024e-03
8.460822553e+00  7.6623289e+01  1.00000e+06  3.56250e-03
8.465052965e+00  7.6625631e+01  1.00000e+06  3.57491e-03
8.469285491e+00  7.6627972e+01  1.00000e+06  3.58747e-03
8.473520134e+00  7.6630312e+01  1.00000e+06  3.60014e-03
8.477756894e+00  7.6632651e+01  1.00000e+06  3.61291e-03
8.481995772e+00  7.6634989e+01  1.00000e+06  3.62572e-03
8.486236770e+00  7.6637326e+01  1.00000e+06  3.63854e-03
8.490479889e+00  7.6639661e+01  1.00000e+06  3.65133e-03
8.494725128e+00  7.6641995e+01  1.00000e+06  3.66408e-03
8.498972491e+00  7.6644327e+01  1.00000e+06  3.67678e-03
8.503221977e+00  7.6646659e+01  1.00000e+06  3.68943e-03
8.507473588e+00  7.6648989e+01  1.00000e+06  3.70203e-03
8.511727325e+00  7.6651317e+01  1.00000e+06  3.71462e-03
8.515983189e+00  7.6653645e+01  1.00000e+06  3.72720e-03
8.520241180e+00  7.6655971e+01  1.00000e+06  3.73979e-03
8.524501301e+00  7.6658296e+01  1.00000e+06  3.75240e-03
8.528763552e+00  7.6660620e+01  1.00000e+06  3.76506e-03
8.533027933e+00  7.6662943e+01  1.00000e+06  3.77777e-03
8.537294447e+00  7.6665264e+01  1.00000e+06  3.79054e-03
8.541563095e+00  7.6667585e+01  1.00000e+06  3.80338e-03
8.545833876e+00  7.6669904e+01  1.00000e+06  3.81629e-03
8.550106793e+00  7.6672222e+01  1.00000e+06  3.82926e-03
8.554381846e+00  7.6674539e+01  1.00000e+06  3.84230e-03
8.558659037e+00  7.6676855e+01  1.00000e+06  3.85540e-03
8.562938367e+00  7.6679169e+01  1.00000e+06  3.86856e-03
8.567219836e+00  7.6681483e+01  1.00000e+06  3.88178e-03
8.571503446e+00  7.6683795e+01  1.00000e+06  3.89504e-03
8.575789198e+00  7.6686106e+01  1.00000e+06  3.90835e-03
8.580077092e+00  7.6688416e+01  1.00000e+06  3.92169e-03
8.584367131e+00  7.6690724e+01  1.00000e+06  3.93505e-03
8.588659314e+00  7.6693032e+01  1.00000e+06  3.94843e-03
8.592953644e+00  7.6695338e+01  1.00000e+06  3.96182e-03
8.597250121e+00  7.6697643e+01  1.00000e+06  3.97525e-03
8.601548746e+00  7.6699947e+01  1.00000e+06  3.98873e-03
8.605849520e+00  7.6702249e+01  1.00000e+06  4.00227e-03
8.610152445e+00  7.6704551e+01  1.00000e+06  4.01589e-03
8.614457521e+00  7.6706851e+01  1.00000e+06  4.02960e-03
8.618764750e+00  7.6709150e+01  1.00000e+06  4.04339e-03
8.623074132e+00  7.6711449e+01  1.00000e+06  4.05728e-03
8.627385669e+00  7.6713746e+01  1.00000e+06  4.07124e-03
8.631699362e+00  7.6716041e+01  1.00000e+06  4.08527e-03
8.636015212e+00  7.6718336e+01  1.00000e+06  4.09935e-03
8.640333220e+00  7.6720629e+01  1.00000e+06  4.11344e-03
8.644653386e+00  7.6722922e+01  1.00000e+06  4.12752e-03
8.648975713e+00  7.6725213e+01  1.00000e+06  4.14157e-03
8.653300201e+00  7.6727502e+01  1.00000e+06  4.15556e-03
8.657626851e+00  7.6729791e+01  1.00000e+06  4.16950e-03
8.661955664e+00  7.6732078e+01  1.00000e+06  4.18340e-03
8.666286642e+00  7.6734364e+01  1.00000e+06  4.19728e-03
8.670619785e+00  7.6736649e+01  1.00000e+06  4.21117e-03
8.674955095e+00  7.6738932e+01  1.00000e+06  4.22510e-03
8.679292573e+00  7.6741215e+01  1.00000e+06  4.23907e-03
8.683632219e+00  7.6743496e+01  1.00000e+06  4.25310e-03
8.687974035e+00  7.6745776e+01  1.00000e+06  4.26719e-03
8.692318022e+00  7.6748055e+01  1.00000e+06  4.28135e-03
8.696664181e+00  7.6750333e+01  1.00000e+06  4.29556e-03
8.701012513e+00  7.6752609e+01  1.00000e+06  4.30984e-03
8.705363020e+00  7.6754885e+01  1.00000e+06  4.32418e-03
8.709715701e+00  7.6757159e+01  1.00000e+06  4.33859e-03
8.714070559e+00  7.6759433e+01  1.00000e+06  4.35306e-03
8.718427594e+00  7.6761705e+01  1.00000e+06  4.36760e-03
8.722786808e+00  7.6763976e+01  1.00000e+06  4.38221e-03
8.727148201e+00  7.6766245e+01  1.00000e+06  4.39688e-03
8.731511776e+00  7.6768514e+01  1.00000e+06  4.41162e-03
8.735877531e+00  7.6770782e+01  1.00000e+06  4.42641e-03
8.740245470e+00  7.6773048e+01  1.00000e+06  4.44125e-03
8.744615593e+00  7.6775313e+01  1.00000e+06  4.45612e-03
8.748987901e+00  7.6777577e+01  1.00000e+06  4.47104e-03
8.753362395e+00  7.6779840e+01  1.00000e+06  4.48602e-03
8.757739076e+00  7.6782102e+01  1.00000e+06  4.50105e-03
8.762117945e+00  7.6784363e+01  1.00000e+06  4.51617e-03
8.766499004e+00  7.6786622e+01  1.00000e+06  4.53139e-03
8.770882254e+00  7.6788881e+01  1.00000e+06  4.54670e-03
8.775267695e+00  7.6791138e+01  1.00000e+06  4.56211e-03
8.779655329e+00  7.6793394e+01  1.00000e+06  4.57760e-03
8.784045157e+00  7.6795649e+01  1.00000e+06  4.59315e-03
8.788437179e+00  7.6797903e+01  1.00000e+06  4.60873e-03
8.792831398e+00  7.6800156e+01  1.00000e+06  4.62431e-03
8.797227813e+00  7.6802408e+01  1.00000e+06  4.63985e-03
8.801626427e+00  7.6804658e+01  1.00000e+06  4.65533e-03
8.806027241e+00  7.6806907e+01  1.00000e+06  4.67075e-03
8.810430254e+00  7.6809155e+01  1.00000e+06  4.68611e-03
8.814835469e+00  7.6811401e+01  1.00000e+06  4.70144e-03
8.819242887e+00  7.6813646e+01  1.00000e+06  4.71677e-03
8.823652508e+00  7.6815891e+01  1.00000e+06  4.73214e-03
8.828064335e+00  7.6818134e+01  1.00000e+06  4.74757e-03
8.832478367e+00  7.6820376e+01  1.00000e+06  4.76308e-03
8.836894606e+00  7.6822617e+01  1.00000e+06  4.77869e-03
8.841313053e+00  7.6824856e+01  1.00000e+06  4.79438e-03
8.845733710e+00  7.6827095e+01  1.00000e+06  4.81017e-03
8.850156577e+00  7.6829333e+01  1.00000e+06  4.82603e-03
8.854581655e+00  7.6831569e+01  1.00000e+06  4.84197e-03
8.859008946e+00  7.6833804e+01  1.00000e+06  4.85797e-03
8.863438450e+00  7.6836039e+01  1.00000e+06  4.87404e-03
8.867870170e+00  7.6838272e+01  1.00000e+06  4.89017e-03
8.872304105e+00  7.6840504e+01  1.00000e+06  4.90638e-03
8.876740257e+00  7.6842734e+01  1.00000e+06  4.92265e-03
8.881178627e+00  7.6844964e+01  1.00000e+06  4.93900e-03
8.885619216e+00  7.6847193e+01  1.00000e+06  4.95541e-03
8.890062026e+00  7.6849420e+01  1.00000e+06  4.97190e-03
8.894507057e+00  7.6851647e+01  1.00000e+06  4.98844e-03
8.898954310e+00  7.6853872e+01  1.00000e+06  5.00504e-03
8.903403787e+00  7.6856096e+01  1.00000e+06  5.02166e-03
8.907855489e+00  7.6858319e+01  1.00000e+06  5.03829e-03
8.912309417e+00  7.6860541e+01  1.00000e+06  5.05493e-03
8.916765572e+00  7.6862762e+01  1.00000e+06  5.07156e-03
8.921223955e+00  7.6864981e+01  1.00000e+06  5.08819e-03
8.925684567e+00  7.6867200e+01  1.00000e+06  5.10481e-03
8.930147409e+00  7.6869417e+01  1.00000e+06  5.12144e-03
8.934612483e+00  7.6871633e+01  1.00000e+06  5.13810e-03
8.939079789e+00  7.6873847e+01  1.00000e+06  5.15480e-03
8.943549329e+00  7.6876061e+01  1.00000e+06  5.17156e-03
8.948021103e+00  7.6878274e+01  1.00000e+06  5.18838e-03
8.952495114e+00  7.6880485e+01  1.00000e+06  5.20527e-03
8.956971361e+00  7.6882696e+01  1.00000e+06  5.22223e-03
8.961449847e+00  7.6884905e+01  1.00000e+06  5.23928e-03
8.965930572e+00  7.6887113e+01  1.00000e+06  5.25640e-03
8.970413537e+00  7.6889320e+01  1.00000e+06  5.27359e-03
8.974898744e+00  7.6891526e+01  1.00000e+06  5.29084e-03
8.979386194e+00  7.6893731e+01  1.00000e+06  5.30816e-03
8.983875887e+00  7.6895935e+01  1.00000e+06  5.32552e-03
8.988367825e+00  7.6898138e+01  1.00000e+06  5.34294e-03
8.992862008e+00  7.6900339e+01  1.00000e+06  5.36039e-03
8.997358439e+00  7.6902540e+01  1.00000e+06  5.37788e-03
9.001857119e+00  7.6904739e+01  1.00000e+06  5.39541e-03
9.006358047e+00  7.6906937e+01  1.00000e+06  5.41297e-03
9.010861226e+00  7.6909134e+01  1.00000e+06  5.43057e-03
9.015366657e+00  7.6911330e+01  1.00000e+06  5.44822e-03
9.019874340e+00  7.6913525e+01  1.00000e+06  5.46591e-03
9.024384277e+00  7.6915719e+01  1.00000e+06  5.48365e-03
9.028896470e+00  7.6917912e+01  1.00000e+06  5.50145e-03
9.033410918e+00  7.6920103e+01  1.00000e+06  5.51930e-03
9.037927623e+00  7.6922293e+01  1.00000e+06  5.53719e-03
9.042446587e+00  7.6924483e+01  1.00000e+06  5.55512e-03
9.046967810e+00  7.6926671e+01  1.00000e+06  5.57310e-03
9.051491294e+00  7.6928858e+01  1.00000e+06  5.59112e-03
9.056017040e+00  7.6931044e+01  1.00000e+06  5.60918e-03
9.060545048e+00  7.6933229e+01  1.00000e+06  5.62730e-03
9.065075321e+00  7.6935412e+01  1.00000e+06  5.64546e-03
9.069607859e+00  7.6937595e+01  1.00000e+06  5.66367e-03
9.074142663e+00  7.6939777e+01  1.00000e+06  5.68194e-03
9.078679734e+00  7.6941957e+01  1.00000e+06  5.70024e-03
9.083219074e+00  7.6944136e+01  1.00000e+06  5.71859e-03
9.087760683e+00  7.6946315e+01  1.00000e+06  5.73698e-03
9.092304564e+00  7.6948492e+01  1.00000e+06  5.75542e-03
9.096850716e+00  7.6950668e+01  1.00000e+06  5.77391e-03
9.101399141e+00  7.6952843e+01  1.00000e+06  5.79244e-03
9.105949841e+00  7.6955016e+01  1.00000e+06  5.81103e-03
9.110502816e+00  7.6957189e+01  1.00000e+06  5.82968e-03
9.115058067e+00  7.6959361e+01  1.00000e+06  5.84839e-03
9.119615596e+00  7.6961531e+01  1.00000e+06  5.86715e-03
9.124175404e+00  7.6963701e+01  1.00000e+06  5.88597e-03
9.128737492e+00  7.6965869e+01  1.00000e+06  5.90486e-03
9.133301860e+00  7.6968036e+01  1.00000e+06  5.92380e-03
9.137868511e+00  7.6970203e+01  1.00000e+06  5.94280e-03
9.142437446e+00  7.6972368e+01  1.00000e+06  5.96185e-03
9.147008664e+00  7.6974532e+01  1.00000e+06  5.98097e-03
9.151582169e+00  7.6976695e+01  1.00000e+06  6.00014e-03
9.156157960e+00  7.6978856e+01  1.00000e+06  6.01936e-03
9.160736039e+00  7.6981017e+01  1.00000e+06  6.03864e-03
9.165316407e+00  7.6983177e+01  1.00000e+06  6.05797e-03
9.169899065e+00  7.6985335e+01  1.00000e+06  6.07734e-03
9.174484014e+00  7.6987493e+01  1.00000e+06  6.09675e-03
9.179071256e+00  7.6989649e+01  1.00000e+06  6.11621e-03
9.183660792e+00  7.6991805e+01  1.00000e+06  6.13570e-03
9.188252622e+00  7.6993959e+01  1.00000e+06  6.15524e-03
9.192846749e+00  7.6996112e+01  1.00000e+06  6.17482e-03
9.197443172e+00  7.6998264e+01  1.00000e+06  6.19444e-03
9.202041894e+00  7.7000415e+01  1.00000e+06  6.21412e-03
9.206642915e+00  7.7002565e+01  1.00000e+06  6.23385e-03
9.211246236e+00  7.7004713e+01  1.00000e+06  6.25363e-03
9.215851859e+00  7.7006861e+01  1.00000e+06  6.27348e-03
9.220459785e+00  7.7009008e+01  1.00000e+06  6.29338e-03
9.225070015e+00  7.7011153e+01  1.00000e+06  6.31335e-03
9.229682550e+00  7.7013298e+01  1.00000e+06  6.33337e-03
9.234297391e+00  7.7015441e+01  1.00000e+06  6.35346e-03
9.238914540e+00  7.7017584e+01  1.00000e+06  6.37360e-03
9.243533997e+00  7.7019725e+01  1.00000e+06  6.39380e-03
9.248155764e+00  7.7021865e+01  1.00000e+06  6.41405e-03
9.252779842e+00  7.7024004e+01  1.00000e+06  6.43435e-03
9.257406232e+00  7.7026142e+01  1.00000e+06  6.45470e-03
9.262034935e+00  7.7028279e+01  1.00000e+06  6.47511e-03
9.266665953e+00  7.7030415e+01  1.00000e+06  6.49556e-03
9.271299286e+00  7.7032550e+01  1.00000e+06  6.51607e-03
9.275934935e+00  7.7034683e+01  1.00000e+06  6.53664e-03
9.280572903e+00  7.7036816e+01  1.00000e+06  6.55726e-03
9.285213189e+00  7.7038948e+01  1.00000e+06  6.57795e-03
9.289855796e+00  7.7041078e+01  1.00000e+06  6.59869e-03
9.294500724e+00  7.7043208e+01  1.00000e+06  6.61949e-03
9.299147974e+00  7.7045336e+01  1.00000e+06  6.64034e-03
9.303797548e+00  7.7047464e+01  1.00000e+06  6.66125e-03
9.308449447e+00  7.7049590e+01  1.00000e+06  6.68221e-03
9.313103672e+00  7.7051715e+01  1.00000e+06  6.70322e-03
9.317760223e+00  7.7053839e+01  1.00000e+06  6.72427e-03
9.322419104e+00  7.7055962e+01  1.00000e+06  6.74538e-03
9.327080313e+00  7.7058084e+01  1.00000e+06  6.76653e-03
9.331743853e+00  7.7060205e+01  1.00000e+06  6.78774e-03
9.336409725e+00  7.7062325e+01  1.00000e+06  6.80901e-03
9.341077930e+00  7.7064444e+01  1.00000e+06  6.83034e-03
9.345748469e+00  7.7066562e+01  1.00000e+06  6.85174e-03
9.350421343e+00  7.7068678e+01  1.00000e+06  6.87320e-03
9.355096554e+00  7.7070794e+01  1.00000e+06  6.89473e-03
9.359774102e+00  7.7072909e+01  1.00000e+06  6.91633e-03
9.364453989e+00  7.7075022e+01  1.00000e+06  6.93798e-03
9.369136216e+00  7.7077135e+01  1.00000e+06  6.95968e-03
9.373820784e+00  7.7079246e+01  1.00000e+06  6.98143e-03
9.378507695e+00  7.7081357e+01  1.00000e+06  7.00322e-03
9.383196949e+00  7.7083466e+01  1.00000e+06  7.02504e-03
9.387888547e+00  7.7085574e+01  1.00000e+06  7.04691e-03
9.392582491e+00  7.7087681e+01  1.00000e+06  7.06881e-03
9.397278783e+00  7.7089787e+01  1.00000e+06  7.09077e-03
9.401977422e+00  7.7091892e+01  1.00000e+06  7.11277e-03
9.406678411e+00  7.7093996e+01  1.00000e+06  7.13484e-03
9.411381750e+00  7.7096099e+01  1.00000e+06  7.15697e-03
9.416087441e+00  7.7098201e+01  1.00000e+06  7.17916e-03
9.420795485e+00  7.7100302e+01  1.00000e+06  7.20141e-03
9.425505882e+00  7.7102402e+01  1.00000e+06  7.22373e-03
9.430218635e+00  7.7104501e+01  1.00000e+06  7.24611e-03
9.434933745e+00  7.7106598e+01  1.00000e+06  7.26855e-03
9.439651211e+00  7.7108695e+01  1.00000e+06  7.29106e-03
9.444371037e+00  7.7110791e+01  1.00000e+06  7.31362e-03
9.449093222e+00  7.7112885e+01  1.00000e+06  7.33624e-03
9.453817769e+00  7.7114979e+01  1.00000e+06  7.35893e-03
9.458544678e+00  7.7117072e+01  1.00000e+06  7.38167e-03
9.463273950e+00  7.7119163e+01  1.00000e+06  7.40447e-03
9.468005587e+00  7.7121253e+01  1.00000e+06  7.42733e-03
9.472739590e+00  7.7123343e+01  1.00000e+06  7.45025e-03
9.477475960e+00  7.7125431e+01  1.00000e+06  7.47322e-03
9.482214698e+00  7.7127519e+01  1.00000e+06  7.49625e-03
9.486955805e+00  7.7129605e+01  1.00000e+06  7.51934e-03
9.491699283e+00  7.7131690e+01  1.00000e+06  7.54248e-03
9.496445133e+00  7.7133774e+01  1.00000e+06  7.56569e-03
9.501193355e+00  7.7135857e+01  1.00000e+06  7.58895e-03
9.505943952e+00  7.7137940e+01  1.00000e+06  7.61227e-03
9.510696924e+00  7.7140021e+01  1.00000e+06  7.63565e-03
9.515452272e+00  7.7142101e+01  1.00000e+06  7.65909e-03
9.520209999e+00  7.7144180e+01  1.00000e+06  7.68259e-03
9.524970104e+00  7.7146258e+01  1.00000e+06  7.70614e-03
9.529732589e+00  7.7148335e+01  1.00000e+06  7.72975e-03
9.534497455e+00  7.7150411e+01  1.00000e+06  7.75342e-03
9.539264704e+00  7.7152486e+01  1.00000e+06  7.77714e-03
9.544034336e+00  7.7154559e+01  1.00000e+06  7.80093e-03
9.548806353e+00  7.7156632e+01  1.00000e+06  7.82477e-03
9.553580756e+00  7.7158704e+01  1.00000e+06  7.84868e-03
9.558357547e+00  7.7160775e+01  1.00000e+06  7.87264e-03
9.563136726e+00  7.7162845e+01  1.00000e+06  7.89667e-03
9.567918294e+00  7.7164913e+01  1.00000e+06  7.92076e-03
9.572702253e+00  7.7166981e+01  1.00000e+06  7.94492e-03
9.577488604e+00  7.7169048e+01  1.00000e+06  7.96913e-03
9.582277348e+00  7.7171113e+01  1.00000e+06  7.99341e-03
9.587068487e+00  7.7173178e+01  1.00000e+06  8.01774e-03
9.591862021e+00  7.7175242e+01  1.00000e+06  8.04214e-03
9.596657952e+00  7.7177304e+01  1.00000e+06  8.06660e-03
9.601456281e+00  7.7179366e+01  1.00000e+06  8.09112e-03
9.606257009e+00  7.7181426e+01  1.00000e+06  8.11570e-03
9.611060138e+00  7.7183486e+01  1.00000e+06  8.14034e-03
9.615865668e+00  7.7185544e+01  1.00000e+06  8.16504e-03
9.620673601e+00  7.7187602e+01  1.00000e+06  8.18980e-03
9.625483938e+00  7.7189658e+01  1.00000e+06  8.21462e-03
9.630296680e+00  7.7191714e+01  1.00000e+06  8.23951e-03
9.635111828e+00  7.7193768e+01  1.00000e+06  8.26445e-03
9.639929384e+00  7.7195822e+01  1.00000e+06  8.28947e-03
9.644749349e+00  7.7197874e+01  1.00000e+06  8.31454e-03
9.649571723e+00  7.7199926e+01  1.00000e+06  8.33968e-03
9.654396509e+00  7.7201976e+01  1.00000e+06  8.36488e-03
9.659223707e+00  7.7204025e+01  1.00000e+06  8.39014e-03
9.664053319e+00  7.7206074e+01  1.00000e+06  8.41546e-03
9.668885346e+00  7.7208121e+01  1.00000e+06  8.44085e-03
9.673719789e+00  7.7210167e+01  1.00000e+06  8.46629e-03
9.678556648e+00  7.7212213e+01  1.00000e+06  8.49180e-03
9.683395927e+00  7.7214257e+01  1.00000e+06  8.51737e-03
9.688237625e+00  7.7216300e+01  1.00000e+06  8.54300e-03
9.693081744e+00  7.7218343e+01  1.00000e+06  8.56869e-03
9.697928284e+00  7.7220384e+01  1.00000e+06  8.59445e-03
9.702777249e+00  7.7222424e+01  1.00000e+06  8.62028e-03
9.707628637e+00  7.7224463e+01  1.00000e+06  8.64616e-03
9.712482452e+00  7.7226502e+01  1.00000e+06  8.67211e-03
9.717338693e+00  7.7228539e+01  1.00000e+06  8.69811e-03
9.722197362e+00  7.7230575e+01  1.00000e+06  8.72418e-03
9.727058461e+00  7.7232610e+01  1.00000e+06  8.75030e-03
9.731921990e+00  7.7234645e+01  1.00000e+06  8.77648e-03
9.736787951e+00  7.7236678e+01  1.00000e+06  8.80273e-03
9.741656345e+00  7.7238710e+01  1.00000e+06  8.82904e-03
9.746527173e+00  7.7240741e+01  1.00000e+06  8.85541e-03
9.751400437e+00  7.7242772e+01  1.00000e+06  8.88185e-03
9.756276137e+00  7.7244801e+01  1.00000e+06  8.90836e-03
9.761154275e+00  7.7246829e+01  1.00000e+06  8.93493e-03
9.766034852e+00  7.7248856e+01  1.00000e+06  8.96157e-03
9.770917870e+00  7.7250882e+01  1.00000e+06  8.98828e-03
9.775803329e+00  7.7252908e+01  1.00000e+06  9.01505e-03
9.780691230e+00  7.7254932e+01  1.00000e+06  9.04189e-03
9.785581576e+00  7.7256955e+01  1.00000e+06  9.06880e-03
9.790474367e+00  7.7258978e+01  1.00000e+06  9.09577e-03
9.795369604e+00  7.7260999e+01  1.00000e+06  9.12282e-03
9.800267289e+00  7.7263019e+01  1.00000e+06  9.14992e-03
9.805167422e+00  7.7265038e+01  1.00000e+06  9.17710e-03
9.810070006e+00  7.7267057e+01  1.00000e+06  9.20434e-03
9.814975041e+00  7.7269074e+01  1.00000e+06  9.23164e-03
9.819882528e+00  7.7271090e+01  1.00000e+06  9.25901e-03
9.824792470e+00  7.7273106e+01  1.00000e+06  9.28645e-03
9.829704866e+00  7.7275120e+01  1.00000e+06  9.31395e-03
9.834619718e+00  7.7277133e+01  1.00000e+06  9.34152e-03
9.839537028e+00  7.7279146e+01  1.00000e+06  9.36915e-03
9.844456797e+00  7.7281157e+01  1.00000e+06  9.39684e-03
9.849379025e+00  7.7283168e+01  1.00000e+06  9.42460e-03
9.854303715e+00  7.7285177e+01  1.00000e+06  9.45243e-03
9.859230867e+00  7.7287185e+01  1.00000e+06  9.48032e-03
9.864160482e+00  7.7289193e+01  1.00000e+06  9.50828e-03
9.869092562e+00  7.7291199e+01  1.00000e+06  9.53630e-03
9.874027109e+00  7.7293205e+01  1.00000e+06  9.56439e-03
9.878964122e+00  7.7295209e+01  1.00000e+06  9.59254e-03
9.883903604e+00  7.7297213e+01  1.00000e+06  9.62077e-03
9.888845556e+00  7.7299215e+01  1.00000e+06  9.64906e-03
9.893789979e+00  7.7301217e+01  1.00000e+06  9.67741e-03
9.898736874e+00  7.7303217e+01  1.00000e+06  9.70584e-03
9.903686242e+00  7.7305217e+01  1.00000e+06  9.73433e-03
9.908638085e+00  7.7307216e+01  1.00000e+06  9.76289e-03
9.913592404e+00  7.7309213e+01  1.00000e+06  9.79152e-03
9.918549200e+00  7.7311210e+01  1.00000e+06  9.82022e-03
9.923508475e+00  7.7313206e+01  1.00000e+06  9.84898e-03
9.928470229e+00  7.7315200e+01  1.00000e+06  9.87782e-03
9.933434464e+00  7.7317194e+01  1.00000e+06  9.90672e-03
9.938401182e+00  7.7319187e+01  1.00000e+06  9.93570e-03
9.943370382e+00  7.7321179e+01  1.00000e+06  9.96474e-03
9.948342067e+00  7.7323169e+01  1.00000e+06  9.99385e-03
9.953316238e+00  7.7325159e+01  1.00000e+06  1.00230e-02
9.958292897e+00  7.7327148e+01  1.00000e+06  1.00523e-02
9.963272043e+00  7.7329136e+01  1.00000e+06  1.00816e-02
9.968253679e+00  7.7331123e+01  1.00000e+06  1.01110e-02
9.973237806e+00  7.7333109e+01  1.00000e+06  1.01404e-02
9.978224425e+00  7.7335094e+01  1.00000e+06  1.01700e-02
9.983213537e+00  7.7337078e+01  1.00000e+06  1.01996e-02
9.988205144e+00  7.7339061e+01  1.00000e+06  1.02292e-02
9.993199246e+00  7.7341043e+01  1.00000e+06  1.02590e-02
9.998195846e+00  7.7343024e+01  1.00000e+06  1.02888e-02
1.000319494e+01  7.7345004e+01  1.00000e+06  1.03186e-02
1.000819654e+01  7.7346984e+01  1.00000e+06  1.03486e-02
1.001320064e+01  7.7348962e+01  1.00000e+06  1.03786e-02
1.001820724e+01  7.7350939e+01  1.00000e+06  1.04087e-02
1.002321634e+01  7.7352916e+01  1.00000e+06  1.04388e-02
1.002822795e+01  7.7354891e+01  1.00000e+06  1.04690e-02
1.003324207e+01  7.7356865e+01  1.00000e+06  1.04993e-02
1.003825869e+01  7.7358839e+01  1.00000e+06  1.05297e-02
1.004327782e+01  7.7360811e+01  1.00000e+06  1.05601e-02
1.004829946e+01  7.7362783e+01  1.00000e+06  1.05906e-02
1.005332360e+01  7.7364753e+01  1.00000e+06  1.06212e-02
1.005835027e+01  7.7366723e+01  1.00000e+06  1.06519e-02
1.006337944e+01  7.7368692e+01  1.00000e+06  1.06826e-02
1.006841113e+01  7.7370659e+01  1.00000e+06  1.07134e-02
1.007344534e+01  7.7372626e+01  1.00000e+06  1.07443e-02
1.007848206e+01  7.7374592e+01  1.00000e+06  1.07752e-02
1.008352130e+01  7.7376557e+01  1.00000e+06  1.08062e-02
1.008856306e+01  7.7378521e+01  1.00000e+06  1.08373e-02
1.009360734e+01  7.7380483e+01  1.00000e+06  1.08684e-02
1.009865415e+01  7.7382445e+01  1.00000e+06  1.08997e-02
1.010370347e+01  7.7384407e+01  1.00000e+06  1.09310e-02
1.010875533e+01  7.7386367e+01  1.00000e+06  1.09623e-02
1.011380970e+01  7.7388326e+01  1.00000e+06  1.09938e-02
1.011886661e+01  7.7390284e+01  1.00000e+06  1.10253e-02
1.012392604e+01  7.7392241e+01  1.00000e+06  1.10569e-02
1.012898800e+01  7.7394197e+01  1.00000e+06  1.10886e-02
1.013405250e+01  7.7396153e+01  1.00000e+06  1.11203e-02
1.013911952e+01  7.7398107e+01  1.00000e+06  1.11521e-02
1.014418908e+01  7.7400061e+01  1.00000e+06  1.11840e-02
1.014926118e+01  7.7402013e+01  1.00000e+06  1.12159e-02
1.015433581e+01  7.7403965e+01  1.00000e+06  1.12480e-02
1.015941298e+01  7.7405915e+01  1.00000e+06  1.12801e-02
1.016449268e+01  7.7407865e+01  1.00000e+06  1.13123e-02
1.016957493e+01  7.7409814e+01  1.00000e+06  1.13445e-02
1.017465972e+01  7.7411762e+01  1.00000e+06  1.13768e-02
1.017974705e+01  7.7413708e+01  1.00000e+06  1.14092e-02
1.018483692e+01  7.7415654e+01  1.00000e+06  1.14417e-02
1.018992934e+01  7.7417599e+01  1.00000e+06  1.14743e-02
1.019502430e+01  7.7419543e+01  1.00000e+06  1.15069e-02
1.020012182e+01  7.7421486e+01  1.00000e+06  1.15396e-02
1.020522188e+01  7.7423429e+01  1.00000e+06  1.15724e-02
1.021032449e+01  7.7425370e+01  1.00000e+06  1.16052e-02
1.021542965e+01  7.7427310e+01  1.00000e+06  1.16381e-02
1.022053737e+01  7.7429250e+01  1.00000e+06  1.16712e-02
1.022564763e+01  7.7431188e+01  1.00000e+06  1.17042e-02
1.023076046e+01  7.7433126e+01  1.00000e+06  1.17374e-02
1.023587584e+01  7.7435062e+01  1.00000e+06  1.17706e-02
1.024099378e+01  7.7436998e+01  1.00000e+06  1.18040e-02
1.024611427e+01  7.7438932e+01  1.00000e+06  1.18373e-02
1.025123733e+01  7.7440866e+01  1.00000e+06  1.18708e-02
1.025636295e+01  7.7442799e+01  1.00000e+06  1.19043e-02
1.026149113e+01  7.7444731e+01  1.00000e+06  1.19379e-02
1.026662188e+01  7.7446662e+01  1.00000e+06  1.19716e-02
1.027175519e+01  7.7448592e+01  1.00000e+06  1.20053e-02
1.027689106e+01  7.7450521e+01  1.00000e+06  1.20391e-02
1.028202951e+01  7.7452449e+01  1.00000e+06  1.20730e-02
1.028717052e+01  7.7454376e+01  1.00000e+06  1.21070e-02
1.029231411e+01  7.7456303e+01  1.00000e+06  1.21411e-02
1.029746027e+01  7.7458228e+01  1.00000e+06  1.21752e-02
1.030260900e+01  7.7460153e+01  1.00000e+06  1.22094e-02
1.030776030e+01  7.7462076e+01  1.00000e+06  1.22436e-02
1.031291418e+01  7.7463999e+01  1.00000e+06  1.22780e-02
1.031807064e+01  7.7465921e+01  1.00000e+06  1.23124e-02
1.032322967e+01  7.7467841e+01  1.00000e+06  1.23470e-02
1.032839129e+01  7.7469761e+01  1.00000e+06  1.23815e-02
1.033355548e+01  7.7471680e+01  1.00000e+06  1.24162e-02
1.033872226e+01  7.7473598e+01  1.00000e+06  1.24510e-02
1.034389162e+01  7.7475515e+01  1.00000e+06  1.24858e-02
1.034906357e+01  7.7477432e+01  1.00000e+06  1.25207e-02
1.035423810e+01  7.7479347e+01  1.00000e+06  1.25557e-02
1.035941522e+01  7.7481261e+01  1.00000e+06  1.25908e-02
1.036459493e+01  7.7483175e+01  1.00000e+06  1.26259e-02
1.036977722e+01  7.7485087e+01  1.00000e+06  1.26611e-02
1.037496211e+01  7.7486999e+01  1.00000e+06  1.26964e-02
1.038014959e+01  7.7488910e+01  1.00000e+06  1.27318e-02
1.038533967e+01  7.7490819e+01  1.00000e+06  1.27673e-02
1.039053234e+01  7.7492728e+01  1.00000e+06  1.28028e-02
1.039572761e+01  7.7494636e+01  1.00000e+06  1.28384e-02
1.040092547e+01  7.7496543e+01  1.00000e+06  1.28741e-02
1.040612593e+01  7.7498449e+01  1.00000e+06  1.29099e-02
1.041132899e+01  7.7500355e+01  1.00000e+06  1.29458e-02
1.041653466e+01  7.7502259e+01  1.00000e+06  1.29817e-02
1.042174293e+01  7.7504162e+01  1.00000e+06  1.30177e-02
1.042695380e+01  7.7506065e+01  1.00000e+06  1.30538e-02
1.043216728e+01  7.7507967e+01  1.00000e+06  1.30900e-02
1.043738336e+01  7.7509867e+01  1.00000e+06  1.31263e-02
1.044260205e+01  7.7511767e+01  1.00000e+06  1.31626e-02
1.044782335e+01  7.7513666e+01  1.00000e+06  1.31990e-02
1.045304726e+01  7.7515564e+01  1.00000e+06  1.32356e-02
1.045827379e+01  7.7517461e+01  1.00000e+06  1.32721e-02
1.046350292e+01  7.7519357e+01  1.00000e+06  1.33088e-02
1.046873468e+01  7.7521253e+01  1.00000e+06  1.33456e-02
1.047396904e+01  7.7523147e+01  1.00000e+06  1.33824e-02
1.047920603e+01  7.7525040e+01  1.00000e+06  1.34193e-02
1.048444563e+01  7.7526933e+01  1.00000e+06  1.34562e-02
1.048968785e+01  7.7528825e+01  1.00000e+06  1.34933e-02
1.049493270e+01  7.7530715e+01  1.00000e+06  1.35304e-02
1.050018016e+01  7.7532605e+01  1.00000e+06  1.35676e-02
1.050543025e+01  7.7534494e+01  1.00000e+06  1.36050e-02
1.051068297e+01  7.7536382e+01  1.00000e+06  1.36424e-02
1.051593831e+01  7.7538269e+01  1.00000e+06  1.36798e-02
1.052119628e+01  7.7540156e+01  1.00000e+06  1.37174e-02
1.052645688e+01  7.7542041e+01  1.00000e+06  1.37551e-02
1.053172011e+01  7.7543926e+01  1.00000e+06  1.37928e-02
1.053698597e+01  7.7545809e+01  1.00000e+06  1.38307e-02
1.054225446e+01  7.7547692e+01  1.00000e+06  1.38686e-02
1.054752559e+01  7.7549574e+01  1.00000e+06  1.39065e-02
1.055279935e+01  7.7551455e+01  1.00000e+06  1.39446e-02
1.055807575e+01  7.7553335e+01  1.00000e+06  1.39827e-02
1.056335479e+01  7.7555214e+01  1.00000e+06  1.40208e-02
1.056863646e+01  7.7557092e+01  1.00000e+06  1.40591e-02
1.057392078e+01  7.7558969e+01  1.00000e+06  1.40974e-02
1.057920774e+01  7.7560846e+01  1.00000e+06  1.41359e-02
1.058449735e+01  7.7562721e+01  1.00000e+06  1.41744e-02
1.058978959e+01  7.7564596e+01  1.00000e+06  1.42130e-02
1.059508449e+01  7.7566470e+01  1.00000e+06  1.42517e-02
1.060038203e+01  7.7568343e+01  1.00000e+06  1.42904e-02
1.060568222e+01  7.7570215e+01  1.00000e+06  1.43293e-02
1.061098506e+01  7.7572086e+01  1.00000e+06  1.43683e-02
1.061629056e+01  7.7573956e+01  1.00000e+06  1.44073e-02
1.062159870e+01  7.7575826e+01  1.00000e+06  1.44464e-02
1.062690950e+01  7.7577694e+01  1.00000e+06  1.44857e-02
1.063222296e+01  7.7579562e+01  1.00000e+06  1.45249e-02
1.063753907e+01  7.7581428e+01  1.00000e+06  1.45643e-02
1.064285784e+01  7.7583294e+01  1.00000e+06  1.46038e-02
1.064817927e+01  7.7585159e+01  1.00000e+06  1.46433e-02
1.065350336e+01  7.7587023e+01  1.00000e+06  1.46830e-02
1.065883011e+01  7.7588886e+01  1.00000e+06  1.47227e-02
1.066415952e+01  7.7590749e+01  1.00000e+06  1.47625e-02
1.066949160e+01  7.7592610e+01  1.00000e+06  1.48024e-02
1.067482635e+01  7.7594471e+01  1.00000e+06  1.48424e-02
1.068016376e+01  7.7596330e+01  1.00000e+06  1.48824e-02
1.068550384e+01  7.7598189e+01  1.00000e+06  1.49226e-02
1.069084659e+01  7.7600047e+01  1.00000e+06  1.49628e-02
1.069619202e+01  7.7601904e+01  1.00000e+06  1.50031e-02
1.070154011e+01  7.7603761e+01  1.00000e+06  1.50435e-02
1.070689088e+01  7.7605616e+01  1.00000e+06  1.50840e-02
1.071224433e+01  7.7607470e+01  1.00000e+06  1.51246e-02
1.071760045e+01  7.7609324e+01  1.00000e+06  1.51653e-02
1.072295925e+01  7.7611177e+01  1.00000e+06  1.52060e-02
1.072832073e+01  7.7613028e+01  1.00000e+06  1.52469e-02
1.073368489e+01  7.7614879e+01  1.00000e+06  1.52878e-02
1.073905173e+01  7.7616730e+01  1.00000e+06  1.53288e-02
1.074442126e+01  7.7618579e+01  1.00000e+06  1.53699e-02
1.074979347e+01  7.7620427e+01  1.00000e+06  1.54111e-02
1.075516837e+01  7.7622275e+01  1.00000e+06  1.54524e-02
1.076054595e+01  7.7624121e+01  1.00000e+06  1.54938e-02
1.076592622e+01  7.7625967e+01  1.00000e+06  1.55352e-02
1.077130919e+01  7.7627812e+01  1.00000e+06  1.55768e-02
1.077669484e+01  7.7629656e+01  1.00000e+06  1.56185e-02
1.078208319e+01  7.7631499e+01  1.00000e+06  1.56603e-02
1.078747423e+01  7.7633342e+01  1.00000e+06  1.57021e-02
1.079286797e+01  7.7635183e+01  1.00000e+06  1.57441e-02
1.079826440e+01  7.7637024e+01  1.00000e+06  1.57861e-02
1.080366353e+01  7.7638864e+01  1.00000e+06  1.58282e-02
1.080906537e+01  7.7640702e+01  1.00000e+06  1.58704e-02
1.081446990e+01  7.7642540e+01  1.00000e+06  1.59126e-02
1.081987713e+01  7.7644378e+01  1.00000e+06  1.59550e-02
1.082528707e+01  7.7646214e+01  1.00000e+06  1.59973e-02
1.083069972e+01  7.7648049e+01  1.00000e+06  1.60398e-02
1.083611507e+01  7.7649884e+01  1.00000e+06  1.60823e-02
1.084153312e+01  7.7651717e+01  1.00000e+06  1.61250e-02
1.084695389e+01  7.7653550e+01  1.00000e+06  1.61677e-02
1.085237737e+01  7.7655382e+01  1.00000e+06  1.62105e-02
1.085780356e+01  7.7657213e+01  1.00000e+06  1.62534e-02
1.086323246e+01  7.7659043e+01  1.00000e+06  1.62964e-02
1.086866407e+01  7.7660873e+01  1.00000e+06  1.63395e-02
1.087409841e+01  7.7662701e+01  1.00000e+06  1.63827e-02
1.087953545e+01  7.7664529e+01  1.00000e+06  1.64260e-02
1.088497522e+01  7.7666356e+01  1.00000e+06  1.64693e-02
1.089041771e+01  7.7668182e+01  1.00000e+06  1.65128e-02
1.089586292e+01  7.7670007e+01  1.00000e+06  1.65564e-02
1.090131085e+01  7.7671831e+01  1.00000e+06  1.66000e-02
1.090676151e+01  7.7673655e+01  1.00000e+06  1.66438e-02
1.091221489e+01  7.7675477e+01  1.00000e+06  1.66876e-02
1.091767099e+01  7.7677299e+01  1.00000e+06  1.67316e-02
1.092312983e+01  7.7679120e+01  1.00000e+06  1.67756e-02
1.092859139e+01  7.7680940e+01  1.00000e+06  1.68197e-02
1.093405569e+01  7.7682759e+01  1.00000e+06  1.68640e-02
1.093952272e+01  7.7684578e+01  1.00000e+06  1.69083e-02
1.094499248e+01  7.7686395e+01  1.00000e+06  1.69527e-02
1.095046498e+01  7.7688212e+01  1.00000e+06  1.69972e-02
1.095594021e+01  7.7690028e+01  1.00000e+06  1.70418e-02
1.096141818e+01  7.7691843e+01  1.00000e+06  1.70865e-02
1.096689889e+01  7.7693657e+01  1.00000e+06  1.71313e-02
1.097238234e+01  7.7695471e+01  1.00000e+06  1.71762e-02
1.097786853e+01  7.7697283e+01  1.00000e+06  1.72212e-02
1.098335746e+01  7.7699095e+01  1.00000e+06  1.72663e-02
1.098884914e+01  7.7700906e+01  1.00000e+06  1.73115e-02
1.099434357e+01  7.7702716e+01  1.00000e+06  1.73568e-02
1.099984074e+01  7.7704525e+01  1.00000e+06  1.74021e-02
1.100534066e+01  7.7706333e+01  1.00000e+06  1.74475e-02
1.101084333e+01  7.7708140e+01  1.00000e+06  1.74930e-02
1.101634875e+01  7.7709947e+01  1.00000e+06  1.75385e-02
1.102185692e+01  7.7711753e+01  1.00000e+06  1.75841e-02
1.102736785e+01  7.7713558e+01  1.00000e+06  1.76299e-02
1.103288154e+01  7.7715362e+01  1.00000e+06  1.76757e-02
1.103839798e+01  7.7717165e+01  1.00000e+06  1.77216e-02
1.104391718e+01  7.7718967e+01  1.00000e+06  1.77676e-02
1.104943913e+01  7.7720769e+01  1.00000e+06  1.78137e-02
1.105496385e+01  7.7722570e+01  1.00000e+06  1.78599e-02
1.106049134e+01  7.7724369e+01  1.00000e+06  1.79063e-02
1.106602158e+01  7.7726169e+01  1.00000e+06  1.79527e-02
1.107155459e+01  7.7727967e+01  1.00000e+06  1.79992e-02
1.107709037e+01  7.7729764e+01  1.00000e+06  1.80458e-02
1.108262892e+01  7.7731561e+01  1.00000e+06  1.80925e-02
1.108817023e+01  7.7733357e+01  1.00000e+06  1.81393e-02
1.109371431e+01  7.7735152e+01  1.00000e+06  1.81862e-02
1.109926117e+01  7.7736946e+01  1.00000e+06  1.82332e-02
1.110481080e+01  7.7738739e+01  1.00000e+06  1.82803e-02
1.111036321e+01  7.7740531e+01  1.00000e+06  1.83275e-02
1.111591839e+01  7.7742323e+01  1.00000e+06  1.83748e-02
1.112147635e+01  7.7744114e+01  1.00000e+06  1.84222e-02
1.112703709e+01  7.7745904e+01  1.00000e+06  1.84697e-02
1.113260061e+01  7.7747693e+01  1.00000e+06  1.85172e-02
1.113816691e+01  7.7749481e+01  1.00000e+06  1.85649e-02
1.114373599e+01  7.7751269e+01  1.00000e+06  1.86127e-02
1.114930786e+01  7.7753056e+01  1.00000e+06  1.86605e-02
1.115488251e+01  7.7754842e+01  1.00000e+06  1.87085e-02
1.116045995e+01  7.7756627e+01  1.00000e+06  1.87565e-02
1.116604018e+01  7.7758411e+01  1.00000e+06  1.88047e-02
1.117162320e+01  7.7760194e+01  1.00000e+06  1.88529e-02
1.117720901e+01  7.7761977e+01  1.00000e+06  1.89012e-02
1.118279762e+01  7.7763759e+01  1.00000e+06  1.89497e-02
1.118838902e+01  7.7765540e+01  1.00000e+06  1.89982e-02
1.119398321e+01  7.7767320e+01  1.00000e+06  1.90468e-02
1.119958020e+01  7.7769099e+01  1.00000e+06  1.90956e-02
1.120517999e+01  7.7770878e+01  1.00000e+06  1.91444e-02
1.121078258e+01  7.7772655e+01  1.00000e+06  1.91934e-02
1.121638797e+01  7.7774432e+01  1.00000e+06  1.92424e-02
1.122199617e+01  7.7776209e+01  1.00000e+06  1.92916e-02
1.122760717e+01  7.7777984e+01  1.00000e+06  1.93409e-02
1.123322097e+01  7.7779758e+01  1.00000e+06  1.93903e-02
1.123883758e+01  7.7781532e+01  1.00000e+06  1.94398e-02
1.124445700e+01  7.7783305e+01  1.00000e+06  1.94895e-02
1.125007923e+01  7.7785077e+01  1.00000e+06  1.95392e-02
1.125570427e+01  7.7786849e+01  1.00000e+06  1.95890e-02
1.126133212e+01  7.7788619e+01  1.00000e+06  1.96389e-02
1.126696279e+01  7.7790389e+01  1.00000e+06  1.96889e-02
1.127259627e+01  7.7792158e+01  1.00000e+06  1.97389e-02
1.127823257e+01  7.7793926e+01  1.00000e+06  1.97890e-02
1.128387168e+01  7.7795693e+01  1.00000e+06  1.98391e-02
1.128951362e+01  7.7797459e+01  1.00000e+06  1.98893e-02
1.129515837e+01  7.7799224e+01  1.00000e+06  1.99395e-02
1.130080595e+01  7.7800989e+01  1.00000e+06  1.99899e-02
1.130645636e+01  7.7802753e+01  1.00000e+06  2.00404e-02
1.131210958e+01  7.7804516e+01  1.00000e+06  2.00910e-02
1.131776564e+01  7.7806278e+01  1.00000e+06  2.01417e-02
1.132342452e+01  7.7808040e+01  1.00000e+06  2.01925e-02
1.132908623e+01  7.7809800e+01  1.00000e+06  2.02434e-02
1.133475078e+01  7.7811560e+01  1.00000e+06  2.02945e-02
1.134041815e+01  7.7813319e+01  1.00000e+06  2.03457e-02
1.134608836e+01  7.7815078e+01  1.00000e+06  2.03969e-02
1.135176141e+01  7.7816835e+01  1.00000e+06  2.04483e-02
1.135743729e+01  7.7818592e+01  1.00000e+06  2.04998e-02
1.136311601e+01  7.7820348e+01  1.00000e+06  2.05514e-02
1.136879756e+01  7.7822103e+01  1.00000e+06  2.06031e-02
1.137448196e+01  7.7823857e+01  1.00000e+06  2.06548e-02
1.138016920e+01  7.7825611e+01  1.00000e+06  2.07067e-02
1.138585929e+01  7.7827364e+01  1.00000e+06  2.07587e-02
1.139155222e+01  7.7829116e+01  1.00000e+06  2.08107e-02
1.139724799e+01  7.7830867e+01  1.00000e+06  2.08629e-02
1.140294662e+01  7.7832617e+01  1.00000e+06  2.09151e-02
1.140864809e+01  7.7834367e+01  1.00000e+06  2.09674e-02
1.141435242e+01  7.7836115e+01  1.00000e+06  2.10199e-02
1.142005959e+01  7.7837863e+01  1.00000e+06  2.10725e-02
1.142576962e+01  7.7839610e+01  1.00000e+06  2.11252e-02
1.143148251e+01  7.7841357e+01  1.00000e+06  2.11780e-02
1.143719825e+01  7.7843103e+01  1.00000e+06  2.12309e-02
1.144291685e+01  7.7844847e+01  1.00000e+06  2.12840e-02
1.144863831e+01  7.7846592e+01  1.00000e+06  2.13372e-02
1.145436262e+01  7.7848335e+01  1.00000e+06  2.13904e-02
1.146008981e+01  7.7850077e+01  1.00000e+06  2.14438e-02
1.146581985e+01  7.7851819e+01  1.00000e+06  2.14973e-02
1.147155276e+01  7.7853560e+01  1.00000e+06  2.15509e-02
1.147728854e+01  7.7855300e+01  1.00000e+06  2.16045e-02
1.148302718e+01  7.7857040e+01  1.00000e+06  2.16582e-02
1.148876869e+01  7.7858778e+01  1.00000e+06  2.17119e-02
1.149451308e+01  7.7860516e+01  1.00000e+06  2.17657e-02
1.150026034e+01  7.7862252e+01  1.00000e+06  2.18197e-02
1.150601047e+01  7.7863989e+01  1.00000e+06  2.18737e-02
1.151176347e+01  7.7865724e+01  1.00000e+06  2.19278e-02
1.151751935e+01  7.7867458e+01  1.00000e+06  2.19820e-02
1.152327811e+01  7.7869192e+01  1.00000e+06  2.20364e-02
1.152903975e+01  7.7870925e+01  1.00000e+06  2.20909e-02
1.153480427e+01  7.7872657e+01  1.00000e+06  2.21455e-02
1.154057167e+01  7.7874389e+01  1.00000e+06  2.22002e-02
1.154634196e+01  7.7876120e+01  1.00000e+06  2.22551e-02
1.155211513e+01  7.7877849e+01  1.00000e+06  2.23100e-02
1.155789119e+01  7.7879579e+01  1.00000e+06  2.23650e-02
1.156367013e+01  7.7881307e+01  1.00000e+06  2.24202e-02
1.156945197e+01  7.7883034e+01  1.00000e+06  2.24754e-02
1.157523669e+01  7.7884761e+01  1.00000e+06  2.25307e-02
1.158102431e+01  7.7886487e+01  1.00000e+06  2.25862e-02
1.158681482e+01  7.7888212e+01  1.00000e+06  2.26417e-02
1.159260823e+01  7.7889937e+01  1.00000e+06  2.26973e-02
1.159840454e+01  7.7891661e+01  1.00000e+06  2.27531e-02
1.160420374e+01  7.7893384e+01  1.00000e+06  2.28090e-02
1.161000584e+01  7.7895106e+01  1.00000e+06  2.28649e-02
1.161581084e+01  7.7896827e+01  1.00000e+06  2.29210e-02
1.162161875e+01  7.7898548e+01  1.00000e+06  2.29772e-02
1.162742956e+01  7.7900268e+01  1.00000e+06  2.30335e-02
1.163324327e+01  7.7901987e+01  1.00000e+06  2.30899e-02
1.163905989e+01  7.7903705e+01  1.00000e+06  2.31464e-02
1.164487942e+01  7.7905422e+01  1.00000e+06  2.32030e-02
1.165070186e+01  7.7907139e+01  1.00000e+06  2.32597e-02
1.165652722e+01  7.7908855e+01  1.00000e+06  2.33166e-02
1.166235548e+01  7.7910571e+01  1.00000e+06  2.33735e-02
1.166818666e+01  7.7912285e+01  1.00000e+06  2.34306e-02
1.167402075e+01  7.7913999e+01  1.00000e+06  2.34878e-02
1.167985776e+01  7.7915712e+01  1.00000e+06  2.35452e-02
1.168569769e+01  7.7917424e+01  1.00000e+06  2.36027e-02
1.169154054e+01  7.7919136e+01  1.00000e+06  2.36603e-02
1.169738631e+01  7.7920847e+01  1.00000e+06  2.37181e-02
1.170323500e+01  7.7922557e+01  1.00000e+06  2.37760e-02
1.170908662e+01  7.7924266e+01  1.00000e+06  2.38340e-02
1.171494116e+01  7.7925975e+01  1.00000e+06  2.38921e-02
1.172079863e+01  7.7927682e+01  1.00000e+06  2.39502e-02
1.172665903e+01  7.7929389e+01  1.00000e+06  2.40084e-02
1.173252236e+01  7.7931095e+01  1.00000e+06  2.40667e-02
1.173838862e+01  7.7932801e+01  1.00000e+06  2.41250e-02
1.174425782e+01  7.7934505e+01  1.00000e+06  2.41833e-02
1.175012995e+01  7.7936209e+01  1.00000e+06  2.42417e-02
1.175600501e+01  7.7937912e+01  1.00000e+06  2.43002e-02
1.176188301e+01  7.7939614e+01  1.00000e+06  2.43587e-02
1.176776396e+01  7.7941315e+01  1.00000e+06  2.44174e-02
1.177364784e+01  7.7943016e+01  1.00000e+06  2.44761e-02
1.177953466e+01  7.7944715e+01  1.00000e+06  2.45350e-02
1.178542443e+01  7.7946414e+01  1.00000e+06  2.45939e-02
1.179131714e+01  7.7948113e+01  1.00000e+06  2.46530e-02
1.179721280e+01  7.7949810e+01  1.00000e+06  2.47123e-02
1.180311141e+01  7.7951507e+01  1.00000e+06  2.47716e-02
1.180901296e+01  7.7953203e+01  1.00000e+06  2.48311e-02
1.181491747e+01  7.7954899e+01  1.00000e+06  2.48907e-02
1.182082493e+01  7.7956593e+01  1.00000e+06  2.49505e-02
1.182673534e+01  7.7958287e+01  1.00000e+06  2.50104e-02
1.183264871e+01  7.7959980e+01  1.00000e+06  2.50704e-02
1.183856503e+01  7.7961673e+01  1.00000e+06  2.51305e-02
1.184448431e+01  7.7963365e+01  1.00000e+06  2.51908e-02
1.185040656e+01  7.7965056e+01  1.00000e+06  2.52512e-02
1.185633176e+01  7.7966746e+01  1.00000e+06  2.53117e-02
1.186225992e+01  7.7968435e+01  1.00000e+06  2.53723e-02
1.186819105e+01  7.7970124e+01  1.00000e+06  2.54331e-02
1.187412515e+01  7.7971812e+01  1.00000e+06  2.54939e-02
1.188006221e+01  7.7973500e+01  1.00000e+06  2.55549e-02
1.188600224e+01  7.7975186e+01  1.00000e+06  2.56159e-02
1.189194525e+01  7.7976872e+01  1.00000e+06  2.56770e-02
1.189789122e+01  7.7978557e+01  1.00000e+06  2.57382e-02
1.190384016e+01  7.7980241e+01  1.00000e+06  2.57995e-02
1.190979208e+01  7.7981924e+01  1.00000e+06  2.58609e-02
1.191574698e+01  7.7983607e+01  1.00000e+06  2.59224e-02
1.192170485e+01  7.7985289e+01  1.00000e+06  2.59840e-02
1.192766571e+01  7.7986970e+01  1.00000e+06  2.60456e-02
1.193362954e+01  7.7988651e+01  1.00000e+06  2.61074e-02
1.193959635e+01  7.7990330e+01  1.00000e+06  2.61693e-02
1.194556615e+01  7.7992009e+01  1.00000e+06  2.62314e-02
1.195153893e+01  7.7993688e+01  1.00000e+06  2.62935e-02
1.195751470e+01  7.7995365e+01  1.00000e+06  2.63558e-02
1.196349346e+01  7.7997042e+01  1.00000e+06  2.64182e-02
1.196947521e+01  7.7998718e+01  1.00000e+06  2.64807e-02
1.197545995e+01  7.8000393e+01  1.00000e+06  2.65433e-02
1.198144768e+01  7.8002068e+01  1.00000e+06  2.66061e-02
1.198743840e+01  7.8003742e+01  1.00000e+06  2.66689e-02
1.199343212e+01  7.8005415e+01  1.00000e+06  2.67319e-02
1.199942883e+01  7.8007087e+01  1.00000e+06  2.67950e-02
1.200542855e+01  7.8008759e+01  1.00000e+06  2.68582e-02
1.201143126e+01  7.8010430e+01  1.00000e+06  2.69215e-02
1.201743698e+01  7.8012100e+01  1.00000e+06  2.69849e-02
1.202344570e+01  7.8013769e+01  1.00000e+06  2.70485e-02
1.202945742e+01  7.8015438e+01  1.00000e+06  2.71122e-02
1.203547215e+01  7.8017106e+01  1.00000e+06  2.71760e-02
1.204148988e+01  7.8018774e+01  1.00000e+06  2.72399e-02
1.204751063e+01  7.8020440e+01  1.00000e+06  2.73040e-02
1.205353439e+01  7.8022106e+01  1.00000e+06  2.73682e-02
1.205956115e+01  7.8023771e+01  1.00000e+06  2.74325e-02
1.206559093e+01  7.8025436e+01  1.00000e+06  2.74969e-02
1.207162373e+01  7.8027100e+01  1.00000e+06  2.75615e-02
1.207765954e+01  7.8028763e+01  1.00000e+06  2.76262e-02
1.208369837e+01  7.8030425e+01  1.00000e+06  2.76910e-02
1.208974022e+01  7.8032086e+01  1.00000e+06  2.77558e-02
1.209578509e+01  7.8033747e+01  1.00000e+06  2.78208e-02
1.210183298e+01  7.8035407e+01  1.00000e+06  2.78858e-02
1.210788390e+01  7.8037066e+01  1.00000e+06  2.79509e-02
1.211393784e+01  7.8038725e+01  1.00000e+06  2.80161e-02
1.211999481e+01  7.8040383e+01  1.00000e+06  2.80813e-02
1.212605481e+01  7.8042040e+01  1.00000e+06  2.81466e-02
1.213211783e+01  7.8043696e+01  1.00000e+06  2.82120e-02
1.213818389e+01  7.8045351e+01  1.00000e+06  2.82775e-02
1.214425298e+01  7.8047006e+01  1.00000e+06  2.83431e-02
1.215032511e+01  7.8048660e+01  1.00000e+06  2.84088e-02
1.215640027e+01  7.8050313e+01  1.00000e+06  2.84747e-02
1.216247847e+01  7.8051966e+01  1.00000e+06  2.85406e-02
1.216855971e+01  7.8053618e+01  1.00000e+06  2.86068e-02
1.217464399e+01  7.8055269e+01  1.00000e+06  2.86730e-02
1.218073132e+01  7.8056920e+01  1.00000e+06  2.87394e-02
1.218682168e+01  7.8058569e+01  1.00000e+06  2.88060e-02
1.219291509e+01  7.8060218e+01  1.00000e+06  2.88726e-02
1.219901155e+01  7.8061867e+01  1.00000e+06  2.89394e-02
1.220511105e+01  7.8063515e+01  1.00000e+06  2.90063e-02
1.221121361e+01  7.8065162e+01  1.00000e+06  2.90733e-02
1.221731922e+01  7.8066808e+01  1.00000e+06  2.91405e-02
1.222342788e+01  7.8068454e+01  1.00000e+06  2.92078e-02
1.222953959e+01  7.8070098e+01  1.00000e+06  2.92752e-02
1.223565436e+01  7.8071743e+01  1.00000e+06  2.93428e-02
1.224177219e+01  7.8073386e+01  1.00000e+06  2.94105e-02
1.224789307e+01  7.8075029e+01  1.00000e+06  2.94784e-02
1.225401702e+01  7.8076671e+01  1.00000e+06  2.95464e-02
1.226014403e+01  7.8078313e+01  1.00000e+06  2.96145e-02
1.226627410e+01  7.8079953e+01  1.00000e+06  2.96827e-02
1.227240724e+01  7.8081593e+01  1.00000e+06  2.97510e-02
1.227854344e+01  7.8083233e+01  1.00000e+06  2.98193e-02
1.228468271e+01  7.8084871e+01  1.00000e+06  2.98878e-02
1.229082505e+01  7.8086509e+01  1.00000e+06  2.99562e-02
1.229697047e+01  7.8088146e+01  1.00000e+06  3.00248e-02
1.230311895e+01  7.8089782e+01  1.00000e+06  3.00934e-02
1.230927051e+01  7.8091417e+01  1.00000e+06  3.01622e-02
1.231542515e+01  7.8093052e+01  1.00000e+06  3.02311e-02
1.232158286e+01  7.8094687e+01  1.00000e+06  3.03002e-02
1.232774365e+01  7.8096320e+01  1.00000e+06  3.03695e-02
1.233390752e+01  7.8097953e+01  1.00000e+06  3.04390e-02
1.234007448e+01  7.8099585e+01  1.00000e+06  3.05087e-02
1.234624451e+01  7.8101217e+01  1.00000e+06  3.05786e-02
1.235241764e+01  7.8102848e+01  1.00000e+06  3.06486e-02
1.235859385e+01  7.8104478e+01  1.00000e+06  3.07186e-02
1.236477314e+01  7.8106108e+01  1.00000e+06  3.07887e-02
1.237095553e+01  7.8107736e+01  1.00000e+06  3.08589e-02
1.237714101e+01  7.8109364e+01  1.00000e+06  3.09290e-02
1.238332958e+01  7.8110991e+01  1.00000e+06  3.09991e-02
1.238952124e+01  7.8112618e+01  1.00000e+06  3.10693e-02
1.239571600e+01  7.8114243e+01  1.00000e+06  3.11396e-02
1.240191386e+01  7.8115868e+01  1.00000e+06  3.12100e-02
1.240811482e+01  7.8117492e+01  1.00000e+06  3.12806e-02
1.241431887e+01  7.8119116e+01  1.00000e+06  3.13514e-02
1.242052603e+01  7.8120739e+01  1.00000e+06  3.14224e-02
1.242673630e+01  7.8122361e+01  1.00000e+06  3.14936e-02
1.243294967e+01  7.8123983e+01  1.00000e+06  3.15649e-02
1.243916614e+01  7.8125604e+01  1.00000e+06  3.16364e-02
1.244538572e+01  7.8127224e+01  1.00000e+06  3.17080e-02
1.245160842e+01  7.8128844e+01  1.00000e+06  3.17798e-02
1.245783422e+01  7.8130463e+01  1.00000e+06  3.18517e-02
1.246406314e+01  7.8132082e+01  1.00000e+06  3.19240e-02
1.247029517e+01  7.8133700e+01  1.00000e+06  3.19967e-02
1.247653032e+01  7.8135318e+01  1.00000e+06  3.20698e-02
1.248276858e+01  7.8136935e+01  1.00000e+06  3.21434e-02
1.248900997e+01  7.8138552e+01  1.00000e+06  3.22176e-02
1.249525447e+01  7.8140169e+01  1.00000e+06  3.22922e-02
1.250150210e+01  7.8141786e+01  1.00000e+06  3.23670e-02
1.250775285e+01  7.8143401e+01  1.00000e+06  3.24420e-02
1.251400673e+01  7.8145016e+01  1.00000e+06  3.25169e-02
1.252026373e+01  7.8146630e+01  1.00000e+06  3.25916e-02
1.252652386e+01  7.8148242e+01  1.00000e+06  3.26659e-02
1.253278712e+01  7.8149854e+01  1.00000e+06  3.27399e-02
1.253905352e+01  7.8151464e+01  1.00000e+06  3.28136e-02
1.254532304e+01  7.8153073e+01  1.00000e+06  3.28870e-02
1.255159570e+01  7.8154681e+01  1.00000e+06  3.29601e-02
1.255787150e+01  7.8156288e+01  1.00000e+06  3.30329e-02
1.256415044e+01  7.8157894e+01  1.00000e+06  3.31054e-02
1.257043251e+01  7.8159499e+01  1.00000e+06  3.31776e-02
1.257671773e+01  7.8161103e+01  1.00000e+06  3.32496e-02
1.258300609e+01  7.8162706e+01  1.00000e+06  3.33215e-02
1.258929759e+01  7.8164308e+01  1.00000e+06  3.33934e-02
1.259559224e+01  7.8165909e+01  1.00000e+06  3.34655e-02
1.260189004e+01  7.8167510e+01  1.00000e+06  3.35379e-02
1.260819098e+01  7.8169111e+01  1.00000e+06  3.36107e-02
1.261449508e+01  7.8170711e+01  1.00000e+06  3.36840e-02
1.262080232e+01  7.8172311e+01  1.00000e+06  3.37578e-02
1.262711273e+01  7.8173910e+01  1.00000e+06  3.38320e-02
1.263342628e+01  7.8175509e+01  1.00000e+06  3.39065e-02
1.263974300e+01  7.8177108e+01  1.00000e+06  3.39813e-02
1.264606287e+01  7.8178706e+01  1.00000e+06  3.40563e-02
1.265238590e+01  7.8180303e+01  1.00000e+06  3.41316e-02
1.265871209e+01  7.8181900e+01  1.00000e+06  3.42071e-02
1.266504145e+01  7.8183497e+01  1.00000e+06  3.42828e-02
1.267137397e+01  7.8185092e+01  1.00000e+06  3.43586e-02
1.267770965e+01  7.8186687e+01  1.00000e+06  3.44347e-02
1.268404851e+01  7.8188282e+01  1.00000e+06  3.45111e-02
1.269039053e+01  7.8189876e+01  1.00000e+06  3.45878e-02
1.269673573e+01  7.8191469e+01  1.00000e+06  3.46648e-02
1.270308410e+01  7.8193063e+01  1.00000e+06  3.47423e-02
1.270943564e+01  7.8194655e+01  1.00000e+06  3.48201e-02
1.271579036e+01  7.8196248e+01  1.00000e+06  3.48983e-02
1.272214825e+01  7.8197840e+01  1.00000e+06  3.49767e-02
1.272850933e+01  7.8199431e+01  1.00000e+06  3.50553e-02
1.273487358e+01  7.8201021e+01  1.00000e+06  3.51336e-02
1.274124102e+01  7.8202610e+01  1.00000e+06  3.52117e-02
1.274761164e+01  7.8204198e+01  1.00000e+06  3.52893e-02
1.275398544e+01  7.8205785e+01  1.00000e+06  3.53665e-02
1.276036244e+01  7.8207370e+01  1.00000e+06  3.54431e-02
1.276674262e+01  7.8208954e+01  1.00000e+06  3.55195e-02
1.277312599e+01  7.8210537e+01  1.00000e+06  3.55957e-02
1.277951255e+01  7.8212120e+01  1.00000e+06  3.56721e-02
1.278590231e+01  7.8213702e+01  1.00000e+06  3.57488e-02
1.279229526e+01  7.8215284e+01  1.00000e+06  3.58258e-02
1.279869141e+01  7.8216865e+01  1.00000e+06  3.59033e-02
1.280509075e+01  7.8218446e+01  1.00000e+06  3.59813e-02
1.281149330e+01  7.8220027e+01  1.00000e+06  3.60597e-02
1.281789905e+01  7.8221608e+01  1.00000e+06  3.61385e-02
1.282430799e+01  7.8223187e+01  1.00000e+06  3.62176e-02
1.283072015e+01  7.8224767e+01  1.00000e+06  3.62970e-02
1.283713551e+01  7.8226346e+01  1.00000e+06  3.63766e-02
1.284355408e+01  7.8227924e+01  1.00000e+06  3.64564e-02
1.284997585e+01  7.8229501e+01  1.00000e+06  3.65362e-02
1.285640084e+01  7.8231078e+01  1.00000e+06  3.66161e-02
1.286282904e+01  7.8232654e+01  1.00000e+06  3.66960e-02
1.286926046e+01  7.8234229e+01  1.00000e+06  3.67758e-02
1.287569509e+01  7.8235803e+01  1.00000e+06  3.68556e-02
1.288213293e+01  7.8237376e+01  1.00000e+06  3.69352e-02
1.288857400e+01  7.8238949e+01  1.00000e+06  3.70147e-02
1.289501829e+01  7.8240521e+01  1.00000e+06  3.70943e-02
1.290146580e+01  7.8242091e+01  1.00000e+06  3.71739e-02
1.290791653e+01  7.8243662e+01  1.00000e+06  3.72536e-02
1.291437049e+01  7.8245231e+01  1.00000e+06  3.73335e-02
1.292082767e+01  7.8246801e+01  1.00000e+06  3.74136e-02
1.292728809e+01  7.8248369e+01  1.00000e+06  3.74940e-02
1.293375173e+01  7.8249937e+01  1.00000e+06  3.75747e-02
1.294021861e+01  7.8251505e+01  1.00000e+06  3.76558e-02
1.294668872e+01  7.8253072e+01  1.00000e+06  3.77371e-02
1.295316206e+01  7.8254639e+01  1.00000e+06  3.78189e-02
1.295963864e+01  7.8256205e+01  1.00000e+06  3.79009e-02
1.296611846e+01  7.8257771e+01  1.00000e+06  3.79833e-02
1.297260152e+01  7.8259337e+01  1.00000e+06  3.80660e-02
1.297908782e+01  7.8260902e+01  1.00000e+06  3.81488e-02
1.298557736e+01  7.8262466e+01  1.00000e+06  3.82318e-02
1.299207015e+01  7.8264029e+01  1.00000e+06  3.83146e-02
1.299856619e+01  7.8265592e+01  1.00000e+06  3.83974e-02
1.300506547e+01  7.8267153e+01  1.00000e+06  3.84798e-02
1.301156800e+01  7.8268713e+01  1.00000e+06  3.85620e-02
1.301807379e+01  7.8270273e+01  1.00000e+06  3.86440e-02
1.302458283e+01  7.8271831e+01  1.00000e+06  3.87259e-02
1.303109512e+01  7.8273389e+01  1.00000e+06  3.88078e-02
1.303761066e+01  7.8274946e+01  1.00000e+06  3.88897e-02
1.304412947e+01  7.8276502e+01  1.00000e+06  3.89719e-02
1.305065153e+01  7.8278058e+01  1.00000e+06  3.90544e-02
1.305717686e+01  7.8279613e+01  1.00000e+06  3.91372e-02
1.306370545e+01  7.8281168e+01  1.00000e+06  3.92202e-02
1.307023730e+01  7.8282723e+01  1.00000e+06  3.93036e-02
1.307677242e+01  7.8284277e+01  1.00000e+06  3.93871e-02
1.308331081e+01  7.8285830e+01  1.00000e+06  3.94709e-02
1.308985246e+01  7.8287383e+01  1.00000e+06  3.95549e-02
1.309639739e+01  7.8288935e+01  1.00000e+06  3.96391e-02
1.310294559e+01  7.8290487e+01  1.00000e+06  3.97234e-02
1.310949706e+01  7.8292038e+01  1.00000e+06  3.98078e-02
1.311605181e+01  7.8293588e+01  1.00000e+06  3.98924e-02
1.312260983e+01  7.8295138e+01  1.00000e+06  3.99772e-02
1.312917114e+01  7.8296687e+01  1.00000e+06  4.00620e-02
1.313573572e+01  7.8298236e+01  1.00000e+06  4.01470e-02
1.314230359e+01  7.8299784e+01  1.00000e+06  4.02321e-02
1.314887474e+01  7.8301331e+01  1.00000e+06  4.03174e-02
1.315544918e+01  7.8302877e+01  1.00000e+06  4.04027e-02
1.316202691e+01  7.8304423e+01  1.00000e+06  4.04883e-02
1.316860792e+01  7.8305968e+01  1.00000e+06  4.05739e-02
1.317519222e+01  7.8307513e+01  1.00000e+06  4.06598e-02
1.318177982e+01  7.8309057e+01  1.00000e+06  4.07458e-02
1.318837071e+01  7.8310601e+01  1.00000e+06  4.08322e-02
1.319496489e+01  7.8312144e+01  1.00000e+06  4.09188e-02
1.320156238e+01  7.8313687e+01  1.00000e+06  4.10057e-02
1.320816316e+01  7.8315229e+01  1.00000e+06  4.10930e-02
1.321476724e+01  7.8316771e+01  1.00000e+06  4.11807e-02
1.322137462e+01  7.8318313e+01  1.00000e+06  4.12686e-02
1.322798531e+01  7.8319854e+01  1.00000e+06  4.13568e-02
1.323459930e+01  7.8321394e+01  1.00000e+06  4.14451e-02
1.324121660e+01  7.8322934e+01  1.00000e+06  4.15333e-02
1.324783721e+01  7.8324472e+01  1.00000e+06  4.16213e-02
1.325446113e+01  7.8326009e+01  1.00000e+06  4.17089e-02
1.326108836e+01  7.8327546e+01  1.00000e+06  4.17963e-02
1.326771890e+01  7.8329081e+01  1.00000e+06  4.18833e-02
1.327435276e+01  7.8330615e+01  1.00000e+06  4.19701e-02
1.328098994e+01  7.8332149e+01  1.00000e+06  4.20569e-02
1.328763044e+01  7.8333682e+01  1.00000e+06  4.21438e-02
1.329427425e+01  7.8335214e+01  1.00000e+06  4.22311e-02
1.330092139e+01  7.8336746e+01  1.00000e+06  4.23188e-02
1.330757185e+01  7.8338278e+01  1.00000e+06  4.24070e-02
1.331422563e+01  7.8339810e+01  1.00000e+06  4.24960e-02
1.332088275e+01  7.8341342e+01  1.00000e+06  4.25855e-02
1.332754319e+01  7.8342873e+01  1.00000e+06  4.26756e-02
1.333420696e+01  7.8344404e+01  1.00000e+06  4.27661e-02
1.334087406e+01  7.8345935e+01  1.00000e+06  4.28568e-02
1.334754450e+01  7.8347465e+01  1.00000e+06  4.29475e-02
1.335421827e+01  7.8348994e+01  1.00000e+06  4.30380e-02
1.336089538e+01  7.8350521e+01  1.00000e+06  4.31281e-02
1.336757583e+01  7.8352048e+01  1.00000e+06  4.32177e-02
1.337425962e+01  7.8353574e+01  1.00000e+06  4.33071e-02
1.338094675e+01  7.8355098e+01  1.00000e+06  4.33962e-02
1.338763722e+01  7.8356622e+01  1.00000e+06  4.34854e-02
1.339433104e+01  7.8358145e+01  1.00000e+06  4.35748e-02
1.340102820e+01  7.8359668e+01  1.00000e+06  4.36646e-02
1.340772872e+01  7.8361191e+01  1.00000e+06  4.37547e-02
1.341443258e+01  7.8362713e+01  1.00000e+06  4.38452e-02
1.342113980e+01  7.8364234e+01  1.00000e+06  4.39360e-02
1.342785037e+01  7.8365756e+01  1.00000e+06  4.40270e-02
1.343456429e+01  7.8367276e+01  1.00000e+06  4.41181e-02
1.344128158e+01  7.8368796e+01  1.00000e+06  4.42093e-02
1.344800222e+01  7.8370315e+01  1.00000e+06  4.43006e-02
1.345472622e+01  7.8371834e+01  1.00000e+06  4.43921e-02
1.346145358e+01  7.8373352e+01  1.00000e+06  4.44839e-02
1.346818431e+01  7.8374870e+01  1.00000e+06  4.45760e-02
1.347491840e+01  7.8376387e+01  1.00000e+06  4.46684e-02
1.348165586e+01  7.8377904e+01  1.00000e+06  4.47609e-02
1.348839669e+01  7.8379420e+01  1.00000e+06  4.48534e-02
1.349514089e+01  7.8380935e+01  1.00000e+06  4.49457e-02
1.350188846e+01  7.8382449e+01  1.00000e+06  4.50378e-02
1.350863940e+01  7.8383962e+01  1.00000e+06  4.51296e-02
1.351539372e+01  7.8385474e+01  1.00000e+06  4.52211e-02
1.352215142e+01  7.8386985e+01  1.00000e+06  4.53124e-02
1.352891249e+01  7.8388495e+01  1.00000e+06  4.54037e-02
1.353567695e+01  7.8390004e+01  1.00000e+06  4.54952e-02
1.354244479e+01  7.8391514e+01  1.00000e+06  4.55869e-02
1.354921601e+01  7.8393022e+01  1.00000e+06  4.56789e-02
1.355599062e+01  7.8394531e+01  1.00000e+06  4.57714e-02
1.356276861e+01  7.8396039e+01  1.00000e+06  4.58643e-02
1.356955000e+01  7.8397547e+01  1.00000e+06  4.59575e-02
1.357633477e+01  7.8399054e+01  1.00000e+06  4.60511e-02
1.358312294e+01  7.8400561e+01  1.00000e+06  4.61450e-02
1.358991450e+01  7.8402068e+01  1.00000e+06  4.62392e-02
1.359670946e+01  7.8403574e+01  1.00000e+06  4.63337e-02
1.360350781e+01  7.8405079e+01  1.00000e+06  4.64285e-02
1.361030957e+01  7.8406585e+01  1.00000e+06  4.65238e-02
1.361711472e+01  7.8408090e+01  1.00000e+06  4.66196e-02
1.362392328e+01  7.8409595e+01  1.00000e+06  4.67162e-02
1.363073524e+01  7.8411100e+01  1.00000e+06  4.68136e-02
1.363755061e+01  7.8412606e+01  1.00000e+06  4.69120e-02
1.364436938e+01  7.8414111e+01  1.00000e+06  4.70112e-02
1.365119157e+01  7.8415617e+01  1.00000e+06  4.71113e-02
1.365801716e+01  7.8417122e+01  1.00000e+06  4.72117e-02
1.366484617e+01  7.8418627e+01  1.00000e+06  4.73122e-02
1.367167860e+01  7.8420131e+01  1.00000e+06  4.74123e-02
1.367851444e+01  7.8421633e+01  1.00000e+06  4.75116e-02
1.368535369e+01  7.8423133e+01  1.00000e+06  4.76096e-02
1.369219637e+01  7.8424631e+01  1.00000e+06  4.77063e-02
1.369904247e+01  7.8426126e+01  1.00000e+06  4.78015e-02
1.370589199e+01  7.8427620e+01  1.00000e+06  4.78956e-02
1.371274494e+01  7.8429112e+01  1.00000e+06  4.79887e-02
1.371960131e+01  7.8430603e+01  1.00000e+06  4.80812e-02
1.372646111e+01  7.8432093e+01  1.00000e+06  4.81736e-02
1.373332434e+01  7.8433583e+01  1.00000e+06  4.82662e-02
1.374019100e+01  7.8435072e+01  1.00000e+06  4.83592e-02
1.374706110e+01  7.8436561e+01  1.00000e+06  4.84529e-02
1.375393463e+01  7.8438050e+01  1.00000e+06  4.85474e-02
1.376081159e+01  7.8439539e+01  1.00000e+06  4.86426e-02
1.376769200e+01  7.8441029e+01  1.00000e+06  4.87387e-02
1.377457585e+01  7.8442518e+01  1.00000e+06  4.88354e-02
1.378146313e+01  7.8444007e+01  1.00000e+06  4.89326e-02
1.378835387e+01  7.8445496e+01  1.00000e+06  4.90303e-02
1.379524804e+01  7.8446984e+01  1.00000e+06  4.91283e-02
1.380214567e+01  7.8448472e+01  1.00000e+06  4.92266e-02
1.380904674e+01  7.8449959e+01  1.00000e+06  4.93252e-02
1.381595126e+01  7.8451446e+01  1.00000e+06  4.94239e-02
1.382285924e+01  7.8452932e+01  1.00000e+06  4.95228e-02
1.382977067e+01  7.8454418e+01  1.00000e+06  4.96218e-02
1.383668555e+01  7.8455903e+01  1.00000e+06  4.97210e-02
1.384360390e+01  7.8457388e+01  1.00000e+06  4.98204e-02
1.385052570e+01  7.8458872e+01  1.00000e+06  4.99199e-02
1.385745096e+01  7.8460355e+01  1.00000e+06  5.00196e-02
1.386437969e+01  7.8461838e+01  1.00000e+06  5.01195e-02
1.387131188e+01  7.8463321e+01  1.00000e+06  5.02195e-02
1.387824753e+01  7.8464802e+01  1.00000e+06  5.03198e-02
1.388518666e+01  7.8466284e+01  1.00000e+06  5.04202e-02
1.389212925e+01  7.8467764e+01  1.00000e+06  5.05207e-02
1.389907531e+01  7.8469245e+01  1.00000e+06  5.06214e-02
1.390602485e+01  7.8470724e+01  1.00000e+06  5.07222e-02
1.391297786e+01  7.8472203e+01  1.00000e+06  5.08231e-02
1.391993435e+01  7.8473681e+01  1.00000e+06  5.09240e-02
1.392689432e+01  7.8475159e+01  1.00000e+06  5.10251e-02
1.393385777e+01  7.8476636e+01  1.00000e+06  5.11263e-02
1.394082470e+01  7.8478112e+01  1.00000e+06  5.12276e-02
1.394779511e+01  7.8479588e+01  1.00000e+06  5.13293e-02
1.395476901e+01  7.8481064e+01  1.00000e+06  5.14312e-02
1.396174639e+01  7.8482539e+01  1.00000e+06  5.15336e-02
1.396872726e+01  7.8484015e+01  1.00000e+06  5.16365e-02
1.397571163e+01  7.8485489e+01  1.00000e+06  5.17398e-02
1.398269948e+01  7.8486964e+01  1.00000e+06  5.18434e-02
1.398969083e+01  7.8488438e+01  1.00000e+06  5.19473e-02
1.399668568e+01  7.8489911e+01  1.00000e+06  5.20512e-02
1.400368402e+01  7.8491384e+01  1.00000e+06  5.21550e-02
1.401068586e+01  7.8492855e+01  1.00000e+06  5.22584e-02
1.401769121e+01  7.8494325e+01  1.00000e+06  5.23614e-02
1.402470005e+01  7.8495794e+01  1.00000e+06  5.24640e-02
1.403171240e+01  7.8497262e+01  1.00000e+06  5.25663e-02
1.403872826e+01  7.8498730e+01  1.00000e+06  5.26684e-02
1.404574762e+01  7.8500196e+01  1.00000e+06  5.27708e-02
1.405277050e+01  7.8501663e+01  1.00000e+06  5.28736e-02
1.405979688e+01  7.8503130e+01  1.00000e+06  5.29773e-02
1.406682678e+01  7.8504597e+01  1.00000e+06  5.30821e-02
1.407386019e+01  7.8506065e+01  1.00000e+06  5.31885e-02
1.408089712e+01  7.8507534e+01  1.00000e+06  5.32968e-02
1.408793757e+01  7.8509004e+01  1.00000e+06  5.34072e-02
1.409498154e+01  7.8510476e+01  1.00000e+06  5.35197e-02
1.410202903e+01  7.8511949e+01  1.00000e+06  5.36342e-02
1.410908005e+01  7.8513423e+01  1.00000e+06  5.37501e-02
1.411613459e+01  7.8514897e+01  1.00000e+06  5.38666e-02
1.412319265e+01  7.8516370e+01  1.00000e+06  5.39828e-02
1.413025425e+01  7.8517841e+01  1.00000e+06  5.40976e-02
1.413731938e+01  7.8519308e+01  1.00000e+06  5.42104e-02
1.414438804e+01  7.8520773e+01  1.00000e+06  5.43204e-02
1.415146023e+01  7.8522234e+01  1.00000e+06  5.44276e-02
1.415853596e+01  7.8523691e+01  1.00000e+06  5.45320e-02
1.416561523e+01  7.8525146e+01  1.00000e+06  5.46339e-02
1.417269804e+01  7.8526597e+01  1.00000e+06  5.47337e-02
1.417978439e+01  7.8528046e+01  1.00000e+06  5.48321e-02
1.418687428e+01  7.8529494e+01  1.00000e+06  5.49294e-02
1.419396771e+01  7.8530940e+01  1.00000e+06  5.50263e-02
1.420106470e+01  7.8532386e+01  1.00000e+06  5.51233e-02
1.420816523e+01  7.8533832e+01  1.00000e+06  5.52208e-02
1.421526931e+01  7.8535278e+01  1.00000e+06  5.53194e-02
1.422237695e+01  7.8536724e+01  1.00000e+06  5.54192e-02
1.422948814e+01  7.8538171e+01  1.00000e+06  5.55205e-02
1.423660288e+01  7.8539619e+01  1.00000e+06  5.56233e-02
1.424372118e+01  7.8541068e+01  1.00000e+06  5.57276e-02
1.425084304e+01  7.8542518e+01  1.00000e+06  5.58334e-02
1.425796846e+01  7.8543968e+01  1.00000e+06  5.59406e-02
1.426509745e+01  7.8545420e+01  1.00000e+06  5.60493e-02
1.427223000e+01  7.8546872e+01  1.00000e+06  5.61596e-02
1.427936611e+01  7.8548325e+01  1.00000e+06  5.62714e-02
1.428650580e+01  7.8549778e+01  1.00000e+06  5.63849e-02
1.429364905e+01  7.8551233e+01  1.00000e+06  5.64998e-02
1.430079587e+01  7.8552688e+01  1.00000e+06  5.66159e-02
1.430794627e+01  7.8554143e+01  1.00000e+06  5.67326e-02
1.431510024e+01  7.8555598e+01  1.00000e+06  5.68495e-02
1.432225779e+01  7.8557051e+01  1.00000e+06  5.69658e-02
1.432941892e+01  7.8558502e+01  1.00000e+06  5.70810e-02
1.433658363e+01  7.8559951e+01  1.00000e+06  5.71947e-02
1.434375192e+01  7.8561398e+01  1.00000e+06  5.73066e-02
1.435092380e+01  7.8562842e+01  1.00000e+06  5.74169e-02
1.435809926e+01  7.8564285e+01  1.00000e+06  5.75258e-02
1.436527831e+01  7.8565725e+01  1.00000e+06  5.76337e-02
1.437246095e+01  7.8567165e+01  1.00000e+06  5.77410e-02
1.437964718e+01  7.8568603e+01  1.00000e+06  5.78480e-02
1.438683700e+01  7.8570040e+01  1.00000e+06  5.79549e-02
1.439403042e+01  7.8571477e+01  1.00000e+06  5.80618e-02
1.440122744e+01  7.8572913e+01  1.00000e+06  5.81686e-02
1.440842805e+01  7.8574349e+01  1.00000e+06  5.82753e-02
1.441563227e+01  7.8575783e+01  1.00000e+06  5.83821e-02
1.442284008e+01  7.8577217e+01  1.00000e+06  5.84892e-02
1.443005150e+01  7.8578652e+01  1.00000e+06  5.85971e-02
1.443726653e+01  7.8580087e+01  1.00000e+06  5.87062e-02
1.444448516e+01  7.8581523e+01  1.00000e+06  5.88172e-02
1.445170740e+01  7.8582960e+01  1.00000e+06  5.89305e-02
1.445893326e+01  7.8584400e+01  1.00000e+06  5.90465e-02
1.446616272e+01  7.8585842e+01  1.00000e+06  5.91653e-02
1.447339581e+01  7.8587286e+01  1.00000e+06  5.92867e-02
1.448063250e+01  7.8588731e+01  1.00000e+06  5.94101e-02
1.448787282e+01  7.8590176e+01  1.00000e+06  5.95349e-02
1.449511676e+01  7.8591622e+01  1.00000e+06  5.96601e-02
1.450236431e+01  7.8593066e+01  1.00000e+06  5.97846e-02
1.450961550e+01  7.8594507e+01  1.00000e+06  5.99072e-02
1.451687030e+01  7.8595945e+01  1.00000e+06  6.00269e-02
1.452412874e+01  7.8597378e+01  1.00000e+06  6.01427e-02
1.453139080e+01  7.8598807e+01  1.00000e+06  6.02542e-02
1.453865650e+01  7.8600230e+01  1.00000e+06  6.03615e-02
1.454592583e+01  7.8601649e+01  1.00000e+06  6.04651e-02
1.455319879e+01  7.8603065e+01  1.00000e+06  6.05660e-02
1.456047539e+01  7.8604479e+01  1.00000e+06  6.06656e-02
1.456775563e+01  7.8605892e+01  1.00000e+06  6.07653e-02
1.457503951e+01  7.8607305e+01  1.00000e+06  6.08660e-02
1.458232703e+01  7.8608720e+01  1.00000e+06  6.09688e-02
1.458961819e+01  7.8610136e+01  1.00000e+06  6.10739e-02
1.459691300e+01  7.8611554e+01  1.00000e+06  6.11815e-02
1.460421145e+01  7.8612974e+01  1.00000e+06  6.12912e-02
1.461151356e+01  7.8614395e+01  1.00000e+06  6.14029e-02
1.461881932e+01  7.8615817e+01  1.00000e+06  6.15159e-02
1.462612873e+01  7.8617239e+01  1.00000e+06  6.16300e-02
1.463344179e+01  7.8618661e+01  1.00000e+06  6.17449e-02
1.464075851e+01  7.8620083e+01  1.00000e+06  6.18605e-02
1.464807889e+01  7.8621505e+01  1.00000e+06  6.19766e-02
1.465540293e+01  7.8622927e+01  1.00000e+06  6.20933e-02
1.466273063e+01  7.8624349e+01  1.00000e+06  6.22107e-02
1.467006200e+01  7.8625771e+01  1.00000e+06  6.23289e-02
1.467739703e+01  7.8627193e+01  1.00000e+06  6.24481e-02
1.468473573e+01  7.8628616e+01  1.00000e+06  6.25682e-02
1.469207809e+01  7.8630038e+01  1.00000e+06  6.26892e-02
1.469942413e+01  7.8631461e+01  1.00000e+06  6.28107e-02
1.470677385e+01  7.8632883e+01  1.00000e+06  6.29324e-02
1.471412723e+01  7.8634304e+01  1.00000e+06  6.30536e-02
1.472148430e+01  7.8635723e+01  1.00000e+06  6.31738e-02
1.472884504e+01  7.8637140e+01  1.00000e+06  6.32926e-02
1.473620946e+01  7.8638555e+01  1.00000e+06  6.34098e-02
1.474357757e+01  7.8639968e+01  1.00000e+06  6.35254e-02
1.475094935e+01  7.8641379e+01  1.00000e+06  6.36398e-02
1.475832483e+01  7.8642788e+01  1.00000e+06  6.37537e-02
1.476570399e+01  7.8644197e+01  1.00000e+06  6.38675e-02
1.477308684e+01  7.8645606e+01  1.00000e+06  6.39819e-02
1.478047339e+01  7.8647015e+01  1.00000e+06  6.40974e-02
1.478786362e+01  7.8648425e+01  1.00000e+06  6.42142e-02
1.479525756e+01  7.8649835e+01  1.00000e+06  6.43326e-02
1.480265518e+01  7.8651247e+01  1.00000e+06  6.44525e-02
1.481005651e+01  7.8652659e+01  1.00000e+06  6.45737e-02
1.481746154e+01  7.8654072e+01  1.00000e+06  6.46961e-02
1.482487027e+01  7.8655484e+01  1.00000e+06  6.48191e-02
1.483228271e+01  7.8656897e+01  1.00000e+06  6.49425e-02
1.483969885e+01  7.8658308e+01  1.00000e+06  6.50657e-02
1.484711870e+01  7.8659719e+01  1.00000e+06  6.51884e-02
1.485454226e+01  7.8661128e+01  1.00000e+06  6.53108e-02
1.486196953e+01  7.8662536e+01  1.00000e+06  6.54331e-02
1.486940051e+01  7.8663945e+01  1.00000e+06  6.55562e-02
1.487683521e+01  7.8665355e+01  1.00000e+06  6.56811e-02
1.488427363e+01  7.8666767e+01  1.00000e+06  6.58093e-02
1.489171577e+01  7.8668183e+01  1.00000e+06  6.59419e-02
1.489916162e+01  7.8669604e+01  1.00000e+06  6.60797e-02
1.490661121e+01  7.8671030e+01  1.00000e+06  6.62228e-02
1.491406451e+01  7.8672458e+01  1.00000e+06  6.63702e-02
1.492152154e+01  7.8673889e+01  1.00000e+06  6.65194e-02
1.492898230e+01  7.8675317e+01  1.00000e+06  6.66675e-02
1.493644680e+01  7.8676740e+01  1.00000e+06  6.68106e-02
1.494391502e+01  7.8678154e+01  1.00000e+06  6.69457e-02
1.495138698e+01  7.8679557e+01  1.00000e+06  6.70704e-02
1.495886267e+01  7.8680948e+01  1.00000e+06  6.71842e-02
1.496634210e+01  7.8682329e+01  1.00000e+06  6.72883e-02
1.497382527e+01  7.8683702e+01  1.00000e+06  6.73853e-02
1.498131218e+01  7.8685071e+01  1.00000e+06  6.74787e-02
1.498880284e+01  7.8686439e+01  1.00000e+06  6.75720e-02
1.499629724e+01  7.8687810e+01  1.00000e+06  6.76680e-02
1.500379539e+01  7.8689184e+01  1.00000e+06  6.77688e-02
1.501129729e+01  7.8690563e+01  1.00000e+06  6.78753e-02
1.501880294e+01  7.8691948e+01  1.00000e+06  6.79875e-02
1.502631234e+01  7.8693337e+01  1.00000e+06  6.81049e-02
1.503382549e+01  7.8694730e+01  1.00000e+06  6.82269e-02
1.504134241e+01  7.8696126e+01  1.00000e+06  6.83524e-02
1.504886308e+01  7.8697523e+01  1.00000e+06  6.84806e-02
1.505638751e+01  7.8698922e+01  1.00000e+06  6.86104e-02
1.506391570e+01  7.8700321e+01  1.00000e+06  6.87410e-02
1.507144766e+01  7.8701720e+01  1.00000e+06  6.88719e-02
1.507898339e+01  7.8703117e+01  1.00000e+06  6.90029e-02
1.508652288e+01  7.8704515e+01  1.00000e+06  6.91342e-02
1.509406614e+01  7.8705913e+01  1.00000e+06  6.92669e-02
1.510161317e+01  7.8707314e+01  1.00000e+06  6.94021e-02
1.510916398e+01  7.8708717e+01  1.00000e+06  6.95415e-02
1.511671856e+01  7.8710126e+01  1.00000e+06  6.96861e-02
1.512427692e+01  7.8711538e+01  1.00000e+06  6.98359e-02
1.513183906e+01  7.8712955e+01  1.00000e+06  6.99897e-02
1.513940498e+01  7.8714371e+01  1.00000e+06  7.01447e-02
1.514697468e+01  7.8715784e+01  1.00000e+06  7.02970e-02
1.515454817e+01  7.8717190e+01  1.00000e+06  7.04425e-02
1.516212544e+01  7.8718585e+01  1.00000e+06  7.05778e-02
1.516970650e+01  7.8719968e+01  1.00000e+06  7.07009e-02
1.517729136e+01  7.8721337e+01  1.00000e+06  7.08120e-02
1.518488000e+01  7.8722696e+01  1.00000e+06  7.09130e-02
1.519247244e+01  7.8724047e+01  1.00000e+06  7.10075e-02
1.520006868e+01  7.8725396e+01  1.00000e+06  7.10995e-02
1.520766871e+01  7.8726745e+01  1.00000e+06  7.11929e-02
1.521527255e+01  7.8728098e+01  1.00000e+06  7.12903e-02
1.522288018e+01  7.8729455e+01  1.00000e+06  7.13934e-02
1.523049162e+01  7.8730818e+01  1.00000e+06  7.15025e-02
1.523810687e+01  7.8732186e+01  1.00000e+06  7.16170e-02
1.524572592e+01  7.8733557e+01  1.00000e+06  7.17362e-02
1.525334879e+01  7.8734932e+01  1.00000e+06  7.18587e-02
1.526097546e+01  7.8736308e+01  1.00000e+06  7.19838e-02
1.526860595e+01  7.8737686e+01  1.00000e+06  7.21105e-02
1.527624025e+01  7.8739063e+01  1.00000e+06  7.22386e-02
1.528387837e+01  7.8740442e+01  1.00000e+06  7.23676e-02
1.529152031e+01  7.8741820e+01  1.00000e+06  7.24974e-02
1.529916607e+01  7.8743199e+01  1.00000e+06  7.26279e-02
1.530681565e+01  7.8744577e+01  1.00000e+06  7.27589e-02
1.531446906e+01  7.8745955e+01  1.00000e+06  7.28903e-02
1.532212630e+01  7.8747333e+01  1.00000e+06  7.30219e-02
1.532978736e+01  7.8748709e+01  1.00000e+06  7.31532e-02
1.533745225e+01  7.8750085e+01  1.00000e+06  7.32842e-02
1.534512098e+01  7.8751459e+01  1.00000e+06  7.34145e-02
1.535279354e+01  7.8752832e+01  1.00000e+06  7.35441e-02
1.536046994e+01  7.8754204e+01  1.00000e+06  7.36730e-02
1.536815017e+01  7.8755575e+01  1.00000e+06  7.38015e-02
1.537583425e+01  7.8756945e+01  1.00000e+06  7.39299e-02
1.538352216e+01  7.8758314e+01  1.00000e+06  7.40583e-02
1.539121393e+01  7.8759683e+01  1.00000e+06  7.41873e-02
1.539890953e+01  7.8761052e+01  1.00000e+06  7.43169e-02
1.540660899e+01  7.8762422e+01  1.00000e+06  7.44474e-02
1.541431229e+01  7.8763792e+01  1.00000e+06  7.45791e-02
1.542201945e+01  7.8765162e+01  1.00000e+06  7.47122e-02
1.542973046e+01  7.8766534e+01  1.00000e+06  7.48471e-02
1.543744532e+01  7.8767907e+01  1.00000e+06  7.49841e-02
1.544516405e+01  7.8769283e+01  1.00000e+06  7.51236e-02
1.545288663e+01  7.8770660e+01  1.00000e+06  7.52658e-02
1.546061307e+01  7.8772039e+01  1.00000e+06  7.54108e-02
1.546834338e+01  7.8773420e+01  1.00000e+06  7.55583e-02
1.547607755e+01  7.8774803e+01  1.00000e+06  7.57075e-02
1.548381559e+01  7.8776185e+01  1.00000e+06  7.58574e-02
1.549155750e+01  7.8777566e+01  1.00000e+06  7.60062e-02
1.549930327e+01  7.8778943e+01  1.00000e+06  7.61524e-02
1.550705293e+01  7.8780316e+01  1.00000e+06  7.62942e-02
1.551480645e+01  7.8781682e+01  1.00000e+06  7.64306e-02
1.552256386e+01  7.8783041e+01  1.00000e+06  7.65609e-02
1.553032514e+01  7.8784395e+01  1.00000e+06  7.66857e-02
1.553809030e+01  7.8785743e+01  1.00000e+06  7.68064e-02
1.554585934e+01  7.8787089e+01  1.00000e+06  7.69248e-02
1.555363227e+01  7.8788434e+01  1.00000e+06  7.70431e-02
1.556140909e+01  7.8789781e+01  1.00000e+06  7.71636e-02
1.556918980e+01  7.8791130e+01  1.00000e+06  7.72878e-02
1.557697439e+01  7.8792484e+01  1.00000e+06  7.74169e-02
1.558476288e+01  7.8793843e+01  1.00000e+06  7.75515e-02
1.559255526e+01  7.8795207e+01  1.00000e+06  7.76916e-02
1.560035154e+01  7.8796575e+01  1.00000e+06  7.78371e-02
1.560815171e+01  7.8797948e+01  1.00000e+06  7.79875e-02
1.561595579e+01  7.8799324e+01  1.00000e+06  7.81424e-02
1.562376377e+01  7.8800704e+01  1.00000e+06  7.83010e-02
1.563157565e+01  7.8802086e+01  1.00000e+06  7.84625e-02
1.563939144e+01  7.8803469e+01  1.00000e+06  7.86258e-02
1.564721113e+01  7.8804851e+01  1.00000e+06  7.87891e-02
1.565503474e+01  7.8806231e+01  1.00000e+06  7.89508e-02
1.566286225e+01  7.8807607e+01  1.00000e+06  7.91093e-02
1.567069369e+01  7.8808979e+01  1.00000e+06  7.92633e-02
1.567852903e+01  7.8810345e+01  1.00000e+06  7.94128e-02
1.568636830e+01  7.8811706e+01  1.00000e+06  7.95582e-02
1.569421148e+01  7.8813064e+01  1.00000e+06  7.97009e-02
1.570205859e+01  7.8814420e+01  1.00000e+06  7.98419e-02
1.570990962e+01  7.8815774e+01  1.00000e+06  7.99820e-02
1.571776457e+01  7.8817126e+01  1.00000e+06  8.01208e-02
1.572562345e+01  7.8818475e+01  1.00000e+06  8.02573e-02
1.573348626e+01  7.8819820e+01  1.00000e+06  8.03899e-02
1.574135301e+01  7.8821159e+01  1.00000e+06  8.05176e-02
1.574922368e+01  7.8822492e+01  1.00000e+06  8.06402e-02
1.575709830e+01  7.8823821e+01  1.00000e+06  8.07581e-02
1.576497685e+01  7.8825145e+01  1.00000e+06  8.08731e-02
1.577285933e+01  7.8826468e+01  1.00000e+06  8.09867e-02
1.578074576e+01  7.8827790e+01  1.00000e+06  8.11003e-02
1.578863614e+01  7.8829112e+01  1.00000e+06  8.12149e-02
1.579653045e+01  7.8830435e+01  1.00000e+06  8.13308e-02
1.580442872e+01  7.8831758e+01  1.00000e+06  8.14478e-02
1.581233093e+01  7.8833082e+01  1.00000e+06  8.15659e-02
1.582023710e+01  7.8834407e+01  1.00000e+06  8.16852e-02
1.582814722e+01  7.8835732e+01  1.00000e+06  8.18061e-02
1.583606129e+01  7.8837059e+01  1.00000e+06  8.19290e-02
1.584397932e+01  7.8838388e+01  1.00000e+06  8.20546e-02
1.585190131e+01  7.8839719e+01  1.00000e+06  8.21829e-02
1.585982726e+01  7.8841052e+01  1.00000e+06  8.23142e-02
1.586775718e+01  7.8842388e+01  1.00000e+06  8.24483e-02
1.587569105e+01  7.8843725e+01  1.00000e+06  8.25850e-02
1.588362890e+01  7.8845065e+01  1.00000e+06  8.27241e-02
1.589157071e+01  7.8846406e+01  1.00000e+06  8.28660e-02
1.589951650e+01  7.8847750e+01  1.00000e+06  8.30112e-02
1.590746626e+01  7.8849098e+01  1.00000e+06  8.31609e-02
1.591541999e+01  7.8850452e+01  1.00000e+06  8.33167e-02
1.592337770e+01  7.8851813e+01  1.00000e+06  8.34805e-02
1.593133939e+01  7.8853182e+01  1.00000e+06  8.36539e-02
1.593930506e+01  7.8854562e+01  1.00000e+06  8.38379e-02
1.594727471e+01  7.8855952e+01  1.00000e+06  8.40319e-02
1.595524835e+01  7.8857348e+01  1.00000e+06  8.42333e-02
1.596322597e+01  7.8858745e+01  1.00000e+06  8.44373e-02
1.597120759e+01  7.8860139e+01  1.00000e+06  8.46371e-02
1.597919319e+01  7.8861520e+01  1.00000e+06  8.48253e-02
1.598718279e+01  7.8862882e+01  1.00000e+06  8.49953e-02
1.599517638e+01  7.8864220e+01  1.00000e+06  8.51427e-02
1.600317397e+01  7.8865535e+01  1.00000e+06  8.52666e-02
1.601117555e+01  7.8866829e+01  1.00000e+06  8.53700e-02
1.601918114e+01  7.8868107e+01  1.00000e+06  8.54584e-02
1.602719073e+01  7.8869377e+01  1.00000e+06  8.55394e-02
1.603520433e+01  7.8870646e+01  1.00000e+06  8.56202e-02
1.604322193e+01  7.8871921e+01  1.00000e+06  8.57068e-02
1.605124354e+01  7.8873204e+01  1.00000e+06  8.58032e-02
1.605926916e+01  7.8874498e+01  1.00000e+06  8.59109e-02
1.606729880e+01  7.8875803e+01  1.00000e+06  8.60294e-02
1.607533245e+01  7.8877116e+01  1.00000e+06  8.61573e-02
1.608337011e+01  7.8878436e+01  1.00000e+06  8.62922e-02
1.609141180e+01  7.8879759e+01  1.00000e+06  8.64321e-02
1.609945750e+01  7.8881086e+01  1.00000e+06  8.65750e-02
1.610750723e+01  7.8882413e+01  1.00000e+06  8.67195e-02
1.611556099e+01  7.8883741e+01  1.00000e+06  8.68653e-02
1.612361877e+01  7.8885070e+01  1.00000e+06  8.70125e-02
1.613168058e+01  7.8886401e+01  1.00000e+06  8.71624e-02
1.613974642e+01  7.8887736e+01  1.00000e+06  8.73174e-02
1.614781629e+01  7.8889079e+01  1.00000e+06  8.74807e-02
1.615589020e+01  7.8890434e+01  1.00000e+06  8.76561e-02
1.616396814e+01  7.8891804e+01  1.00000e+06  8.78474e-02
1.617205013e+01  7.8893192e+01  1.00000e+06  8.80577e-02
1.618013615e+01  7.8894599e+01  1.00000e+06  8.82876e-02
1.618822622e+01  7.8896023e+01  1.00000e+06  8.85346e-02
1.619632033e+01  7.8897456e+01  1.00000e+06  8.87920e-02
1.620441849e+01  7.8898889e+01  1.00000e+06  8.90493e-02
1.621252070e+01  7.8900308e+01  1.00000e+06  8.92936e-02
1.622062696e+01  7.8901701e+01  1.00000e+06  8.95120e-02
1.622873728e+01  7.8903058e+01  1.00000e+06  8.96949e-02
1.623685165e+01  7.8904374e+01  1.00000e+06  8.98382e-02
1.624497007e+01  7.8905653e+01  1.00000e+06  8.99444e-02
1.625309256e+01  7.8906902e+01  1.00000e+06  9.00221e-02
1.626121910e+01  7.8908135e+01  1.00000e+06  9.00838e-02
1.626934971e+01  7.8909364e+01  1.00000e+06  9.01423e-02
1.627748439e+01  7.8910600e+01  1.00000e+06  9.02084e-02
1.628562313e+01  7.8911850e+01  1.00000e+06  9.02883e-02
1.629376594e+01  7.8913113e+01  1.00000e+06  9.03834e-02
1.630191282e+01  7.8914389e+01  1.00000e+06  9.04912e-02
1.631006378e+01  7.8915673e+01  1.00000e+06  9.06069e-02
1.631821881e+01  7.8916959e+01  1.00000e+06  9.07258e-02
1.632637792e+01  7.8918243e+01  1.00000e+06  9.08442e-02
1.633454111e+01  7.8919525e+01  1.00000e+06  9.09606e-02
1.634270838e+01  7.8920805e+01  1.00000e+06  9.10753e-02
1.635087973e+01  7.8922085e+01  1.00000e+06  9.11902e-02
1.635905517e+01  7.8923366e+01  1.00000e+06  9.13072e-02
1.636723470e+01  7.8924650e+01  1.00000e+06  9.14282e-02
1.637541832e+01  7.8925939e+01  1.00000e+06  9.15543e-02
1.638360603e+01  7.8927232e+01  1.00000e+06  9.16858e-02
1.639179783e+01  7.8928530e+01  1.00000e+06  9.18221e-02
1.639999373e+01  7.8929832e+01  1.00000e+06  9.19624e-02
1.640819373e+01  7.8931135e+01  1.00000e+06  9.21057e-02
1.641639782e+01  7.8932440e+01  1.00000e+06  9.22512e-02
1.642460602e+01  7.8933746e+01  1.00000e+06  9.23982e-02
1.643281833e+01  7.8935053e+01  1.00000e+06  9.25461e-02
1.644103474e+01  7.8936359e+01  1.00000e+06  9.26946e-02
1.644925525e+01  7.8937666e+01  1.00000e+06  9.28438e-02
1.645747988e+01  7.8938972e+01  1.00000e+06  9.29936e-02
1.646570862e+01  7.8940279e+01  1.00000e+06  9.31441e-02
1.647394147e+01  7.8941586e+01  1.00000e+06  9.32956e-02
1.648217845e+01  7.8942893e+01  1.00000e+06  9.34481e-02
1.649041953e+01  7.8944201e+01  1.00000e+06  9.36017e-02
1.649866474e+01  7.8945510e+01  1.00000e+06  9.37564e-02
1.650691408e+01  7.8946818e+01  1.00000e+06  9.39118e-02
1.651516753e+01  7.8948126e+01  1.00000e+06  9.40675e-02
1.652342512e+01  7.8949433e+01  1.00000e+06  9.42227e-02
1.653168683e+01  7.8950739e+01  1.00000e+06  9.43770e-02
1.653995267e+01  7.8952043e+01  1.00000e+06  9.45297e-02
1.654822265e+01  7.8953344e+01  1.00000e+06  9.46809e-02
1.655649676e+01  7.8954643e+01  1.00000e+06  9.48309e-02
1.656477501e+01  7.8955942e+01  1.00000e+06  9.49806e-02
1.657305740e+01  7.8957241e+01  1.00000e+06  9.51313e-02
1.658134393e+01  7.8958542e+01  1.00000e+06  9.52849e-02
1.658963460e+01  7.8959848e+01  1.00000e+06  9.54430e-02
1.659792942e+01  7.8961159e+01  1.00000e+06  9.56075e-02
1.660622838e+01  7.8962476e+01  1.00000e+06  9.57792e-02
1.661453149e+01  7.8963801e+01  1.00000e+06  9.59584e-02
1.662283876e+01  7.8965131e+01  1.00000e+06  9.61438e-02
1.663115018e+01  7.8966464e+01  1.00000e+06  9.63325e-02
1.663946575e+01  7.8967795e+01  1.00000e+06  9.65205e-02
1.664778549e+01  7.8969121e+01  1.00000e+06  9.67031e-02
1.665610938e+01  7.8970436e+01  1.00000e+06  9.68759e-02
1.666443743e+01  7.8971738e+01  1.00000e+06  9.70357e-02
1.667276965e+01  7.8973025e+01  1.00000e+06  9.71815e-02
1.668110604e+01  7.8974298e+01  1.00000e+06  9.73145e-02
1.668944659e+01  7.8975562e+01  1.00000e+06  9.74384e-02
1.669779131e+01  7.8976821e+01  1.00000e+06  9.75580e-02
1.670614021e+01  7.8978081e+01  1.00000e+06  9.76788e-02
1.671449328e+01  7.8979346e+01  1.00000e+06  9.78058e-02
1.672285053e+01  7.8980621e+01  1.00000e+06  9.79434e-02
1.673121195e+01  7.8981910e+01  1.00000e+06  9.80949e-02
1.673957756e+01  7.8983214e+01  1.00000e+06  9.82623e-02
1.674794735e+01  7.8984534e+01  1.00000e+06  9.84464e-02
1.675632132e+01  7.8985869e+01  1.00000e+06  9.86465e-02
1.676469948e+01  7.8987217e+01  1.00000e+06  9.88599e-02
1.677308183e+01  7.8988573e+01  1.00000e+06  9.90820e-02
1.678146837e+01  7.8989932e+01  1.00000e+06  9.93067e-02
1.678985911e+01  7.8991285e+01  1.00000e+06  9.95277e-02
1.679825404e+01  7.8992630e+01  1.00000e+06  9.97401e-02
1.680665316e+01  7.8993965e+01  1.00000e+06  9.99427e-02
1.681505649e+01  7.8995292e+01  1.00000e+06  1.00139e-01
1.682346402e+01  7.8996621e+01  1.00000e+06  1.00337e-01
1.683187575e+01  7.8997963e+01  1.00000e+06  1.00549e-01
1.684029169e+01  7.8999329e+01  1.00000e+06  1.00786e-01
1.684871183e+01  7.9000726e+01  1.00000e+06  1.01055e-01
1.685713619e+01  7.9002154e+01  1.00000e+06  1.01354e-01
1.686556476e+01  7.9003600e+01  1.00000e+06  1.01672e-01
1.687399754e+01  7.9005045e+01  1.00000e+06  1.01990e-01
1.688243454e+01  7.9006463e+01  1.00000e+06  1.02282e-01
1.689087576e+01  7.9007830e+01  1.00000e+06  1.02522e-01
1.689932119e+01  7.9009126e+01  1.00000e+06  1.02694e-01
1.690777085e+01  7.9010347e+01  1.00000e+06  1.02789e-01
1.691622474e+01  7.9011496e+01  1.00000e+06  1.02815e-01
1.692468285e+01  7.9012593e+01  1.00000e+06  1.02788e-01
1.693314519e+01  7.9013660e+01  1.00000e+06  1.02732e-01
1.694161177e+01  7.9014722e+01  1.00000e+06  1.02671e-01
1.695008257e+01  7.9015799e+01  1.00000e+06  1.02627e-01
1.695855761e+01  7.9016906e+01  1.00000e+06  1.02613e-01
1.696703689e+01  7.9018049e+01  1.00000e+06  1.02635e-01
1.697552041e+01  7.9019227e+01  1.00000e+06  1.02693e-01
1.698400817e+01  7.9020436e+01  1.00000e+06  1.02783e-01
1.699250017e+01  7.9021669e+01  1.00000e+06  1.02897e-01
1.700099642e+01  7.9022920e+01  1.00000e+06  1.03029e-01
1.700949692e+01  7.9024183e+01  1.00000e+06  1.03175e-01
1.701800167e+01  7.9025455e+01  1.00000e+06  1.03329e-01
1.702651067e+01  7.9026732e+01  1.00000e+06  1.03490e-01
1.703502393e+01  7.9028014e+01  1.00000e+06  1.03656e-01
1.704354144e+01  7.9029299e+01  1.00000e+06  1.03826e-01
1.705206321e+01  7.9030588e+01  1.00000e+06  1.03999e-01
1.706058924e+01  7.9031879e+01  1.00000e+06  1.04176e-01
1.706911954e+01  7.9033170e+01  1.00000e+06  1.04354e-01
1.707765410e+01  7.9034461e+01  1.00000e+06  1.04532e-01
1.708619292e+01  7.9035749e+01  1.00000e+06  1.04707e-01
1.709473602e+01  7.9037032e+01  1.00000e+06  1.04878e-01
1.710328339e+01  7.9038310e+01  1.00000e+06  1.05044e-01
1.711183503e+01  7.9039583e+01  1.00000e+06  1.05207e-01
1.712039095e+01  7.9040855e+01  1.00000e+06  1.05369e-01
1.712895114e+01  7.9042131e+01  1.00000e+06  1.05535e-01
1.713751562e+01  7.9043415e+01  1.00000e+06  1.05710e-01
1.714608438e+01  7.9044716e+01  1.00000e+06  1.05902e-01
1.715465742e+01  7.9046037e+01  1.00000e+06  1.06115e-01
1.716323475e+01  7.9047381e+01  1.00000e+06  1.06352e-01
1.717181636e+01  7.9048747e+01  1.00000e+06  1.06611e-01
1.718040227e+01  7.9050128e+01  1.00000e+06  1.06886e-01
1.718899247e+01  7.9051513e+01  1.00000e+06  1.07166e-01
1.719758697e+01  7.9052889e+01  1.00000e+06  1.07436e-01
1.720618576e+01  7.9054239e+01  1.00000e+06  1.07682e-01
1.721478886e+01  7.9055551e+01  1.00000e+06  1.07890e-01
1.722339625e+01  7.9056819e+01  1.00000e+06  1.08054e-01
1.723200795e+01  7.9058041e+01  1.00000e+06  1.08174e-01
1.724062395e+01  7.9059226e+01  1.00000e+06  1.08256e-01
1.724924426e+01  7.9060387e+01  1.00000e+06  1.08316e-01
1.725786889e+01  7.9061541e+01  1.00000e+06  1.08369e-01
1.726649782e+01  7.9062708e+01  1.00000e+06  1.08435e-01
1.727513107e+01  7.9063901e+01  1.00000e+06  1.08529e-01
1.728376864e+01  7.9065135e+01  1.00000e+06  1.08663e-01
1.729241052e+01  7.9066414e+01  1.00000e+06  1.08844e-01
1.730105672e+01  7.9067741e+01  1.00000e+06  1.09072e-01
1.730970725e+01  7.9069108e+01  1.00000e+06  1.09342e-01
1.731836211e+01  7.9070504e+01  1.00000e+06  1.09641e-01
1.732702129e+01  7.9071911e+01  1.00000e+06  1.09951e-01
1.733568480e+01  7.9073307e+01  1.00000e+06  1.10251e-01
1.734435264e+01  7.9074670e+01  1.00000e+06  1.10519e-01
1.735302482e+01  7.9075984e+01  1.00000e+06  1.10738e-01
1.736170133e+01  7.9077238e+01  1.00000e+06  1.10897e-01
1.737038218e+01  7.9078431e+01  1.00000e+06  1.10998e-01
1.737906737e+01  7.9079574e+01  1.00000e+06  1.11047e-01
1.738775691e+01  7.9080683e+01  1.00000e+06  1.11064e-01
1.739645078e+01  7.9081777e+01  1.00000e+06  1.11065e-01
1.740514901e+01  7.9082873e+01  1.00000e+06  1.11071e-01
1.741385158e+01  7.9083987e+01  1.00000e+06  1.11094e-01
1.742255851e+01  7.9085127e+01  1.00000e+06  1.11143e-01
1.743126979e+01  7.9086294e+01  1.00000e+06  1.11221e-01
1.743998542e+01  7.9087489e+01  1.00000e+06  1.11327e-01
1.744870542e+01  7.9088709e+01  1.00000e+06  1.11458e-01
1.745742977e+01  7.9089950e+01  1.00000e+06  1.11610e-01
1.746615848e+01  7.9091210e+01  1.00000e+06  1.11783e-01
1.747489156e+01  7.9092490e+01  1.00000e+06  1.11977e-01
1.748362901e+01  7.9093792e+01  1.00000e+06  1.12193e-01
1.749237082e+01  7.9095120e+01  1.00000e+06  1.12434e-01
1.750111701e+01  7.9096476e+01  1.00000e+06  1.12706e-01
1.750986757e+01  7.9097864e+01  1.00000e+06  1.13008e-01
1.751862250e+01  7.9099280e+01  1.00000e+06  1.13341e-01
1.752738181e+01  7.9100719e+01  1.00000e+06  1.13696e-01
1.753614550e+01  7.9102170e+01  1.00000e+06  1.14064e-01
1.754491358e+01  7.9103619e+01  1.00000e+06  1.14430e-01
1.755368603e+01  7.9105050e+01  1.00000e+06  1.14780e-01
1.756246288e+01  7.9106452e+01  1.00000e+06  1.15101e-01
1.757124411e+01  7.9107820e+01  1.00000e+06  1.15388e-01
1.758002973e+01  7.9109150e+01  1.00000e+06  1.15638e-01
1.758881974e+01  7.9110446e+01  1.00000e+06  1.15854e-01
1.759761415e+01  7.9111711e+01  1.00000e+06  1.16041e-01
1.760641296e+01  7.9112946e+01  1.00000e+06  1.16197e-01
1.761521617e+01  7.9114149e+01  1.00000e+06  1.16322e-01
1.762402378e+01  7.9115317e+01  1.00000e+06  1.16412e-01
1.763283579e+01  7.9116446e+01  1.00000e+06  1.16465e-01
1.764165221e+01  7.9117539e+01  1.00000e+06  1.16482e-01
1.765047303e+01  7.9118605e+01  1.00000e+06  1.16472e-01
1.765929827e+01  7.9119657e+01  1.00000e+06  1.16449e-01
1.766812792e+01  7.9120715e+01  1.00000e+06  1.16432e-01
1.767696198e+01  7.9121796e+01  1.00000e+06  1.16439e-01
1.768580046e+01  7.9122916e+01  1.00000e+06  1.16485e-01
1.769464336e+01  7.9124082e+01  1.00000e+06  1.16579e-01
1.770349068e+01  7.9125297e+01  1.00000e+06  1.16722e-01
1.771234243e+01  7.9126552e+01  1.00000e+06  1.16905e-01
1.772119860e+01  7.9127835e+01  1.00000e+06  1.17117e-01
1.773005920e+01  7.9129130e+01  1.00000e+06  1.17341e-01
1.773892423e+01  7.9130418e+01  1.00000e+06  1.17559e-01
1.774779369e+01  7.9131684e+01  1.00000e+06  1.17756e-01
1.775666759e+01  7.9132920e+01  1.00000e+06  1.17923e-01
1.776554592e+01  7.9134122e+01  1.00000e+06  1.18056e-01
1.777442870e+01  7.9135293e+01  1.00000e+06  1.18159e-01
1.778331591e+01  7.9136441e+01  1.00000e+06  1.18239e-01
1.779220757e+01  7.9137577e+01  1.00000e+06  1.18309e-01
1.780110367e+01  7.9138714e+01  1.00000e+06  1.18380e-01
1.781000422e+01  7.9139859e+01  1.00000e+06  1.18459e-01
1.781890923e+01  7.9141018e+01  1.00000e+06  1.18553e-01
1.782781868e+01  7.9142194e+01  1.00000e+06  1.18664e-01
1.783673259e+01  7.9143385e+01  1.00000e+06  1.18792e-01
1.784565096e+01  7.9144590e+01  1.00000e+06  1.18933e-01
1.785457378e+01  7.9145805e+01  1.00000e+06  1.19085e-01
1.786350107e+01  7.9147027e+01  1.00000e+06  1.19245e-01
1.787243282e+01  7.9148255e+01  1.00000e+06  1.19411e-01
1.788136903e+01  7.9149485e+01  1.00000e+06  1.19580e-01
1.789030972e+01  7.9150718e+01  1.00000e+06  1.19752e-01
1.789925487e+01  7.9151953e+01  1.00000e+06  1.19926e-01
1.790820450e+01  7.9153190e+01  1.00000e+06  1.20103e-01
1.791715860e+01  7.9154429e+01  1.00000e+06  1.20284e-01
1.792611718e+01  7.9155672e+01  1.00000e+06  1.20469e-01
1.793508024e+01  7.9156922e+01  1.00000e+06  1.20660e-01
1.794404778e+01  7.9158180e+01  1.00000e+06  1.20861e-01
1.795301981e+01  7.9159450e+01  1.00000e+06  1.21074e-01
1.796199632e+01  7.9160734e+01  1.00000e+06  1.21302e-01
1.797097731e+01  7.9162034e+01  1.00000e+06  1.21546e-01
1.797996280e+01  7.9163349e+01  1.00000e+06  1.21805e-01
1.798895278e+01  7.9164672e+01  1.00000e+06  1.22074e-01
1.799794726e+01  7.9165997e+01  1.00000e+06  1.22344e-01
1.800694623e+01  7.9167311e+01  1.00000e+06  1.22605e-01
1.801594971e+01  7.9168602e+01  1.00000e+06  1.22844e-01
1.802495768e+01  7.9169863e+01  1.00000e+06  1.23051e-01
1.803397016e+01  7.9171086e+01  1.00000e+06  1.23222e-01
1.804298715e+01  7.9172272e+01  1.00000e+06  1.23357e-01
1.805200864e+01  7.9173428e+01  1.00000e+06  1.23463e-01
1.806103464e+01  7.9174565e+01  1.00000e+06  1.23549e-01
1.807006516e+01  7.9175695e+01  1.00000e+06  1.23630e-01
1.807910019e+01  7.9176831e+01  1.00000e+06  1.23717e-01
1.808813974e+01  7.9177984e+01  1.00000e+06  1.23820e-01
1.809718381e+01  7.9179159e+01  1.00000e+06  1.23947e-01
1.810623241e+01  7.9180361e+01  1.00000e+06  1.24102e-01
1.811528552e+01  7.9181591e+01  1.00000e+06  1.24284e-01
1.812434316e+01  7.9182846e+01  1.00000e+06  1.24493e-01
1.813340534e+01  7.9184122e+01  1.00000e+06  1.24723e-01
1.814247204e+01  7.9185412e+01  1.00000e+06  1.24968e-01
1.815154327e+01  7.9186707e+01  1.00000e+06  1.25218e-01
1.816061905e+01  7.9187998e+01  1.00000e+06  1.25465e-01
1.816969936e+01  7.9189277e+01  1.00000e+06  1.25700e-01
1.817878421e+01  7.9190538e+01  1.00000e+06  1.25918e-01
1.818787360e+01  7.9191782e+01  1.00000e+06  1.26119e-01
1.819696753e+01  7.9193014e+01  1.00000e+06  1.26308e-01
1.820606602e+01  7.9194244e+01  1.00000e+06  1.26496e-01
1.821516905e+01  7.9195485e+01  1.00000e+06  1.26696e-01
1.822427664e+01  7.9196752e+01  1.00000e+06  1.26923e-01
1.823338877e+01  7.9198058e+01  1.00000e+06  1.27189e-01
1.824250547e+01  7.9199413e+01  1.00000e+06  1.27504e-01
1.825162672e+01  7.9200820e+01  1.00000e+06  1.27873e-01
1.826075253e+01  7.9202278e+01  1.00000e+06  1.28292e-01
1.826988291e+01  7.9203774e+01  1.00000e+06  1.28750e-01
1.827901785e+01  7.9205290e+01  1.00000e+06  1.29229e-01
1.828815736e+01  7.9206800e+01  1.00000e+06  1.29701e-01
1.829730144e+01  7.9208272e+01  1.00000e+06  1.30138e-01
1.830645009e+01  7.9209677e+01  1.00000e+06  1.30506e-01
1.831560332e+01  7.9210987e+01  1.00000e+06  1.30782e-01
1.832476112e+01  7.9212188e+01  1.00000e+06  1.30948e-01
1.833392350e+01  7.9213277e+01  1.00000e+06  1.31003e-01
1.834309046e+01  7.9214266e+01  1.00000e+06  1.30959e-01
1.835226200e+01  7.9215180e+01  1.00000e+06  1.30839e-01
1.836143814e+01  7.9216049e+01  1.00000e+06  1.30676e-01
1.837061885e+01  7.9216909e+01  1.00000e+06  1.30504e-01
1.837980416e+01  7.9217790e+01  1.00000e+06  1.30353e-01
1.838899407e+01  7.9218717e+01  1.00000e+06  1.30249e-01
1.839818856e+01  7.9219704e+01  1.00000e+06  1.30206e-01
1.840738766e+01  7.9220757e+01  1.00000e+06  1.30229e-01
1.841659135e+01  7.9221875e+01  1.00000e+06  1.30317e-01
1.842579965e+01  7.9223049e+01  1.00000e+06  1.30462e-01
1.843501255e+01  7.9224267e+01  1.00000e+06  1.30652e-01
1.844423005e+01  7.9225513e+01  1.00000e+06  1.30871e-01
1.845345217e+01  7.9226773e+01  1.00000e+06  1.31104e-01
1.846267889e+01  7.9228030e+01  1.00000e+06  1.31334e-01
1.847191023e+01  7.9229272e+01  1.00000e+06  1.31549e-01
1.848114619e+01  7.9230488e+01  1.00000e+06  1.31740e-01
1.849038676e+01  7.9231675e+01  1.00000e+06  1.31902e-01
1.849963196e+01  7.9232835e+01  1.00000e+06  1.32037e-01
1.850888177e+01  7.9233974e+01  1.00000e+06  1.32153e-01
1.851813621e+01  7.9235103e+01  1.00000e+06  1.32258e-01
1.852739528e+01  7.9236233e+01  1.00000e+06  1.32365e-01
1.853665898e+01  7.9237376e+01  1.00000e+06  1.32485e-01
1.854592731e+01  7.9238541e+01  1.00000e+06  1.32628e-01
1.855520027e+01  7.9239736e+01  1.00000e+06  1.32802e-01
1.856447787e+01  7.9240967e+01  1.00000e+06  1.33012e-01
1.857376011e+01  7.9242240e+01  1.00000e+06  1.33265e-01
1.858304699e+01  7.9243554e+01  1.00000e+06  1.33559e-01
1.859233851e+01  7.9244908e+01  1.00000e+06  1.33894e-01
1.860163468e+01  7.9246293e+01  1.00000e+06  1.34260e-01
1.861093550e+01  7.9247691e+01  1.00000e+06  1.34641e-01
1.862024097e+01  7.9249083e+01  1.00000e+06  1.35015e-01
1.862955109e+01  7.9250444e+01  1.00000e+06  1.35358e-01
1.863886586e+01  7.9251750e+01  1.00000e+06  1.35647e-01
1.864818530e+01  7.9252985e+01  1.00000e+06  1.35867e-01
1.865750939e+01  7.9254144e+01  1.00000e+06  1.36010e-01
1.866683814e+01  7.9255232e+01  1.00000e+06  1.36083e-01
1.867617156e+01  7.9256266e+01  1.00000e+06  1.36102e-01
1.868550965e+01  7.9257268e+01  1.00000e+06  1.36091e-01
1.869485240e+01  7.9258263e+01  1.00000e+06  1.36072e-01
1.870419983e+01  7.9259270e+01  1.00000e+06  1.36066e-01
1.871355193e+01  7.9260303e+01  1.00000e+06  1.36086e-01
1.872290871e+01  7.9261368e+01  1.00000e+06  1.36139e-01
1.873227016e+01  7.9262466e+01  1.00000e+06  1.36226e-01
1.874163630e+01  7.9263593e+01  1.00000e+06  1.36342e-01
1.875100711e+01  7.9264742e+01  1.00000e+06  1.36481e-01
1.876038262e+01  7.9265907e+01  1.00000e+06  1.36636e-01
1.876976281e+01  7.9267084e+01  1.00000e+06  1.36803e-01
1.877914769e+01  7.9268267e+01  1.00000e+06  1.36978e-01
1.878853726e+01  7.9269454e+01  1.00000e+06  1.37157e-01
1.879793153e+01  7.9270643e+01  1.00000e+06  1.37338e-01
1.880733050e+01  7.9271834e+01  1.00000e+06  1.37522e-01
1.881673416e+01  7.9273025e+01  1.00000e+06  1.37707e-01
1.882614253e+01  7.9274218e+01  1.00000e+06  1.37893e-01
1.883555560e+01  7.9275411e+01  1.00000e+06  1.38080e-01
1.884497338e+01  7.9276606e+01  1.00000e+06  1.38270e-01
1.885439587e+01  7.9277802e+01  1.00000e+06  1.38462e-01
1.886382306e+01  7.9279002e+01  1.00000e+06  1.38657e-01
1.887325498e+01  7.9280206e+01  1.00000e+06  1.38858e-01
1.888269160e+01  7.9281418e+01  1.00000e+06  1.39067e-01
1.889213295e+01  7.9282644e+01  1.00000e+06  1.39290e-01
1.890157902e+01  7.9283891e+01  1.00000e+06  1.39535e-01
1.891102981e+01  7.9285171e+01  1.00000e+06  1.39814e-01
1.892048532e+01  7.9286498e+01  1.00000e+06  1.40140e-01
1.892994556e+01  7.9287888e+01  1.00000e+06  1.40530e-01
1.893941054e+01  7.9289354e+01  1.00000e+06  1.40995e-01
1.894888024e+01  7.9290902e+01  1.00000e+06  1.41544e-01
1.895835468e+01  7.9292527e+01  1.00000e+06  1.42170e-01
1.896783386e+01  7.9294205e+01  1.00000e+06  1.42849e-01
1.897731778e+01  7.9295896e+01  1.00000e+06  1.43543e-01
1.898680643e+01  7.9297547e+01  1.00000e+06  1.44196e-01
1.899629984e+01  7.9299099e+01  1.00000e+06  1.44751e-01
1.900579799e+01  7.9300500e+01  1.00000e+06  1.45156e-01
1.901530089e+01  7.9301718e+01  1.00000e+06  1.45379e-01
1.902480854e+01  7.9302749e+01  1.00000e+06  1.45414e-01
1.903432094e+01  7.9303615e+01  1.00000e+06  1.45285e-01
1.904383810e+01  7.9304362e+01  1.00000e+06  1.45038e-01
1.905336002e+01  7.9305048e+01  1.00000e+06  1.44731e-01
1.906288670e+01  7.9305730e+01  1.00000e+06  1.44419e-01
1.907241814e+01  7.9306452e+01  1.00000e+06  1.44148e-01
1.908195435e+01  7.9307244e+01  1.00000e+06  1.43948e-01
1.909149533e+01  7.9308118e+01  1.00000e+06  1.43831e-01
1.910104108e+01  7.9309074e+01  1.00000e+06  1.43795e-01
1.911059160e+01  7.9310100e+01  1.00000e+06  1.43831e-01
1.912014689e+01  7.9311186e+01  1.00000e+06  1.43926e-01
1.912970697e+01  7.9312321e+01  1.00000e+06  1.44072e-01
1.913927182e+01  7.9313499e+01  1.00000e+06  1.44260e-01
1.914884146e+01  7.9314717e+01  1.00000e+06  1.44490e-01
1.915841588e+01  7.9315980e+01  1.00000e+06  1.44765e-01
1.916799509e+01  7.9317292e+01  1.00000e+06  1.45089e-01
1.917757908e+01  7.9318656e+01  1.00000e+06  1.45466e-01
1.918716787e+01  7.9320073e+01  1.00000e+06  1.45896e-01
1.919676146e+01  7.9321537e+01  1.00000e+06  1.46374e-01
1.920635984e+01  7.9323035e+01  1.00000e+06  1.46887e-01
1.921596302e+01  7.9324549e+01  1.00000e+06  1.47415e-01
1.922557100e+01  7.9326058e+01  1.00000e+06  1.47940e-01
1.923518378e+01  7.9327547e+01  1.00000e+06  1.48445e-01
1.924480138e+01  7.9329007e+01  1.00000e+06  1.48922e-01
1.925442378e+01  7.9330440e+01  1.00000e+06  1.49372e-01
1.926405099e+01  7.9331856e+01  1.00000e+06  1.49805e-01
1.927368301e+01  7.9333264e+01  1.00000e+06  1.50231e-01
1.928331986e+01  7.9334671e+01  1.00000e+06  1.50656e-01
1.929296152e+01  7.9336068e+01  1.00000e+06  1.51073e-01
1.930260800e+01  7.9337437e+01  1.00000e+06  1.51461e-01
1.931225930e+01  7.9338749e+01  1.00000e+06  1.51793e-01
1.932191543e+01  7.9339969e+01  1.00000e+06  1.52034e-01
1.933157639e+01  7.9341073e+01  1.00000e+06  1.52159e-01
1.934124218e+01  7.9342048e+01  1.00000e+06  1.52155e-01
1.935091280e+01  7.9342899e+01  1.00000e+06  1.52028e-01
1.936058825e+01  7.9343648e+01  1.00000e+06  1.51800e-01
1.937026855e+01  7.9344333e+01  1.00000e+06  1.51508e-01
1.937995368e+01  7.9344994e+01  1.00000e+06  1.51192e-01
1.938964366e+01  7.9345670e+01  1.00000e+06  1.50892e-01
1.939933848e+01  7.9346394e+01  1.00000e+06  1.50641e-01
1.940903815e+01  7.9347186e+01  1.00000e+06  1.50458e-01
1.941874267e+01  7.9348055e+01  1.00000e+06  1.50352e-01
1.942845204e+01  7.9348997e+01  1.00000e+06  1.50321e-01
1.943816627e+01  7.9350006e+01  1.00000e+06  1.50356e-01
1.944788535e+01  7.9351068e+01  1.00000e+06  1.50445e-01
1.945760929e+01  7.9352170e+01  1.00000e+06  1.50575e-01
1.946733810e+01  7.9353303e+01  1.00000e+06  1.50736e-01
1.947707177e+01  7.9354458e+01  1.00000e+06  1.50919e-01
1.948681030e+01  7.9355627e+01  1.00000e+06  1.51117e-01
1.949655371e+01  7.9356806e+01  1.00000e+06  1.51326e-01
1.950630198e+01  7.9357991e+01  1.00000e+06  1.51541e-01
1.951605513e+01  7.9359180e+01  1.00000e+06  1.51760e-01
1.952581316e+01  7.9360369e+01  1.00000e+06  1.51981e-01
1.953557607e+01  7.9361556e+01  1.00000e+06  1.52200e-01
1.954534386e+01  7.9362741e+01  1.00000e+06  1.52416e-01
1.955511653e+01  7.9363921e+01  1.00000e+06  1.52629e-01
1.956489409e+01  7.9365097e+01  1.00000e+06  1.52838e-01
1.957467653e+01  7.9366271e+01  1.00000e+06  1.53045e-01
1.958446387e+01  7.9367445e+01  1.00000e+06  1.53254e-01
1.959425610e+01  7.9368628e+01  1.00000e+06  1.53472e-01
1.960405323e+01  7.9369830e+01  1.00000e+06  1.53709e-01
1.961385526e+01  7.9371067e+01  1.00000e+06  1.53981e-01
1.962366219e+01  7.9372359e+01  1.00000e+06  1.54309e-01
1.963347402e+01  7.9373728e+01  1.00000e+06  1.54715e-01
1.964329075e+01  7.9375198e+01  1.00000e+06  1.55222e-01
1.965311240e+01  7.9376785e+01  1.00000e+06  1.55846e-01
1.966293896e+01  7.9378492e+01  1.00000e+06  1.56592e-01
1.967277043e+01  7.9380304e+01  1.00000e+06  1.57443e-01
1.968260681e+01  7.9382180e+01  1.00000e+06  1.58358e-01
1.969244811e+01  7.9384056e+01  1.00000e+06  1.59273e-01
1.970229434e+01  7.9385851e+01  1.00000e+06  1.60108e-01
1.971214549e+01  7.9387483e+01  1.00000e+06  1.60780e-01
1.972200156e+01  7.9388886e+01  1.00000e+06  1.61225e-01
1.973186256e+01  7.9390025e+01  1.00000e+06  1.61405e-01
1.974172849e+01  7.9390903e+01  1.00000e+06  1.61325e-01
1.975159935e+01  7.9391563e+01  1.00000e+06  1.61028e-01
1.976147515e+01  7.9392079e+01  1.00000e+06  1.60586e-01
1.977135589e+01  7.9392535e+01  1.00000e+06  1.60086e-01
1.978124157e+01  7.9393014e+01  1.00000e+06  1.59609e-01
1.979113219e+01  7.9393584e+01  1.00000e+06  1.59224e-01
1.980102776e+01  7.9394292e+01  1.00000e+06  1.58977e-01
1.981092827e+01  7.9399179e+01  1.00000e+06  1.58895e-01
1.982083373e+01  7.9416125e+01  1.00000e+06  1.58987e-01
1.983074415e+01  7.9466507e+01  1.00000e+06  1.59254e-01
1.984065952e+01  7.9605114e+01  1.00000e+06  1.59681e-01
1.985057985e+01  7.9964421e+01  1.00000e+06  1.60246e-01
1.986050514e+01  8.0846442e+01  1.00000e+06  1.60914e-01
1.987043540e+01  8.2900030e+01  1.00000e+06  1.61631e-01
1.988037061e+01  8.7438147e+01  1.00000e+06  1.62336e-01
1.989031080e+01  9.6961282e+01  1.00000e+06  1.62957e-01
1.990025595e+01  1.1594741e+02  1.00000e+06  1.63434e-01
1.991020608e+01  1.5192879e+02  1.00000e+06  1.63722e-01
1.992016119e+01  2.1678826e+02  1.00000e+06  1.63808e-01
1.993012127e+01  3.2807305e+02  1.00000e+06  1.63710e-01
1.994008633e+01  5.0997249e+02  1.00000e+06  1.63476e-01
1.995005637e+01  7.9349625e+02  1.00000e+06  1.63167e-01
1.996003140e+01  1.2154011e+03  1.00000e+06  1.62852e-01
1.997001141e+01  1.8156051e+03  1.00000e+06  1.62587e-01
1.997999642e+01  2.6331998e+03  1.00000e+06  1.62413e-01
1.998998642e+01  3.7016282e+03  1.00000e+06  1.62351e-01
1.999998141e+01  5.0439844e+03  1.00000e+06  1.62404e-01
results_trn.txt
# Wave/freq Total
4.000000000e-01  9.9935987e-01
4.002000000e-01  9.9936053e-01
4.004001000e-01  9.9936131e-01
4.006003000e-01  9.9936221e-01
4.008006002e-01  9.9936322e-01
4.010010005e-01  9.9936431e-01
4.012015010e-01  9.9936546e-01
4.014021018e-01  9.9936667e-01
4.016028028e-01  9.9936791e-01
4.018036042e-01  9.9936917e-01
4.020045060e-01  9.9937043e-01
4.022055083e-01  9.9937171e-01
4.024066110e-01  9.9937299e-01
4.026078143e-01  9.9937426e-01
4.028091182e-01  9.9937553e-01
4.030105228e-01  9.9937679e-01
4.032120280e-01  9.9937804e-01
4.034136341e-01  9.9937929e-01
4.036153409e-01  9.9938053e-01
4.038171485e-01  9.9938176e-01
4.040190571e-01  9.9938299e-01
4.042210666e-01  9.9938422e-01
4.044231772e-01  9.9938544e-01
4.046253888e-01  9.9938666e-01
4.048277015e-01  9.9938789e-01
4.050301153e-01  9.9938911e-01
4.052326304e-01  9.9939033e-01
4.054352467e-01  9.9939155e-01
4.056379643e-01  9.9939276e-01
4.058407833e-01  9.9939397e-01
4.060437037e-01  9.9939518e-01
4.062467255e-01  9.9939639e-01
4.064498489e-01  9.9939759e-01
4.066530738e-01  9.9939879e-01
4.068564004e-01  9.9939998e-01
4.070598286e-01  9.9940117e-01
4.072633585e-01  9.9940236e-01
4.074669902e-01  9.9940354e-01
4.076707237e-01  9.9940472e-01
4.078745590e-01  9.9940590e-01
4.080784963e-01  9.9940707e-01
4.082825355e-01  9.9940825e-01
4.084866768e-01  9.9940941e-01
4.086909201e-01  9.9941058e-01
4.088952656e-01  9.9941175e-01
4.090997132e-01  9.9941292e-01
4.093042631e-01  9.9941408e-01
4.095089152e-01  9.9941525e-01
4.097136697e-01  9.9941642e-01
4.099185265e-01  9.9941758e-01
4.101234858e-01  9.9941875e-01
4.103285475e-01  9.9941991e-01
4.105337118e-01  9.9942107e-01
4.107389787e-01  9.9942223e-01
4.109443481e-01  9.9942339e-01
4.111498203e-01  9.9942455e-01
4.113553952e-01  9.9942570e-01
4.115610729e-01  9.9942685e-01
4.117668535e-01  9.9942799e-01
4.119727369e-01  9.9942913e-01
4.121787233e-01  9.9943028e-01
4.123848126e-01  9.9943141e-01
4.125910050e-01  9.9943255e-01
4.127973005e-01  9.9943368e-01
4.130036992e-01  9.9943481e-01
4.132102010e-01  9.9943593e-01
4.134168061e-01  9.9943706e-01
4.136235145e-01  9.9943818e-01
4.138303263e-01  9.9943930e-01
4.140372415e-01  9.9944042e-01
4.142442601e-01  9.9944153e-01
4.144513822e-01  9.9944263e-01
4.146586079e-01  9.9944372e-01
4.148659372e-01  9.9944480e-01
4.150733702e-01  9.9944587e-01
4.152809069e-01  9.9944693e-01
4.154885473e-01  9.9944798e-01
4.156962916e-01  9.9944903e-01
4.159041397e-01  9.9945008e-01
4.161120918e-01  9.9945113e-01
4.163201478e-01  9.9945220e-01
4.165283079e-01  9.9945328e-01
4.167365721e-01  9.9945436e-01
4.169449404e-01  9.9945546e-01
4.171534128e-01  9.9945655e-01
4.173619895e-01  9.9945765e-01
4.175706705e-01  9.9945875e-01
4.177794559e-01  9.9945984e-01
4.179883456e-01  9.9946092e-01
4.181973398e-01  9.9946200e-01
4.184064384e-01  9.9946308e-01
4.186156417e-01  9.9946417e-01
4.188249495e-01  9.9946526e-01
4.190343619e-01  9.9946635e-01
4.192438791e-01  9.9946745e-01
4.194535011e-01  9.9946855e-01
4.196632278e-01  9.9946964e-01
4.198730594e-01  9.9947072e-01
4.200829960e-01  9.9947180e-01
4.202930375e-01  9.9947286e-01
4.205031840e-01  9.9947391e-01
4.207134356e-01  9.9947494e-01
4.209237923e-01  9.9947597e-01
4.211342542e-01  9.9947699e-01
4.213448213e-01  9.9947800e-01
4.215554937e-01  9.9947902e-01
4.217662715e-01  9.9948004e-01
4.219771546e-01  9.9948106e-01
4.221881432e-01  9.9948210e-01
4.223992373e-01  9.9948315e-01
4.226104369e-01  9.9948421e-01
4.228217421e-01  9.9948528e-01
4.230331530e-01  9.9948636e-01
4.232446695e-01  9.9948745e-01
4.234562919e-01  9.9948855e-01
4.236680200e-01  9.9948963e-01
4.238798540e-01  9.9949071e-01
4.240917940e-01  9.9949177e-01
4.243038399e-01  9.9949282e-01
4.245159918e-01  9.9949384e-01
4.247282498e-01  9.9949484e-01
4.249406139e-01  9.9949582e-01
4.251530842e-01  9.9949678e-01
4.253656607e-01  9.9949772e-01
4.255783436e-01  9.9949865e-01
4.257911327e-01  9.9949957e-01
4.260040283e-01  9.9950049e-01
4.262170303e-01  9.9950141e-01
4.264301388e-01  9.9950234e-01
4.266433539e-01  9.9950328e-01
4.268566756e-01  9.9950423e-01
4.270701039e-01  9.9950519e-01
4.272836390e-01  9.9950616e-01
4.274972808e-01  9.9950713e-01
4.277110294e-01  9.9950811e-01
4.279248850e-01  9.9950909e-01
4.281388474e-01  9.9951007e-01
4.283529168e-01  9.9951105e-01
4.285670933e-01  9.9951204e-01
4.287813768e-01  9.9951303e-01
4.289957675e-01  9.9951402e-01
4.292102654e-01  9.9951501e-01
4.294248705e-01  9.9951601e-01
4.296395830e-01  9.9951700e-01
4.298544028e-01  9.9951800e-01
4.300693300e-01  9.9951900e-01
4.302843646e-01  9.9952000e-01
4.304995068e-01  9.9952100e-01
4.307147566e-01  9.9952199e-01
4.309301139e-01  9.9952298e-01
4.311455790e-01  9.9952396e-01
4.313611518e-01  9.9952494e-01
4.315768324e-01  9.9952590e-01
4.317926208e-01  9.9952686e-01
4.320085171e-01  9.9952780e-01
4.322245213e-01  9.9952872e-01
4.324406336e-01  9.9952964e-01
4.326568539e-01  9.9953055e-01
4.328731823e-01  9.9953145e-01
4.330896189e-01  9.9953236e-01
4.333061637e-01  9.9953327e-01
4.335228168e-01  9.9953419e-01
4.337395782e-01  9.9953512e-01
4.339564480e-01  9.9953606e-01
4.341734263e-01  9.9953700e-01
4.343905130e-01  9.9953794e-01
4.346077082e-01  9.9953888e-01
4.348250121e-01  9.9953981e-01
4.350424246e-01  9.9954073e-01
4.352599458e-01  9.9954164e-01
4.354775758e-01  9.9954254e-01
4.356953146e-01  9.9954344e-01
4.359131622e-01  9.9954434e-01
4.361311188e-01  9.9954524e-01
4.363491844e-01  9.9954614e-01
4.365673589e-01  9.9954705e-01
4.367856426e-01  9.9954795e-01
4.370040354e-01  9.9954885e-01
4.372225375e-01  9.9954975e-01
4.374411487e-01  9.9955064e-01
4.376598693e-01  9.9955152e-01
4.378786992e-01  9.9955240e-01
4.380976386e-01  9.9955327e-01
4.383166874e-01  9.9955413e-01
4.385358458e-01  9.9955499e-01
4.387551137e-01  9.9955584e-01
4.389744912e-01  9.9955669e-01
4.391939785e-01  9.9955753e-01
4.394135755e-01  9.9955837e-01
4.396332823e-01  9.9955919e-01
4.398530989e-01  9.9956000e-01
4.400730254e-01  9.9956079e-01
4.402930620e-01  9.9956156e-01
4.405132085e-01  9.9956230e-01
4.407334651e-01  9.9956301e-01
4.409538318e-01  9.9956369e-01
4.411743087e-01  9.9956433e-01
4.413948959e-01  9.9956494e-01
4.416155933e-01  9.9956552e-01
4.418364011e-01  9.9956610e-01
4.420573193e-01  9.9956668e-01
4.422783480e-01  9.9956728e-01
4.424994872e-01  9.9956794e-01
4.427207369e-01  9.9956865e-01
4.429420973e-01  9.9956944e-01
4.431635683e-01  9.9957029e-01
4.433851501e-01  9.9957120e-01
4.436068427e-01  9.9957215e-01
4.438286461e-01  9.9957312e-01
4.440505604e-01  9.9957411e-01
4.442725857e-01  9.9957509e-01
4.444947220e-01  9.9957606e-01
4.447169694e-01  9.9957703e-01
4.449393279e-01  9.9957798e-01
4.451617975e-01  9.9957893e-01
4.453843784e-01  9.9957989e-01
4.456070706e-01  9.9958084e-01
4.458298741e-01  9.9958180e-01
4.460527891e-01  9.9958277e-01
4.462758155e-01  9.9958375e-01
4.464989534e-01  9.9958473e-01
4.467222029e-01  9.9958572e-01
4.469455640e-01  9.9958669e-01
4.471690367e-01  9.9958765e-01
4.473926213e-01  9.9958860e-01
4.476163176e-01  9.9958953e-01
4.478401257e-01  9.9959044e-01
4.480640458e-01  9.9959133e-01
4.482880778e-01  9.9959220e-01
4.485122219e-01  9.9959306e-01
4.487364780e-01  9.9959391e-01
4.489608462e-01  9.9959475e-01
4.491853266e-01  9.9959559e-01
4.494099193e-01  9.9959642e-01
4.496346243e-01  9.9959725e-01
4.498594416e-01  9.9959808e-01
4.500843713e-01  9.9959890e-01
4.503094135e-01  9.9959972e-01
4.505345682e-01  9.9960053e-01
4.507598355e-01  9.9960134e-01
4.509852154e-01  9.9960213e-01
4.512107080e-01  9.9960292e-01
4.514363133e-01  9.9960371e-01
4.516620315e-01  9.9960448e-01
4.518878625e-01  9.9960525e-01
4.521138064e-01  9.9960602e-01
4.523398633e-01  9.9960679e-01
4.525660333e-01  9.9960756e-01
4.527923163e-01  9.9960834e-01
4.530187125e-01  9.9960911e-01
4.532452218e-01  9.9960989e-01
4.534718444e-01  9.9961067e-01
4.536985803e-01  9.9961144e-01
4.539254296e-01  9.9961221e-01
4.541523924e-01  9.9961298e-01
4.543794685e-01  9.9961374e-01
4.546066583e-01  9.9961450e-01
4.548339616e-01  9.9961527e-01
4.550613786e-01  9.9961603e-01
4.552889093e-01  9.9961680e-01
4.555165537e-01  9.9961756e-01
4.557443120e-01  9.9961833e-01
4.559721842e-01  9.9961909e-01
4.562001703e-01  9.9961985e-01
4.564282703e-01  9.9962061e-01
4.566564845e-01  9.9962137e-01
4.568848127e-01  9.9962212e-01
4.571132551e-01  9.9962287e-01
4.573418118e-01  9.9962362e-01
4.575704827e-01  9.9962438e-01
4.577992679e-01  9.9962513e-01
4.580281675e-01  9.9962588e-01
4.582571816e-01  9.9962663e-01
4.584863102e-01  9.9962738e-01
4.587155534e-01  9.9962813e-01
4.589449111e-01  9.9962888e-01
4.591743836e-01  9.9962962e-01
4.594039708e-01  9.9963037e-01
4.596336728e-01  9.9963112e-01
4.598634896e-01  9.9963187e-01
4.600934214e-01  9.9963261e-01
4.603234681e-01  9.9963335e-01
4.605536298e-01  9.9963408e-01
4.607839066e-01  9.9963482e-01
4.610142986e-01  9.9963555e-01
4.612448057e-01  9.9963627e-01
4.614754281e-01  9.9963699e-01
4.617061658e-01  9.9963771e-01
4.619370189e-01  9.9963843e-01
4.621679874e-01  9.9963914e-01
4.623990714e-01  9.9963986e-01
4.626302710e-01  9.9964057e-01
4.628615861e-01  9.9964129e-01
4.630930169e-01  9.9964200e-01
4.633245634e-01  9.9964271e-01
4.635562257e-01  9.9964342e-01
4.637880038e-01  9.9964413e-01
4.640198978e-01  9.9964484e-01
4.642519077e-01  9.9964554e-01
4.644840337e-01  9.9964624e-01
4.647162757e-01  9.9964693e-01
4.649486338e-01  9.9964762e-01
4.651811082e-01  9.9964830e-01
4.654136987e-01  9.9964898e-01
4.656464056e-01  9.9964966e-01
4.658792288e-01  9.9965033e-01
4.661121684e-01  9.9965100e-01
4.663452245e-01  9.9965166e-01
4.665783971e-01  9.9965233e-01
4.668116863e-01  9.9965299e-01
4.670450921e-01  9.9965365e-01
4.672786147e-01  9.9965430e-01
4.675122540e-01  9.9965495e-01
4.677460101e-01  9.9965558e-01
4.679798831e-01  9.9965620e-01
4.682138731e-01  9.9965681e-01
4.684479800e-01  9.9965741e-01
4.686822040e-01  9.9965800e-01
4.689165451e-01  9.9965858e-01
4.691510034e-01  9.9965916e-01
4.693855789e-01  9.9965975e-01
4.696202716e-01  9.9966036e-01
4.698550818e-01  9.9966098e-01
4.700900093e-01  9.9966163e-01
4.703250543e-01  9.9966230e-01
4.705602169e-01  9.9966299e-01
4.707954970e-01  9.9966369e-01
4.710308947e-01  9.9966441e-01
4.712664102e-01  9.9966514e-01
4.715020434e-01  9.9966587e-01
4.717377944e-01  9.9966659e-01
4.719736633e-01  9.9966731e-01
4.722096501e-01  9.9966803e-01
4.724457549e-01  9.9966873e-01
4.726819778e-01  9.9966944e-01
4.729183188e-01  9.9967013e-01
4.731547780e-01  9.9967083e-01
4.733913554e-01  9.9967153e-01
4.736280510e-01  9.9967223e-01
4.738648651e-01  9.9967293e-01
4.741017975e-01  9.9967364e-01
4.743388484e-01  9.9967434e-01
4.745760178e-01  9.9967503e-01
4.748133058e-01  9.9967572e-01
4.750507125e-01  9.9967640e-01
4.752882378e-01  9.9967708e-01
4.755258819e-01  9.9967774e-01
4.757636449e-01  9.9967840e-01
4.760015267e-01  9.9967905e-01
4.762395275e-01  9.9967970e-01
4.764776472e-01  9.9968035e-01
4.767158861e-01  9.9968099e-01
4.769542440e-01  9.9968164e-01
4.771927211e-01  9.9968228e-01
4.774313175e-01  9.9968291e-01
4.776700331e-01  9.9968355e-01
4.779088682e-01  9.9968418e-01
4.781478226e-01  9.9968480e-01
4.783868965e-01  9.9968543e-01
4.786260900e-01  9.9968605e-01
4.788654030e-01  9.9968667e-01
4.791048357e-01  9.9968728e-01
4.793443881e-01  9.9968789e-01
4.795840603e-01  9.9968849e-01
4.798238523e-01  9.9968909e-01
4.800637643e-01  9.9968969e-01
4.803037962e-01  9.9969027e-01
4.805439481e-01  9.9969086e-01
4.807842200e-01  9.9969145e-01
4.810246121e-01  9.9969203e-01
4.812651244e-01  9.9969262e-01
4.815057570e-01  9.9969320e-01
4.817465099e-01  9.9969378e-01
4.819873831e-01  9.9969436e-01
4.822283768e-01  9.9969493e-01
4.824694910e-01  9.9969549e-01
4.827107258e-01  9.9969604e-01
4.829520811e-01  9.9969657e-01
4.831935572e-01  9.9969707e-01
4.834351539e-01  9.9969756e-01
4.836768715e-01  9.9969803e-01
4.839187100e-01  9.9969848e-01
4.841606693e-01  9.9969892e-01
4.844027496e-01  9.9969936e-01
4.846449510e-01  9.9969980e-01
4.848872735e-01  9.9970026e-01
4.851297171e-01  9.9970074e-01
4.853722820e-01  9.9970124e-01
4.856149681e-01  9.9970178e-01
4.858577756e-01  9.9970234e-01
4.861007045e-01  9.9970293e-01
4.863437549e-01  9.9970355e-01
4.865869267e-01  9.9970418e-01
4.868302202e-01  9.9970483e-01
4.870736353e-01  9.9970548e-01
4.873171721e-01  9.9970615e-01
4.875608307e-01  9.9970682e-01
4.878046111e-01  9.9970749e-01
4.880485134e-01  9.9970817e-01
4.882925377e-01  9.9970885e-01
4.885366840e-01  9.9970953e-01
4.887809523e-01  9.9971021e-01
4.890253428e-01  9.9971089e-01
4.892698554e-01  9.9971156e-01
4.895144904e-01  9.9971222e-01
4.897592476e-01  9.9971287e-01
4.900041272e-01  9.9971352e-01
4.902491293e-01  9.9971415e-01
4.904942539e-01  9.9971477e-01
4.907395010e-01  9.9971539e-01
4.909848708e-01  9.9971600e-01
4.912303632e-01  9.9971660e-01
4.914759784e-01  9.9971720e-01
4.917217164e-01  9.9971780e-01
4.919675772e-01  9.9971840e-01
4.922135610e-01  9.9971900e-01
4.924596678e-01  9.9971959e-01
4.927058976e-01  9.9972019e-01
4.929522506e-01  9.9972078e-01
4.931987267e-01  9.9972137e-01
4.934453261e-01  9.9972195e-01
4.936920487e-01  9.9972252e-01
4.939388947e-01  9.9972309e-01
4.941858642e-01  9.9972366e-01
4.944329571e-01  9.9972422e-01
4.946801736e-01  9.9972477e-01
4.949275137e-01  9.9972533e-01
4.951749774e-01  9.9972589e-01
4.954225649e-01  9.9972644e-01
4.956702762e-01  9.9972699e-01
4.959181114e-01  9.9972754e-01
4.961660704e-01  9.9972809e-01
4.964141534e-01  9.9972863e-01
4.966623605e-01  9.9972917e-01
4.969106917e-01  9.9972969e-01
4.971591470e-01  9.9973021e-01
4.974077266e-01  9.9973073e-01
4.976564305e-01  9.9973123e-01
4.979052587e-01  9.9973173e-01
4.981542113e-01  9.9973223e-01
4.984032884e-01  9.9973272e-01
4.986524901e-01  9.9973320e-01
4.989018163e-01  9.9973367e-01
4.991512672e-01  9.9973413e-01
4.994008429e-01  9.9973457e-01
4.996505433e-01  9.9973498e-01
4.999003686e-01  9.9973537e-01
5.001503187e-01  9.9973571e-01
5.004003939e-01  9.9973601e-01
5.006505941e-01  9.9973625e-01
5.009009194e-01  9.9973642e-01
5.011513699e-01  9.9973648e-01
5.014019455e-01  9.9973643e-01
5.016526465e-01  9.9973622e-01
5.019034728e-01  9.9973584e-01
5.021544246e-01  9.9973526e-01
5.024055018e-01  9.9973450e-01
5.026567045e-01  9.9973358e-01
5.029080329e-01  9.9973257e-01
5.031594869e-01  9.9973156e-01
5.034110666e-01  9.9973067e-01
5.036627722e-01  9.9973000e-01
5.039146036e-01  9.9972965e-01
5.041665609e-01  9.9972965e-01
5.044186442e-01  9.9972999e-01
5.046708535e-01  9.9973061e-01
5.049231889e-01  9.9973142e-01
5.051756505e-01  9.9973233e-01
5.054282383e-01  9.9973325e-01
5.056809524e-01  9.9973411e-01
5.059337929e-01  9.9973492e-01
5.061867598e-01  9.9973567e-01
5.064398532e-01  9.9973640e-01
5.066930731e-01  9.9973715e-01
5.069464197e-01  9.9973796e-01
5.071998929e-01  9.9973887e-01
5.074534928e-01  9.9973989e-01
5.077072196e-01  9.9974102e-01
5.079610732e-01  9.9974225e-01
5.082150537e-01  9.9974356e-01
5.084691612e-01  9.9974491e-01
5.087233958e-01  9.9974627e-01
5.089777575e-01  9.9974761e-01
5.092322464e-01  9.9974891e-01
5.094868625e-01  9.9975015e-01
5.097416059e-01  9.9975134e-01
5.099964767e-01  9.9975246e-01
5.102514750e-01  9.9975352e-01
5.105066007e-01  9.9975451e-01
5.107618540e-01  9.9975544e-01
5.110172349e-01  9.9975631e-01
5.112727436e-01  9.9975712e-01
5.115283799e-01  9.9975788e-01
5.117841441e-01  9.9975858e-01
5.120400362e-01  9.9975925e-01
5.122960562e-01  9.9975988e-01
5.125522042e-01  9.9976048e-01
5.128084803e-01  9.9976106e-01
5.130648846e-01  9.9976161e-01
5.133214170e-01  9.9976215e-01
5.135780777e-01  9.9976267e-01
5.138348668e-01  9.9976318e-01
5.140917842e-01  9.9976367e-01
5.143488301e-01  9.9976415e-01
5.146060045e-01  9.9976463e-01
5.148633075e-01  9.9976509e-01
5.151207392e-01  9.9976555e-01
5.153782995e-01  9.9976600e-01
5.156359887e-01  9.9976645e-01
5.158938067e-01  9.9976691e-01
5.161517536e-01  9.9976737e-01
5.164098295e-01  9.9976783e-01
5.166680344e-01  9.9976831e-01
5.169263684e-01  9.9976878e-01
5.171848316e-01  9.9976926e-01
5.174434240e-01  9.9976974e-01
5.177021457e-01  9.9977022e-01
5.179609968e-01  9.9977070e-01
5.182199773e-01  9.9977117e-01
5.184790873e-01  9.9977163e-01
5.187383268e-01  9.9977209e-01
5.189976960e-01  9.9977253e-01
5.192571948e-01  9.9977298e-01
5.195168234e-01  9.9977342e-01
5.197765818e-01  9.9977385e-01
5.200364701e-01  9.9977428e-01
5.202964884e-01  9.9977472e-01
5.205566366e-01  9.9977515e-01
5.208169149e-01  9.9977558e-01
5.210773234e-01  9.9977601e-01
5.213378620e-01  9.9977645e-01
5.215985310e-01  9.9977688e-01
5.218593302e-01  9.9977730e-01
5.221202599e-01  9.9977772e-01
5.223813200e-01  9.9977813e-01
5.226425107e-01  9.9977853e-01
5.229038320e-01  9.9977890e-01
5.231652839e-01  9.9977926e-01
5.234268665e-01  9.9977960e-01
5.236885799e-01  9.9977994e-01
5.239504242e-01  9.9978027e-01
5.242123994e-01  9.9978062e-01
5.244745056e-01  9.9978098e-01
5.247367429e-01  9.9978138e-01
5.249991113e-01  9.9978180e-01
5.252616108e-01  9.9978225e-01
5.255242416e-01  9.9978272e-01
5.257870037e-01  9.9978321e-01
5.260498973e-01  9.9978369e-01
5.263129222e-01  9.9978417e-01
5.265760787e-01  9.9978464e-01
5.268393667e-01  9.9978510e-01
5.271027864e-01  9.9978556e-01
5.273663378e-01  9.9978600e-01
5.276300209e-01  9.9978644e-01
5.278938360e-01  9.9978687e-01
5.281577829e-01  9.9978730e-01
5.284218618e-01  9.9978772e-01
5.286860727e-01  9.9978814e-01
5.289504157e-01  9.9978856e-01
5.292148909e-01  9.9978898e-01
5.294794984e-01  9.9978941e-01
5.297442381e-01  9.9978983e-01
5.300091103e-01  9.9979027e-01
5.302741148e-01  9.9979070e-01
5.305392519e-01  9.9979113e-01
5.308045215e-01  9.9979157e-01
5.310699238e-01  9.9979200e-01
5.313354587e-01  9.9979242e-01
5.316011264e-01  9.9979285e-01
5.318669270e-01  9.9979327e-01
5.321328605e-01  9.9979368e-01
5.323989269e-01  9.9979409e-01
5.326651264e-01  9.9979449e-01
5.329314589e-01  9.9979489e-01
5.331979247e-01  9.9979528e-01
5.334645236e-01  9.9979566e-01
5.337312559e-01  9.9979604e-01
5.339981215e-01  9.9979642e-01
5.342651206e-01  9.9979678e-01
5.345322531e-01  9.9979714e-01
5.347995193e-01  9.9979749e-01
5.350669190e-01  9.9979783e-01
5.353344525e-01  9.9979816e-01
5.356021197e-01  9.9979848e-01
5.358699208e-01  9.9979878e-01
5.361378557e-01  9.9979906e-01
5.364059247e-01  9.9979934e-01
5.366741276e-01  9.9979960e-01
5.369424647e-01  9.9979985e-01
5.372109359e-01  9.9980007e-01
5.374795414e-01  9.9980028e-01
5.377482811e-01  9.9980046e-01
5.380171553e-01  9.9980061e-01
5.382861639e-01  9.9980070e-01
5.385553069e-01  9.9980074e-01
5.388245846e-01  9.9980070e-01
5.390939969e-01  9.9980057e-01
5.393635439e-01  9.9980035e-01
5.396332257e-01  9.9980002e-01
5.399030423e-01  9.9979959e-01
5.401729938e-01  9.9979909e-01
5.404430803e-01  9.9979854e-01
5.407133018e-01  9.9979799e-01
5.409836585e-01  9.9979748e-01
5.412541503e-01  9.9979708e-01
5.415247774e-01  9.9979681e-01
5.417955398e-01  9.9979672e-01
5.420664375e-01  9.9979680e-01
5.423374708e-01  9.9979705e-01
5.426086395e-01  9.9979746e-01
5.428799438e-01  9.9979798e-01
5.431513838e-01  9.9979859e-01
5.434229595e-01  9.9979927e-01
5.436946710e-01  9.9980000e-01
5.439665183e-01  9.9980075e-01
5.442385016e-01  9.9980153e-01
5.445106208e-01  9.9980232e-01
5.447828761e-01  9.9980312e-01
5.450552676e-01  9.9980392e-01
5.453277952e-01  9.9980474e-01
5.456004591e-01  9.9980557e-01
5.458732593e-01  9.9980644e-01
5.461461960e-01  9.9980734e-01
5.464192690e-01  9.9980829e-01
5.466924787e-01  9.9980926e-01
5.469658249e-01  9.9981024e-01
5.472393078e-01  9.9981122e-01
5.475129275e-01  9.9981217e-01
5.477866840e-01  9.9981307e-01
5.480605773e-01  9.9981391e-01
5.483346076e-01  9.9981469e-01
5.486087749e-01  9.9981540e-01
5.488830793e-01  9.9981606e-01
5.491575208e-01  9.9981667e-01
5.494320996e-01  9.9981724e-01
5.497068156e-01  9.9981778e-01
5.499816690e-01  9.9981830e-01
5.502566599e-01  9.9981880e-01
5.505317882e-01  9.9981929e-01
5.508070541e-01  9.9981977e-01
5.510824576e-01  9.9982023e-01
5.513579988e-01  9.9982068e-01
5.516336778e-01  9.9982112e-01
5.519094947e-01  9.9982154e-01
5.521854494e-01  9.9982196e-01
5.524615422e-01  9.9982236e-01
5.527377729e-01  9.9982276e-01
5.530141418e-01  9.9982315e-01
5.532906489e-01  9.9982353e-01
5.535672942e-01  9.9982390e-01
5.538440779e-01  9.9982426e-01
5.541209999e-01  9.9982462e-01
5.543980604e-01  9.9982497e-01
5.546752594e-01  9.9982532e-01
5.549525971e-01  9.9982566e-01
5.552300734e-01  9.9982600e-01
5.555076884e-01  9.9982634e-01
5.557854422e-01  9.9982668e-01
5.560633350e-01  9.9982702e-01
5.563413666e-01  9.9982737e-01
5.566195373e-01  9.9982771e-01
5.568978471e-01  9.9982806e-01
5.571762960e-01  9.9982840e-01
5.574548841e-01  9.9982874e-01
5.577336116e-01  9.9982908e-01
5.580124784e-01  9.9982940e-01
5.582914846e-01  9.9982972e-01
5.585706304e-01  9.9983004e-01
5.588499157e-01  9.9983034e-01
5.591293407e-01  9.9983065e-01
5.594089053e-01  9.9983095e-01
5.596886098e-01  9.9983126e-01
5.599684541e-01  9.9983157e-01
5.602484383e-01  9.9983189e-01
5.605285625e-01  9.9983221e-01
5.608088268e-01  9.9983254e-01
5.610892312e-01  9.9983287e-01
5.613697758e-01  9.9983320e-01
5.616504607e-01  9.9983353e-01
5.619312860e-01  9.9983386e-01
5.622122516e-01  9.9983420e-01
5.624933577e-01  9.9983453e-01
5.627746044e-01  9.9983485e-01
5.630559917e-01  9.9983517e-01
5.633375197e-01  9.9983549e-01
5.636191885e-01  9.9983580e-01
5.639009981e-01  9.9983609e-01
5.641829486e-01  9.9983638e-01
5.644650400e-01  9.9983666e-01
5.647472725e-01  9.9983691e-01
5.650296462e-01  9.9983714e-01
5.653121610e-01  9.9983733e-01
5.655948171e-01  9.9983747e-01
5.658776145e-01  9.9983754e-01
5.661605533e-01  9.9983750e-01
5.664436336e-01  9.9983734e-01
5.667268554e-01  9.9983703e-01
5.670102188e-01  9.9983656e-01
5.672937239e-01  9.9983591e-01
5.675773708e-01  9.9983511e-01
5.678611595e-01  9.9983419e-01
5.681450901e-01  9.9983323e-01
5.684291626e-01  9.9983229e-01
5.687133772e-01  9.9983148e-01
5.689977339e-01  9.9983087e-01
5.692822327e-01  9.9983052e-01
5.695668739e-01  9.9983044e-01
5.698516573e-01  9.9983063e-01
5.701365831e-01  9.9983103e-01
5.704216514e-01  9.9983155e-01
5.707068622e-01  9.9983212e-01
5.709922157e-01  9.9983267e-01
5.712777118e-01  9.9983315e-01
5.715633506e-01  9.9983354e-01
5.718491323e-01  9.9983388e-01
5.721350569e-01  9.9983420e-01
5.724211244e-01  9.9983452e-01
5.727073350e-01  9.9983489e-01
5.729936886e-01  9.9983532e-01
5.732801855e-01  9.9983580e-01
5.735668256e-01  9.9983634e-01
5.738536090e-01  9.9983692e-01
5.741405358e-01  9.9983753e-01
5.744276061e-01  9.9983817e-01
5.747148199e-01  9.9983884e-01
5.750021773e-01  9.9983955e-01
5.752896784e-01  9.9984029e-01
5.755773232e-01  9.9984106e-01
5.758651119e-01  9.9984185e-01
5.761530444e-01  9.9984265e-01
5.764411209e-01  9.9984345e-01
5.767293415e-01  9.9984425e-01
5.770177062e-01  9.9984504e-01
5.773062150e-01  9.9984581e-01
5.775948681e-01  9.9984656e-01
5.778836656e-01  9.9984728e-01
5.781726074e-01  9.9984797e-01
5.784616937e-01  9.9984863e-01
5.787509245e-01  9.9984926e-01
5.790403000e-01  9.9984985e-01
5.793298202e-01  9.9985042e-01
5.796194851e-01  9.9985095e-01
5.799092948e-01  9.9985146e-01
5.801992495e-01  9.9985194e-01
5.804893491e-01  9.9985239e-01
5.807795938e-01  9.9985281e-01
5.810699836e-01  9.9985321e-01
5.813605185e-01  9.9985357e-01
5.816511988e-01  9.9985391e-01
5.819420244e-01  9.9985422e-01
5.822329954e-01  9.9985451e-01
5.825241119e-01  9.9985477e-01
5.828153740e-01  9.9985500e-01
5.831067817e-01  9.9985521e-01
5.833983350e-01  9.9985538e-01
5.836900342e-01  9.9985551e-01
5.839818792e-01  9.9985559e-01
5.842738702e-01  9.9985560e-01
5.845660071e-01  9.9985551e-01
5.848582901e-01  9.9985527e-01
5.851507193e-01  9.9985483e-01
5.854432946e-01  9.9985408e-01
5.857360163e-01  9.9985291e-01
5.860288843e-01  9.9985118e-01
5.863218987e-01  9.9984870e-01
5.866150597e-01  9.9984533e-01
5.869083672e-01  9.9984094e-01
5.872018214e-01  9.9983546e-01
5.874954223e-01  9.9982894e-01
5.877891700e-01  9.9982155e-01
5.880830646e-01  9.9981360e-01
5.883771061e-01  9.9980552e-01
5.886712947e-01  9.9979778e-01
5.889656303e-01  9.9979090e-01
5.892601131e-01  9.9978527e-01
5.895547432e-01  9.9978113e-01
5.898495206e-01  9.9977854e-01
5.901444453e-01  9.9977735e-01
5.904395175e-01  9.9977728e-01
5.907347373e-01  9.9977794e-01
5.910301047e-01  9.9977902e-01
5.913256197e-01  9.9978026e-01
5.916212825e-01  9.9978152e-01
5.919170932e-01  9.9978277e-01
5.922130517e-01  9.9978402e-01
5.925091582e-01  9.9978529e-01
5.928054128e-01  9.9978660e-01
5.931018155e-01  9.9978794e-01
5.933983664e-01  9.9978935e-01
5.936950656e-01  9.9979093e-01
5.939919132e-01  9.9979283e-01
5.942889091e-01  9.9979522e-01
5.945860536e-01  9.9979823e-01
5.948833466e-01  9.9980192e-01
5.951807883e-01  9.9980619e-01
5.954783787e-01  9.9981085e-01
5.957761179e-01  9.9981563e-01
5.960740059e-01  9.9982029e-01
5.963720429e-01  9.9982465e-01
5.966702289e-01  9.9982866e-01
5.969685640e-01  9.9983233e-01
5.972670483e-01  9.9983577e-01
5.975656819e-01  9.9983906e-01
5.978644647e-01  9.9984229e-01
5.981633969e-01  9.9984550e-01
5.984624786e-01  9.9984866e-01
5.987617099e-01  9.9985173e-01
5.990610907e-01  9.9985465e-01
5.993606213e-01  9.9985736e-01
5.996603016e-01  9.9985983e-01
5.999601317e-01  9.9986204e-01
6.002601118e-01  9.9986398e-01
6.005602418e-01  9.9986568e-01
6.008605220e-01  9.9986714e-01
6.011609522e-01  9.9986841e-01
6.014615327e-01  9.9986949e-01
6.017622635e-01  9.9987043e-01
6.020631446e-01  9.9987124e-01
6.023641762e-01  9.9987195e-01
6.026653583e-01  9.9987258e-01
6.029666909e-01  9.9987313e-01
6.032681743e-01  9.9987363e-01
6.035698084e-01  9.9987408e-01
6.038715933e-01  9.9987448e-01
6.041735291e-01  9.9987484e-01
6.044756158e-01  9.9987518e-01
6.047778537e-01  9.9987548e-01
6.050802426e-01  9.9987576e-01
6.053827827e-01  9.9987601e-01
6.056854741e-01  9.9987625e-01
6.059883168e-01  9.9987647e-01
6.062913110e-01  9.9987667e-01
6.065944566e-01  9.9987687e-01
6.068977539e-01  9.9987705e-01
6.072012027e-01  9.9987723e-01
6.075048033e-01  9.9987741e-01
6.078085557e-01  9.9987758e-01
6.081124600e-01  9.9987774e-01
6.084165163e-01  9.9987790e-01
6.087207245e-01  9.9987805e-01
6.090250849e-01  9.9987820e-01
6.093295974e-01  9.9987832e-01
6.096342622e-01  9.9987843e-01
6.099390793e-01  9.9987850e-01
6.102440489e-01  9.9987854e-01
6.105491709e-01  9.9987853e-01
6.108544455e-01  9.9987847e-01
6.111598727e-01  9.9987835e-01
6.114654527e-01  9.9987816e-01
6.117711854e-01  9.9987790e-01
6.120770710e-01  9.9987757e-01
6.123831095e-01  9.9987718e-01
6.126893011e-01  9.9987674e-01
6.129956457e-01  9.9987626e-01
6.133021435e-01  9.9987574e-01
6.136087946e-01  9.9987520e-01
6.139155990e-01  9.9987466e-01
6.142225568e-01  9.9987413e-01
6.145296681e-01  9.9987360e-01
6.148369329e-01  9.9987307e-01
6.151443514e-01  9.9987255e-01
6.154519236e-01  9.9987200e-01
6.157596495e-01  9.9987142e-01
6.160675294e-01  9.9987078e-01
6.163755631e-01  9.9987009e-01
6.166837509e-01  9.9986932e-01
6.169920928e-01  9.9986850e-01
6.173005888e-01  9.9986764e-01
6.176092391e-01  9.9986678e-01
6.179180437e-01  9.9986596e-01
6.182270028e-01  9.9986524e-01
6.185361163e-01  9.9986466e-01
6.188453843e-01  9.9986428e-01
6.191548070e-01  9.9986413e-01
6.194643844e-01  9.9986422e-01
6.197741166e-01  9.9986457e-01
6.200840037e-01  9.9986517e-01
6.203940457e-01  9.9986598e-01
6.207042427e-01  9.9986700e-01
6.210145948e-01  9.9986819e-01
6.213251021e-01  9.9986950e-01
6.216357647e-01  9.9987092e-01
6.219465825e-01  9.9987241e-01
6.222575558e-01  9.9987394e-01
6.225686846e-01  9.9987548e-01
6.228799689e-01  9.9987700e-01
6.231914089e-01  9.9987849e-01
6.235030046e-01  9.9987990e-01
6.238147561e-01  9.9988122e-01
6.241266635e-01  9.9988242e-01
6.244387268e-01  9.9988348e-01
6.247509462e-01  9.9988435e-01
6.250633217e-01  9.9988503e-01
6.253758533e-01  9.9988550e-01
6.256885413e-01  9.9988573e-01
6.260013855e-01  9.9988574e-01
6.263143862e-01  9.9988554e-01
6.266275434e-01  9.9988518e-01
6.269408572e-01  9.9988471e-01
6.272543276e-01  9.9988422e-01
6.275679548e-01  9.9988377e-01
6.278817388e-01  9.9988344e-01
6.281956796e-01  9.9988330e-01
6.285097775e-01  9.9988338e-01
6.288240324e-01  9.9988368e-01
6.291384444e-01  9.9988418e-01
6.294530136e-01  9.9988482e-01
6.297677401e-01  9.9988553e-01
6.300826240e-01  9.9988623e-01
6.303976653e-01  9.9988687e-01
6.307128641e-01  9.9988739e-01
6.310282206e-01  9.9988780e-01
6.313437347e-01  9.9988810e-01
6.316594065e-01  9.9988832e-01
6.319752362e-01  9.9988852e-01
6.322912239e-01  9.9988873e-01
6.326073695e-01  9.9988898e-01
6.329236732e-01  9.9988927e-01
6.332401350e-01  9.9988960e-01
6.335567551e-01  9.9988998e-01
6.338735334e-01  9.9989037e-01
6.341904702e-01  9.9989079e-01
6.345075654e-01  9.9989122e-01
6.348248192e-01  9.9989169e-01
6.351422316e-01  9.9989218e-01
6.354598027e-01  9.9989271e-01
6.357775327e-01  9.9989325e-01
6.360954214e-01  9.9989381e-01
6.364134691e-01  9.9989437e-01
6.367316759e-01  9.9989490e-01
6.370500417e-01  9.9989541e-01
6.373685667e-01  9.9989586e-01
6.376872510e-01  9.9989628e-01
6.380060946e-01  9.9989663e-01
6.383250977e-01  9.9989694e-01
6.386442602e-01  9.9989720e-01
6.389635824e-01  9.9989741e-01
6.392830641e-01  9.9989759e-01
6.396027057e-01  9.9989772e-01
6.399225070e-01  9.9989783e-01
6.402424683e-01  9.9989792e-01
6.405625895e-01  9.9989799e-01
6.408828708e-01  9.9989804e-01
6.412033122e-01  9.9989808e-01
6.415239139e-01  9.9989811e-01
6.418446759e-01  9.9989811e-01
6.421655982e-01  9.9989808e-01
6.424866810e-01  9.9989800e-01
6.428079243e-01  9.9989784e-01
6.431293283e-01  9.9989756e-01
6.434508930e-01  9.9989712e-01
6.437726184e-01  9.9989643e-01
6.440945047e-01  9.9989539e-01
6.444165520e-01  9.9989391e-01
6.447387603e-01  9.9989185e-01
6.450611296e-01  9.9988913e-01
6.453836602e-01  9.9988566e-01
6.457063520e-01  9.9988142e-01
6.460292052e-01  9.9987649e-01
6.463522198e-01  9.9987103e-01
6.466753959e-01  9.9986530e-01
6.469987336e-01  9.9985966e-01
6.473222330e-01  9.9985449e-01
6.476458941e-01  9.9985018e-01
6.479697170e-01  9.9984704e-01
6.482937019e-01  9.9984526e-01
6.486178488e-01  9.9984483e-01
6.489421577e-01  9.9984561e-01
6.492666288e-01  9.9984729e-01
6.495912621e-01  9.9984949e-01
6.499160577e-01  9.9985180e-01
6.502410157e-01  9.9985389e-01
6.505661362e-01  9.9985556e-01
6.508914193e-01  9.9985675e-01
6.512168650e-01  9.9985757e-01
6.515424734e-01  9.9985819e-01
6.518682447e-01  9.9985878e-01
6.521941788e-01  9.9985949e-01
6.525202759e-01  9.9986035e-01
6.528465360e-01  9.9986129e-01
6.531729593e-01  9.9986223e-01
6.534995458e-01  9.9986306e-01
6.538262956e-01  9.9986377e-01
6.541532087e-01  9.9986441e-01
6.544802853e-01  9.9986509e-01
6.548075254e-01  9.9986598e-01
6.551349292e-01  9.9986724e-01
6.554624967e-01  9.9986897e-01
6.557902279e-01  9.9987119e-01
6.561181230e-01  9.9987383e-01
6.564461821e-01  9.9987680e-01
6.567744052e-01  9.9987992e-01
6.571027924e-01  9.9988307e-01
6.574313438e-01  9.9988610e-01
6.577600595e-01  9.9988894e-01
6.580889395e-01  9.9989154e-01
6.584179840e-01  9.9989388e-01
6.587471930e-01  9.9989598e-01
6.590765666e-01  9.9989784e-01
6.594061048e-01  9.9989949e-01
6.597358079e-01  9.9990095e-01
6.600656758e-01  9.9990221e-01
6.603957086e-01  9.9990328e-01
6.607259065e-01  9.9990417e-01
6.610562694e-01  9.9990487e-01
6.613867976e-01  9.9990539e-01
6.617174910e-01  9.9990574e-01
6.620483497e-01  9.9990593e-01
6.623793739e-01  9.9990600e-01
6.627105636e-01  9.9990598e-01
6.630419189e-01  9.9990593e-01
6.633734398e-01  9.9990588e-01
6.637051265e-01  9.9990587e-01
6.640369791e-01  9.9990595e-01
6.643689976e-01  9.9990612e-01
6.647011821e-01  9.9990638e-01
6.650335327e-01  9.9990671e-01
6.653660494e-01  9.9990709e-01
6.656987325e-01  9.9990749e-01
6.660315818e-01  9.9990790e-01
6.663645976e-01  9.9990830e-01
6.666977799e-01  9.9990868e-01
6.670311288e-01  9.9990905e-01
6.673646444e-01  9.9990942e-01
6.676983267e-01  9.9990979e-01
6.680321759e-01  9.9991017e-01
6.683661920e-01  9.9991057e-01
6.687003751e-01  9.9991099e-01
6.690347252e-01  9.9991143e-01
6.693692426e-01  9.9991188e-01
6.697039272e-01  9.9991236e-01
6.700387792e-01  9.9991284e-01
6.703737986e-01  9.9991333e-01
6.707089855e-01  9.9991383e-01
6.710443400e-01  9.9991433e-01
6.713798621e-01  9.9991482e-01
6.717155521e-01  9.9991530e-01
6.720514098e-01  9.9991577e-01
6.723874355e-01  9.9991622e-01
6.727236293e-01  9.9991665e-01
6.730599911e-01  9.9991707e-01
6.733965211e-01  9.9991746e-01
6.737332193e-01  9.9991784e-01
6.740700859e-01  9.9991819e-01
6.744071210e-01  9.9991852e-01
6.747443246e-01  9.9991884e-01
6.750816967e-01  9.9991913e-01
6.754192376e-01  9.9991940e-01
6.757569472e-01  9.9991965e-01
6.760948257e-01  9.9991987e-01
6.764328731e-01  9.9992008e-01
6.767710895e-01  9.9992026e-01
6.771094750e-01  9.9992042e-01
6.774480298e-01  9.9992056e-01
6.777867538e-01  9.9992067e-01
6.781256472e-01  9.9992076e-01
6.784647100e-01  9.9992082e-01
6.788039424e-01  9.9992085e-01
6.791433443e-01  9.9992086e-01
6.794829160e-01  9.9992085e-01
6.798226575e-01  9.9992081e-01
6.801625688e-01  9.9992075e-01
6.805026501e-01  9.9992066e-01
6.808429014e-01  9.9992056e-01
6.811833228e-01  9.9992046e-01
6.815239145e-01  9.9992035e-01
6.818646765e-01  9.9992026e-01
6.822056088e-01  9.9992018e-01
6.825467116e-01  9.9992012e-01
6.828879850e-01  9.9992010e-01
6.832294290e-01  9.9992010e-01
6.835710437e-01  9.9992013e-01
6.839128292e-01  9.9992019e-01
6.842547856e-01  9.9992026e-01
6.845969130e-01  9.9992036e-01
6.849392115e-01  9.9992046e-01
6.852816811e-01  9.9992058e-01
6.856243219e-01  9.9992072e-01
6.859671341e-01  9.9992088e-01
6.863101176e-01  9.9992105e-01
6.866532727e-01  9.9992125e-01
6.869965993e-01  9.9992146e-01
6.873400976e-01  9.9992167e-01
6.876837677e-01  9.9992185e-01
6.880276096e-01  9.9992197e-01
6.883716234e-01  9.9992200e-01
6.887158092e-01  9.9992187e-01
6.890601671e-01  9.9992153e-01
6.894046972e-01  9.9992086e-01
6.897493995e-01  9.9991971e-01
6.900942742e-01  9.9991789e-01
6.904393213e-01  9.9991512e-01
6.907845410e-01  9.9991108e-01
6.911299333e-01  9.9990544e-01
6.914754982e-01  9.9989787e-01
6.918212360e-01  9.9988817e-01
6.921671466e-01  9.9987629e-01
6.925132302e-01  9.9986247e-01
6.928594868e-01  9.9984724e-01
6.932059165e-01  9.9983144e-01
6.935525195e-01  9.9981615e-01
6.938992958e-01  9.9980255e-01
6.942462454e-01  9.9979174e-01
6.945933685e-01  9.9978456e-01
6.949406652e-01  9.9978145e-01
6.952881356e-01  9.9978233e-01
6.956357796e-01  9.9978661e-01
6.959835975e-01  9.9979326e-01
6.963315893e-01  9.9980099e-01
6.966797551e-01  9.9980840e-01
6.970280950e-01  9.9981427e-01
6.973766090e-01  9.9981773e-01
6.977252973e-01  9.9981845e-01
6.980741600e-01  9.9981662e-01
6.984231971e-01  9.9981293e-01
6.987724087e-01  9.9980835e-01
6.991217949e-01  9.9980394e-01
6.994713558e-01  9.9980059e-01
6.998210914e-01  9.9979887e-01
7.001710020e-01  9.9979900e-01
7.005210875e-01  9.9980089e-01
7.008713480e-01  9.9980421e-01
7.012217837e-01  9.9980857e-01
7.015723946e-01  9.9981357e-01
7.019231808e-01  9.9981892e-01
7.022741424e-01  9.9982444e-01
7.026252795e-01  9.9983003e-01
7.029765921e-01  9.9983564e-01
7.033280804e-01  9.9984125e-01
7.036797444e-01  9.9984682e-01
7.040315843e-01  9.9985230e-01
7.043836001e-01  9.9985762e-01
7.047357919e-01  9.9986275e-01
7.050881598e-01  9.9986762e-01
7.054407039e-01  9.9987223e-01
7.057934242e-01  9.9987655e-01
7.061463209e-01  9.9988059e-01
7.064993941e-01  9.9988436e-01
7.068526438e-01  9.9988786e-01
7.072060701e-01  9.9989109e-01
7.075596731e-01  9.9989406e-01
7.079134530e-01  9.9989677e-01
7.082674097e-01  9.9989923e-01
7.086215434e-01  9.9990144e-01
7.089758542e-01  9.9990343e-01
7.093303421e-01  9.9990521e-01
7.096850073e-01  9.9990680e-01
7.100398498e-01  9.9990821e-01
7.103948697e-01  9.9990946e-01
7.107500671e-01  9.9991051e-01
7.111054422e-01  9.9991134e-01
7.114609949e-01  9.9991186e-01
7.118167254e-01  9.9991196e-01
7.121726338e-01  9.9991150e-01
7.125287201e-01  9.9991029e-01
7.128849844e-01  9.9990803e-01
7.132414269e-01  9.9990430e-01
7.135980476e-01  9.9989843e-01
7.139548467e-01  9.9988947e-01
7.143118241e-01  9.9987610e-01
7.146689800e-01  9.9985662e-01
7.150263145e-01  9.9982902e-01
7.153838277e-01  9.9979120e-01
7.157415196e-01  9.9974129e-01
7.160993903e-01  9.9967805e-01
7.164574400e-01  9.9960140e-01
7.168156687e-01  9.9951277e-01
7.171740766e-01  9.9941538e-01
7.175326636e-01  9.9931412e-01
7.178914299e-01  9.9921518e-01
7.182503757e-01  9.9912533e-01
7.186095008e-01  9.9905103e-01
7.189688056e-01  9.9899749e-01
7.193282900e-01  9.9896785e-01
7.196879541e-01  9.9896273e-01
7.200477981e-01  9.9897992e-01
7.204078220e-01  9.9901466e-01
7.207680259e-01  9.9906021e-01
7.211284099e-01  9.9910886e-01
7.214889742e-01  9.9915314e-01
7.218497186e-01  9.9918716e-01
7.222106435e-01  9.9920760e-01
7.225717488e-01  9.9921422e-01
7.229330347e-01  9.9920956e-01
7.232945012e-01  9.9919807e-01
7.236561485e-01  9.9918482e-01
7.240179765e-01  9.9917423e-01
7.243799855e-01  9.9916917e-01
7.247421755e-01  9.9917070e-01
7.251045466e-01  9.9917829e-01
7.254670989e-01  9.9919042e-01
7.258298324e-01  9.9920532e-01
7.261927473e-01  9.9922158e-01
7.265558437e-01  9.9923843e-01
7.269191216e-01  9.9925585e-01
7.272825812e-01  9.9927435e-01
7.276462225e-01  9.9929468e-01
7.280100456e-01  9.9931756e-01
7.283740506e-01  9.9934343e-01
7.287382377e-01  9.9937234e-01
7.291026068e-01  9.9940399e-01
7.294671581e-01  9.9943783e-01
7.298318917e-01  9.9947315e-01
7.301968076e-01  9.9950928e-01
7.305619060e-01  9.9954559e-01
7.309271870e-01  9.9958153e-01
7.312926505e-01  9.9961659e-01
7.316582969e-01  9.9965028e-01
7.320241260e-01  9.9968207e-01
7.323901381e-01  9.9971142e-01
7.327563332e-01  9.9973783e-01
7.331227113e-01  9.9976093e-01
7.334892727e-01  9.9978055e-01
7.338560173e-01  9.9979674e-01
7.342229453e-01  9.9980981e-01
7.345900568e-01  9.9982023e-01
7.349573518e-01  9.9982862e-01
7.353248305e-01  9.9983561e-01
7.356924929e-01  9.9984181e-01
7.360603392e-01  9.9984773e-01
7.364283693e-01  9.9985373e-01
7.367965835e-01  9.9986000e-01
7.371649818e-01  9.9986662e-01
7.375335643e-01  9.9987348e-01
7.379023311e-01  9.9988045e-01
7.382712822e-01  9.9988733e-01
7.386404179e-01  9.9989394e-01
7.390097381e-01  9.9990016e-01
7.393792430e-01  9.9990591e-01
7.397489326e-01  9.9991115e-01
7.401188071e-01  9.9991589e-01
7.404888665e-01  9.9992014e-01
7.408591109e-01  9.9992393e-01
7.412295404e-01  9.9992728e-01
7.416001552e-01  9.9993022e-01
7.419709553e-01  9.9993278e-01
7.423419408e-01  9.9993497e-01
7.427131117e-01  9.9993684e-01
7.430844683e-01  9.9993842e-01
7.434560105e-01  9.9993974e-01
7.438277385e-01  9.9994082e-01
7.441996524e-01  9.9994171e-01
7.445717522e-01  9.9994243e-01
7.449440381e-01  9.9994301e-01
7.453165101e-01  9.9994347e-01
7.456891684e-01  9.9994384e-01
7.460620130e-01  9.9994415e-01
7.464350440e-01  9.9994440e-01
7.468082615e-01  9.9994463e-01
7.471816656e-01  9.9994483e-01
7.475552565e-01  9.9994501e-01
7.479290341e-01  9.9994519e-01
7.483029986e-01  9.9994535e-01
7.486771501e-01  9.9994551e-01
7.490514887e-01  9.9994565e-01
7.494260144e-01  9.9994577e-01
7.498007274e-01  9.9994590e-01
7.501756278e-01  9.9994601e-01
7.505507156e-01  9.9994613e-01
7.509259910e-01  9.9994626e-01
7.513014540e-01  9.9994639e-01
7.516771047e-01  9.9994652e-01
7.520529432e-01  9.9994666e-01
7.524289697e-01  9.9994681e-01
7.528051842e-01  9.9994695e-01
7.531815868e-01  9.9994710e-01
7.535581776e-01  9.9994724e-01
7.539349567e-01  9.9994737e-01
7.543119241e-01  9.9994749e-01
7.546890801e-01  9.9994760e-01
7.550664246e-01  9.9994769e-01
7.554439579e-01  9.9994776e-01
7.558216798e-01  9.9994781e-01
7.561995907e-01  9.9994784e-01
7.565776905e-01  9.9994784e-01
7.569559793e-01  9.9994782e-01
7.573344573e-01  9.9994778e-01
7.577131245e-01  9.9994771e-01
7.580919811e-01  9.9994762e-01
7.584710271e-01  9.9994751e-01
7.588502626e-01  9.9994738e-01
7.592296877e-01  9.9994723e-01
7.596093026e-01  9.9994707e-01
7.599891072e-01  9.9994690e-01
7.603691018e-01  9.9994671e-01
7.607492863e-01  9.9994653e-01
7.611296610e-01  9.9994635e-01
7.615102258e-01  9.9994617e-01
7.618909809e-01  9.9994600e-01
7.622719264e-01  9.9994585e-01
7.626530624e-01  9.9994570e-01
7.630343889e-01  9.9994558e-01
7.634159061e-01  9.9994548e-01
7.637976141e-01  9.9994540e-01
7.641795129e-01  9.9994535e-01
7.645616026e-01  9.9994533e-01
7.649438834e-01  9.9994533e-01
7.653263554e-01  9.9994535e-01
7.657090185e-01  9.9994538e-01
7.660918730e-01  9.9994544e-01
7.664749190e-01  9.9994550e-01
7.668581564e-01  9.9994558e-01
7.672415855e-01  9.9994568e-01
7.676252063e-01  9.9994578e-01
7.680090189e-01  9.9994589e-01
7.683930234e-01  9.9994600e-01
7.687772199e-01  9.9994610e-01
7.691616085e-01  9.9994618e-01
7.695461894e-01  9.9994624e-01
7.699309624e-01  9.9994625e-01
7.703159279e-01  9.9994623e-01
7.707010859e-01  9.9994615e-01
7.710864364e-01  9.9994603e-01
7.714719797e-01  9.9994585e-01
7.718577156e-01  9.9994564e-01
7.722436445e-01  9.9994539e-01
7.726297663e-01  9.9994512e-01
7.730160812e-01  9.9994483e-01
7.734025892e-01  9.9994453e-01
7.737892905e-01  9.9994422e-01
7.741761852e-01  9.9994391e-01
7.745632733e-01  9.9994358e-01
7.749505549e-01  9.9994324e-01
7.753380302e-01  9.9994287e-01
7.757256992e-01  9.9994245e-01
7.761135621e-01  9.9994199e-01
7.765016188e-01  9.9994147e-01
7.768898697e-01  9.9994086e-01
7.772783146e-01  9.9994017e-01
7.776669537e-01  9.9993938e-01
7.780557872e-01  9.9993848e-01
7.784448151e-01  9.9993746e-01
7.788340375e-01  9.9993632e-01
7.792234545e-01  9.9993509e-01
7.796130663e-01  9.9993378e-01
7.800028728e-01  9.9993243e-01
7.803928742e-01  9.9993107e-01
7.807830707e-01  9.9992974e-01
7.811734622e-01  9.9992848e-01
7.815640489e-01  9.9992732e-01
7.819548310e-01  9.9992629e-01
7.823458084e-01  9.9992539e-01
7.827369813e-01  9.9992464e-01
7.831283498e-01  9.9992401e-01
7.835199139e-01  9.9992347e-01
7.839116739e-01  9.9992297e-01
7.843036297e-01  9.9992243e-01
7.846957816e-01  9.9992175e-01
7.850881294e-01  9.9992084e-01
7.854806735e-01  9.9991958e-01
7.858734139e-01  9.9991788e-01
7.862663506e-01  9.9991565e-01
7.866594837e-01  9.9991283e-01
7.870528135e-01  9.9990938e-01
7.874463399e-01  9.9990528e-01
7.878400631e-01  9.9990056e-01
7.882339831e-01  9.9989528e-01
7.886281001e-01  9.9988954e-01
7.890224141e-01  9.9988349e-01
7.894169253e-01  9.9987733e-01
7.898116338e-01  9.9987129e-01
7.902065396e-01  9.9986561e-01
7.906016429e-01  9.9986059e-01
7.909969437e-01  9.9985651e-01
7.913924422e-01  9.9985360e-01
7.917881384e-01  9.9985206e-01
7.921840325e-01  9.9985190e-01
7.925801245e-01  9.9985296e-01
7.929764145e-01  9.9985487e-01
7.933729028e-01  9.9985709e-01
7.937695892e-01  9.9985902e-01
7.941664740e-01  9.9986015e-01
7.945635572e-01  9.9986017e-01
7.949608390e-01  9.9985909e-01
7.953583194e-01  9.9985720e-01
7.957559986e-01  9.9985500e-01
7.961538766e-01  9.9985307e-01
7.965519535e-01  9.9985184e-01
7.969502295e-01  9.9985155e-01
7.973487046e-01  9.9985216e-01
7.977473790e-01  9.9985343e-01
7.981462527e-01  9.9985497e-01
7.985453258e-01  9.9985642e-01
7.989445985e-01  9.9985751e-01
7.993440708e-01  9.9985811e-01
7.997437428e-01  9.9985827e-01
8.001436147e-01  9.9985814e-01
8.005436865e-01  9.9985797e-01
8.009439583e-01  9.9985798e-01
8.013444303e-01  9.9985840e-01
8.017451025e-01  9.9985940e-01
8.021459751e-01  9.9986110e-01
8.025470480e-01  9.9986360e-01
8.029483216e-01  9.9986692e-01
8.033497957e-01  9.9987104e-01
8.037514706e-01  9.9987586e-01
8.041533464e-01  9.9988120e-01
8.045554230e-01  9.9988681e-01
8.049577007e-01  9.9989238e-01
8.053601796e-01  9.9989759e-01
8.057628597e-01  9.9990215e-01
8.061657411e-01  9.9990581e-01
8.065688240e-01  9.9990844e-01
8.069721084e-01  9.9990998e-01
8.073755945e-01  9.9991044e-01
8.077792822e-01  9.9990992e-01
8.081831719e-01  9.9990848e-01
8.085872635e-01  9.9990615e-01
8.089915571e-01  9.9990285e-01
8.093960529e-01  9.9989838e-01
8.098007509e-01  9.9989235e-01
8.102056513e-01  9.9988417e-01
8.106107541e-01  9.9987304e-01
8.110160595e-01  9.9985801e-01
8.114215675e-01  9.9983797e-01
8.118272783e-01  9.9981175e-01
8.122331919e-01  9.9977823e-01
8.126393085e-01  9.9973641e-01
8.130456282e-01  9.9968554e-01
8.134521510e-01  9.9962528e-01
8.138588771e-01  9.9955584e-01
8.142658065e-01  9.9947814e-01
8.146729394e-01  9.9939388e-01
8.150802759e-01  9.9930556e-01
8.154878160e-01  9.9921640e-01
8.158955599e-01  9.9913010e-01
8.163035077e-01  9.9905053e-01
8.167116595e-01  9.9898139e-01
8.171200153e-01  9.9892591e-01
8.175285753e-01  9.9888659e-01
8.179373396e-01  9.9886490e-01
8.183463083e-01  9.9886107e-01
8.187554814e-01  9.9887381e-01
8.191648592e-01  9.9890004e-01
8.195744416e-01  9.9893500e-01
8.199842288e-01  9.9897258e-01
8.203942209e-01  9.9900637e-01
8.208044180e-01  9.9903098e-01
8.212148202e-01  9.9904352e-01
8.216254277e-01  9.9904450e-01
8.220362404e-01  9.9903794e-01
8.224472585e-01  9.9903035e-01
8.228584821e-01  9.9902885e-01
8.232699114e-01  9.9903916e-01
8.236815463e-01  9.9906399e-01
8.240933871e-01  9.9910245e-01
8.245054338e-01  9.9915058e-01
8.249176865e-01  9.9920270e-01
8.253301453e-01  9.9925307e-01
8.257428104e-01  9.9929720e-01
8.261556818e-01  9.9933266e-01
8.265687597e-01  9.9935921e-01
8.269820440e-01  9.9937837e-01
8.273955351e-01  9.9939277e-01
8.278092328e-01  9.9940537e-01
8.282231374e-01  9.9941887e-01
8.286372490e-01  9.9943525e-01
8.290515676e-01  9.9945555e-01
8.294660934e-01  9.9947994e-01
8.298808265e-01  9.9950785e-01
8.302957669e-01  9.9953832e-01
8.307109148e-01  9.9957027e-01
8.311262702e-01  9.9960276e-01
8.315418334e-01  9.9963513e-01
8.319576043e-01  9.9966694e-01
8.323735831e-01  9.9969793e-01
8.327897699e-01  9.9972790e-01
8.332061648e-01  9.9975663e-01
8.336227678e-01  9.9978379e-01
8.340395792e-01  9.9980899e-01
8.344565990e-01  9.9983183e-01
8.348738273e-01  9.9985196e-01
8.352912642e-01  9.9986918e-01
8.357089099e-01  9.9988344e-01
8.361267643e-01  9.9989491e-01
8.365448277e-01  9.9990386e-01
8.369631001e-01  9.9991069e-01
8.373815817e-01  9.9991581e-01
8.378002725e-01  9.9991959e-01
8.382191726e-01  9.9992234e-01
8.386382822e-01  9.9992432e-01
8.390576013e-01  9.9992571e-01
8.394771301e-01  9.9992665e-01
8.398968687e-01  9.9992729e-01
8.403168171e-01  9.9992777e-01
8.407369755e-01  9.9992824e-01
8.411573440e-01  9.9992884e-01
8.415779227e-01  9.9992966e-01
8.419987116e-01  9.9993078e-01
8.424197110e-01  9.9993221e-01
8.428409209e-01  9.9993393e-01
8.432623413e-01  9.9993590e-01
8.436839725e-01  9.9993805e-01
8.441058145e-01  9.9994030e-01
8.445278674e-01  9.9994257e-01
8.449501313e-01  9.9994478e-01
8.453726064e-01  9.9994686e-01
8.457952927e-01  9.9994873e-01
8.462181903e-01  9.9995034e-01
8.466412994e-01  9.9995165e-01
8.470646201e-01  9.9995264e-01
8.474881524e-01  9.9995332e-01
8.479118965e-01  9.9995371e-01
8.483358524e-01  9.9995385e-01
8.487600203e-01  9.9995377e-01
8.491844003e-01  9.9995355e-01
8.496089925e-01  9.9995324e-01
8.500337970e-01  9.9995291e-01
8.504588139e-01  9.9995263e-01
8.508840433e-01  9.9995246e-01
8.513094854e-01  9.9995245e-01
8.517351401e-01  9.9995263e-01
8.521610077e-01  9.9995302e-01
8.525870882e-01  9.9995359e-01
8.530133817e-01  9.9995431e-01
8.534398884e-01  9.9995515e-01
8.538666084e-01  9.9995606e-01
8.542935417e-01  9.9995703e-01
8.547206884e-01  9.9995802e-01
8.551480488e-01  9.9995901e-01
8.555756228e-01  9.9995999e-01
8.560034106e-01  9.9996094e-01
8.564314123e-01  9.9996185e-01
8.568596280e-01  9.9996270e-01
8.572880578e-01  9.9996348e-01
8.577167019e-01  9.9996420e-01
8.581455602e-01  9.9996485e-01
8.585746330e-01  9.9996543e-01
8.590039203e-01  9.9996594e-01
8.594334223e-01  9.9996641e-01
8.598631390e-01  9.9996682e-01
8.602930706e-01  9.9996719e-01
8.607232171e-01  9.9996751e-01
8.611535787e-01  9.9996780e-01
8.615841555e-01  9.9996806e-01
8.620149476e-01  9.9996829e-01
8.624459550e-01  9.9996850e-01
8.628771780e-01  9.9996868e-01
8.633086166e-01  9.9996883e-01
8.637402709e-01  9.9996895e-01
8.641721411e-01  9.9996901e-01
8.646042271e-01  9.9996897e-01
8.650365292e-01  9.9996876e-01
8.654690475e-01  9.9996829e-01
8.659017820e-01  9.9996742e-01
8.663347329e-01  9.9996601e-01
8.667679003e-01  9.9996389e-01
8.672012842e-01  9.9996091e-01
8.676348849e-01  9.9995700e-01
8.680687023e-01  9.9995219e-01
8.685027367e-01  9.9994664e-01
8.689369880e-01  9.9994064e-01
8.693714565e-01  9.9993461e-01
8.698061423e-01  9.9992900e-01
8.702410453e-01  9.9992424e-01
8.706761659e-01  9.9992066e-01
8.711115039e-01  9.9991840e-01
8.715470597e-01  9.9991744e-01
8.719828332e-01  9.9991757e-01
8.724188246e-01  9.9991847e-01
8.728550340e-01  9.9991977e-01
8.732914616e-01  9.9992112e-01
8.737281073e-01  9.9992221e-01
8.741649714e-01  9.9992277e-01
8.746020538e-01  9.9992263e-01
8.750393549e-01  9.9992160e-01
8.754768745e-01  9.9991945e-01
8.759146130e-01  9.9991588e-01
8.763525703e-01  9.9991041e-01
8.767907466e-01  9.9990237e-01
8.772291419e-01  9.9989087e-01
8.776677565e-01  9.9987482e-01
8.781065904e-01  9.9985298e-01
8.785456437e-01  9.9982407e-01
8.789849165e-01  9.9978690e-01
8.794244090e-01  9.9974058e-01
8.798641212e-01  9.9968474e-01
8.803040532e-01  9.9961981e-01
8.807442053e-01  9.9954721e-01
8.811845774e-01  9.9946944e-01
8.816251697e-01  9.9938998e-01
8.820659822e-01  9.9931295e-01
8.825070152e-01  9.9924253e-01
8.829482687e-01  9.9918225e-01
8.833897429e-01  9.9913436e-01
8.838314377e-01  9.9909945e-01
8.842733535e-01  9.9907647e-01
8.847154901e-01  9.9906321e-01
8.851578479e-01  9.9905708e-01
8.856004268e-01  9.9905588e-01
8.860432270e-01  9.9905835e-01
8.864862486e-01  9.9906430e-01
8.869294918e-01  9.9907427e-01
8.873729565e-01  9.9908900e-01
8.878166430e-01  9.9910885e-01
8.882605513e-01  9.9913345e-01
8.887046816e-01  9.9916173e-01
8.891490339e-01  9.9919210e-01
8.895936084e-01  9.9922281e-01
8.900384052e-01  9.9925217e-01
8.904834244e-01  9.9927875e-01
8.909286662e-01  9.9930131e-01
8.913741305e-01  9.9931875e-01
8.918198176e-01  9.9933000e-01
8.922657275e-01  9.9933400e-01
8.927118603e-01  9.9932970e-01
8.931582163e-01  9.9931610e-01
8.936047954e-01  9.9929225e-01
8.940515978e-01  9.9925721e-01
8.944986236e-01  9.9921002e-01
8.949458729e-01  9.9914961e-01
8.953933458e-01  9.9907487e-01
8.958410425e-01  9.9898487e-01
8.962889630e-01  9.9887940e-01
8.967371075e-01  9.9875959e-01
8.971854760e-01  9.9862867e-01
8.976340688e-01  9.9849236e-01
8.980828858e-01  9.9835875e-01
8.985319273e-01  9.9823750e-01
8.989811932e-01  9.9813850e-01
8.994306838e-01  9.9807020e-01
8.998803992e-01  9.9803828e-01
9.003303394e-01  9.9804486e-01
9.007805045e-01  9.9808846e-01
9.012308948e-01  9.9816449e-01
9.016815102e-01  9.9826610e-01
9.021323510e-01  9.9838479e-01
9.025834172e-01  9.9851103e-01
9.030347089e-01  9.9863466e-01
9.034862262e-01  9.9874548e-01
9.039379693e-01  9.9883412e-01
9.043899383e-01  9.9889325e-01
9.048421333e-01  9.9891878e-01
9.052945544e-01  9.9891084e-01
9.057472016e-01  9.9887399e-01
9.062000752e-01  9.9881658e-01
9.066531753e-01  9.9874925e-01
9.071065019e-01  9.9868299e-01
9.075600551e-01  9.9862715e-01
9.080138351e-01  9.9858795e-01
9.084678421e-01  9.9856780e-01
9.089220760e-01  9.9856551e-01
9.093765370e-01  9.9857719e-01
9.098312253e-01  9.9859753e-01
9.102861409e-01  9.9862111e-01
9.107412840e-01  9.9864354e-01
9.111966546e-01  9.9866208e-01
9.116522529e-01  9.9867591e-01
9.121080791e-01  9.9868587e-01
9.125641331e-01  9.9869401e-01
9.130204152e-01  9.9870290e-01
9.134769254e-01  9.9871500e-01
9.139336638e-01  9.9873228e-01
9.143906307e-01  9.9875598e-01
9.148478260e-01  9.9878675e-01
9.153052499e-01  9.9882487e-01
9.157629025e-01  9.9887050e-01
9.162207840e-01  9.9892373e-01
9.166788944e-01  9.9898455e-01
9.171372338e-01  9.9905257e-01
9.175958024e-01  9.9912675e-01
9.180546003e-01  9.9920513e-01
9.185136276e-01  9.9928486e-01
9.189728844e-01  9.9936243e-01
9.194323709e-01  9.9943411e-01
9.198920871e-01  9.9949657e-01
9.203520331e-01  9.9954741e-01
9.208122091e-01  9.9958552e-01
9.212726152e-01  9.9961112e-01
9.217332515e-01  9.9962564e-01
9.221941182e-01  9.9963123e-01
9.226552152e-01  9.9963039e-01
9.231165428e-01  9.9962542e-01
9.235781011e-01  9.9961810e-01
9.240398902e-01  9.9960930e-01
9.245019101e-01  9.9959882e-01
9.249641611e-01  9.9958523e-01
9.254266431e-01  9.9956581e-01
9.258893565e-01  9.9953652e-01
9.263523011e-01  9.9949180e-01
9.268154773e-01  9.9942450e-01
9.272788850e-01  9.9932549e-01
9.277425245e-01  9.9918335e-01
9.282063957e-01  9.9898426e-01
9.286704989e-01  9.9871218e-01
9.291348342e-01  9.9834961e-01
9.295994016e-01  9.9787872e-01
9.300642013e-01  9.9728317e-01
9.305292334e-01  9.9655009e-01
9.309944980e-01  9.9567262e-01
9.314599953e-01  9.9465280e-01
9.319257253e-01  9.9350447e-01
9.323916881e-01  9.9225595e-01
9.328578840e-01  9.9095108e-01
9.333243129e-01  9.8964770e-01
9.337909751e-01  9.8841299e-01
9.342578706e-01  9.8731602e-01
9.347249995e-01  9.8641896e-01
9.351923620e-01  9.8576971e-01
9.356599582e-01  9.8539739e-01
9.361277881e-01  9.8531156e-01
9.365958520e-01  9.8550408e-01
9.370641500e-01  9.8595166e-01
9.375326820e-01  9.8661717e-01
9.380014484e-01  9.8744936e-01
9.384704491e-01  9.8838258e-01
9.389396843e-01  9.8933868e-01
9.394091542e-01  9.9023339e-01
9.398788588e-01  9.9098694e-01
9.403487982e-01  9.9153737e-01
9.408189726e-01  9.9185250e-01
9.412893821e-01  9.9193681e-01
9.417600268e-01  9.9183068e-01
9.422309068e-01  9.9160169e-01
9.427020222e-01  9.9133014e-01
9.431733732e-01  9.9109222e-01
9.436449599e-01  9.9094529e-01
9.441167824e-01  9.9091849e-01
9.445888408e-01  9.9101066e-01
9.450611352e-01  9.9119523e-01
9.455336658e-01  9.9143047e-01
9.460064326e-01  9.9167159e-01
9.464794358e-01  9.9188218e-01
9.469526755e-01  9.9204189e-01
9.474261519e-01  9.9214936e-01
9.478998650e-01  9.9222030e-01
9.483738149e-01  9.9228157e-01
9.488480018e-01  9.9236331e-01
9.493224258e-01  9.9249099e-01
9.497970870e-01  9.9267933e-01
9.502719856e-01  9.9292965e-01
9.507471216e-01  9.9323073e-01
9.512224951e-01  9.9356289e-01
9.516981064e-01  9.9390361e-01
9.521739554e-01  9.9423315e-01
9.526500424e-01  9.9453845e-01
9.531263674e-01  9.9481482e-01
9.536029306e-01  9.9506511e-01
9.540797321e-01  9.9529730e-01
9.545567719e-01  9.9552113e-01
9.550340503e-01  9.9574497e-01
9.555115673e-01  9.9597343e-01
9.559893231e-01  9.9620622e-01
9.564673178e-01  9.9643844e-01
9.569455514e-01  9.9666212e-01
9.574240242e-01  9.9686844e-01
9.579027362e-01  9.9705006e-01
9.583816876e-01  9.9720289e-01
9.588608784e-01  9.9732687e-01
9.593403089e-01  9.9742577e-01
9.598199790e-01  9.9750607e-01
9.602998890e-01  9.9757537e-01
9.607800390e-01  9.9764094e-01
9.612604290e-01  9.9770852e-01
9.617410592e-01  9.9778153e-01
9.622219297e-01  9.9786096e-01
9.627030407e-01  9.9794568e-01
9.631843922e-01  9.9803323e-01
9.636659844e-01  9.9812078e-01
9.641478174e-01  9.9820612e-01
9.646298913e-01  9.9828842e-01
9.651122063e-01  9.9836835e-01
9.655947624e-01  9.9844779e-01
9.660775597e-01  9.9852887e-01
9.665605985e-01  9.9861297e-01
9.670438788e-01  9.9869983e-01
9.675274008e-01  9.9878726e-01
9.680111645e-01  9.9887151e-01
9.684951700e-01  9.9894805e-01
9.689794176e-01  9.9901271e-01
9.694639073e-01  9.9906253e-01
9.699486393e-01  9.9909624e-01
9.704336136e-01  9.9911420e-01
9.709188304e-01  9.9911809e-01
9.714042898e-01  9.9911041e-01
9.718899920e-01  9.9909425e-01
9.723759370e-01  9.9907304e-01
9.728621249e-01  9.9905053e-01
9.733485560e-01  9.9903064e-01
9.738352303e-01  9.9901713e-01
9.743221479e-01  9.9901318e-01
9.748093090e-01  9.9902079e-01
9.752967136e-01  9.9904051e-01
9.757843620e-01  9.9907130e-01
9.762722542e-01  9.9911086e-01
9.767603903e-01  9.9915614e-01
9.772487705e-01  9.9920404e-01
9.777373949e-01  9.9925197e-01
9.782262636e-01  9.9929822e-01
9.787153767e-01  9.9934202e-01
9.792047344e-01  9.9938331e-01
9.796943368e-01  9.9942244e-01
9.801841839e-01  9.9945978e-01
9.806742760e-01  9.9949553e-01
9.811646132e-01  9.9952961e-01
9.816551955e-01  9.9956173e-01
9.821460231e-01  9.9959151e-01
9.826370961e-01  9.9961856e-01
9.831284146e-01  9.9964257e-01
9.836199788e-01  9.9966326e-01
9.841117888e-01  9.9968034e-01
9.846038447e-01  9.9969355e-01
9.850961466e-01  9.9970265e-01
9.855886947e-01  9.9970755e-01
9.860814891e-01  9.9970844e-01
9.865745298e-01  9.9970589e-01
9.870678171e-01  9.9970084e-01
9.875613510e-01  9.9969453e-01
9.880551316e-01  9.9968830e-01
9.885491592e-01  9.9968338e-01
9.890434338e-01  9.9968064e-01
9.895379555e-01  9.9968047e-01
9.900327245e-01  9.9968277e-01
9.905277409e-01  9.9968704e-01
9.910230047e-01  9.9969247e-01
9.915185162e-01  9.9969821e-01
9.920142755e-01  9.9970344e-01
9.925102826e-01  9.9970754e-01
9.930065378e-01  9.9971015e-01
9.935030410e-01  9.9971117e-01
9.939997926e-01  9.9971077e-01
9.944967924e-01  9.9970932e-01
9.949940408e-01  9.9970729e-01
9.954915379e-01  9.9970516e-01
9.959892836e-01  9.9970333e-01
9.964872783e-01  9.9970210e-01
9.969855219e-01  9.9970159e-01
9.974840147e-01  9.9970182e-01
9.979827567e-01  9.9970272e-01
9.984817481e-01  9.9970418e-01
9.989809889e-01  9.9970606e-01
9.994804794e-01  9.9970825e-01
9.999802197e-01  9.9971064e-01
1.000480210e+00  9.9971311e-01
1.000980450e+00  9.9971559e-01
1.001480940e+00  9.9971799e-01
1.001981681e+00  9.9972024e-01
1.002482671e+00  9.9972227e-01
1.002983913e+00  9.9972405e-01
1.003485405e+00  9.9972555e-01
1.003987147e+00  9.9972678e-01
1.004489141e+00  9.9972780e-01
1.004991386e+00  9.9972866e-01
1.005493881e+00  9.9972940e-01
1.005996628e+00  9.9973006e-01
1.006499627e+00  9.9973059e-01
1.007002876e+00  9.9973096e-01
1.007506378e+00  9.9973111e-01
1.008010131e+00  9.9973103e-01
1.008514136e+00  9.9973078e-01
1.009018393e+00  9.9973050e-01
1.009522902e+00  9.9973040e-01
1.010027664e+00  9.9973068e-01
1.010532678e+00  9.9973157e-01
1.011037944e+00  9.9973324e-01
1.011543463e+00  9.9973580e-01
1.012049235e+00  9.9973928e-01
1.012555259e+00  9.9974366e-01
1.013061537e+00  9.9974883e-01
1.013568068e+00  9.9975464e-01
1.014074852e+00  9.9976090e-01
1.014581889e+00  9.9976742e-01
1.015089180e+00  9.9977404e-01
1.015596725e+00  9.9978064e-01
1.016104523e+00  9.9978713e-01
1.016612575e+00  9.9979348e-01
1.017120882e+00  9.9979964e-01
1.017629442e+00  9.9980559e-01
1.018138257e+00  9.9981128e-01
1.018647326e+00  9.9981668e-01
1.019156649e+00  9.9982174e-01
1.019666228e+00  9.9982644e-01
1.020176061e+00  9.9983084e-01
1.020686149e+00  9.9983501e-01
1.021196492e+00  9.9983908e-01
1.021707090e+00  9.9984318e-01
1.022217944e+00  9.9984745e-01
1.022729053e+00  9.9985198e-01
1.023240417e+00  9.9985681e-01
1.023752038e+00  9.9986194e-01
1.024263914e+00  9.9986730e-01
1.024776045e+00  9.9987281e-01
1.025288434e+00  9.9987837e-01
1.025801078e+00  9.9988390e-01
1.026313978e+00  9.9988933e-01
1.026827135e+00  9.9989465e-01
1.027340549e+00  9.9989983e-01
1.027854219e+00  9.9990488e-01
1.028368146e+00  9.9990981e-01
1.028882330e+00  9.9991462e-01
1.029396771e+00  9.9991929e-01
1.029911470e+00  9.9992382e-01
1.030426426e+00  9.9992818e-01
1.030941639e+00  9.9993234e-01
1.031457110e+00  9.9993628e-01
1.031972838e+00  9.9993998e-01
1.032488825e+00  9.9994340e-01
1.033005069e+00  9.9994655e-01
1.033521572e+00  9.9994941e-01
1.034038332e+00  9.9995200e-01
1.034555351e+00  9.9995432e-01
1.035072629e+00  9.9995642e-01
1.035590165e+00  9.9995832e-01
1.036107961e+00  9.9996005e-01
1.036626015e+00  9.9996165e-01
1.037144328e+00  9.9996313e-01
1.037662900e+00  9.9996452e-01
1.038181731e+00  9.9996582e-01
1.038700822e+00  9.9996704e-01
1.039220172e+00  9.9996818e-01
1.039739783e+00  9.9996923e-01
1.040259652e+00  9.9997020e-01
1.040779782e+00  9.9997108e-01
1.041300172e+00  9.9997188e-01
1.041820822e+00  9.9997260e-01
1.042341733e+00  9.9997327e-01
1.042862903e+00  9.9997388e-01
1.043384335e+00  9.9997445e-01
1.043906027e+00  9.9997499e-01
1.044427980e+00  9.9997549e-01
1.044950194e+00  9.9997596e-01
1.045472669e+00  9.9997639e-01
1.045995406e+00  9.9997679e-01
1.046518403e+00  9.9997716e-01
1.047041662e+00  9.9997749e-01
1.047565183e+00  9.9997777e-01
1.048088966e+00  9.9997800e-01
1.048613010e+00  9.9997817e-01
1.049137317e+00  9.9997828e-01
1.049661886e+00  9.9997832e-01
1.050186716e+00  9.9997830e-01
1.050711810e+00  9.9997824e-01
1.051237166e+00  9.9997814e-01
1.051762784e+00  9.9997804e-01
1.052288666e+00  9.9997795e-01
1.052814810e+00  9.9997789e-01
1.053341217e+00  9.9997787e-01
1.053867888e+00  9.9997790e-01
1.054394822e+00  9.9997795e-01
1.054922019e+00  9.9997800e-01
1.055449480e+00  9.9997805e-01
1.055977205e+00  9.9997806e-01
1.056505194e+00  9.9997802e-01
1.057033446e+00  9.9997794e-01
1.057561963e+00  9.9997782e-01
1.058090744e+00  9.9997766e-01
1.058619789e+00  9.9997747e-01
1.059149099e+00  9.9997726e-01
1.059678674e+00  9.9997703e-01
1.060208513e+00  9.9997680e-01
1.060738617e+00  9.9997656e-01
1.061268987e+00  9.9997632e-01
1.061799621e+00  9.9997608e-01
1.062330521e+00  9.9997584e-01
1.062861686e+00  9.9997560e-01
1.063393117e+00  9.9997536e-01
1.063924814e+00  9.9997512e-01
1.064456776e+00  9.9997485e-01
1.064989005e+00  9.9997456e-01
1.065521499e+00  9.9997422e-01
1.066054260e+00  9.9997383e-01
1.066587287e+00  9.9997339e-01
1.067120581e+00  9.9997288e-01
1.067654141e+00  9.9997230e-01
1.068187968e+00  9.9997164e-01
1.068722062e+00  9.9997091e-01
1.069256423e+00  9.9997009e-01
1.069791051e+00  9.9996915e-01
1.070325947e+00  9.9996809e-01
1.070861110e+00  9.9996687e-01
1.071396540e+00  9.9996549e-01
1.071932238e+00  9.9996393e-01
1.072468205e+00  9.9996218e-01
1.073004439e+00  9.9996025e-01
1.073540941e+00  9.9995816e-01
1.074077711e+00  9.9995591e-01
1.074614750e+00  9.9995352e-01
1.075152058e+00  9.9995103e-01
1.075689634e+00  9.9994845e-01
1.076227478e+00  9.9994582e-01
1.076765592e+00  9.9994318e-01
1.077303975e+00  9.9994053e-01
1.077842627e+00  9.9993791e-01
1.078381548e+00  9.9993530e-01
1.078920739e+00  9.9993268e-01
1.079460199e+00  9.9993000e-01
1.079999930e+00  9.9992718e-01
1.080539929e+00  9.9992406e-01
1.081080199e+00  9.9992044e-01
1.081620740e+00  9.9991611e-01
1.082161550e+00  9.9991085e-01
1.082702631e+00  9.9990452e-01
1.083243982e+00  9.9989712e-01
1.083785604e+00  9.9988881e-01
1.084327497e+00  9.9987992e-01
1.084869661e+00  9.9987085e-01
1.085412095e+00  9.9986193e-01
1.085954801e+00  9.9985333e-01
1.086497779e+00  9.9984490e-01
1.087041028e+00  9.9983616e-01
1.087584548e+00  9.9982643e-01
1.088128341e+00  9.9981494e-01
1.088672405e+00  9.9980107e-01
1.089216741e+00  9.9978456e-01
1.089761349e+00  9.9976558e-01
1.090306230e+00  9.9974472e-01
1.090851383e+00  9.9972285e-01
1.091396809e+00  9.9970097e-01
1.091942507e+00  9.9967999e-01
1.092488478e+00  9.9966054e-01
1.093034723e+00  9.9964292e-01
1.093581240e+00  9.9962701e-01
1.094128031e+00  9.9961238e-01
1.094675095e+00  9.9959829e-01
1.095222432e+00  9.9958387e-01
1.095770043e+00  9.9956819e-01
1.096317928e+00  9.9955044e-01
1.096866087e+00  9.9953018e-01
1.097414520e+00  9.9950746e-01
1.097963228e+00  9.9948294e-01
1.098512209e+00  9.9945777e-01
1.099061465e+00  9.9943337e-01
1.099610996e+00  9.9941099e-01
1.100160802e+00  9.9939130e-01
1.100710882e+00  9.9937416e-01
1.101261237e+00  9.9935858e-01
1.101811868e+00  9.9934296e-01
1.102362774e+00  9.9932550e-01
1.102913955e+00  9.9930470e-01
1.103465412e+00  9.9927973e-01
1.104017145e+00  9.9925062e-01
1.104569154e+00  9.9921827e-01
1.105121438e+00  9.9918412e-01
1.105673999e+00  9.9914966e-01
1.106226836e+00  9.9911580e-01
1.106779949e+00  9.9908229e-01
1.107333339e+00  9.9904706e-01
1.107887006e+00  9.9900597e-01
1.108440950e+00  9.9895266e-01
1.108995170e+00  9.9887872e-01
1.109549668e+00  9.9877428e-01
1.110104442e+00  9.9862856e-01
1.110659495e+00  9.9843072e-01
1.111214824e+00  9.9817063e-01
1.111770432e+00  9.9783961e-01
1.112326317e+00  9.9743103e-01
1.112882480e+00  9.9694084e-01
1.113438921e+00  9.9636776e-01
1.113995641e+00  9.9571280e-01
1.114552639e+00  9.9497819e-01
1.115109915e+00  9.9416514e-01
1.115667470e+00  9.9327107e-01
1.116225304e+00  9.9228700e-01
1.116783416e+00  9.9119665e-01
1.117341808e+00  9.8997829e-01
1.117900479e+00  9.8861024e-01
1.118459429e+00  9.8707951e-01
1.119018659e+00  9.8539201e-01
1.119578168e+00  9.8358053e-01
1.120137957e+00  9.8170768e-01
1.120698026e+00  9.7986083e-01
1.121258375e+00  9.7813888e-01
1.121819005e+00  9.7663342e-01
1.122379914e+00  9.7540928e-01
1.122941104e+00  9.7449049e-01
1.123502575e+00  9.7385626e-01
1.124064326e+00  9.7344925e-01
1.124626358e+00  9.7319310e-01
1.125188671e+00  9.7301573e-01
1.125751266e+00  9.7287059e-01
1.126314141e+00  9.7275064e-01
1.126877298e+00  9.7269002e-01
1.127440737e+00  9.7275169e-01
1.128004457e+00  9.7300307e-01
1.128568459e+00  9.7348500e-01
1.129132744e+00  9.7418335e-01
1.129697310e+00  9.7501356e-01
1.130262159e+00  9.7582662e-01
1.130827290e+00  9.7643904e-01
1.131392703e+00  9.7668165e-01
1.131958400e+00  9.7645378e-01
1.132524379e+00  9.7576544e-01
1.133090641e+00  9.7475191e-01
1.133657186e+00  9.7365249e-01
1.134224015e+00  9.7275715e-01
1.134791127e+00  9.7233576e-01
1.135358523e+00  9.7257110e-01
1.135926202e+00  9.7351584e-01
1.136494165e+00  9.7508568e-01
1.137062412e+00  9.7708806e-01
1.137630943e+00  9.7927466e-01
1.138199759e+00  9.8139978e-01
1.138768859e+00  9.8326708e-01
1.139338243e+00  9.8475426e-01
1.139907912e+00  9.8581451e-01
1.140477866e+00  9.8646099e-01
1.141048105e+00  9.8674431e-01
1.141618629e+00  9.8673224e-01
1.142189438e+00  9.8649650e-01
1.142760533e+00  9.8610772e-01
1.143331913e+00  9.8563464e-01
1.143903579e+00  9.8514382e-01
1.144475531e+00  9.8469664e-01
1.145047769e+00  9.8434320e-01
1.145620293e+00  9.8411529e-01
1.146193103e+00  9.8402149e-01
1.146766200e+00  9.8404736e-01
1.147339583e+00  9.8416095e-01
1.147913252e+00  9.8432302e-01
1.148487209e+00  9.8449770e-01
1.149061453e+00  9.8466179e-01
1.149635983e+00  9.8480929e-01
1.150210801e+00  9.8495105e-01
1.150785907e+00  9.8511014e-01
1.151361300e+00  9.8531451e-01
1.151936980e+00  9.8558923e-01
1.152512949e+00  9.8595013e-01
1.153089205e+00  9.8640044e-01
1.153665750e+00  9.8693065e-01
1.154242583e+00  9.8752133e-01
1.154819704e+00  9.8814729e-01
1.155397114e+00  9.8878169e-01
1.155974813e+00  9.8939871e-01
1.156552800e+00  9.8997452e-01
1.157131076e+00  9.9048737e-01
1.157709642e+00  9.9091774e-01
1.158288497e+00  9.9124971e-01
1.158867641e+00  9.9147369e-01
1.159447075e+00  9.9158959e-01
1.160026798e+00  9.9160936e-01
1.160606812e+00  9.9155721e-01
1.161187115e+00  9.9146698e-01
1.161767709e+00  9.9137693e-01
1.162348593e+00  9.9132324e-01
1.162929767e+00  9.9133395e-01
1.163511232e+00  9.9142476e-01
1.164092987e+00  9.9159778e-01
1.164675034e+00  9.9184308e-01
1.165257371e+00  9.9214237e-01
1.165840000e+00  9.9247352e-01
1.166422920e+00  9.9281496e-01
1.167006131e+00  9.9314891e-01
1.167589635e+00  9.9346327e-01
1.168173429e+00  9.9375196e-01
1.168757516e+00  9.9401412e-01
1.169341895e+00  9.9425261e-01
1.169926566e+00  9.9447214e-01
1.170511529e+00  9.9467776e-01
1.171096785e+00  9.9487373e-01
1.171682333e+00  9.9506297e-01
1.172268174e+00  9.9524705e-01
1.172854308e+00  9.9542641e-01
1.173440736e+00  9.9560060e-01
1.174027456e+00  9.9576857e-01
1.174614470e+00  9.9592885e-01
1.175201777e+00  9.9607985e-01
1.175789378e+00  9.9622005e-01
1.176377273e+00  9.9634838e-01
1.176965461e+00  9.9646434e-01
1.177553944e+00  9.9656813e-01
1.178142721e+00  9.9666055e-01
1.178731792e+00  9.9674289e-01
1.179321158e+00  9.9681678e-01
1.179910819e+00  9.9688396e-01
1.180500774e+00  9.9694608e-01
1.181091025e+00  9.9700426e-01
1.181681570e+00  9.9705860e-01
1.182272411e+00  9.9710790e-01
1.182863547e+00  9.9714965e-01
1.183454979e+00  9.9718069e-01
1.184046706e+00  9.9719832e-01
1.184638730e+00  9.9720182e-01
1.185231049e+00  9.9719369e-01
1.185823665e+00  9.9718009e-01
1.186416576e+00  9.9717031e-01
1.187009785e+00  9.9717499e-01
1.187603290e+00  9.9720374e-01
1.188197091e+00  9.9726278e-01
1.188791190e+00  9.9735342e-01
1.189385585e+00  9.9747191e-01
1.189980278e+00  9.9761057e-01
1.190575268e+00  9.9775975e-01
1.191170556e+00  9.9790995e-01
1.191766141e+00  9.9805342e-01
1.192362024e+00  9.9818480e-01
1.192958205e+00  9.9830104e-01
1.193554684e+00  9.9840081e-01
1.194151462e+00  9.9848380e-01
1.194748537e+00  9.9855033e-01
1.195345912e+00  9.9860121e-01
1.195943585e+00  9.9863780e-01
1.196541556e+00  9.9866214e-01
1.197139827e+00  9.9867682e-01
1.197738397e+00  9.9868471e-01
1.198337266e+00  9.9868854e-01
1.198936435e+00  9.9869045e-01
1.199535903e+00  9.9869192e-01
1.200135671e+00  9.9869393e-01
1.200735739e+00  9.9869734e-01
1.201336107e+00  9.9870349e-01
1.201936775e+00  9.9871440e-01
1.202537743e+00  9.9873268e-01
1.203139012e+00  9.9876096e-01
1.203740582e+00  9.9880107e-01
1.204342452e+00  9.9885330e-01
1.204944623e+00  9.9891597e-01
1.205547095e+00  9.9898567e-01
1.206149869e+00  9.9905790e-01
1.206752944e+00  9.9912809e-01
1.207356320e+00  9.9919249e-01
1.207959999e+00  9.9924877e-01
1.208563979e+00  9.9929616e-01
1.209168261e+00  9.9933523e-01
1.209772845e+00  9.9936742e-01
1.210377731e+00  9.9939458e-01
1.210982920e+00  9.9941857e-01
1.211588411e+00  9.9944098e-01
1.212194206e+00  9.9946311e-01
1.212800303e+00  9.9948581e-01
1.213406703e+00  9.9950959e-01
1.214013406e+00  9.9953456e-01
1.214620413e+00  9.9956046e-01
1.215227723e+00  9.9958671e-01
1.215835337e+00  9.9961251e-01
1.216443255e+00  9.9963691e-01
1.217051476e+00  9.9965898e-01
1.217660002e+00  9.9967795e-01
1.218268832e+00  9.9969333e-01
1.218877966e+00  9.9970496e-01
1.219487405e+00  9.9971310e-01
1.220097149e+00  9.9971830e-01
1.220707198e+00  9.9972137e-01
1.221317551e+00  9.9972317e-01
1.221928210e+00  9.9972452e-01
1.222539174e+00  9.9972602e-01
1.223150444e+00  9.9972804e-01
1.223762019e+00  9.9973068e-01
1.224373900e+00  9.9973386e-01
1.224986087e+00  9.9973740e-01
1.225598580e+00  9.9974114e-01
1.226211379e+00  9.9974495e-01
1.226824485e+00  9.9974877e-01
1.227437897e+00  9.9975258e-01
1.228051616e+00  9.9975640e-01
1.228665642e+00  9.9976020e-01
1.229279975e+00  9.9976393e-01
1.229894615e+00  9.9976755e-01
1.230509562e+00  9.9977100e-01
1.231124817e+00  9.9977423e-01
1.231740379e+00  9.9977727e-01
1.232356250e+00  9.9978016e-01
1.232972428e+00  9.9978298e-01
1.233588914e+00  9.9978585e-01
1.234205708e+00  9.9978886e-01
1.234822811e+00  9.9979213e-01
1.235440223e+00  9.9979574e-01
1.236057943e+00  9.9979973e-01
1.236675972e+00  9.9980414e-01
1.237294310e+00  9.9980899e-01
1.237912957e+00  9.9981428e-01
1.238531913e+00  9.9981995e-01
1.239151179e+00  9.9982595e-01
1.239770755e+00  9.9983218e-01
1.240390640e+00  9.9983849e-01
1.241010836e+00  9.9984478e-01
1.241631341e+00  9.9985090e-01
1.242252157e+00  9.9985679e-01
1.242873283e+00  9.9986239e-01
1.243494719e+00  9.9986773e-01
1.244116467e+00  9.9987284e-01
1.244738525e+00  9.9987779e-01
1.245360894e+00  9.9988267e-01
1.245983575e+00  9.9988753e-01
1.246606566e+00  9.9989240e-01
1.247229870e+00  9.9989727e-01
1.247853485e+00  9.9990211e-01
1.248477411e+00  9.9990686e-01
1.249101650e+00  9.9991145e-01
1.249726201e+00  9.9991584e-01
1.250351064e+00  9.9992000e-01
1.250976240e+00  9.9992391e-01
1.251601728e+00  9.9992760e-01
1.252227529e+00  9.9993109e-01
1.252853642e+00  9.9993440e-01
1.253480069e+00  9.9993755e-01
1.254106809e+00  9.9994054e-01
1.254733863e+00  9.9994336e-01
1.255361229e+00  9.9994600e-01
1.255988910e+00  9.9994844e-01
1.256616905e+00  9.9995067e-01
1.257245213e+00  9.9995268e-01
1.257873836e+00  9.9995448e-01
1.258502773e+00  9.9995609e-01
1.259132024e+00  9.9995751e-01
1.259761590e+00  9.9995878e-01
1.260391471e+00  9.9995994e-01
1.261021666e+00  9.9996101e-01
1.261652177e+00  9.9996203e-01
1.262283003e+00  9.9996303e-01
1.262914145e+00  9.9996403e-01
1.263545602e+00  9.9996503e-01
1.264177375e+00  9.9996603e-01
1.264809463e+00  9.9996702e-01
1.265441868e+00  9.9996796e-01
1.266074589e+00  9.9996884e-01
1.266707626e+00  9.9996962e-01
1.267340980e+00  9.9997031e-01
1.267974651e+00  9.9997090e-01
1.268608638e+00  9.9997140e-01
1.269242942e+00  9.9997182e-01
1.269877564e+00  9.9997219e-01
1.270512503e+00  9.9997251e-01
1.271147759e+00  9.9997281e-01
1.271783333e+00  9.9997307e-01
1.272419224e+00  9.9997328e-01
1.273055434e+00  9.9997343e-01
1.273691962e+00  9.9997349e-01
1.274328808e+00  9.9997348e-01
1.274965972e+00  9.9997339e-01
1.275603455e+00  9.9997325e-01
1.276241257e+00  9.9997312e-01
1.276879377e+00  9.9997303e-01
1.277517817e+00  9.9997302e-01
1.278156576e+00  9.9997312e-01
1.278795654e+00  9.9997331e-01
1.279435052e+00  9.9997359e-01
1.280074770e+00  9.9997391e-01
1.280714807e+00  9.9997422e-01
1.281355164e+00  9.9997444e-01
1.281995842e+00  9.9997453e-01
1.282636840e+00  9.9997440e-01
1.283278158e+00  9.9997400e-01
1.283919797e+00  9.9997327e-01
1.284561757e+00  9.9997216e-01
1.285204038e+00  9.9997065e-01
1.285846640e+00  9.9996871e-01
1.286489564e+00  9.9996636e-01
1.287132808e+00  9.9996367e-01
1.287776375e+00  9.9996073e-01
1.288420263e+00  9.9995764e-01
1.289064473e+00  9.9995452e-01
1.289709005e+00  9.9995149e-01
1.290353860e+00  9.9994857e-01
1.290999037e+00  9.9994574e-01
1.291644536e+00  9.9994288e-01
1.292290359e+00  9.9993976e-01
1.292936504e+00  9.9993611e-01
1.293582972e+00  9.9993163e-01
1.294229763e+00  9.9992608e-01
1.294876878e+00  9.9991924e-01
1.295524317e+00  9.9991100e-01
1.296172079e+00  9.9990125e-01
1.296820165e+00  9.9988986e-01
1.297468575e+00  9.9987660e-01
1.298117309e+00  9.9986107e-01
1.298766368e+00  9.9984273e-01
1.299415751e+00  9.9982094e-01
1.300065459e+00  9.9979505e-01
1.300715492e+00  9.9976452e-01
1.301365850e+00  9.9972902e-01
1.302016532e+00  9.9968842e-01
1.302667541e+00  9.9964280e-01
1.303318875e+00  9.9959231e-01
1.303970534e+00  9.9953709e-01
1.304622519e+00  9.9947719e-01
1.305274830e+00  9.9941254e-01
1.305927468e+00  9.9934296e-01
1.306580432e+00  9.9926818e-01
1.307233722e+00  9.9918775e-01
1.307887339e+00  9.9910101e-01
1.308541282e+00  9.9900693e-01
1.309195553e+00  9.9890402e-01
1.309850151e+00  9.9879038e-01
1.310505076e+00  9.9866383e-01
1.311160328e+00  9.9852223e-01
1.311815909e+00  9.9836378e-01
1.312471817e+00  9.9818734e-01
1.313128052e+00  9.9799272e-01
1.313784616e+00  9.9778073e-01
1.314441509e+00  9.9755336e-01
1.315098730e+00  9.9731379e-01
1.315756279e+00  9.9706631e-01
1.316414157e+00  9.9681622e-01
1.317072364e+00  9.9656942e-01
1.317730900e+00  9.9633198e-01
1.318389766e+00  9.9610968e-01
1.319048961e+00  9.9590779e-01
1.319708485e+00  9.9573084e-01
1.320368339e+00  9.9558253e-01
1.321028524e+00  9.9546527e-01
1.321689038e+00  9.9537895e-01
1.322349882e+00  9.9531901e-01
1.323011057e+00  9.9527386e-01
1.323672563e+00  9.9522274e-01
1.324334399e+00  9.9513497e-01
1.324996566e+00  9.9497188e-01
1.325659065e+00  9.9469213e-01
1.326321894e+00  9.9426028e-01
1.326985055e+00  9.9365735e-01
1.327648548e+00  9.9289093e-01
1.328312372e+00  9.9200162e-01
1.328976528e+00  9.9106246e-01
1.329641016e+00  9.9016965e-01
1.330305837e+00  9.8942494e-01
1.330970990e+00  9.8891363e-01
1.331636475e+00  9.8868422e-01
1.332302293e+00  9.8873619e-01
1.332968445e+00  9.8902036e-01
1.333634929e+00  9.8945195e-01
1.334301746e+00  9.8993186e-01
1.334968897e+00  9.9036947e-01
1.335636382e+00  9.9070000e-01
1.336304200e+00  9.9089200e-01
1.336972352e+00  9.9094507e-01
1.337640838e+00  9.9088033e-01
1.338309658e+00  9.9072791e-01
1.338978813e+00  9.9051567e-01
1.339648303e+00  9.9026138e-01
1.340318127e+00  9.8996894e-01
1.340988286e+00  9.8962802e-01
1.341658780e+00  9.8921669e-01
1.342329609e+00  9.8870486e-01
1.343000774e+00  9.8805963e-01
1.343672275e+00  9.8724979e-01
1.344344111e+00  9.8625072e-01
1.345016283e+00  9.8504599e-01
1.345688791e+00  9.8362549e-01
1.346361635e+00  9.8197818e-01
1.347034816e+00  9.8008121e-01
1.347708334e+00  9.7788863e-01
1.348382188e+00  9.7532545e-01
1.349056379e+00  9.7229299e-01
1.349730907e+00  9.6868634e-01
1.350405772e+00  9.6442230e-01
1.351080975e+00  9.5946997e-01
1.351756516e+00  9.5387303e-01
1.352432394e+00  9.4775286e-01
1.353108610e+00  9.4128747e-01
1.353785165e+00  9.3467028e-01
1.354462057e+00  9.2805685e-01
1.355139288e+00  9.2151584e-01
1.355816858e+00  9.1500172e-01
1.356494766e+00  9.0835905e-01
1.357173014e+00  9.0136326e-01
1.357851600e+00  8.9378879e-01
1.358530526e+00  8.8548572e-01
1.359209791e+00  8.7644588e-01
1.359889396e+00  8.6683605e-01
1.360569341e+00  8.5699041e-01
1.361249626e+00  8.4736355e-01
1.361930250e+00  8.3845797e-01
1.362611215e+00  8.3074413e-01
1.363292521e+00  8.2459166e-01
1.363974167e+00  8.2022364e-01
1.364656154e+00  8.1769764e-01
1.365338482e+00  8.1691727e-01
1.366021152e+00  8.1766905e-01
1.366704162e+00  8.1967953e-01
1.367387514e+00  8.2268357e-01
1.368071208e+00  8.2648211e-01
1.368755244e+00  8.3097335e-01
1.369439621e+00  8.3614235e-01
1.370124341e+00  8.4200441e-01
1.370809403e+00  8.4852108e-01
1.371494808e+00  8.5551618e-01
1.372180555e+00  8.6262448e-01
1.372866646e+00  8.6929570e-01
1.373553079e+00  8.7485594e-01
1.374239856e+00  8.7861019e-01
1.374926976e+00  8.7995882e-01
1.375614439e+00  8.7849946e-01
1.376302246e+00  8.7410116e-01
1.376990397e+00  8.6694433e-01
1.377678893e+00  8.5753083e-01
1.378367732e+00  8.4666212e-01
1.379056916e+00  8.3538399e-01
1.379746444e+00  8.2488863e-01
1.380436318e+00  8.1637773e-01
1.381126536e+00  8.1089778e-01
1.381817099e+00  8.0917708e-01
1.382508008e+00  8.1150202e-01
1.383199262e+00  8.1766746e-01
1.383890861e+00  8.2701414e-01
1.384582807e+00  8.3854977e-01
1.385275098e+00  8.5111930e-01
1.385967736e+00  8.6358261e-01
1.386660719e+00  8.7495861e-01
1.387354050e+00  8.8450885e-01
1.388047727e+00  8.9176163e-01
1.388741751e+00  8.9649230e-01
1.389436122e+00  8.9868720e-01
1.390130840e+00  8.9851114e-01
1.390825905e+00  8.9628682e-01
1.391521318e+00  8.9248034e-01
1.392217079e+00  8.8767720e-01
1.392913187e+00  8.8253899e-01
1.393609644e+00  8.7773211e-01
1.394306449e+00  8.7383850e-01
1.395003602e+00  8.7126658e-01
1.395701104e+00  8.7018980e-01
1.396398954e+00  8.7053979e-01
1.397097154e+00  8.7205829e-01
1.397795702e+00  8.7439555e-01
1.398494600e+00  8.7722070e-01
1.399193847e+00  8.8029824e-01
1.399893444e+00  8.8350965e-01
1.400593391e+00  8.8682026e-01
1.401293688e+00  8.9022257e-01
1.401994335e+00  8.9369195e-01
1.402695332e+00  8.9717981e-01
1.403396679e+00  9.0064054e-01
1.404098378e+00  9.0407083e-01
1.404800427e+00  9.0753053e-01
1.405502827e+00  9.1113223e-01
1.406205579e+00  9.1500129e-01
1.406908681e+00  9.1922548e-01
1.407612136e+00  9.2381392e-01
1.408315942e+00  9.2868197e-01
1.409020100e+00  9.3366236e-01
1.409724610e+00  9.3854017e-01
1.410429472e+00  9.4310014e-01
1.411134687e+00  9.4717490e-01
1.411840254e+00  9.5067952e-01
1.412546174e+00  9.5362523e-01
1.413252447e+00  9.5610509e-01
1.413959074e+00  9.5825844e-01
1.414666053e+00  9.6022616e-01
1.415373386e+00  9.6211306e-01
1.416081073e+00  9.6396995e-01
1.416789113e+00  9.6579858e-01
1.417497508e+00  9.6757166e-01
1.418206257e+00  9.6925600e-01
1.418915360e+00  9.7082842e-01
1.419624817e+00  9.7227958e-01
1.420334630e+00  9.7360889e-01
1.421044797e+00  9.7481791e-01
1.421755320e+00  9.7590477e-01
1.422466197e+00  9.7686312e-01
1.423177430e+00  9.7768351e-01
1.423889019e+00  9.7835414e-01
1.424600964e+00  9.7886090e-01
1.425313264e+00  9.7918832e-01
1.426025921e+00  9.7932303e-01
1.426738934e+00  9.7925956e-01
1.427452303e+00  9.7900767e-01
1.428166029e+00  9.7859743e-01
1.428880112e+00  9.7807904e-01
1.429594552e+00  9.7751616e-01
1.430309350e+00  9.7697437e-01
1.431024504e+00  9.7650807e-01
1.431740017e+00  9.7615100e-01
1.432455887e+00  9.7591295e-01
1.433172115e+00  9.7578455e-01
1.433888701e+00  9.7574694e-01
1.434605645e+00  9.7578121e-01
1.435322948e+00  9.7587313e-01
1.436040609e+00  9.7601042e-01
1.436758630e+00  9.7617476e-01
1.437477009e+00  9.7633296e-01
1.438195747e+00  9.7643409e-01
1.438914845e+00  9.7641572e-01
1.439634303e+00  9.7621899e-01
1.440354120e+00  9.7580825e-01
1.441074297e+00  9.7518821e-01
1.441794834e+00  9.7441262e-01
1.442515731e+00  9.7357998e-01
1.443236989e+00  9.7281585e-01
1.443958608e+00  9.7224508e-01
1.444680587e+00  9.7196124e-01
1.445402927e+00  9.7200289e-01
1.446125629e+00  9.7234621e-01
1.446848692e+00  9.7291812e-01
1.447572116e+00  9.7362715e-01
1.448295902e+00  9.7439990e-01
1.449020050e+00  9.7520900e-01
1.449744560e+00  9.7607932e-01
1.450469432e+00  9.7707089e-01
1.451194667e+00  9.7824617e-01
1.451920264e+00  9.7963578e-01
1.452646224e+00  9.8121757e-01
1.453372548e+00  9.8291505e-01
1.454099234e+00  9.8461423e-01
1.454826283e+00  9.8618921e-01
1.455553697e+00  9.8752765e-01
1.456281473e+00  9.8854819e-01
1.457009614e+00  9.8920843e-01
1.457738119e+00  9.8950433e-01
1.458466988e+00  9.8946477e-01
1.459196222e+00  9.8914322e-01
1.459925820e+00  9.8860857e-01
1.460655783e+00  9.8793536e-01
1.461386110e+00  9.8719378e-01
1.462116804e+00  9.8644114e-01
1.462847862e+00  9.8571469e-01
1.463579286e+00  9.8502867e-01
1.464311076e+00  9.8437610e-01
1.465043231e+00  9.8373631e-01
1.465775753e+00  9.8308734e-01
1.466508641e+00  9.8242070e-01
1.467241895e+00  9.8175462e-01
1.467975516e+00  9.8114027e-01
1.468709504e+00  9.8065753e-01
1.469443858e+00  9.8039959e-01
1.470178580e+00  9.8044924e-01
1.470913670e+00  9.8085424e-01
1.471649126e+00  9.8160980e-01
1.472384951e+00  9.8265492e-01
1.473121143e+00  9.8388408e-01
1.473857704e+00  9.8517139e-01
1.474594633e+00  9.8639924e-01
1.475331930e+00  9.8748273e-01
1.476069596e+00  9.8838311e-01
1.476807631e+00  9.8910771e-01
1.477546035e+00  9.8969819e-01
1.478284808e+00  9.9021264e-01
1.479023950e+00  9.9070718e-01
1.479763462e+00  9.9122266e-01
1.480503344e+00  9.9177795e-01
1.481243596e+00  9.9237039e-01
1.481984217e+00  9.9298166e-01
1.482725209e+00  9.9358611e-01
1.483466572e+00  9.9415938e-01
1.484208305e+00  9.9468499e-01
1.484950409e+00  9.9515751e-01
1.485692885e+00  9.9558175e-01
1.486435731e+00  9.9596927e-01
1.487178949e+00  9.9633292e-01
1.487922538e+00  9.9668226e-01
1.488666500e+00  9.9702057e-01
1.489410833e+00  9.9734488e-01
1.490155538e+00  9.9764788e-01
1.490900616e+00  9.9792128e-01
1.491646066e+00  9.9815887e-01
1.492391890e+00  9.9835851e-01
1.493138085e+00  9.9852259e-01
1.493884655e+00  9.9865698e-01
1.494631597e+00  9.9876923e-01
1.495378913e+00  9.9886650e-01
1.496126602e+00  9.9895394e-01
1.496874665e+00  9.9903383e-01
1.497623103e+00  9.9910575e-01
1.498371914e+00  9.9916740e-01
1.499121100e+00  9.9921605e-01
1.499870661e+00  9.9924995e-01
1.500620596e+00  9.9926946e-01
1.501370906e+00  9.9927741e-01
1.502121592e+00  9.9927875e-01
1.502872653e+00  9.9927939e-01
1.503624089e+00  9.9928487e-01
1.504375901e+00  9.9929908e-01
1.505128089e+00  9.9932357e-01
1.505880653e+00  9.9935763e-01
1.506633593e+00  9.9939891e-01
1.507386910e+00  9.9944439e-01
1.508140604e+00  9.9949121e-01
1.508894674e+00  9.9953709e-01
1.509649121e+00  9.9958051e-01
1.510403946e+00  9.9962049e-01
1.511159148e+00  9.9965646e-01
1.511914727e+00  9.9968809e-01
1.512670685e+00  9.9971530e-01
1.513427020e+00  9.9973835e-01
1.514183734e+00  9.9975778e-01
1.514940825e+00  9.9977442e-01
1.515698296e+00  9.9978923e-01
1.516456145e+00  9.9980312e-01
1.517214373e+00  9.9981676e-01
1.517972980e+00  9.9983054e-01
1.518731967e+00  9.9984446e-01
1.519491333e+00  9.9985823e-01
1.520251078e+00  9.9987134e-01
1.521011204e+00  9.9988326e-01
1.521771710e+00  9.9989354e-01
1.522532595e+00  9.9990192e-01
1.523293862e+00  9.9990843e-01
1.524055509e+00  9.9991334e-01
1.524817536e+00  9.9991709e-01
1.525579945e+00  9.9992019e-01
1.526342735e+00  9.9992315e-01
1.527105906e+00  9.9992631e-01
1.527869459e+00  9.9992988e-01
1.528633394e+00  9.9993388e-01
1.529397711e+00  9.9993820e-01
1.530162410e+00  9.9994264e-01
1.530927491e+00  9.9994698e-01
1.531692955e+00  9.9995101e-01
1.532458801e+00  9.9995457e-01
1.533225031e+00  9.9995756e-01
1.533991643e+00  9.9995996e-01
1.534758639e+00  9.9996180e-01
1.535526018e+00  9.9996314e-01
1.536293781e+00  9.9996410e-01
1.537061928e+00  9.9996476e-01
1.537830459e+00  9.9996521e-01
1.538599374e+00  9.9996551e-01
1.539368674e+00  9.9996571e-01
1.540138358e+00  9.9996583e-01
1.540908428e+00  9.9996592e-01
1.541678882e+00  9.9996600e-01
1.542449721e+00  9.9996612e-01
1.543220946e+00  9.9996633e-01
1.543992556e+00  9.9996667e-01
1.544764553e+00  9.9996717e-01
1.545536935e+00  9.9996784e-01
1.546309704e+00  9.9996866e-01
1.547082858e+00  9.9996957e-01
1.547856400e+00  9.9997051e-01
1.548630328e+00  9.9997142e-01
1.549404643e+00  9.9997225e-01
1.550179345e+00  9.9997295e-01
1.550954435e+00  9.9997354e-01
1.551729912e+00  9.9997403e-01
1.552505777e+00  9.9997444e-01
1.553282030e+00  9.9997480e-01
1.554058671e+00  9.9997513e-01
1.554835701e+00  9.9997542e-01
1.555613118e+00  9.9997563e-01
1.556390925e+00  9.9997572e-01
1.557169120e+00  9.9997563e-01
1.557947705e+00  9.9997534e-01
1.558726679e+00  9.9997483e-01
1.559506042e+00  9.9997414e-01
1.560285795e+00  9.9997333e-01
1.561065938e+00  9.9997249e-01
1.561846471e+00  9.9997173e-01
1.562627394e+00  9.9997114e-01
1.563408708e+00  9.9997079e-01
1.564190412e+00  9.9997071e-01
1.564972508e+00  9.9997090e-01
1.565754994e+00  9.9997131e-01
1.566537871e+00  9.9997190e-01
1.567321140e+00  9.9997261e-01
1.568104801e+00  9.9997340e-01
1.568888853e+00  9.9997422e-01
1.569673298e+00  9.9997504e-01
1.570458134e+00  9.9997584e-01
1.571243363e+00  9.9997660e-01
1.572028985e+00  9.9997729e-01
1.572815000e+00  9.9997790e-01
1.573601407e+00  9.9997842e-01
1.574388208e+00  9.9997882e-01
1.575175402e+00  9.9997911e-01
1.575962990e+00  9.9997929e-01
1.576750971e+00  9.9997938e-01
1.577539347e+00  9.9997938e-01
1.578328116e+00  9.9997931e-01
1.579117280e+00  9.9997918e-01
1.579906839e+00  9.9997899e-01
1.580696792e+00  9.9997876e-01
1.581487141e+00  9.9997849e-01
1.582277884e+00  9.9997819e-01
1.583069023e+00  9.9997787e-01
1.583860558e+00  9.9997753e-01
1.584652488e+00  9.9997717e-01
1.585444814e+00  9.9997680e-01
1.586237537e+00  9.9997640e-01
1.587030655e+00  9.9997594e-01
1.587824171e+00  9.9997540e-01
1.588618083e+00  9.9997476e-01
1.589412392e+00  9.9997397e-01
1.590207098e+00  9.9997302e-01
1.591002202e+00  9.9997187e-01
1.591797703e+00  9.9997053e-01
1.592593602e+00  9.9996900e-01
1.593389898e+00  9.9996729e-01
1.594186593e+00  9.9996543e-01
1.594983687e+00  9.9996344e-01
1.595781178e+00  9.9996135e-01
1.596579069e+00  9.9995918e-01
1.597377359e+00  9.9995694e-01
1.598176047e+00  9.9995459e-01
1.598975135e+00  9.9995213e-01
1.599774623e+00  9.9994948e-01
1.600574510e+00  9.9994656e-01
1.601374797e+00  9.9994325e-01
1.602175485e+00  9.9993934e-01
1.602976573e+00  9.9993456e-01
1.603778061e+00  9.9992853e-01
1.604579950e+00  9.9992075e-01
1.605382240e+00  9.9991061e-01
1.606184931e+00  9.9989740e-01
1.606988023e+00  9.9988033e-01
1.607791517e+00  9.9985856e-01
1.608595413e+00  9.9983124e-01
1.609399711e+00  9.9979757e-01
1.610204411e+00  9.9975679e-01
1.611009513e+00  9.9970823e-01
1.611815018e+00  9.9965128e-01
1.612620925e+00  9.9958535e-01
1.613427236e+00  9.9950976e-01
1.614233949e+00  9.9942367e-01
1.615041066e+00  9.9932593e-01
1.615848587e+00  9.9921496e-01
1.616656511e+00  9.9908860e-01
1.617464839e+00  9.9894407e-01
1.618273572e+00  9.9877785e-01
1.619082709e+00  9.9858568e-01
1.619892250e+00  9.9836269e-01
1.620702196e+00  9.9810340e-01
1.621512547e+00  9.9780186e-01
1.622323303e+00  9.9745209e-01
1.623134465e+00  9.9704805e-01
1.623946032e+00  9.9658388e-01
1.624758005e+00  9.9605420e-01
1.625570384e+00  9.9545360e-01
1.626383170e+00  9.9477631e-01
1.627196361e+00  9.9401587e-01
1.628009959e+00  9.9316436e-01
1.628823964e+00  9.9221239e-01
1.629638376e+00  9.9114959e-01
1.630453195e+00  9.8996595e-01
1.631268422e+00  9.8865401e-01
1.632084056e+00  9.8721194e-01
1.632900098e+00  9.8564719e-01
1.633716548e+00  9.8397966e-01
1.634533407e+00  9.8224404e-01
1.635350673e+00  9.8049063e-01
1.636168349e+00  9.7878252e-01
1.636986433e+00  9.7718991e-01
1.637804926e+00  9.7578125e-01
1.638623829e+00  9.7461145e-01
1.639443140e+00  9.7371061e-01
1.640262862e+00  9.7307522e-01
1.641082993e+00  9.7266497e-01
1.641903535e+00  9.7240660e-01
1.642724487e+00  9.7220483e-01
1.643545849e+00  9.7195848e-01
1.644367622e+00  9.7157871e-01
1.645189806e+00  9.7100635e-01
1.646012401e+00  9.7022562e-01
1.646835407e+00  9.6927190e-01
1.647658824e+00  9.6823190e-01
1.648482654e+00  9.6723493e-01
1.649306895e+00  9.6643569e-01
1.650131549e+00  9.6599052e-01
1.650956614e+00  9.6602968e-01
1.651782093e+00  9.6663292e-01
1.652607984e+00  9.6781202e-01
1.653434288e+00  9.6950370e-01
1.654261005e+00  9.7157319e-01
1.655088135e+00  9.7382523e-01
1.655915680e+00  9.7601867e-01
1.656743637e+00  9.7788234e-01
1.657572009e+00  9.7913183e-01
1.658400795e+00  9.7949184e-01
1.659229996e+00  9.7872962e-01
1.660059611e+00  9.7670183e-01
1.660889640e+00  9.7341050e-01
1.661720085e+00  9.6905411e-01
1.662550945e+00  9.6404952e-01
1.663382221e+00  9.5900466e-01
1.664213912e+00  9.5463152e-01
1.665046019e+00  9.5161117e-01
1.665878542e+00  9.5044415e-01
1.666711481e+00  9.5133236e-01
1.667544837e+00  9.5413203e-01
1.668378609e+00  9.5839381e-01
1.669212799e+00  9.6347627e-01
1.670047405e+00  9.6869557e-01
1.670882429e+00  9.7346350e-01
1.671717870e+00  9.7737922e-01
1.672553729e+00  9.8025999e-01
1.673390006e+00  9.8211732e-01
1.674226701e+00  9.8310049e-01
1.675063814e+00  9.8343030e-01
1.675901346e+00  9.8334171e-01
1.676739297e+00  9.8304360e-01
1.677577666e+00  9.8269751e-01
1.678416455e+00  9.8241196e-01
1.679255663e+00  9.8224705e-01
1.680095291e+00  9.8222483e-01
1.680935339e+00  9.8234139e-01
1.681775806e+00  9.8257747e-01
1.682616694e+00  9.8290622e-01
1.683458003e+00  9.8329765e-01
1.684299732e+00  9.8372066e-01
1.685141882e+00  9.8414480e-01
1.685984452e+00  9.8454123e-01
1.686827445e+00  9.8488506e-01
1.687670858e+00  9.8515804e-01
1.688514694e+00  9.8535067e-01
1.689358951e+00  9.8546309e-01
1.690203631e+00  9.8550385e-01
1.691048732e+00  9.8548648e-01
1.691894257e+00  9.8542487e-01
1.692740204e+00  9.8532806e-01
1.693586574e+00  9.8519610e-01
1.694433367e+00  9.8501750e-01
1.695280584e+00  9.8476888e-01
1.696128224e+00  9.8441678e-01
1.696976288e+00  9.8392191e-01
1.697824777e+00  9.8324477e-01
1.698673689e+00  9.8235308e-01
1.699523026e+00  9.8122990e-01
1.700372787e+00  9.7988197e-01
1.701222974e+00  9.7834591e-01
1.702073585e+00  9.7669137e-01
1.702924622e+00  9.7501912e-01
1.703776084e+00  9.7345359e-01
1.704627972e+00  9.7212971e-01
1.705480286e+00  9.7117588e-01
1.706333027e+00  9.7069562e-01
1.707186193e+00  9.7075148e-01
1.708039786e+00  9.7135443e-01
1.708893806e+00  9.7246163e-01
1.709748253e+00  9.7398257e-01
1.710603127e+00  9.7579198e-01
1.711458429e+00  9.7774574e-01
1.712314158e+00  9.7969619e-01
1.713170315e+00  9.8150384e-01
1.714026900e+00  9.8304506e-01
1.714883914e+00  9.8421670e-01
1.715741355e+00  9.8494007e-01
1.716599226e+00  9.8516599e-01
1.717457526e+00  9.8488095e-01
1.718316255e+00  9.8411288e-01
1.719175413e+00  9.8293364e-01
1.720035000e+00  9.8145570e-01
1.720895018e+00  9.7982174e-01
1.721755465e+00  9.7818822e-01
1.722616343e+00  9.7670593e-01
1.723477651e+00  9.7550180e-01
1.724339390e+00  9.7466539e-01
1.725201560e+00  9.7424278e-01
1.726064161e+00  9.7423763e-01
1.726927193e+00  9.7461805e-01
1.727790656e+00  9.7532677e-01
1.728654552e+00  9.7629207e-01
1.729518879e+00  9.7743757e-01
1.730383638e+00  9.7869003e-01
1.731248830e+00  9.7998460e-01
1.732114455e+00  9.8126803e-01
1.732980512e+00  9.8250011e-01
1.733847002e+00  9.8365392e-01
1.734713926e+00  9.8471516e-01
1.735581282e+00  9.8568063e-01
1.736449073e+00  9.8655589e-01
1.737317298e+00  9.8735214e-01
1.738185956e+00  9.8808242e-01
1.739055049e+00  9.8875794e-01
1.739924577e+00  9.8938544e-01
1.740794539e+00  9.8996637e-01
1.741664936e+00  9.9049818e-01
1.742535769e+00  9.9097741e-01
1.743407037e+00  9.9140311e-01
1.744278740e+00  9.9177929e-01
1.745150880e+00  9.9211521e-01
1.746023455e+00  9.9242338e-01
1.746896467e+00  9.9271599e-01
1.747769915e+00  9.9300125e-01
1.748643800e+00  9.9328114e-01
1.749518122e+00  9.9355145e-01
1.750392881e+00  9.9380390e-01
1.751268077e+00  9.9402954e-01
1.752143711e+00  9.9422169e-01
1.753019783e+00  9.9437738e-01
1.753896293e+00  9.9449686e-01
1.754773241e+00  9.9458135e-01
1.755650628e+00  9.9463020e-01
1.756528453e+00  9.9463878e-01
1.757406717e+00  9.9459764e-01
1.758285421e+00  9.9449370e-01
1.759164564e+00  9.9431241e-01
1.760044146e+00  9.9404090e-01
1.760924168e+00  9.9367097e-01
1.761804630e+00  9.9320146e-01
1.762685532e+00  9.9263920e-01
1.763566875e+00  9.9199855e-01
1.764448658e+00  9.9129906e-01
1.765330883e+00  9.9056166e-01
1.766213548e+00  9.8980455e-01
1.767096655e+00  9.8903978e-01
1.767980203e+00  9.8827210e-01
1.768864193e+00  9.8750074e-01
1.769748626e+00  9.8672417e-01
1.770633500e+00  9.8594645e-01
1.771518817e+00  9.8518317e-01
1.772404576e+00  9.8446441e-01
1.773290778e+00  9.8383335e-01
1.774177424e+00  9.8333930e-01
1.775064512e+00  9.8302707e-01
1.775952045e+00  9.8292498e-01
1.776840021e+00  9.8303506e-01
1.777728441e+00  9.8332857e-01
1.778617305e+00  9.8374814e-01
1.779506614e+00  9.8421622e-01
1.780396367e+00  9.8464710e-01
1.781286565e+00  9.8495936e-01
1.782177208e+00  9.8508579e-01
1.783068297e+00  9.8497972e-01
1.783959831e+00  9.8461837e-01
1.784851811e+00  9.8400557e-01
1.785744237e+00  9.8317512e-01
1.786637109e+00  9.8219433e-01
1.787530428e+00  9.8116423e-01
1.788424193e+00  9.8021213e-01
1.789318405e+00  9.7947374e-01
1.790213064e+00  9.7906591e-01
1.791108171e+00  9.7905735e-01
1.792003725e+00  9.7944649e-01
1.792899727e+00  9.8015569e-01
1.793796176e+00  9.8104553e-01
1.794693075e+00  9.8194551e-01
1.795590421e+00  9.8269315e-01
1.796488216e+00  9.8316816e-01
1.797386460e+00  9.8331304e-01
1.798285154e+00  9.8313531e-01
1.799184296e+00  9.8269183e-01
1.800083888e+00  9.8206267e-01
1.800983930e+00  9.8132334e-01
1.801884422e+00  9.8052255e-01
1.802785364e+00  9.7967174e-01
1.803686757e+00  9.7874563e-01
1.804588601e+00  9.7769262e-01
1.805490895e+00  9.7645019e-01
1.806393640e+00  9.7496191e-01
1.807296837e+00  9.7319264e-01
1.808200486e+00  9.7113825e-01
1.809104586e+00  9.6882869e-01
1.810009138e+00  9.6631798e-01
1.810914143e+00  9.6366638e-01
1.811819600e+00  9.6091568e-01
1.812725509e+00  9.5806831e-01
1.813631872e+00  9.5508108e-01
1.814538688e+00  9.5187873e-01
1.815445958e+00  9.4838816e-01
1.816353681e+00  9.4457859e-01
1.817261857e+00  9.4049142e-01
1.818170488e+00  9.3624057e-01
1.819079574e+00  9.3197920e-01
1.819989113e+00  9.2784176e-01
1.820899108e+00  9.2388707e-01
1.821809557e+00  9.2006974e-01
1.822720462e+00  9.1625881e-01
1.823631822e+00  9.1229560e-01
1.824543638e+00  9.0807090e-01
1.825455910e+00  9.0358006e-01
1.826368638e+00  8.9893293e-01
1.827281822e+00  8.9430805e-01
1.828195463e+00  8.8986919e-01
1.829109561e+00  8.8568007e-01
1.830024116e+00  8.8165306e-01
1.830939128e+00  8.7755936e-01
1.831854597e+00  8.7310014e-01
1.832770525e+00  8.6801894e-01
1.833686910e+00  8.6221495e-01
1.834603753e+00  8.5581635e-01
1.835521055e+00  8.4918698e-01
1.836438816e+00  8.4286142e-01
1.837357035e+00  8.3742420e-01
1.838275714e+00  8.3337003e-01
1.839194852e+00  8.3098206e-01
1.840114449e+00  8.3025711e-01
1.841034506e+00  8.3090294e-01
1.841955024e+00  8.3241110e-01
1.842876001e+00  8.3418974e-01
1.843797439e+00  8.3572067e-01
1.844719338e+00  8.3669141e-01
1.845641697e+00  8.3705306e-01
1.846564518e+00  8.3698139e-01
1.847487801e+00  8.3675991e-01
1.848411544e+00  8.3663482e-01
1.849335750e+00  8.3670985e-01
1.850260418e+00  8.3692373e-01
1.851185548e+00  8.3711056e-01
1.852111141e+00  8.3711186e-01
1.853037197e+00  8.3688192e-01
1.853963715e+00  8.3654672e-01
1.854890697e+00  8.3639857e-01
1.855818142e+00  8.3683631e-01
1.856746052e+00  8.3826701e-01
1.857674425e+00  8.4099400e-01
1.858603262e+00  8.4510421e-01
1.859532563e+00  8.5038070e-01
1.860462330e+00  8.5626162e-01
1.861392561e+00  8.6187849e-01
1.862323257e+00  8.6617884e-01
1.863254419e+00  8.6812568e-01
1.864186046e+00  8.6692387e-01
1.865118139e+00  8.6221923e-01
1.866050698e+00  8.5421373e-01
1.866983723e+00  8.4366368e-01
1.867917215e+00  8.3176686e-01
1.868851174e+00  8.1996690e-01
1.869785599e+00  8.0972470e-01
1.870720492e+00  8.0230420e-01
1.871655853e+00  7.9861125e-01
1.872591680e+00  7.9910313e-01
1.873527976e+00  8.0376819e-01
1.874464740e+00  8.1216781e-01
1.875401973e+00  8.2352145e-01
1.876339674e+00  8.3681857e-01
1.877277843e+00  8.5094649e-01
1.878216482e+00  8.6482478e-01
1.879155591e+00  8.7753018e-01
1.880095168e+00  8.8839769e-01
1.881035216e+00  8.9707848e-01
1.881975734e+00  9.0353921e-01
1.882916722e+00  9.0800127e-01
1.883858180e+00  9.1084004e-01
1.884800109e+00  9.1247574e-01
1.885742509e+00  9.1328699e-01
1.886685380e+00  9.1356862e-01
1.887628723e+00  9.1353030e-01
1.888572537e+00  9.1331297e-01
1.889516824e+00  9.1299725e-01
1.890461582e+00  9.1258701e-01
1.891406813e+00  9.1197794e-01
1.892352516e+00  9.1093806e-01
1.893298692e+00  9.0912984e-01
1.894245342e+00  9.0618710e-01
1.895192464e+00  9.0183518e-01
1.896140061e+00  8.9600733e-01
1.897088131e+00  8.8891486e-01
1.898036675e+00  8.8103675e-01
1.898985693e+00  8.7303282e-01
1.899935186e+00  8.6561059e-01
1.900885154e+00  8.5939519e-01
1.901835596e+00  8.5483800e-01
1.902786514e+00  8.5217779e-01
1.903737907e+00  8.5144182e-01
1.904689776e+00  8.5246969e-01
1.905642121e+00  8.5494854e-01
1.906594942e+00  8.5845758e-01
1.907548240e+00  8.6253335e-01
1.908502014e+00  8.6675362e-01
1.909456265e+00  8.7081954e-01
1.910410993e+00  8.7460774e-01
1.911366198e+00  8.7816386e-01
1.912321881e+00  8.8163834e-01
1.913278042e+00  8.8518741e-01
1.914234681e+00  8.8888855e-01
1.915191799e+00  8.9270740e-01
1.916149395e+00  8.9653040e-01
1.917107469e+00  9.0024137e-01
1.918066023e+00  9.0379941e-01
1.919025056e+00  9.0727424e-01
1.919984569e+00  9.1082203e-01
1.920944561e+00  9.1461410e-01
1.921905033e+00  9.1875656e-01
1.922865986e+00  9.2324054e-01
1.923827419e+00  9.2794416e-01
1.924789332e+00  9.3268362e-01
1.925751727e+00  9.3728104e-01
1.926714603e+00  9.4161914e-01
1.927677960e+00  9.4565945e-01
1.928641799e+00  9.4942280e-01
1.929606120e+00  9.5294781e-01
1.930570923e+00  9.5625373e-01
1.931536209e+00  9.5932439e-01
1.932501977e+00  9.6211883e-01
1.933468228e+00  9.6460016e-01
1.934434962e+00  9.6676387e-01
1.935402179e+00  9.6865382e-01
1.936369880e+00  9.7035633e-01
1.937338065e+00  9.7197671e-01
1.938306734e+00  9.7360988e-01
1.939275888e+00  9.7531585e-01
1.940245526e+00  9.7710916e-01
1.941215648e+00  9.7896373e-01
1.942186256e+00  9.8082861e-01
1.943157349e+00  9.8264739e-01
1.944128928e+00  9.8437240e-01
1.945100993e+00  9.8597187e-01
1.946073543e+00  9.8742974e-01
1.947046580e+00  9.8874020e-01
1.948020103e+00  9.8990156e-01
1.948994113e+00  9.9091235e-01
1.949968610e+00  9.9176980e-01
1.950943595e+00  9.9247148e-01
1.951919066e+00  9.9301713e-01
1.952895026e+00  9.9341148e-01
1.953871473e+00  9.9366595e-01
1.954848409e+00  9.9379951e-01
1.955825833e+00  9.9383867e-01
1.956803746e+00  9.9381622e-01
1.957782148e+00  9.9376857e-01
1.958761039e+00  9.9373252e-01
1.959740420e+00  9.9374080e-01
1.960720290e+00  9.9381783e-01
1.961700650e+00  9.9397636e-01
1.962681500e+00  9.9421541e-01
1.963662841e+00  9.9452079e-01
1.964644673e+00  9.9486782e-01
1.965626995e+00  9.9522632e-01
1.966609808e+00  9.9556655e-01
1.967593113e+00  9.9586480e-01
1.968576910e+00  9.9610713e-01
1.969561198e+00  9.9629030e-01
1.970545979e+00  9.9641991e-01
1.971531252e+00  9.9650670e-01
1.972517017e+00  9.9656241e-01
1.973503276e+00  9.9659686e-01
1.974490028e+00  9.9661683e-01
1.975477273e+00  9.9662684e-01
1.976465011e+00  9.9663067e-01
1.977453244e+00  9.9663277e-01
1.978441970e+00  9.9663847e-01
1.979431191e+00  9.9665293e-01
1.980420907e+00  9.9667949e-01
1.981411117e+00  9.9671826e-01
1.982401823e+00  9.9676585e-01
1.983393024e+00  9.9681629e-01
1.984384720e+00  9.9686301e-01
1.985376913e+00  9.9690073e-01
1.986369601e+00  9.9692690e-01
1.987362786e+00  9.9694185e-01
1.988356467e+00  9.9694810e-01
1.989350646e+00  9.9694911e-01
1.990345321e+00  9.9694810e-01
1.991340494e+00  9.9694732e-01
1.992336164e+00  9.9694783e-01
1.993332332e+00  9.9694977e-01
1.994328998e+00  9.9695275e-01
1.995326163e+00  9.9695609e-01
1.996323826e+00  9.9695902e-01
1.997321988e+00  9.9696073e-01
1.998320649e+00  9.9696047e-01
1.999319809e+00  9.9695772e-01
2.000319469e+00  9.9695251e-01
2.001319629e+00  9.9694550e-01
2.002320288e+00  9.9693801e-01
2.003321449e+00  9.9693157e-01
2.004323109e+00  9.9692747e-01
2.005325271e+00  9.9692618e-01
2.006327933e+00  9.9692700e-01
2.007331097e+00  9.9692813e-01
2.008334763e+00  9.9692706e-01
2.009338930e+00  9.9692120e-01
2.010343600e+00  9.9690856e-01
2.011348772e+00  9.9688825e-01
2.012354446e+00  9.9686062e-01
2.013360623e+00  9.9682716e-01
2.014367304e+00  9.9679004e-01
2.015374487e+00  9.9675161e-01
2.016382174e+00  9.9671386e-01
2.017390366e+00  9.9667810e-01
2.018399061e+00  9.9664478e-01
2.019408260e+00  9.9661354e-01
2.020417964e+00  9.9658342e-01
2.021428173e+00  9.9655316e-01
2.022438887e+00  9.9652160e-01
2.023450107e+00  9.9648788e-01
2.024461832e+00  9.9645170e-01
2.025474063e+00  9.9641330e-01
2.026486800e+00  9.9637337e-01
2.027500043e+00  9.9633283e-01
2.028513793e+00  9.9629260e-01
2.029528050e+00  9.9625332e-01
2.030542814e+00  9.9621530e-01
2.031558086e+00  9.9617843e-01
2.032573865e+00  9.9614226e-01
2.033590152e+00  9.9610618e-01
2.034606947e+00  9.9606950e-01
2.035624250e+00  9.9603160e-01
2.036642062e+00  9.9599202e-01
2.037660383e+00  9.9595049e-01
2.038679214e+00  9.9590694e-01
2.039698553e+00  9.9586145e-01
2.040718402e+00  9.9581421e-01
2.041738762e+00  9.9576541e-01
2.042759631e+00  9.9571516e-01
2.043781011e+00  9.9566349e-01
2.044802901e+00  9.9561027e-01
2.045825303e+00  9.9555526e-01
2.046848215e+00  9.9549815e-01
2.047871640e+00  9.9543855e-01
2.048895575e+00  9.9537612e-01
2.049920023e+00  9.9531054e-01
2.050944983e+00  9.9524159e-01
2.051970456e+00  9.9516913e-01
2.052996441e+00  9.9509318e-01
2.054022939e+00  9.9501392e-01
2.055049951e+00  9.9493175e-01
2.056077476e+00  9.9484727e-01
2.057105514e+00  9.9476133e-01
2.058134067e+00  9.9467484e-01
2.059163134e+00  9.9458869e-01
2.060192716e+00  9.9450351e-01
2.061222812e+00  9.9441955e-01
2.062253423e+00  9.9433660e-01
2.063284550e+00  9.9425398e-01
2.064316192e+00  9.9417072e-01
2.065348350e+00  9.9408570e-01
2.066381025e+00  9.9399794e-01
2.067414215e+00  9.9390666e-01
2.068447922e+00  9.9381142e-01
2.069482146e+00  9.9371209e-01
2.070516887e+00  9.9360881e-01
2.071552146e+00  9.9350197e-01
2.072587922e+00  9.9339218e-01
2.073624216e+00  9.9328023e-01
2.074661028e+00  9.9316701e-01
2.075698358e+00  9.9305344e-01
2.076736208e+00  9.9294025e-01
2.077774576e+00  9.9282788e-01
2.078813463e+00  9.9271637e-01
2.079852870e+00  9.9260538e-01
2.080892796e+00  9.9249432e-01
2.081933243e+00  9.9238252e-01
2.082974209e+00  9.9226943e-01
2.084015696e+00  9.9215470e-01
2.085057704e+00  9.9203825e-01
2.086100233e+00  9.9192021e-01
2.087143283e+00  9.9180087e-01
2.088186855e+00  9.9168067e-01
2.089230948e+00  9.9156010e-01
2.090275564e+00  9.9143976e-01
2.091320701e+00  9.9132034e-01
2.092366362e+00  9.9120256e-01
2.093412545e+00  9.9108721e-01
2.094459251e+00  9.9097511e-01
2.095506481e+00  9.9086709e-01
2.096554234e+00  9.9076406e-01
2.097602511e+00  9.9066694e-01
2.098651312e+00  9.9057659e-01
2.099700638e+00  9.9049372e-01
2.100750488e+00  9.9041874e-01
2.101800864e+00  9.9035171e-01
2.102851764e+00  9.9029231e-01
2.103903190e+00  9.9023993e-01
2.104955142e+00  9.9019385e-01
2.106007619e+00  9.9015342e-01
2.107060623e+00  9.9011810e-01
2.108114153e+00  9.9008756e-01
2.109168210e+00  9.9006147e-01
2.110222794e+00  9.9003937e-01
2.111277906e+00  9.9002053e-01
2.112333545e+00  9.9000386e-01
2.113389712e+00  9.8998817e-01
2.114446406e+00  9.8997256e-01
2.115503630e+00  9.8995691e-01
2.116561381e+00  9.8994242e-01
2.117619662e+00  9.8993181e-01
2.118678472e+00  9.8992911e-01
2.119737811e+00  9.8993897e-01
2.120797680e+00  9.8996559e-01
2.121858079e+00  9.9001167e-01
2.122919008e+00  9.9007753e-01
2.123980467e+00  9.9016089e-01
2.125042458e+00  9.9025723e-01
2.126104979e+00  9.9036059e-01
2.127168031e+00  9.9046469e-01
2.128231615e+00  9.9056388e-01
2.129295731e+00  9.9065374e-01
2.130360379e+00  9.9073128e-01
2.131425559e+00  9.9079472e-01
2.132491272e+00  9.9084304e-01
2.133557518e+00  9.9087522e-01
2.134624296e+00  9.9088972e-01
2.135691609e+00  9.9088387e-01
2.136759454e+00  9.9085374e-01
2.137827834e+00  9.9079430e-01
2.138896748e+00  9.9069987e-01
2.139966196e+00  9.9056488e-01
2.141036180e+00  9.9038451e-01
2.142106698e+00  9.9015534e-01
2.143177751e+00  9.8987580e-01
2.144249340e+00  9.8954645e-01
2.145321465e+00  9.8916987e-01
2.146394125e+00  9.8875052e-01
2.147467322e+00  9.8829384e-01
2.148541056e+00  9.8780544e-01
2.149615327e+00  9.8729042e-01
2.150690134e+00  9.8675254e-01
2.151765479e+00  9.8619414e-01
2.152841362e+00  9.8561539e-01
2.153917783e+00  9.8501404e-01
2.154994742e+00  9.8438495e-01
2.156072239e+00  9.8372010e-01
2.157150275e+00  9.8300920e-01
2.158228850e+00  9.8224100e-01
2.159307965e+00  9.8140492e-01
2.160387619e+00  9.8049304e-01
2.161467812e+00  9.7950231e-01
2.162548546e+00  9.7843705e-01
2.163629821e+00  9.7731196e-01
2.164711636e+00  9.7615467e-01
2.165793991e+00  9.7500742e-01
2.166876888e+00  9.7392630e-01
2.167960327e+00  9.7297725e-01
2.169044307e+00  9.7222880e-01
2.170128829e+00  9.7174179e-01
2.171213893e+00  9.7155871e-01
2.172299500e+00  9.7169505e-01
2.173385650e+00  9.7213594e-01
2.174472343e+00  9.7283975e-01
2.175559579e+00  9.7374739e-01
2.176647359e+00  9.7479468e-01
2.177735683e+00  9.7592307e-01
2.178824551e+00  9.7708598e-01
2.179913963e+00  9.7824863e-01
2.181003920e+00  9.7938338e-01
2.182094422e+00  9.8046242e-01
2.183185469e+00  9.8144924e-01
2.184277062e+00  9.8229032e-01
2.185369200e+00  9.8290626e-01
2.186461885e+00  9.8318322e-01
2.187555116e+00  9.8296591e-01
2.188648893e+00  9.8205544e-01
2.189743218e+00  9.8021799e-01
2.190838089e+00  9.7720981e-01
2.191933508e+00  9.7282370e-01
2.193029475e+00  9.6695451e-01
2.194125990e+00  9.5967327e-01
2.195223053e+00  9.5128965e-01
2.196320664e+00  9.4237497e-01
2.197418825e+00  9.3372559e-01
2.198517534e+00  9.2625734e-01
2.199616793e+00  9.2084740e-01
2.200716601e+00  9.1816026e-01
2.201816960e+00  9.1850460e-01
2.202917868e+00  9.2176387e-01
2.204019327e+00  9.2741977e-01
2.205121337e+00  9.3466034e-01
2.206223897e+00  9.4254020e-01
2.207327009e+00  9.5014909e-01
2.208430673e+00  9.5674959e-01
2.209534888e+00  9.6186012e-01
2.210639656e+00  9.6527724e-01
2.211744975e+00  9.6704691e-01
2.212850848e+00  9.6740201e-01
2.213957273e+00  9.6668529e-01
2.215064252e+00  9.6527435e-01
2.216171784e+00  9.6351997e-01
2.217279870e+00  9.6170461e-01
2.218388510e+00  9.6002232e-01
2.219497704e+00  9.5857647e-01
2.220607453e+00  9.5738962e-01
2.221717757e+00  9.5641903e-01
2.222828616e+00  9.5557480e-01
2.223940030e+00  9.5473787e-01
2.225052000e+00  9.5378091e-01
2.226164526e+00  9.5258961e-01
2.227277608e+00  9.5108413e-01
2.228391247e+00  9.4923683e-01
2.229505443e+00  9.4708053e-01
2.230620195e+00  9.4470442e-01
2.231735505e+00  9.4223604e-01
2.232851373e+00  9.3981303e-01
2.233967799e+00  9.3755092e-01
2.235084783e+00  9.3551619e-01
2.236202325e+00  9.3371184e-01
2.237320426e+00  9.3208089e-01
2.238439087e+00  9.3052688e-01
2.239558306e+00  9.2894574e-01
2.240678085e+00  9.2725768e-01
2.241798424e+00  9.2542930e-01
2.242919324e+00  9.2347719e-01
2.244040783e+00  9.2145253e-01
2.245162804e+00  9.1941324e-01
2.246285385e+00  9.1739558e-01
2.247408528e+00  9.1539652e-01
2.248532232e+00  9.1337266e-01
2.249656498e+00  9.1125416e-01
2.250781326e+00  9.0896603e-01
2.251906717e+00  9.0644506e-01
2.253032670e+00  9.0364850e-01
2.254159187e+00  9.0055612e-01
2.255286266e+00  8.9717035e-01
2.256413909e+00  8.9352194e-01
2.257542116e+00  8.8967916e-01
2.258670887e+00  8.8575247e-01
2.259800223e+00  8.8188332e-01
2.260930123e+00  8.7821458e-01
2.262060588e+00  8.7484831e-01
2.263191618e+00  8.7180853e-01
2.264323214e+00  8.6902683e-01
2.265455376e+00  8.6636047e-01
2.266588103e+00  8.6363739e-01
2.267721397e+00  8.6071410e-01
2.268855258e+00  8.5752481e-01
2.269989686e+00  8.5410986e-01
2.271124681e+00  8.5061363e-01
2.272260243e+00  8.4725432e-01
2.273396373e+00  8.4427211e-01
2.274533071e+00  8.4186885e-01
2.275670338e+00  8.4015780e-01
2.276808173e+00  8.3914195e-01
2.277946577e+00  8.3872684e-01
2.279085550e+00  8.3876203e-01
2.280225093e+00  8.3908875e-01
2.281365206e+00  8.3956919e-01
2.282505888e+00  8.4008453e-01
2.283647141e+00  8.4050665e-01
2.284788965e+00  8.4066697e-01
2.285931359e+00  8.4034520e-01
2.287074325e+00  8.3928895e-01
2.288217862e+00  8.3725738e-01
2.289361971e+00  8.3407027e-01
2.290506652e+00  8.2964692e-01
2.291651905e+00  8.2402621e-01
2.292797731e+00  8.1737227e-01
2.293944130e+00  8.0997364e-01
2.295091102e+00  8.0223915e-01
2.296238648e+00  7.9468592e-01
2.297386767e+00  7.8791363e-01
2.298535461e+00  7.8256065e-01
2.299684728e+00  7.7923851e-01
2.300834571e+00  7.7845117e-01
2.301984988e+00  7.8050636e-01
2.303135980e+00  7.8542636e-01
2.304287548e+00  7.9287031e-01
2.305439692e+00  8.0208716e-01
2.306592412e+00  8.1192841e-01
2.307745708e+00  8.2094609e-01
2.308899581e+00  8.2759832e-01
2.310054031e+00  8.3054525e-01
2.311209058e+00  8.2898009e-01
2.312364662e+00  8.2290370e-01
2.313520845e+00  8.1323926e-01
2.314677605e+00  8.0171648e-01
2.315834944e+00  7.9052684e-01
2.316992861e+00  7.8182899e-01
2.318151358e+00  7.7725161e-01
2.319310434e+00  7.7754301e-01
2.320470089e+00  7.8247122e-01
2.321630324e+00  7.9098522e-01
2.322791139e+00  8.0156050e-01
2.323952535e+00  8.1259856e-01
2.325114511e+00  8.2275800e-01
2.326277068e+00  8.3113617e-01
2.327440207e+00  8.3729190e-01
2.328603927e+00  8.4115109e-01
2.329768229e+00  8.4286170e-01
2.330933113e+00  8.4266303e-01
2.332098579e+00  8.4080200e-01
2.333264629e+00  8.3750821e-01
2.334431261e+00  8.3300549e-01
2.335598477e+00  8.2753544e-01
2.336766276e+00  8.2136464e-01
2.337934659e+00  8.1476415e-01
2.339103626e+00  8.0797115e-01
2.340273178e+00  8.0114891e-01
2.341443315e+00  7.9437239e-01
2.342614036e+00  7.8764908e-01
2.343785343e+00  7.8097246e-01
2.344957236e+00  7.7438481e-01
2.346129715e+00  7.6802439e-01
2.347302779e+00  7.6214350e-01
2.348476431e+00  7.5709277e-01
2.349650669e+00  7.5328009e-01
2.350825494e+00  7.5111768e-01
2.352000907e+00  7.5096331e-01
2.353176908e+00  7.5305365e-01
2.354353496e+00  7.5742976e-01
2.355530673e+00  7.6386040e-01
2.356708438e+00  7.7178110e-01
2.357886792e+00  7.8027946e-01
2.359065736e+00  7.8815143e-01
2.360245269e+00  7.9404710e-01
2.361425391e+00  7.9669617e-01
2.362606104e+00  7.9517821e-01
2.363787407e+00  7.8918053e-01
2.364969301e+00  7.7917204e-01
2.366151785e+00  7.6642961e-01
2.367334861e+00  7.5288431e-01
2.368518529e+00  7.4079384e-01
2.369702788e+00  7.3230654e-01
2.370887639e+00  7.2902174e-01
2.372073083e+00  7.3166258e-01
2.373259120e+00  7.3995204e-01
2.374445749e+00  7.5272446e-01
2.375632972e+00  7.6823193e-01
2.376820789e+00  7.8454954e-01
2.378009199e+00  7.9996388e-01
2.379198204e+00  8.1324737e-01
2.380387803e+00  8.2377509e-01
2.381577997e+00  8.3148822e-01
2.382768786e+00  8.3675684e-01
2.383960170e+00  8.4019964e-01
2.385152150e+00  8.4251816e-01
2.386344726e+00  8.4437397e-01
2.387537899e+00  8.4631519e-01
2.388731668e+00  8.4874625e-01
2.389926033e+00  8.5192189e-01
2.391120996e+00  8.5595624e-01
2.392316557e+00  8.6083775e-01
2.393512715e+00  8.6644947e-01
2.394709471e+00  8.7259656e-01
2.395906826e+00  8.7903880e-01
2.397104780e+00  8.8552951e-01
2.398303332e+00  8.9185591e-01
2.399502484e+00  8.9787196e-01
2.400702235e+00  9.0351802e-01
2.401902586e+00  9.0882128e-01
2.403103537e+00  9.1387359e-01
2.404305089e+00  9.1879360e-01
2.405507242e+00  9.2367944e-01
2.406709995e+00  9.2856762e-01
2.407913350e+00  9.3341031e-01
2.409117307e+00  9.3807540e-01
2.410321866e+00  9.4237283e-01
2.411527027e+00  9.4609622e-01
2.412732790e+00  9.4906839e-01
2.413939156e+00  9.5117940e-01
2.415146126e+00  9.5240656e-01
2.416353699e+00  9.5281557e-01
2.417561876e+00  9.5254765e-01
2.418770657e+00  9.5179867e-01
2.419980042e+00  9.5079566e-01
2.421190032e+00  9.4977468e-01
2.422400627e+00  9.4895805e-01
2.423611828e+00  9.4853007e-01
2.424823633e+00  9.4861290e-01
2.426036045e+00  9.4924791e-01
2.427249063e+00  9.5039064e-01
2.428462688e+00  9.5192396e-01
2.429676919e+00  9.5368887e-01
2.430891758e+00  9.5552499e-01
2.432107204e+00  9.5730737e-01
2.433323257e+00  9.5896781e-01
2.434539919e+00  9.6049441e-01
2.435757189e+00  9.6191257e-01
2.436975067e+00  9.6325726e-01
2.438193555e+00  9.6454883e-01
2.439412652e+00  9.6578221e-01
2.440632358e+00  9.6693122e-01
2.441852674e+00  9.6796451e-01
2.443073600e+00  9.6886385e-01
2.444295137e+00  9.6963707e-01
2.445517285e+00  9.7032058e-01
2.446740043e+00  9.7097136e-01
2.447963413e+00  9.7165225e-01
2.449187395e+00  9.7241580e-01
2.450411989e+00  9.7329098e-01
2.451637195e+00  9.7427671e-01
2.452863013e+00  9.7534248e-01
2.454089445e+00  9.7643557e-01
2.455316490e+00  9.7749288e-01
2.456544148e+00  9.7845377e-01
2.457772420e+00  9.7927107e-01
2.459001306e+00  9.7991660e-01
2.460230807e+00  9.8038119e-01
2.461460922e+00  9.8066927e-01
2.462691653e+00  9.8079246e-01
2.463922999e+00  9.8076605e-01
2.465154960e+00  9.8060984e-01
2.466387538e+00  9.8035282e-01
2.467620731e+00  9.8003663e-01
2.468854542e+00  9.7971290e-01
2.470088969e+00  9.7943111e-01
2.471324013e+00  9.7922032e-01
2.472559675e+00  9.7907134e-01
2.473795955e+00  9.7892990e-01
2.475032853e+00  9.7870686e-01
2.476270370e+00  9.7830530e-01
2.477508505e+00  9.7765617e-01
2.478747259e+00  9.7674937e-01
2.479986633e+00  9.7564746e-01
2.481226626e+00  9.7447568e-01
2.482467239e+00  9.7339120e-01
2.483708473e+00  9.7254233e-01
2.484950327e+00  9.7203250e-01
2.486192802e+00  9.7190108e-01
2.487435899e+00  9.7212604e-01
2.488679617e+00  9.7264446e-01
2.489923957e+00  9.7338055e-01
2.491168919e+00  9.7426901e-01
2.492414503e+00  9.7526529e-01
2.493660710e+00  9.7634098e-01
2.494907541e+00  9.7747006e-01
2.496154994e+00  9.7861513e-01
2.497403072e+00  9.7972063e-01
2.498651773e+00  9.8071589e-01
2.499901099e+00  9.8152515e-01
2.501151050e+00  9.8207822e-01
2.502401625e+00  9.8231714e-01
2.503652826e+00  9.8219748e-01
2.504904653e+00  9.8168714e-01
2.506157105e+00  9.8076731e-01
2.507410183e+00  9.7943896e-01
2.508663889e+00  9.7773300e-01
2.509918221e+00  9.7572067e-01
2.511173180e+00  9.7351584e-01
2.512428766e+00  9.7126473e-01
2.513684981e+00  9.6911846e-01
2.514941823e+00  9.6719540e-01
2.516199294e+00  9.6554157e-01
2.517457394e+00  9.6410274e-01
2.518716122e+00  9.6271976e-01
2.519975480e+00  9.6115191e-01
2.521235468e+00  9.5912743e-01
2.522496086e+00  9.5640823e-01
2.523757334e+00  9.5285698e-01
2.525019213e+00  9.4848421e-01
2.526281722e+00  9.4346499e-01
2.527544863e+00  9.3811224e-01
2.528808636e+00  9.3280927e-01
2.530073040e+00  9.2791139e-01
2.531338076e+00  9.2364430e-01
2.532603745e+00  9.2002870e-01
2.533870047e+00  9.1686005e-01
2.535136982e+00  9.1375697e-01
2.536404551e+00  9.1027141e-01
2.537672753e+00  9.0602785e-01
2.538941589e+00  9.0085215e-01
2.540211060e+00  8.9484843e-01
2.541481166e+00  8.8839634e-01
2.542751906e+00  8.8207014e-01
2.544023282e+00  8.7649844e-01
2.545295294e+00  8.7220282e-01
2.546567942e+00  8.6944639e-01
2.547841226e+00  8.6812822e-01
2.549115146e+00  8.6774178e-01
2.550389704e+00  8.6740415e-01
2.551664899e+00  8.6596661e-01
2.552940731e+00  8.6220270e-01
2.554217201e+00  8.5504927e-01
2.555494310e+00  8.4386117e-01
2.556772057e+00  8.2861197e-01
2.558050443e+00  8.0996487e-01
2.559329468e+00  7.8917954e-01
2.560609133e+00  7.6785280e-01
2.561889438e+00  7.4757007e-01
2.563170382e+00  7.2957165e-01
2.564451968e+00  7.1453790e-01
2.565734194e+00  7.0255032e-01
2.567017061e+00  6.9321331e-01
2.568300569e+00  6.8586347e-01
2.569584720e+00  6.7977103e-01
2.570869512e+00  6.7426261e-01
2.572154947e+00  6.6875002e-01
2.573441024e+00  6.6270237e-01
2.574727745e+00  6.5562572e-01
2.576015108e+00  6.4709769e-01
2.577303116e+00  6.3686442e-01
2.578591768e+00  6.2495210e-01
2.579881063e+00  6.1172680e-01
2.581171004e+00  5.9784571e-01
2.582461590e+00  5.8409666e-01
2.583752820e+00  5.7117728e-01
2.585044697e+00  5.5951365e-01
2.586337219e+00  5.4919440e-01
2.587630388e+00  5.4005898e-01
2.588924203e+00  5.3188604e-01
2.590218665e+00  5.2458107e-01
2.591513774e+00  5.1825098e-01
2.592809531e+00  5.1311163e-01
2.594105936e+00  5.0927058e-01
2.595402989e+00  5.0650986e-01
2.596700690e+00  5.0420529e-01
2.597999041e+00  5.0146665e-01
2.599298040e+00  4.9746293e-01
2.600597689e+00  4.9178360e-01
2.601897988e+00  4.8466130e-01
2.603198937e+00  4.7692840e-01
2.604500537e+00  4.6971316e-01
2.605802787e+00  4.6400573e-01
2.607105688e+00  4.6029253e-01
2.608409241e+00  4.5842648e-01
2.609713446e+00  4.5778748e-01
2.611018302e+00  4.5765727e-01
2.612323812e+00  4.5762192e-01
2.613629974e+00  4.5781788e-01
2.614936789e+00  4.5889024e-01
2.616244257e+00  4.6168065e-01
2.617552379e+00  4.6678025e-01
2.618861155e+00  4.7415586e-01
2.620170586e+00  4.8304162e-01
2.621480671e+00  4.9217356e-01
2.622791411e+00  5.0029987e-01
2.624102807e+00  5.0677087e-01
2.625414859e+00  5.1196056e-01
2.626727566e+00  5.1732910e-01
2.628040930e+00  5.2506798e-01
2.629354950e+00  5.3743105e-01
2.630669628e+00  5.5597909e-01
2.631984962e+00  5.8099341e-01
2.633300955e+00  6.1126119e-01
2.634617605e+00  6.4430203e-01
2.635934914e+00  6.7695188e-01
2.637252882e+00  7.0611616e-01
2.638571508e+00  7.2944833e-01
2.639890794e+00  7.4576597e-01
2.641210739e+00  7.5509802e-01
2.642531345e+00  7.5840357e-01
2.643852610e+00  7.5709092e-01
2.645174537e+00  7.5251849e-01
2.646497124e+00  7.4563051e-01
2.647820372e+00  7.3681082e-01
2.649144283e+00  7.2593455e-01
2.650468855e+00  7.1254679e-01
2.651794089e+00  6.9606420e-01
2.653119986e+00  6.7593719e-01
2.654446546e+00  6.5176093e-01
2.655773770e+00  6.2335683e-01
2.657101656e+00  5.9086535e-01
2.658430207e+00  5.5484846e-01
2.659759422e+00  5.1637728e-01
2.661089302e+00  4.7705165e-01
2.662419847e+00  4.3889358e-01
2.663751057e+00  4.0411697e-01
2.665082932e+00  3.7480579e-01
2.666415474e+00  3.5259171e-01
2.667748681e+00  3.3843092e-01
2.669082556e+00  3.3254787e-01
2.670417097e+00  3.3455724e-01
2.671752306e+00  3.4370088e-01
2.673088182e+00  3.5909612e-01
2.674424726e+00  3.7988497e-01
2.675761938e+00  4.0523999e-01
2.677099819e+00  4.3423863e-01
2.678438369e+00  4.6570039e-01
2.679777588e+00  4.9808941e-01
2.681117477e+00  5.2955532e-01
2.682458036e+00  5.5812821e-01
2.683799265e+00  5.8201821e-01
2.685141164e+00  5.9993871e-01
2.686483735e+00  6.1137407e-01
2.687826977e+00  6.1672625e-01
2.689170890e+00  6.1729730e-01
2.690515476e+00  6.1509121e-01
2.691860734e+00  6.1244105e-01
2.693206664e+00  6.1151850e-01
2.694553267e+00  6.1383193e-01
2.695900544e+00  6.1984477e-01
2.697248494e+00  6.2883730e-01
2.698597118e+00  6.3907725e-01
2.699946417e+00  6.4826405e-01
2.701296390e+00  6.5413519e-01
2.702647038e+00  6.5505707e-01
2.703998362e+00  6.5043084e-01
2.705350361e+00  6.4078744e-01
2.706703036e+00  6.2754353e-01
2.708056388e+00  6.1250142e-01
2.709410416e+00  5.9726961e-01
2.710765121e+00  5.8282130e-01
2.712120504e+00  5.6936849e-01
2.713476564e+00  5.5660525e-01
2.714833302e+00  5.4421746e-01
2.716190719e+00  5.3243176e-01
2.717548814e+00  5.2234795e-01
2.718907589e+00  5.1587458e-01
2.720267042e+00  5.1525225e-01
2.721627176e+00  5.2231370e-01
2.722987990e+00  5.3774136e-01
2.724349484e+00  5.6058889e-01
2.725711658e+00  5.8824709e-01
2.727074514e+00  6.1688394e-01
2.728438051e+00  6.4224831e-01
2.729802270e+00  6.6061789e-01
2.731167172e+00  6.6963738e-01
2.732532755e+00  6.6884331e-01
2.733899021e+00  6.5974521e-01
2.735265971e+00  6.4545882e-01
2.736633604e+00  6.2998505e-01
2.738001921e+00  6.1730349e-01
2.739370922e+00  6.1049373e-01
2.740740607e+00  6.1108939e-01
2.742110978e+00  6.1881661e-01
2.743482033e+00  6.3177275e-01
2.744853774e+00  6.4699550e-01
2.746226201e+00  6.6125576e-01
2.747599314e+00  6.7185060e-01
2.748973114e+00  6.7718344e-01
2.750347600e+00  6.7698284e-01
2.751722774e+00  6.7214294e-01
2.753098635e+00  6.6428058e-01
2.754475185e+00  6.5518955e-01
2.755852422e+00  6.4638558e-01
2.757230349e+00  6.3887178e-01
2.758608964e+00  6.3315318e-01
2.759988268e+00  6.2942893e-01
2.761368262e+00  6.2782536e-01
2.762748946e+00  6.2854109e-01
2.764130321e+00  6.3184394e-01
2.765512386e+00  6.3793425e-01
2.766895142e+00  6.4676692e-01
2.768278590e+00  6.5792562e-01
2.769662729e+00  6.7062579e-01
2.771047561e+00  6.8385216e-01
2.772433084e+00  6.9657742e-01
2.773819301e+00  7.0798555e-01
2.775206210e+00  7.1761902e-01
2.776593814e+00  7.2541814e-01
2.777982111e+00  7.3165712e-01
2.779371102e+00  7.3682655e-01
2.780760787e+00  7.4151331e-01
2.782151168e+00  7.4630916e-01
2.783542243e+00  7.5174941e-01
2.784934014e+00  7.5825218e-01
2.786326481e+00  7.6604101e-01
2.787719644e+00  7.7505326e-01
2.789113504e+00  7.8486650e-01
2.790508061e+00  7.9469599e-01
2.791903315e+00  8.0350062e-01
2.793299267e+00  8.1019448e-01
2.794695916e+00  8.1392454e-01
2.796093264e+00  8.1433553e-01
2.797491311e+00  8.1174214e-01
2.798890057e+00  8.0714412e-01
2.800289502e+00  8.0206044e-01
2.801689646e+00  7.9820702e-01
2.803090491e+00  7.9709964e-01
2.804492036e+00  7.9969009e-01
2.805894282e+00  8.0614424e-01
2.807297230e+00  8.1583439e-01
2.808700878e+00  8.2754713e-01
2.810105229e+00  8.3983725e-01
2.811510281e+00  8.5141528e-01
2.812916036e+00  8.6144750e-01
2.814322494e+00  8.6968914e-01
2.815729656e+00  8.7642984e-01
2.817137521e+00  8.8228992e-01
2.818546089e+00  8.8794560e-01
2.819955362e+00  8.9387107e-01
2.821365340e+00  9.0016682e-01
2.822776023e+00  9.0652218e-01
2.824187411e+00  9.1230918e-01
2.825599504e+00  9.1678123e-01
2.827012304e+00  9.1931531e-01
2.828425810e+00  9.1962575e-01
2.829840023e+00  9.1789031e-01
2.831254943e+00  9.1474621e-01
2.832670571e+00  9.1115678e-01
2.834086906e+00  9.0818209e-01
2.835503949e+00  9.0671838e-01
2.836921701e+00  9.0727678e-01
2.838340162e+00  9.0986450e-01
2.839759332e+00  9.1399808e-01
2.841179212e+00  9.1884398e-01
2.842599802e+00  9.2344375e-01
2.844021101e+00  9.2696300e-01
2.845443112e+00  9.2889469e-01
2.846865834e+00  9.2916970e-01
2.848289267e+00  9.2815024e-01
2.849713411e+00  9.2651468e-01
2.851138268e+00  9.2507070e-01
2.852563837e+00  9.2454689e-01
2.853990119e+00  9.2541760e-01
2.855417114e+00  9.2780073e-01
2.856844823e+00  9.3144996e-01
2.858273245e+00  9.3583506e-01
2.859702382e+00  9.4028461e-01
2.861132233e+00  9.4415188e-01
2.862562799e+00  9.4696302e-01
2.863994080e+00  9.4851648e-01
2.865426077e+00  9.4891407e-01
2.866858790e+00  9.4852088e-01
2.868292220e+00  9.4786645e-01
2.869726366e+00  9.4751136e-01
2.871161229e+00  9.4791506e-01
2.872596810e+00  9.4933447e-01
2.874033108e+00  9.5178089e-01
2.875470125e+00  9.5504037e-01
2.876907860e+00  9.5874903e-01
2.878346314e+00  9.6249608e-01
2.879785487e+00  9.6592545e-01
2.881225379e+00  9.6880717e-01
2.882665992e+00  9.7106406e-01
2.884107325e+00  9.7274959e-01
2.885549379e+00  9.7398960e-01
2.886992154e+00  9.7491007e-01
2.888435650e+00  9.7557319e-01
2.889879867e+00  9.7594749e-01
2.891324807e+00  9.7592198e-01
2.892770470e+00  9.7536243e-01
2.894216855e+00  9.7418984e-01
2.895663963e+00  9.7245215e-01
2.897111795e+00  9.7035936e-01
2.898560351e+00  9.6826393e-01
2.900009631e+00  9.6658793e-01
2.901459636e+00  9.6571749e-01
2.902910366e+00  9.6589857e-01
2.904361821e+00  9.6716941e-01
2.905814002e+00  9.6934859e-01
2.907266909e+00  9.7208127e-01
2.908720543e+00  9.7492551e-01
2.910174903e+00  9.7745146e-01
2.911629990e+00  9.7932608e-01
2.913085805e+00  9.8036721e-01
2.914542348e+00  9.8056233e-01
2.915999619e+00  9.8005612e-01
2.917457619e+00  9.7911449e-01
2.918916348e+00  9.7807220e-01
2.920375806e+00  9.7727004e-01
2.921835994e+00  9.7699063e-01
2.923296912e+00  9.7740291e-01
2.924758561e+00  9.7852967e-01
2.926220940e+00  9.8024717e-01
2.927684050e+00  9.8231804e-01
2.929147892e+00  9.8444829e-01
2.930612466e+00  9.8635130e-01
2.932077773e+00  9.8780105e-01
2.933543811e+00  9.8866285e-01
2.935010583e+00  9.8889966e-01
2.936478089e+00  9.8855844e-01
2.937946328e+00  9.8774813e-01
2.939415301e+00  9.8661589e-01
2.940885009e+00  9.8532685e-01
2.942355451e+00  9.8404788e-01
2.943826629e+00  9.8293280e-01
2.945298542e+00  9.8210885e-01
2.946771191e+00  9.8166503e-01
2.948244577e+00  9.8164414e-01
2.949718699e+00  9.8203943e-01
2.951193559e+00  9.8279601e-01
2.952669155e+00  9.8381457e-01
2.954145490e+00  9.8495615e-01
2.955622563e+00  9.8604855e-01
2.957100374e+00  9.8689795e-01
2.958578924e+00  9.8730897e-01
2.960058214e+00  9.8711586e-01
2.961538243e+00  9.8622124e-01
2.963019012e+00  9.8463339e-01
2.964500521e+00  9.8248921e-01
2.965982772e+00  9.8005052e-01
2.967465763e+00  9.7766806e-01
2.968949496e+00  9.7571737e-01
2.970433971e+00  9.7452211e-01
2.971919188e+00  9.7428654e-01
2.973405147e+00  9.7505729e-01
2.974891850e+00  9.7672484e-01
2.976379296e+00  9.7906150e-01
2.977867485e+00  9.8178077e-01
2.979356419e+00  9.8459767e-01
2.980846097e+00  9.8727413e-01
2.982336520e+00  9.8964086e-01
2.983827689e+00  9.9159856e-01
2.985319602e+00  9.9310629e-01
2.986812262e+00  9.9416642e-01
2.988305668e+00  9.9481218e-01
2.989799821e+00  9.9509962e-01
2.991294721e+00  9.9510149e-01
2.992790368e+00  9.9490096e-01
2.994286764e+00  9.9458292e-01
2.995783907e+00  9.9422326e-01
2.997281799e+00  9.9387912e-01
2.998780440e+00  9.9358244e-01
3.000279830e+00  9.9333869e-01
3.001779970e+00  9.9313010e-01
3.003280860e+00  9.9292114e-01
3.004782500e+00  9.9266416e-01
3.006284892e+00  9.9230405e-01
3.007788034e+00  9.9178383e-01
3.009291928e+00  9.9105367e-01
3.010796574e+00  9.9008477e-01
3.012301972e+00  9.8888609e-01
3.013808123e+00  9.8751760e-01
3.015315027e+00  9.8609216e-01
3.016822685e+00  9.8476024e-01
3.018331096e+00  9.8367730e-01
3.019840262e+00  9.8296178e-01
3.021350182e+00  9.8265636e-01
3.022860857e+00  9.8270786e-01
3.024372288e+00  9.8297372e-01
3.025884474e+00  9.8325773e-01
3.027397416e+00  9.8336299e-01
3.028911115e+00  9.8314789e-01
3.030425570e+00  9.8256566e-01
3.031940783e+00  9.8167444e-01
3.033456753e+00  9.8061360e-01
3.034973482e+00  9.7955307e-01
3.036490968e+00  9.7863211e-01
3.038009214e+00  9.7790810e-01
3.039528219e+00  9.7733292e-01
3.041047983e+00  9.7676731e-01
3.042568507e+00  9.7602916e-01
3.044089791e+00  9.7496266e-01
3.045611836e+00  9.7350413e-01
3.047134642e+00  9.7172372e-01
3.048658209e+00  9.6982623e-01
3.050182538e+00  9.6810813e-01
3.051707629e+00  9.6688200e-01
3.053233483e+00  9.6639029e-01
3.054760100e+00  9.6673460e-01
3.056287480e+00  9.6784371e-01
3.057815624e+00  9.6948973e-01
3.059344532e+00  9.7134694e-01
3.060874204e+00  9.7307474e-01
3.062404641e+00  9.7439848e-01
3.063935843e+00  9.7516582e-01
3.065467811e+00  9.7536425e-01
3.067000545e+00  9.7510057e-01
3.068534045e+00  9.7455240e-01
3.070068312e+00  9.7391038e-01
3.071603347e+00  9.7332959e-01
3.073139148e+00  9.7290308e-01
3.074675718e+00  9.7266106e-01
3.076213056e+00  9.7259042e-01
3.077751162e+00  9.7266068e-01
3.079290038e+00  9.7284421e-01
3.080829683e+00  9.7312273e-01
3.082370098e+00  9.7348139e-01
3.083911283e+00  9.7389806e-01
3.085453238e+00  9.7433757e-01
3.086995965e+00  9.7475504e-01
3.088539463e+00  9.7510525e-01
3.090083733e+00  9.7535239e-01
3.091628774e+00  9.7547094e-01
3.093174589e+00  9.7543815e-01
3.094721176e+00  9.7522244e-01
3.096268537e+00  9.7477678e-01
3.097816671e+00  9.7404521e-01
3.099365579e+00  9.7298287e-01
3.100915262e+00  9.7158407e-01
3.102465720e+00  9.6990758e-01
3.104016953e+00  9.6808723e-01
3.105568961e+00  9.6632248e-01
3.107121746e+00  9.6484771e-01
3.108675306e+00  9.6388838e-01
3.110229644e+00  9.6361245e-01
3.111784759e+00  9.6408942e-01
3.113340651e+00  9.6526721e-01
3.114897322e+00  9.6697441e-01
3.116454770e+00  9.6895275e-01
3.118012998e+00  9.7091237e-01
3.119572004e+00  9.7259998e-01
3.121131790e+00  9.7385834e-01
3.122692356e+00  9.7465718e-01
3.124253702e+00  9.7508274e-01
3.125815829e+00  9.7528752e-01
3.127378737e+00  9.7541730e-01
3.128942426e+00  9.7554334e-01
3.130506898e+00  9.7562501e-01
3.132072151e+00  9.7551887e-01
3.133638187e+00  9.7503037e-01
3.135205006e+00  9.7398939e-01
3.136772609e+00  9.7232386e-01
3.138340995e+00  9.7010389e-01
3.139910166e+00  9.6754471e-01
3.141480121e+00  9.6496584e-01
3.143050861e+00  9.6271764e-01
3.144622386e+00  9.6109687e-01
3.146194697e+00  9.6027220e-01
3.147767795e+00  9.6024084e-01
3.149341679e+00  9.6082667e-01
3.150916349e+00  9.6171986e-01
3.152491808e+00  9.6254339e-01
3.154068053e+00  9.6293027e-01
3.155645088e+00  9.6258451e-01
3.157222910e+00  9.6131993e-01
3.158801521e+00  9.5906838e-01
3.160380922e+00  9.5586399e-01
3.161961113e+00  9.5181197e-01
3.163542093e+00  9.4705273e-01
3.165123864e+00  9.4172542e-01
3.166706426e+00  9.3594238e-01
3.168289779e+00  9.2977470e-01
3.169873924e+00  9.2325180e-01
3.171458861e+00  9.1637470e-01
3.173044591e+00  9.0913665e-01
3.174631113e+00  9.0154816e-01
3.176218429e+00  8.9366286e-01
3.177806538e+00  8.8559371e-01
3.179395441e+00  8.7751427e-01
3.180985139e+00  8.6963723e-01
3.182575631e+00  8.6216858e-01
3.184166919e+00  8.5525127e-01
3.185759003e+00  8.4892183e-01
3.187351882e+00  8.4309603e-01
3.188945558e+00  8.3759348e-01
3.190540031e+00  8.3219145e-01
3.192135301e+00  8.2667817e-01
3.193731369e+00  8.2089136e-01
3.195328234e+00  8.1472912e-01
3.196925898e+00  8.0813698e-01
3.198524361e+00  8.0108793e-01
3.200123623e+00  7.9357034e-01
3.201723685e+00  7.8558647e-01
3.203324547e+00  7.7716973e-01
3.204926209e+00  7.6840511e-01
3.206528673e+00  7.5944095e-01
3.208131937e+00  7.5047764e-01
3.209736003e+00  7.4173107e-01
3.211340871e+00  7.3337947e-01
3.212946541e+00  7.2552147e-01
3.214553015e+00  7.1816382e-01
3.216160291e+00  7.1124503e-01
3.217768371e+00  7.0467854e-01
3.219377255e+00  6.9839154e-01
3.220986944e+00  6.9233986e-01
3.222597437e+00  6.8649707e-01
3.224208736e+00  6.8083248e-01
3.225820841e+00  6.7529256e-01
3.227433751e+00  6.6979432e-01
3.229047468e+00  6.6423497e-01
3.230661992e+00  6.5851543e-01
3.232277323e+00  6.5257663e-01
3.233893461e+00  6.4644360e-01
3.235510408e+00  6.4025645e-01
3.237128163e+00  6.3426522e-01
3.238746727e+00  6.2878047e-01
3.240366101e+00  6.2408687e-01
3.241986284e+00  6.2035746e-01
3.243607277e+00  6.1760983e-01
3.245229080e+00  6.1571672e-01
3.246851695e+00  6.1446112e-01
3.248475121e+00  6.1360975e-01
3.250099358e+00  6.1297440e-01
3.251724408e+00  6.1245366e-01
3.253350270e+00  6.1206154e-01
3.254976945e+00  6.1193614e-01
3.256604434e+00  6.1232169e-01
3.258232736e+00  6.1352104e-01
3.259861852e+00  6.1582545e-01
3.261491783e+00  6.1945082e-01
3.263122529e+00  6.2451671e-01
3.264754091e+00  6.3106748e-01
3.266386468e+00  6.3911192e-01
3.268019661e+00  6.4864298e-01
3.269653671e+00  6.5961077e-01
3.271288497e+00  6.7186707e-01
3.272924142e+00  6.8512348e-01
3.274560604e+00  6.9896016e-01
3.276197884e+00  7.1288408e-01
3.277835983e+00  7.2640945e-01
3.279474901e+00  7.3911037e-01
3.281114638e+00  7.5063299e-01
3.282755196e+00  7.6067810e-01
3.284396573e+00  7.6898503e-01
3.286038772e+00  7.7533131e-01
3.287681791e+00  7.7954266e-01
3.289325632e+00  7.8147824e-01
3.290970295e+00  7.8097967e-01
3.292615780e+00  7.7778723e-01
3.294262088e+00  7.7145308e-01
3.295909219e+00  7.6128738e-01
3.297557173e+00  7.4636774e-01
3.299205952e+00  7.2562148e-01
3.300855555e+00  6.9799406e-01
3.302505983e+00  6.6270794e-01
3.304157236e+00  6.1958838e-01
3.305809314e+00  5.6940490e-01
3.307462219e+00  5.1412737e-01
3.309115950e+00  4.5697757e-01
3.310770508e+00  4.0219315e-01
3.312425893e+00  3.5450348e-01
3.314082106e+00  3.1841431e-01
3.315739147e+00  2.9746432e-01
3.317397017e+00  2.9364293e-01
3.319055716e+00  3.0709814e-01
3.320715243e+00  3.3617876e-01
3.322375601e+00  3.7777456e-01
3.324036789e+00  4.2785210e-01
3.325698807e+00  4.8206236e-01
3.327361657e+00  5.3629952e-01
3.329025337e+00  5.8713018e-01
3.330689850e+00  6.3203339e-01
3.332355195e+00  6.6945855e-01
3.334021373e+00  6.9874113e-01
3.335688383e+00  7.1994540e-01
3.337356227e+00  7.3369486e-01
3.339024906e+00  7.4102191e-01
3.340694418e+00  7.4322856e-01
3.342364765e+00  7.4173134e-01
3.344035948e+00  7.3788728e-01
3.345707966e+00  7.3282727e-01
3.347380820e+00  7.2735491e-01
3.349054510e+00  7.2194516e-01
3.350729037e+00  7.1683392e-01
3.352404402e+00  7.1213912e-01
3.354080604e+00  7.0793850e-01
3.355757644e+00  7.0426901e-01
3.357435523e+00  7.0107754e-01
3.359114241e+00  6.9819206e-01
3.360793798e+00  6.9536457e-01
3.362474195e+00  6.9238533e-01
3.364155432e+00  6.8919996e-01
3.365837510e+00  6.8594774e-01
3.367520428e+00  6.8288479e-01
3.369204189e+00  6.8023217e-01
3.370888791e+00  6.7804221e-01
3.372574235e+00  6.7616783e-01
3.374260522e+00  6.7435011e-01
3.375947653e+00  6.7237194e-01
3.377635626e+00  6.7018419e-01
3.379324444e+00  6.6793741e-01
3.381014106e+00  6.6592002e-01
3.382704613e+00  6.6445979e-01
3.384395966e+00  6.6385267e-01
3.386088164e+00  6.6433596e-01
3.387781208e+00  6.6609027e-01
3.389475098e+00  6.6921794e-01
3.391169836e+00  6.7368222e-01
3.392865421e+00  6.7923926e-01
3.394561854e+00  6.8542356e-01
3.396259135e+00  6.9163290e-01
3.397957264e+00  6.9728678e-01
3.399656243e+00  7.0199540e-01
3.401356071e+00  7.0564491e-01
3.403056749e+00  7.0836059e-01
3.404758277e+00  7.1037611e-01
3.406460656e+00  7.1189315e-01
3.408163887e+00  7.1300773e-01
3.409867969e+00  7.1372283e-01
3.411572903e+00  7.1401698e-01
3.413278689e+00  7.1390247e-01
3.414985328e+00  7.1343586e-01
3.416692821e+00  7.1269621e-01
3.418401168e+00  7.1177801e-01
3.420110368e+00  7.1082921e-01
3.421820423e+00  7.1011389e-01
3.423531334e+00  7.1004108e-01
3.425243099e+00  7.1109954e-01
3.426955721e+00  7.1369295e-01
3.428669199e+00  7.1794572e-01
3.430383533e+00  7.2358850e-01
3.432098725e+00  7.2999903e-01
3.433814774e+00  7.3639840e-01
3.435531682e+00  7.4211892e-01
3.437249448e+00  7.4682366e-01
3.438968072e+00  7.5058768e-01
3.440687556e+00  7.5382640e-01
3.442407900e+00  7.5712885e-01
3.444129104e+00  7.6107597e-01
3.445851169e+00  7.6610568e-01
3.447574094e+00  7.7243973e-01
3.449297881e+00  7.8005425e-01
3.451022530e+00  7.8867056e-01
3.452748041e+00  7.9776849e-01
3.454474415e+00  8.0664474e-01
3.456201653e+00  8.1453444e-01
3.457929753e+00  8.2077929e-01
3.459658718e+00  8.2499792e-01
3.461388548e+00  8.2718677e-01
3.463119242e+00  8.2770461e-01
3.464850802e+00  8.2714505e-01
3.466583227e+00  8.2614816e-01
3.468316519e+00  8.2523061e-01
3.470050677e+00  8.2469063e-01
3.471785702e+00  8.2460781e-01
3.473521595e+00  8.2491010e-01
3.475258356e+00  8.2546340e-01
3.476995985e+00  8.2614555e-01
3.478734483e+00  8.2689403e-01
3.480473850e+00  8.2773336e-01
3.482214087e+00  8.2878747e-01
3.483955194e+00  8.3027745e-01
3.485697172e+00  8.3249510e-01
3.487440020e+00  8.3574401e-01
3.489183740e+00  8.4026076e-01
3.490928332e+00  8.4614222e-01
3.492673796e+00  8.5330975e-01
3.494420133e+00  8.6152426e-01
3.496167343e+00  8.7044473e-01
3.497915427e+00  8.7970553e-01
3.499664385e+00  8.8898015e-01
3.501414217e+00  8.9801382e-01
3.503164924e+00  9.0662142e-01
3.504916507e+00  9.1466517e-01
3.506668965e+00  9.2202514e-01
3.508422299e+00  9.2857311e-01
3.510176510e+00  9.3415259e-01
3.511931599e+00  9.3856529e-01
3.513687565e+00  9.4156475e-01
3.515444408e+00  9.4286034e-01
3.517202131e+00  9.4213939e-01
3.518960732e+00  9.3910781e-01
3.520720212e+00  9.3354631e-01
3.522480572e+00  9.2537028e-01
3.524241812e+00  9.1468123e-01
3.526003933e+00  9.0179835e-01
3.527766935e+00  8.8726079e-01
3.529530819e+00  8.7180225e-01
3.531295584e+00  8.5630006e-01
3.533061232e+00  8.4170648e-01
3.534827763e+00  8.2896920e-01
3.536595176e+00  8.1894691e-01
3.538363474e+00  8.1232540e-01
3.540132656e+00  8.0953833e-01
3.541902722e+00  8.1070241e-01
3.543673673e+00  8.1558186e-01
3.545445510e+00  8.2359372e-01
3.547218233e+00  8.3386643e-01
3.548991842e+00  8.4534724e-01
3.550766338e+00  8.5694437e-01
3.552541721e+00  8.6767643e-01
3.554317992e+00  8.7679751e-01
3.556095151e+00  8.8387499e-01
3.557873199e+00  8.8880730e-01
3.559652135e+00  8.9178203e-01
3.561431961e+00  8.9318898e-01
3.563212677e+00  8.9350764e-01
3.564994284e+00  8.9319580e-01
3.566776781e+00  8.9260403e-01
3.568560169e+00  8.9193566e-01
3.570344449e+00  8.9125988e-01
3.572129621e+00  8.9057026e-01
3.573915686e+00  8.8986515e-01
3.575702644e+00  8.8921869e-01
3.577490495e+00  8.8881526e-01
3.579279241e+00  8.8893264e-01
3.581068880e+00  8.8987868e-01
3.582859415e+00  8.9190255e-01
3.584650844e+00  8.9510807e-01
3.586443170e+00  8.9939645e-01
3.588236391e+00  9.0445416e-01
3.590030510e+00  9.0978967e-01
3.591825525e+00  9.1481473e-01
3.593621438e+00  9.1895441e-01
3.595418248e+00  9.2176825e-01
3.597215958e+00  9.2305743e-01
3.599014565e+00  9.2293081e-01
3.600814073e+00  9.2180636e-01
3.602614480e+00  9.2033350e-01
3.604415787e+00  9.1924569e-01
3.606217995e+00  9.1917639e-01
3.608021104e+00  9.2048889e-01
3.609825114e+00  9.2317321e-01
3.611630027e+00  9.2684854e-01
3.613435842e+00  9.3087420e-01
3.615242560e+00  9.3453638e-01
3.617050181e+00  9.3725497e-01
3.618858706e+00  9.3874386e-01
3.620668136e+00  9.3907561e-01
3.622478470e+00  9.3863273e-01
3.624289709e+00  9.3796272e-01
3.626101854e+00  9.3758742e-01
3.627914905e+00  9.3782971e-01
3.629728862e+00  9.3871310e-01
3.631543727e+00  9.3996554e-01
3.633359499e+00  9.4112514e-01
3.635176178e+00  9.4170926e-01
3.636993766e+00  9.4139459e-01
3.638812263e+00  9.4014843e-01
3.640631669e+00  9.3826993e-01
3.642451985e+00  9.3632550e-01
3.644273211e+00  9.3499586e-01
3.646095348e+00  9.3488039e-01
3.647918395e+00  9.3631836e-01
3.649742355e+00  9.3928435e-01
3.651567226e+00  9.4338994e-01
3.653393009e+00  9.4799233e-01
3.655219706e+00  9.5237219e-01
3.657047316e+00  9.5592653e-01
3.658875840e+00  9.5831748e-01
3.660705277e+00  9.5953638e-01
3.662535630e+00  9.5987035e-01
3.664366898e+00  9.5978697e-01
3.666199081e+00  9.5977634e-01
3.668032181e+00  9.6020009e-01
3.669866197e+00  9.6119120e-01
3.671701130e+00  9.6263187e-01
3.673536981e+00  9.6421257e-01
3.675373749e+00  9.6554813e-01
3.677211436e+00  9.6631230e-01
3.679050042e+00  9.6634674e-01
3.680889567e+00  9.6571175e-01
3.682730012e+00  9.6466543e-01
3.684571377e+00  9.6358154e-01
3.686413662e+00  9.6283392e-01
3.688256869e+00  9.6268614e-01
3.690100997e+00  9.6321868e-01
3.691946048e+00  9.6431351e-01
3.693792021e+00  9.6569715e-01
3.695638917e+00  9.6702433e-01
3.697486736e+00  9.6797536e-01
3.699335480e+00  9.6833937e-01
3.701185148e+00  9.6806365e-01
3.703035740e+00  9.6725939e-01
3.704887258e+00  9.6616633e-01
3.706739702e+00  9.6508723e-01
3.708593071e+00  9.6430930e-01
3.710447368e+00  9.6403296e-01
3.712302592e+00  9.6432372e-01
3.714158743e+00  9.6510082e-01
3.716015822e+00  9.6616382e-01
3.717873830e+00  9.6724981e-01
3.719732767e+00  9.6810506e-01
3.721592634e+00  9.6855179e-01
3.723453430e+00  9.6853165e-01
3.725315157e+00  9.6811532e-01
3.727177814e+00  9.6747683e-01
3.729041403e+00  9.6684242e-01
3.730905924e+00  9.6642927e-01
3.732771377e+00  9.6639174e-01
3.734637762e+00  9.6679028e-01
3.736505081e+00  9.6758861e-01
3.738373334e+00  9.6867716e-01
3.740242521e+00  9.6991295e-01
3.742112642e+00  9.7116123e-01
3.743983698e+00  9.7232607e-01
3.745855690e+00  9.7336082e-01
3.747728618e+00  9.7425826e-01
3.749602482e+00  9.7502779e-01
3.751477283e+00  9.7567143e-01
3.753353022e+00  9.7617049e-01
3.755229699e+00  9.7648943e-01
3.757107313e+00  9.7659438e-01
3.758985867e+00  9.7647733e-01
3.760865360e+00  9.7617302e-01
3.762745793e+00  9.7575996e-01
3.764627166e+00  9.7534377e-01
3.766509479e+00  9.7502900e-01
3.768392734e+00  9.7489052e-01
3.770276930e+00  9.7495447e-01
3.772162069e+00  9.7519431e-01
3.774048150e+00  9.7554123e-01
3.775935174e+00  9.7590422e-01
3.777823141e+00  9.7619224e-01
3.779712053e+00  9.7633353e-01
3.781601909e+00  9.7628872e-01
3.783492710e+00  9.7605679e-01
3.785384456e+00  9.7567431e-01
3.787277149e+00  9.7520928e-01
3.789170787e+00  9.7475088e-01
3.791065372e+00  9.7439593e-01
3.792960905e+00  9.7423414e-01
3.794857386e+00  9.7433365e-01
3.796754814e+00  9.7472865e-01
3.798653192e+00  9.7541160e-01
3.800552518e+00  9.7633184e-01
3.802452795e+00  9.7740208e-01
3.804354021e+00  9.7851254e-01
3.806256198e+00  9.7955052e-01
3.808159326e+00  9.8042168e-01
3.810063406e+00  9.8106825e-01
3.811968437e+00  9.8147843e-01
3.813874422e+00  9.8168483e-01
3.815781359e+00  9.8175062e-01
3.817689250e+00  9.8174621e-01
3.819598094e+00  9.8172185e-01
3.821507893e+00  9.8168357e-01
3.823418647e+00  9.8157942e-01
3.825330357e+00  9.8130109e-01
3.827243022e+00  9.8070270e-01
3.829156643e+00  9.7963454e-01
3.831071222e+00  9.7798570e-01
3.832986757e+00  9.7572709e-01
3.834903251e+00  9.7294440e-01
3.836820702e+00  9.6985061e-01
3.838739112e+00  9.6677060e-01
3.840658482e+00  9.6409554e-01
3.842578811e+00  9.6221297e-01
3.844500101e+00  9.6142703e-01
3.846422351e+00  9.6188896e-01
3.848345562e+00  9.6355845e-01
3.850269735e+00  9.6620787e-01
3.852194870e+00  9.6947043e-01
3.854120967e+00  9.7291872e-01
3.856048027e+00  9.7615185e-01
3.857976051e+00  9.7886782e-01
3.859905040e+00  9.8090445e-01
3.861834992e+00  9.8224278e-01
3.863765910e+00  9.8297885e-01
3.865697792e+00  9.8327583e-01
3.867630641e+00  9.8331248e-01
3.869564457e+00  9.8324057e-01
3.871499239e+00  9.8315828e-01
3.873434989e+00  9.8310298e-01
3.875371706e+00  9.8305926e-01
3.877309392e+00  9.8297868e-01
3.879248047e+00  9.8280423e-01
3.881187671e+00  9.8249304e-01
3.883128264e+00  9.8203209e-01
3.885069829e+00  9.8144236e-01
3.887012364e+00  9.8077038e-01
3.888955870e+00  9.8006920e-01
3.890900348e+00  9.7937689e-01
3.892845798e+00  9.7870026e-01
3.894792221e+00  9.7801377e-01
3.896739617e+00  9.7727577e-01
3.898687987e+00  9.7645790e-01
3.900637331e+00  9.7557577e-01
3.902587649e+00  9.7470635e-01
3.904538943e+00  9.7398162e-01
3.906491213e+00  9.7355670e-01
3.908444458e+00  9.7356263e-01
3.910398680e+00  9.7406088e-01
3.912353880e+00  9.7501822e-01
3.914310057e+00  9.7631265e-01
3.916267212e+00  9.7776913e-01
3.918225345e+00  9.7921126e-01
3.920184458e+00  9.8050937e-01
3.922144550e+00  9.8160735e-01
3.924105622e+00  9.8252024e-01
3.926067675e+00  9.8330767e-01
3.928030709e+00  9.8403692e-01
3.929994724e+00  9.8475230e-01
3.931959722e+00  9.8546194e-01
3.933925702e+00  9.8614351e-01
3.935892665e+00  9.8676188e-01
3.937860611e+00  9.8728801e-01
3.939829541e+00  9.8770988e-01
3.941799456e+00  9.8803381e-01
3.943770356e+00  9.8827918e-01
3.945742241e+00  9.8847206e-01
3.947715112e+00  9.8864186e-01
3.949688970e+00  9.8882009e-01
3.951663814e+00  9.8903794e-01
3.953639646e+00  9.8931857e-01
3.955616466e+00  9.8966543e-01
3.957594274e+00  9.9004916e-01
3.959573071e+00  9.9040163e-01
3.961552858e+00  9.9062260e-01
3.963533634e+00  9.9060105e-01
3.965515401e+00  9.9024711e-01
3.967498159e+00  9.8952562e-01
3.969481908e+00  9.8848029e-01
3.971466649e+00  9.8723908e-01
3.973452382e+00  9.8599602e-01
3.975439108e+00  9.8497269e-01
3.977426828e+00  9.8436873e-01
3.979415541e+00  9.8431483e-01
3.981405249e+00  9.8484163e-01
3.983395952e+00  9.8587298e-01
3.985387650e+00  9.8724403e-01
3.987380343e+00  9.8873791e-01
3.989374034e+00  9.9012886e-01
3.991368721e+00  9.9122152e-01
3.993364405e+00  9.9187909e-01
3.995361087e+00  9.9203874e-01
3.997358768e+00  9.9171636e-01
3.999357447e+00  9.9100279e-01
4.001357126e+00  9.9005206e-01
4.003357804e+00  9.8906045e-01
4.005359483e+00  9.8823545e-01
4.007362163e+00  9.8775784e-01
4.009365844e+00  9.8774438e-01
4.011370527e+00  9.8822166e-01
4.013376212e+00  9.8911943e-01
4.015382900e+00  9.9028658e-01
4.017390592e+00  9.9152503e-01
4.019399287e+00  9.9263154e-01
4.021408987e+00  9.9343669e-01
4.023419691e+00  9.9383195e-01
4.025431401e+00  9.9378234e-01
4.027444117e+00  9.9332549e-01
4.029457839e+00  9.9256011e-01
4.031472568e+00  9.9162790e-01
4.033488304e+00  9.9069125e-01
4.035505048e+00  9.8990900e-01
4.037522801e+00  9.8941287e-01
4.039541562e+00  9.8928782e-01
4.041561333e+00  9.8956008e-01
4.043582114e+00  9.9019542e-01
4.045603905e+00  9.9110859e-01
4.047626707e+00  9.9218171e-01
4.049650520e+00  9.9328738e-01
4.051675345e+00  9.9431087e-01
4.053701183e+00  9.9516678e-01
4.055728033e+00  9.9580721e-01
4.057755897e+00  9.9622070e-01
4.059784775e+00  9.9642469e-01
4.061814668e+00  9.9645460e-01
4.063845575e+00  9.9635343e-01
4.065877498e+00  9.9616448e-01
4.067910437e+00  9.9592834e-01
4.069944392e+00  9.9568320e-01
4.071979364e+00  9.9546599e-01
4.074015354e+00  9.9531214e-01
4.076052361e+00  9.9525222e-01
4.078090388e+00  9.9530631e-01
4.080129433e+00  9.9547817e-01
4.082169498e+00  9.9575266e-01
4.084210582e+00  9.9609799e-01
4.086252688e+00  9.9647262e-01
4.088295814e+00  9.9683452e-01
4.090339962e+00  9.9714885e-01
4.092385132e+00  9.9739156e-01
4.094431324e+00  9.9754845e-01
4.096478540e+00  9.9761133e-01
4.098526779e+00  9.9757468e-01
4.100576043e+00  9.9743541e-01
4.102626331e+00  9.9719647e-01
4.104677644e+00  9.9687276e-01
4.106729983e+00  9.9649580e-01
4.108783348e+00  9.9611399e-01
4.110837739e+00  9.9578644e-01
4.112893158e+00  9.9557168e-01
4.114949605e+00  9.9551428e-01
4.117007080e+00  9.9563413e-01
4.119065583e+00  9.9592187e-01
4.121125116e+00  9.9634180e-01
4.123185678e+00  9.9684091e-01
4.125247271e+00  9.9736060e-01
4.127309895e+00  9.9784735e-01
4.129373550e+00  9.9825972e-01
4.131438237e+00  9.9857100e-01
4.133503956e+00  9.9876838e-01
4.135570708e+00  9.9885053e-01
4.137638493e+00  9.9882533e-01
4.139707312e+00  9.9870842e-01
4.141777166e+00  9.9852266e-01
4.143848055e+00  9.9829747e-01
4.145919979e+00  9.9806703e-01
4.147992939e+00  9.9786693e-01
4.150066935e+00  9.9772933e-01
4.152141969e+00  9.9767770e-01
4.154218040e+00  9.9772260e-01
4.156295149e+00  9.9785981e-01
4.158373296e+00  9.9807153e-01
4.160452483e+00  9.9833038e-01
4.162532709e+00  9.9860489e-01
4.164613975e+00  9.9886523e-01
4.166696282e+00  9.9908747e-01
4.168779631e+00  9.9925585e-01
4.170864020e+00  9.9936306e-01
4.172949452e+00  9.9940912e-01
4.175035927e+00  9.9939987e-01
4.177123445e+00  9.9934546e-01
4.179212007e+00  9.9925928e-01
4.181301613e+00  9.9915710e-01
4.183392264e+00  9.9905585e-01
4.185483960e+00  9.9897206e-01
4.187576702e+00  9.9891970e-01
4.189670490e+00  9.9890804e-01
4.191765325e+00  9.9894006e-01
4.193861208e+00  9.9901198e-01
4.195958139e+00  9.9911414e-01
4.198056118e+00  9.9923306e-01
4.200155146e+00  9.9935403e-01
4.202255223e+00  9.9946365e-01
4.204356351e+00  9.9955147e-01
4.206458529e+00  9.9961082e-01
4.208561758e+00  9.9963875e-01
4.210666039e+00  9.9963542e-01
4.212771372e+00  9.9960351e-01
4.214877758e+00  9.9954776e-01
4.216985197e+00  9.9947471e-01
4.219093689e+00  9.9939252e-01
4.221203236e+00  9.9931059e-01
4.223313838e+00  9.9923886e-01
4.225425495e+00  9.9918667e-01
4.227538207e+00  9.9916134e-01
4.229651977e+00  9.9916690e-01
4.231766803e+00  9.9920316e-01
4.233882686e+00  9.9926571e-01
4.235999627e+00  9.9934659e-01
4.238117627e+00  9.9943587e-01
4.240236686e+00  9.9952344e-01
4.242356804e+00  9.9960069e-01
4.244477983e+00  9.9966166e-01
4.246600222e+00  9.9970353e-01
4.248723522e+00  9.9972637e-01
4.250847884e+00  9.9973261e-01
4.252973307e+00  9.9972612e-01
4.255099794e+00  9.9971149e-01
4.257227344e+00  9.9969333e-01
4.259355958e+00  9.9967583e-01
4.261485636e+00  9.9966239e-01
4.263616379e+00  9.9965551e-01
4.265748187e+00  9.9965670e-01
4.267881061e+00  9.9966647e-01
4.270015001e+00  9.9968434e-01
4.272150009e+00  9.9970902e-01
4.274286084e+00  9.9973850e-01
4.276423227e+00  9.9977030e-01
4.278561438e+00  9.9980186e-01
4.280700719e+00  9.9983082e-01
4.282841070e+00  9.9985534e-01
4.284982490e+00  9.9987425e-01
4.287124981e+00  9.9988705e-01
4.289268544e+00  9.9989382e-01
4.291413178e+00  9.9989489e-01
4.293558885e+00  9.9989073e-01
4.295705664e+00  9.9988172e-01
4.297853517e+00  9.9986816e-01
4.300002444e+00  9.9985030e-01
4.302152445e+00  9.9982863e-01
4.304303521e+00  9.9980400e-01
4.306455673e+00  9.9977786e-01
4.308608901e+00  9.9975228e-01
4.310763205e+00  9.9972980e-01
4.312918587e+00  9.9971309e-01
4.315075046e+00  9.9970443e-01
4.317232584e+00  9.9970517e-01
4.319391200e+00  9.9971541e-01
4.321550896e+00  9.9973389e-01
4.323711671e+00  9.9975823e-01
4.325873527e+00  9.9978541e-01
4.328036464e+00  9.9981239e-01
4.330200482e+00  9.9983660e-01
4.332365582e+00  9.9985634e-01
4.334531765e+00  9.9987079e-01
4.336699031e+00  9.9987995e-01
4.338867380e+00  9.9988440e-01
4.341036814e+00  9.9988504e-01
4.343207332e+00  9.9988287e-01
4.345378936e+00  9.9987887e-01
4.347551625e+00  9.9987394e-01
4.349725401e+00  9.9986875e-01
4.351900264e+00  9.9986381e-01
4.354076214e+00  9.9985936e-01
4.356253252e+00  9.9985540e-01
4.358431379e+00  9.9985169e-01
4.360610595e+00  9.9984785e-01
4.362790900e+00  9.9984344e-01
4.364972295e+00  9.9983811e-01
4.367154781e+00  9.9983162e-01
4.369338359e+00  9.9982395e-01
4.371523028e+00  9.9981520e-01
4.373708790e+00  9.9980557e-01
4.375895644e+00  9.9979523e-01
4.378083592e+00  9.9978435e-01
4.380272634e+00  9.9977301e-01
4.382462770e+00  9.9976129e-01
4.384654001e+00  9.9974929e-01
4.386846328e+00  9.9973714e-01
4.389039751e+00  9.9972504e-01
4.391234271e+00  9.9971317e-01
4.393429888e+00  9.9970165e-01
4.395626603e+00  9.9969052e-01
4.397824417e+00  9.9967967e-01
4.400023329e+00  9.9966891e-01
4.402223341e+00  9.9965799e-01
4.404424452e+00  9.9964670e-01
4.406626664e+00  9.9963494e-01
4.408829978e+00  9.9962262e-01
4.411034393e+00  9.9960969e-01
4.413239910e+00  9.9959604e-01
4.415446530e+00  9.9958156e-01
4.417654253e+00  9.9956627e-01
4.419863080e+00  9.9955040e-01
4.422073012e+00  9.9953454e-01
4.424284048e+00  9.9951952e-01
4.426496190e+00  9.9950631e-01
4.428709438e+00  9.9949580e-01
4.430923793e+00  9.9948871e-01
4.433139255e+00  9.9948552e-01
4.435355825e+00  9.9948646e-01
4.437573503e+00  9.9949145e-01
4.439792289e+00  9.9950006e-01
4.442012186e+00  9.9951145e-01
4.444233192e+00  9.9952439e-01
4.446455308e+00  9.9953753e-01
4.448678536e+00  9.9954957e-01
4.450902875e+00  9.9955957e-01
4.453128327e+00  9.9956702e-01
4.455354891e+00  9.9957190e-01
4.457582568e+00  9.9957456e-01
4.459811359e+00  9.9957572e-01
4.462041265e+00  9.9957639e-01
4.464272286e+00  9.9957778e-01
4.466504422e+00  9.9958112e-01
4.468737674e+00  9.9958733e-01
4.470972043e+00  9.9959683e-01
4.473207529e+00  9.9960941e-01
4.475444133e+00  9.9962441e-01
4.477681855e+00  9.9964097e-01
4.479920696e+00  9.9965831e-01
4.482160656e+00  9.9967592e-01
4.484401736e+00  9.9969351e-01
4.486643937e+00  9.9971092e-01
4.488887259e+00  9.9972792e-01
4.491131703e+00  9.9974423e-01
4.493377269e+00  9.9975951e-01
4.495623957e+00  9.9977347e-01
4.497871769e+00  9.9978590e-01
4.500120705e+00  9.9979667e-01
4.502370766e+00  9.9980576e-01
4.504621951e+00  9.9981323e-01
4.506874262e+00  9.9981922e-01
4.509127699e+00  9.9982393e-01
4.511382263e+00  9.9982752e-01
4.513637954e+00  9.9982988e-01
4.515894773e+00  9.9983029e-01
4.518152720e+00  9.9982710e-01
4.520411797e+00  9.9981739e-01
4.522672003e+00  9.9979691e-01
4.524933339e+00  9.9976026e-01
4.527195805e+00  9.9970155e-01
4.529459403e+00  9.9961569e-01
4.531724133e+00  9.9950009e-01
4.533989995e+00  9.9935662e-01
4.536256990e+00  9.9919306e-01
4.538525119e+00  9.9902344e-01
4.540794381e+00  9.9886659e-01
4.543064778e+00  9.9874299e-01
4.545336311e+00  9.9867049e-01
4.547608979e+00  9.9866009e-01
4.549882783e+00  9.9871329e-01
4.552157725e+00  9.9882168e-01
4.554433804e+00  9.9896912e-01
4.556711020e+00  9.9913556e-01
4.558989376e+00  9.9930131e-01
4.561268871e+00  9.9945061e-01
4.563549505e+00  9.9957354e-01
4.565831280e+00  9.9966632e-01
4.568114195e+00  9.9973022e-01
4.570398253e+00  9.9976991e-01
4.572683452e+00  9.9979156e-01
4.574969793e+00  9.9980135e-01
4.577257278e+00  9.9980447e-01
4.579545907e+00  9.9980457e-01
4.581835680e+00  9.9980366e-01
4.584126598e+00  9.9980237e-01
4.586418661e+00  9.9980033e-01
4.588711870e+00  9.9979665e-01
4.591006226e+00  9.9979042e-01
4.593301729e+00  9.9978105e-01
4.595598380e+00  9.9976851e-01
4.597896179e+00  9.9975342e-01
4.600195128e+00  9.9973692e-01
4.602495225e+00  9.9972035e-01
4.604796473e+00  9.9970490e-01
4.607098871e+00  9.9969120e-01
4.609402420e+00  9.9967911e-01
4.611707122e+00  9.9966782e-01
4.614012975e+00  9.9965623e-01
4.616319982e+00  9.9964348e-01
4.618628142e+00  9.9962953e-01
4.620937456e+00  9.9961528e-01
4.623247924e+00  9.9960240e-01
4.625559548e+00  9.9959267e-01
4.627872328e+00  9.9958722e-01
4.630186264e+00  9.9958601e-01
4.632501358e+00  9.9958776e-01
4.634817608e+00  9.9959036e-01
4.637135017e+00  9.9959155e-01
4.639453584e+00  9.9958955e-01
4.641773311e+00  9.9958348e-01
4.644094198e+00  9.9957326e-01
4.646416245e+00  9.9955941e-01
4.648739453e+00  9.9954266e-01
4.651063823e+00  9.9952366e-01
4.653389355e+00  9.9950283e-01
4.655716049e+00  9.9948009e-01
4.658043908e+00  9.9945475e-01
4.660372929e+00  9.9942533e-01
4.662703116e+00  9.9938978e-01
4.665034467e+00  9.9934618e-01
4.667366985e+00  9.9929390e-01
4.669700668e+00  9.9923486e-01
4.672035519e+00  9.9917429e-01
4.674371536e+00  9.9912044e-01
4.676708722e+00  9.9908295e-01
4.679047076e+00  9.9907035e-01
4.681386600e+00  9.9908743e-01
4.683727293e+00  9.9913350e-01
4.686069157e+00  9.9920222e-01
4.688412191e+00  9.9928319e-01
4.690756398e+00  9.9936464e-01
4.693101776e+00  9.9943627e-01
4.695448327e+00  9.9949142e-01
4.697796051e+00  9.9952792e-01
4.700144949e+00  9.9954749e-01
4.702495021e+00  9.9955434e-01
4.704846269e+00  9.9955333e-01
4.707198692e+00  9.9954855e-01
4.709552291e+00  9.9954250e-01
4.711907067e+00  9.9953608e-01
4.714263021e+00  9.9952912e-01
4.716620153e+00  9.9952121e-01
4.718978463e+00  9.9951240e-01
4.721337952e+00  9.9950345e-01
4.723698621e+00  9.9949567e-01
4.726060470e+00  9.9949031e-01
4.728423500e+00  9.9948790e-01
4.730787712e+00  9.9948783e-01
4.733153106e+00  9.9948845e-01
4.735519683e+00  9.9948771e-01
4.737887442e+00  9.9948399e-01
4.740256386e+00  9.9947694e-01
4.742626514e+00  9.9946760e-01
4.744997828e+00  9.9945810e-01
4.747370326e+00  9.9945075e-01
4.749744012e+00  9.9944711e-01
4.752118884e+00  9.9944728e-01
4.754494943e+00  9.9944968e-01
4.756872191e+00  9.9945118e-01
4.759250627e+00  9.9944741e-01
4.761630252e+00  9.9943305e-01
4.764011067e+00  9.9940224e-01
4.766393073e+00  9.9934924e-01
4.768776269e+00  9.9926967e-01
4.771160657e+00  9.9916229e-01
4.773546238e+00  9.9903085e-01
4.775933011e+00  9.9888536e-01
4.778320977e+00  9.9874171e-01
4.780710138e+00  9.9861934e-01
4.783100493e+00  9.9853731e-01
4.785492043e+00  9.9850969e-01
4.787884789e+00  9.9854187e-01
4.790278731e+00  9.9862898e-01
4.792673871e+00  9.9875692e-01
4.795070208e+00  9.9890562e-01
4.797467743e+00  9.9905332e-01
4.799866477e+00  9.9918050e-01
4.802266410e+00  9.9927263e-01
4.804667543e+00  9.9932139e-01
4.807069877e+00  9.9932452e-01
4.809473412e+00  9.9928457e-01
4.811878149e+00  9.9920704e-01
4.814284088e+00  9.9909780e-01
4.816691230e+00  9.9896017e-01
4.819099575e+00  9.9879210e-01
4.821509125e+00  9.9858451e-01
4.823919880e+00  9.9832209e-01
4.826331840e+00  9.9798738e-01
4.828745006e+00  9.9756765e-01
4.831159378e+00  9.9706303e-01
4.833574958e+00  9.9649295e-01
4.835991745e+00  9.9589807e-01
4.838409741e+00  9.9533611e-01
4.840828946e+00  9.9487212e-01
4.843249360e+00  9.9456568e-01
4.845670985e+00  9.9445891e-01
4.848093821e+00  9.9456825e-01
4.850517867e+00  9.9488217e-01
4.852943126e+00  9.9536456e-01
4.855369598e+00  9.9596196e-01
4.857797283e+00  9.9661261e-01
4.860226181e+00  9.9725495e-01
4.862656295e+00  9.9783392e-01
4.865087623e+00  9.9830451e-01
4.867520166e+00  9.9863240e-01
4.869953927e+00  9.9879290e-01
4.872388904e+00  9.9876945e-01
4.874825098e+00  9.9855350e-01
4.877262511e+00  9.9814676e-01
4.879701142e+00  9.9756557e-01
4.882140992e+00  9.9684583e-01
4.884582063e+00  9.9604586e-01
4.887024354e+00  9.9524445e-01
4.889467866e+00  9.9453248e-01
4.891912600e+00  9.9399906e-01
4.894358556e+00  9.9371504e-01
4.896805736e+00  9.9371840e-01
4.899254138e+00  9.9400583e-01
4.901703765e+00  9.9453308e-01
4.904154617e+00  9.9522393e-01
4.906606695e+00  9.9598511e-01
4.909059998e+00  9.9672273e-01
4.911514528e+00  9.9735673e-01
4.913970285e+00  9.9782984e-01
4.916427270e+00  9.9811144e-01
4.918885484e+00  9.9819639e-01
4.921344927e+00  9.9810039e-01
4.923805599e+00  9.9785280e-01
4.926267502e+00  9.9748738e-01
4.928730636e+00  9.9703187e-01
4.931195001e+00  9.9649799e-01
4.933660599e+00  9.9587519e-01
4.936127429e+00  9.9513173e-01
4.938595493e+00  9.9422574e-01
4.941064790e+00  9.9312555e-01
4.943535323e+00  9.9183419e-01
4.946007090e+00  9.9040953e-01
4.948480094e+00  9.8897076e-01
4.950954334e+00  9.8768476e-01
4.953429811e+00  9.8673334e-01
4.955906526e+00  9.8626982e-01
4.958384479e+00  9.8637815e-01
4.960863672e+00  9.8704954e-01
4.963344103e+00  9.8818420e-01
4.965825776e+00  9.8961777e-01
4.968308688e+00  9.9116237e-01
4.970792843e+00  9.9264805e-01
4.973278239e+00  9.9395174e-01
4.975764878e+00  9.9500606e-01
4.978252761e+00  9.9579050e-01
4.980741887e+00  9.9631205e-01
4.983232258e+00  9.9658352e-01
4.985723874e+00  9.9660809e-01
4.988216736e+00  9.9637187e-01
4.990710844e+00  9.9584317e-01
4.993206200e+00  9.9497496e-01
4.995702803e+00  9.9370849e-01
4.998200654e+00  9.9197885e-01
5.000699755e+00  9.8972633e-01
5.003200105e+00  9.8691752e-01
5.005701705e+00  9.8357605e-01
5.008204556e+00  9.7981573e-01
5.010708658e+00  9.7586304e-01
5.013214012e+00  9.7205333e-01
5.015720619e+00  9.6879300e-01
5.018228479e+00  9.6648961e-01
5.020737594e+00  9.6546796e-01
5.023247962e+00  9.6589617e-01
5.025759586e+00  9.6774537e-01
5.028272466e+00  9.7079509e-01
5.030786602e+00  9.7468161e-01
5.033301996e+00  9.7897340e-01
5.035818647e+00  9.8325084e-01
5.038336556e+00  9.8717085e-01
5.040855724e+00  9.9050344e-01
5.043376152e+00  9.9313862e-01
5.045897840e+00  9.9506850e-01
5.048420789e+00  9.9635464e-01
5.050945000e+00  9.9709051e-01
5.053470472e+00  9.9736700e-01
5.055997207e+00  9.9724698e-01
5.058525206e+00  9.9675205e-01
5.061054469e+00  9.9586418e-01
5.063584996e+00  9.9454266e-01
5.066116788e+00  9.9275462e-01
5.068649847e+00  9.9051219e-01
5.071184172e+00  9.8790596e-01
5.073719764e+00  9.8512106e-01
5.076256624e+00  9.8242524e-01
5.078794752e+00  9.8012671e-01
5.081334149e+00  9.7850903e-01
5.083874816e+00  9.7776291e-01
5.086416754e+00  9.7793684e-01
5.088959962e+00  9.7892357e-01
5.091504442e+00  9.8048708e-01
5.094050194e+00  9.8232119e-01
5.096597219e+00  9.8412035e-01
5.099145518e+00  9.8564295e-01
5.101695091e+00  9.8674528e-01
5.104245938e+00  9.8738460e-01
5.106798061e+00  9.8758915e-01
5.109351460e+00  9.8740609e-01
5.111906136e+00  9.8684202e-01
5.114462089e+00  9.8581335e-01
5.117019320e+00  9.8412370e-01
5.119577830e+00  9.8148080e-01
5.122137619e+00  9.7755682e-01
5.124698688e+00  9.7208416e-01
5.127261037e+00  9.6496635e-01
5.129824667e+00  9.5637565e-01
5.132389580e+00  9.4680672e-01
5.134955775e+00  9.3706290e-01
5.137523252e+00  9.2816519e-01
5.140092014e+00  9.2119446e-01
5.142662060e+00  9.1709536e-01
5.145233391e+00  9.1648692e-01
5.147806008e+00  9.1952738e-01
5.150379911e+00  9.2587412e-01
5.152955101e+00  9.3474965e-01
5.155531578e+00  9.4510068e-01
5.158109344e+00  9.5580486e-01
5.160688399e+00  9.6586708e-01
5.163268743e+00  9.7455740e-01
5.165850377e+00  9.8145790e-01
5.168433303e+00  9.8642534e-01
5.171017519e+00  9.8949504e-01
5.173603028e+00  9.9076675e-01
5.176189829e+00  9.9031093e-01
5.178777924e+00  9.8812255e-01
5.181367313e+00  9.8413121e-01
5.183957997e+00  9.7825921e-01
5.186549976e+00  9.7050621e-01
5.189143251e+00  9.6102920e-01
5.191737823e+00  9.5019449e-01
5.194333692e+00  9.3858138e-01
5.196930858e+00  9.2694088e-01
5.199529324e+00  9.1611858e-01
5.202129088e+00  9.0695966e-01
5.204730153e+00  9.0020724e-01
5.207332518e+00  8.9640419e-01
5.209936184e+00  8.9579753e-01
5.212541152e+00  8.9826580e-01
5.215147423e+00  9.0329359e-01
5.217754997e+00  9.1002326e-01
5.220363874e+00  9.1739759e-01
5.222974056e+00  9.2437286e-01
5.225585543e+00  9.3014959e-01
5.228198336e+00  9.3434520e-01
5.230812435e+00  9.3705308e-01
5.233427841e+00  9.3876560e-01
5.236044555e+00  9.4018945e-01
5.238662578e+00  9.4201669e-01
5.241281909e+00  9.4472672e-01
5.243902550e+00  9.4846708e-01
5.246524501e+00  9.5303764e-01
5.249147763e+00  9.5795931e-01
5.251772337e+00  9.6259286e-01
5.254398223e+00  9.6627092e-01
5.257025422e+00  9.6841443e-01
5.259653935e+00  9.6862121e-01
5.262283762e+00  9.6671669e-01
5.264914904e+00  9.6276580e-01
5.267547361e+00  9.5704605e-01
5.270181135e+00  9.4998827e-01
5.272816226e+00  9.4210706e-01
5.275452634e+00  9.3394045e-01
5.278090360e+00  9.2602151e-01
5.280729405e+00  9.1888149e-01
5.283369770e+00  9.1306272e-01
5.286011455e+00  9.0910843e-01
5.288654461e+00  9.0750648e-01
5.291298788e+00  9.0859157e-01
5.293944437e+00  9.1244091e-01
5.296591410e+00  9.1881286e-01
5.299239705e+00  9.2716133e-01
5.301889325e+00  9.3672966e-01
5.304540270e+00  9.4668836e-01
5.307192540e+00  9.5627178e-01
5.309846136e+00  9.6486491e-01
5.312501059e+00  9.7202542e-01
5.315157310e+00  9.7744327e-01
5.317814888e+00  9.8086299e-01
5.320473796e+00  9.8199861e-01
5.323134033e+00  9.8047107e-01
5.325795600e+00  9.7579553e-01
5.328458498e+00  9.6743996e-01
5.331122727e+00  9.5496461e-01
5.333788288e+00  9.3822834e-01
5.336455182e+00  9.1762002e-01
5.339123410e+00  8.9423687e-01
5.341792972e+00  8.6992828e-01
5.344463868e+00  8.4713957e-01
5.347136100e+00  8.2854930e-01
5.349809668e+00  8.1656522e-01
5.352484573e+00  8.1281467e-01
5.355160815e+00  8.1777507e-01
5.357838396e+00  8.3066654e-01
5.360517315e+00  8.4964123e-01
5.363197573e+00  8.7220480e-01
5.365879172e+00  8.9574226e-01
5.368562112e+00  9.1799397e-01
5.371246393e+00  9.3736686e-01
5.373932016e+00  9.5302797e-01
5.376618982e+00  9.6480910e-01
5.379307292e+00  9.7298813e-01
5.381996945e+00  9.7803307e-01
5.384687944e+00  9.8037744e-01
5.387380288e+00  9.8026707e-01
5.390073978e+00  9.7769230e-01
5.392769015e+00  9.7240035e-01
5.395465399e+00  9.6397921e-01
5.398163132e+00  9.5200236e-01
5.400862214e+00  9.3621867e-01
5.403562645e+00  9.1676086e-01
5.406264426e+00  8.9432737e-01
5.408967558e+00  8.7027615e-01
5.411672042e+00  8.4657476e-01
5.414377878e+00  8.2556715e-01
5.417085067e+00  8.0957770e-01
5.419793609e+00  8.0043851e-01
5.422503506e+00  7.9906184e-01
5.425214758e+00  8.0519575e-01
5.427927365e+00  8.1744250e-01
5.430641329e+00  8.3353431e-01
5.433356650e+00  8.5077524e-01
5.436073328e+00  8.6650656e-01
5.438791365e+00  8.7847320e-01
5.441510760e+00  8.8503476e-01
5.444231516e+00  8.8524348e-01
5.446953632e+00  8.7885799e-01
5.449677108e+00  8.6635297e-01
5.452401947e+00  8.4893134e-01
5.455128148e+00  8.2849043e-01
5.457855712e+00  8.0747180e-01
5.460584640e+00  7.8856052e-01
5.463314932e+00  7.7427041e-01
5.466046590e+00  7.6652031e-01
5.468779613e+00  7.6632688e-01
5.471514003e+00  7.7370118e-01
5.474249760e+00  7.8776002e-01
5.476986885e+00  8.0698714e-01
5.479725378e+00  8.2954652e-01
5.482465241e+00  8.5355884e-01
5.485206473e+00  8.7730008e-01
5.487949077e+00  8.9931342e-01
5.490693051e+00  9.1846103e-01
5.493438398e+00  9.3393567e-01
5.496185117e+00  9.4524864e-01
5.498933209e+00  9.5220460e-01
5.501682676e+00  9.5487540e-01
5.504433517e+00  9.5358718e-01
5.507185734e+00  9.4891721e-01
5.509939327e+00  9.4169269e-01
5.512694297e+00  9.3295905e-01
5.515450644e+00  9.2388880e-01
5.518208369e+00  9.1561782e-01
5.520967473e+00  9.0903433e-01
5.523727957e+00  9.0457497e-01
5.526489821e+00  9.0209861e-01
5.529253066e+00  9.0088954e-01
5.532017692e+00  8.9980814e-01
5.534783701e+00  8.9755685e-01
5.537551093e+00  8.9299012e-01
5.540319869e+00  8.8538235e-01
5.543090029e+00  8.7457706e-01
5.545861574e+00  8.6097330e-01
5.548634504e+00  8.4536109e-01
5.551408822e+00  8.2865857e-01
5.554184526e+00  8.1165242e-01
5.556961618e+00  7.9484208e-01
5.559740099e+00  7.7845733e-01
5.562519969e+00  7.6265113e-01
5.565301229e+00  7.4777897e-01
5.568083880e+00  7.3463357e-01
5.570867922e+00  7.2449276e-01
5.573653356e+00  7.1891242e-01
5.576440182e+00  7.1930286e-01
5.579228403e+00  7.2643113e-01
5.582018017e+00  7.4003686e-01
5.584809026e+00  7.5872137e-01
5.587601430e+00  7.8016511e-01
5.590395231e+00  8.0160396e-01
5.593190429e+00  8.2041266e-01
5.595987024e+00  8.3461116e-01
5.598785017e+00  8.4315850e-01
5.601584410e+00  8.4598257e-01
5.604385202e+00  8.4376763e-01
5.607187395e+00  8.3758945e-01
5.609990988e+00  8.2850112e-01
5.612795984e+00  8.1717810e-01
5.615602382e+00  8.0371581e-01
5.618410183e+00  7.8764632e-01
5.621219388e+00  7.6819990e-01
5.624029998e+00  7.4474990e-01
5.626842013e+00  7.1732700e-01
5.629655434e+00  6.8702320e-01
5.632470261e+00  6.5611974e-01
5.635286497e+00  6.2784055e-01
5.638104140e+00  6.0576217e-01
5.640923192e+00  5.9302415e-01
5.643743654e+00  5.9157064e-01
5.646565525e+00  6.0164401e-01
5.649388808e+00  6.2168073e-01
5.652213503e+00  6.4863282e-01
5.655039609e+00  6.7862303e-01
5.657867129e+00  7.0774909e-01
5.660696063e+00  7.3283839e-01
5.663526411e+00  7.5197430e-01
5.666358174e+00  7.6468587e-01
5.669191353e+00  7.7178368e-01
5.672025949e+00  7.7491370e-01
5.674861962e+00  7.7597315e-01
5.677699393e+00  7.7654970e-01
5.680538242e+00  7.7753002e-01
5.683378511e+00  7.7893700e-01
5.686220201e+00  7.7999978e-01
5.689063311e+00  7.7939390e-01
5.691907842e+00  7.7557945e-01
5.694753796e+00  7.6717120e-01
5.697601173e+00  7.5329466e-01
5.700449974e+00  7.3387557e-01
5.703300199e+00  7.0980060e-01
5.706151849e+00  6.8288659e-01
5.709004925e+00  6.5562217e-01
5.711859427e+00  6.3070930e-01
5.714715357e+00  6.1050440e-01
5.717572715e+00  5.9650481e-01
5.720431501e+00  5.8903373e-01
5.723291717e+00  5.8721124e-01
5.726153363e+00  5.8922307e-01
5.729016439e+00  5.9279573e-01
5.731880948e+00  5.9573469e-01
5.734746888e+00  5.9636415e-01
5.737614261e+00  5.9375527e-01
5.740483069e+00  5.8771886e-01
5.743353310e+00  5.7861996e-01
5.746224987e+00  5.6714503e-01
5.749098099e+00  5.5414441e-01
5.751972648e+00  5.4062170e-01
5.754848635e+00  5.2783728e-01
5.757726059e+00  5.1742012e-01
5.760604922e+00  5.1134660e-01
5.763485224e+00  5.1171111e-01
5.766366967e+00  5.2030743e-01
5.769250151e+00  5.3814797e-01
5.772134776e+00  5.6508784e-01
5.775020843e+00  5.9969669e-01
5.777908353e+00  6.3941203e-01
5.780797308e+00  6.8092372e-01
5.783687706e+00  7.2066636e-01
5.786579550e+00  7.5527940e-01
5.789472840e+00  7.8194465e-01
5.792367576e+00  7.9856470e-01
5.795263760e+00  8.0381381e-01
5.798161392e+00  7.9713155e-01
5.801060473e+00  7.7873481e-01
5.803961003e+00  7.4968764e-01
5.806862983e+00  7.1200590e-01
5.809766415e+00  6.6871910e-01
5.812671298e+00  6.2377463e-01
5.815577634e+00  5.8169548e-01
5.818485423e+00  5.4698628e-01
5.821394665e+00  5.2338604e-01
5.824305363e+00  5.1314138e-01
5.827217515e+00  5.1650307e-01
5.830131124e+00  5.3159787e-01
5.833046190e+00  5.5472557e-01
5.835962713e+00  5.8102342e-01
5.838880694e+00  6.0534294e-01
5.841800134e+00  6.2314367e-01
5.844721035e+00  6.3121252e-01
5.847643395e+00  6.2806913e-01
5.850567217e+00  6.1398851e-01
5.853492500e+00  5.9067273e-01
5.856419247e+00  5.6067970e-01
5.859347456e+00  5.2678309e-01
5.862277130e+00  4.9144138e-01
5.865208268e+00  4.5651583e-01
5.868140873e+00  4.2328305e-01
5.871074943e+00  3.9267416e-01
5.874010481e+00  3.6560381e-01
5.876947486e+00  3.4322662e-01
5.879885960e+00  3.2700463e-01
5.882825903e+00  3.1855605e-01
5.885767315e+00  3.1933530e-01
5.888710199e+00  3.3023827e-01
5.891654554e+00  3.5124518e-01
5.894600381e+00  3.8119019e-01
5.897547682e+00  4.1772377e-01
5.900496456e+00  4.5749266e-01
5.903446704e+00  4.9652540e-01
5.906398427e+00  5.3076122e-01
5.909351626e+00  5.5662600e-01
5.912306302e+00  5.7154976e-01
5.915262455e+00  5.7434009e-01
5.918220087e+00  5.6536684e-01
5.921179197e+00  5.4654943e-01
5.924139786e+00  5.2114770e-01
5.927101856e+00  4.9336056e-01
5.930065407e+00  4.6773917e-01
5.933030440e+00  4.4847292e-01
5.935996955e+00  4.3865095e-01
5.938964953e+00  4.3966519e-01
5.941934436e+00  4.5092425e-01
5.944905403e+00  4.6998566e-01
5.947877856e+00  4.9309702e-01
5.950851795e+00  5.1601491e-01
5.953827221e+00  5.3488435e-01
5.956804134e+00  5.4695247e-01
5.959782536e+00  5.5095213e-01
5.962762428e+00  5.4711316e-01
5.965743809e+00  5.3687118e-01
5.968726681e+00  5.2242446e-01
5.971711044e+00  5.0629899e-01
5.974696900e+00  4.9102088e-01
5.977684248e+00  4.7890590e-01
5.980673090e+00  4.7189935e-01
5.983663427e+00  4.7139599e-01
5.986655258e+00  4.7801847e-01
5.989648586e+00  4.9142533e-01
5.992643410e+00  5.1027503e-01
5.995639732e+00  5.3244562e-01
5.998637552e+00  5.5550686e-01
6.001636871e+00  5.7730729e-01
6.004637689e+00  5.9644802e-01
6.007640008e+00  6.1243688e-01
6.010643828e+00  6.2544129e-01
6.013649150e+00  6.3573772e-01
6.016655974e+00  6.4310643e-01
6.019664302e+00  6.4645616e-01
6.022674135e+00  6.4387369e-01
6.025685472e+00  6.3312210e-01
6.028698314e+00  6.1242364e-01
6.031712663e+00  5.8124168e-01
6.034728520e+00  5.4076920e-01
6.037745884e+00  4.9393669e-01
6.040764757e+00  4.4491127e-01
6.043785139e+00  3.9824656e-01
6.046807032e+00  3.5795822e-01
6.049830435e+00  3.2682224e-01
6.052855351e+00  3.0610554e-01
6.055881778e+00  2.9577228e-01
6.058909719e+00  2.9502770e-01
6.061939174e+00  3.0292967e-01
6.064970144e+00  3.1879374e-01
6.068002629e+00  3.4222067e-01
6.071036630e+00  3.7275692e-01
6.074072148e+00  4.0936943e-01
6.077109184e+00  4.5000181e-01
6.080147739e+00  4.9144921e-01
6.083187813e+00  5.2966344e-01
6.086229407e+00  5.6043052e-01
6.089272522e+00  5.8024253e-01
6.092317158e+00  5.8712332e-01
6.095363316e+00  5.8118557e-01
6.098410998e+00  5.6477058e-01
6.101460204e+00  5.4211555e-01
6.104510934e+00  5.1859540e-01
6.107563189e+00  4.9967957e-01
6.110616971e+00  4.8982239e-01
6.113672279e+00  4.9154057e-01
6.116729115e+00  5.0491073e-01
6.119787480e+00  5.2762596e-01
6.122847374e+00  5.5560364e-01
6.125908797e+00  5.8397521e-01
6.128971752e+00  6.0818251e-01
6.132036238e+00  6.2488612e-01
6.135102256e+00  6.3247596e-01
6.138169807e+00  6.3111611e-01
6.141238892e+00  6.2240265e-01
6.144309511e+00  6.0880487e-01
6.147381666e+00  5.9306475e-01
6.150455357e+00  5.7767580e-01
6.153530584e+00  5.6449905e-01
6.156607350e+00  5.5452731e-01
6.159685653e+00  5.4782175e-01
6.162765496e+00  5.4365142e-01
6.165846879e+00  5.4085144e-01
6.168929802e+00  5.3834990e-01
6.172014267e+00  5.3571694e-01
6.175100274e+00  5.3352875e-01
6.178187825e+00  5.3336605e-01
6.181276919e+00  5.3738602e-01
6.184367557e+00  5.4759633e-01
6.187459741e+00  5.6509214e-01
6.190553471e+00  5.8955533e-01
6.193648747e+00  6.1922149e-01
6.196745572e+00  6.5132717e-01
6.199843945e+00  6.8286391e-01
6.202943867e+00  7.1135502e-01
6.206045338e+00  7.3538654e-01
6.209148361e+00  7.5474125e-01
6.212252935e+00  7.7015666e-01
6.215359062e+00  7.8285219e-01
6.218466741e+00  7.9403786e-01
6.221575975e+00  8.0457758e-01
6.224686763e+00  8.1488196e-01
6.227799106e+00  8.2500070e-01
6.230913006e+00  8.3480982e-01
6.234028462e+00  8.4417291e-01
6.237145476e+00  8.5300418e-01
6.240264049e+00  8.6122911e-01
6.243384181e+00  8.6869807e-01
6.246505873e+00  8.7513293e-01
6.249629126e+00  8.8016221e-01
6.252753941e+00  8.8344973e-01
6.255880318e+00  8.8486511e-01
6.259008258e+00  8.8461815e-01
6.262137762e+00  8.8328835e-01
6.265268831e+00  8.8172681e-01
6.268401465e+00  8.8086133e-01
6.271535666e+00  8.8147529e-01
6.274671434e+00  8.8403797e-01
6.277808770e+00  8.8863734e-01
6.280947674e+00  8.9501784e-01
6.284088148e+00  9.0268914e-01
6.287230192e+00  9.1104553e-01
6.290373807e+00  9.1945063e-01
6.293518994e+00  9.2727021e-01
6.296665753e+00  9.3385357e-01
6.299814086e+00  9.3848989e-01
6.302963993e+00  9.4036257e-01
6.306115475e+00  9.3852001e-01
6.309268533e+00  9.3188350e-01
6.312423167e+00  9.1930481e-01
6.315579379e+00  8.9970070e-01
6.318737168e+00  8.7227723e-01
6.321896537e+00  8.3682670e-01
6.325057485e+00  7.9403751e-01
6.328220014e+00  7.4571073e-01
6.331384124e+00  6.9475674e-01
6.334549816e+00  6.4488459e-01
6.337717091e+00  5.9999051e-01
6.340885950e+00  5.6336949e-01
6.344056393e+00  5.3698633e-01
6.347228421e+00  5.2105376e-01
6.350402035e+00  5.1409220e-01
6.353577236e+00  5.1347147e-01
6.356754025e+00  5.1624756e-01
6.359932402e+00  5.1998851e-01
6.363112368e+00  5.2329256e-01
6.366293924e+00  5.2583487e-01
6.369477071e+00  5.2798287e-01
6.372661810e+00  5.3018673e-01
6.375848140e+00  5.3241463e-01
6.379036064e+00  5.3385287e-01
6.382225583e+00  5.3295188e-01
6.385416695e+00  5.2776424e-01
6.388609404e+00  5.1644419e-01
6.391803708e+00  4.9776430e-01
6.394999610e+00  4.7153615e-01
6.398197110e+00  4.3886335e-01
6.401396209e+00  4.0216943e-01
6.404596907e+00  3.6497020e-01
6.407799205e+00  3.3139702e-01
6.411003105e+00  3.0554348e-01
6.414208606e+00  2.9076800e-01
6.417415711e+00  2.8912630e-01
6.420624418e+00  3.0106684e-01
6.423834731e+00  3.2545037e-01
6.427046648e+00  3.5985285e-01
6.430260171e+00  4.0104003e-01
6.433475301e+00  4.4547394e-01
6.436692039e+00  4.8973773e-01
6.439910385e+00  5.3081209e-01
6.443130340e+00  5.6619150e-01
6.446351905e+00  5.9387212e-01
6.449575081e+00  6.1227125e-01
6.452799869e+00  6.2015609e-01
6.456026269e+00  6.1664786e-01
6.459254282e+00  6.0132960e-01
6.462483909e+00  5.7443935e-01
6.465715151e+00  5.3707813e-01
6.468948009e+00  4.9133962e-01
6.472182483e+00  4.4028673e-01
6.475418574e+00  3.8774006e-01
6.478656283e+00  3.3789933e-01
6.481895611e+00  2.9485393e-01
6.485136559e+00  2.6206600e-01
6.488379127e+00  2.4190798e-01
6.491623317e+00  2.3534682e-01
6.494869129e+00  2.4184621e-01
6.498116563e+00  2.5953462e-01
6.501365622e+00  2.8563120e-01
6.504616304e+00  3.1703799e-01
6.507868612e+00  3.5093837e-01
6.511122547e+00  3.8521742e-01
6.514378108e+00  4.1857315e-01
6.517635297e+00  4.5030491e-01
6.520894115e+00  4.7989572e-01
6.524154562e+00  5.0659729e-01
6.527416639e+00  5.2921473e-01
6.530680347e+00  5.4618457e-01
6.533945688e+00  5.5590865e-01
6.537212660e+00  5.5719071e-01
6.540481267e+00  5.4959224e-01
6.543751507e+00  5.3358922e-01
6.547023383e+00  5.1051118e-01
6.550296895e+00  4.8232945e-01
6.553572043e+00  4.5139781e-01
6.556848829e+00  4.2022052e-01
6.560127254e+00  3.9126584e-01
6.563407317e+00  3.6679833e-01
6.566689021e+00  3.4871124e-01
6.569972366e+00  3.3835983e-01
6.573257352e+00  3.3643961e-01
6.576543980e+00  3.4295320e-01
6.579832252e+00  3.5727781e-01
6.583122169e+00  3.7829472e-01
6.586413730e+00  4.0451075e-01
6.589706936e+00  4.3411550e-01
6.593001790e+00  4.6497423e-01
6.596298291e+00  4.9461640e-01
6.599596440e+00  5.2030572e-01
6.602896238e+00  5.3925942e-01
6.606197686e+00  5.4901609e-01
6.609500785e+00  5.4788730e-01
6.612805536e+00  5.3538234e-01
6.616111938e+00  5.1250266e-01
6.619419994e+00  4.8181389e-01
6.622729704e+00  4.4724794e-01
6.626041069e+00  4.1362493e-01
6.629354090e+00  3.8594228e-01
6.632668767e+00  3.6852750e-01
6.635985101e+00  3.6421364e-01
6.639303094e+00  3.7373301e-01
6.642622745e+00  3.9550607e-01
6.645944057e+00  4.2591765e-01
6.649267029e+00  4.6006020e-01
6.652591662e+00  4.9277806e-01
6.655917958e+00  5.1976171e-01
6.659245917e+00  5.3841700e-01
6.662575540e+00  5.4828937e-01
6.665906828e+00  5.5095618e-01
6.669239781e+00  5.4943121e-01
6.672574401e+00  5.4725285e-01
6.675910688e+00  5.4750568e-01
6.679248644e+00  5.5202364e-01
6.682588268e+00  5.6097901e-01
6.685929562e+00  5.7295514e-01
6.689272527e+00  5.8547308e-01
6.692617163e+00  5.9581523e-01
6.695963472e+00  6.0190901e-01
6.699311453e+00  6.0301169e-01
6.702661109e+00  5.9999567e-01
6.706012440e+00  5.9516456e-01
6.709365446e+00  5.9166915e-01
6.712720129e+00  5.9270302e-01
6.716076489e+00  6.0071751e-01
6.719434527e+00  6.1685903e-01
6.722794244e+00  6.4075376e-01
6.726155641e+00  6.7065506e-01
6.729518719e+00  7.0387908e-01
6.732883478e+00  7.3737639e-01
6.736249920e+00  7.6828054e-01
6.739618045e+00  7.9429079e-01
6.742987854e+00  8.1381963e-01
6.746359348e+00  8.2592037e-01
6.749732528e+00  8.3008887e-01
6.753107394e+00  8.2606496e-01
6.756483948e+00  8.1374950e-01
6.759862190e+00  7.9328707e-01
6.763242121e+00  7.6527701e-01
6.766623742e+00  7.3102019e-01
6.770007054e+00  6.9268661e-01
6.773392057e+00  6.5330251e-01
6.776778753e+00  6.1650704e-01
6.780167143e+00  5.8608613e-01
6.783557226e+00  5.6535202e-01
6.786949005e+00  5.5648729e-01
6.790342479e+00  5.6001128e-01
6.793737651e+00  5.7453431e-01
6.797134519e+00  5.9691995e-01
6.800533087e+00  6.2288122e-01
6.803933353e+00  6.4788924e-01
6.807335320e+00  6.6816802e-01
6.810738988e+00  6.8147734e-01
6.814144357e+00  6.8743621e-01
6.817551429e+00  6.8727587e-01
6.820960205e+00  6.8310652e-01
6.824370685e+00  6.7695406e-01
6.827782870e+00  6.6992243e-01
6.831196762e+00  6.6178789e-01
6.834612360e+00  6.5118577e-01
6.838029666e+00  6.3632387e-01
6.841448681e+00  6.1596210e-01
6.844869406e+00  5.9028663e-01
6.848291840e+00  5.6135117e-01
6.851715986e+00  5.3290621e-01
6.855141844e+00  5.0964711e-01
6.858569415e+00  4.9611756e-01
6.861998700e+00  4.9560246e-01
6.865429699e+00  5.0933756e-01
6.868862414e+00  5.3624151e-01
6.872296845e+00  5.7321403e-01
6.875732994e+00  6.1587047e-01
6.879170860e+00  6.5949010e-01
6.882610446e+00  6.9992942e-01
6.886051751e+00  7.3430219e-01
6.889494777e+00  7.6131647e-01
6.892939524e+00  7.8125192e-01
6.896385994e+00  7.9562678e-01
6.899834187e+00  8.0665956e-01
6.903284104e+00  8.1665219e-01
6.906735746e+00  8.2742725e-01
6.910189114e+00  8.3993366e-01
6.913644208e+00  8.5409220e-01
6.917101030e+00  8.6888817e-01
6.920559581e+00  8.8265170e-01
6.924019861e+00  8.9343252e-01
6.927481871e+00  8.9937441e-01
6.930945612e+00  8.9902774e-01
6.934411084e+00  8.9158586e-01
6.937878290e+00  8.7705164e-01
6.941347229e+00  8.5633570e-01
6.944817903e+00  8.3125886e-01
6.948290312e+00  8.0440524e-01
6.951764457e+00  7.7879002e-01
6.955240339e+00  7.5735957e-01
6.958717959e+00  7.4242071e-01
6.962197318e+00  7.3516205e-01
6.965678417e+00  7.3543419e-01
6.969161256e+00  7.4187692e-01
6.972645837e+00  7.5236772e-01
6.976132160e+00  7.6464042e-01
6.979620226e+00  7.7685991e-01
6.983110036e+00  7.8795736e-01
6.986601591e+00  7.9764316e-01
6.990094892e+00  8.0612789e-01
6.993589939e+00  8.1370971e-01
6.997086734e+00  8.2041117e-01
7.000585277e+00  8.2581285e-01
7.004085570e+00  8.2912616e-01
7.007587613e+00  8.2944084e-01
7.011091407e+00  8.2601674e-01
7.014596952e+00  8.1849736e-01
7.018104251e+00  8.0698753e-01
7.021613303e+00  7.9202390e-01
7.025124110e+00  7.7451558e-01
7.028636672e+00  7.5571945e-01
7.032150990e+00  7.3725234e-01
7.035667065e+00  7.2107146e-01
7.039184899e+00  7.0933524e-01
7.042704491e+00  7.0409450e-01
7.046225844e+00  7.0686359e-01
7.049748957e+00  7.1820805e-01
7.053273831e+00  7.3750458e-01
7.056800468e+00  7.6299334e-01
7.060328868e+00  7.9212000e-01
7.063859033e+00  8.2206594e-01
7.067390962e+00  8.5029485e-01
7.070924658e+00  8.7495419e-01
7.074460120e+00  8.9503853e-01
7.077997350e+00  9.1030834e-01
7.081536349e+00  9.2104193e-01
7.085077117e+00  9.2773988e-01
7.088619655e+00  9.3089261e-01
7.092163965e+00  9.3087947e-01
7.095710047e+00  9.2800852e-01
7.099257902e+00  9.2263646e-01
7.102807531e+00  9.1529174e-01
7.106358935e+00  9.0670148e-01
7.109912115e+00  8.9768867e-01
7.113467071e+00  8.8895887e-01
7.117023804e+00  8.8086274e-01
7.120582316e+00  8.7324709e-01
7.124142607e+00  8.6548319e-01
7.127704678e+00  8.5668758e-01
7.131268531e+00  8.4606081e-01
7.134834165e+00  8.3322127e-01
7.138401582e+00  8.1840750e-01
7.141970783e+00  8.0248061e-01
7.145541768e+00  7.8675402e-01
7.149114539e+00  7.7273341e-01
7.152689096e+00  7.6186652e-01
7.156265441e+00  7.5535982e-01
7.159843574e+00  7.5406052e-01
7.163423496e+00  7.5836533e-01
7.167005207e+00  7.6812556e-01
7.170588710e+00  7.8256479e-01
7.174174004e+00  8.0026840e-01
7.177761091e+00  8.1931258e-01
7.181349972e+00  8.3755885e-01
7.184940647e+00  8.5306914e-01
7.188533117e+00  8.6452944e-01
7.192127384e+00  8.7154705e-01
7.195723447e+00  8.7471510e-01
7.199321309e+00  8.7541740e-01
7.202920970e+00  8.7542473e-01
7.206522430e+00  8.7640650e-01
7.210125691e+00  8.7950872e-01
7.213730754e+00  8.8510787e-01
7.217337620e+00  8.9279424e-01
7.220946288e+00  9.0155539e-01
7.224556762e+00  9.1007112e-01
7.228169040e+00  9.1701656e-01
7.231783125e+00  9.2128565e-01
7.235399016e+00  9.2210078e-01
7.239016716e+00  9.1902214e-01
7.242636224e+00  9.1189884e-01
7.246257542e+00  9.0082245e-01
7.249880671e+00  8.8611396e-01
7.253505611e+00  8.6835624e-01
7.257132364e+00  8.4844224e-01
7.260760930e+00  8.2759213e-01
7.264391311e+00  8.0728301e-01
7.268023506e+00  7.8906439e-01
7.271657518e+00  7.7427467e-01
7.275293347e+00  7.6373601e-01
7.278930993e+00  7.5752760e-01
7.282570459e+00  7.5493634e-01
7.286211744e+00  7.5461701e-01
7.289854850e+00  7.5492602e-01
7.293499777e+00  7.5430841e-01
7.297146527e+00  7.5160713e-01
7.300795101e+00  7.4620675e-01
7.304445498e+00  7.3799250e-01
7.308097721e+00  7.2719039e-01
7.311751770e+00  7.1418624e-01
7.315407646e+00  6.9940847e-01
7.319065350e+00  6.8330400e-01
7.322724882e+00  6.6637412e-01
7.326386245e+00  6.4921430e-01
7.330049438e+00  6.3250161e-01
7.333714462e+00  6.1690623e-01
7.337381320e+00  6.0295099e-01
7.341050010e+00  5.9086937e-01
7.344720535e+00  5.8051845e-01
7.348392896e+00  5.7139694e-01
7.352067092e+00  5.6277573e-01
7.355743126e+00  5.5391977e-01
7.359420997e+00  5.4432166e-01
7.363100708e+00  5.3387495e-01
7.366782258e+00  5.2291120e-01
7.370465649e+00  5.1208745e-01
7.374150882e+00  5.0216924e-01
7.377837957e+00  4.9379275e-01
7.381526876e+00  4.8728969e-01
7.385217640e+00  4.8262105e-01
7.388910249e+00  4.7941518e-01
7.392604704e+00  4.7707464e-01
7.396301006e+00  4.7491349e-01
7.399999157e+00  4.7230486e-01
7.403699156e+00  4.6882691e-01
7.407401006e+00  4.6437061e-01
7.411104706e+00  4.5916687e-01
7.414810259e+00  4.5369020e-01
7.418517664e+00  4.4844505e-01
7.422226923e+00  4.4371619e-01
7.425938036e+00  4.3940614e-01
7.429651005e+00  4.3507064e-01
7.433365831e+00  4.3015860e-01
7.437082514e+00  4.2435362e-01
7.440801055e+00  4.1783719e-01
7.444521455e+00  4.1133290e-01
7.448243716e+00  4.0590231e-01
7.451967838e+00  4.0259138e-01
7.455693822e+00  4.0211047e-01
7.459421669e+00  4.0468410e-01
7.463151380e+00  4.1010159e-01
7.466882955e+00  4.1787965e-01
7.470616397e+00  4.2741277e-01
7.474351705e+00  4.3803670e-01
7.478088881e+00  4.4901936e-01
7.481827925e+00  4.5957477e-01
7.485568839e+00  4.6897378e-01
7.489311624e+00  4.7674334e-01
7.493056279e+00  4.8284907e-01
7.496802808e+00  4.8772914e-01
7.500551209e+00  4.9211543e-01
7.504301485e+00  4.9670812e-01
7.508053635e+00  5.0186616e-01
7.511807662e+00  5.0749445e-01
7.515563566e+00  5.1319098e-01
7.519321348e+00  5.1857935e-01
7.523081008e+00  5.2362995e-01
7.526842549e+00  5.2877740e-01
7.530605970e+00  5.3476532e-01
7.534371273e+00  5.4229816e-01
7.538138459e+00  5.5169673e-01
7.541907528e+00  5.6274386e-01
7.545678482e+00  5.7479764e-01
7.549451321e+00  5.8709600e-01
7.553226047e+00  5.9908192e-01
7.557002660e+00  6.1057433e-01
7.560781161e+00  6.2172422e-01
7.564561552e+00  6.3280997e-01
7.568343832e+00  6.4401323e-01
7.572128004e+00  6.5530476e-01
7.575914068e+00  6.6648594e-01
7.579702025e+00  6.7732782e-01
7.583491876e+00  6.8769272e-01
7.587283622e+00  6.9754668e-01
7.591077264e+00  7.0684875e-01
7.594872803e+00  7.1538857e-01
7.598670239e+00  7.2268040e-01
7.602469574e+00  7.2799163e-01
7.606270809e+00  7.3049748e-01
7.610073944e+00  7.2947424e-01
7.613878981e+00  7.2440860e-01
7.617685921e+00  7.1495170e-01
7.621494764e+00  7.0073285e-01
7.625305511e+00  6.8114450e-01
7.629118164e+00  6.5525721e-01
7.632932723e+00  6.2197186e-01
7.636749189e+00  5.8041041e-01
7.640567564e+00  5.3043012e-01
7.644387848e+00  4.7306156e-01
7.648210042e+00  4.1068795e-01
7.652034147e+00  3.4686939e-01
7.655860164e+00  2.8583930e-01
7.659688094e+00  2.3182111e-01
7.663517938e+00  1.8835395e-01
7.667349697e+00  1.5778855e-01
7.671183372e+00  1.4105227e-01
7.675018963e+00  1.3768136e-01
7.678856473e+00  1.4606523e-01
7.682695901e+00  1.6381406e-01
7.686537249e+00  1.8816488e-01
7.690380518e+00  2.1637054e-01
7.694225708e+00  2.4603104e-01
7.698072821e+00  2.7534660e-01
7.701921857e+00  3.0326683e-01
7.705772818e+00  3.2951628e-01
7.709625705e+00  3.5447341e-01
7.713480517e+00  3.7890549e-01
7.717337258e+00  4.0358670e-01
7.721195926e+00  4.2888382e-01
7.725056524e+00  4.5442821e-01
7.728919053e+00  4.7900815e-01
7.732783512e+00  5.0076032e-01
7.736649904e+00  5.1765639e-01
7.740518229e+00  5.2815159e-01
7.744388488e+00  5.3177198e-01
7.748260682e+00  5.2940188e-01
7.752134813e+00  5.2312162e-01
7.756010880e+00  5.1560919e-01
7.759888885e+00  5.0930577e-01
7.763768830e+00  5.0566412e-01
7.767650714e+00  5.0478423e-01
7.771534540e+00  5.0558947e-01
7.775420307e+00  5.0647420e-01
7.779308017e+00  5.0614645e-01
7.783197671e+00  5.0429624e-01
7.787089270e+00  5.0179309e-01
7.790982815e+00  5.0032897e-01
7.794878306e+00  5.0166034e-01
7.798775745e+00  5.0678131e-01
7.802675133e+00  5.1539542e-01
7.806576471e+00  5.2591530e-01
7.810479759e+00  5.3599369e-01
7.814384999e+00  5.4336679e-01
7.818292191e+00  5.4666095e-01
7.822201337e+00  5.4584069e-01
7.826112438e+00  5.4213086e-01
7.830025494e+00  5.3744933e-01
7.833940507e+00  5.3359756e-01
7.837857477e+00  5.3153017e-01
7.841776406e+00  5.3098570e-01
7.845697294e+00  5.3060890e-01
7.849620143e+00  5.2850280e-01
7.853544953e+00  5.2298464e-01
7.857471725e+00  5.1325965e-01
7.861400461e+00  4.9977688e-01
7.865331161e+00  4.8415882e-01
7.869263827e+00  4.6876003e-01
7.873198459e+00  4.5602321e-01
7.877135058e+00  4.4784108e-01
7.881073626e+00  4.4510655e-01
7.885014162e+00  4.4754525e-01
7.888956669e+00  4.5384317e-01
7.892901148e+00  4.6201771e-01
7.896847598e+00  4.6991861e-01
7.900796022e+00  4.7575625e-01
7.904746420e+00  4.7853392e-01
7.908698793e+00  4.7830132e-01
7.912653143e+00  4.7617017e-01
7.916609469e+00  4.7408315e-01
7.920567774e+00  4.7437346e-01
7.924528058e+00  4.7920444e-01
7.928490322e+00  4.9001224e-01
7.932454567e+00  5.0709673e-01
7.936420794e+00  5.2947471e-01
7.940389005e+00  5.5505690e-01
7.944359199e+00  5.8112460e-01
7.948331379e+00  6.0498685e-01
7.952305545e+00  6.2463680e-01
7.956281697e+00  6.3921312e-01
7.960259838e+00  6.4912584e-01
7.964239968e+00  6.5580662e-01
7.968222088e+00  6.6116699e-01
7.972206199e+00  6.6694024e-01
7.976192302e+00  6.7412276e-01
7.980180398e+00  6.8269167e-01
7.984170489e+00  6.9167824e-01
7.988162574e+00  6.9955301e-01
7.992156655e+00  7.0477724e-01
7.996152734e+00  7.0632400e-01
8.000150810e+00  7.0400642e-01
8.004150885e+00  6.9853318e-01
8.008152961e+00  6.9130345e-01
8.012157037e+00  6.8403326e-01
8.016163116e+00  6.7833918e-01
8.020171197e+00  6.7539406e-01
8.024181283e+00  6.7573440e-01
8.028193374e+00  6.7924560e-01
8.032207470e+00  6.8530124e-01
8.036223574e+00  6.9299275e-01
8.040241686e+00  7.0137225e-01
8.044261807e+00  7.0963464e-01
8.048283938e+00  7.1720951e-01
8.052308079e+00  7.2377475e-01
8.056334234e+00  7.2923655e-01
8.060362401e+00  7.3372955e-01
8.064392582e+00  7.3763913e-01
8.068424778e+00  7.4162599e-01
8.072458991e+00  7.4658429e-01
8.076495220e+00  7.5349555e-01
8.080533468e+00  7.6318334e-01
8.084573734e+00  7.7603405e-01
8.088616021e+00  7.9178356e-01
8.092660329e+00  8.0946419e-01
8.096706659e+00  8.2754674e-01
8.100755013e+00  8.4425258e-01
8.104805390e+00  8.5795494e-01
8.108857793e+00  8.6755598e-01
8.112912222e+00  8.7274404e-01
8.116968678e+00  8.7406274e-01
8.121027162e+00  8.7277560e-01
8.125087676e+00  8.7055497e-01
8.129150220e+00  8.6907545e-01
8.133214795e+00  8.6961668e-01
8.137281402e+00  8.7278194e-01
8.141350043e+00  8.7840583e-01
8.145420718e+00  8.8566789e-01
8.149493428e+00  8.9336264e-01
8.153568175e+00  9.0023487e-01
8.157644959e+00  9.0528040e-01
8.161723782e+00  9.0793946e-01
8.165804643e+00  9.0815881e-01
8.169887546e+00  9.0633616e-01
8.173972490e+00  9.0319213e-01
8.178059476e+00  8.9961180e-01
8.182148506e+00  8.9649152e-01
8.186239580e+00  8.9460849e-01
8.190332700e+00  8.9452401e-01
8.194427866e+00  8.9652665e-01
8.198525080e+00  9.0061889e-01
8.202624342e+00  9.0654691e-01
8.206725655e+00  9.1386430e-01
8.210829017e+00  9.2201409e-01
8.214934432e+00  9.3040935e-01
8.219041899e+00  9.3849749e-01
8.223151420e+00  9.4580685e-01
8.227262996e+00  9.5197766e-01
8.231376627e+00  9.5678953e-01
8.235492316e+00  9.6018504e-01
8.239610062e+00  9.6228473e-01
8.243729867e+00  9.6337908e-01
8.247851732e+00  9.6388635e-01
8.251975658e+00  9.6427685e-01
8.256101645e+00  9.6497787e-01
8.260229696e+00  9.6628475e-01
8.264359811e+00  9.6830424e-01
8.268491991e+00  9.7094519e-01
8.272626237e+00  9.7395737e-01
8.276762550e+00  9.7700368e-01
8.280900931e+00  9.7974306e-01
8.285041382e+00  9.8190356e-01
8.289183903e+00  9.8332931e-01
8.293328494e+00  9.8399764e-01
8.297475159e+00  9.8400678e-01
8.301623896e+00  9.8354376e-01
8.305774708e+00  9.8284072e-01
8.309927596e+00  9.8212944e-01
8.314082559e+00  9.8160287e-01
8.318239601e+00  9.8139037e-01
8.322398720e+00  9.8154848e-01
8.326559920e+00  9.8206781e-01
8.330723200e+00  9.8289051e-01
8.334888561e+00  9.8393181e-01
8.339056006e+00  9.8509902e-01
8.343225534e+00  9.8630381e-01
8.347397146e+00  9.8746732e-01
8.351570845e+00  9.8851995e-01
8.355746630e+00  9.8940024e-01
8.359924504e+00  9.9005617e-01
8.364104466e+00  9.9045023e-01
8.368286518e+00  9.9056766e-01
8.372470662e+00  9.9042478e-01
8.376656897e+00  9.9007340e-01
8.380845225e+00  9.8959804e-01
8.385035648e+00  9.8910452e-01
8.389228166e+00  9.8870140e-01
8.393422780e+00  9.8847863e-01
8.397619491e+00  9.8848950e-01
8.401818301e+00  9.8874146e-01
8.406019210e+00  9.8919876e-01
8.410222220e+00  9.8979598e-01
8.414427331e+00  9.9045735e-01
8.418634544e+00  9.9111580e-01
8.422843862e+00  9.9172559e-01
8.427055284e+00  9.9226573e-01
8.431268811e+00  9.9273520e-01
8.435484446e+00  9.9314325e-01
8.439702188e+00  9.9349969e-01
8.443922039e+00  9.9380829e-01
8.448144000e+00  9.9406494e-01
8.452368072e+00  9.9425990e-01
8.456594256e+00  9.9438216e-01
8.460822553e+00  9.9442405e-01
8.465052965e+00  9.9438474e-01
8.469285491e+00  9.9427210e-01
8.473520134e+00  9.9410264e-01
8.477756894e+00  9.9389990e-01
8.481995772e+00  9.9369114e-01
8.486236770e+00  9.9350315e-01
8.490479889e+00  9.9335790e-01
8.494725128e+00  9.9326946e-01
8.498972491e+00  9.9324285e-01
8.503221977e+00  9.9327512e-01
8.507473588e+00  9.9335797e-01
8.511727325e+00  9.9348055e-01
8.515983189e+00  9.9363144e-01
8.520241180e+00  9.9379959e-01
8.524501301e+00  9.9397450e-01
8.528763552e+00  9.9414651e-01
8.533027933e+00  9.9430743e-01
8.537294447e+00  9.9445139e-01
8.541563095e+00  9.9457543e-01
8.545833876e+00  9.9467921e-01
8.550106793e+00  9.9476396e-01
8.554381846e+00  9.9483131e-01
8.558659037e+00  9.9488260e-01
8.562938367e+00  9.9491927e-01
8.567219836e+00  9.9494379e-01
8.571503446e+00  9.9496066e-01
8.575789198e+00  9.9497632e-01
8.580077092e+00  9.9499786e-01
8.584367131e+00  9.9503084e-01
8.588659314e+00  9.9507719e-01
8.592953644e+00  9.9513414e-01
8.597250121e+00  9.9519470e-01
8.601548746e+00  9.9524951e-01
8.605849520e+00  9.9528907e-01
8.610152445e+00  9.9530567e-01
8.614457521e+00  9.9529445e-01
8.618764750e+00  9.9525369e-01
8.623074132e+00  9.9518488e-01
8.627385669e+00  9.9509289e-01
8.631699362e+00  9.9498638e-01
8.636015212e+00  9.9487787e-01
8.640333220e+00  9.9478292e-01
8.644653386e+00  9.9471786e-01
8.648975713e+00  9.9469661e-01
8.653300201e+00  9.9472735e-01
8.657626851e+00  9.9481051e-01
8.661955664e+00  9.9493883e-01
8.666286642e+00  9.9509952e-01
8.670619785e+00  9.9527769e-01
8.674955095e+00  9.9545984e-01
8.679292573e+00  9.9563615e-01
8.683632219e+00  9.9580113e-01
8.687974035e+00  9.9595293e-01
8.692318022e+00  9.9609183e-01
8.696664181e+00  9.9621878e-01
8.701012513e+00  9.9633432e-01
8.705363020e+00  9.9643812e-01
8.709715701e+00  9.9652907e-01
8.714070559e+00  9.9660570e-01
8.718427594e+00  9.9666692e-01
8.722786808e+00  9.9671278e-01
8.727148201e+00  9.9674501e-01
8.731511776e+00  9.9676705e-01
8.735877531e+00  9.9678328e-01
8.740245470e+00  9.9679770e-01
8.744615593e+00  9.9681236e-01
8.748987901e+00  9.9682621e-01
8.753362395e+00  9.9683488e-01
8.757739076e+00  9.9683151e-01
8.762117945e+00  9.9680851e-01
8.766499004e+00  9.9675968e-01
8.770882254e+00  9.9668217e-01
8.775267695e+00  9.9657780e-01
8.779655329e+00  9.9645363e-01
8.784045157e+00  9.9632158e-01
8.788437179e+00  9.9619712e-01
8.792831398e+00  9.9609713e-01
8.797227813e+00  9.9603696e-01
8.801626427e+00  9.9602741e-01
8.806027241e+00  9.9607216e-01
8.810430254e+00  9.9616667e-01
8.814835469e+00  9.9629904e-01
8.819242887e+00  9.9645268e-01
8.823652508e+00  9.9661010e-01
8.828064335e+00  9.9675650e-01
8.832478367e+00  9.9688217e-01
8.836894606e+00  9.9698309e-01
8.841313053e+00  9.9705987e-01
8.845733710e+00  9.9711580e-01
8.850156577e+00  9.9715492e-01
8.854581655e+00  9.9718063e-01
8.859008946e+00  9.9719511e-01
8.863438450e+00  9.9719935e-01
8.867870170e+00  9.9719337e-01
8.872304105e+00  9.9717654e-01
8.876740257e+00  9.9714796e-01
8.881178627e+00  9.9710696e-01
8.885619216e+00  9.9705379e-01
8.890062026e+00  9.9699041e-01
8.894507057e+00  9.9692093e-01
8.898954310e+00  9.9685150e-01
8.903403787e+00  9.9678951e-01
8.907855489e+00  9.9674231e-01
8.912309417e+00  9.9671569e-01
8.916765572e+00  9.9671280e-01
8.921223955e+00  9.9673360e-01
8.925684567e+00  9.9677508e-01
8.930147409e+00  9.9683200e-01
8.934612483e+00  9.9689794e-01
8.939079789e+00  9.9696628e-01
8.943549329e+00  9.9703106e-01
8.948021103e+00  9.9708750e-01
8.952495114e+00  9.9713234e-01
8.956971361e+00  9.9716389e-01
8.961449847e+00  9.9718199e-01
8.965930572e+00  9.9718774e-01
8.970413537e+00  9.9718311e-01
8.974898744e+00  9.9717063e-01
8.979386194e+00  9.9715307e-01
8.983875887e+00  9.9713326e-01
8.988367825e+00  9.9711389e-01
8.992862008e+00  9.9709736e-01
8.997358439e+00  9.9708544e-01
9.001857119e+00  9.9707893e-01
9.006358047e+00  9.9707750e-01
9.010861226e+00  9.9707979e-01
9.015366657e+00  9.9708385e-01
9.019874340e+00  9.9708781e-01
9.024384277e+00  9.9709056e-01
9.028896470e+00  9.9709202e-01
9.033410918e+00  9.9709307e-01
9.037927623e+00  9.9709504e-01
9.042446587e+00  9.9709903e-01
9.046967810e+00  9.9710550e-01
9.051491294e+00  9.9711404e-01
9.056017040e+00  9.9712374e-01
9.060545048e+00  9.9713361e-01
9.065075321e+00  9.9714318e-01
9.069607859e+00  9.9715263e-01
9.074142663e+00  9.9716277e-01
9.078679734e+00  9.9717457e-01
9.083219074e+00  9.9718871e-01
9.087760683e+00  9.9720523e-01
9.092304564e+00  9.9722346e-01
9.096850716e+00  9.9724225e-01
9.101399141e+00  9.9726026e-01
9.105949841e+00  9.9727634e-01
9.110502816e+00  9.9728967e-01
9.115058067e+00  9.9729985e-01
9.119615596e+00  9.9730675e-01
9.124175404e+00  9.9731039e-01
9.128737492e+00  9.9731085e-01
9.133301860e+00  9.9730822e-01
9.137868511e+00  9.9730260e-01
9.142437446e+00  9.9729415e-01
9.147008664e+00  9.9728320e-01
9.151582169e+00  9.9727025e-01
9.156157960e+00  9.9725608e-01
9.160736039e+00  9.9724167e-01
9.165316407e+00  9.9722820e-01
9.169899065e+00  9.9721691e-01
9.174484014e+00  9.9720887e-01
9.179071256e+00  9.9720488e-01
9.183660792e+00  9.9720521e-01
9.188252622e+00  9.9720959e-01
9.192846749e+00  9.9721720e-01
9.197443172e+00  9.9722684e-01
9.202041894e+00  9.9723713e-01
9.206642915e+00  9.9724672e-01
9.211246236e+00  9.9725450e-01
9.215851859e+00  9.9725969e-01
9.220459785e+00  9.9726190e-01
9.225070015e+00  9.9726111e-01
9.229682550e+00  9.9725762e-01
9.234297391e+00  9.9725198e-01
9.238914540e+00  9.9724494e-01
9.243533997e+00  9.9723729e-01
9.248155764e+00  9.9722975e-01
9.252779842e+00  9.9722285e-01
9.257406232e+00  9.9721683e-01
9.262034935e+00  9.9721158e-01
9.266665953e+00  9.9720667e-01
9.271299286e+00  9.9720152e-01
9.275934935e+00  9.9719546e-01
9.280572903e+00  9.9718799e-01
9.285213189e+00  9.9717886e-01
9.289855796e+00  9.9716818e-01
9.294500724e+00  9.9715640e-01
9.299147974e+00  9.9714421e-01
9.303797548e+00  9.9713246e-01
9.308449447e+00  9.9712192e-01
9.313103672e+00  9.9711318e-01
9.317760223e+00  9.9710647e-01
9.322419104e+00  9.9710163e-01
9.327080313e+00  9.9709805e-01
9.331743853e+00  9.9709473e-01
9.336409725e+00  9.9709047e-01
9.341077930e+00  9.9708398e-01
9.345748469e+00  9.9707419e-01
9.350421343e+00  9.9706055e-01
9.355096554e+00  9.9704322e-01
9.359774102e+00  9.9702323e-01
9.364453989e+00  9.9700237e-01
9.369136216e+00  9.9698293e-01
9.373820784e+00  9.9696715e-01
9.378507695e+00  9.9695675e-01
9.383196949e+00  9.9695245e-01
9.387888547e+00  9.9695390e-01
9.392582491e+00  9.9695980e-01
9.397278783e+00  9.9696829e-01
9.401977422e+00  9.9697749e-01
9.406678411e+00  9.9698588e-01
9.411381750e+00  9.9699253e-01
9.416087441e+00  9.9699707e-01
9.420795485e+00  9.9699956e-01
9.425505882e+00  9.9700023e-01
9.430218635e+00  9.9699933e-01
9.434933745e+00  9.9699704e-01
9.439651211e+00  9.9699348e-01
9.444371037e+00  9.9698874e-01
9.449093222e+00  9.9698299e-01
9.453817769e+00  9.9697650e-01
9.458544678e+00  9.9696962e-01
9.463273950e+00  9.9696270e-01
9.468005587e+00  9.9695605e-01
9.472739590e+00  9.9694983e-01
9.477475960e+00  9.9694405e-01
9.482214698e+00  9.9693860e-01
9.486955805e+00  9.9693330e-01
9.491699283e+00  9.9692798e-01
9.496445133e+00  9.9692254e-01
9.501193355e+00  9.9691698e-01
9.505943952e+00  9.9691141e-01
9.510696924e+00  9.9690600e-01
9.515452272e+00  9.9690094e-01
9.520209999e+00  9.9689641e-01
9.524970104e+00  9.9689253e-01
9.529732589e+00  9.9688930e-01
9.534497455e+00  9.9688667e-01
9.539264704e+00  9.9688447e-01
9.544034336e+00  9.9688246e-01
9.548806353e+00  9.9688038e-01
9.553580756e+00  9.9687799e-01
9.558357547e+00  9.9687508e-01
9.563136726e+00  9.9687154e-01
9.567918294e+00  9.9686737e-01
9.572702253e+00  9.9686263e-01
9.577488604e+00  9.9685748e-01
9.582277348e+00  9.9685207e-01
9.587068487e+00  9.9684659e-01
9.591862021e+00  9.9684118e-01
9.596657952e+00  9.9683591e-01
9.601456281e+00  9.9683086e-01
9.606257009e+00  9.9682602e-01
9.611060138e+00  9.9682138e-01
9.615865668e+00  9.9681685e-01
9.620673601e+00  9.9681234e-01
9.625483938e+00  9.9680770e-01
9.630296680e+00  9.9680279e-01
9.635111828e+00  9.9679749e-01
9.639929384e+00  9.9679173e-01
9.644749349e+00  9.9678556e-01
9.649571723e+00  9.9677913e-01
9.654396509e+00  9.9677269e-01
9.659223707e+00  9.9676649e-01
9.664053319e+00  9.9676074e-01
9.668885346e+00  9.9675552e-01
9.673719789e+00  9.9675073e-01
9.678556648e+00  9.9674618e-01
9.683395927e+00  9.9674158e-01
9.688237625e+00  9.9673673e-01
9.693081744e+00  9.9673152e-01
9.697928284e+00  9.9672606e-01
9.702777249e+00  9.9672062e-01
9.707628637e+00  9.9671560e-01
9.712482452e+00  9.9671139e-01
9.717338693e+00  9.9670830e-01
9.722197362e+00  9.9670642e-01
9.727058461e+00  9.9670567e-01
9.731921990e+00  9.9670575e-01
9.736787951e+00  9.9670628e-01
9.741656345e+00  9.9670682e-01
9.746527173e+00  9.9670706e-01
9.751400437e+00  9.9670676e-01
9.756276137e+00  9.9670582e-01
9.761154275e+00  9.9670426e-01
9.766034852e+00  9.9670215e-01
9.770917870e+00  9.9669958e-01
9.775803329e+00  9.9669661e-01
9.780691230e+00  9.9669326e-01
9.785581576e+00  9.9668953e-01
9.790474367e+00  9.9668541e-01
9.795369604e+00  9.9668089e-01
9.800267289e+00  9.9667598e-01
9.805167422e+00  9.9667077e-01
9.810070006e+00  9.9666538e-01
9.814975041e+00  9.9665995e-01
9.819882528e+00  9.9665461e-01
9.824792470e+00  9.9664949e-01
9.829704866e+00  9.9664467e-01
9.834619718e+00  9.9664017e-01
9.839537028e+00  9.9663603e-01
9.844456797e+00  9.9663227e-01
9.849379025e+00  9.9662889e-01
9.854303715e+00  9.9662591e-01
9.859230867e+00  9.9662328e-01
9.864160482e+00  9.9662092e-01
9.869092562e+00  9.9661873e-01
9.874027109e+00  9.9661658e-01
9.878964122e+00  9.9661436e-01
9.883903604e+00  9.9661203e-01
9.888845556e+00  9.9660964e-01
9.893789979e+00  9.9660726e-01
9.898736874e+00  9.9660498e-01
9.903686242e+00  9.9660284e-01
9.908638085e+00  9.9660082e-01
9.913592404e+00  9.9659884e-01
9.918549200e+00  9.9659674e-01
9.923508475e+00  9.9659437e-01
9.928470229e+00  9.9659163e-01
9.933434464e+00  9.9658845e-01
9.938401182e+00  9.9658489e-01
9.943370382e+00  9.9658105e-01
9.948342067e+00  9.9657709e-01
9.953316238e+00  9.9657320e-01
9.958292897e+00  9.9656952e-01
9.963272043e+00  9.9656613e-01
9.968253679e+00  9.9656304e-01
9.973237806e+00  9.9656020e-01
9.978224425e+00  9.9655751e-01
9.983213537e+00  9.9655483e-01
9.988205144e+00  9.9655208e-01
9.993199246e+00  9.9654920e-01
9.998195846e+00  9.9654619e-01
1.000319494e+01  9.9654307e-01
1.000819654e+01  9.9653990e-01
1.001320064e+01  9.9653672e-01
1.001820724e+01  9.9653356e-01
1.002321634e+01  9.9653040e-01
1.002822795e+01  9.9652724e-01
1.003324207e+01  9.9652403e-01
1.003825869e+01  9.9652075e-01
1.004327782e+01  9.9651735e-01
1.004829946e+01  9.9651384e-01
1.005332360e+01  9.9651021e-01
1.005835027e+01  9.9650648e-01
1.006337944e+01  9.9650265e-01
1.006841113e+01  9.9649875e-01
1.007344534e+01  9.9649478e-01
1.007848206e+01  9.9649075e-01
1.008352130e+01  9.9648667e-01
1.008856306e+01  9.9648253e-01
1.009360734e+01  9.9647835e-01
1.009865415e+01  9.9647412e-01
1.010370347e+01  9.9646983e-01
1.010875533e+01  9.9646548e-01
1.011380970e+01  9.9646107e-01
1.011886661e+01  9.9645660e-01
1.012392604e+01  9.9645205e-01
1.012898800e+01  9.9644743e-01
1.013405250e+01  9.9644273e-01
1.013911952e+01  9.9643796e-01
1.014418908e+01  9.9643312e-01
1.014926118e+01  9.9642824e-01
1.015433581e+01  9.9642332e-01
1.015941298e+01  9.9641837e-01
1.016449268e+01  9.9641341e-01
1.016957493e+01  9.9640842e-01
1.017465972e+01  9.9640339e-01
1.017974705e+01  9.9639828e-01
1.018483692e+01  9.9639303e-01
1.018992934e+01  9.9638755e-01
1.019502430e+01  9.9638175e-01
1.020012182e+01  9.9637553e-01
1.020522188e+01  9.9636883e-01
1.021032449e+01  9.9636159e-01
1.021542965e+01  9.9635384e-01
1.022053737e+01  9.9634565e-01
1.022564763e+01  9.9633718e-01
1.023076046e+01  9.9632861e-01
1.023587584e+01  9.9632017e-01
1.024099378e+01  9.9631208e-01
1.024611427e+01  9.9630451e-01
1.025123733e+01  9.9629759e-01
1.025636295e+01  9.9629137e-01
1.026149113e+01  9.9628586e-01
1.026662188e+01  9.9628098e-01
1.027175519e+01  9.9627664e-01
1.027689106e+01  9.9627272e-01
1.028202951e+01  9.9626907e-01
1.028717052e+01  9.9626557e-01
1.029231411e+01  9.9626208e-01
1.029746027e+01  9.9625850e-01
1.030260900e+01  9.9625471e-01
1.030776030e+01  9.9625062e-01
1.031291418e+01  9.9624615e-01
1.031807064e+01  9.9624127e-01
1.032322967e+01  9.9623596e-01
1.032839129e+01  9.9623025e-01
1.033355548e+01  9.9622420e-01
1.033872226e+01  9.9621788e-01
1.034389162e+01  9.9621139e-01
1.034906357e+01  9.9620478e-01
1.035423810e+01  9.9619809e-01
1.035941522e+01  9.9619136e-01
1.036459493e+01  9.9618456e-01
1.036977722e+01  9.9617767e-01
1.037496211e+01  9.9617068e-01
1.038014959e+01  9.9616355e-01
1.038533967e+01  9.9615628e-01
1.039053234e+01  9.9614887e-01
1.039572761e+01  9.9614133e-01
1.040092547e+01  9.9613367e-01
1.040612593e+01  9.9612589e-01
1.041132899e+01  9.9611797e-01
1.041653466e+01  9.9610987e-01
1.042174293e+01  9.9610150e-01
1.042695380e+01  9.9609278e-01
1.043216728e+01  9.9608362e-01
1.043738336e+01  9.9607397e-01
1.044260205e+01  9.9606388e-01
1.044782335e+01  9.9605349e-01
1.045304726e+01  9.9604304e-01
1.045827379e+01  9.9603280e-01
1.046350292e+01  9.9602309e-01
1.046873468e+01  9.9601410e-01
1.047396904e+01  9.9600591e-01
1.047920603e+01  9.9599845e-01
1.048444563e+01  9.9599143e-01
1.048968785e+01  9.9598448e-01
1.049493270e+01  9.9597713e-01
1.050018016e+01  9.9596893e-01
1.050543025e+01  9.9595952e-01
1.051068297e+01  9.9594869e-01
1.051593831e+01  9.9593645e-01
1.052119628e+01  9.9592306e-01
1.052645688e+01  9.9590905e-01
1.053172011e+01  9.9589510e-01
1.053698597e+01  9.9588198e-01
1.054225446e+01  9.9587038e-01
1.054752559e+01  9.9586073e-01
1.055279935e+01  9.9585316e-01
1.055807575e+01  9.9584746e-01
1.056335479e+01  9.9584313e-01
1.056863646e+01  9.9583951e-01
1.057392078e+01  9.9583595e-01
1.057920774e+01  9.9583191e-01
1.058449735e+01  9.9582704e-01
1.058978959e+01  9.9582117e-01
1.059508449e+01  9.9581432e-01
1.060038203e+01  9.9580659e-01
1.060568222e+01  9.9579816e-01
1.061098506e+01  9.9578921e-01
1.061629056e+01  9.9577991e-01
1.062159870e+01  9.9577038e-01
1.062690950e+01  9.9576070e-01
1.063222296e+01  9.9575093e-01
1.063753907e+01  9.9574110e-01
1.064285784e+01  9.9573120e-01
1.064817927e+01  9.9572122e-01
1.065350336e+01  9.9571117e-01
1.065883011e+01  9.9570103e-01
1.066415952e+01  9.9569082e-01
1.066949160e+01  9.9568052e-01
1.067482635e+01  9.9567015e-01
1.068016376e+01  9.9565971e-01
1.068550384e+01  9.9564920e-01
1.069084659e+01  9.9563859e-01
1.069619202e+01  9.9562790e-01
1.070154011e+01  9.9561712e-01
1.070689088e+01  9.9560624e-01
1.071224433e+01  9.9559528e-01
1.071760045e+01  9.9558423e-01
1.072295925e+01  9.9557310e-01
1.072832073e+01  9.9556189e-01
1.073368489e+01  9.9555055e-01
1.073905173e+01  9.9553902e-01
1.074442126e+01  9.9552720e-01
1.074979347e+01  9.9551488e-01
1.075516837e+01  9.9550183e-01
1.076054595e+01  9.9548774e-01
1.076592622e+01  9.9547229e-01
1.077130919e+01  9.9545526e-01
1.077669484e+01  9.9543658e-01
1.078208319e+01  9.9541644e-01
1.078747423e+01  9.9539537e-01
1.079286797e+01  9.9537418e-01
1.079826440e+01  9.9535384e-01
1.080366353e+01  9.9533534e-01
1.080906537e+01  9.9531941e-01
1.081446990e+01  9.9530642e-01
1.081987713e+01  9.9529628e-01
1.082528707e+01  9.9528855e-01
1.083069972e+01  9.9528253e-01
1.083611507e+01  9.9527748e-01
1.084153312e+01  9.9527273e-01
1.084695389e+01  9.9526780e-01
1.085237737e+01  9.9526234e-01
1.085780356e+01  9.9525617e-01
1.086323246e+01  9.9524917e-01
1.086866407e+01  9.9524130e-01
1.087409841e+01  9.9523257e-01
1.087953545e+01  9.9522303e-01
1.088497522e+01  9.9521276e-01
1.089041771e+01  9.9520187e-01
1.089586292e+01  9.9519048e-01
1.090131085e+01  9.9517866e-01
1.090676151e+01  9.9516651e-01
1.091221489e+01  9.9515408e-01
1.091767099e+01  9.9514139e-01
1.092312983e+01  9.9512845e-01
1.092859139e+01  9.9511523e-01
1.093405569e+01  9.9510167e-01
1.093952272e+01  9.9508764e-01
1.094499248e+01  9.9507293e-01
1.095046498e+01  9.9505731e-01
1.095594021e+01  9.9504050e-01
1.096141818e+01  9.9502231e-01
1.096689889e+01  9.9500270e-01
1.097238234e+01  9.9498187e-01
1.097786853e+01  9.9496033e-01
1.098335746e+01  9.9493887e-01
1.098884914e+01  9.9491844e-01
1.099434357e+01  9.9489998e-01
1.099984074e+01  9.9488419e-01
1.100534066e+01  9.9487136e-01
1.101084333e+01  9.9486131e-01
1.101634875e+01  9.9485342e-01
1.102185692e+01  9.9484682e-01
1.102736785e+01  9.9484058e-01
1.103288154e+01  9.9483388e-01
1.103839798e+01  9.9482618e-01
1.104391718e+01  9.9481721e-01
1.104943913e+01  9.9480693e-01
1.105496385e+01  9.9479550e-01
1.106049134e+01  9.9478313e-01
1.106602158e+01  9.9477003e-01
1.107155459e+01  9.9475643e-01
1.107709037e+01  9.9474246e-01
1.108262892e+01  9.9472824e-01
1.108817023e+01  9.9471384e-01
1.109371431e+01  9.9469932e-01
1.109926117e+01  9.9468470e-01
1.110481080e+01  9.9467000e-01
1.111036321e+01  9.9465524e-01
1.111591839e+01  9.9464043e-01
1.112147635e+01  9.9462557e-01
1.112703709e+01  9.9461065e-01
1.113260061e+01  9.9459570e-01
1.113816691e+01  9.9458070e-01
1.114373599e+01  9.9456564e-01
1.114930786e+01  9.9455053e-01
1.115488251e+01  9.9453535e-01
1.116045995e+01  9.9452009e-01
1.116604018e+01  9.9450471e-01
1.117162320e+01  9.9448919e-01
1.117720901e+01  9.9447350e-01
1.118279762e+01  9.9445759e-01
1.118838902e+01  9.9444140e-01
1.119398321e+01  9.9442483e-01
1.119958020e+01  9.9440773e-01
1.120517999e+01  9.9438987e-01
1.121078258e+01  9.9437091e-01
1.121638797e+01  9.9435042e-01
1.122199617e+01  9.9432792e-01
1.122760717e+01  9.9430297e-01
1.123322097e+01  9.9427537e-01
1.123883758e+01  9.9424527e-01
1.124445700e+01  9.9421340e-01
1.125007923e+01  9.9418102e-01
1.125570427e+01  9.9414983e-01
1.126133212e+01  9.9412167e-01
1.126696279e+01  9.9409811e-01
1.127259627e+01  9.9408007e-01
1.127823257e+01  9.9406758e-01
1.128387168e+01  9.9405982e-01
1.128951362e+01  9.9405529e-01
1.129515837e+01  9.9405223e-01
1.130080595e+01  9.9404901e-01
1.130645636e+01  9.9404440e-01
1.131210958e+01  9.9403770e-01
1.131776564e+01  9.9402869e-01
1.132342452e+01  9.9401750e-01
1.132908623e+01  9.9400442e-01
1.133475078e+01  9.9398980e-01
1.134041815e+01  9.9397400e-01
1.134608836e+01  9.9395731e-01
1.135176141e+01  9.9394003e-01
1.135743729e+01  9.9392246e-01
1.136311601e+01  9.9390494e-01
1.136879756e+01  9.9388777e-01
1.137448196e+01  9.9387127e-01
1.138016920e+01  9.9385563e-01
1.138585929e+01  9.9384091e-01
1.139155222e+01  9.9382700e-01
1.139724799e+01  9.9381361e-01
1.140294662e+01  9.9380033e-01
1.140864809e+01  9.9378665e-01
1.141435242e+01  9.9377206e-01
1.142005959e+01  9.9375606e-01
1.142576962e+01  9.9373820e-01
1.143148251e+01  9.9371818e-01
1.143719825e+01  9.9369584e-01
1.144291685e+01  9.9367128e-01
1.144863831e+01  9.9364496e-01
1.145436262e+01  9.9361768e-01
1.146008981e+01  9.9359059e-01
1.146581985e+01  9.9356498e-01
1.147155276e+01  9.9354209e-01
1.147728854e+01  9.9352278e-01
1.148302718e+01  9.9350738e-01
1.148876869e+01  9.9349553e-01
1.149451308e+01  9.9348634e-01
1.150026034e+01  9.9347858e-01
1.150601047e+01  9.9347096e-01
1.151176347e+01  9.9346237e-01
1.151751935e+01  9.9345210e-01
1.152327811e+01  9.9343985e-01
1.152903975e+01  9.9342570e-01
1.153480427e+01  9.9341002e-01
1.154057167e+01  9.9339332e-01
1.154634196e+01  9.9337613e-01
1.155211513e+01  9.9335890e-01
1.155789119e+01  9.9334196e-01
1.156367013e+01  9.9332546e-01
1.156945197e+01  9.9330942e-01
1.157523669e+01  9.9329371e-01
1.158102431e+01  9.9327817e-01
1.158681482e+01  9.9326261e-01
1.159260823e+01  9.9324688e-01
1.159840454e+01  9.9323089e-01
1.160420374e+01  9.9321459e-01
1.161000584e+01  9.9319800e-01
1.161581084e+01  9.9318113e-01
1.162161875e+01  9.9316404e-01
1.162742956e+01  9.9314674e-01
1.163324327e+01  9.9312920e-01
1.163905989e+01  9.9311135e-01
1.164487942e+01  9.9309305e-01
1.165070186e+01  9.9307406e-01
1.165652722e+01  9.9305409e-01
1.166235548e+01  9.9303274e-01
1.166818666e+01  9.9300957e-01
1.167402075e+01  9.9298413e-01
1.167985776e+01  9.9295603e-01
1.168569769e+01  9.9292503e-01
1.169154054e+01  9.9289117e-01
1.169738631e+01  9.9285490e-01
1.170323500e+01  9.9281716e-01
1.170908662e+01  9.9277935e-01
1.171494116e+01  9.9274322e-01
1.172079863e+01  9.9271058e-01
1.172665903e+01  9.9268293e-01
1.173252236e+01  9.9266121e-01
1.173838862e+01  9.9264556e-01
1.174425782e+01  9.9263540e-01
1.175012995e+01  9.9262964e-01
1.175600501e+01  9.9262698e-01
1.176188301e+01  9.9262622e-01
1.176776396e+01  9.9262641e-01
1.177364784e+01  9.9262684e-01
1.177953466e+01  9.9262699e-01
1.178542443e+01  9.9262636e-01
1.179131714e+01  9.9262450e-01
1.179721280e+01  9.9262096e-01
1.180311141e+01  9.9261538e-01
1.180901296e+01  9.9260757e-01
1.181491747e+01  9.9259747e-01
1.182082493e+01  9.9258519e-01
1.182673534e+01  9.9257089e-01
1.183264871e+01  9.9255478e-01
1.183856503e+01  9.9253705e-01
1.184448431e+01  9.9251787e-01
1.185040656e+01  9.9249746e-01
1.185633176e+01  9.9247609e-01
1.186225992e+01  9.9245412e-01
1.186819105e+01  9.9243199e-01
1.187412515e+01  9.9241024e-01
1.188006221e+01  9.9238941e-01
1.188600224e+01  9.9237001e-01
1.189194525e+01  9.9235246e-01
1.189789122e+01  9.9233700e-01
1.190384016e+01  9.9232369e-01
1.190979208e+01  9.9231234e-01
1.191574698e+01  9.9230253e-01
1.192170485e+01  9.9229371e-01
1.192766571e+01  9.9228528e-01
1.193362954e+01  9.9227664e-01
1.193959635e+01  9.9226736e-01
1.194556615e+01  9.9225716e-01
1.195153893e+01  9.9224597e-01
1.195751470e+01  9.9223385e-01
1.196349346e+01  9.9222096e-01
1.196947521e+01  9.9220751e-01
1.197545995e+01  9.9219367e-01
1.198144768e+01  9.9217961e-01
1.198743840e+01  9.9216541e-01
1.199343212e+01  9.9215113e-01
1.199942883e+01  9.9213675e-01
1.200542855e+01  9.9212222e-01
1.201143126e+01  9.9210741e-01
1.201743698e+01  9.9209215e-01
1.202344570e+01  9.9207620e-01
1.202945742e+01  9.9205927e-01
1.203547215e+01  9.9204106e-01
1.204148988e+01  9.9202133e-01
1.204751063e+01  9.9199996e-01
1.205353439e+01  9.9197703e-01
1.205956115e+01  9.9195283e-01
1.206559093e+01  9.9192787e-01
1.207162373e+01  9.9190279e-01
1.207765954e+01  9.9187825e-01
1.208369837e+01  9.9185490e-01
1.208974022e+01  9.9183327e-01
1.209578509e+01  9.9181386e-01
1.210183298e+01  9.9179709e-01
1.210788390e+01  9.9178337e-01
1.211393784e+01  9.9177301e-01
1.211999481e+01  9.9176607e-01
1.212605481e+01  9.9176233e-01
1.213211783e+01  9.9176117e-01
1.213818389e+01  9.9176164e-01
1.214425298e+01  9.9176264e-01
1.215032511e+01  9.9176311e-01
1.215640027e+01  9.9176219e-01
1.216247847e+01  9.9175940e-01
1.216855971e+01  9.9175456e-01
1.217464399e+01  9.9174782e-01
1.218073132e+01  9.9173946e-01
1.218682168e+01  9.9172982e-01
1.219291509e+01  9.9171922e-01
1.219901155e+01  9.9170784e-01
1.220511105e+01  9.9169577e-01
1.221121361e+01  9.9168295e-01
1.221731922e+01  9.9166918e-01
1.222342788e+01  9.9165417e-01
1.222953959e+01  9.9163757e-01
1.223565436e+01  9.9161909e-01
1.224177219e+01  9.9159862e-01
1.224789307e+01  9.9157635e-01
1.225401702e+01  9.9155288e-01
1.226014403e+01  9.9152926e-01
1.226627410e+01  9.9150682e-01
1.227240724e+01  9.9148696e-01
1.227854344e+01  9.9147083e-01
1.228468271e+01  9.9145901e-01
1.229082505e+01  9.9145128e-01
1.229697047e+01  9.9144664e-01
1.230311895e+01  9.9144340e-01
1.230927051e+01  9.9143947e-01
1.231542515e+01  9.9143274e-01
1.232158286e+01  9.9142141e-01
1.232774365e+01  9.9140433e-01
1.233390752e+01  9.9138127e-01
1.234007448e+01  9.9135305e-01
1.234624451e+01  9.9132156e-01
1.235241764e+01  9.9128951e-01
1.235859385e+01  9.9126002e-01
1.236477314e+01  9.9123599e-01
1.237095553e+01  9.9121943e-01
1.237714101e+01  9.9121095e-01
1.238332958e+01  9.9120959e-01
1.238952124e+01  9.9121301e-01
1.239571600e+01  9.9121809e-01
1.240191386e+01  9.9122165e-01
1.240811482e+01  9.9122116e-01
1.241431887e+01  9.9121530e-01
1.242052603e+01  9.9120404e-01
1.242673630e+01  9.9118847e-01
1.243294967e+01  9.9117020e-01
1.243916614e+01  9.9115056e-01
1.244538572e+01  9.9112979e-01
1.245160842e+01  9.9110634e-01
1.245783422e+01  9.9107662e-01
1.246406314e+01  9.9103523e-01
1.247029517e+01  9.9097592e-01
1.247653032e+01  9.9089307e-01
1.248276858e+01  9.9078346e-01
1.248900997e+01  9.9064788e-01
1.249525447e+01  9.9049189e-01
1.250150210e+01  9.9032538e-01
1.250775285e+01  9.9016087e-01
1.251400673e+01  9.9001079e-01
1.252026373e+01  9.8988494e-01
1.252652386e+01  9.8978879e-01
1.253278712e+01  9.8972357e-01
1.253905352e+01  9.8968772e-01
1.254532304e+01  9.8967917e-01
1.255159570e+01  9.8969696e-01
1.255787150e+01  9.8974162e-01
1.256415044e+01  9.8981398e-01
1.257043251e+01  9.8991328e-01
1.257671773e+01  9.9003552e-01
1.258300609e+01  9.9017311e-01
1.258929759e+01  9.9031591e-01
1.259559224e+01  9.9045324e-01
1.260189004e+01  9.9057608e-01
1.260819098e+01  9.9067856e-01
1.261449508e+01  9.9075845e-01
1.262080232e+01  9.9081665e-01
1.262711273e+01  9.9085611e-01
1.263342628e+01  9.9088067e-01
1.263974300e+01  9.9089410e-01
1.264606287e+01  9.9089947e-01
1.265238590e+01  9.9089898e-01
1.265871209e+01  9.9089381e-01
1.266504145e+01  9.9088421e-01
1.267137397e+01  9.9086952e-01
1.267770965e+01  9.9084814e-01
1.268404851e+01  9.9081764e-01
1.269039053e+01  9.9077503e-01
1.269673573e+01  9.9071733e-01
1.270308410e+01  9.9064253e-01
1.270943564e+01  9.9055075e-01
1.271579036e+01  9.9044528e-01
1.272214825e+01  9.9033318e-01
1.272850933e+01  9.9022485e-01
1.273487358e+01  9.9013246e-01
1.274124102e+01  9.9006750e-01
1.274761164e+01  9.9003811e-01
1.275398544e+01  9.9004698e-01
1.276036244e+01  9.9009053e-01
1.276674262e+01  9.9015981e-01
1.277312599e+01  9.9024261e-01
1.277951255e+01  9.9032618e-01
1.278590231e+01  9.9039970e-01
1.279229526e+01  9.9045583e-01
1.279869141e+01  9.9049114e-01
1.280509075e+01  9.9050558e-01
1.281149330e+01  9.9050138e-01
1.281789905e+01  9.9048192e-01
1.282430799e+01  9.9045081e-01
1.283072015e+01  9.9041150e-01
1.283713551e+01  9.9036718e-01
1.284355408e+01  9.9032102e-01
1.284997585e+01  9.9027637e-01
1.285640084e+01  9.9023679e-01
1.286282904e+01  9.9020577e-01
1.286926046e+01  9.9018612e-01
1.287569509e+01  9.9017947e-01
1.288213293e+01  9.9018576e-01
1.288857400e+01  9.9020323e-01
1.289501829e+01  9.9022875e-01
1.290146580e+01  9.9025836e-01
1.290791653e+01  9.9028800e-01
1.291437049e+01  9.9031404e-01
1.292082767e+01  9.9033356e-01
1.292728809e+01  9.9034441e-01
1.293375173e+01  9.9034504e-01
1.294021861e+01  9.9033430e-01
1.294668872e+01  9.9031135e-01
1.295316206e+01  9.9027570e-01
1.295963864e+01  9.9022762e-01
1.296611846e+01  9.9016855e-01
1.297260152e+01  9.9010162e-01
1.297908782e+01  9.9003175e-01
1.298557736e+01  9.8996531e-01
1.299207015e+01  9.8990925e-01
1.299856619e+01  9.8986975e-01
1.300506547e+01  9.8985084e-01
1.301156800e+01  9.8985345e-01
1.301807379e+01  9.8987515e-01
1.302458283e+01  9.8991079e-01
1.303109512e+01  9.8995370e-01
1.303761066e+01  9.8999717e-01
1.304412947e+01  9.9003575e-01
1.305065153e+01  9.9006592e-01
1.305717686e+01  9.9008624e-01
1.306370545e+01  9.9009699e-01
1.307023730e+01  9.9009953e-01
1.307677242e+01  9.9009567e-01
1.308331081e+01  9.9008719e-01
1.308985246e+01  9.9007556e-01
1.309639739e+01  9.9006188e-01
1.310294559e+01  9.9004686e-01
1.310949706e+01  9.9003096e-01
1.311605181e+01  9.9001448e-01
1.312260983e+01  9.8999766e-01
1.312917114e+01  9.8998069e-01
1.313573572e+01  9.8996373e-01
1.314230359e+01  9.8994691e-01
1.314887474e+01  9.8993020e-01
1.315544918e+01  9.8991341e-01
1.316202691e+01  9.8989606e-01
1.316860792e+01  9.8987734e-01
1.317519222e+01  9.8985599e-01
1.318177982e+01  9.8983032e-01
1.318837071e+01  9.8979824e-01
1.319496489e+01  9.8975749e-01
1.320156238e+01  9.8970607e-01
1.320816316e+01  9.8964281e-01
1.321476724e+01  9.8956811e-01
1.322137462e+01  9.8948451e-01
1.322798531e+01  9.8939691e-01
1.323459930e+01  9.8931222e-01
1.324121660e+01  9.8923828e-01
1.324783721e+01  9.8918237e-01
1.325446113e+01  9.8914957e-01
1.326108836e+01  9.8914148e-01
1.326771890e+01  9.8915580e-01
1.327435276e+01  9.8918665e-01
1.328098994e+01  9.8922577e-01
1.328763044e+01  9.8926388e-01
1.329427425e+01  9.8929207e-01
1.330092139e+01  9.8930290e-01
1.330757185e+01  9.8929105e-01
1.331422563e+01  9.8925392e-01
1.332088275e+01  9.8919198e-01
1.332754319e+01  9.8910918e-01
1.333420696e+01  9.8901288e-01
1.334087406e+01  9.8891320e-01
1.334754450e+01  9.8882149e-01
1.335421827e+01  9.8874818e-01
1.336089538e+01  9.8870034e-01
1.336757583e+01  9.8867993e-01
1.337425962e+01  9.8868331e-01
1.338094675e+01  9.8870226e-01
1.338763722e+01  9.8872634e-01
1.339433104e+01  9.8874582e-01
1.340102820e+01  9.8875408e-01
1.340772872e+01  9.8874891e-01
1.341443258e+01  9.8873222e-01
1.342113980e+01  9.8870851e-01
1.342785037e+01  9.8868268e-01
1.343456429e+01  9.8865806e-01
1.344128158e+01  9.8863533e-01
1.344800222e+01  9.8861251e-01
1.345472622e+01  9.8858619e-01
1.346145358e+01  9.8855321e-01
1.346818431e+01  9.8851237e-01
1.347491840e+01  9.8846556e-01
1.348165586e+01  9.8841780e-01
1.348839669e+01  9.8837624e-01
1.349514089e+01  9.8834830e-01
1.350188846e+01  9.8833972e-01
1.350863940e+01  9.8835285e-01
1.351539372e+01  9.8838601e-01
1.352215142e+01  9.8843396e-01
1.352891249e+01  9.8848924e-01
1.353567695e+01  9.8854404e-01
1.354244479e+01  9.8859175e-01
1.354921601e+01  9.8862810e-01
1.355599062e+01  9.8865129e-01
1.356276861e+01  9.8866162e-01
1.356955000e+01  9.8866071e-01
1.357633477e+01  9.8865053e-01
1.358312294e+01  9.8863271e-01
1.358991450e+01  9.8860785e-01
1.359670946e+01  9.8857512e-01
1.360350781e+01  9.8853197e-01
1.361030957e+01  9.8847411e-01
1.361711472e+01  9.8839573e-01
1.362392328e+01  9.8829033e-01
1.363073524e+01  9.8815207e-01
1.363755061e+01  9.8797766e-01
1.364436938e+01  9.8776839e-01
1.365119157e+01  9.8753165e-01
1.365801716e+01  9.8728131e-01
1.366484617e+01  9.8703640e-01
1.367167860e+01  9.8681839e-01
1.367851444e+01  9.8664742e-01
1.368535369e+01  9.8653867e-01
1.369219637e+01  9.8649986e-01
1.369904247e+01  9.8653036e-01
1.370589199e+01  9.8662191e-01
1.371274494e+01  9.8676069e-01
1.371960131e+01  9.8692977e-01
1.372646111e+01  9.8711163e-01
1.373332434e+01  9.8729031e-01
1.374019100e+01  9.8745292e-01
1.374706110e+01  9.8759059e-01
1.375393463e+01  9.8769876e-01
1.376081159e+01  9.8777676e-01
1.376769200e+01  9.8782701e-01
1.377457585e+01  9.8785384e-01
1.378146313e+01  9.8786239e-01
1.378835387e+01  9.8785762e-01
1.379524804e+01  9.8784374e-01
1.380214567e+01  9.8782397e-01
1.380904674e+01  9.8780054e-01
1.381595126e+01  9.8777486e-01
1.382285924e+01  9.8774776e-01
1.382977067e+01  9.8771964e-01
1.383668555e+01  9.8769068e-01
1.384360390e+01  9.8766086e-01
1.385052570e+01  9.8763007e-01
1.385745096e+01  9.8759810e-01
1.386437969e+01  9.8756472e-01
1.387131188e+01  9.8752975e-01
1.387824753e+01  9.8749320e-01
1.388518666e+01  9.8745537e-01
1.389212925e+01  9.8741689e-01
1.389907531e+01  9.8737869e-01
1.390602485e+01  9.8734179e-01
1.391297786e+01  9.8730705e-01
1.391993435e+01  9.8727479e-01
1.392689432e+01  9.8724451e-01
1.393385777e+01  9.8721469e-01
1.394082470e+01  9.8718285e-01
1.394779511e+01  9.8714584e-01
1.395476901e+01  9.8710029e-01
1.396174639e+01  9.8704335e-01
1.396872726e+01  9.8697353e-01
1.397571163e+01  9.8689143e-01
1.398269948e+01  9.8680026e-01
1.398969083e+01  9.8670584e-01
1.399668568e+01  9.8661583e-01
1.400368402e+01  9.8653843e-01
1.401068586e+01  9.8648055e-01
1.401769121e+01  9.8644608e-01
1.402470005e+01  9.8643476e-01
1.403171240e+01  9.8644187e-01
1.403872826e+01  9.8645881e-01
1.404574762e+01  9.8647407e-01
1.405277050e+01  9.8647436e-01
1.405979688e+01  9.8644536e-01
1.406682678e+01  9.8637230e-01
1.407386019e+01  9.8624065e-01
1.408089712e+01  9.8603751e-01
1.408793757e+01  9.8575410e-01
1.409498154e+01  9.8538910e-01
1.410202903e+01  9.8495177e-01
1.410908005e+01  9.8446378e-01
1.411613459e+01  9.8395801e-01
1.412319265e+01  9.8347436e-01
1.413025425e+01  9.8305304e-01
1.413731938e+01  9.8272753e-01
1.414438804e+01  9.8251926e-01
1.415146023e+01  9.8243574e-01
1.415853596e+01  9.8247194e-01
1.416561523e+01  9.8261387e-01
1.417269804e+01  9.8284251e-01
1.417978439e+01  9.8313660e-01
1.418687428e+01  9.8347416e-01
1.419396771e+01  9.8383315e-01
1.420106470e+01  9.8419215e-01
1.420816523e+01  9.8453152e-01
1.421526931e+01  9.8483505e-01
1.422237695e+01  9.8509117e-01
1.422948814e+01  9.8529347e-01
1.423660288e+01  9.8544002e-01
1.424372118e+01  9.8553176e-01
1.425084304e+01  9.8557059e-01
1.425796846e+01  9.8555763e-01
1.426509745e+01  9.8549234e-01
1.427223000e+01  9.8537282e-01
1.427936611e+01  9.8519719e-01
1.428650580e+01  9.8496597e-01
1.429364905e+01  9.8468446e-01
1.430079587e+01  9.8436459e-01
1.430794627e+01  9.8402499e-01
1.431510024e+01  9.8368920e-01
1.432225779e+01  9.8338218e-01
1.432941892e+01  9.8312596e-01
1.433658363e+01  9.8293575e-01
1.434375192e+01  9.8281762e-01
1.435092380e+01  9.8276829e-01
1.435809926e+01  9.8277698e-01
1.436527831e+01  9.8282880e-01
1.437246095e+01  9.8290856e-01
1.437964718e+01  9.8300407e-01
1.438683700e+01  9.8310800e-01
1.439403042e+01  9.8321782e-01
1.440122744e+01  9.8333388e-01
1.440842805e+01  9.8345611e-01
1.441563227e+01  9.8358075e-01
1.442284008e+01  9.8369808e-01
1.443005150e+01  9.8379223e-01
1.443726653e+01  9.8384293e-01
1.444448516e+01  9.8382897e-01
1.445170740e+01  9.8373207e-01
1.445893326e+01  9.8354045e-01
1.446616272e+01  9.8325134e-01
1.447339581e+01  9.8287229e-01
1.448063250e+01  9.8242137e-01
1.448787282e+01  9.8192643e-01
1.449511676e+01  9.8142361e-01
1.450236431e+01  9.8095471e-01
1.450961550e+01  9.8056336e-01
1.451687030e+01  9.8028995e-01
1.452412874e+01  9.8016563e-01
1.453139080e+01  9.8020661e-01
1.453865650e+01  9.8041016e-01
1.454592583e+01  9.8075389e-01
1.455319879e+01  9.8119894e-01
1.456047539e+01  9.8169672e-01
1.456775563e+01  9.8219756e-01
1.457503951e+01  9.8265892e-01
1.458232703e+01  9.8305110e-01
1.458961819e+01  9.8335944e-01
1.459691300e+01  9.8358286e-01
1.460421145e+01  9.8373021e-01
1.461151356e+01  9.8381562e-01
1.461881932e+01  9.8385436e-01
1.462612873e+01  9.8385985e-01
1.463344179e+01  9.8384207e-01
1.464075851e+01  9.8380701e-01
1.464807889e+01  9.8375686e-01
1.465540293e+01  9.8369057e-01
1.466273063e+01  9.8360484e-01
1.467006200e+01  9.8349538e-01
1.467739703e+01  9.8335870e-01
1.468473573e+01  9.8319417e-01
1.469207809e+01  9.8300592e-01
1.469942413e+01  9.8280398e-01
1.470677385e+01  9.8260408e-01
1.471412723e+01  9.8242546e-01
1.472148430e+01  9.8228720e-01
1.472884504e+01  9.8220390e-01
1.473620946e+01  9.8218199e-01
1.474357757e+01  9.8221791e-01
1.475094935e+01  9.8229886e-01
1.475832483e+01  9.8240557e-01
1.476570399e+01  9.8251642e-01
1.477308684e+01  9.8261122e-01
1.478047339e+01  9.8267409e-01
1.478786362e+01  9.8269469e-01
1.479525756e+01  9.8266837e-01
1.480265518e+01  9.8259579e-01
1.481005651e+01  9.8248239e-01
1.481746154e+01  9.8233779e-01
1.482487027e+01  9.8217500e-01
1.483228271e+01  9.8200868e-01
1.483969885e+01  9.8185229e-01
1.484711870e+01  9.8171421e-01
1.485454226e+01  9.8159354e-01
1.486196953e+01  9.8147671e-01
1.486940051e+01  9.8133616e-01
1.487683521e+01  9.8113221e-01
1.488427363e+01  9.8081871e-01
1.489171577e+01  9.8035267e-01
1.489916162e+01  9.7970669e-01
1.490661121e+01  9.7888189e-01
1.491406451e+01  9.7791777e-01
1.492152154e+01  9.7689468e-01
1.492898230e+01  9.7592572e-01
1.493644680e+01  9.7513769e-01
1.494391502e+01  9.7464471e-01
1.495138698e+01  9.7452167e-01
1.495886267e+01  9.7478588e-01
1.496634210e+01  9.7539300e-01
1.497382527e+01  9.7624859e-01
1.498131218e+01  9.7723111e-01
1.498880284e+01  9.7821847e-01
1.499629724e+01  9.7911028e-01
1.500379539e+01  9.7984019e-01
1.501129729e+01  9.8037753e-01
1.501880294e+01  9.8072113e-01
1.502631234e+01  9.8088936e-01
1.503382549e+01  9.8091082e-01
1.504134241e+01  9.8081800e-01
1.504886308e+01  9.8064380e-01
1.505638751e+01  9.8041943e-01
1.506391570e+01  9.8017202e-01
1.507144766e+01  9.7992062e-01
1.507898339e+01  9.7967101e-01
1.508652288e+01  9.7941121e-01
1.509406614e+01  9.7911042e-01
1.510161317e+01  9.7872390e-01
1.510916398e+01  9.7820467e-01
1.511671856e+01  9.7752046e-01
1.512427692e+01  9.7667171e-01
1.513183906e+01  9.7570400e-01
1.513940498e+01  9.7470957e-01
1.514697468e+01  9.7381443e-01
1.515454817e+01  9.7315276e-01
1.516212544e+01  9.7283531e-01
1.516970650e+01  9.7292141e-01
1.517729136e+01  9.7340376e-01
1.518488000e+01  9.7421113e-01
1.519247244e+01  9.7522734e-01
1.520006868e+01  9.7631976e-01
1.520766871e+01  9.7736775e-01
1.521527255e+01  9.7828311e-01
1.522288018e+01  9.7901836e-01
1.523049162e+01  9.7956376e-01
1.523810687e+01  9.7993683e-01
1.524572592e+01  9.8016960e-01
1.525334879e+01  9.8029741e-01
1.526097546e+01  9.8035153e-01
1.526860595e+01  9.8035565e-01
1.527624025e+01  9.8032552e-01
1.528387837e+01  9.8027051e-01
1.529152031e+01  9.8019592e-01
1.529916607e+01  9.8010545e-01
1.530681565e+01  9.8000313e-01
1.531446906e+01  9.7989458e-01
1.532212630e+01  9.7978727e-01
1.532978736e+01  9.7968967e-01
1.533745225e+01  9.7960986e-01
1.534512098e+01  9.7955368e-01
1.535279354e+01  9.7952324e-01
1.536046994e+01  9.7951635e-01
1.536815017e+01  9.7952705e-01
1.537583425e+01  9.7954691e-01
1.538352216e+01  9.7956666e-01
1.539121393e+01  9.7957756e-01
1.539890953e+01  9.7957201e-01
1.540660899e+01  9.7954324e-01
1.541431229e+01  9.7948449e-01
1.542201945e+01  9.7938799e-01
1.542973046e+01  9.7924438e-01
1.543744532e+01  9.7904306e-01
1.544516405e+01  9.7877360e-01
1.545288663e+01  9.7842846e-01
1.546061307e+01  9.7800640e-01
1.546834338e+01  9.7751612e-01
1.547607755e+01  9.7697908e-01
1.548381559e+01  9.7643021e-01
1.549155750e+01  9.7591558e-01
1.549930327e+01  9.7548650e-01
1.550705293e+01  9.7519073e-01
1.551480645e+01  9.7506235e-01
1.552256386e+01  9.7511347e-01
1.553032514e+01  9.7532974e-01
1.553809030e+01  9.7567178e-01
1.554585934e+01  9.7608222e-01
1.555363227e+01  9.7649613e-01
1.556140909e+01  9.7685209e-01
1.556918980e+01  9.7710088e-01
1.557697439e+01  9.7720993e-01
1.558476288e+01  9.7716346e-01
1.559255526e+01  9.7695935e-01
1.560035154e+01  9.7660434e-01
1.560815171e+01  9.7611003e-01
1.561595579e+01  9.7549103e-01
1.562376377e+01  9.7476600e-01
1.563157565e+01  9.7396078e-01
1.563939144e+01  9.7311143e-01
1.564721113e+01  9.7226430e-01
1.565503474e+01  9.7147076e-01
1.566286225e+01  9.7077703e-01
1.567069369e+01  9.7021224e-01
1.567852903e+01  9.6977998e-01
1.568636830e+01  9.6945860e-01
1.569421148e+01  9.6921168e-01
1.570205859e+01  9.6900554e-01
1.570990962e+01  9.6882645e-01
1.571776457e+01  9.6868950e-01
1.572562345e+01  9.6863450e-01
1.573348626e+01  9.6871022e-01
1.574135301e+01  9.6895372e-01
1.574922368e+01  9.6937426e-01
1.575709830e+01  9.6994838e-01
1.576497685e+01  9.7062797e-01
1.577285933e+01  9.7135632e-01
1.578074576e+01  9.7208476e-01
1.578863614e+01  9.7278272e-01
1.579653045e+01  9.7343840e-01
1.580442872e+01  9.7405205e-01
1.581233093e+01  9.7462651e-01
1.582023710e+01  9.7516025e-01
1.582814722e+01  9.7564519e-01
1.583606129e+01  9.7606932e-01
1.584397932e+01  9.7642145e-01
1.585190131e+01  9.7669513e-01
1.585982726e+01  9.7689018e-01
1.586775718e+01  9.7701124e-01
1.587569105e+01  9.7706403e-01
1.588362890e+01  9.7705049e-01
1.589157071e+01  9.7696392e-01
1.589951650e+01  9.7678495e-01
1.590746626e+01  9.7647952e-01
1.591541999e+01  9.7600018e-01
1.592337770e+01  9.7529246e-01
1.593133939e+01  9.7430715e-01
1.593930506e+01  9.7301841e-01
1.594727471e+01  9.7144424e-01
1.595524835e+01  9.6966301e-01
1.596322597e+01  9.6781838e-01
1.597120759e+01  9.6610634e-01
1.597919319e+01  9.6474326e-01
1.598718279e+01  9.6392096e-01
1.599517638e+01  9.6376150e-01
1.600317397e+01  9.6428622e-01
1.601117555e+01  9.6540973e-01
1.601918114e+01  9.6696110e-01
1.602719073e+01  9.6872487e-01
1.603520433e+01  9.7048811e-01
1.604322193e+01  9.7207952e-01
1.605124354e+01  9.7339127e-01
1.605926916e+01  9.7438179e-01
1.606729880e+01  9.7506355e-01
1.607533245e+01  9.7548448e-01
1.608337011e+01  9.7570780e-01
1.609141180e+01  9.7579672e-01
1.609945750e+01  9.7580370e-01
1.610750723e+01  9.7576392e-01
1.611556099e+01  9.7569099e-01
1.612361877e+01  9.7557359e-01
1.613168058e+01  9.7537261e-01
1.613974642e+01  9.7501977e-01
1.614781629e+01  9.7441961e-01
1.615589020e+01  9.7345845e-01
1.616396814e+01  9.7202288e-01
1.617205013e+01  9.7002910e-01
1.618013615e+01  9.6746002e-01
1.618822622e+01  9.6440035e-01
1.619632033e+01  9.6105668e-01
1.620441849e+01  9.5774851e-01
1.621252070e+01  9.5486290e-01
1.622062696e+01  9.5277831e-01
1.622873728e+01  9.5177647e-01
1.623685165e+01  9.5197006e-01
1.624497007e+01  9.5327155e-01
1.625309256e+01  9.5541575e-01
1.626121910e+01  9.5802944e-01
1.626934971e+01  9.6072503e-01
1.627748439e+01  9.6318796e-01
1.628562313e+01  9.6523244e-01
1.629376594e+01  9.6681361e-01
1.630191282e+01  9.6800017e-01
1.631006378e+01  9.6892313e-01
1.631821881e+01  9.6972098e-01
1.632637792e+01  9.7049795e-01
1.633454111e+01  9.7130424e-01
1.634270838e+01  9.7213810e-01
1.635087973e+01  9.7296286e-01
1.635905517e+01  9.7372923e-01
1.636723470e+01  9.7439455e-01
1.637541832e+01  9.7493405e-01
1.638360603e+01  9.7534339e-01
1.639179783e+01  9.7563477e-01
1.639999373e+01  9.7583009e-01
1.640819373e+01  9.7595377e-01
1.641639782e+01  9.7602834e-01
1.642460602e+01  9.7607139e-01
1.643281833e+01  9.7609484e-01
1.644103474e+01  9.7610540e-01
1.644925525e+01  9.7610549e-01
1.645747988e+01  9.7609422e-01
1.646570862e+01  9.7606858e-01
1.647394147e+01  9.7602464e-01
1.648217845e+01  9.7595904e-01
1.649041953e+01  9.7587063e-01
1.649866474e+01  9.7576194e-01
1.650691408e+01  9.7564036e-01
1.651516753e+01  9.7551765e-01
1.652342512e+01  9.7540838e-01
1.653168683e+01  9.7532677e-01
1.653995267e+01  9.7528267e-01
1.654822265e+01  9.7527757e-01
1.655649676e+01  9.7530163e-01
1.656477501e+01  9.7533256e-01
1.657305740e+01  9.7533654e-01
1.658134393e+01  9.7527135e-01
1.658963460e+01  9.7509183e-01
1.659792942e+01  9.7475762e-01
1.660622838e+01  9.7424303e-01
1.661453149e+01  9.7354764e-01
1.662283876e+01  9.7270520e-01
1.663115018e+01  9.7178694e-01
1.663946575e+01  9.7089577e-01
1.664778549e+01  9.7015067e-01
1.665610938e+01  9.6966241e-01
1.666443743e+01  9.6950806e-01
1.667276965e+01  9.6971132e-01
1.668110604e+01  9.7023532e-01
1.668944659e+01  9.7098995e-01
1.669779131e+01  9.7185047e-01
1.670614021e+01  9.7268053e-01
1.671449328e+01  9.7335222e-01
1.672285053e+01  9.7375883e-01
1.673121195e+01  9.7382042e-01
1.673957756e+01  9.7348686e-01
1.674794735e+01  9.7274046e-01
1.675632132e+01  9.7160313e-01
1.676469948e+01  9.7014343e-01
1.677308183e+01  9.6847737e-01
1.678146837e+01  9.6675485e-01
1.678985911e+01  9.6512769e-01
1.679825404e+01  9.6370280e-01
1.680665316e+01  9.6249305e-01
1.681505649e+01  9.6138500e-01
1.682346402e+01  9.6014201e-01
1.683187575e+01  9.5845324e-01
1.684029169e+01  9.5602416e-01
1.684871183e+01  9.5268758e-01
1.685713619e+01  9.4850189e-01
1.686556476e+01  9.4379925e-01
1.687399754e+01  9.3915830e-01
1.688243454e+01  9.3529702e-01
1.689087576e+01  9.3290979e-01
1.689932119e+01  9.3249552e-01
1.690777085e+01  9.3423078e-01
1.691622474e+01  9.3792867e-01
1.692468285e+01  9.4309431e-01
1.693314519e+01  9.4905462e-01
1.694161177e+01  9.5511658e-01
1.695008257e+01  9.6070438e-01
1.695855761e+01  9.6544128e-01
1.696703689e+01  9.6916605e-01
1.697552041e+01  9.7189700e-01
1.698400817e+01  9.7376855e-01
1.699250017e+01  9.7496532e-01
1.700099642e+01  9.7567133e-01
1.700949692e+01  9.7603942e-01
1.701800167e+01  9.7618022e-01
1.702651067e+01  9.7616432e-01
1.703502393e+01  9.7603177e-01
1.704354144e+01  9.7580456e-01
1.705206321e+01  9.7549876e-01
1.706058924e+01  9.7513496e-01
1.706911954e+01  9.7474374e-01
1.707765410e+01  9.7436578e-01
1.708619292e+01  9.7404484e-01
1.709473602e+01  9.7381651e-01
1.710328339e+01  9.7369266e-01
1.711183503e+01  9.7364877e-01
1.712039095e+01  9.7361702e-01
1.712895114e+01  9.7348851e-01
1.713751562e+01  9.7312612e-01
1.714608438e+01  9.7238761e-01
1.715465742e+01  9.7115678e-01
1.716323475e+01  9.6937826e-01
1.717181636e+01  9.6708926e-01
1.718040227e+01  9.6443837e-01
1.718899247e+01  9.6168278e-01
1.719758697e+01  9.5915622e-01
1.720618576e+01  9.5721000e-01
1.721478886e+01  9.5613907e-01
1.722339625e+01  9.5611173e-01
1.723200795e+01  9.5712430e-01
1.724062395e+01  9.5899419e-01
1.724924426e+01  9.6139264e-01
1.725786889e+01  9.6390520e-01
1.726649782e+01  9.6610162e-01
1.727513107e+01  9.6759838e-01
1.728376864e+01  9.6810561e-01
1.729241052e+01  9.6745921e-01
1.730105672e+01  9.6564351e-01
1.730970725e+01  9.6280644e-01
1.731836211e+01  9.5926222e-01
1.732702129e+01  9.5547001e-01
1.733568480e+01  9.5197858e-01
1.734435264e+01  9.4933742e-01
1.735302482e+01  9.4799053e-01
1.736170133e+01  9.4818203e-01
1.737038218e+01  9.4990391e-01
1.737906737e+01  9.5290487e-01
1.738775691e+01  9.5675771e-01
1.739645078e+01  9.6096328e-01
1.740514901e+01  9.6505647e-01
1.741385158e+01  9.6868464e-01
1.742255851e+01  9.7164285e-01
1.743126979e+01  9.7386470e-01
1.743998542e+01  9.7538368e-01
1.744870542e+01  9.7628212e-01
1.745742977e+01  9.7664395e-01
1.746615848e+01  9.7652022e-01
1.747489156e+01  9.7591124e-01
1.748362901e+01  9.7476698e-01
1.749237082e+01  9.7300448e-01
1.750111701e+01  9.7054079e-01
1.750986757e+01  9.6733614e-01
1.751862250e+01  9.6343664e-01
1.752738181e+01  9.5900177e-01
1.753614550e+01  9.5430163e-01
1.754491358e+01  9.4967698e-01
1.755368603e+01  9.4547084e-01
1.756246288e+01  9.4195330e-01
1.757124411e+01  9.3927009e-01
1.758002973e+01  9.3743822e-01
1.758881974e+01  9.3639092e-01
1.759761415e+01  9.3605006e-01
1.760641296e+01  9.3639018e-01
1.761521617e+01  9.3746007e-01
1.762402378e+01  9.3934995e-01
1.763283579e+01  9.4211925e-01
1.764165221e+01  9.4572020e-01
1.765047303e+01  9.4995364e-01
1.765929827e+01  9.5447811e-01
1.766812792e+01  9.5886880e-01
1.767696198e+01  9.6270417e-01
1.768580046e+01  9.6565124e-01
1.769464336e+01  9.6752651e-01
1.770349068e+01  9.6832199e-01
1.771234243e+01  9.6819658e-01
1.772119860e+01  9.6743966e-01
1.773005920e+01  9.6641537e-01
1.773892423e+01  9.6549647e-01
1.774779369e+01  9.6499862e-01
1.775666759e+01  9.6512674e-01
1.776554592e+01  9.6594641e-01
1.777442870e+01  9.6738609e-01
1.778331591e+01  9.6926920e-01
1.779220757e+01  9.7136600e-01
1.780110367e+01  9.7344906e-01
1.781000422e+01  9.7533730e-01
1.781890923e+01  9.7691918e-01
1.782781868e+01  9.7815439e-01
1.783673259e+01  9.7905937e-01
1.784565096e+01  9.7968481e-01
1.785457378e+01  9.8009458e-01
1.786350107e+01  9.8034957e-01
1.787243282e+01  9.8049881e-01
1.788136903e+01  9.8057657e-01
1.789030972e+01  9.8060301e-01
1.789925487e+01  9.8058601e-01
1.790820450e+01  9.8052241e-01
1.791715860e+01  9.8039774e-01
1.792611718e+01  9.8018466e-01
1.793508024e+01  9.7984174e-01
1.794404778e+01  9.7931487e-01
1.795301981e+01  9.7854431e-01
1.796199632e+01  9.7747932e-01
1.797097731e+01  9.7609882e-01
1.797996280e+01  9.7443420e-01
1.798895278e+01  9.7258569e-01
1.799794726e+01  9.7072333e-01
1.800694623e+01  9.6906720e-01
1.801594971e+01  9.6784665e-01
1.802495768e+01  9.6724928e-01
1.803397016e+01  9.6737409e-01
1.804298715e+01  9.6820442e-01
1.805200864e+01  9.6960994e-01
1.806103464e+01  9.7137612e-01
1.807006516e+01  9.7325029e-01
1.807910019e+01  9.7498914e-01
1.808813974e+01  9.7639400e-01
1.809718381e+01  9.7732873e-01
1.810623241e+01  9.7772249e-01
1.811528552e+01  9.7756460e-01
1.812434316e+01  9.7689904e-01
1.813340534e+01  9.7582144e-01
1.814247204e+01  9.7447392e-01
1.815154327e+01  9.7303329e-01
1.816061905e+01  9.7168702e-01
1.816969936e+01  9.7059665e-01
1.817878421e+01  9.6985769e-01
1.818787360e+01  9.6946770e-01
1.819696753e+01  9.6931351e-01
1.820606602e+01  9.6918261e-01
1.821516905e+01  9.6879591e-01
1.822427664e+01  9.6785275e-01
1.823338877e+01  9.6607921e-01
1.824250547e+01  9.6327335e-01
1.825162672e+01  9.5934535e-01
1.826075253e+01  9.5435216e-01
1.826988291e+01  9.4852223e-01
1.827901785e+01  9.4226143e-01
1.828815736e+01  9.3612903e-01
1.829730144e+01  9.3077659e-01
1.830645009e+01  9.2685357e-01
1.831560332e+01  9.2489512e-01
1.832476112e+01  9.2521884e-01
1.833392350e+01  9.2785717e-01
1.834309046e+01  9.3254516e-01
1.835226200e+01  9.3876793e-01
1.836143814e+01  9.4585577e-01
1.837061885e+01  9.5310184e-01
1.837980416e+01  9.5987286e-01
1.838899407e+01  9.6568945e-01
1.839818856e+01  9.7026308e-01
1.840738766e+01  9.7349319e-01
1.841659135e+01  9.7543690e-01
1.842579965e+01  9.7626788e-01
1.843501255e+01  9.7623660e-01
1.844423005e+01  9.7563682e-01
1.845345217e+01  9.7477605e-01
1.846267889e+01  9.7394568e-01
1.847191023e+01  9.7338969e-01
1.848114619e+01  9.7327378e-01
1.849038676e+01  9.7366494e-01
1.849963196e+01  9.7452711e-01
1.850888177e+01  9.7573600e-01
1.851813621e+01  9.7710939e-01
1.852739528e+01  9.7844134e-01
1.853665898e+01  9.7953114e-01
1.854592731e+01  9.8020087e-01
1.855520027e+01  9.8030081e-01
1.856447787e+01  9.7971080e-01
1.857376011e+01  9.7834705e-01
1.858304699e+01  9.7618094e-01
1.859233851e+01  9.7326889e-01
1.860163468e+01  9.6978299e-01
1.861093550e+01  9.6602562e-01
1.862024097e+01  9.6241170e-01
1.862955109e+01  9.5941125e-01
1.863886586e+01  9.5746063e-01
1.864818530e+01  9.5686583e-01
1.865750939e+01  9.5772884e-01
1.866683814e+01  9.5992284e-01
1.867617156e+01  9.6312554e-01
1.868550965e+01  9.6689903e-01
1.869485240e+01  9.7078962e-01
1.870419983e+01  9.7441595e-01
1.871355193e+01  9.7752338e-01
1.872290871e+01  9.7999695e-01
1.873227016e+01  9.8184007e-01
1.874163630e+01  9.8313459e-01
1.875100711e+01  9.8399842e-01
1.876038262e+01  9.8455201e-01
1.876976281e+01  9.8489817e-01
1.877914769e+01  9.8511414e-01
1.878853726e+01  9.8525212e-01
1.879793153e+01  9.8534403e-01
1.880733050e+01  9.8540724e-01
1.881673416e+01  9.8544933e-01
1.882614253e+01  9.8547188e-01
1.883555560e+01  9.8547290e-01
1.884497338e+01  9.8544603e-01
1.885439587e+01  9.8537930e-01
1.886382306e+01  9.8525130e-01
1.887325498e+01  9.8502251e-01
1.888269160e+01  9.8462322e-01
1.889213295e+01  9.8393741e-01
1.890157902e+01  9.8278617e-01
1.891102981e+01  9.8091751e-01
1.892048532e+01  9.7801362e-01
1.892994556e+01  9.7372755e-01
1.893941054e+01  9.6775755e-01
1.894888024e+01  9.5995560e-01
1.895835468e+01  9.5044880e-01
1.896783386e+01  9.3973470e-01
1.897731778e+01  9.2870360e-01
1.898680643e+01  9.1855195e-01
1.899629984e+01  9.1058340e-01
1.900579799e+01  9.0593724e-01
1.901530089e+01  9.0532114e-01
1.902480854e+01  9.0883433e-01
1.903432094e+01  9.1594243e-01
1.904383810e+01  9.2561278e-01
1.905336002e+01  9.3656244e-01
1.906288670e+01  9.4753798e-01
1.907241814e+01  9.5754049e-01
1.908195435e+01  9.6594652e-01
1.909149533e+01  9.7251325e-01
1.910104108e+01  9.7729700e-01
1.911059160e+01  9.8053020e-01
1.912014689e+01  9.8249955e-01
1.912970697e+01  9.8345473e-01
1.913927182e+01  9.8355414e-01
1.914884146e+01  9.8285055e-01
1.915841588e+01  9.8130739e-01
1.916799509e+01  9.7884003e-01
1.917757908e+01  9.7537135e-01
1.918716787e+01  9.7089262e-01
1.919676146e+01  9.6551077e-01
1.920635984e+01  9.5946389e-01
1.921596302e+01  9.5309079e-01
1.922557100e+01  9.4675690e-01
1.923518378e+01  9.4075874e-01
1.924480138e+01  9.3524220e-01
1.925442378e+01  9.3017718e-01
1.926405099e+01  9.2540722e-01
1.927368301e+01  9.2076320e-01
1.928331986e+01  9.1619852e-01
1.929296152e+01  9.1188876e-01
1.930260800e+01  9.0825044e-01
1.931225930e+01  9.0586496e-01
1.932191543e+01  9.0533183e-01
1.933157639e+01  9.0710103e-01
1.934124218e+01  9.1133957e-01
1.935091280e+01  9.1787156e-01
1.936058825e+01  9.2620442e-01
1.937026855e+01  9.3562717e-01
1.937995368e+01  9.4534833e-01
1.938964366e+01  9.5463515e-01
1.939933848e+01  9.6292123e-01
1.940903815e+01  9.6986286e-01
1.941874267e+01  9.7534120e-01
1.942845204e+01  9.7942149e-01
1.943816627e+01  9.8228902e-01
1.944788535e+01  9.8418283e-01
1.945760929e+01  9.8534181e-01
1.946733810e+01  9.8597290e-01
1.947707177e+01  9.8623753e-01
1.948681030e+01  9.8625388e-01
1.949655371e+01  9.8610648e-01
1.950630198e+01  9.8585725e-01
1.951605513e+01  9.8555426e-01
1.952581316e+01  9.8523558e-01
1.953557607e+01  9.8493346e-01
1.954534386e+01  9.8467116e-01
1.955511653e+01  9.8445990e-01
1.956489409e+01  9.8429293e-01
1.957467653e+01  9.8413626e-01
1.958446387e+01  9.8391348e-01
1.959425610e+01  9.8348698e-01
1.960405323e+01  9.8263708e-01
1.961385526e+01  9.8104568e-01
1.962366219e+01  9.7829515e-01
1.963347402e+01  9.7389711e-01
1.964329075e+01  9.6736481e-01
1.965311240e+01  9.5833449e-01
1.966293896e+01  9.4672290e-01
1.967277043e+01  9.3288391e-01
1.968260681e+01  9.1770654e-01
1.969244811e+01  9.0259406e-01
1.970229434e+01  8.8928847e-01
1.971214549e+01  8.7955489e-01
1.972200156e+01  8.7480100e-01
1.973186256e+01  8.7573892e-01
1.974172849e+01  8.8220544e-01
1.975159935e+01  8.9319764e-01
1.976147515e+01  9.0711028e-01
1.977135589e+01  9.2209021e-01
1.978124157e+01  9.3639086e-01
1.979113219e+01  9.4862587e-01
1.980102776e+01  9.5787383e-01
1.981092827e+01  9.6364951e-01
1.982083373e+01  9.6580200e-01
1.983074415e+01  9.6441391e-01
1.984065952e+01  9.5975510e-01
1.985057985e+01  9.5230371e-01
1.986050514e+01  9.4280413e-01
1.987043540e+01  9.3230362e-01
1.988037061e+01  9.2210914e-01
1.989031080e+01  9.1363527e-01
1.990025595e+01  9.0816293e-01
1.991020608e+01  9.0657478e-01
1.992016119e+01  9.0915586e-01
1.993012127e+01  9.1553261e-01
1.994008633e+01  9.2477440e-01
1.995005637e+01  9.3562707e-01
1.996003140e+01  9.4679667e-01
1.997001141e+01  9.5719853e-01
1.997999642e+01  9.6610931e-01
1.998998642e+01  9.7320138e-01
1.999998141e+01  9.7848155e-01
