results_atm.txt
# ------------------------------------------------------------------------
# Spectra synthesized with the Planetary and Universal Model of Atmospheric Scattering (PUMAS, Villanueva et al. 2018, 2022)
# Single scattering radiative transfer method
# Radiative transfer took 14.210 seconds
# ------------------------------------------------------------------------
# Wave/freq Kelt-9-b
4.000000000e-01  3.9691606e-01
4.002000000e-01  3.9604646e-01
4.004001000e-01  3.9518860e-01
4.006003000e-01  3.9433805e-01
4.008006002e-01  3.9347573e-01
4.010010005e-01  3.9261189e-01
4.012015010e-01  3.9176597e-01
4.014021018e-01  3.9091917e-01
4.016028028e-01  3.9005433e-01
4.018036042e-01  3.8921466e-01
4.020045060e-01  3.8836410e-01
4.022055083e-01  3.8751184e-01
4.024066110e-01  3.8664441e-01
4.026078143e-01  3.8583429e-01
4.028091182e-01  3.8498979e-01
4.030105228e-01  3.8413630e-01
4.032120280e-01  3.8329379e-01
4.034136341e-01  3.8245541e-01
4.036153409e-01  3.8162902e-01
4.038171485e-01  3.8079226e-01
4.040190571e-01  3.7994705e-01
4.042210666e-01  3.7912537e-01
4.044231772e-01  3.7828706e-01
4.046253888e-01  3.7745999e-01
4.048277015e-01  3.7662881e-01
4.050301153e-01  3.7580805e-01
4.052326304e-01  3.7498507e-01
4.054352467e-01  3.7414912e-01
4.056379643e-01  3.7332140e-01
4.058407833e-01  3.7251066e-01
4.060437037e-01  3.7169342e-01
4.062467255e-01  3.7087611e-01
4.064498489e-01  3.7004667e-01
4.066530738e-01  3.6923581e-01
4.068564004e-01  3.6842646e-01
4.070598286e-01  3.6761556e-01
4.072633585e-01  3.6680162e-01
4.074669902e-01  3.6597378e-01
4.076707237e-01  3.6518300e-01
4.078745590e-01  3.6437453e-01
4.080784963e-01  3.6356777e-01
4.082825355e-01  3.6276229e-01
4.084866768e-01  3.6195984e-01
4.086909201e-01  3.6115550e-01
4.088952656e-01  3.6035618e-01
4.090997132e-01  3.5955646e-01
4.093042631e-01  3.5875929e-01
4.095089152e-01  3.5796174e-01
4.097136697e-01  3.5716778e-01
4.099185265e-01  3.5637387e-01
4.101234858e-01  3.5558031e-01
4.103285475e-01  3.5478798e-01
4.105337118e-01  3.5400066e-01
4.107389787e-01  3.5321265e-01
4.109443481e-01  3.5242586e-01
4.111498203e-01  3.5164005e-01
4.113553952e-01  3.5085570e-01
4.115610729e-01  3.5007284e-01
4.117668535e-01  3.4929205e-01
4.119727369e-01  3.4851207e-01
4.121787233e-01  3.4773412e-01
4.123848126e-01  3.4695740e-01
4.125910050e-01  3.4618241e-01
4.127973005e-01  3.4540841e-01
4.130036992e-01  3.4463551e-01
4.132102010e-01  3.4386371e-01
4.134168061e-01  3.4309379e-01
4.136235145e-01  3.4232648e-01
4.138303263e-01  3.4155941e-01
4.140372415e-01  3.4079279e-01
4.142442601e-01  3.4001714e-01
4.144513822e-01  3.3926228e-01
4.146586079e-01  3.3850063e-01
4.148659372e-01  3.3774307e-01
4.150733702e-01  3.3698285e-01
4.152809069e-01  3.3622828e-01
4.154885473e-01  3.3547177e-01
4.156962916e-01  3.3471559e-01
4.159041397e-01  3.3396452e-01
4.161120918e-01  3.3320905e-01
4.163201478e-01  3.3245147e-01
4.165283079e-01  3.3170813e-01
4.167365721e-01  3.3096230e-01
4.169449404e-01  3.3021785e-01
4.171534128e-01  3.2947379e-01
4.173619895e-01  3.2873223e-01
4.175706705e-01  3.2798841e-01
4.177794559e-01  3.2724799e-01
4.179883456e-01  3.2651131e-01
4.181973398e-01  3.2577174e-01
4.184064384e-01  3.2503797e-01
4.186156417e-01  3.2430500e-01
4.188249495e-01  3.2356742e-01
4.190343619e-01  3.2283880e-01
4.192438791e-01  3.2210619e-01
4.194535011e-01  3.2137630e-01
4.196632278e-01  3.2065331e-01
4.198730594e-01  3.1992487e-01
4.200829960e-01  3.1919841e-01
4.202930375e-01  3.1847581e-01
4.205031840e-01  3.1775484e-01
4.207134356e-01  3.1703457e-01
4.209237923e-01  3.1631434e-01
4.211342542e-01  3.1559507e-01
4.213448213e-01  3.1488208e-01
4.215554937e-01  3.1416382e-01
4.217662715e-01  3.1345147e-01
4.219771546e-01  3.1273805e-01
4.221881432e-01  3.1203040e-01
4.223992373e-01  3.1131801e-01
4.226104369e-01  3.1061174e-01
4.228217421e-01  3.0990526e-01
4.230331530e-01  3.0920047e-01
4.232446695e-01  3.0849675e-01
4.234562919e-01  3.0779244e-01
4.236680200e-01  3.0709357e-01
4.238798540e-01  3.0639303e-01
4.240917940e-01  3.0569507e-01
4.243038399e-01  3.0499923e-01
4.245159918e-01  3.0430253e-01
4.247282498e-01  3.0360714e-01
4.249406139e-01  3.0291685e-01
4.251530842e-01  3.0222497e-01
4.253656607e-01  3.0153677e-01
4.255783436e-01  3.0084627e-01
4.257911327e-01  3.0015719e-01
4.260040283e-01  2.9947408e-01
4.262170303e-01  2.9878874e-01
4.264301388e-01  2.9810724e-01
4.266433539e-01  2.9742608e-01
4.268566756e-01  2.9674558e-01
4.270701039e-01  2.9606761e-01
4.272836390e-01  2.9539011e-01
4.274972808e-01  2.9471440e-01
4.277110294e-01  2.9403976e-01
4.279248850e-01  2.9336615e-01
4.281388474e-01  2.9269459e-01
4.283529168e-01  2.9202409e-01
4.285670933e-01  2.9135389e-01
4.287813768e-01  2.9068574e-01
4.289957675e-01  2.9002019e-01
4.292102654e-01  2.8935463e-01
4.294248705e-01  2.8869155e-01
4.296395830e-01  2.8802852e-01
4.298544028e-01  2.8736692e-01
4.300693300e-01  2.8670855e-01
4.302843646e-01  2.8605000e-01
4.304995068e-01  2.8539277e-01
4.307147566e-01  2.8473788e-01
4.309301139e-01  2.8408321e-01
4.311455790e-01  2.8342964e-01
4.313611518e-01  2.8277939e-01
4.315768324e-01  2.8212921e-01
4.317926208e-01  2.8147965e-01
4.320085171e-01  2.8083385e-01
4.322245213e-01  2.8018732e-01
4.324406336e-01  2.7954307e-01
4.326568539e-01  2.7889963e-01
4.328731823e-01  2.7825793e-01
4.330896189e-01  2.7761729e-01
4.333061637e-01  2.7697826e-01
4.335228168e-01  2.7634022e-01
4.337395782e-01  2.7570460e-01
4.339564480e-01  2.7506918e-01
4.341734263e-01  2.7443561e-01
4.343905130e-01  2.7380366e-01
4.346077082e-01  2.7317276e-01
4.348250121e-01  2.7254370e-01
4.350424246e-01  2.7191434e-01
4.352599458e-01  2.7128747e-01
4.354775758e-01  2.7066197e-01
4.356953146e-01  2.7003641e-01
4.359131622e-01  2.6941363e-01
4.361311188e-01  2.6879186e-01
4.363491844e-01  2.6817026e-01
4.365673589e-01  2.6755307e-01
4.367856426e-01  2.6693759e-01
4.370040354e-01  2.6632046e-01
4.372225375e-01  2.6570416e-01
4.374411487e-01  2.6509146e-01
4.376598693e-01  2.6447967e-01
4.378786992e-01  2.6387079e-01
4.380976386e-01  2.6325968e-01
4.383166874e-01  2.6265121e-01
4.385358458e-01  2.6203193e-01
4.387551137e-01  2.6142027e-01
4.389744912e-01  2.6081744e-01
4.391939785e-01  2.6022246e-01
4.394135755e-01  2.5962083e-01
4.396332823e-01  2.5902301e-01
4.398530989e-01  2.5842179e-01
4.400730254e-01  2.5782381e-01
4.402930620e-01  2.5723593e-01
4.405132085e-01  2.5664365e-01
4.407334651e-01  2.5604608e-01
4.409538318e-01  2.5542776e-01
4.411743087e-01  2.5483193e-01
4.413948959e-01  2.5425322e-01
4.416155933e-01  2.5367096e-01
4.418364011e-01  2.5308185e-01
4.420573193e-01  2.5248593e-01
4.422783480e-01  2.5183909e-01
4.424994872e-01  2.5125905e-01
4.427207369e-01  2.5069092e-01
4.429420973e-01  2.5014701e-01
4.431635683e-01  2.4957847e-01
4.433851501e-01  2.4900672e-01
4.436068427e-01  2.4841023e-01
4.438286461e-01  2.4786457e-01
4.440505604e-01  2.4726908e-01
4.442725857e-01  2.4671997e-01
4.444947220e-01  2.4612222e-01
4.447169694e-01  2.4557781e-01
4.449393279e-01  2.4499671e-01
4.451617975e-01  2.4444507e-01
4.453843784e-01  2.4387548e-01
4.456070706e-01  2.4330481e-01
4.458298741e-01  2.4275079e-01
4.460527891e-01  2.4216768e-01
4.462758155e-01  2.4162633e-01
4.464989534e-01  2.4106128e-01
4.467222029e-01  2.4049287e-01
4.469455640e-01  2.3994547e-01
4.471690367e-01  2.3938316e-01
4.473926213e-01  2.3883862e-01
4.476163176e-01  2.3827588e-01
4.478401257e-01  2.3775382e-01
4.480640458e-01  2.3717925e-01
4.482880778e-01  2.3662306e-01
4.485122219e-01  2.3609364e-01
4.487364780e-01  2.3555157e-01
4.489608462e-01  2.3497166e-01
4.491853266e-01  2.3446885e-01
4.494099193e-01  2.3392168e-01
4.496346243e-01  2.3337432e-01
4.498594416e-01  2.3282828e-01
4.500843713e-01  2.3229118e-01
4.503094135e-01  2.3176340e-01
4.505345682e-01  2.3123153e-01
4.507598355e-01  2.3068712e-01
4.509852154e-01  2.3016302e-01
4.512107080e-01  2.2962968e-01
4.514363133e-01  2.2911013e-01
4.516620315e-01  2.2854823e-01
4.518878625e-01  2.2804601e-01
4.521138064e-01  2.2752380e-01
4.523398633e-01  2.2699306e-01
4.525660333e-01  2.2646832e-01
4.527923163e-01  2.2593837e-01
4.530187125e-01  2.2543280e-01
4.532452218e-01  2.2491626e-01
4.534718444e-01  2.2439412e-01
4.536985803e-01  2.2385190e-01
4.539254296e-01  2.2335909e-01
4.541523924e-01  2.2284770e-01
4.543794685e-01  2.2233453e-01
4.546066583e-01  2.2181825e-01
4.548339616e-01  2.2129537e-01
4.550613786e-01  2.2079982e-01
4.552889093e-01  2.2028373e-01
4.555165537e-01  2.1978265e-01
4.557443120e-01  2.1927517e-01
4.559721842e-01  2.1877117e-01
4.562001703e-01  2.1826521e-01
4.564282703e-01  2.1776736e-01
4.566564845e-01  2.1726405e-01
4.568848127e-01  2.1676175e-01
4.571132551e-01  2.1626700e-01
4.573418118e-01  2.1576898e-01
4.575704827e-01  2.1527346e-01
4.577992679e-01  2.1477582e-01
4.580281675e-01  2.1428341e-01
4.582571816e-01  2.1379114e-01
4.584863102e-01  2.1329823e-01
4.587155534e-01  2.1280875e-01
4.589449111e-01  2.1232038e-01
4.591743836e-01  2.1183239e-01
4.594039708e-01  2.1134555e-01
4.596336728e-01  2.1086014e-01
4.598634896e-01  2.1037556e-01
4.600934214e-01  2.0989284e-01
4.603234681e-01  2.0941179e-01
4.605536298e-01  2.0893105e-01
4.607839066e-01  2.0845108e-01
4.610142986e-01  2.0797307e-01
4.612448057e-01  2.0749698e-01
4.614754281e-01  2.0702095e-01
4.617061658e-01  2.0654606e-01
4.619370189e-01  2.0607311e-01
4.621679874e-01  2.0560053e-01
4.623990714e-01  2.0513027e-01
4.626302710e-01  2.0465940e-01
4.628615861e-01  2.0419249e-01
4.630930169e-01  2.0372425e-01
4.633245634e-01  2.0325874e-01
4.635562257e-01  2.0279444e-01
4.637880038e-01  2.0233041e-01
4.640198978e-01  2.0186812e-01
4.642519077e-01  2.0140728e-01
4.644840337e-01  2.0094734e-01
4.647162757e-01  2.0048824e-01
4.649486338e-01  2.0003071e-01
4.651811082e-01  1.9957397e-01
4.654136987e-01  1.9911910e-01
4.656464056e-01  1.9866498e-01
4.658792288e-01  1.9820271e-01
4.661121684e-01  1.9775210e-01
4.663452245e-01  1.9730500e-01
4.665783971e-01  1.9685541e-01
4.668116863e-01  1.9641007e-01
4.670450921e-01  1.9596368e-01
4.672786147e-01  1.9551894e-01
4.675122540e-01  1.9507441e-01
4.677460101e-01  1.9463154e-01
4.679798831e-01  1.9418914e-01
4.682138731e-01  1.9374705e-01
4.684479800e-01  1.9330028e-01
4.686822040e-01  1.9286729e-01
4.689165451e-01  1.9242632e-01
4.691510034e-01  1.9198457e-01
4.693855789e-01  1.9155046e-01
4.696202716e-01  1.9112227e-01
4.698550818e-01  1.9068931e-01
4.700900093e-01  1.9025618e-01
4.703250543e-01  1.8982643e-01
4.705602169e-01  1.8939702e-01
4.707954970e-01  1.8896908e-01
4.710308947e-01  1.8854532e-01
4.712664102e-01  1.8812005e-01
4.715020434e-01  1.8769600e-01
4.717377944e-01  1.8727287e-01
4.719736633e-01  1.8684734e-01
4.722096501e-01  1.8642493e-01
4.724457549e-01  1.8600451e-01
4.726819778e-01  1.8558558e-01
4.729183188e-01  1.8516399e-01
4.731547780e-01  1.8475126e-01
4.733913554e-01  1.8433161e-01
4.736280510e-01  1.8392220e-01
4.738648651e-01  1.8350828e-01
4.741017975e-01  1.8309719e-01
4.743388484e-01  1.8268450e-01
4.745760178e-01  1.8227651e-01
4.748133058e-01  1.8186727e-01
4.750507125e-01  1.8145802e-01
4.752882378e-01  1.8105509e-01
4.755258819e-01  1.8064623e-01
4.757636449e-01  1.8024263e-01
4.760015267e-01  1.7984051e-01
4.762395275e-01  1.7943727e-01
4.764776472e-01  1.7903992e-01
4.767158861e-01  1.7863524e-01
4.769542440e-01  1.7823949e-01
4.771927211e-01  1.7784319e-01
4.774313175e-01  1.7744591e-01
4.776700331e-01  1.7705186e-01
4.779088682e-01  1.7665728e-01
4.781478226e-01  1.7626374e-01
4.783868965e-01  1.7587091e-01
4.786260900e-01  1.7548148e-01
4.788654030e-01  1.7509169e-01
4.791048357e-01  1.7470403e-01
4.793443881e-01  1.7431609e-01
4.795840603e-01  1.7392800e-01
4.798238523e-01  1.7354316e-01
4.800637643e-01  1.7315951e-01
4.803037962e-01  1.7277526e-01
4.805439481e-01  1.7239329e-01
4.807842200e-01  1.7201309e-01
4.810246121e-01  1.7163294e-01
4.812651244e-01  1.7125591e-01
4.815057570e-01  1.7087730e-01
4.817465099e-01  1.7050020e-01
4.819873831e-01  1.7012412e-01
4.822283768e-01  1.6975082e-01
4.824694910e-01  1.6937701e-01
4.827107258e-01  1.6900457e-01
4.829520811e-01  1.6863304e-01
4.831935572e-01  1.6826253e-01
4.834351539e-01  1.6789297e-01
4.836768715e-01  1.6752560e-01
4.839187100e-01  1.6715699e-01
4.841606693e-01  1.6678994e-01
4.844027496e-01  1.6642271e-01
4.846449510e-01  1.6605873e-01
4.848872735e-01  1.6569729e-01
4.851297171e-01  1.6533561e-01
4.853722820e-01  1.6497603e-01
4.856149681e-01  1.6461650e-01
4.858577756e-01  1.6425815e-01
4.861007045e-01  1.6389959e-01
4.863437549e-01  1.6354425e-01
4.865869267e-01  1.6318723e-01
4.868302202e-01  1.6283361e-01
4.870736353e-01  1.6248051e-01
4.873171721e-01  1.6212872e-01
4.875608307e-01  1.6177689e-01
4.878046111e-01  1.6142716e-01
4.880485134e-01  1.6107799e-01
4.882925377e-01  1.6072969e-01
4.885366840e-01  1.6038244e-01
4.887809523e-01  1.6003565e-01
4.890253428e-01  1.5969011e-01
4.892698554e-01  1.5934627e-01
4.895144904e-01  1.5900340e-01
4.897592476e-01  1.5866120e-01
4.900041272e-01  1.5831996e-01
4.902491293e-01  1.5797994e-01
4.904942539e-01  1.5764096e-01
4.907395010e-01  1.5730269e-01
4.909848708e-01  1.5696558e-01
4.912303632e-01  1.5662966e-01
4.914759784e-01  1.5629462e-01
4.917217164e-01  1.5596055e-01
4.919675772e-01  1.5562749e-01
4.922135610e-01  1.5529546e-01
4.924596678e-01  1.5496439e-01
4.927058976e-01  1.5463435e-01
4.929522506e-01  1.5430541e-01
4.931987267e-01  1.5397740e-01
4.934453261e-01  1.5365025e-01
4.936920487e-01  1.5332421e-01
4.939388947e-01  1.5299946e-01
4.941858642e-01  1.5267488e-01
4.944329571e-01  1.5235208e-01
4.946801736e-01  1.5202986e-01
4.949275137e-01  1.5170855e-01
4.951749774e-01  1.5138842e-01
4.954225649e-01  1.5106904e-01
4.956702762e-01  1.5075129e-01
4.959181114e-01  1.5043380e-01
4.961660704e-01  1.5011769e-01
4.964141534e-01  1.4980202e-01
4.966623605e-01  1.4948761e-01
4.969106917e-01  1.4917447e-01
4.971591470e-01  1.4886257e-01
4.974077266e-01  1.4855064e-01
4.976564305e-01  1.4824279e-01
4.979052587e-01  1.4793777e-01
4.981542113e-01  1.4762668e-01
4.984032884e-01  1.4731998e-01
4.986524901e-01  1.4700855e-01
4.989018163e-01  1.4670333e-01
4.991512672e-01  1.4639953e-01
4.994008429e-01  1.4609912e-01
4.996505433e-01  1.4579192e-01
4.999003686e-01  1.4549165e-01
5.001503187e-01  1.4518800e-01
5.004003939e-01  1.4489206e-01
5.006505941e-01  1.4459267e-01
5.009009194e-01  1.4429192e-01
5.011513699e-01  1.4400041e-01
5.014019455e-01  1.4372624e-01
5.016526465e-01  1.4342334e-01
5.019034728e-01  1.4311796e-01
5.021544246e-01  1.4282518e-01
5.024055018e-01  1.4253704e-01
5.026567045e-01  1.4226694e-01
5.029080329e-01  1.4196463e-01
5.031594869e-01  1.4173778e-01
5.034110666e-01  1.4143423e-01
5.036627722e-01  1.4112103e-01
5.039146036e-01  1.4084854e-01
5.041665609e-01  1.4054385e-01
5.044186442e-01  1.4024826e-01
5.046708535e-01  1.3996383e-01
5.049231889e-01  1.3967073e-01
5.051756505e-01  1.3938627e-01
5.054282383e-01  1.3911631e-01
5.056809524e-01  1.3882611e-01
5.059337929e-01  1.3853527e-01
5.061867598e-01  1.3825455e-01
5.064398532e-01  1.3800335e-01
5.066930731e-01  1.3771103e-01
5.069464197e-01  1.3743684e-01
5.071998929e-01  1.3717554e-01
5.074534928e-01  1.3690533e-01
5.077072196e-01  1.3662563e-01
5.079610732e-01  1.3633270e-01
5.082150537e-01  1.3608740e-01
5.084691612e-01  1.3582303e-01
5.087233958e-01  1.3551315e-01
5.089777575e-01  1.3528142e-01
5.092322464e-01  1.3499978e-01
5.094868625e-01  1.3473618e-01
5.097416059e-01  1.3447327e-01
5.099964767e-01  1.3422402e-01
5.102514750e-01  1.3392017e-01
5.105066007e-01  1.3365798e-01
5.107618540e-01  1.3346625e-01
5.110172349e-01  1.3312997e-01
5.112727436e-01  1.3288732e-01
5.115283799e-01  1.3261887e-01
5.117841441e-01  1.3238507e-01
5.120400362e-01  1.3211258e-01
5.122960562e-01  1.3188445e-01
5.125522042e-01  1.3158268e-01
5.128084803e-01  1.3135575e-01
5.130648846e-01  1.3108664e-01
5.133214170e-01  1.3080656e-01
5.135780777e-01  1.3059350e-01
5.138348668e-01  1.3034066e-01
5.140917842e-01  1.3006562e-01
5.143488301e-01  1.2979630e-01
5.146060045e-01  1.2955138e-01
5.148633075e-01  1.2933230e-01
5.151207392e-01  1.2904569e-01
5.153782995e-01  1.2881369e-01
5.156359887e-01  1.2856457e-01
5.158938067e-01  1.2832010e-01
5.161517536e-01  1.2807561e-01
5.164098295e-01  1.2781185e-01
5.166680344e-01  1.2758217e-01
5.169263684e-01  1.2731363e-01
5.171848316e-01  1.2709169e-01
5.174434240e-01  1.2684655e-01
5.177021457e-01  1.2660815e-01
5.179609968e-01  1.2635866e-01
5.182199773e-01  1.2611163e-01
5.184790873e-01  1.2588866e-01
5.187383268e-01  1.2564961e-01
5.189976960e-01  1.2539653e-01
5.192571948e-01  1.2515283e-01
5.195168234e-01  1.2493930e-01
5.197765818e-01  1.2469246e-01
5.200364701e-01  1.2445742e-01
5.202964884e-01  1.2423093e-01
5.205566366e-01  1.2398417e-01
5.208169149e-01  1.2375712e-01
5.210773234e-01  1.2353996e-01
5.213378620e-01  1.2329208e-01
5.215985310e-01  1.2307671e-01
5.218593302e-01  1.2283666e-01
5.221202599e-01  1.2260600e-01
5.223813200e-01  1.2238986e-01
5.226425107e-01  1.2215510e-01
5.229038320e-01  1.2193355e-01
5.231652839e-01  1.2171758e-01
5.234268665e-01  1.2148108e-01
5.236885799e-01  1.2126680e-01
5.239504242e-01  1.2103978e-01
5.242123994e-01  1.2081784e-01
5.244745056e-01  1.2058944e-01
5.247367429e-01  1.2036896e-01
5.249991113e-01  1.2016061e-01
5.252616108e-01  1.1993962e-01
5.255242416e-01  1.1971517e-01
5.257870037e-01  1.1949755e-01
5.260498973e-01  1.1928107e-01
5.263129222e-01  1.1906644e-01
5.265760787e-01  1.1885095e-01
5.268393667e-01  1.1864261e-01
5.271027864e-01  1.1842684e-01
5.273663378e-01  1.1821094e-01
5.276300209e-01  1.1800565e-01
5.278938360e-01  1.1778914e-01
5.281577829e-01  1.1758003e-01
5.284218618e-01  1.1737154e-01
5.286860727e-01  1.1715728e-01
5.289504157e-01  1.1695034e-01
5.292148909e-01  1.1674479e-01
5.294794984e-01  1.1654116e-01
5.297442381e-01  1.1633534e-01
5.300091103e-01  1.1613043e-01
5.302741148e-01  1.1593517e-01
5.305392519e-01  1.1572087e-01
5.308045215e-01  1.1552175e-01
5.310699238e-01  1.1531484e-01
5.313354587e-01  1.1511403e-01
5.316011264e-01  1.1491864e-01
5.318669270e-01  1.1471175e-01
5.321328605e-01  1.1451769e-01
5.323989269e-01  1.1432171e-01
5.326651264e-01  1.1412154e-01
5.329314589e-01  1.1392132e-01
5.331979247e-01  1.1372197e-01
5.334645236e-01  1.1352400e-01
5.337312559e-01  1.1333301e-01
5.339981215e-01  1.1313461e-01
5.342651206e-01  1.1294595e-01
5.345322531e-01  1.1274644e-01
5.347995193e-01  1.1256048e-01
5.350669190e-01  1.1237036e-01
5.353344525e-01  1.1217411e-01
5.356021197e-01  1.1198244e-01
5.358699208e-01  1.1179064e-01
5.361378557e-01  1.1160502e-01
5.364059247e-01  1.1143766e-01
5.366741276e-01  1.1125775e-01
5.369424647e-01  1.1105984e-01
5.372109359e-01  1.1086708e-01
5.374795414e-01  1.1068281e-01
5.377482811e-01  1.1049116e-01
5.380171553e-01  1.1031675e-01
5.382861639e-01  1.1011848e-01
5.385553069e-01  1.0995336e-01
5.388245846e-01  1.0977223e-01
5.390939969e-01  1.0960182e-01
5.393635439e-01  1.0943051e-01
5.396332257e-01  1.0923257e-01
5.399030423e-01  1.0906227e-01
5.401729938e-01  1.0893210e-01
5.404430803e-01  1.0874797e-01
5.407133018e-01  1.0858526e-01
5.409836585e-01  1.0837716e-01
5.412541503e-01  1.0817498e-01
5.415247774e-01  1.0801208e-01
5.417955398e-01  1.0782924e-01
5.420664375e-01  1.0766091e-01
5.423374708e-01  1.0746594e-01
5.426086395e-01  1.0734418e-01
5.428799438e-01  1.0715419e-01
5.431513838e-01  1.0699308e-01
5.434229595e-01  1.0678999e-01
5.436946710e-01  1.0666533e-01
5.439665183e-01  1.0646742e-01
5.442385016e-01  1.0630737e-01
5.445106208e-01  1.0611518e-01
5.447828761e-01  1.0594026e-01
5.450552676e-01  1.0574275e-01
5.453277952e-01  1.0561073e-01
5.456004591e-01  1.0545422e-01
5.458732593e-01  1.0527677e-01
5.461461960e-01  1.0514139e-01
5.464192690e-01  1.0496043e-01
5.466924787e-01  1.0479495e-01
5.469658249e-01  1.0461149e-01
5.472393078e-01  1.0443641e-01
5.475129275e-01  1.0432560e-01
5.477866840e-01  1.0414338e-01
5.480605773e-01  1.0395869e-01
5.483346076e-01  1.0382236e-01
5.486087749e-01  1.0363237e-01
5.488830793e-01  1.0346104e-01
5.491575208e-01  1.0336019e-01
5.494320996e-01  1.0320828e-01
5.497068156e-01  1.0304120e-01
5.499816690e-01  1.0290532e-01
5.502566599e-01  1.0272316e-01
5.505317882e-01  1.0258569e-01
5.508070541e-01  1.0238117e-01
5.510824576e-01  1.0223741e-01
5.513579988e-01  1.0208800e-01
5.516336778e-01  1.0191829e-01
5.519094947e-01  1.0174018e-01
5.521854494e-01  1.0163669e-01
5.524615422e-01  1.0144988e-01
5.527377729e-01  1.0134047e-01
5.530141418e-01  1.0115308e-01
5.532906489e-01  1.0101565e-01
5.535672942e-01  1.0088474e-01
5.538440779e-01  1.0070748e-01
5.541209999e-01  1.0054031e-01
5.543980604e-01  1.0041719e-01
5.546752594e-01  1.0029396e-01
5.549525971e-01  1.0012132e-01
5.552300734e-01  9.9959401e-02
5.555076884e-01  9.9811767e-02
5.557854422e-01  9.9645236e-02
5.560633350e-01  9.9546791e-02
5.563413666e-01  9.9386785e-02
5.566195373e-01  9.9224482e-02
5.568978471e-01  9.9066201e-02
5.571762960e-01  9.8951151e-02
5.574548841e-01  9.8794081e-02
5.577336116e-01  9.8654794e-02
5.580124784e-01  9.8490439e-02
5.582914846e-01  9.8370348e-02
5.585706304e-01  9.8211523e-02
5.588499157e-01  9.8088209e-02
5.591293407e-01  9.7948598e-02
5.594089053e-01  9.7799623e-02
5.596886098e-01  9.7646236e-02
5.599684541e-01  9.7519595e-02
5.602484383e-01  9.7378120e-02
5.605285625e-01  9.7236829e-02
5.608088268e-01  9.7118156e-02
5.610892312e-01  9.6966886e-02
5.613697758e-01  9.6824572e-02
5.616504607e-01  9.6687565e-02
5.619312860e-01  9.6559318e-02
5.622122516e-01  9.6421873e-02
5.624933577e-01  9.6279624e-02
5.627746044e-01  9.6155297e-02
5.630559917e-01  9.6009417e-02
5.633375197e-01  9.5881746e-02
5.636191885e-01  9.5749817e-02
5.639009981e-01  9.5624407e-02
5.641829486e-01  9.5484960e-02
5.644650400e-01  9.5355753e-02
5.647472725e-01  9.5230291e-02
5.650296462e-01  9.5099230e-02
5.653121610e-01  9.4980648e-02
5.655948171e-01  9.4856203e-02
5.658776145e-01  9.4744683e-02
5.661605533e-01  9.4625899e-02
5.664436336e-01  9.4519295e-02
5.667268554e-01  9.4421435e-02
5.670102188e-01  9.4285342e-02
5.672937239e-01  9.4206189e-02
5.675773708e-01  9.4058685e-02
5.678611595e-01  9.4543588e-02
5.681450901e-01  9.4143079e-02
5.684291626e-01  9.3899394e-02
5.687133772e-01  9.3706699e-02
5.689977339e-01  9.3554943e-02
5.692822327e-01  9.3397238e-02
5.695668739e-01  9.3303046e-02
5.698516573e-01  9.3086226e-02
5.701365831e-01  9.2930032e-02
5.704216514e-01  9.2835797e-02
5.707068622e-01  9.2681254e-02
5.709922157e-01  9.2619517e-02
5.712777118e-01  9.2471383e-02
5.715633506e-01  9.2401272e-02
5.718491323e-01  9.2267310e-02
5.721350569e-01  9.2136251e-02
5.724211244e-01  9.2067016e-02
5.727073350e-01  9.1910568e-02
5.729936886e-01  9.1747650e-02
5.732801855e-01  9.1698987e-02
5.735668256e-01  9.1598154e-02
5.738536090e-01  9.1429897e-02
5.741405358e-01  9.1353251e-02
5.744276061e-01  9.1250671e-02
5.747148199e-01  9.1042315e-02
5.750021773e-01  9.0998968e-02
5.752896784e-01  9.0845768e-02
5.755773232e-01  9.0756409e-02
5.758651119e-01  9.0657591e-02
5.761530444e-01  9.0519290e-02
5.764411209e-01  9.0415009e-02
5.767293415e-01  9.0391667e-02
5.770177062e-01  9.0367934e-02
5.773062150e-01  9.0122205e-02
5.775948681e-01  9.0055220e-02
5.778836656e-01  8.9985824e-02
5.781726074e-01  8.9799421e-02
5.784616937e-01  8.9688712e-02
5.787509245e-01  8.9541042e-02
5.790403000e-01  8.9595589e-02
5.793298202e-01  8.9402769e-02
5.796194851e-01  8.9261408e-02
5.799092948e-01  8.9141730e-02
5.801992495e-01  8.9496440e-02
5.804893491e-01  8.9292971e-02
5.807795938e-01  8.9053259e-02
5.810699836e-01  8.8805554e-02
5.813605185e-01  8.8845158e-02
5.816511988e-01  8.8651908e-02
5.819420244e-01  8.8471022e-02
5.822329954e-01  8.8407712e-02
5.825241119e-01  8.8378124e-02
5.828153740e-01  8.8339754e-02
5.831067817e-01  8.7996857e-02
5.833983350e-01  8.7936630e-02
5.836900342e-01  8.7848730e-02
5.839818792e-01  8.7820275e-02
5.842738702e-01  8.7677699e-02
5.845660071e-01  8.7426936e-02
5.848582901e-01  8.7540050e-02
5.851507193e-01  8.7406664e-02
5.854432946e-01  8.7314291e-02
5.857360163e-01  8.7728330e-02
5.860288843e-01  8.7488897e-02
5.863218987e-01  8.7928613e-02
5.866150597e-01  8.7465715e-02
5.869083672e-01  8.7501148e-02
5.872018214e-01  8.7455635e-02
5.874954223e-01  8.7182781e-02
5.877891700e-01  8.9150739e-02
5.880830646e-01  8.8384884e-02
5.883771061e-01  8.7778334e-02
5.886712947e-01  8.7317673e-02
5.889656303e-01  8.7298172e-02
5.892601131e-01  8.6882586e-02
5.895547432e-01  8.8802084e-02
5.898495206e-01  8.7656013e-02
5.901444453e-01  8.7006040e-02
5.904395175e-01  8.6974809e-02
5.907347373e-01  8.7582450e-02
5.910301047e-01  8.6840234e-02
5.913256197e-01  8.6428805e-02
5.916212825e-01  8.6334756e-02
5.919170932e-01  8.6015931e-02
5.922130517e-01  8.5952951e-02
5.925091582e-01  8.5553458e-02
5.928054128e-01  8.5217622e-02
5.931018155e-01  8.5012900e-02
5.933983664e-01  8.5121304e-02
5.936950656e-01  8.5056717e-02
5.939919132e-01  8.5607583e-02
5.942889091e-01  8.5721034e-02
5.945860536e-01  8.5966492e-02
5.948833466e-01  8.4630094e-02
5.951807883e-01  8.4783013e-02
5.954783787e-01  8.5249476e-02
5.957761179e-01  8.4621686e-02
5.960740059e-01  8.4648762e-02
5.963720429e-01  8.5311101e-02
5.966702289e-01  8.4617805e-02
5.969685640e-01  8.4042522e-02
5.972670483e-01  8.4660495e-02
5.975656819e-01  8.4815229e-02
5.978644647e-01  8.3992398e-02
5.981633969e-01  8.4338545e-02
5.984624786e-01  8.4246608e-02
5.987617099e-01  8.4883053e-02
5.990610907e-01  8.4327528e-02
5.993606213e-01  8.4515029e-02
5.996603016e-01  8.4330666e-02
5.999601317e-01  8.3826333e-02
6.002601118e-01  8.3290069e-02
6.005602418e-01  8.4038492e-02
6.008605220e-01  8.3948687e-02
6.011609522e-01  8.3560611e-02
6.014615327e-01  8.3093808e-02
6.017622635e-01  8.2831645e-02
6.020631446e-01  8.3759267e-02
6.023641762e-01  8.3216438e-02
6.026653583e-01  8.2701481e-02
6.029666909e-01  8.3003640e-02
6.032681743e-01  8.2982979e-02
6.035698084e-01  8.2569738e-02
6.038715933e-01  8.2290927e-02
6.041735291e-01  8.3210726e-02
6.044756158e-01  8.2711724e-02
6.047778537e-01  8.2380842e-02
6.050802426e-01  8.2107368e-02
6.053827827e-01  8.2341287e-02
6.056854741e-01  8.1837812e-02
6.059883168e-01  8.2014832e-02
6.062913110e-01  8.1474043e-02
6.065944566e-01  8.1557527e-02
6.068977539e-01  8.1582445e-02
6.072012027e-01  8.1390995e-02
6.075048033e-01  8.1506399e-02
6.078085557e-01  8.1171061e-02
6.081124600e-01  8.1604789e-02
6.084165163e-01  8.0947912e-02
6.087207245e-01  8.0780842e-02
6.090250849e-01  8.0877257e-02
6.093295974e-01  8.1098538e-02
6.096342622e-01  8.0862547e-02
6.099390793e-01  8.0390223e-02
6.102440489e-01  8.0314757e-02
6.105491709e-01  8.0399512e-02
6.108544455e-01  8.0546247e-02
6.111598727e-01  8.0276078e-02
6.114654527e-01  7.9979247e-02
6.117711854e-01  8.0327254e-02
6.120770710e-01  7.9777754e-02
6.123831095e-01  7.9994383e-02
6.126893011e-01  7.9787712e-02
6.129956457e-01  7.9829907e-02
6.133021435e-01  7.9455294e-02
6.136087946e-01  7.9421442e-02
6.139155990e-01  7.9456354e-02
6.142225568e-01  7.9434684e-02
6.145296681e-01  7.9405629e-02
6.148369329e-01  7.9084255e-02
6.151443514e-01  7.8958298e-02
6.154519236e-01  7.9109794e-02
6.157596495e-01  7.8823084e-02
6.160675294e-01  7.8788587e-02
6.163755631e-01  7.8706382e-02
6.166837509e-01  7.8604155e-02
6.169920928e-01  7.8529039e-02
6.173005888e-01  7.8452221e-02
6.176092391e-01  7.8459043e-02
6.179180437e-01  7.8379169e-02
6.182270028e-01  7.8300463e-02
6.185361163e-01  7.8187746e-02
6.188453843e-01  7.8122738e-02
6.191548070e-01  7.8080802e-02
6.194643844e-01  7.8009880e-02
6.197741166e-01  7.7987421e-02
6.200840037e-01  7.7910776e-02
6.203940457e-01  7.7803777e-02
6.207042427e-01  7.7743100e-02
6.210145948e-01  7.7709159e-02
6.213251021e-01  7.7621587e-02
6.216357647e-01  7.7614875e-02
6.219465825e-01  7.7624668e-02
6.222575558e-01  7.7427411e-02
6.225686846e-01  7.7385324e-02
6.228799689e-01  7.7303710e-02
6.231914089e-01  7.7304942e-02
6.235030046e-01  7.7238030e-02
6.238147561e-01  7.7187628e-02
6.241266635e-01  7.7115576e-02
6.244387268e-01  7.7222767e-02
6.247509462e-01  7.7136951e-02
6.250633217e-01  7.6987414e-02
6.253758533e-01  7.7097467e-02
6.256885413e-01  7.6995544e-02
6.260013855e-01  7.6811629e-02
6.263143862e-01  7.6956731e-02
6.266275434e-01  7.7103174e-02
6.269408572e-01  7.6799412e-02
6.272543276e-01  7.6605491e-02
6.275679548e-01  7.6559221e-02
6.278817388e-01  7.6448575e-02
6.281956796e-01  7.6329177e-02
6.285097775e-01  7.6277028e-02
6.288240324e-01  7.6197480e-02
6.291384444e-01  7.6161627e-02
6.294530136e-01  7.6097992e-02
6.297677401e-01  7.6037322e-02
6.300826240e-01  7.5991197e-02
6.303976653e-01  7.5928757e-02
6.307128641e-01  7.5868276e-02
6.310282206e-01  7.5975574e-02
6.313437347e-01  7.5934721e-02
6.316594065e-01  7.5810050e-02
6.319752362e-01  7.5836866e-02
6.322912239e-01  7.5672002e-02
6.326073695e-01  7.5667453e-02
6.329236732e-01  7.5629567e-02
6.332401350e-01  7.5493712e-02
6.335567551e-01  7.5449334e-02
6.338735334e-01  7.5387845e-02
6.341904702e-01  7.5260902e-02
6.345075654e-01  7.5230909e-02
6.348248192e-01  7.5212959e-02
6.351422316e-01  7.5079680e-02
6.354598027e-01  7.5057492e-02
6.357775327e-01  7.5054467e-02
6.360954214e-01  7.4947222e-02
6.364134691e-01  7.4987380e-02
6.367316759e-01  7.5031459e-02
6.370500417e-01  7.4895488e-02
6.373685667e-01  7.4788737e-02
6.376872510e-01  7.4958371e-02
6.380060946e-01  7.5018325e-02
6.383250977e-01  7.4776323e-02
6.386442602e-01  7.4742647e-02
6.389635824e-01  7.4697791e-02
6.392830641e-01  7.4548760e-02
6.396027057e-01  7.4539649e-02
6.399225070e-01  7.4395195e-02
6.402424683e-01  7.4362551e-02
6.405625895e-01  7.4410738e-02
6.408828708e-01  7.4298125e-02
6.412033122e-01  7.4312686e-02
6.415239139e-01  7.4297829e-02
6.418446759e-01  7.4194316e-02
6.421655982e-01  7.4229165e-02
6.424866810e-01  7.4060014e-02
6.428079243e-01  7.4187335e-02
6.431293283e-01  7.4173322e-02
6.434508930e-01  7.4335223e-02
6.437726184e-01  7.4687306e-02
6.440945047e-01  7.4696763e-02
6.444165520e-01  7.4084544e-02
6.447387603e-01  7.4121864e-02
6.450611296e-01  7.5534289e-02
6.453836602e-01  7.5023142e-02
6.457063520e-01  7.4451984e-02
6.460292052e-01  7.4617717e-02
6.463522198e-01  7.6215727e-02
6.466753959e-01  7.5121253e-02
6.469987336e-01  7.4738659e-02
6.473222330e-01  7.4912961e-02
6.476458941e-01  7.4445646e-02
6.479697170e-01  7.4220007e-02
6.482937019e-01  7.4812881e-02
6.486178488e-01  7.4258019e-02
6.489421577e-01  7.3995539e-02
6.492666288e-01  7.3877822e-02
6.495912621e-01  7.3350272e-02
6.499160577e-01  7.3451086e-02
6.502410157e-01  7.2930251e-02
6.505661362e-01  7.3032197e-02
6.508914193e-01  7.3169650e-02
6.512168650e-01  7.4314600e-02
6.515424734e-01  7.4460319e-02
6.518682447e-01  7.3652491e-02
6.521941788e-01  7.3375948e-02
6.525202759e-01  7.3021712e-02
6.528465360e-01  7.2915568e-02
6.531729593e-01  7.2965798e-02
6.534995458e-01  7.2950050e-02
6.538262956e-01  7.2865479e-02
6.541532087e-01  7.2836634e-02
6.544802853e-01  7.2781905e-02
6.548075254e-01  7.2803844e-02
6.551349292e-01  7.2988019e-02
6.554624967e-01  7.2821437e-02
6.557902279e-01  7.2559566e-02
6.561181230e-01  7.2706797e-02
6.564461821e-01  7.2696197e-02
6.567744052e-01  7.3166370e-02
6.571027924e-01  7.3926130e-02
6.574313438e-01  7.2364771e-02
6.577600595e-01  7.2744232e-02
6.580889395e-01  7.3084710e-02
6.584179840e-01  7.2641390e-02
6.587471930e-01  7.2087969e-02
6.590765666e-01  7.2463894e-02
6.594061048e-01  7.2615415e-02
6.597358079e-01  7.2458005e-02
6.600656758e-01  7.2106097e-02
6.603957086e-01  7.1909560e-02
6.607259065e-01  7.2181475e-02
6.610562694e-01  7.1930928e-02
6.613867976e-01  7.2079765e-02
6.617174910e-01  7.1761704e-02
6.620483497e-01  7.1675584e-02
6.623793739e-01  7.2646568e-02
6.627105636e-01  7.1960390e-02
6.630419189e-01  7.1917016e-02
6.633734398e-01  7.1760160e-02
6.637051265e-01  7.2046394e-02
6.640369791e-01  7.1181466e-02
6.643689976e-01  7.1856968e-02
6.647011821e-01  7.1739944e-02
6.650335327e-01  7.1342572e-02
6.653660494e-01  7.1246749e-02
6.656987325e-01  7.1267669e-02
6.660315818e-01  7.1579737e-02
6.663645976e-01  7.1299841e-02
6.666977799e-01  7.0936755e-02
6.670311288e-01  7.0887939e-02
6.673646444e-01  7.0932408e-02
6.676983267e-01  7.1264742e-02
6.680321759e-01  7.0677972e-02
6.683661920e-01  7.0523144e-02
6.687003751e-01  7.1361867e-02
6.690347252e-01  7.0538906e-02
6.693692426e-01  7.0929908e-02
6.697039272e-01  7.0292366e-02
6.700387792e-01  7.0650960e-02
6.703737986e-01  7.0710039e-02
6.707089855e-01  7.0293632e-02
6.710443400e-01  7.0198593e-02
6.713798621e-01  7.0113169e-02
6.717155521e-01  7.0020373e-02
6.720514098e-01  7.0332011e-02
6.723874355e-01  6.9959365e-02
6.727236293e-01  7.0000294e-02
6.730599911e-01  6.9782759e-02
6.733965211e-01  6.9731977e-02
6.737332193e-01  6.9769915e-02
6.740700859e-01  6.9749747e-02
6.744071210e-01  6.9523258e-02
6.747443246e-01  6.9434044e-02
6.750816967e-01  6.9572733e-02
6.754192376e-01  6.9408090e-02
6.757569472e-01  6.9231715e-02
6.760948257e-01  6.9449313e-02
6.764328731e-01  6.9263727e-02
6.767710895e-01  6.9321938e-02
6.771094750e-01  6.9113613e-02
6.774480298e-01  6.9082760e-02
6.777867538e-01  6.9092365e-02
6.781256472e-01  6.9038552e-02
6.784647100e-01  6.9032809e-02
6.788039424e-01  6.8875464e-02
6.791433443e-01  6.8991355e-02
6.794829160e-01  6.8841428e-02
6.798226575e-01  6.8839866e-02
6.801625688e-01  6.8848998e-02
6.805026501e-01  6.8778438e-02
6.808429014e-01  6.8730012e-02
6.811833228e-01  6.8799851e-02
6.815239145e-01  6.8670746e-02
6.818646765e-01  6.8563732e-02
6.822056088e-01  6.8529661e-02
6.825467116e-01  6.8637493e-02
6.828879850e-01  6.8392382e-02
6.832294290e-01  6.8423209e-02
6.835710437e-01  6.8432697e-02
6.839128292e-01  6.8360270e-02
6.842547856e-01  6.8314957e-02
6.845969130e-01  6.8184958e-02
6.849392115e-01  6.8221656e-02
6.852816811e-01  6.8124948e-02
6.856243219e-01  6.8169641e-02
6.859671341e-01  6.8095263e-02
6.863101176e-01  6.8153698e-02
6.866532727e-01  6.8199936e-02
6.869965993e-01  6.8007963e-02
6.873400976e-01  6.8050840e-02
6.876837677e-01  6.8119406e-02
6.880276096e-01  6.7949685e-02
6.883716234e-01  6.8143374e-02
6.887158092e-01  6.8126671e-02
6.890601671e-01  6.8451250e-02
6.894046972e-01  6.8237178e-02
6.897493995e-01  6.9111205e-02
6.900942742e-01  6.9280886e-02
6.904393213e-01  6.8826858e-02
6.907845410e-01  6.9251567e-02
6.911299333e-01  7.0144152e-02
6.914754982e-01  7.2856879e-02
6.918212360e-01  8.0569092e-02
6.921671466e-01  7.2822815e-02
6.925132302e-01  7.3169596e-02
6.928594868e-01  7.0901943e-02
6.932059165e-01  6.8662532e-02
6.935525195e-01  7.0221843e-02
6.938992958e-01  6.9366299e-02
6.942462454e-01  6.8975481e-02
6.945933685e-01  6.8541676e-02
6.949406652e-01  6.8472861e-02
6.952881356e-01  6.8819287e-02
6.956357796e-01  6.9768199e-02
6.959835975e-01  6.9182426e-02
6.963315893e-01  6.8025743e-02
6.966797551e-01  6.8312384e-02
6.970280950e-01  6.8092577e-02
6.973766090e-01  6.8068793e-02
6.977252973e-01  6.7825529e-02
6.980741600e-01  6.7872035e-02
6.984231971e-01  6.8124965e-02
6.987724087e-01  6.7675130e-02
6.991217949e-01  6.7908622e-02
6.994713558e-01  6.9052106e-02
6.998210914e-01  6.8113753e-02
7.001710020e-01  6.8299217e-02
7.005210875e-01  6.7537945e-02
7.008713480e-01  6.8084085e-02
7.012217837e-01  6.8586314e-02
7.015723946e-01  6.7788606e-02
7.019231808e-01  6.8473852e-02
7.022741424e-01  7.0958861e-02
7.026252795e-01  6.8858482e-02
7.029765921e-01  6.7428495e-02
7.033280804e-01  6.8203824e-02
7.036797444e-01  6.7961395e-02
7.040315843e-01  6.9472053e-02
7.043836001e-01  6.7759846e-02
7.047357919e-01  6.8952235e-02
7.050881598e-01  6.7614356e-02
7.054407039e-01  6.8024279e-02
7.057934242e-01  6.7640426e-02
7.061463209e-01  6.9949397e-02
7.064993941e-01  6.6991442e-02
7.068526438e-01  6.8406763e-02
7.072060701e-01  6.7495036e-02
7.075596731e-01  6.9735644e-02
7.079134530e-01  6.6819991e-02
7.082674097e-01  6.7530001e-02
7.086215434e-01  6.8075370e-02
7.089758542e-01  6.9204678e-02
7.093303421e-01  6.8013223e-02
7.096850073e-01  6.8190928e-02
7.100398498e-01  6.7882185e-02
7.103948697e-01  6.9499773e-02
7.107500671e-01  6.7955119e-02
7.111054422e-01  6.8078588e-02
7.114609949e-01  6.8596707e-02
7.118167254e-01  6.9854087e-02
7.121726338e-01  7.1121227e-02
7.125287201e-01  6.9804400e-02
7.128849844e-01  6.9181423e-02
7.132414269e-01  6.8539107e-02
7.135980476e-01  7.0114499e-02
7.139548467e-01  7.0392206e-02
7.143118241e-01  6.9813975e-02
7.146689800e-01  7.1764958e-02
7.150263145e-01  7.1861787e-02
7.153838277e-01  7.5810207e-02
7.157415196e-01  7.8680848e-02
7.160993903e-01  1.1330052e-01
7.164574400e-01  9.1532699e-02
7.168156687e-01  8.8425649e-02
7.171740766e-01  7.9592753e-02
7.175326636e-01  7.7634141e-02
7.178914299e-01  7.7302283e-02
7.182503757e-01  8.1338172e-02
7.186095008e-01  7.3681060e-02
7.189688056e-01  7.8509340e-02
7.193282900e-01  7.3262951e-02
7.196879541e-01  7.9390992e-02
7.200477981e-01  7.7966132e-02
7.204078220e-01  7.9508561e-02
7.207680259e-01  7.4506554e-02
7.211284099e-01  7.1357277e-02
7.214889742e-01  7.5058259e-02
7.218497186e-01  7.3280084e-02
7.222106435e-01  7.0281215e-02
7.225717488e-01  7.1169141e-02
7.229330347e-01  7.2213421e-02
7.232945012e-01  7.3674349e-02
7.236561485e-01  7.3641344e-02
7.240179765e-01  7.6266208e-02
7.243799855e-01  7.0250844e-02
7.247421755e-01  7.0863971e-02
7.251045466e-01  7.5813663e-02
7.254670989e-01  7.2141682e-02
7.258298324e-01  7.5635922e-02
7.261927473e-01  7.6168543e-02
7.265558437e-01  7.2342803e-02
7.269191216e-01  7.1960798e-02
7.272825812e-01  7.7424971e-02
7.276462225e-01  6.9426652e-02
7.280100456e-01  6.6593122e-02
7.283740506e-01  7.2761971e-02
7.287382377e-01  7.3590995e-02
7.291026068e-01  8.1240107e-02
7.294671581e-01  7.2370867e-02
7.298318917e-01  7.4713590e-02
7.301968076e-01  7.4787284e-02
7.305619060e-01  7.4554008e-02
7.309271870e-01  7.1207736e-02
7.312926505e-01  8.1162185e-02
7.316582969e-01  6.8847293e-02
7.320241260e-01  6.8770508e-02
7.323901381e-01  7.1543347e-02
7.327563332e-01  7.4541847e-02
7.331227113e-01  7.3281819e-02
7.334892727e-01  6.7974496e-02
7.338560173e-01  7.1013476e-02
7.342229453e-01  7.3148373e-02
7.345900568e-01  7.8473465e-02
7.349573518e-01  7.2924978e-02
7.353248305e-01  7.3739615e-02
7.356924929e-01  7.1841031e-02
7.360603392e-01  7.9754815e-02
7.364283693e-01  7.2313988e-02
7.367965835e-01  7.2615896e-02
7.371649818e-01  7.3035367e-02
7.375335643e-01  7.0396328e-02
7.379023311e-01  7.8668439e-02
7.382712822e-01  6.7836378e-02
7.386404179e-01  7.5589519e-02
7.390097381e-01  7.1164623e-02
7.393792430e-01  7.0147928e-02
7.397489326e-01  7.6194922e-02
7.401188071e-01  6.7858518e-02
7.404888665e-01  6.9685303e-02
7.408591109e-01  7.0716813e-02
7.412295404e-01  7.3498970e-02
7.416001552e-01  7.1384369e-02
7.419709553e-01  7.3541015e-02
7.423419408e-01  6.6265635e-02
7.427131117e-01  6.6280534e-02
7.430844683e-01  6.9545208e-02
7.434560105e-01  7.3243396e-02
7.438277385e-01  7.1583461e-02
7.441996524e-01  6.8432387e-02
7.445717522e-01  6.5734197e-02
7.449440381e-01  6.8091357e-02
7.453165101e-01  6.7668895e-02
7.456891684e-01  7.0677082e-02
7.460620130e-01  6.7625756e-02
7.464350440e-01  6.7110665e-02
7.468082615e-01  6.4659434e-02
7.471816656e-01  6.5669147e-02
7.475552565e-01  7.0031239e-02
7.479290341e-01  7.0031006e-02
7.483029986e-01  6.5745692e-02
7.486771501e-01  6.4982896e-02
7.490514887e-01  6.4434014e-02
7.494260144e-01  6.4983814e-02
7.498007274e-01  7.0598146e-02
7.501756278e-01  6.7578603e-02
7.505507156e-01  6.3369718e-02
7.509259910e-01  6.5907163e-02
7.513014540e-01  6.4177122e-02
7.516771047e-01  6.5812583e-02
7.520529432e-01  6.7890405e-02
7.524289697e-01  6.5217360e-02
7.528051842e-01  6.3501045e-02
7.531815868e-01  6.4076619e-02
7.535581776e-01  6.4688719e-02
7.539349567e-01  6.3516406e-02
7.543119241e-01  6.5021713e-02
7.546890801e-01  6.4455024e-02
7.550664246e-01  6.4631720e-02
7.554439579e-01  6.2196966e-02
7.558216798e-01  6.3628355e-02
7.561995907e-01  6.3715218e-02
7.565776905e-01  6.2259324e-02
7.569559793e-01  6.2802342e-02
7.573344573e-01  6.2851280e-02
7.577131245e-01  6.2224973e-02
7.580919811e-01  6.1563943e-02
7.584710271e-01  6.3079653e-02
7.588502626e-01  6.1580064e-02
7.592296877e-01  6.1676618e-02
7.596093026e-01  6.1644961e-02
7.599891072e-01  6.1253973e-02
7.603691018e-01  6.1569865e-02
7.607492863e-01  6.1003885e-02
7.611296610e-01  6.0846689e-02
7.615102258e-01  6.0938632e-02
7.618909809e-01  6.0977441e-02
7.622719264e-01  6.0651845e-02
7.626530624e-01  6.0799412e-02
7.630343889e-01  6.0962344e-02
7.634159061e-01  6.0634005e-02
7.637976141e-01  6.0559400e-02
7.641795129e-01  6.0389058e-02
7.645616026e-01  6.0480367e-02
7.649438834e-01  6.0753494e-02
7.653263554e-01  6.0904403e-02
7.657090185e-01  6.0311381e-02
7.660918730e-01  6.0245872e-02
7.664749190e-01  6.0339026e-02
7.668581564e-01  6.0185171e-02
7.672415855e-01  6.0436985e-02
7.676252063e-01  6.0398813e-02
7.680090189e-01  6.0377861e-02
7.683930234e-01  6.0077971e-02
7.687772199e-01  5.9970113e-02
7.691616085e-01  5.9989666e-02
7.695461894e-01  6.0011963e-02
7.699309624e-01  5.9926399e-02
7.703159279e-01  6.0239596e-02
7.707010859e-01  5.9810602e-02
7.710864364e-01  5.9791528e-02
7.714719797e-01  5.9770781e-02
7.718577156e-01  5.9849733e-02
7.722436445e-01  5.9667847e-02
7.726297663e-01  5.9714228e-02
7.730160812e-01  5.9616596e-02
7.734025892e-01  5.9522164e-02
7.737892905e-01  5.9580046e-02
7.741761852e-01  5.9530619e-02
7.745632733e-01  5.9526861e-02
7.749505549e-01  5.9394455e-02
7.753380302e-01  5.9343099e-02
7.757256992e-01  5.9448573e-02
7.761135621e-01  5.9460055e-02
7.765016188e-01  5.9497441e-02
7.768898697e-01  5.9364693e-02
7.772783146e-01  5.9651981e-02
7.776669537e-01  5.9428016e-02
7.780557872e-01  5.9844269e-02
7.784448151e-01  5.9762949e-02
7.788340375e-01  5.9545248e-02
7.792234545e-01  5.9709116e-02
7.796130663e-01  5.9433992e-02
7.800028728e-01  5.9665516e-02
7.803928742e-01  5.9703340e-02
7.807830707e-01  5.9473960e-02
7.811734622e-01  5.9557414e-02
7.815640489e-01  5.9689924e-02
7.819548310e-01  5.9516165e-02
7.823458084e-01  5.9562648e-02
7.827369813e-01  5.9422987e-02
7.831283498e-01  5.9730045e-02
7.835199139e-01  6.0687706e-02
7.839116739e-01  5.9294641e-02
7.843036297e-01  6.0116694e-02
7.846957816e-01  5.9372683e-02
7.850881294e-01  5.9843747e-02
7.854806735e-01  5.9859149e-02
7.858734139e-01  6.0552203e-02
7.862663506e-01  5.9945648e-02
7.866594837e-01  5.9843808e-02
7.870528135e-01  5.9770780e-02
7.874463399e-01  5.9085165e-02
7.878400631e-01  5.8874508e-02
7.882339831e-01  5.9483070e-02
7.886281001e-01  5.9543935e-02
7.890224141e-01  5.9488978e-02
7.894169253e-01  5.9084233e-02
7.898116338e-01  5.9587330e-02
7.902065396e-01  5.8981981e-02
7.906016429e-01  5.9172560e-02
7.909969437e-01  5.8628557e-02
7.913924422e-01  5.9064883e-02
7.917881384e-01  5.9115618e-02
7.921840325e-01  5.8837313e-02
7.925801245e-01  5.8929974e-02
7.929764145e-01  5.9162485e-02
7.933729028e-01  5.8436790e-02
7.937695892e-01  5.8507452e-02
7.941664740e-01  5.8995573e-02
7.945635572e-01  5.8661727e-02
7.949608390e-01  5.9012365e-02
7.953583194e-01  5.8638860e-02
7.957559986e-01  6.0456877e-02
7.961538766e-01  5.8837047e-02
7.965519535e-01  5.9086364e-02
7.969502295e-01  5.8531628e-02
7.973487046e-01  5.9404757e-02
7.977473790e-01  5.9242701e-02
7.981462527e-01  5.9131933e-02
7.985453258e-01  5.8834310e-02
7.989445985e-01  5.9634558e-02
7.993440708e-01  5.9179593e-02
7.997437428e-01  5.8785093e-02
8.001436147e-01  5.9344253e-02
8.005436865e-01  5.8731471e-02
8.009439583e-01  5.8797606e-02
8.013444303e-01  5.9330075e-02
8.017451025e-01  5.9209040e-02
8.021459751e-01  5.8983001e-02
8.025470480e-01  5.8941131e-02
8.029483216e-01  5.9465957e-02
8.033497957e-01  5.9068714e-02
8.037514706e-01  6.1305355e-02
8.041533464e-01  6.0058848e-02
8.045554230e-01  5.8154481e-02
8.049577007e-01  6.1121333e-02
8.053601796e-01  5.9958784e-02
8.057628597e-01  6.1762168e-02
8.061657411e-01  6.2209488e-02
8.065688240e-01  6.3758274e-02
8.069721084e-01  6.3859459e-02
8.073755945e-01  6.0642965e-02
8.077792822e-01  6.5948311e-02
8.081831719e-01  6.7434030e-02
8.085872635e-01  7.2743673e-02
8.089915571e-01  6.9044185e-02
8.093960529e-01  7.3120357e-02
8.098007509e-01  6.9797080e-02
8.102056513e-01  7.6978817e-02
8.106107541e-01  7.6224166e-02
8.110160595e-01  7.1388107e-02
8.114215675e-01  6.8755241e-02
8.118272783e-01  7.1279215e-02
8.122331919e-01  6.7043086e-02
8.126393085e-01  8.2118192e-02
8.130456282e-01  7.7419527e-02
8.134521510e-01  6.9223604e-02
8.138588771e-01  7.1533439e-02
8.142658065e-01  6.9959900e-02
8.146729394e-01  6.6816342e-02
8.150802759e-01  6.7611397e-02
8.154878160e-01  6.7548838e-02
8.158955599e-01  7.0247205e-02
8.163035077e-01  6.1516545e-02
8.167116595e-01  6.6685389e-02
8.171200153e-01  6.8001636e-02
8.175285753e-01  6.2813857e-02
8.179373396e-01  6.6632786e-02
8.183463083e-01  6.4523276e-02
8.187554814e-01  6.3167000e-02
8.191648592e-01  7.0128371e-02
8.195744416e-01  6.9565504e-02
8.199842288e-01  6.7089247e-02
8.203942209e-01  6.4194338e-02
8.208044180e-01  6.5338162e-02
8.212148202e-01  6.4798779e-02
8.216254277e-01  6.2344106e-02
8.220362404e-01  7.2183214e-02
8.224472585e-01  7.6339966e-02
8.228584821e-01  7.1902754e-02
8.232699114e-01  6.9973568e-02
8.236815463e-01  6.8445649e-02
8.240933871e-01  6.3114736e-02
8.245054338e-01  6.5149180e-02
8.249176865e-01  6.0655582e-02
8.253301453e-01  5.9746631e-02
8.257428104e-01  6.3669439e-02
8.261556818e-01  6.2587382e-02
8.265687597e-01  6.4547518e-02
8.269820440e-01  6.4147088e-02
8.273955351e-01  6.1913028e-02
8.278092328e-01  6.6266197e-02
8.282231374e-01  7.2247147e-02
8.286372490e-01  6.4060981e-02
8.290515676e-01  7.4747046e-02
8.294660934e-01  6.8361346e-02
8.298808265e-01  6.4429426e-02
8.302957669e-01  6.6749971e-02
8.307109148e-01  6.4052904e-02
8.311262702e-01  6.4049248e-02
8.315418334e-01  7.1180652e-02
8.319576043e-01  6.1968019e-02
8.323735831e-01  6.4922359e-02
8.327897699e-01  6.2766821e-02
8.332061648e-01  6.0736829e-02
8.336227678e-01  6.3820573e-02
8.340395792e-01  5.9396864e-02
8.344565990e-01  6.5038602e-02
8.348738273e-01  6.5621278e-02
8.352912642e-01  7.0572831e-02
8.357089099e-01  6.7751848e-02
8.361267643e-01  6.2016814e-02
8.365448277e-01  6.5150019e-02
8.369631001e-01  6.3850201e-02
8.373815817e-01  6.0553445e-02
8.378002725e-01  6.0296187e-02
8.382191726e-01  6.7398239e-02
8.386382822e-01  5.6751902e-02
8.390576013e-01  6.1697720e-02
8.394771301e-01  6.7452491e-02
8.398968687e-01  6.4329439e-02
8.403168171e-01  6.6261120e-02
8.407369755e-01  5.8955889e-02
8.411573440e-01  6.3151700e-02
8.415779227e-01  6.5803029e-02
8.419987116e-01  5.7540591e-02
8.424197110e-01  6.4893037e-02
8.428409209e-01  6.2551868e-02
8.432623413e-01  5.7970686e-02
8.436839725e-01  6.7183758e-02
8.441058145e-01  5.8196036e-02
8.445278674e-01  6.3298408e-02
8.449501313e-01  6.5639131e-02
8.453726064e-01  5.5347280e-02
8.457952927e-01  6.7171683e-02
8.462181903e-01  5.9508037e-02
8.466412994e-01  6.0920699e-02
8.470646201e-01  6.1485058e-02
8.474881524e-01  5.9204422e-02
8.479118965e-01  6.1677786e-02
8.483358524e-01  6.0009686e-02
8.487600203e-01  6.1120589e-02
8.491844003e-01  5.9496006e-02
8.496089925e-01  6.1118265e-02
8.500337970e-01  5.7352907e-02
8.504588139e-01  6.0511908e-02
8.508840433e-01  5.9105801e-02
8.513094854e-01  5.7402929e-02
8.517351401e-01  5.6679801e-02
8.521610077e-01  5.7290246e-02
8.525870882e-01  5.9054386e-02
8.530133817e-01  5.3768972e-02
8.534398884e-01  6.3189509e-02
8.538666084e-01  5.4098359e-02
8.542935417e-01  5.6374175e-02
8.547206884e-01  5.7533567e-02
8.551480488e-01  5.5962862e-02
8.555756228e-01  5.5045874e-02
8.560034106e-01  5.8726810e-02
8.564314123e-01  5.3170545e-02
8.568596280e-01  5.6656242e-02
8.572880578e-01  5.5569435e-02
8.577167019e-01  5.3691575e-02
8.581455602e-01  5.2192730e-02
8.585746330e-01  5.3991642e-02
8.590039203e-01  5.3914803e-02
8.594334223e-01  5.2461706e-02
8.598631390e-01  5.4073393e-02
8.602930706e-01  5.2723280e-02
8.607232171e-01  5.2255988e-02
8.611535787e-01  5.2728427e-02
8.615841555e-01  5.3859861e-02
8.620149476e-01  5.3331254e-02
8.624459550e-01  5.1815521e-02
8.628771780e-01  5.2497382e-02
8.633086166e-01  5.2110263e-02
8.637402709e-01  5.1953172e-02
8.641721411e-01  5.1627182e-02
8.646042271e-01  5.3571087e-02
8.650365292e-01  5.1965335e-02
8.654690475e-01  5.1760630e-02
8.659017820e-01  5.1854076e-02
8.663347329e-01  5.1356343e-02
8.667679003e-01  5.1314565e-02
8.672012842e-01  5.1919945e-02
8.676348849e-01  5.1825426e-02
8.680687023e-01  5.1553918e-02
8.685027367e-01  5.1470453e-02
8.689369880e-01  5.1503142e-02
8.693714565e-01  5.1962315e-02
8.698061423e-01  5.1257478e-02
8.702410453e-01  5.1377182e-02
8.706761659e-01  5.1983895e-02
8.711115039e-01  5.1181559e-02
8.715470597e-01  5.1195920e-02
8.719828332e-01  5.1549837e-02
8.724188246e-01  5.0700112e-02
8.728550340e-01  5.1016652e-02
8.732914616e-01  5.1161070e-02
8.737281073e-01  5.1157643e-02
8.741649714e-01  5.0401942e-02
8.746020538e-01  5.1354324e-02
8.750393549e-01  5.0754352e-02
8.754768745e-01  5.1231635e-02
8.759146130e-01  5.0815360e-02
8.763525703e-01  5.0746775e-02
8.767907466e-01  5.0227227e-02
8.772291419e-01  5.0536714e-02
8.776677565e-01  5.0492652e-02
8.781065904e-01  5.0793316e-02
8.785456437e-01  5.0114500e-02
8.789849165e-01  5.0222563e-02
8.794244090e-01  5.0120745e-02
8.798641212e-01  5.0226717e-02
8.803040532e-01  5.0104991e-02
8.807442053e-01  5.0804643e-02
8.811845774e-01  4.9784587e-02
8.816251697e-01  5.0592127e-02
8.820659822e-01  5.0163831e-02
8.825070152e-01  5.0092418e-02
8.829482687e-01  5.0110002e-02
8.833897429e-01  4.9695738e-02
8.838314377e-01  4.9796931e-02
8.842733535e-01  4.9824599e-02
8.847154901e-01  4.9943531e-02
8.851578479e-01  4.9692395e-02
8.856004268e-01  4.9766233e-02
8.860432270e-01  5.0163351e-02
8.864862486e-01  5.3029301e-02
8.869294918e-01  5.0862551e-02
8.873729565e-01  5.1481328e-02
8.878166430e-01  5.1926004e-02
8.882605513e-01  5.6938067e-02
8.887046816e-01  4.9678566e-02
8.891490339e-01  5.5024730e-02
8.895936084e-01  5.5928138e-02
8.900384052e-01  5.5352094e-02
8.904834244e-01  6.0027795e-02
8.909286662e-01  6.7988438e-02
8.913741305e-01  7.9413399e-02
8.918198176e-01  6.9763684e-02
8.922657275e-01  7.0298799e-02
8.927118603e-01  6.1139529e-02
8.931582163e-01  6.4428914e-02
8.936047954e-01  6.3368556e-02
8.940515978e-01  5.7496818e-02
8.944986236e-01  6.1092226e-02
8.949458729e-01  6.8947251e-02
8.953933458e-01  5.6084506e-02
8.958410425e-01  6.7411467e-02
8.962889630e-01  6.0661867e-02
8.967371075e-01  7.5283113e-02
8.971854760e-01  5.6656614e-02
8.976340688e-01  6.5813709e-02
8.980828858e-01  6.4383582e-02
8.985319273e-01  6.8238588e-02
8.989811932e-01  5.4455432e-02
8.994306838e-01  6.1151357e-02
8.998803992e-01  5.7968990e-02
9.003303394e-01  6.2790223e-02
9.007805045e-01  5.5797137e-02
9.012308948e-01  6.0649473e-02
9.016815102e-01  5.6709189e-02
9.021323510e-01  5.4962756e-02
9.025834172e-01  5.5483728e-02
9.030347089e-01  5.2562603e-02
9.034862262e-01  5.4302600e-02
9.039379693e-01  5.3036806e-02
9.043899383e-01  5.2878315e-02
9.048421333e-01  5.4421156e-02
9.052945544e-01  5.2783554e-02
9.057472016e-01  5.6207553e-02
9.062000752e-01  5.2874259e-02
9.066531753e-01  5.6226973e-02
9.071065019e-01  5.4319262e-02
9.075600551e-01  5.5845514e-02
9.080138351e-01  5.4720140e-02
9.084678421e-01  5.6225789e-02
9.089220760e-01  5.4661239e-02
9.093765370e-01  5.3591516e-02
9.098312253e-01  5.1436787e-02
9.102861409e-01  6.4567732e-02
9.107412840e-01  5.0793642e-02
9.111966546e-01  5.3641455e-02
9.116522529e-01  5.2189863e-02
9.121080791e-01  5.8144888e-02
9.125641331e-01  6.6525328e-02
9.130204152e-01  5.8639303e-02
9.134769254e-01  5.3254088e-02
9.139336638e-01  5.9868906e-02
9.143906307e-01  5.5192264e-02
9.148478260e-01  6.5402606e-02
9.153052499e-01  5.7746811e-02
9.157629025e-01  5.9914419e-02
9.162207840e-01  6.2392667e-02
9.166788944e-01  6.5774295e-02
9.171372338e-01  6.2623877e-02
9.175958024e-01  5.8791198e-02
9.180546003e-01  6.3649248e-02
9.185136276e-01  6.0958504e-02
9.189728844e-01  6.8427700e-02
9.194323709e-01  5.8842444e-02
9.198920871e-01  5.5090836e-02
9.203520331e-01  6.6350353e-02
9.208122091e-01  5.6321200e-02
9.212726152e-01  6.5715310e-02
9.217332515e-01  5.5384600e-02
9.221941182e-01  5.8317835e-02
9.226552152e-01  6.1597472e-02
9.231165428e-01  6.5585969e-02
9.235781011e-01  6.8980643e-02
9.240398902e-01  6.6386571e-02
9.245019101e-01  6.2823851e-02
9.249641611e-01  6.5603373e-02
9.254266431e-01  7.1910400e-02
9.258893565e-01  8.1082410e-02
9.263523011e-01  8.8275545e-02
9.268154773e-01  1.0360214e-01
9.272788850e-01  1.0681428e-01
9.277425245e-01  1.1548530e-01
9.282063957e-01  1.0165130e-01
9.286704989e-01  9.8527953e-02
9.291348342e-01  1.0254923e-01
9.295994016e-01  9.8136165e-02
9.300642013e-01  8.3083796e-02
9.305292334e-01  9.2599114e-02
9.309944980e-01  9.3861707e-02
9.314599953e-01  9.5286412e-02
9.319257253e-01  9.8252037e-02
9.323916881e-01  9.8600846e-02
9.328578840e-01  1.0376668e-01
9.333243129e-01  1.0047676e-01
9.337909751e-01  9.4510184e-02
9.342578706e-01  8.5793610e-02
9.347249995e-01  9.4726890e-02
9.351923620e-01  9.8428995e-02
9.356599582e-01  9.0211795e-02
9.361277881e-01  9.3097473e-02
9.365958520e-01  9.0389230e-02
9.370641500e-01  8.8609902e-02
9.375326820e-01  9.0718475e-02
9.380014484e-01  8.7970664e-02
9.384704491e-01  9.3810447e-02
9.389396843e-01  8.2369295e-02
9.394091542e-01  7.5987838e-02
9.398788588e-01  8.4415684e-02
9.403487982e-01  8.8049224e-02
9.408189726e-01  8.4365087e-02
9.412893821e-01  8.0315369e-02
9.417600268e-01  8.3961209e-02
9.422309068e-01  8.3499317e-02
9.427020222e-01  7.7430485e-02
9.431733732e-01  7.2749630e-02
9.436449599e-01  8.9162056e-02
9.441167824e-01  7.8657630e-02
9.445888408e-01  7.5797651e-02
9.450611352e-01  8.3554698e-02
9.455336658e-01  9.0832989e-02
9.460064326e-01  7.0906995e-02
9.464794358e-01  8.3361288e-02
9.469526755e-01  8.9653915e-02
9.474261519e-01  7.9924613e-02
9.478998650e-01  7.3967095e-02
9.483738149e-01  7.8843183e-02
9.488480018e-01  8.6231310e-02
9.493224258e-01  7.8872756e-02
9.497970870e-01  8.0248159e-02
9.502719856e-01  8.1157523e-02
9.507471216e-01  7.4486186e-02
9.512224951e-01  9.2843512e-02
9.516981064e-01  7.8505826e-02
9.521739554e-01  7.2764290e-02
9.526500424e-01  7.9993545e-02
9.531263674e-01  7.5674267e-02
9.536029306e-01  7.0915296e-02
9.540797321e-01  8.2486753e-02
9.545567719e-01  7.9013430e-02
9.550340503e-01  8.1261348e-02
9.555115673e-01  7.9001187e-02
9.559893231e-01  8.1726577e-02
9.564673178e-01  8.3731141e-02
9.569455514e-01  8.0576393e-02
9.574240242e-01  8.2294243e-02
9.579027362e-01  8.2775327e-02
9.583816876e-01  8.0585276e-02
9.588608784e-01  8.1025574e-02
9.593403089e-01  7.5211039e-02
9.598199790e-01  7.6273399e-02
9.602998890e-01  8.5352218e-02
9.607800390e-01  7.5636503e-02
9.612604290e-01  8.2050927e-02
9.617410592e-01  7.8235354e-02
9.622219297e-01  7.6881246e-02
9.627030407e-01  5.8611318e-02
9.631843922e-01  8.9284354e-02
9.636659844e-01  8.8155645e-02
9.641478174e-01  7.7115971e-02
9.646298913e-01  7.8147725e-02
9.651122063e-01  8.1353491e-02
9.655947624e-01  6.9228289e-02
9.660775597e-01  8.5672035e-02
9.665605985e-01  8.0379450e-02
9.670438788e-01  6.1158288e-02
9.675274008e-01  8.4751804e-02
9.680111645e-01  6.8342167e-02
9.684951700e-01  7.3461825e-02
9.689794176e-01  8.6296970e-02
9.694639073e-01  6.5119604e-02
9.699486393e-01  7.6927704e-02
9.704336136e-01  7.8005545e-02
9.709188304e-01  8.2671448e-02
9.714042898e-01  7.5076014e-02
9.718899920e-01  8.5062535e-02
9.723759370e-01  7.8458913e-02
9.728621249e-01  6.4145151e-02
9.733485560e-01  7.9033992e-02
9.738352303e-01  7.5476582e-02
9.743221479e-01  6.9605951e-02
9.748093090e-01  7.7042496e-02
9.752967136e-01  7.2160024e-02
9.757843620e-01  7.4833079e-02
9.762722542e-01  6.5552233e-02
9.767603903e-01  6.9288515e-02
9.772487705e-01  6.2616126e-02
9.777373949e-01  6.8936347e-02
9.782262636e-01  6.7019553e-02
9.787153767e-01  7.1880447e-02
9.792047344e-01  5.7450352e-02
9.796943368e-01  6.5877092e-02
9.801841839e-01  7.0191710e-02
9.806742760e-01  6.9507998e-02
9.811646132e-01  7.3492461e-02
9.816551955e-01  7.1191962e-02
9.821460231e-01  6.8796726e-02
9.826370961e-01  7.0954609e-02
9.831284146e-01  7.5510339e-02
9.836199788e-01  6.3116262e-02
9.841117888e-01  6.4795429e-02
9.846038447e-01  7.2996275e-02
9.850961466e-01  6.6506511e-02
9.855886947e-01  6.5313069e-02
9.860814891e-01  6.4797104e-02
9.865745298e-01  7.4959709e-02
9.870678171e-01  5.9405865e-02
9.875613510e-01  6.5112698e-02
9.880551316e-01  6.0561822e-02
9.885491592e-01  6.0903799e-02
9.890434338e-01  6.3773061e-02
9.895379555e-01  6.6114817e-02
9.900327245e-01  5.9025045e-02
9.905277409e-01  6.4589018e-02
9.910230047e-01  6.7305409e-02
9.915185162e-01  6.5106926e-02
9.920142755e-01  5.4419512e-02
9.925102826e-01  6.8033802e-02
9.930065378e-01  6.3437396e-02
9.935030410e-01  6.5975341e-02
9.939997926e-01  5.7100841e-02
9.944967924e-01  6.1491848e-02
9.949940408e-01  6.5953993e-02
9.954915379e-01  6.1910732e-02
9.959892836e-01  5.7108270e-02
9.964872783e-01  6.6405655e-02
9.969855219e-01  5.3621758e-02
9.974840147e-01  5.6623195e-02
9.979827567e-01  5.4042156e-02
9.984817481e-01  5.7566996e-02
9.989809889e-01  5.7994786e-02
9.994804794e-01  5.4593504e-02
9.999802197e-01  5.3352684e-02
1.000480210e+00  5.5215431e-02
1.000980450e+00  5.3512312e-02
1.001480940e+00  5.9039078e-02
1.001981681e+00  4.7365887e-02
1.002482671e+00  5.3623414e-02
1.002983913e+00  5.5541883e-02
1.003485405e+00  5.7639228e-02
1.003987147e+00  4.5744527e-02
1.004489141e+00  4.9836940e-02
1.004991386e+00  4.9620172e-02
1.005493881e+00  5.2769340e-02
1.005996628e+00  4.7938570e-02
1.006499627e+00  4.3304427e-02
1.007002876e+00  4.5524569e-02
1.007506378e+00  4.7413374e-02
1.008010131e+00  4.8977570e-02
1.008514136e+00  4.6245893e-02
1.009018393e+00  4.5707422e-02
1.009522902e+00  4.2771445e-02
1.010027664e+00  4.6958254e-02
1.010532678e+00  4.3158122e-02
1.011037944e+00  4.5692781e-02
1.011543463e+00  4.4308516e-02
1.012049235e+00  4.2652001e-02
1.012555259e+00  4.2081516e-02
1.013061537e+00  4.2830995e-02
1.013568068e+00  4.2190060e-02
1.014074852e+00  3.9007372e-02
1.014581889e+00  4.1517873e-02
1.015089180e+00  4.1714340e-02
1.015596725e+00  3.9078675e-02
1.016104523e+00  4.0847429e-02
1.016612575e+00  3.9316634e-02
1.017120882e+00  3.9997525e-02
1.017629442e+00  4.0954531e-02
1.018138257e+00  4.0659475e-02
1.018647326e+00  4.1963601e-02
1.019156649e+00  3.8706301e-02
1.019666228e+00  3.9565190e-02
1.020176061e+00  3.9836375e-02
1.020686149e+00  3.8492809e-02
1.021196492e+00  4.1300278e-02
1.021707090e+00  3.8852243e-02
1.022217944e+00  3.9225928e-02
1.022729053e+00  3.8436551e-02
1.023240417e+00  3.8433036e-02
1.023752038e+00  3.8471665e-02
1.024263914e+00  3.8293141e-02
1.024776045e+00  3.8256756e-02
1.025288434e+00  3.7616182e-02
1.025801078e+00  3.8757526e-02
1.026313978e+00  3.7933243e-02
1.026827135e+00  3.8155213e-02
1.027340549e+00  3.7974690e-02
1.027854219e+00  3.7518781e-02
1.028368146e+00  3.7001871e-02
1.028882330e+00  3.7073200e-02
1.029396771e+00  3.7664146e-02
1.029911470e+00  3.7158459e-02
1.030426426e+00  3.7321379e-02
1.030941639e+00  3.8056374e-02
1.031457110e+00  3.7022554e-02
1.031972838e+00  3.7054224e-02
1.032488825e+00  3.7169144e-02
1.033005069e+00  3.7518386e-02
1.033521572e+00  3.7155542e-02
1.034038332e+00  3.6857364e-02
1.034555351e+00  3.6520148e-02
1.035072629e+00  3.6510340e-02
1.035590165e+00  3.7138787e-02
1.036107961e+00  3.6445760e-02
1.036626015e+00  3.6435385e-02
1.037144328e+00  3.6452429e-02
1.037662900e+00  3.6303943e-02
1.038181731e+00  3.6571573e-02
1.038700822e+00  3.6450866e-02
1.039220172e+00  3.6338335e-02
1.039739783e+00  3.7358844e-02
1.040259652e+00  3.6278989e-02
1.040779782e+00  3.6805668e-02
1.041300172e+00  3.6569586e-02
1.041820822e+00  3.6057062e-02
1.042341733e+00  3.6345611e-02
1.042862903e+00  3.7082190e-02
1.043384335e+00  3.6439802e-02
1.043906027e+00  3.6252970e-02
1.044427980e+00  3.7128292e-02
1.044950194e+00  3.6082381e-02
1.045472669e+00  3.5954037e-02
1.045995406e+00  3.7092717e-02
1.046518403e+00  3.6248451e-02
1.047041662e+00  3.6196946e-02
1.047565183e+00  3.6249085e-02
1.048088966e+00  3.6365126e-02
1.048613010e+00  3.6711176e-02
1.049137317e+00  3.6092898e-02
1.049661886e+00  3.5522790e-02
1.050186716e+00  3.6279048e-02
1.050711810e+00  3.7567690e-02
1.051237166e+00  3.5462429e-02
1.051762784e+00  3.6245624e-02
1.052288666e+00  3.6195613e-02
1.052814810e+00  3.7186375e-02
1.053341217e+00  3.5738994e-02
1.053867888e+00  3.5257037e-02
1.054394822e+00  3.6338148e-02
1.054922019e+00  3.7072882e-02
1.055449480e+00  3.5817213e-02
1.055977205e+00  3.5348535e-02
1.056505194e+00  3.5146524e-02
1.057033446e+00  3.6391625e-02
1.057561963e+00  3.7034686e-02
1.058090744e+00  3.6581243e-02
1.058619789e+00  3.5302504e-02
1.059149099e+00  3.6249362e-02
1.059678674e+00  3.6297820e-02
1.060208513e+00  3.5972317e-02
1.060738617e+00  3.5133562e-02
1.061268987e+00  3.5066433e-02
1.061799621e+00  3.6200936e-02
1.062330521e+00  3.6507678e-02
1.062861686e+00  3.5647865e-02
1.063393117e+00  3.5184246e-02
1.063924814e+00  3.6371839e-02
1.064456776e+00  3.6011677e-02
1.064989005e+00  3.5900212e-02
1.065521499e+00  3.5348313e-02
1.066054260e+00  3.6495746e-02
1.066587287e+00  3.5002447e-02
1.067120581e+00  3.6060214e-02
1.067654141e+00  3.6182622e-02
1.068187968e+00  3.5357113e-02
1.068722062e+00  3.5851783e-02
1.069256423e+00  3.6852308e-02
1.069791051e+00  3.5514969e-02
1.070325947e+00  3.5771096e-02
1.070861110e+00  3.6120284e-02
1.071396540e+00  3.7446488e-02
1.071932238e+00  3.5580279e-02
1.072468205e+00  3.4790975e-02
1.073004439e+00  3.4542868e-02
1.073540941e+00  3.4961280e-02
1.074077711e+00  3.6806842e-02
1.074614750e+00  3.4941048e-02
1.075152058e+00  3.3649411e-02
1.075689634e+00  3.6153497e-02
1.076227478e+00  3.6553292e-02
1.076765592e+00  3.6810306e-02
1.077303975e+00  3.4725189e-02
1.077842627e+00  3.4729152e-02
1.078381548e+00  3.5121739e-02
1.078920739e+00  3.4843264e-02
1.079460199e+00  3.6728443e-02
1.079999930e+00  3.4629376e-02
1.080539929e+00  3.5599884e-02
1.081080199e+00  3.5006999e-02
1.081620740e+00  3.6164645e-02
1.082161550e+00  3.4259927e-02
1.082702631e+00  3.5464163e-02
1.083243982e+00  3.6023063e-02
1.083785604e+00  3.5501249e-02
1.084327497e+00  3.6448193e-02
1.084869661e+00  3.5361368e-02
1.085412095e+00  3.6635080e-02
1.085954801e+00  3.9562838e-02
1.086497779e+00  3.8718828e-02
1.087041028e+00  3.8117629e-02
1.087584548e+00  3.9329602e-02
1.088128341e+00  3.7164563e-02
1.088672405e+00  3.9603750e-02
1.089216741e+00  4.2963286e-02
1.089761349e+00  4.2357605e-02
1.090306230e+00  4.1767105e-02
1.090851383e+00  4.5804594e-02
1.091396809e+00  4.3871799e-02
1.091942507e+00  4.7627818e-02
1.092488478e+00  5.3868222e-02
1.093034723e+00  4.2324219e-02
1.093581240e+00  5.3301657e-02
1.094128031e+00  5.4778872e-02
1.094675095e+00  5.0214618e-02
1.095222432e+00  5.6758703e-02
1.095770043e+00  4.4806207e-02
1.096317928e+00  5.5632882e-02
1.096866087e+00  5.6438005e-02
1.097414520e+00  4.7234017e-02
1.097963228e+00  5.0411735e-02
1.098512209e+00  5.4539332e-02
1.099061465e+00  5.0388242e-02
1.099610996e+00  5.6228200e-02
1.100160802e+00  6.4532247e-02
1.100710882e+00  4.7240485e-02
1.101261237e+00  5.5888989e-02
1.101811868e+00  5.1755810e-02
1.102362774e+00  5.8811550e-02
1.102913955e+00  4.9439218e-02
1.103465412e+00  5.6564225e-02
1.104017145e+00  5.0555792e-02
1.104569154e+00  6.0973823e-02
1.105121438e+00  5.3583679e-02
1.105673999e+00  5.4200822e-02
1.106226836e+00  5.2884906e-02
1.106779949e+00  5.0323318e-02
1.107333339e+00  6.6102984e-02
1.107887006e+00  4.6369751e-02
1.108440950e+00  5.7566675e-02
1.108995170e+00  5.5720895e-02
1.109549668e+00  6.2072804e-02
1.110104442e+00  5.7664323e-02
1.110659495e+00  5.8665839e-02
1.111214824e+00  5.3009044e-02
1.111770432e+00  5.8367058e-02
1.112326317e+00  5.9986117e-02
1.112882480e+00  5.9840620e-02
1.113438921e+00  6.0317104e-02
1.113995641e+00  5.5463055e-02
1.114552639e+00  6.0164622e-02
1.115109915e+00  4.8701245e-02
1.115667470e+00  6.2086983e-02
1.116225304e+00  6.2106296e-02
1.116783416e+00  6.0843034e-02
1.117341808e+00  5.0936648e-02
1.117900479e+00  4.9855078e-02
1.118459429e+00  6.0572298e-02
1.119018659e+00  6.1173940e-02
1.119578168e+00  5.7446365e-02
1.120137957e+00  4.9876874e-02
1.120698026e+00  5.4518678e-02
1.121258375e+00  5.8027307e-02
1.121819005e+00  6.2736209e-02
1.122379914e+00  4.9895164e-02
1.122941104e+00  5.7934052e-02
1.123502575e+00  5.0512552e-02
1.124064326e+00  4.9062808e-02
1.124626358e+00  6.2165064e-02
1.125188671e+00  5.5207337e-02
1.125751266e+00  4.9813385e-02
1.126314141e+00  4.8210870e-02
1.126877298e+00  5.1774141e-02
1.127440737e+00  5.5339950e-02
1.128004457e+00  5.8431278e-02
1.128568459e+00  4.7374297e-02
1.129132744e+00  5.3909061e-02
1.129697310e+00  5.2873126e-02
1.130262159e+00  6.2992968e-02
1.130827290e+00  5.9626607e-02
1.131392703e+00  5.2743878e-02
1.131958400e+00  5.9975180e-02
1.132524379e+00  5.7875470e-02
1.133090641e+00  6.4326985e-02
1.133657186e+00  6.7009512e-02
1.134224015e+00  6.7487576e-02
1.134791127e+00  5.0167306e-02
1.135358523e+00  5.6888574e-02
1.135926202e+00  5.8928043e-02
1.136494165e+00  6.0951544e-02
1.137062412e+00  5.5986802e-02
1.137630943e+00  5.0383297e-02
1.138199759e+00  5.4808101e-02
1.138768859e+00  5.6595976e-02
1.139338243e+00  4.7439387e-02
1.139907912e+00  4.8574484e-02
1.140477866e+00  5.0456973e-02
1.141048105e+00  5.0779029e-02
1.141618629e+00  5.6969891e-02
1.142189438e+00  5.7595240e-02
1.142760533e+00  5.9340960e-02
1.143331913e+00  6.3896300e-02
1.143903579e+00  5.0126747e-02
1.144475531e+00  5.4042559e-02
1.145047769e+00  5.0775203e-02
1.145620293e+00  5.6019093e-02
1.146193103e+00  4.9055274e-02
1.146766200e+00  4.8499007e-02
1.147339583e+00  5.0901482e-02
1.147913252e+00  5.1466629e-02
1.148487209e+00  4.5342852e-02
1.149061453e+00  5.1401094e-02
1.149635983e+00  4.6998883e-02
1.150210801e+00  5.0213845e-02
1.150785907e+00  4.5755161e-02
1.151361300e+00  5.1337924e-02
1.151936980e+00  5.6487015e-02
1.152512949e+00  5.3405673e-02
1.153089205e+00  5.3355907e-02
1.153665750e+00  5.2385061e-02
1.154242583e+00  4.6488526e-02
1.154819704e+00  5.0696722e-02
1.155397114e+00  5.1714580e-02
1.155974813e+00  5.1292791e-02
1.156552800e+00  5.1877269e-02
1.157131076e+00  5.0307836e-02
1.157709642e+00  4.3234073e-02
1.158288497e+00  5.2053396e-02
1.158867641e+00  4.8955587e-02
1.159447075e+00  5.2618988e-02
1.160026798e+00  4.3060737e-02
1.160606812e+00  4.8723050e-02
1.161187115e+00  5.2634387e-02
1.161767709e+00  4.5925309e-02
1.162348593e+00  4.7955224e-02
1.162929767e+00  5.2805934e-02
1.163511232e+00  4.8813020e-02
1.164092987e+00  5.0735919e-02
1.164675034e+00  5.3531733e-02
1.165257371e+00  5.0156706e-02
1.165840000e+00  5.1872769e-02
1.166422920e+00  5.0533968e-02
1.167006131e+00  4.8890093e-02
1.167589635e+00  5.1086060e-02
1.168173429e+00  4.8435913e-02
1.168757516e+00  5.0989049e-02
1.169341895e+00  5.2853501e-02
1.169926566e+00  4.6721811e-02
1.170511529e+00  5.0188994e-02
1.171096785e+00  4.7372756e-02
1.171682333e+00  4.2758356e-02
1.172268174e+00  4.9306587e-02
1.172854308e+00  5.6474646e-02
1.173440736e+00  4.2089280e-02
1.174027456e+00  4.6703656e-02
1.174614470e+00  5.5122730e-02
1.175201777e+00  5.3117442e-02
1.175789378e+00  4.8415616e-02
1.176377273e+00  4.7756268e-02
1.176965461e+00  5.0781934e-02
1.177553944e+00  4.9214756e-02
1.178142721e+00  4.4670726e-02
1.178731792e+00  4.6111803e-02
1.179321158e+00  5.0331373e-02
1.179910819e+00  4.3712909e-02
1.180500774e+00  4.3014484e-02
1.181091025e+00  4.4523740e-02
1.181681570e+00  4.5862740e-02
1.182272411e+00  4.3159832e-02
1.182863547e+00  5.0758738e-02
1.183454979e+00  4.1580715e-02
1.184046706e+00  4.2629207e-02
1.184638730e+00  4.4399295e-02
1.185231049e+00  4.9003401e-02
1.185823665e+00  4.6388682e-02
1.186416576e+00  4.0696466e-02
1.187009785e+00  4.4819994e-02
1.187603290e+00  4.5187903e-02
1.188197091e+00  4.1751524e-02
1.188791190e+00  4.2673434e-02
1.189385585e+00  4.0371281e-02
1.189980278e+00  4.2105086e-02
1.190575268e+00  4.1669406e-02
1.191170556e+00  3.9609468e-02
1.191766141e+00  4.0293661e-02
1.192362024e+00  3.6262063e-02
1.192958205e+00  4.2997718e-02
1.193554684e+00  3.2472611e-02
1.194151462e+00  4.4852546e-02
1.194748537e+00  3.5370419e-02
1.195345912e+00  3.9408545e-02
1.195943585e+00  3.6558493e-02
1.196541556e+00  3.4767122e-02
1.197139827e+00  3.6178613e-02
1.197738397e+00  3.9073320e-02
1.198337266e+00  3.8848247e-02
1.198936435e+00  3.3206735e-02
1.199535903e+00  3.7460952e-02
1.200135671e+00  3.2460071e-02
1.200735739e+00  3.3916850e-02
1.201336107e+00  3.5643713e-02
1.201936775e+00  3.3606835e-02
1.202537743e+00  3.9790301e-02
1.203139012e+00  3.1616793e-02
1.203740582e+00  3.1376310e-02
1.204342452e+00  3.2388021e-02
1.204944623e+00  2.9719433e-02
1.205547095e+00  3.0326837e-02
1.206149869e+00  3.1108221e-02
1.206752944e+00  3.0700300e-02
1.207356320e+00  3.6407494e-02
1.207959999e+00  2.8937290e-02
1.208563979e+00  3.0371012e-02
1.209168261e+00  2.8902317e-02
1.209772845e+00  3.0015186e-02
1.210377731e+00  3.1445393e-02
1.210982920e+00  2.9596748e-02
1.211588411e+00  3.0090027e-02
1.212194206e+00  2.6964285e-02
1.212800303e+00  2.8255177e-02
1.213406703e+00  3.0442438e-02
1.214013406e+00  3.2902947e-02
1.214620413e+00  2.6321986e-02
1.215227723e+00  2.7062314e-02
1.215835337e+00  2.7987888e-02
1.216443255e+00  2.6673702e-02
1.217051476e+00  2.7499715e-02
1.217660002e+00  2.8280991e-02
1.218268832e+00  2.9904093e-02
1.218877966e+00  2.8667814e-02
1.219487405e+00  3.0356962e-02
1.220097149e+00  2.6150794e-02
1.220707198e+00  2.7397548e-02
1.221317551e+00  2.7267719e-02
1.221928210e+00  2.7086115e-02
1.222539174e+00  2.7750215e-02
1.223150444e+00  2.6170855e-02
1.223762019e+00  2.9499430e-02
1.224373900e+00  2.8550281e-02
1.224986087e+00  2.5816787e-02
1.225598580e+00  2.5646367e-02
1.226211379e+00  2.6375934e-02
1.226824485e+00  2.7955752e-02
1.227437897e+00  2.7048655e-02
1.228051616e+00  2.8008994e-02
1.228665642e+00  2.7041169e-02
1.229279975e+00  2.5742536e-02
1.229894615e+00  2.7494577e-02
1.230509562e+00  2.6184876e-02
1.231124817e+00  2.7160995e-02
1.231740379e+00  2.6759718e-02
1.232356250e+00  2.8248840e-02
1.232972428e+00  2.6519975e-02
1.233588914e+00  2.5240518e-02
1.234205708e+00  2.4295090e-02
1.234822811e+00  2.5890091e-02
1.235440223e+00  2.7227909e-02
1.236057943e+00  2.8098092e-02
1.236675972e+00  2.6017709e-02
1.237294310e+00  2.5221198e-02
1.237912957e+00  2.4321916e-02
1.238531913e+00  2.5393800e-02
1.239151179e+00  2.6713174e-02
1.239770755e+00  2.6909992e-02
1.240390640e+00  2.5615375e-02
1.241010836e+00  2.5629993e-02
1.241631341e+00  2.5255367e-02
1.242252157e+00  2.6775108e-02
1.242873283e+00  2.4722726e-02
1.243494719e+00  2.4956469e-02
1.244116467e+00  2.3261014e-02
1.244738525e+00  2.5567827e-02
1.245360894e+00  2.6043805e-02
1.245983575e+00  2.3767207e-02
1.246606566e+00  2.5623004e-02
1.247229870e+00  2.5257399e-02
1.247853485e+00  2.4204076e-02
1.248477411e+00  2.4665762e-02
1.249101650e+00  2.5138637e-02
1.249726201e+00  2.3679185e-02
1.250351064e+00  2.5899874e-02
1.250976240e+00  2.5052763e-02
1.251601728e+00  2.3015430e-02
1.252227529e+00  2.3068493e-02
1.252853642e+00  2.4266335e-02
1.253480069e+00  2.6550063e-02
1.254106809e+00  2.3791233e-02
1.254733863e+00  2.2761119e-02
1.255361229e+00  2.3774848e-02
1.255988910e+00  2.3543008e-02
1.256616905e+00  2.2473276e-02
1.257245213e+00  2.4599487e-02
1.257873836e+00  2.4760001e-02
1.258502773e+00  2.3081927e-02
1.259132024e+00  2.4366876e-02
1.259761590e+00  2.3135460e-02
1.260391471e+00  2.3204847e-02
1.261021666e+00  2.3163741e-02
1.261652177e+00  2.5027903e-02
1.262283003e+00  2.3008986e-02
1.262914145e+00  2.5435453e-02
1.263545602e+00  2.3883013e-02
1.264177375e+00  2.2951588e-02
1.264809463e+00  2.3008162e-02
1.265441868e+00  2.5698514e-02
1.266074589e+00  2.4298695e-02
1.266707626e+00  2.4814369e-02
1.267340980e+00  2.4775192e-02
1.267974651e+00  2.3810005e-02
1.268608638e+00  2.4119768e-02
1.269242942e+00  2.4597717e-02
1.269877564e+00  2.4664189e-02
1.270512503e+00  2.4567286e-02
1.271147759e+00  2.4663235e-02
1.271783333e+00  2.5106650e-02
1.272419224e+00  2.6040357e-02
1.273055434e+00  2.6739772e-02
1.273691962e+00  2.5960816e-02
1.274328808e+00  2.3483913e-02
1.274965972e+00  2.6997673e-02
1.275603455e+00  2.4222819e-02
1.276241257e+00  2.5293772e-02
1.276879377e+00  2.4301758e-02
1.277517817e+00  2.3963335e-02
1.278156576e+00  2.5043754e-02
1.278795654e+00  2.7307540e-02
1.279435052e+00  2.7646670e-02
1.280074770e+00  2.6740653e-02
1.280714807e+00  2.4526611e-02
1.281355164e+00  2.2572982e-02
1.281995842e+00  2.5644302e-02
1.282636840e+00  2.8790849e-02
1.283278158e+00  2.3733399e-02
1.283919797e+00  2.7168840e-02
1.284561757e+00  2.3687003e-02
1.285204038e+00  2.9877107e-02
1.285846640e+00  2.8201168e-02
1.286489564e+00  2.4064738e-02
1.287132808e+00  2.6796911e-02
1.287776375e+00  2.6749426e-02
1.288420263e+00  2.7167309e-02
1.289064473e+00  2.5139598e-02
1.289709005e+00  2.7012813e-02
1.290353860e+00  2.3757392e-02
1.290999037e+00  3.0138330e-02
1.291644536e+00  2.8587696e-02
1.292290359e+00  2.4584352e-02
1.292936504e+00  2.5510718e-02
1.293582972e+00  2.5778217e-02
1.294229763e+00  2.5207858e-02
1.294876878e+00  2.6602740e-02
1.295524317e+00  2.5979332e-02
1.296172079e+00  2.7017673e-02
1.296820165e+00  2.2731413e-02
1.297468575e+00  2.1632787e-02
1.298117309e+00  2.4287651e-02
1.298766368e+00  2.6368627e-02
1.299415751e+00  2.9681917e-02
1.300065459e+00  2.7766113e-02
1.300715492e+00  2.6239151e-02
1.301365850e+00  2.7305163e-02
1.302016532e+00  2.6198833e-02
1.302667541e+00  2.4654052e-02
1.303318875e+00  2.7516795e-02
1.303970534e+00  2.6391790e-02
1.304622519e+00  2.4772835e-02
1.305274830e+00  2.3621061e-02
1.305927468e+00  2.8017200e-02
1.306580432e+00  2.4986458e-02
1.307233722e+00  2.2617070e-02
1.307887339e+00  2.5109266e-02
1.308541282e+00  2.5577651e-02
1.309195553e+00  2.5153424e-02
1.309850151e+00  2.3670741e-02
1.310505076e+00  2.3615250e-02
1.311160328e+00  2.4761325e-02
1.311815909e+00  2.3693787e-02
1.312471817e+00  2.4938849e-02
1.313128052e+00  2.5229760e-02
1.313784616e+00  2.8222600e-02
1.314441509e+00  2.6606467e-02
1.315098730e+00  2.5245435e-02
1.315756279e+00  2.6065833e-02
1.316414157e+00  2.3369264e-02
1.317072364e+00  2.6624017e-02
1.317730900e+00  2.6190763e-02
1.318389766e+00  2.5813970e-02
1.319048961e+00  2.6685163e-02
1.319708485e+00  2.5267337e-02
1.320368339e+00  2.2891117e-02
1.321028524e+00  2.6513820e-02
1.321689038e+00  2.4833599e-02
1.322349882e+00  2.5831166e-02
1.323011057e+00  2.7316358e-02
1.323672563e+00  2.6131885e-02
1.324334399e+00  3.3625000e-02
1.324996566e+00  2.5418662e-02
1.325659065e+00  2.6438672e-02
1.326321894e+00  2.8024079e-02
1.326985055e+00  3.1658419e-02
1.327648548e+00  2.8272199e-02
1.328312372e+00  3.2886358e-02
1.328976528e+00  2.7492025e-02
1.329641016e+00  3.3261474e-02
1.330305837e+00  3.3690726e-02
1.330970990e+00  3.7827476e-02
1.331636475e+00  3.5883112e-02
1.332302293e+00  3.4327326e-02
1.332968445e+00  3.3316169e-02
1.333634929e+00  3.6143777e-02
1.334301746e+00  3.8109372e-02
1.334968897e+00  3.8887644e-02
1.335636382e+00  3.8002427e-02
1.336304200e+00  3.9928755e-02
1.336972352e+00  3.9490784e-02
1.337640838e+00  3.6912924e-02
1.338309658e+00  3.8147795e-02
1.338978813e+00  3.7572343e-02
1.339648303e+00  3.7910238e-02
1.340318127e+00  3.7730592e-02
1.340988286e+00  3.9185479e-02
1.341658780e+00  3.9063413e-02
1.342329609e+00  3.8668088e-02
1.343000774e+00  3.8780325e-02
1.343672275e+00  3.8853162e-02
1.344344111e+00  3.8846113e-02
1.345016283e+00  3.7080088e-02
1.345688791e+00  3.8747623e-02
1.346361635e+00  3.8377849e-02
1.347034816e+00  3.8688822e-02
1.347708334e+00  3.7961799e-02
1.348382188e+00  3.7773829e-02
1.349056379e+00  3.7640134e-02
1.349730907e+00  3.8161726e-02
1.350405772e+00  3.7662731e-02
1.351080975e+00  3.8231703e-02
1.351756516e+00  3.8024906e-02
1.352432394e+00  3.7206311e-02
1.353108610e+00  3.8250621e-02
1.353785165e+00  3.8390301e-02
1.354462057e+00  3.7051676e-02
1.355139288e+00  3.6518125e-02
1.355816858e+00  3.7500955e-02
1.356494766e+00  3.7428246e-02
1.357173014e+00  3.7342162e-02
1.357851600e+00  3.7207287e-02
1.358530526e+00  3.7391287e-02
1.359209791e+00  3.6275326e-02
1.359889396e+00  3.7054200e-02
1.360569341e+00  3.7609958e-02
1.361249626e+00  3.7282822e-02
1.361930250e+00  3.6720159e-02
1.362611215e+00  3.5501208e-02
1.363292521e+00  3.6362519e-02
1.363974167e+00  3.6588608e-02
1.364656154e+00  3.5405838e-02
1.365338482e+00  3.6107665e-02
1.366021152e+00  3.5367323e-02
1.366704162e+00  3.6251337e-02
1.367387514e+00  3.5518779e-02
1.368071208e+00  3.5300742e-02
1.368755244e+00  3.4882502e-02
1.369439621e+00  3.5996666e-02
1.370124341e+00  3.5705918e-02
1.370809403e+00  3.6072292e-02
1.371494808e+00  3.5190264e-02
1.372180555e+00  3.5752697e-02
1.372866646e+00  3.5662569e-02
1.373553079e+00  3.5059766e-02
1.374239856e+00  3.4468833e-02
1.374926976e+00  3.5529930e-02
1.375614439e+00  3.5404123e-02
1.376302246e+00  3.5133284e-02
1.376990397e+00  3.5193657e-02
1.377678893e+00  3.4470448e-02
1.378367732e+00  3.4807869e-02
1.379056916e+00  3.4504852e-02
1.379746444e+00  3.4533100e-02
1.380436318e+00  3.3385141e-02
1.381126536e+00  3.4472745e-02
1.381817099e+00  3.5177169e-02
1.382508008e+00  3.3703187e-02
1.383199262e+00  3.3638266e-02
1.383890861e+00  3.4731776e-02
1.384582807e+00  3.3842920e-02
1.385275098e+00  3.4321015e-02
1.385967736e+00  3.3169674e-02
1.386660719e+00  3.3560548e-02
1.387354050e+00  3.3940708e-02
1.388047727e+00  3.1890274e-02
1.388741751e+00  3.2344966e-02
1.389436122e+00  3.3643433e-02
1.390130840e+00  3.2267082e-02
1.390825905e+00  3.3805532e-02
1.391521318e+00  3.3812902e-02
1.392217079e+00  3.1286344e-02
1.392913187e+00  3.3653828e-02
1.393609644e+00  3.3402188e-02
1.394306449e+00  3.3527496e-02
1.395003602e+00  3.2461331e-02
1.395701104e+00  3.2472579e-02
1.396398954e+00  3.3321620e-02
1.397097154e+00  3.3506291e-02
1.397795702e+00  3.2607095e-02
1.398494600e+00  3.2511178e-02
1.399193847e+00  3.2139231e-02
1.399893444e+00  3.3265020e-02
1.400593391e+00  3.1829752e-02
1.401293688e+00  3.2095465e-02
1.401994335e+00  3.2197498e-02
1.402695332e+00  3.2104111e-02
1.403396679e+00  3.2453747e-02
1.404098378e+00  3.2573660e-02
1.404800427e+00  3.1577660e-02
1.405502827e+00  3.2361297e-02
1.406205579e+00  3.2689846e-02
1.406908681e+00  3.2599790e-02
1.407612136e+00  3.2337335e-02
1.408315942e+00  3.2843290e-02
1.409020100e+00  3.2028020e-02
1.409724610e+00  3.1571166e-02
1.410429472e+00  3.1950548e-02
1.411134687e+00  3.2064949e-02
1.411840254e+00  3.1541250e-02
1.412546174e+00  3.1767342e-02
1.413252447e+00  3.1882822e-02
1.413959074e+00  3.1608636e-02
1.414666053e+00  3.1200242e-02
1.415373386e+00  3.1084578e-02
1.416081073e+00  3.0832169e-02
1.416789113e+00  3.1762005e-02
1.417497508e+00  3.1464617e-02
1.418206257e+00  3.1468991e-02
1.418915360e+00  3.1239137e-02
1.419624817e+00  3.1101782e-02
1.420334630e+00  3.1239992e-02
1.421044797e+00  3.1166994e-02
1.421755320e+00  3.0504077e-02
1.422466197e+00  3.1305922e-02
1.423177430e+00  3.0886686e-02
1.423889019e+00  3.0797862e-02
1.424600964e+00  3.0705986e-02
1.425313264e+00  3.0713386e-02
1.426025921e+00  3.0326724e-02
1.426738934e+00  3.0556163e-02
1.427452303e+00  3.0664823e-02
1.428166029e+00  3.0692765e-02
1.428880112e+00  3.0070095e-02
1.429594552e+00  2.7759754e-02
1.430309350e+00  3.0324316e-02
1.431024504e+00  3.0298647e-02
1.431740017e+00  3.0270046e-02
1.432455887e+00  3.0167597e-02
1.433172115e+00  3.0235425e-02
1.433888701e+00  2.9819140e-02
1.434605645e+00  2.9672501e-02
1.435322948e+00  2.9855061e-02
1.436040609e+00  2.9655034e-02
1.436758630e+00  2.9763100e-02
1.437477009e+00  2.8984047e-02
1.438195747e+00  2.9501295e-02
1.438914845e+00  2.9342223e-02
1.439634303e+00  2.9143217e-02
1.440354120e+00  2.9538652e-02
1.441074297e+00  2.9393329e-02
1.441794834e+00  2.9075641e-02
1.442515731e+00  2.8123347e-02
1.443236989e+00  2.9264320e-02
1.443958608e+00  2.9494888e-02
1.444680587e+00  2.9179783e-02
1.445402927e+00  2.8866242e-02
1.446125629e+00  2.9060603e-02
1.446848692e+00  2.8769125e-02
1.447572116e+00  2.8451070e-02
1.448295902e+00  2.7433238e-02
1.449020050e+00  2.8622906e-02
1.449744560e+00  2.8821610e-02
1.450469432e+00  2.6880373e-02
1.451194667e+00  2.8378511e-02
1.451920264e+00  2.4905933e-02
1.452646224e+00  2.8304320e-02
1.453372548e+00  2.7753690e-02
1.454099234e+00  2.6559240e-02
1.454826283e+00  2.7690192e-02
1.455553697e+00  2.8011344e-02
1.456281473e+00  2.7763683e-02
1.457009614e+00  2.6566964e-02
1.457738119e+00  2.7122384e-02
1.458466988e+00  2.6379298e-02
1.459196222e+00  2.7151173e-02
1.459925820e+00  2.6762483e-02
1.460655783e+00  2.7548528e-02
1.461386110e+00  2.7462463e-02
1.462116804e+00  2.7602378e-02
1.462847862e+00  2.6591269e-02
1.463579286e+00  2.6644564e-02
1.464311076e+00  2.6823073e-02
1.465043231e+00  2.6795945e-02
1.465775753e+00  2.6576667e-02
1.466508641e+00  2.6704341e-02
1.467241895e+00  2.6500154e-02
1.467975516e+00  2.7097680e-02
1.468709504e+00  2.6987239e-02
1.469443858e+00  2.6443551e-02
1.470178580e+00  2.6570341e-02
1.470913670e+00  2.6203251e-02
1.471649126e+00  2.4970525e-02
1.472384951e+00  2.5203182e-02
1.473121143e+00  2.5837141e-02
1.473857704e+00  2.6101183e-02
1.474594633e+00  2.6210847e-02
1.475331930e+00  2.6334051e-02
1.476069596e+00  2.5152130e-02
1.476807631e+00  2.5886659e-02
1.477546035e+00  2.3665424e-02
1.478284808e+00  2.5730101e-02
1.479023950e+00  2.5650333e-02
1.479763462e+00  2.5306208e-02
1.480503344e+00  2.4567938e-02
1.481243596e+00  2.5639318e-02
1.481984217e+00  2.4637229e-02
1.482725209e+00  2.4068627e-02
1.483466572e+00  2.4955080e-02
1.484208305e+00  2.5000682e-02
1.484950409e+00  2.4819343e-02
1.485692885e+00  2.1563294e-02
1.486435731e+00  2.3828392e-02
1.487178949e+00  2.4605701e-02
1.487922538e+00  2.4705670e-02
1.488666500e+00  2.5031933e-02
1.489410833e+00  2.4074075e-02
1.490155538e+00  2.3017340e-02
1.490900616e+00  2.4972086e-02
1.491646066e+00  2.4206556e-02
1.492391890e+00  2.3584342e-02
1.493138085e+00  2.4189729e-02
1.493884655e+00  2.4495393e-02
1.494631597e+00  2.3056599e-02
1.495378913e+00  2.3651353e-02
1.496126602e+00  2.3470255e-02
1.496874665e+00  2.2978808e-02
1.497623103e+00  2.2061096e-02
1.498371914e+00  2.3876557e-02
1.499121100e+00  2.3459317e-02
1.499870661e+00  2.2816919e-02
1.500620596e+00  2.3716676e-02
1.501370906e+00  2.1909906e-02
1.502121592e+00  2.0815866e-02
1.502872653e+00  2.3623244e-02
1.503624089e+00  2.1090974e-02
1.504375901e+00  2.2660025e-02
1.505128089e+00  2.1924480e-02
1.505880653e+00  2.0800675e-02
1.506633593e+00  2.1717052e-02
1.507386910e+00  2.2379177e-02
1.508140604e+00  1.9647713e-02
1.508894674e+00  2.1214435e-02
1.509649121e+00  2.2689727e-02
1.510403946e+00  2.1274351e-02
1.511159148e+00  2.0629736e-02
1.511914727e+00  2.0893219e-02
1.512670685e+00  2.1000152e-02
1.513427020e+00  1.8773615e-02
1.514183734e+00  1.9782443e-02
1.514940825e+00  1.9273696e-02
1.515698296e+00  2.0840659e-02
1.516456145e+00  2.2358550e-02
1.517214373e+00  2.0376214e-02
1.517972980e+00  2.0350580e-02
1.518731967e+00  1.8727868e-02
1.519491333e+00  1.9138948e-02
1.520251078e+00  2.0695798e-02
1.521011204e+00  2.1393802e-02
1.521771710e+00  1.7651827e-02
1.522532595e+00  1.6292867e-02
1.523293862e+00  2.0001115e-02
1.524055509e+00  2.0053670e-02
1.524817536e+00  1.8491824e-02
1.525579945e+00  1.9032594e-02
1.526342735e+00  1.9983554e-02
1.527105906e+00  1.6580945e-02
1.527869459e+00  1.5527880e-02
1.528633394e+00  1.9306185e-02
1.529397711e+00  1.8334731e-02
1.530162410e+00  1.9011590e-02
1.530927491e+00  2.0320385e-02
1.531692955e+00  1.9934724e-02
1.532458801e+00  1.6115581e-02
1.533225031e+00  1.5276447e-02
1.533991643e+00  1.8250083e-02
1.534758639e+00  1.7546527e-02
1.535526018e+00  1.8590479e-02
1.536293781e+00  1.8215791e-02
1.537061928e+00  1.8894753e-02
1.537830459e+00  1.5250991e-02
1.538599374e+00  1.7471993e-02
1.539368674e+00  1.4884237e-02
1.540138358e+00  1.5265903e-02
1.540908428e+00  1.6907872e-02
1.541678882e+00  1.6418767e-02
1.542449721e+00  1.9216782e-02
1.543220946e+00  1.6200771e-02
1.543992556e+00  1.5221268e-02
1.544764553e+00  1.4721719e-02
1.545536935e+00  1.5210437e-02
1.546309704e+00  1.6546366e-02
1.547082858e+00  1.3413025e-02
1.547856400e+00  1.5942527e-02
1.548630328e+00  1.5644583e-02
1.549404643e+00  1.6824501e-02
1.550179345e+00  1.5645903e-02
1.550954435e+00  1.7261938e-02
1.551729912e+00  1.4391961e-02
1.552505777e+00  1.3967775e-02
1.553282030e+00  1.4018184e-02
1.554058671e+00  1.4392394e-02
1.554835701e+00  1.5038924e-02
1.555613118e+00  1.5128038e-02
1.556390925e+00  1.6652414e-02
1.557169120e+00  1.6676826e-02
1.557947705e+00  1.5630072e-02
1.558726679e+00  1.4409192e-02
1.559506042e+00  1.4766211e-02
1.560285795e+00  1.4392717e-02
1.561065938e+00  1.3295985e-02
1.561846471e+00  1.4783243e-02
1.562627394e+00  1.4111070e-02
1.563408708e+00  1.5120226e-02
1.564190412e+00  1.3908827e-02
1.564972508e+00  1.3903351e-02
1.565754994e+00  1.2518705e-02
1.566537871e+00  1.2518493e-02
1.567321140e+00  1.4255839e-02
1.568104801e+00  1.3595551e-02
1.568888853e+00  1.2391439e-02
1.569673298e+00  1.1984831e-02
1.570458134e+00  1.3895190e-02
1.571243363e+00  1.4813495e-02
1.572028985e+00  1.3204957e-02
1.572815000e+00  1.2052617e-02
1.573601407e+00  1.2681239e-02
1.574388208e+00  1.2932559e-02
1.575175402e+00  1.2062694e-02
1.575962990e+00  1.4005687e-02
1.576750971e+00  1.4031096e-02
1.577539347e+00  1.3562257e-02
1.578328116e+00  1.2537707e-02
1.579117280e+00  1.2646228e-02
1.579906839e+00  1.3218904e-02
1.580696792e+00  1.1967273e-02
1.581487141e+00  1.2636714e-02
1.582277884e+00  1.3183791e-02
1.583069023e+00  1.2194051e-02
1.583860558e+00  1.1836664e-02
1.584652488e+00  1.2682731e-02
1.585444814e+00  1.2045838e-02
1.586237537e+00  1.2080607e-02
1.587030655e+00  1.1723089e-02
1.587824171e+00  1.2159926e-02
1.588618083e+00  1.1978035e-02
1.589412392e+00  1.2232310e-02
1.590207098e+00  1.2403252e-02
1.591002202e+00  1.3200417e-02
1.591797703e+00  1.2403524e-02
1.592593602e+00  1.1407624e-02
1.593389898e+00  1.2551843e-02
1.594186593e+00  1.1105299e-02
1.594983687e+00  1.2004850e-02
1.595781178e+00  1.1902067e-02
1.596579069e+00  1.1758892e-02
1.597377359e+00  1.2010118e-02
1.598176047e+00  1.1573800e-02
1.598975135e+00  1.0904544e-02
1.599774623e+00  1.0774060e-02
1.600574510e+00  1.1213629e-02
1.601374797e+00  1.2448045e-02
1.602175485e+00  1.1396580e-02
1.602976573e+00  1.2181989e-02
1.603778061e+00  1.1486756e-02
1.604579950e+00  1.1654964e-02
1.605382240e+00  1.1141244e-02
1.606184931e+00  1.1010228e-02
1.606988023e+00  1.1675481e-02
1.607791517e+00  1.1342085e-02
1.608595413e+00  1.1018844e-02
1.609399711e+00  1.1512632e-02
1.610204411e+00  1.1040834e-02
1.611009513e+00  1.0782974e-02
1.611815018e+00  1.1701755e-02
1.612620925e+00  1.1234907e-02
1.613427236e+00  1.0837284e-02
1.614233949e+00  1.1340750e-02
1.615041066e+00  1.0857207e-02
1.615848587e+00  1.0979064e-02
1.616656511e+00  1.0721686e-02
1.617464839e+00  1.1135469e-02
1.618273572e+00  1.0694457e-02
1.619082709e+00  1.0753703e-02
1.619892250e+00  1.1645258e-02
1.620702196e+00  1.0130111e-02
1.621512547e+00  1.0735253e-02
1.622323303e+00  1.0259764e-02
1.623134465e+00  1.0568780e-02
1.623946032e+00  1.1124018e-02
1.624758005e+00  1.0829509e-02
1.625570384e+00  1.0095410e-02
1.626383170e+00  1.0241956e-02
1.627196361e+00  1.0764707e-02
1.628009959e+00  1.0562190e-02
1.628823964e+00  1.1138470e-02
1.629638376e+00  1.0989794e-02
1.630453195e+00  1.0985230e-02
1.631268422e+00  1.0893004e-02
1.632084056e+00  1.0289886e-02
1.632900098e+00  1.0440864e-02
1.633716548e+00  1.0253746e-02
1.634533407e+00  1.0600226e-02
1.635350673e+00  1.1111748e-02
1.636168349e+00  1.0160893e-02
1.636986433e+00  1.0289426e-02
1.637804926e+00  1.0067451e-02
1.638623829e+00  1.0297772e-02
1.639443140e+00  9.9801653e-03
1.640262862e+00  1.0682343e-02
1.641082993e+00  1.0683348e-02
1.641903535e+00  1.0465025e-02
1.642724487e+00  1.0368060e-02
1.643545849e+00  1.0464530e-02
1.644367622e+00  1.0084260e-02
1.645189806e+00  1.0512045e-02
1.646012401e+00  1.1335716e-02
1.646835407e+00  9.9569047e-03
1.647658824e+00  1.0249199e-02
1.648482654e+00  1.1136090e-02
1.649306895e+00  1.0373493e-02
1.650131549e+00  9.7662066e-03
1.650956614e+00  9.8644349e-03
1.651782093e+00  1.1019155e-02
1.652607984e+00  9.7749488e-03
1.653434288e+00  9.9564422e-03
1.654261005e+00  1.0392603e-02
1.655088135e+00  1.0248677e-02
1.655915680e+00  1.0556516e-02
1.656743637e+00  1.0307488e-02
1.657572009e+00  1.0079002e-02
1.658400795e+00  1.1085758e-02
1.659229996e+00  9.8721921e-03
1.660059611e+00  1.0022428e-02
1.660889640e+00  1.1649479e-02
1.661720085e+00  1.0551839e-02
1.662550945e+00  1.0083011e-02
1.663382221e+00  1.0954609e-02
1.664213912e+00  9.8741633e-03
1.665046019e+00  1.0229322e-02
1.665878542e+00  1.0096001e-02
1.666711481e+00  9.8490323e-03
1.667544837e+00  1.0309204e-02
1.668378609e+00  9.8366124e-03
1.669212799e+00  9.9307031e-03
1.670047405e+00  1.0137442e-02
1.670882429e+00  1.0791650e-02
1.671717870e+00  1.0575928e-02
1.672553729e+00  9.6177962e-03
1.673390006e+00  1.0085301e-02
1.674226701e+00  9.8660455e-03
1.675063814e+00  1.0219501e-02
1.675901346e+00  1.0351785e-02
1.676739297e+00  9.9749155e-03
1.677577666e+00  9.4288777e-03
1.678416455e+00  1.0281145e-02
1.679255663e+00  9.0203202e-03
1.680095291e+00  9.6447699e-03
1.680935339e+00  9.2184178e-03
1.681775806e+00  1.0923272e-02
1.682616694e+00  9.7391818e-03
1.683458003e+00  9.4203011e-03
1.684299732e+00  9.2431684e-03
1.685141882e+00  9.7376310e-03
1.685984452e+00  9.5621333e-03
1.686827445e+00  1.0611181e-02
1.687670858e+00  1.0089114e-02
1.688514694e+00  9.3574208e-03
1.689358951e+00  1.0023311e-02
1.690203631e+00  9.2429955e-03
1.691048732e+00  1.0630503e-02
1.691894257e+00  8.9919672e-03
1.692740204e+00  1.0410824e-02
1.693586574e+00  9.4067990e-03
1.694433367e+00  9.2607231e-03
1.695280584e+00  1.0569925e-02
1.696128224e+00  9.9030096e-03
1.696976288e+00  9.3800852e-03
1.697824777e+00  9.8218054e-03
1.698673689e+00  1.0049295e-02
1.699523026e+00  1.0212593e-02
1.700372787e+00  9.3283670e-03
1.701222974e+00  9.1762990e-03
1.702073585e+00  9.5959347e-03
1.702924622e+00  9.1889980e-03
1.703776084e+00  9.6443810e-03
1.704627972e+00  9.4907023e-03
1.705480286e+00  9.7558183e-03
1.706333027e+00  9.5573103e-03
1.707186193e+00  1.0352651e-02
1.708039786e+00  8.8908465e-03
1.708893806e+00  9.1980134e-03
1.709748253e+00  9.6270681e-03
1.710603127e+00  9.9786829e-03
1.711458429e+00  9.5447723e-03
1.712314158e+00  9.7249533e-03
1.713170315e+00  1.0363812e-02
1.714026900e+00  9.3555921e-03
1.714883914e+00  9.6624188e-03
1.715741355e+00  9.7454110e-03
1.716599226e+00  1.0156874e-02
1.717457526e+00  1.1212488e-02
1.718316255e+00  1.0281654e-02
1.719175413e+00  9.4913468e-03
1.720035000e+00  1.0308238e-02
1.720895018e+00  9.9321025e-03
1.721755465e+00  1.0941910e-02
1.722616343e+00  1.0568636e-02
1.723477651e+00  1.1422221e-02
1.724339390e+00  9.6780133e-03
1.725201560e+00  1.1462109e-02
1.726064161e+00  1.0739012e-02
1.726927193e+00  1.1125398e-02
1.727790656e+00  1.0855599e-02
1.728654552e+00  1.1126401e-02
1.729518879e+00  1.0188614e-02
1.730383638e+00  1.1647901e-02
1.731248830e+00  1.1639816e-02
1.732114455e+00  1.1164958e-02
1.732980512e+00  9.9907107e-03
1.733847002e+00  1.1167317e-02
1.734713926e+00  1.1280377e-02
1.735581282e+00  1.1719008e-02
1.736449073e+00  1.0442488e-02
1.737317298e+00  1.0695916e-02
1.738185956e+00  1.0740254e-02
1.739055049e+00  1.1236500e-02
1.739924577e+00  1.1418554e-02
1.740794539e+00  1.0165332e-02
1.741664936e+00  1.0957522e-02
1.742535769e+00  1.0743611e-02
1.743407037e+00  1.0821089e-02
1.744278740e+00  1.1116417e-02
1.745150880e+00  1.1334288e-02
1.746023455e+00  1.1886523e-02
1.746896467e+00  1.1359209e-02
1.747769915e+00  1.1190246e-02
1.748643800e+00  1.1005286e-02
1.749518122e+00  1.1850480e-02
1.750392881e+00  1.1223005e-02
1.751268077e+00  1.0363944e-02
1.752143711e+00  1.1145354e-02
1.753019783e+00  1.1906394e-02
1.753896293e+00  1.0567435e-02
1.754773241e+00  1.1779539e-02
1.755650628e+00  1.0916892e-02
1.756528453e+00  1.1824943e-02
1.757406717e+00  1.1618641e-02
1.758285421e+00  9.6620607e-03
1.759164564e+00  1.1153913e-02
1.760044146e+00  1.0685934e-02
1.760924168e+00  1.1717083e-02
1.761804630e+00  1.1481843e-02
1.762685532e+00  1.0669278e-02
1.763566875e+00  1.1571424e-02
1.764448658e+00  1.0648308e-02
1.765330883e+00  1.0811855e-02
1.766213548e+00  1.1669587e-02
1.767096655e+00  1.2001293e-02
1.767980203e+00  1.1367119e-02
1.768864193e+00  1.1434451e-02
1.769748626e+00  1.1360326e-02
1.770633500e+00  1.0589552e-02
1.771518817e+00  1.1750663e-02
1.772404576e+00  1.0725651e-02
1.773290778e+00  1.1404865e-02
1.774177424e+00  1.1538337e-02
1.775064512e+00  1.1757155e-02
1.775952045e+00  1.1014782e-02
1.776840021e+00  1.1126923e-02
1.777728441e+00  1.1370532e-02
1.778617305e+00  1.0550554e-02
1.779506614e+00  1.1311217e-02
1.780396367e+00  1.0800862e-02
1.781286565e+00  1.1467216e-02
1.782177208e+00  1.0894979e-02
1.783068297e+00  1.1206524e-02
1.783959831e+00  1.1499704e-02
1.784851811e+00  1.1375362e-02
1.785744237e+00  1.1550510e-02
1.786637109e+00  1.0843933e-02
1.787530428e+00  1.0405198e-02
1.788424193e+00  1.0577721e-02
1.789318405e+00  1.1094989e-02
1.790213064e+00  1.1232777e-02
1.791108171e+00  1.1322315e-02
1.792003725e+00  1.0922174e-02
1.792899727e+00  1.0790976e-02
1.793796176e+00  1.1162430e-02
1.794693075e+00  1.1151095e-02
1.795590421e+00  1.0929205e-02
1.796488216e+00  1.0635373e-02
1.797386460e+00  1.0133692e-02
1.798285154e+00  1.0926639e-02
1.799184296e+00  1.1136169e-02
1.800083888e+00  1.1176781e-02
1.800983930e+00  1.1108691e-02
1.801884422e+00  1.0789373e-02
1.802785364e+00  1.0320999e-02
1.803686757e+00  1.0670991e-02
1.804588601e+00  1.1053893e-02
1.805490895e+00  1.0942105e-02
1.806393640e+00  1.0894540e-02
1.807296837e+00  1.0843892e-02
1.808200486e+00  1.0513060e-02
1.809104586e+00  1.0757579e-02
1.810009138e+00  1.0732912e-02
1.810914143e+00  1.0794893e-02
1.811819600e+00  1.0394251e-02
1.812725509e+00  9.8307852e-03
1.813631872e+00  1.0548936e-02
1.814538688e+00  1.0675390e-02
1.815445958e+00  1.0430432e-02
1.816353681e+00  1.0534572e-02
1.817261857e+00  1.0695362e-02
1.818170488e+00  1.0554486e-02
1.819079574e+00  1.0641767e-02
1.819989113e+00  1.0613671e-02
1.820899108e+00  1.0603892e-02
1.821809557e+00  1.0089882e-02
1.822720462e+00  9.9522890e-03
1.823631822e+00  1.0222880e-02
1.824543638e+00  1.0390686e-02
1.825455910e+00  1.0398119e-02
1.826368638e+00  1.0235227e-02
1.827281822e+00  1.0181712e-02
1.828195463e+00  9.8074685e-03
1.829109561e+00  1.0290441e-02
1.830024116e+00  1.0108531e-02
1.830939128e+00  1.0250316e-02
1.831854597e+00  1.0115147e-02
1.832770525e+00  1.0046201e-02
1.833686910e+00  1.0164018e-02
1.834603753e+00  1.0170390e-02
1.835521055e+00  9.9625563e-03
1.836438816e+00  1.0042455e-02
1.837357035e+00  9.9807131e-03
1.838275714e+00  1.0054683e-02
1.839194852e+00  9.7771964e-03
1.840114449e+00  9.8321353e-03
1.841034506e+00  9.9731356e-03
1.841955024e+00  9.9933549e-03
1.842876001e+00  9.9444168e-03
1.843797439e+00  9.7569664e-03
1.844719338e+00  9.8635401e-03
1.845641697e+00  9.9060911e-03
1.846564518e+00  9.8733401e-03
1.847487801e+00  9.6721855e-03
1.848411544e+00  9.8076623e-03
1.849335750e+00  9.7461470e-03
1.850260418e+00  9.5446123e-03
1.851185548e+00  9.6844044e-03
1.852111141e+00  9.7350350e-03
1.853037197e+00  9.7219871e-03
1.853963715e+00  9.2900944e-03
1.854890697e+00  9.6580930e-03
1.855818142e+00  9.6896344e-03
1.856746052e+00  9.6101881e-03
1.857674425e+00  9.5914130e-03
1.858603262e+00  9.6334951e-03
1.859532563e+00  9.6085736e-03
1.860462330e+00  9.4422979e-03
1.861392561e+00  9.4604266e-03
1.862323257e+00  9.5401277e-03
1.863254419e+00  9.5209927e-03
1.864186046e+00  9.3529924e-03
1.865118139e+00  9.3409716e-03
1.866050698e+00  9.4337897e-03
1.866983723e+00  9.3147652e-03
1.867917215e+00  9.2954060e-03
1.868851174e+00  9.3017651e-03
1.869785599e+00  9.3664339e-03
1.870720492e+00  9.1477375e-03
1.871655853e+00  9.2954236e-03
1.872591680e+00  9.1732393e-03
1.873527976e+00  9.1192692e-03
1.874464740e+00  9.1733214e-03
1.875401973e+00  9.1965829e-03
1.876339674e+00  9.1193544e-03
1.877277843e+00  9.0819511e-03
1.878216482e+00  8.9969405e-03
1.879155591e+00  9.0170648e-03
1.880095168e+00  9.0648519e-03
1.881035216e+00  8.8295761e-03
1.881975734e+00  8.7030499e-03
1.882916722e+00  8.9525591e-03
1.883858180e+00  9.0035173e-03
1.884800109e+00  8.7259504e-03
1.885742509e+00  8.8590614e-03
1.886685380e+00  8.6748491e-03
1.887628723e+00  8.8824394e-03
1.888572537e+00  8.7980722e-03
1.889516824e+00  8.7213226e-03
1.890461582e+00  8.7772539e-03
1.891406813e+00  8.6985558e-03
1.892352516e+00  8.6379016e-03
1.893298692e+00  8.6372908e-03
1.894245342e+00  8.3428815e-03
1.895192464e+00  8.4842300e-03
1.896140061e+00  8.5391629e-03
1.897088131e+00  8.6291152e-03
1.898036675e+00  8.4806502e-03
1.898985693e+00  8.2881459e-03
1.899935186e+00  8.5380544e-03
1.900885154e+00  8.2375665e-03
1.901835596e+00  8.4574870e-03
1.902786514e+00  8.3950277e-03
1.903737907e+00  8.3124028e-03
1.904689776e+00  8.5004712e-03
1.905642121e+00  8.2538859e-03
1.906594942e+00  7.9270410e-03
1.907548240e+00  7.6886255e-03
1.908502014e+00  8.0583880e-03
1.909456265e+00  8.2971923e-03
1.910410993e+00  8.3048192e-03
1.911366198e+00  7.9405820e-03
1.912321881e+00  8.1920554e-03
1.913278042e+00  7.9737175e-03
1.914234681e+00  7.5539822e-03
1.915191799e+00  8.2323701e-03
1.916149395e+00  7.9095327e-03
1.917107469e+00  7.7759185e-03
1.918066023e+00  8.0150329e-03
1.919025056e+00  8.1925705e-03
1.919984569e+00  7.9599474e-03
1.920944561e+00  7.8102003e-03
1.921905033e+00  7.9565790e-03
1.922865986e+00  8.1658906e-03
1.923827419e+00  7.5979709e-03
1.924789332e+00  7.9373540e-03
1.925751727e+00  8.0026006e-03
1.926714603e+00  7.4841092e-03
1.927677960e+00  7.9815992e-03
1.928641799e+00  7.7284759e-03
1.929606120e+00  7.9816240e-03
1.930570923e+00  7.8779096e-03
1.931536209e+00  7.8858031e-03
1.932501977e+00  7.9691332e-03
1.933468228e+00  7.8406098e-03
1.934434962e+00  7.9058913e-03
1.935402179e+00  7.8960251e-03
1.936369880e+00  7.8065061e-03
1.937338065e+00  7.8443316e-03
1.938306734e+00  7.8890464e-03
1.939275888e+00  7.8696450e-03
1.940245526e+00  7.8201140e-03
1.941215648e+00  7.7413687e-03
1.942186256e+00  7.7033395e-03
1.943157349e+00  7.7566376e-03
1.944128928e+00  7.7029444e-03
1.945100993e+00  7.5162334e-03
1.946073543e+00  7.6737513e-03
1.947046580e+00  7.6932655e-03
1.948020103e+00  7.5292630e-03
1.948994113e+00  7.4772617e-03
1.949968610e+00  7.4311854e-03
1.950943595e+00  7.5317976e-03
1.951919066e+00  7.5980066e-03
1.952895026e+00  7.5858073e-03
1.953871473e+00  7.5939683e-03
1.954848409e+00  7.5686680e-03
1.955825833e+00  7.4258607e-03
1.956803746e+00  7.4533111e-03
1.957782148e+00  7.4092877e-03
1.958761039e+00  7.4869843e-03
1.959740420e+00  7.4829715e-03
1.960720290e+00  7.3790399e-03
1.961700650e+00  7.4042529e-03
1.962681500e+00  7.2037417e-03
1.963662841e+00  7.3800594e-03
1.964644673e+00  7.3432652e-03
1.965626995e+00  7.2855260e-03
1.966609808e+00  7.3241235e-03
1.967593113e+00  7.2760218e-03
1.968576910e+00  7.1782693e-03
1.969561198e+00  7.2836484e-03
1.970545979e+00  7.0836479e-03
1.971531252e+00  7.0773953e-03
1.972517017e+00  7.2303040e-03
1.973503276e+00  7.2110404e-03
1.974490028e+00  7.2309273e-03
1.975477273e+00  7.1113110e-03
1.976465011e+00  7.1211494e-03
1.977453244e+00  7.1057002e-03
1.978441970e+00  7.1169095e-03
1.979431191e+00  7.1072886e-03
1.980420907e+00  7.0908535e-03
1.981411117e+00  7.0504793e-03
1.982401823e+00  7.0348804e-03
1.983393024e+00  7.0103903e-03
1.984384720e+00  7.0101074e-03
1.985376913e+00  6.8311152e-03
1.986369601e+00  6.9080196e-03
1.987362786e+00  6.9308693e-03
1.988356467e+00  6.9887626e-03
1.989350646e+00  6.9435778e-03
1.990345321e+00  6.9299805e-03
1.991340494e+00  6.8969313e-03
1.992336164e+00  6.7652780e-03
1.993332332e+00  6.8704862e-03
1.994328998e+00  6.8071609e-03
1.995326163e+00  6.7555136e-03
1.996323826e+00  6.8128915e-03
1.997321988e+00  6.5324891e-03
1.998320649e+00  6.7729848e-03
1.999319809e+00  6.6777404e-03
2.000319469e+00  6.7198184e-03
2.001319629e+00  6.6652319e-03
2.002320288e+00  6.6037230e-03
2.003321449e+00  6.5587922e-03
2.004323109e+00  6.6782786e-03
2.005325271e+00  6.6634643e-03
2.006327933e+00  6.3263799e-03
2.007331097e+00  6.6043547e-03
2.008334763e+00  6.6184840e-03
2.009338930e+00  6.6059924e-03
2.010343600e+00  6.5316651e-03
2.011348772e+00  6.4073384e-03
2.012354446e+00  6.2356572e-03
2.013360623e+00  6.1906310e-03
2.014367304e+00  6.4807209e-03
2.015374487e+00  6.4573100e-03
2.016382174e+00  6.3471712e-03
2.017390366e+00  6.3285953e-03
2.018399061e+00  6.4522796e-03
2.019408260e+00  6.1764761e-03
2.020417964e+00  5.8046310e-03
2.021428173e+00  6.1849379e-03
2.022438887e+00  6.0222311e-03
2.023450107e+00  6.0282370e-03
2.024461832e+00  6.3195109e-03
2.025474063e+00  6.2479928e-03
2.026486800e+00  6.0521605e-03
2.027500043e+00  6.2484639e-03
2.028513793e+00  5.9587344e-03
2.029528050e+00  6.0090119e-03
2.030542814e+00  5.5812891e-03
2.031558086e+00  5.9716028e-03
2.032573865e+00  5.9710049e-03
2.033590152e+00  5.8181003e-03
2.034606947e+00  6.0610675e-03
2.035624250e+00  5.1276173e-03
2.036642062e+00  5.6956168e-03
2.037660383e+00  5.8819014e-03
2.038679214e+00  5.7137962e-03
2.039698553e+00  5.7644384e-03
2.040718402e+00  5.6823413e-03
2.041738762e+00  5.4732002e-03
2.042759631e+00  5.7175711e-03
2.043781011e+00  5.6351522e-03
2.044802901e+00  5.1228590e-03
2.045825303e+00  5.0016947e-03
2.046848215e+00  4.9430943e-03
2.047871640e+00  5.6226857e-03
2.048895575e+00  5.2184361e-03
2.049920023e+00  5.0532220e-03
2.050944983e+00  5.4577515e-03
2.051970456e+00  5.3896036e-03
2.052996441e+00  5.1164420e-03
2.054022939e+00  4.7898020e-03
2.055049951e+00  5.2093752e-03
2.056077476e+00  5.0934017e-03
2.057105514e+00  4.8104162e-03
2.058134067e+00  4.8555297e-03
2.059163134e+00  5.3073689e-03
2.060192716e+00  4.9444943e-03
2.061222812e+00  5.0739607e-03
2.062253423e+00  5.2324062e-03
2.063284550e+00  4.6749349e-03
2.064316192e+00  4.6832434e-03
2.065348350e+00  4.9524436e-03
2.066381025e+00  4.9131558e-03
2.067414215e+00  4.8108766e-03
2.068447922e+00  4.8465473e-03
2.069482146e+00  4.8671573e-03
2.070516887e+00  5.0545841e-03
2.071552146e+00  4.8016537e-03
2.072587922e+00  4.4347786e-03
2.073624216e+00  4.9853276e-03
2.074661028e+00  4.8527813e-03
2.075698358e+00  4.7363909e-03
2.076736208e+00  4.7046806e-03
2.077774576e+00  4.7110019e-03
2.078813463e+00  4.7435668e-03
2.079852870e+00  4.7738597e-03
2.080892796e+00  4.5230596e-03
2.081933243e+00  4.8172878e-03
2.082974209e+00  4.5476264e-03
2.084015696e+00  4.6831027e-03
2.085057704e+00  4.8366931e-03
2.086100233e+00  4.7068954e-03
2.087143283e+00  4.5769479e-03
2.088186855e+00  4.5784167e-03
2.089230948e+00  4.5234779e-03
2.090275564e+00  4.7858323e-03
2.091320701e+00  4.3847224e-03
2.092366362e+00  4.5300056e-03
2.093412545e+00  4.5583149e-03
2.094459251e+00  4.5326987e-03
2.095506481e+00  4.5617330e-03
2.096554234e+00  4.3578737e-03
2.097602511e+00  4.3402433e-03
2.098651312e+00  4.3629633e-03
2.099700638e+00  4.4841411e-03
2.100750488e+00  4.4757672e-03
2.101800864e+00  4.5247874e-03
2.102851764e+00  4.4687655e-03
2.103903190e+00  4.4607660e-03
2.104955142e+00  4.2859572e-03
2.106007619e+00  4.4603900e-03
2.107060623e+00  4.4349169e-03
2.108114153e+00  4.5762889e-03
2.109168210e+00  4.1915925e-03
2.110222794e+00  4.3047599e-03
2.111277906e+00  4.2668991e-03
2.112333545e+00  4.3224993e-03
2.113389712e+00  4.2211781e-03
2.114446406e+00  4.3922854e-03
2.115503630e+00  4.1670012e-03
2.116561381e+00  4.4438042e-03
2.117619662e+00  4.3023261e-03
2.118678472e+00  4.2954680e-03
2.119737811e+00  4.2882684e-03
2.120797680e+00  4.1887948e-03
2.121858079e+00  4.1895018e-03
2.122919008e+00  4.3390104e-03
2.123980467e+00  4.0967988e-03
2.125042458e+00  4.2081180e-03
2.126104979e+00  4.2466928e-03
2.127168031e+00  4.1307743e-03
2.128231615e+00  4.4208391e-03
2.129295731e+00  4.1740372e-03
2.130360379e+00  4.1117513e-03
2.131425559e+00  4.1023706e-03
2.132491272e+00  4.0088926e-03
2.133557518e+00  4.0143030e-03
2.134624296e+00  4.2222879e-03
2.135691609e+00  4.0491906e-03
2.136759454e+00  4.0294556e-03
2.137827834e+00  4.1059880e-03
2.138896748e+00  4.0088534e-03
2.139966196e+00  4.1886875e-03
2.141036180e+00  4.1346196e-03
2.142106698e+00  3.9276049e-03
2.143177751e+00  3.9640202e-03
2.144249340e+00  3.9307069e-03
2.145321465e+00  4.0686172e-03
2.146394125e+00  3.9656155e-03
2.147467322e+00  3.8771055e-03
2.148541056e+00  3.9443382e-03
2.149615327e+00  4.0551364e-03
2.150690134e+00  4.0443482e-03
2.151765479e+00  3.9263878e-03
2.152841362e+00  4.0452290e-03
2.153917783e+00  4.0999943e-03
2.154994742e+00  3.8932128e-03
2.156072239e+00  3.8150349e-03
2.157150275e+00  3.9844684e-03
2.158228850e+00  3.9422077e-03
2.159307965e+00  3.9835538e-03
2.160387619e+00  3.7981032e-03
2.161467812e+00  3.9420532e-03
2.162548546e+00  3.7975306e-03
2.163629821e+00  3.9533980e-03
2.164711636e+00  3.9304045e-03
2.165793991e+00  3.8673394e-03
2.166876888e+00  3.7393393e-03
2.167960327e+00  3.8411984e-03
2.169044307e+00  3.8355389e-03
2.170128829e+00  3.7254110e-03
2.171213893e+00  3.8840761e-03
2.172299500e+00  3.7934967e-03
2.173385650e+00  3.7296180e-03
2.174472343e+00  3.9044809e-03
2.175559579e+00  3.7464607e-03
2.176647359e+00  4.0072727e-03
2.177735683e+00  3.9288251e-03
2.178824551e+00  3.8016168e-03
2.179913963e+00  3.6525676e-03
2.181003920e+00  3.6256178e-03
2.182094422e+00  3.7326793e-03
2.183185469e+00  3.7079389e-03
2.184277062e+00  3.8126678e-03
2.185369200e+00  3.8714532e-03
2.186461885e+00  3.6908626e-03
2.187555116e+00  3.6828084e-03
2.188648893e+00  3.6474412e-03
2.189743218e+00  3.6767863e-03
2.190838089e+00  3.5989099e-03
2.191933508e+00  3.6184532e-03
2.193029475e+00  3.6324686e-03
2.194125990e+00  3.7175396e-03
2.195223053e+00  3.6387051e-03
2.196320664e+00  3.6675888e-03
2.197418825e+00  3.6286647e-03
2.198517534e+00  3.5992513e-03
2.199616793e+00  3.6335401e-03
2.200716601e+00  3.6147391e-03
2.201816960e+00  3.6829451e-03
2.202917868e+00  3.7432977e-03
2.204019327e+00  3.5095166e-03
2.205121337e+00  3.6532741e-03
2.206223897e+00  3.5825702e-03
2.207327009e+00  3.5557420e-03
2.208430673e+00  3.5357283e-03
2.209534888e+00  3.6848827e-03
2.210639656e+00  3.5304069e-03
2.211744975e+00  3.4714708e-03
2.212850848e+00  3.5272300e-03
2.213957273e+00  3.4966065e-03
2.215064252e+00  3.5214011e-03
2.216171784e+00  3.5776575e-03
2.217279870e+00  3.6805043e-03
2.218388510e+00  3.6388009e-03
2.219497704e+00  3.6959653e-03
2.220607453e+00  3.5468430e-03
2.221717757e+00  3.5482293e-03
2.222828616e+00  3.5187917e-03
2.223940030e+00  3.4766022e-03
2.225052000e+00  3.5963450e-03
2.226164526e+00  3.6052749e-03
2.227277608e+00  3.4293060e-03
2.228391247e+00  3.5759616e-03
2.229505443e+00  3.4340398e-03
2.230620195e+00  3.4101962e-03
2.231735505e+00  3.4413252e-03
2.232851373e+00  3.5185313e-03
2.233967799e+00  3.6139721e-03
2.235084783e+00  3.4113633e-03
2.236202325e+00  3.3824935e-03
2.237320426e+00  3.5628955e-03
2.238439087e+00  3.3509552e-03
2.239558306e+00  3.4416919e-03
2.240678085e+00  3.5042106e-03
2.241798424e+00  3.5442086e-03
2.242919324e+00  3.3914308e-03
2.244040783e+00  3.2552361e-03
2.245162804e+00  3.4716005e-03
2.246285385e+00  3.3473876e-03
2.247408528e+00  3.3650312e-03
2.248532232e+00  3.4015734e-03
2.249656498e+00  3.2926269e-03
2.250781326e+00  3.3521632e-03
2.251906717e+00  3.3944649e-03
2.253032670e+00  3.5113808e-03
2.254159187e+00  3.3159307e-03
2.255286266e+00  3.3188754e-03
2.256413909e+00  3.3918477e-03
2.257542116e+00  3.2476929e-03
2.258670887e+00  3.2715808e-03
2.259800223e+00  3.2444796e-03
2.260930123e+00  3.2954781e-03
2.262060588e+00  3.3508567e-03
2.263191618e+00  3.4806000e-03
2.264323214e+00  3.3152254e-03
2.265455376e+00  3.3160714e-03
2.266588103e+00  3.2734504e-03
2.267721397e+00  3.3325166e-03
2.268855258e+00  3.3917893e-03
2.269989686e+00  3.2804844e-03
2.271124681e+00  3.3757379e-03
2.272260243e+00  3.1361605e-03
2.273396373e+00  3.1815981e-03
2.274533071e+00  3.3088751e-03
2.275670338e+00  3.0941760e-03
2.276808173e+00  3.2690131e-03
2.277946577e+00  3.2684159e-03
2.279085550e+00  3.3990374e-03
2.280225093e+00  3.1683253e-03
2.281365206e+00  3.1047521e-03
2.282505888e+00  3.3696078e-03
2.283647141e+00  3.1290035e-03
2.284788965e+00  3.1446303e-03
2.285931359e+00  3.1647901e-03
2.287074325e+00  3.1723596e-03
2.288217862e+00  3.0888046e-03
2.289361971e+00  3.2399033e-03
2.290506652e+00  3.2661605e-03
2.291651905e+00  3.4899738e-03
2.292797731e+00  3.5509052e-03
2.293944130e+00  3.4927789e-03
2.295091102e+00  3.4765657e-03
2.296238648e+00  3.4101727e-03
2.297386767e+00  3.4325442e-03
2.298535461e+00  3.4204120e-03
2.299684728e+00  3.3843909e-03
2.300834571e+00  3.3649817e-03
2.301984988e+00  3.3284366e-03
2.303135980e+00  3.3061360e-03
2.304287548e+00  3.2979997e-03
2.305439692e+00  3.2762829e-03
2.306592412e+00  3.2508561e-03
2.307745708e+00  3.2597327e-03
2.308899581e+00  3.2152672e-03
2.310054031e+00  3.1896204e-03
2.311209058e+00  3.1598020e-03
2.312364662e+00  3.1953196e-03
2.313520845e+00  3.2194492e-03
2.314677605e+00  3.1867361e-03
2.315834944e+00  3.2186443e-03
2.316992861e+00  3.1482458e-03
2.318151358e+00  3.0997584e-03
2.319310434e+00  3.0564768e-03
2.320470089e+00  3.1481759e-03
2.321630324e+00  3.2330560e-03
2.322791139e+00  3.2903196e-03
2.323952535e+00  3.2437135e-03
2.325114511e+00  3.2706406e-03
2.326277068e+00  3.2445039e-03
2.327440207e+00  3.1716434e-03
2.328603927e+00  3.1843155e-03
2.329768229e+00  3.1546652e-03
2.330933113e+00  3.1496476e-03
2.332098579e+00  3.1417226e-03
2.333264629e+00  3.1146693e-03
2.334431261e+00  3.0605621e-03
2.335598477e+00  3.1319257e-03
2.336766276e+00  3.0316890e-03
2.337934659e+00  3.0464591e-03
2.339103626e+00  3.0608852e-03
2.340273178e+00  2.9842396e-03
2.341443315e+00  3.0344309e-03
2.342614036e+00  3.0011731e-03
2.343785343e+00  3.0248566e-03
2.344957236e+00  3.0127341e-03
2.346129715e+00  2.9252625e-03
2.347302779e+00  2.9557918e-03
2.348476431e+00  2.9386804e-03
2.349650669e+00  3.0369133e-03
2.350825494e+00  2.9968645e-03
2.352000907e+00  2.9612225e-03
2.353176908e+00  2.8541186e-03
2.354353496e+00  2.9239264e-03
2.355530673e+00  2.8691504e-03
2.356708438e+00  2.9530884e-03
2.357886792e+00  2.8940465e-03
2.359065736e+00  2.9670084e-03
2.360245269e+00  2.8586948e-03
2.361425391e+00  2.9852720e-03
2.362606104e+00  2.9209385e-03
2.363787407e+00  2.9179179e-03
2.364969301e+00  2.9205361e-03
2.366151785e+00  2.9509336e-03
2.367334861e+00  2.8617468e-03
2.368518529e+00  2.9800157e-03
2.369702788e+00  2.8623425e-03
2.370887639e+00  2.9401721e-03
2.372073083e+00  2.8502502e-03
2.373259120e+00  2.8859761e-03
2.374445749e+00  2.8398256e-03
2.375632972e+00  2.7876311e-03
2.376820789e+00  2.8618187e-03
2.378009199e+00  2.8071577e-03
2.379198204e+00  2.8616108e-03
2.380387803e+00  2.7903409e-03
2.381577997e+00  2.8401609e-03
2.382768786e+00  2.7687747e-03
2.383960170e+00  2.8440810e-03
2.385152150e+00  2.8348131e-03
2.386344726e+00  2.8280155e-03
2.387537899e+00  2.7884689e-03
2.388731668e+00  2.7508109e-03
2.389926033e+00  2.7889577e-03
2.391120996e+00  2.7910801e-03
2.392316557e+00  2.7008317e-03
2.393512715e+00  2.7820615e-03
2.394709471e+00  2.7524270e-03
2.395906826e+00  2.7203812e-03
2.397104780e+00  2.6353328e-03
2.398303332e+00  2.6758468e-03
2.399502484e+00  2.7234228e-03
2.400702235e+00  2.7128863e-03
2.401902586e+00  2.7062748e-03
2.403103537e+00  2.7109051e-03
2.404305089e+00  2.6147080e-03
2.405507242e+00  2.6961266e-03
2.406709995e+00  2.7031805e-03
2.407913350e+00  2.6516649e-03
2.409117307e+00  2.6828262e-03
2.410321866e+00  2.6126449e-03
2.411527027e+00  2.6819957e-03
2.412732790e+00  2.6739342e-03
2.413939156e+00  2.6471188e-03
2.415146126e+00  2.6082512e-03
2.416353699e+00  2.6017051e-03
2.417561876e+00  2.6721005e-03
2.418770657e+00  2.6013826e-03
2.419980042e+00  2.5963244e-03
2.421190032e+00  2.6626025e-03
2.422400627e+00  2.6116664e-03
2.423611828e+00  2.6163008e-03
2.424823633e+00  2.5740607e-03
2.426036045e+00  2.6110821e-03
2.427249063e+00  2.5537232e-03
2.428462688e+00  2.5811345e-03
2.429676919e+00  2.6008124e-03
2.430891758e+00  2.5204112e-03
2.432107204e+00  2.6006998e-03
2.433323257e+00  2.5825392e-03
2.434539919e+00  2.5806280e-03
2.435757189e+00  2.5854159e-03
2.436975067e+00  2.5211198e-03
2.438193555e+00  2.5354919e-03
2.439412652e+00  2.5575349e-03
2.440632358e+00  2.5434968e-03
2.441852674e+00  2.5563096e-03
2.443073600e+00  2.5378540e-03
2.444295137e+00  2.5118474e-03
2.445517285e+00  2.5493100e-03
2.446740043e+00  2.5130498e-03
2.447963413e+00  2.4835381e-03
2.449187395e+00  2.5028201e-03
2.450411989e+00  2.5126817e-03
2.451637195e+00  2.5026741e-03
2.452863013e+00  2.4952499e-03
2.454089445e+00  2.4666031e-03
2.455316490e+00  2.4329273e-03
2.456544148e+00  2.4548660e-03
2.457772420e+00  2.4784258e-03
2.459001306e+00  2.4737907e-03
2.460230807e+00  2.4375177e-03
2.461460922e+00  2.4389215e-03
2.462691653e+00  2.4177721e-03
2.463922999e+00  2.4392804e-03
2.465154960e+00  2.4418037e-03
2.466387538e+00  2.4333590e-03
2.467620731e+00  2.4191142e-03
2.468854542e+00  2.3989565e-03
2.470088969e+00  2.4244536e-03
2.471324013e+00  2.3945875e-03
2.472559675e+00  2.4011349e-03
2.473795955e+00  2.4015675e-03
2.475032853e+00  2.3758016e-03
2.476270370e+00  2.3702468e-03
2.477508505e+00  2.3744032e-03
2.478747259e+00  2.3606350e-03
2.479986633e+00  2.3598163e-03
2.481226626e+00  2.3624079e-03
2.482467239e+00  2.3371047e-03
2.483708473e+00  2.3095869e-03
2.484950327e+00  2.3410623e-03
2.486192802e+00  2.3351179e-03
2.487435899e+00  2.3325646e-03
2.488679617e+00  2.3178217e-03
2.489923957e+00  2.2984723e-03
2.491168919e+00  2.3017130e-03
2.492414503e+00  2.2930578e-03
2.493660710e+00  2.2996239e-03
2.494907541e+00  2.2854123e-03
2.496154994e+00  2.2951797e-03
2.497403072e+00  2.2746735e-03
2.498651773e+00  2.2830351e-03
2.499901099e+00  2.2598850e-03
2.501151050e+00  2.2631805e-03
2.502401625e+00  2.2456721e-03
2.503652826e+00  2.2507683e-03
2.504904653e+00  2.2414856e-03
2.506157105e+00  2.2262062e-03
2.507410183e+00  2.2230666e-03
2.508663889e+00  2.2140360e-03
2.509918221e+00  2.2210017e-03
2.511173180e+00  2.1985876e-03
2.512428766e+00  2.1977069e-03
2.513684981e+00  2.1907420e-03
2.514941823e+00  2.1964024e-03
2.516199294e+00  2.1813766e-03
2.517457394e+00  2.1886740e-03
2.518716122e+00  2.1792140e-03
2.519975480e+00  2.1677275e-03
2.521235468e+00  2.1583321e-03
2.522496086e+00  2.1613151e-03
2.523757334e+00  2.1563967e-03
2.525019213e+00  2.1442710e-03
2.526281722e+00  2.1461086e-03
2.527544863e+00  2.1360735e-03
2.528808636e+00  2.1299146e-03
2.530073040e+00  2.1271215e-03
2.531338076e+00  2.1213357e-03
2.532603745e+00  2.1136846e-03
2.533870047e+00  2.1111385e-03
2.535136982e+00  2.0930139e-03
2.536404551e+00  2.1040534e-03
2.537672753e+00  2.0996063e-03
2.538941589e+00  2.0757887e-03
2.540211060e+00  2.0856393e-03
2.541481166e+00  2.0837543e-03
2.542751906e+00  2.0676490e-03
2.544023282e+00  2.0608138e-03
2.545295294e+00  2.0687126e-03
2.546567942e+00  2.0528808e-03
2.547841226e+00  2.0437241e-03
2.549115146e+00  2.0385048e-03
2.550389704e+00  2.0561940e-03
2.551664899e+00  2.0378017e-03
2.552940731e+00  2.0238711e-03
2.554217201e+00  2.0197719e-03
2.555494310e+00  2.0118061e-03
2.556772057e+00  2.0153314e-03
2.558050443e+00  2.0149332e-03
2.559329468e+00  2.0148184e-03
2.560609133e+00  2.0116853e-03
2.561889438e+00  1.9968253e-03
2.563170382e+00  1.9867545e-03
2.564451968e+00  1.9834758e-03
2.565734194e+00  1.9756698e-03
2.567017061e+00  1.9629049e-03
2.568300569e+00  1.9792600e-03
2.569584720e+00  1.9637470e-03
2.570869512e+00  1.9545367e-03
2.572154947e+00  1.9482694e-03
2.573441024e+00  1.9368416e-03
2.574727745e+00  1.9513814e-03
2.576015108e+00  1.9366599e-03
2.577303116e+00  1.9275075e-03
2.578591768e+00  1.9302638e-03
2.579881063e+00  1.9201149e-03
2.581171004e+00  1.9084580e-03
2.582461590e+00  1.9079328e-03
2.583752820e+00  1.9065743e-03
2.585044697e+00  1.9116129e-03
2.586337219e+00  1.8986638e-03
2.587630388e+00  1.8933451e-03
2.588924203e+00  1.8873281e-03
2.590218665e+00  1.8847441e-03
2.591513774e+00  1.8741580e-03
2.592809531e+00  1.8768622e-03
2.594105936e+00  1.8517031e-03
2.595402989e+00  1.8569653e-03
2.596700690e+00  1.8651272e-03
2.597999041e+00  1.8533205e-03
2.599298040e+00  1.8411332e-03
2.600597689e+00  1.8416802e-03
2.601897988e+00  1.8397656e-03
2.603198937e+00  1.8394462e-03
2.604500537e+00  1.8390093e-03
2.605802787e+00  1.8242366e-03
2.607105688e+00  1.8152049e-03
2.608409241e+00  1.8185792e-03
2.609713446e+00  1.8092067e-03
2.611018302e+00  1.8070480e-03
2.612323812e+00  1.7894013e-03
2.613629974e+00  1.7910875e-03
2.614936789e+00  1.7910290e-03
2.616244257e+00  1.7862769e-03
2.617552379e+00  1.7778069e-03
2.618861155e+00  1.7751158e-03
2.620170586e+00  1.7671979e-03
2.621480671e+00  1.7618694e-03
2.622791411e+00  1.7553903e-03
2.624102807e+00  1.7464768e-03
2.625414859e+00  1.7506088e-03
2.626727566e+00  1.7436906e-03
2.628040930e+00  1.7455103e-03
2.629354950e+00  1.7341186e-03
2.630669628e+00  1.7320594e-03
2.631984962e+00  1.7243279e-03
2.633300955e+00  1.7275280e-03
2.634617605e+00  1.7094974e-03
2.635934914e+00  1.7063778e-03
2.637252882e+00  1.7084006e-03
2.638571508e+00  1.6984647e-03
2.639890794e+00  1.7025367e-03
2.641210739e+00  1.6926139e-03
2.642531345e+00  1.6926243e-03
2.643852610e+00  1.6909890e-03
2.645174537e+00  1.6764974e-03
2.646497124e+00  1.6839144e-03
2.647820372e+00  1.6759992e-03
2.649144283e+00  1.6726073e-03
2.650468855e+00  1.6696759e-03
2.651794089e+00  1.6657091e-03
2.653119986e+00  1.6673367e-03
2.654446546e+00  1.6609153e-03
2.655773770e+00  1.6479874e-03
2.657101656e+00  1.6385332e-03
2.658430207e+00  1.6463803e-03
2.659759422e+00  1.6399700e-03
2.661089302e+00  1.6298616e-03
2.662419847e+00  1.6298159e-03
2.663751057e+00  1.6219364e-03
2.665082932e+00  1.6174995e-03
2.666415474e+00  1.6175643e-03
2.667748681e+00  1.6131468e-03
2.669082556e+00  1.6072881e-03
2.670417097e+00  1.6071450e-03
2.671752306e+00  1.5906630e-03
2.673088182e+00  1.5928729e-03
2.674424726e+00  1.5944393e-03
2.675761938e+00  1.5925795e-03
2.677099819e+00  1.5843824e-03
2.678438369e+00  1.5866702e-03
2.679777588e+00  1.5810274e-03
2.681117477e+00  1.5674941e-03
2.682458036e+00  1.5765614e-03
2.683799265e+00  1.5797374e-03
2.685141164e+00  1.5655490e-03
2.686483735e+00  1.5569864e-03
2.687826977e+00  1.5556027e-03
2.689170890e+00  1.5491747e-03
2.690515476e+00  1.5460544e-03
2.691860734e+00  1.5468114e-03
2.693206664e+00  1.5411624e-03
2.694553267e+00  1.5317290e-03
2.695900544e+00  1.5320363e-03
2.697248494e+00  1.5322380e-03
2.698597118e+00  1.5187421e-03
2.699946417e+00  1.5181884e-03
2.701296390e+00  1.5216634e-03
2.702647038e+00  1.5119644e-03
2.703998362e+00  1.5060236e-03
2.705350361e+00  1.5013158e-03
2.706703036e+00  1.4983095e-03
2.708056388e+00  1.4927543e-03
2.709410416e+00  1.5016880e-03
2.710765121e+00  1.4914838e-03
2.712120504e+00  1.4916801e-03
2.713476564e+00  1.4709848e-03
2.714833302e+00  1.4719297e-03
2.716190719e+00  1.4734987e-03
2.717548814e+00  1.4685291e-03
2.718907589e+00  1.4646721e-03
2.720267042e+00  1.4643262e-03
2.721627176e+00  1.4739662e-03
2.722987990e+00  1.4554655e-03
2.724349484e+00  1.4469956e-03
2.725711658e+00  1.4459163e-03
2.727074514e+00  1.4524651e-03
2.728438051e+00  1.4386555e-03
2.729802270e+00  1.4328549e-03
2.731167172e+00  1.4328988e-03
2.732532755e+00  1.4300509e-03
2.733899021e+00  1.4322061e-03
2.735265971e+00  1.4196054e-03
2.736633604e+00  1.4264950e-03
2.738001921e+00  1.4204833e-03
2.739370922e+00  1.4130236e-03
2.740740607e+00  1.4066898e-03
2.742110978e+00  1.4022158e-03
2.743482033e+00  1.3927495e-03
2.744853774e+00  1.3971815e-03
2.746226201e+00  1.3870643e-03
2.747599314e+00  1.3895781e-03
2.748973114e+00  1.3821001e-03
2.750347600e+00  1.3822613e-03
2.751722774e+00  1.3829265e-03
2.753098635e+00  1.3761979e-03
2.754475185e+00  1.3733517e-03
2.755852422e+00  1.3682235e-03
2.757230349e+00  1.3629699e-03
2.758608964e+00  1.3588020e-03
2.759988268e+00  1.3509454e-03
2.761368262e+00  1.3529419e-03
2.762748946e+00  1.3468291e-03
2.764130321e+00  1.3449280e-03
2.765512386e+00  1.3473327e-03
2.766895142e+00  1.3341153e-03
2.768278590e+00  1.3339052e-03
2.769662729e+00  1.3307805e-03
2.771047561e+00  1.3279299e-03
2.772433084e+00  1.3240027e-03
2.773819301e+00  1.3141501e-03
2.775206210e+00  1.3134089e-03
2.776593814e+00  1.3039367e-03
2.777982111e+00  1.3068146e-03
2.779371102e+00  1.3021528e-03
2.780760787e+00  1.3027785e-03
2.782151168e+00  1.3023311e-03
2.783542243e+00  1.3018805e-03
2.784934014e+00  1.2921824e-03
2.786326481e+00  1.2902361e-03
2.787719644e+00  1.2861106e-03
2.789113504e+00  1.2748951e-03
2.790508061e+00  1.2805316e-03
2.791903315e+00  1.2767345e-03
2.793299267e+00  1.2713091e-03
2.794695916e+00  1.2648830e-03
2.796093264e+00  1.2620208e-03
2.797491311e+00  1.2691009e-03
2.798890057e+00  1.2642622e-03
2.800289502e+00  1.2520994e-03
2.801689646e+00  1.2598909e-03
2.803090491e+00  1.2573844e-03
2.804492036e+00  1.2449541e-03
2.805894282e+00  1.2412577e-03
2.807297230e+00  1.2311593e-03
2.808700878e+00  1.2324923e-03
2.810105229e+00  1.2304729e-03
2.811510281e+00  1.2472097e-03
2.812916036e+00  1.2276966e-03
2.814322494e+00  1.2255250e-03
2.815729656e+00  1.2136015e-03
2.817137521e+00  1.2259384e-03
2.818546089e+00  1.2239993e-03
2.819955362e+00  1.2080945e-03
2.821365340e+00  1.2039504e-03
2.822776023e+00  1.2019335e-03
2.824187411e+00  1.2016652e-03
2.825599504e+00  1.2020895e-03
2.827012304e+00  1.1973396e-03
2.828425810e+00  1.1944664e-03
2.829840023e+00  1.1866488e-03
2.831254943e+00  1.1898046e-03
2.832670571e+00  1.1895478e-03
2.834086906e+00  1.1853131e-03
2.835503949e+00  1.1745461e-03
2.836921701e+00  1.1715063e-03
2.838340162e+00  1.1677831e-03
2.839759332e+00  1.1593336e-03
2.841179212e+00  1.1638796e-03
2.842599802e+00  1.1566944e-03
2.844021101e+00  1.1564482e-03
2.845443112e+00  1.1540175e-03
2.846865834e+00  1.1568280e-03
2.848289267e+00  1.1484751e-03
2.849713411e+00  1.1399974e-03
2.851138268e+00  1.1394049e-03
2.852563837e+00  1.1486525e-03
2.853990119e+00  1.1424104e-03
2.855417114e+00  1.1302796e-03
2.856844823e+00  1.1324419e-03
2.858273245e+00  1.1237870e-03
2.859702382e+00  1.1215123e-03
2.861132233e+00  1.1278999e-03
2.862562799e+00  1.1185981e-03
2.863994080e+00  1.1168260e-03
2.865426077e+00  1.1152207e-03
2.866858790e+00  1.1063781e-03
2.868292220e+00  1.1125171e-03
2.869726366e+00  1.1088403e-03
2.871161229e+00  1.1139142e-03
2.872596810e+00  1.0970277e-03
2.874033108e+00  1.0940078e-03
2.875470125e+00  1.0931037e-03
2.876907860e+00  1.0860813e-03
2.878346314e+00  1.0889902e-03
2.879785487e+00  1.0817773e-03
2.881225379e+00  1.0814796e-03
2.882665992e+00  1.0761921e-03
2.884107325e+00  1.0855040e-03
2.885549379e+00  1.0799662e-03
2.886992154e+00  1.0830180e-03
2.888435650e+00  1.0734484e-03
2.889879867e+00  1.0641212e-03
2.891324807e+00  1.0616492e-03
2.892770470e+00  1.0583018e-03
2.894216855e+00  1.0515266e-03
2.895663963e+00  1.0511528e-03
2.897111795e+00  1.0540126e-03
2.898560351e+00  1.0507101e-03
2.900009631e+00  1.0419949e-03
2.901459636e+00  1.0470370e-03
2.902910366e+00  1.0331522e-03
2.904361821e+00  1.0385838e-03
2.905814002e+00  1.0537515e-03
2.907266909e+00  1.0440665e-03
2.908720543e+00  1.0307077e-03
2.910174903e+00  1.0201874e-03
2.911629990e+00  1.0203011e-03
2.913085805e+00  1.0116051e-03
2.914542348e+00  1.0160802e-03
2.915999619e+00  1.0174941e-03
2.917457619e+00  1.0131697e-03
2.918916348e+00  1.0155961e-03
2.920375806e+00  1.0074818e-03
2.921835994e+00  1.0078920e-03
2.923296912e+00  1.0058661e-03
2.924758561e+00  1.0010546e-03
2.926220940e+00  1.0070546e-03
2.927684050e+00  9.9617452e-04
2.929147892e+00  9.8947628e-04
2.930612466e+00  9.9118031e-04
2.932077773e+00  9.8567824e-04
2.933543811e+00  9.8657878e-04
2.935010583e+00  9.7706259e-04
2.936478089e+00  9.7559448e-04
2.937946328e+00  9.7684088e-04
2.939415301e+00  9.8015906e-04
2.940885009e+00  9.7276998e-04
2.942355451e+00  9.7397793e-04
2.943826629e+00  9.6197536e-04
2.945298542e+00  9.6827994e-04
2.946771191e+00  9.7238355e-04
2.948244577e+00  9.5996041e-04
2.949718699e+00  9.5520604e-04
2.951193559e+00  9.5426594e-04
2.952669155e+00  9.4898194e-04
2.954145490e+00  9.4559417e-04
2.955622563e+00  9.4741523e-04
2.957100374e+00  9.4067948e-04
2.958578924e+00  9.4084110e-04
2.960058214e+00  9.3971342e-04
2.961538243e+00  9.4380718e-04
2.963019012e+00  9.3501626e-04
2.964500521e+00  9.3571365e-04
2.965982772e+00  9.4115827e-04
2.967465763e+00  9.2488029e-04
2.968949496e+00  9.2483843e-04
2.970433971e+00  9.2314967e-04
2.971919188e+00  9.1850497e-04
2.973405147e+00  9.1586939e-04
2.974891850e+00  9.1831262e-04
2.976379296e+00  9.1615344e-04
2.977867485e+00  9.1130126e-04
2.979356419e+00  9.1252820e-04
2.980846097e+00  9.0726946e-04
2.982336520e+00  9.0540087e-04
2.983827689e+00  9.0832660e-04
2.985319602e+00  9.0715440e-04
2.986812262e+00  9.1001017e-04
2.988305668e+00  8.9358118e-04
2.989799821e+00  8.8777513e-04
2.991294721e+00  8.8420080e-04
2.992790368e+00  8.8379301e-04
2.994286764e+00  8.8694592e-04
2.995783907e+00  8.8415167e-04
2.997281799e+00  8.8095524e-04
2.998780440e+00  8.8317880e-04
3.000279830e+00  8.7892767e-04
3.001779970e+00  8.7595310e-04
3.003280860e+00  8.6703910e-04
3.004782500e+00  8.6877774e-04
3.006284892e+00  8.6837367e-04
3.007788034e+00  8.6886507e-04
3.009291928e+00  8.6006143e-04
3.010796574e+00  8.5505029e-04
3.012301972e+00  8.5840031e-04
3.013808123e+00  8.5369918e-04
3.015315027e+00  8.4906014e-04
3.016822685e+00  8.4550179e-04
3.018331096e+00  8.5094559e-04
3.019840262e+00  8.5078713e-04
3.021350182e+00  8.4363534e-04
3.022860857e+00  8.4861779e-04
3.024372288e+00  8.3965485e-04
3.025884474e+00  8.4125432e-04
3.027397416e+00  8.3854740e-04
3.028911115e+00  8.3703427e-04
3.030425570e+00  8.3005865e-04
3.031940783e+00  8.2840016e-04
3.033456753e+00  8.2528772e-04
3.034973482e+00  8.1867773e-04
3.036490968e+00  8.2254222e-04
3.038009214e+00  8.1750624e-04
3.039528219e+00  8.1833463e-04
3.041047983e+00  8.1606550e-04
3.042568507e+00  8.1395006e-04
3.044089791e+00  8.1383587e-04
3.045611836e+00  8.1037551e-04
3.047134642e+00  8.1267425e-04
3.048658209e+00  8.0744450e-04
3.050182538e+00  8.0378879e-04
3.051707629e+00  8.0007450e-04
3.053233483e+00  7.8989453e-04
3.054760100e+00  7.9805348e-04
3.056287480e+00  7.9716469e-04
3.057815624e+00  7.9247885e-04
3.059344532e+00  7.8861428e-04
3.060874204e+00  7.8622222e-04
3.062404641e+00  7.8682076e-04
3.063935843e+00  7.8598260e-04
3.065467811e+00  7.6420375e-04
3.067000545e+00  7.7927046e-04
3.068534045e+00  7.7992371e-04
3.070068312e+00  7.7629666e-04
3.071603347e+00  7.6730265e-04
3.073139148e+00  7.7243190e-04
3.074675718e+00  7.5401009e-04
3.076213056e+00  7.5432419e-04
3.077751162e+00  7.6442770e-04
3.079290038e+00  7.6117824e-04
3.080829683e+00  7.5944126e-04
3.082370098e+00  7.6210284e-04
3.083911283e+00  7.5638326e-04
3.085453238e+00  7.5614659e-04
3.086995965e+00  7.5188594e-04
3.088539463e+00  7.5454396e-04
3.090083733e+00  7.4808644e-04
3.091628774e+00  7.4516072e-04
3.093174589e+00  7.4880448e-04
3.094721176e+00  7.4771526e-04
3.096268537e+00  7.1285089e-04
3.097816671e+00  7.1606037e-04
3.099365579e+00  6.8648403e-04
3.100915262e+00  7.2271089e-04
3.102465720e+00  7.2842770e-04
3.104016953e+00  7.2538467e-04
3.105568961e+00  7.2887836e-04
3.107121746e+00  7.2020644e-04
3.108675306e+00  7.2415360e-04
3.110229644e+00  7.2448348e-04
3.111784759e+00  7.2367650e-04
3.113340651e+00  7.0878651e-04
3.114897322e+00  7.0174674e-04
3.116454770e+00  7.1385474e-04
3.118012998e+00  7.0374748e-04
3.119572004e+00  7.1513270e-04
3.121131790e+00  7.0928896e-04
3.122692356e+00  6.7787908e-04
3.124253702e+00  6.4753097e-04
3.125815829e+00  6.7633954e-04
3.127378737e+00  7.0077111e-04
3.128942426e+00  6.9013714e-04
3.130506898e+00  7.0068144e-04
3.132072151e+00  6.9300291e-04
3.133638187e+00  6.6930018e-04
3.135205006e+00  6.9036395e-04
3.136772609e+00  6.8706883e-04
3.138340995e+00  6.8235475e-04
3.139910166e+00  6.7713747e-04
3.141480121e+00  6.6278318e-04
3.143050861e+00  6.7543547e-04
3.144622386e+00  6.7130495e-04
3.146194697e+00  6.8113598e-04
3.147767795e+00  6.4633709e-04
3.149341679e+00  6.6906374e-04
3.150916349e+00  6.6277393e-04
3.152491808e+00  6.5837805e-04
3.154068053e+00  6.5494528e-04
3.155645088e+00  6.5468278e-04
3.157222910e+00  6.5991414e-04
3.158801521e+00  6.4797876e-04
3.160380922e+00  6.0999453e-04
3.161961113e+00  6.1977632e-04
3.163542093e+00  6.5482878e-04
3.165123864e+00  6.5799784e-04
3.166706426e+00  6.2885847e-04
3.168289779e+00  6.2856328e-04
3.169873924e+00  6.4275309e-04
3.171458861e+00  6.1884227e-04
3.173044591e+00  6.4509955e-04
3.174631113e+00  6.4023199e-04
3.176218429e+00  6.3886699e-04
3.177806538e+00  5.8374468e-04
3.179395441e+00  5.8765414e-04
3.180985139e+00  6.0721052e-04
3.182575631e+00  6.2903968e-04
3.184166919e+00  6.2696288e-04
3.185759003e+00  5.7808603e-04
3.187351882e+00  6.2826531e-04
3.188945558e+00  5.9306398e-04
3.190540031e+00  6.2136333e-04
3.192135301e+00  6.2906947e-04
3.193731369e+00  6.1964956e-04
3.195328234e+00  6.0734358e-04
3.196925898e+00  6.2084441e-04
3.198524361e+00  6.1793924e-04
3.200123623e+00  6.1625945e-04
3.201723685e+00  6.2171285e-04
3.203324547e+00  6.1142074e-04
3.204926209e+00  5.7654407e-04
3.206528673e+00  5.8646174e-04
3.208131937e+00  5.7810068e-04
3.209736003e+00  6.0078088e-04
3.211340871e+00  5.6531953e-04
3.212946541e+00  5.8543962e-04
3.214553015e+00  5.6743208e-04
3.216160291e+00  5.6341234e-04
3.217768371e+00  5.8256219e-04
3.219377255e+00  5.3966562e-04
3.220986944e+00  6.0121593e-04
3.222597437e+00  5.6611182e-04
3.224208736e+00  5.7292733e-04
3.225820841e+00  5.8190606e-04
3.227433751e+00  5.3673633e-04
3.229047468e+00  5.5636751e-04
3.230661992e+00  5.8431566e-04
3.232277323e+00  5.7505661e-04
3.233893461e+00  5.4643174e-04
3.235510408e+00  5.7829783e-04
3.237128163e+00  5.3693702e-04
3.238746727e+00  5.6818050e-04
3.240366101e+00  5.5657161e-04
3.241986284e+00  5.5104933e-04
3.243607277e+00  5.5265204e-04
3.245229080e+00  5.5201518e-04
3.246851695e+00  5.4538431e-04
3.248475121e+00  5.4182613e-04
3.250099358e+00  5.4995306e-04
3.251724408e+00  5.2668654e-04
3.253350270e+00  4.8966517e-04
3.254976945e+00  5.4471898e-04
3.256604434e+00  5.3204387e-04
3.258232736e+00  5.5044897e-04
3.259861852e+00  5.2021630e-04
3.261491783e+00  5.1489759e-04
3.263122529e+00  5.3052156e-04
3.264754091e+00  5.0124669e-04
3.266386468e+00  5.4744425e-04
3.268019661e+00  5.3661984e-04
3.269653671e+00  5.3374114e-04
3.271288497e+00  5.4307271e-04
3.272924142e+00  5.1466297e-04
3.274560604e+00  5.2055050e-04
3.276197884e+00  5.0183984e-04
3.277835983e+00  5.4766003e-04
3.279474901e+00  5.3470402e-04
3.281114638e+00  5.0633251e-04
3.282755196e+00  4.9395319e-04
3.284396573e+00  5.2945788e-04
3.286038772e+00  5.0149873e-04
3.287681791e+00  5.1790924e-04
3.289325632e+00  5.0746777e-04
3.290970295e+00  5.2137968e-04
3.292615780e+00  5.0667393e-04
3.294262088e+00  5.2464729e-04
3.295909219e+00  5.2790525e-04
3.297557173e+00  4.8897306e-04
3.299205952e+00  5.0718609e-04
3.300855555e+00  5.1386125e-04
3.302505983e+00  5.0383783e-04
3.304157236e+00  5.1654049e-04
3.305809314e+00  5.1074376e-04
3.307462219e+00  5.0442461e-04
3.309115950e+00  4.9599874e-04
3.310770508e+00  5.0918250e-04
3.312425893e+00  5.1295730e-04
3.314082106e+00  5.0018211e-04
3.315739147e+00  4.9137852e-04
3.317397017e+00  4.9538434e-04
3.319055716e+00  4.8890162e-04
3.320715243e+00  4.5178038e-04
3.322375601e+00  4.4629551e-04
3.324036789e+00  4.9091267e-04
3.325698807e+00  4.9712652e-04
3.327361657e+00  4.7386151e-04
3.329025337e+00  4.4209659e-04
3.330689850e+00  4.8159095e-04
3.332355195e+00  4.6998345e-04
3.334021373e+00  4.7475191e-04
3.335688383e+00  4.8228585e-04
3.337356227e+00  4.8602490e-04
3.339024906e+00  4.6870992e-04
3.340694418e+00  4.8804817e-04
3.342364765e+00  4.8392443e-04
3.344035948e+00  4.9000729e-04
3.345707966e+00  4.6308985e-04
3.347380820e+00  4.3461343e-04
3.349054510e+00  4.6828280e-04
3.350729037e+00  4.7993511e-04
3.352404402e+00  4.8242441e-04
3.354080604e+00  4.8066846e-04
3.355757644e+00  4.7489769e-04
3.357435523e+00  4.4379547e-04
3.359114241e+00  4.7845695e-04
3.360793798e+00  4.6257353e-04
3.362474195e+00  4.5320245e-04
3.364155432e+00  4.3770753e-04
3.365837510e+00  4.2786620e-04
3.367520428e+00  4.6074634e-04
3.369204189e+00  4.3221098e-04
3.370888791e+00  4.6039589e-04
3.372574235e+00  4.4328424e-04
3.374260522e+00  4.6117014e-04
3.375947653e+00  4.5903508e-04
3.377635626e+00  4.3475179e-04
3.379324444e+00  4.3685772e-04
3.381014106e+00  4.5549606e-04
3.382704613e+00  4.5756910e-04
3.384395966e+00  4.3075366e-04
3.386088164e+00  4.5002079e-04
3.387781208e+00  4.2052464e-04
3.389475098e+00  4.1466023e-04
3.391169836e+00  4.5166087e-04
3.392865421e+00  4.4129141e-04
3.394561854e+00  4.3705861e-04
3.396259135e+00  4.3090167e-04
3.397957264e+00  4.4722746e-04
3.399656243e+00  4.3231931e-04
3.401356071e+00  4.3891709e-04
3.403056749e+00  4.2704549e-04
3.404758277e+00  4.2271873e-04
3.406460656e+00  4.3931798e-04
3.408163887e+00  3.8592470e-04
3.409867969e+00  4.2600885e-04
3.411572903e+00  4.3066573e-04
3.413278689e+00  4.3448514e-04
3.414985328e+00  4.3644853e-04
3.416692821e+00  4.1606200e-04
3.418401168e+00  4.1310849e-04
3.420110368e+00  4.1532863e-04
3.421820423e+00  4.0859612e-04
3.423531334e+00  3.9564320e-04
3.425243099e+00  4.0311851e-04
3.426955721e+00  4.2431211e-04
3.428669199e+00  3.9122246e-04
3.430383533e+00  3.8668750e-04
3.432098725e+00  4.1734525e-04
3.433814774e+00  4.2164185e-04
3.435531682e+00  4.0337546e-04
3.437249448e+00  3.9273682e-04
3.438968072e+00  3.8678698e-04
3.440687556e+00  3.9754804e-04
3.442407900e+00  4.1459220e-04
3.444129104e+00  4.1358953e-04
3.445851169e+00  3.9624003e-04
3.447574094e+00  3.7149679e-04
3.449297881e+00  3.9904620e-04
3.451022530e+00  3.8173063e-04
3.452748041e+00  3.8729530e-04
3.454474415e+00  4.0130180e-04
3.456201653e+00  3.9863120e-04
3.457929753e+00  3.6553921e-04
3.459658718e+00  3.6442366e-04
3.461388548e+00  3.9036768e-04
3.463119242e+00  3.9684617e-04
3.464850802e+00  3.5708108e-04
3.466583227e+00  3.7815536e-04
3.468316519e+00  3.8798362e-04
3.470050677e+00  3.3636975e-04
3.471785702e+00  3.9462183e-04
3.473521595e+00  3.7518292e-04
3.475258356e+00  3.8581928e-04
3.476995985e+00  3.6486796e-04
3.478734483e+00  3.7480438e-04
3.480473850e+00  3.6831764e-04
3.482214087e+00  3.8002240e-04
3.483955194e+00  3.4584943e-04
3.485697172e+00  3.7067734e-04
3.487440020e+00  3.6671537e-04
3.489183740e+00  3.8645995e-04
3.490928332e+00  3.8769268e-04
3.492673796e+00  3.5206972e-04
3.494420133e+00  3.7195945e-04
3.496167343e+00  3.7741632e-04
3.497915427e+00  3.4963940e-04
3.499664385e+00  3.0831425e-04
3.501414217e+00  3.2744530e-04
3.503164924e+00  3.3141449e-04
3.504916507e+00  3.5262737e-04
3.506668965e+00  3.4981958e-04
3.508422299e+00  3.6156736e-04
3.510176510e+00  3.3292401e-04
3.511931599e+00  3.4772773e-04
3.513687565e+00  3.2002876e-04
3.515444408e+00  3.5430842e-04
3.517202131e+00  3.4476480e-04
3.518960732e+00  3.0158837e-04
3.520720212e+00  3.2882253e-04
3.522480572e+00  3.1497596e-04
3.524241812e+00  3.5750527e-04
3.526003933e+00  3.4486881e-04
3.527766935e+00  3.3450401e-04
3.529530819e+00  2.9196931e-04
3.531295584e+00  3.0939263e-04
3.533061232e+00  3.0087515e-04
3.534827763e+00  3.3262256e-04
3.536595176e+00  3.2960027e-04
3.538363474e+00  3.4165104e-04
3.540132656e+00  3.2850176e-04
3.541902722e+00  3.5650655e-04
3.543673673e+00  3.4766784e-04
3.545445510e+00  3.2734397e-04
3.547218233e+00  2.9095979e-04
3.548991842e+00  3.0986215e-04
3.550766338e+00  3.0891500e-04
3.552541721e+00  3.1392351e-04
3.554317992e+00  2.9010771e-04
3.556095151e+00  2.8422964e-04
3.557873199e+00  3.2449620e-04
3.559652135e+00  3.3761978e-04
3.561431961e+00  3.2545526e-04
3.563212677e+00  2.7664809e-04
3.564994284e+00  3.0915015e-04
3.566776781e+00  3.2105783e-04
3.568560169e+00  3.1931081e-04
3.570344449e+00  3.1033761e-04
3.572129621e+00  2.9962271e-04
3.573915686e+00  3.1234204e-04
3.575702644e+00  3.0102081e-04
3.577490495e+00  2.6667463e-04
3.579279241e+00  3.0547340e-04
3.581068880e+00  2.9932950e-04
3.582859415e+00  2.7942562e-04
3.584650844e+00  2.9811356e-04
3.586443170e+00  2.7145605e-04
3.588236391e+00  2.8791161e-04
3.590030510e+00  2.7685735e-04
3.591825525e+00  2.7608698e-04
3.593621438e+00  2.9522575e-04
3.595418248e+00  2.9957498e-04
3.597215958e+00  2.9283446e-04
3.599014565e+00  2.8664995e-04
3.600814073e+00  2.8385385e-04
3.602614480e+00  2.6391968e-04
3.604415787e+00  2.5716809e-04
3.606217995e+00  2.9114056e-04
3.608021104e+00  2.5803728e-04
3.609825114e+00  2.8535893e-04
3.611630027e+00  2.6602199e-04
3.613435842e+00  3.0854769e-04
3.615242560e+00  2.5576534e-04
3.617050181e+00  2.6833071e-04
3.618858706e+00  2.6074382e-04
3.620668136e+00  2.8202177e-04
3.622478470e+00  2.7629976e-04
3.624289709e+00  2.7029387e-04
3.626101854e+00  2.5207464e-04
3.627914905e+00  2.7786312e-04
3.629728862e+00  2.6312728e-04
3.631543727e+00  2.5613710e-04
3.633359499e+00  2.7370099e-04
3.635176178e+00  2.8511388e-04
3.636993766e+00  2.8267755e-04
3.638812263e+00  2.4314754e-04
3.640631669e+00  2.4444252e-04
3.642451985e+00  2.4030420e-04
3.644273211e+00  2.5052825e-04
3.646095348e+00  2.5468916e-04
3.647918395e+00  2.4033674e-04
3.649742355e+00  2.5051846e-04
3.651567226e+00  2.6129837e-04
3.653393009e+00  2.7421362e-04
3.655219706e+00  2.4385009e-04
3.657047316e+00  2.4295269e-04
3.658875840e+00  2.6398284e-04
3.660705277e+00  2.5992681e-04
3.662535630e+00  2.6595590e-04
3.664366898e+00  2.3222545e-04
3.666199081e+00  2.3992843e-04
3.668032181e+00  2.5507407e-04
3.669866197e+00  2.5125366e-04
3.671701130e+00  2.3014012e-04
3.673536981e+00  2.3213073e-04
3.675373749e+00  2.3948102e-04
3.677211436e+00  2.6135791e-04
3.679050042e+00  2.4422231e-04
3.680889567e+00  2.4131924e-04
3.682730012e+00  2.3153697e-04
3.684571377e+00  2.3275132e-04
3.686413662e+00  2.4207126e-04
3.688256869e+00  2.3679339e-04
3.690100997e+00  2.2918158e-04
3.691946048e+00  2.2885950e-04
3.693792021e+00  2.3031567e-04
3.695638917e+00  2.3643416e-04
3.697486736e+00  2.3503341e-04
3.699335480e+00  2.3630154e-04
3.701185148e+00  2.4352858e-04
3.703035740e+00  2.2370405e-04
3.704887258e+00  2.2559440e-04
3.706739702e+00  2.3978900e-04
3.708593071e+00  2.3817196e-04
3.710447368e+00  2.2534623e-04
3.712302592e+00  2.3396796e-04
3.714158743e+00  2.2352314e-04
3.716015822e+00  2.1670306e-04
3.717873830e+00  2.2172310e-04
3.719732767e+00  2.1824076e-04
3.721592634e+00  2.1816244e-04
3.723453430e+00  2.3170543e-04
3.725315157e+00  2.2110223e-04
3.727177814e+00  2.1680647e-04
3.729041403e+00  2.2256185e-04
3.730905924e+00  2.1229399e-04
3.732771377e+00  2.2755698e-04
3.734637762e+00  2.0905873e-04
3.736505081e+00  2.2888608e-04
3.738373334e+00  2.1117113e-04
3.740242521e+00  2.2948068e-04
3.742112642e+00  2.2280469e-04
3.743983698e+00  2.1291677e-04
3.745855690e+00  2.1854120e-04
3.747728618e+00  2.1702768e-04
3.749602482e+00  2.2470001e-04
3.751477283e+00  2.2067212e-04
3.753353022e+00  2.1411191e-04
3.755229699e+00  2.0895035e-04
3.757107313e+00  2.1900441e-04
3.758985867e+00  2.2163099e-04
3.760865360e+00  2.1158408e-04
3.762745793e+00  2.1446508e-04
3.764627166e+00  2.0410100e-04
3.766509479e+00  2.1281424e-04
3.768392734e+00  2.0525872e-04
3.770276930e+00  2.1043494e-04
3.772162069e+00  2.0149265e-04
3.774048150e+00  2.0004140e-04
3.775935174e+00  2.0406452e-04
3.777823141e+00  1.9857949e-04
3.779712053e+00  2.0463307e-04
3.781601909e+00  2.1599327e-04
3.783492710e+00  2.0796311e-04
3.785384456e+00  1.9936349e-04
3.787277149e+00  2.0071551e-04
3.789170787e+00  1.9978819e-04
3.791065372e+00  2.0651891e-04
3.792960905e+00  2.0552759e-04
3.794857386e+00  1.9179018e-04
3.796754814e+00  2.0023639e-04
3.798653192e+00  2.0677896e-04
3.800552518e+00  2.0274083e-04
3.802452795e+00  1.9414620e-04
3.804354021e+00  2.1376205e-04
3.806256198e+00  2.0772077e-04
3.808159326e+00  2.0178086e-04
3.810063406e+00  1.9394264e-04
3.811968437e+00  1.9972430e-04
3.813874422e+00  1.9789438e-04
3.815781359e+00  1.9892063e-04
3.817689250e+00  1.8998636e-04
3.819598094e+00  2.0779000e-04
3.821507893e+00  2.0214211e-04
3.823418647e+00  1.8937464e-04
3.825330357e+00  1.9717511e-04
3.827243022e+00  1.9085918e-04
3.829156643e+00  1.9516172e-04
3.831071222e+00  1.9697601e-04
3.832986757e+00  1.9557182e-04
3.834903251e+00  1.9198162e-04
3.836820702e+00  1.9112528e-04
3.838739112e+00  1.9697393e-04
3.840658482e+00  1.8694628e-04
3.842578811e+00  1.8121454e-04
3.844500101e+00  1.8755409e-04
3.846422351e+00  1.9014537e-04
3.848345562e+00  1.8491804e-04
3.850269735e+00  1.8534479e-04
3.852194870e+00  1.9077604e-04
3.854120967e+00  1.9539395e-04
3.856048027e+00  1.7805880e-04
3.857976051e+00  1.8470757e-04
3.859905040e+00  1.8140287e-04
3.861834992e+00  1.8722052e-04
3.863765910e+00  1.8334107e-04
3.865697792e+00  1.7969680e-04
3.867630641e+00  1.7804432e-04
3.869564457e+00  1.8666812e-04
3.871499239e+00  1.7824280e-04
3.873434989e+00  1.8127272e-04
3.875371706e+00  1.7448382e-04
3.877309392e+00  1.7692733e-04
3.879248047e+00  1.7930079e-04
3.881187671e+00  1.8426170e-04
3.883128264e+00  1.8820834e-04
3.885069829e+00  1.8814295e-04
3.887012364e+00  1.7934612e-04
3.888955870e+00  1.7712995e-04
3.890900348e+00  1.7604244e-04
3.892845798e+00  1.6989334e-04
3.894792221e+00  1.7530581e-04
3.896739617e+00  1.7965727e-04
3.898687987e+00  1.7939277e-04
3.900637331e+00  1.7471518e-04
3.902587649e+00  1.7038847e-04
3.904538943e+00  1.7304634e-04
3.906491213e+00  1.6645533e-04
3.908444458e+00  1.7374596e-04
3.910398680e+00  1.6864160e-04
3.912353880e+00  1.6538330e-04
3.914310057e+00  1.7655859e-04
3.916267212e+00  1.6900040e-04
3.918225345e+00  1.7316544e-04
3.920184458e+00  1.6487917e-04
3.922144550e+00  1.6725411e-04
3.924105622e+00  1.6384662e-04
3.926067675e+00  1.6267041e-04
3.928030709e+00  1.6607396e-04
3.929994724e+00  1.6821880e-04
3.931959722e+00  1.6502710e-04
3.933925702e+00  1.6226090e-04
3.935892665e+00  1.6175967e-04
3.937860611e+00  1.7414817e-04
3.939829541e+00  1.6603766e-04
3.941799456e+00  1.6511333e-04
3.943770356e+00  1.6499498e-04
3.945742241e+00  1.6798149e-04
3.947715112e+00  1.6301192e-04
3.949688970e+00  1.6247642e-04
3.951663814e+00  1.6195117e-04
3.953639646e+00  1.5562259e-04
3.955616466e+00  1.5963374e-04
3.957594274e+00  1.5676670e-04
3.959573071e+00  1.6432099e-04
3.961552858e+00  1.5792701e-04
3.963533634e+00  1.5493460e-04
3.965515401e+00  1.6353093e-04
3.967498159e+00  1.5944762e-04
3.969481908e+00  1.5693648e-04
3.971466649e+00  1.6218861e-04
3.973452382e+00  1.6363625e-04
3.975439108e+00  1.5685383e-04
3.977426828e+00  1.6161536e-04
3.979415541e+00  1.6004676e-04
3.981405249e+00  1.5612710e-04
3.983395952e+00  1.5927382e-04
3.985387650e+00  1.5521082e-04
3.987380343e+00  1.4850754e-04
3.989374034e+00  1.4864333e-04
3.991368721e+00  1.5027298e-04
3.993364405e+00  1.5045691e-04
3.995361087e+00  1.4863128e-04
3.997358768e+00  1.6478233e-04
3.999357447e+00  1.6328479e-04
4.001357126e+00  1.5525151e-04
4.003357804e+00  1.5037391e-04
4.005359483e+00  1.4535868e-04
4.007362163e+00  1.4493996e-04
4.009365844e+00  1.4493598e-04
4.011370527e+00  1.5070287e-04
4.013376212e+00  1.4864551e-04
4.015382900e+00  1.4368645e-04
4.017390592e+00  1.4884246e-04
4.019399287e+00  1.4995299e-04
4.021408987e+00  1.6161566e-04
4.023419691e+00  1.6147576e-04
4.025431401e+00  1.5340171e-04
4.027444117e+00  1.4937507e-04
4.029457839e+00  1.4738950e-04
4.031472568e+00  1.4373630e-04
4.033488304e+00  1.4021099e-04
4.035505048e+00  1.4502007e-04
4.037522801e+00  1.5043057e-04
4.039541562e+00  1.4158010e-04
4.041561333e+00  1.4128723e-04
4.043582114e+00  1.4794428e-04
4.045603905e+00  1.4593911e-04
4.047626707e+00  1.6212908e-04
4.049650520e+00  1.4213160e-04
4.051675345e+00  1.4105077e-04
4.053701183e+00  1.4350578e-04
4.055728033e+00  1.4335712e-04
4.057755897e+00  1.5361166e-04
4.059784775e+00  1.4725751e-04
4.061814668e+00  1.3887735e-04
4.063845575e+00  1.3695647e-04
4.065877498e+00  1.3948587e-04
4.067910437e+00  1.3712505e-04
4.069944392e+00  1.3627833e-04
4.071979364e+00  1.5053618e-04
4.074015354e+00  1.6309835e-04
4.076052361e+00  1.4694578e-04
4.078090388e+00  1.4012008e-04
4.080129433e+00  1.5587412e-04
4.082169498e+00  1.5235448e-04
4.084210582e+00  1.4793398e-04
4.086252688e+00  1.3297255e-04
4.088295814e+00  1.3196450e-04
4.090339962e+00  1.3252226e-04
4.092385132e+00  1.4587212e-04
4.094431324e+00  1.5293407e-04
4.096478540e+00  1.3421402e-04
4.098526779e+00  1.5376433e-04
4.100576043e+00  1.4914660e-04
4.102626331e+00  1.4349883e-04
4.104677644e+00  1.4270130e-04
4.106729983e+00  1.4544970e-04
4.108783348e+00  1.4116776e-04
4.110837739e+00  1.3610695e-04
4.112893158e+00  1.3397777e-04
4.114949605e+00  1.5057362e-04
4.117007080e+00  1.4821629e-04
4.119065583e+00  1.3349665e-04
4.121125116e+00  1.4286741e-04
4.123185678e+00  1.4262180e-04
4.125247271e+00  1.5316905e-04
4.127309895e+00  1.4913577e-04
4.129373550e+00  1.4679727e-04
4.131438237e+00  1.3384538e-04
4.133503956e+00  1.4363667e-04
4.135570708e+00  1.5371185e-04
4.137638493e+00  1.4337791e-04
4.139707312e+00  1.3369298e-04
4.141777166e+00  1.4677154e-04
4.143848055e+00  1.2598102e-04
4.145919979e+00  1.3792092e-04
4.147992939e+00  1.5078573e-04
4.150066935e+00  1.3604873e-04
4.152141969e+00  1.4245722e-04
4.154218040e+00  1.4508794e-04
4.156295149e+00  1.4144360e-04
4.158373296e+00  1.4127516e-04
4.160452483e+00  1.4023025e-04
4.162532709e+00  1.4415164e-04
4.164613975e+00  1.4003036e-04
4.166696282e+00  1.4901257e-04
4.168779631e+00  1.4613166e-04
4.170864020e+00  1.4230754e-04
4.172949452e+00  1.4027471e-04
4.175035927e+00  1.4274521e-04
4.177123445e+00  1.2806781e-04
4.179212007e+00  1.4376892e-04
4.181301613e+00  1.4541905e-04
4.183392264e+00  1.4428202e-04
4.185483960e+00  1.3702467e-04
4.187576702e+00  1.3977715e-04
4.189670490e+00  1.4344286e-04
4.191765325e+00  1.3324473e-04
4.193861208e+00  1.3122295e-04
4.195958139e+00  1.3997537e-04
4.198056118e+00  1.3450539e-04
4.200155146e+00  1.3787435e-04
4.202255223e+00  1.4095451e-04
4.204356351e+00  1.3760421e-04
4.206458529e+00  1.3597209e-04
4.208561758e+00  1.3204045e-04
4.210666039e+00  1.4117849e-04
4.212771372e+00  1.3658622e-04
4.214877758e+00  1.3771429e-04
4.216985197e+00  1.3835936e-04
4.219093689e+00  1.3856101e-04
4.221203236e+00  1.3088531e-04
4.223313838e+00  1.3114954e-04
4.225425495e+00  1.3690937e-04
4.227538207e+00  1.3440361e-04
4.229651977e+00  1.3471602e-04
4.231766803e+00  1.3099924e-04
4.233882686e+00  1.3214568e-04
4.235999627e+00  1.3318799e-04
4.238117627e+00  1.3459628e-04
4.240236686e+00  1.3548201e-04
4.242356804e+00  1.3234875e-04
4.244477983e+00  1.3450333e-04
4.246600222e+00  1.3170771e-04
4.248723522e+00  1.3410832e-04
4.250847884e+00  1.3225656e-04
4.252973307e+00  1.3079306e-04
4.255099794e+00  1.3197851e-04
4.257227344e+00  1.3035352e-04
4.259355958e+00  1.2825890e-04
4.261485636e+00  1.3021162e-04
4.263616379e+00  1.3082517e-04
4.265748187e+00  1.2782948e-04
4.267881061e+00  1.2970711e-04
4.270015001e+00  1.2853416e-04
4.272150009e+00  1.2945700e-04
4.274286084e+00  1.2554867e-04
4.276423227e+00  1.2820813e-04
4.278561438e+00  1.2898097e-04
4.280700719e+00  1.2772792e-04
4.282841070e+00  1.2535880e-04
4.284982490e+00  1.2634156e-04
4.287124981e+00  1.2605160e-04
4.289268544e+00  1.2617787e-04
4.291413178e+00  1.2588212e-04
4.293558885e+00  1.2539326e-04
4.295705664e+00  1.2502053e-04
4.297853517e+00  1.2401204e-04
4.300002444e+00  1.2562575e-04
4.302152445e+00  1.2502185e-04
4.304303521e+00  1.2422853e-04
4.306455673e+00  1.2306960e-04
4.308608901e+00  1.2376339e-04
4.310763205e+00  1.2245746e-04
4.312918587e+00  1.2310957e-04
4.315075046e+00  1.2295775e-04
4.317232584e+00  1.2186427e-04
4.319391200e+00  1.2053841e-04
4.321550896e+00  1.2085267e-04
4.323711671e+00  1.2051227e-04
4.325873527e+00  1.2048585e-04
4.328036464e+00  1.1930754e-04
4.330200482e+00  1.2038379e-04
4.332365582e+00  1.1990699e-04
4.334531765e+00  1.2010278e-04
4.336699031e+00  1.1985406e-04
4.338867380e+00  1.1983770e-04
4.341036814e+00  1.1944960e-04
4.343207332e+00  1.1893438e-04
4.345378936e+00  1.1877061e-04
4.347551625e+00  1.1843672e-04
4.349725401e+00  1.1835658e-04
4.351900264e+00  1.1781355e-04
4.354076214e+00  1.1757283e-04
4.356253252e+00  1.1671185e-04
4.358431379e+00  1.1712599e-04
4.360610595e+00  1.1643542e-04
4.362790900e+00  1.1609816e-04
4.364972295e+00  1.1590386e-04
4.367154781e+00  1.1505979e-04
4.369338359e+00  1.1497117e-04
4.371523028e+00  1.1482503e-04
4.373708790e+00  1.1425498e-04
4.375895644e+00  1.1402960e-04
4.378083592e+00  1.1401425e-04
4.380272634e+00  1.1331569e-04
4.382462770e+00  1.1315352e-04
4.384654001e+00  1.1269352e-04
4.386846328e+00  1.1226409e-04
4.389039751e+00  1.1193765e-04
4.391234271e+00  1.1146255e-04
4.393429888e+00  1.1109505e-04
4.395626603e+00  1.1116621e-04
4.397824417e+00  1.1079845e-04
4.400023329e+00  1.1063495e-04
4.402223341e+00  1.0988929e-04
4.404424452e+00  1.1004642e-04
4.406626664e+00  1.0940504e-04
4.408829978e+00  1.0938874e-04
4.411034393e+00  1.0879783e-04
4.413239910e+00  1.0855666e-04
4.415446530e+00  1.0818883e-04
4.417654253e+00  1.0768136e-04
4.419863080e+00  1.0746342e-04
4.422073012e+00  1.0733372e-04
4.424284048e+00  1.0691732e-04
4.426496190e+00  1.0742146e-04
4.428709438e+00  1.0628309e-04
4.430923793e+00  1.0622928e-04
4.433139255e+00  1.0571371e-04
4.435355825e+00  1.0518308e-04
4.437573503e+00  1.0565110e-04
4.439792289e+00  1.0460220e-04
4.442012186e+00  1.0580871e-04
4.444233192e+00  1.0418845e-04
4.446455308e+00  1.0365638e-04
4.448678536e+00  1.0336159e-04
4.450902875e+00  1.0305430e-04
4.453128327e+00  1.0290725e-04
4.455354891e+00  1.0290593e-04
4.457582568e+00  1.0284229e-04
4.459811359e+00  1.0276784e-04
4.462041265e+00  1.0154473e-04
4.464272286e+00  1.0192243e-04
4.466504422e+00  1.0145023e-04
4.468737674e+00  1.0214707e-04
4.470972043e+00  1.0104194e-04
4.473207529e+00  1.0072256e-04
4.475444133e+00  9.9964330e-05
4.477681855e+00  9.9881705e-05
4.479920696e+00  9.9768609e-05
4.482160656e+00  1.0014071e-04
4.484401736e+00  9.8654789e-05
4.486643937e+00  9.9719449e-05
4.488887259e+00  9.8512182e-05
4.491131703e+00  9.9264314e-05
4.493377269e+00  9.8272688e-05
4.495623957e+00  9.7604926e-05
4.497871769e+00  9.8979829e-05
4.500120705e+00  9.7065680e-05
4.502370766e+00  9.7380504e-05
4.504621951e+00  9.6567493e-05
4.506874262e+00  9.7736898e-05
4.509127699e+00  9.5623642e-05
4.511382263e+00  9.6298577e-05
4.513637954e+00  9.5161301e-05
4.515894773e+00  9.6880499e-05
4.518152720e+00  9.5221862e-05
4.520411797e+00  9.5197589e-05
4.522672003e+00  9.5036417e-05
4.524933339e+00  9.5187375e-05
4.527195805e+00  9.3837032e-05
4.529459403e+00  9.5023891e-05
4.531724133e+00  9.3797815e-05
4.533989995e+00  9.3436276e-05
4.536256990e+00  9.2731600e-05
4.538525119e+00  9.2942919e-05
4.540794381e+00  9.3056299e-05
4.543064778e+00  9.2916265e-05
4.545336311e+00  9.2480397e-05
4.547608979e+00  9.2294235e-05
4.549882783e+00  9.2109693e-05
4.552157725e+00  9.1527762e-05
4.554433804e+00  9.1080886e-05
4.556711020e+00  9.1432236e-05
4.558989376e+00  9.0864245e-05
4.561268871e+00  9.0715905e-05
4.563549505e+00  8.9672879e-05
4.565831280e+00  9.0889797e-05
4.568114195e+00  8.9319464e-05
4.570398253e+00  9.0423574e-05
4.572683452e+00  8.9905884e-05
4.574969793e+00  8.9252905e-05
4.577257278e+00  8.9243584e-05
4.579545907e+00  8.8649167e-05
4.581835680e+00  8.8692120e-05
4.584126598e+00  8.8373262e-05
4.586418661e+00  8.8173575e-05
4.588711870e+00  8.7960252e-05
4.591006226e+00  8.7985679e-05
4.593301729e+00  8.7504705e-05
4.595598380e+00  8.7725435e-05
4.597896179e+00  8.8013970e-05
4.600195128e+00  8.6569640e-05
4.602495225e+00  8.6340055e-05
4.604796473e+00  8.6460614e-05
4.607098871e+00  8.5880513e-05
4.609402420e+00  8.5920957e-05
4.611707122e+00  8.5564303e-05
4.614012975e+00  8.5536657e-05
4.616319982e+00  8.5614544e-05
4.618628142e+00  8.4343356e-05
4.620937456e+00  8.3754778e-05
4.623247924e+00  8.4756184e-05
4.625559548e+00  8.3676855e-05
4.627872328e+00  8.3965535e-05
4.630186264e+00  8.3513244e-05
4.632501358e+00  8.3331616e-05
4.634817608e+00  8.3224013e-05
4.637135017e+00  8.2663546e-05
4.639453584e+00  8.3030039e-05
4.641773311e+00  8.2372448e-05
4.644094198e+00  8.1931852e-05
4.646416245e+00  8.1549851e-05
4.648739453e+00  8.2264063e-05
4.651063823e+00  8.1552486e-05
4.653389355e+00  8.1933882e-05
4.655716049e+00  8.1242295e-05
4.658043908e+00  8.0883421e-05
4.660372929e+00  8.1396649e-05
4.662703116e+00  8.0816424e-05
4.665034467e+00  8.0450868e-05
4.667366985e+00  8.0487856e-05
4.669700668e+00  8.0085689e-05
4.672035519e+00  7.9322816e-05
4.674371536e+00  7.9770173e-05
4.676708722e+00  7.9362390e-05
4.679047076e+00  7.9547444e-05
4.681386600e+00  7.9076505e-05
4.683727293e+00  7.9238338e-05
4.686069157e+00  7.8107244e-05
4.688412191e+00  7.7886456e-05
4.690756398e+00  7.8427336e-05
4.693101776e+00  7.7664025e-05
4.695448327e+00  7.7478365e-05
4.697796051e+00  7.7748899e-05
4.700144949e+00  7.7000112e-05
4.702495021e+00  7.7274475e-05
4.704846269e+00  7.7028219e-05
4.707198692e+00  7.6115230e-05
4.709552291e+00  7.6402663e-05
4.711907067e+00  7.6468086e-05
4.714263021e+00  7.5892678e-05
4.716620153e+00  7.5585702e-05
4.718978463e+00  7.6023075e-05
4.721337952e+00  7.5019834e-05
4.723698621e+00  7.5198140e-05
4.726060470e+00  7.4322305e-05
4.728423500e+00  7.4806325e-05
4.730787712e+00  7.3995687e-05
4.733153106e+00  7.4159184e-05
4.735519683e+00  7.4195816e-05
4.737887442e+00  7.3972859e-05
4.740256386e+00  7.3531133e-05
4.742626514e+00  7.3046882e-05
4.744997828e+00  7.3222093e-05
4.747370326e+00  7.3378641e-05
4.749744012e+00  7.2599896e-05
4.752118884e+00  7.2016929e-05
4.754494943e+00  7.2785014e-05
4.756872191e+00  7.2031477e-05
4.759250627e+00  7.1788787e-05
4.761630252e+00  7.1364335e-05
4.764011067e+00  7.1354783e-05
4.766393073e+00  7.1284227e-05
4.768776269e+00  7.1237425e-05
4.771160657e+00  7.0377648e-05
4.773546238e+00  7.0618228e-05
4.775933011e+00  7.0550913e-05
4.778320977e+00  7.0129146e-05
4.780710138e+00  6.9643726e-05
4.783100493e+00  6.9512148e-05
4.785492043e+00  6.9765106e-05
4.787884789e+00  6.9212705e-05
4.790278731e+00  6.8994915e-05
4.792673871e+00  6.9412860e-05
4.795070208e+00  6.8762160e-05
4.797467743e+00  6.8629675e-05
4.799866477e+00  6.8107311e-05
4.802266410e+00  6.8469444e-05
4.804667543e+00  6.8150914e-05
4.807069877e+00  6.7525633e-05
4.809473412e+00  6.8344998e-05
4.811878149e+00  6.7519012e-05
4.814284088e+00  6.7280270e-05
4.816691230e+00  6.7030079e-05
4.819099575e+00  6.7889187e-05
4.821509125e+00  6.6527531e-05
4.823919880e+00  6.6609062e-05
4.826331840e+00  6.6330980e-05
4.828745006e+00  6.5718561e-05
4.831159378e+00  6.5847937e-05
4.833574958e+00  6.5948373e-05
4.835991745e+00  6.5838283e-05
4.838409741e+00  6.5178534e-05
4.840828946e+00  6.5345457e-05
4.843249360e+00  6.5126403e-05
4.845670985e+00  6.5065443e-05
4.848093821e+00  6.4664643e-05
4.850517867e+00  6.4914660e-05
4.852943126e+00  6.4122462e-05
4.855369598e+00  6.4611947e-05
4.857797283e+00  6.3899108e-05
4.860226181e+00  6.4516527e-05
4.862656295e+00  6.3351786e-05
4.865087623e+00  6.3713159e-05
4.867520166e+00  6.3310189e-05
4.869953927e+00  6.3137316e-05
4.872388904e+00  6.2873026e-05
4.874825098e+00  6.2902108e-05
4.877262511e+00  6.2925556e-05
4.879701142e+00  6.2170268e-05
4.882140992e+00  6.1619325e-05
4.884582063e+00  6.2268505e-05
4.887024354e+00  6.2283782e-05
4.889467866e+00  6.1524666e-05
4.891912600e+00  6.1470389e-05
4.894358556e+00  6.1681407e-05
4.896805736e+00  6.1236308e-05
4.899254138e+00  6.1030753e-05
4.901703765e+00  6.0719925e-05
4.904154617e+00  6.0764590e-05
4.906606695e+00  6.0217060e-05
4.909059998e+00  6.0464629e-05
4.911514528e+00  6.0888252e-05
4.913970285e+00  5.9980274e-05
4.916427270e+00  5.9906234e-05
4.918885484e+00  5.9543842e-05
4.921344927e+00  5.9568567e-05
4.923805599e+00  5.9314224e-05
4.926267502e+00  5.8839882e-05
4.928730636e+00  5.8535954e-05
4.931195001e+00  5.8817212e-05
4.933660599e+00  5.9072645e-05
4.936127429e+00  5.8496040e-05
4.938595493e+00  5.8203267e-05
4.941064790e+00  5.7794396e-05
4.943535323e+00  5.8100992e-05
4.946007090e+00  5.7861331e-05
4.948480094e+00  5.7560807e-05
4.950954334e+00  5.7663925e-05
4.953429811e+00  5.7564892e-05
4.955906526e+00  5.7357053e-05
4.958384479e+00  5.6953873e-05
4.960863672e+00  5.6729711e-05
4.963344103e+00  5.7305448e-05
4.965825776e+00  5.6718941e-05
4.968308688e+00  5.6218077e-05
4.970792843e+00  5.6418688e-05
4.973278239e+00  5.5975033e-05
4.975764878e+00  5.6789900e-05
4.978252761e+00  5.5501794e-05
4.980741887e+00  5.5574849e-05
4.983232258e+00  5.5612344e-05
4.985723874e+00  5.5697516e-05
4.988216736e+00  5.5143939e-05
4.990710844e+00  5.4938685e-05
4.993206200e+00  5.4706037e-05
4.995702803e+00  5.5139926e-05
4.998200654e+00  5.4497477e-05
5.000699755e+00  5.4024756e-05
5.003200105e+00  5.3960496e-05
5.005701705e+00  5.4609820e-05
5.008204556e+00  5.3976838e-05
5.010708658e+00  5.3931957e-05
5.013214012e+00  5.3226493e-05
5.015720619e+00  5.3531990e-05
5.018228479e+00  5.3393063e-05
5.020737594e+00  5.3258876e-05
5.023247962e+00  5.2689859e-05
5.025759586e+00  5.3220425e-05
5.028272466e+00  5.2805382e-05
5.030786602e+00  5.2874977e-05
5.033301996e+00  5.2571764e-05
5.035818647e+00  5.2814556e-05
5.038336556e+00  5.2233813e-05
5.040855724e+00  5.2086866e-05
5.043376152e+00  5.1920642e-05
5.045897840e+00  5.1848919e-05
5.048420789e+00  5.1476238e-05
5.050945000e+00  5.1253155e-05
5.053470472e+00  5.1279009e-05
5.055997207e+00  5.1351317e-05
5.058525206e+00  5.0974768e-05
5.061054469e+00  5.0495036e-05
5.063584996e+00  5.1059143e-05
5.066116788e+00  5.0624787e-05
5.068649847e+00  5.0757173e-05
5.071184172e+00  5.0463716e-05
5.073719764e+00  4.9963343e-05
5.076256624e+00  5.0168357e-05
5.078794752e+00  5.0067942e-05
5.081334149e+00  4.9823854e-05
5.083874816e+00  4.9725580e-05
5.086416754e+00  4.9637560e-05
5.088959962e+00  4.9746836e-05
5.091504442e+00  4.9271093e-05
5.094050194e+00  4.9332912e-05
5.096597219e+00  4.9031345e-05
5.099145518e+00  4.8893964e-05
5.101695091e+00  4.9202152e-05
5.104245938e+00  4.8437972e-05
5.106798061e+00  4.8443143e-05
5.109351460e+00  4.8270613e-05
5.111906136e+00  4.8321961e-05
5.114462089e+00  4.8298763e-05
5.117019320e+00  4.7838788e-05
5.119577830e+00  4.7968400e-05
5.122137619e+00  4.7736940e-05
5.124698688e+00  4.7432680e-05
5.127261037e+00  4.7467149e-05
5.129824667e+00  4.7307424e-05
5.132389580e+00  4.7136764e-05
5.134955775e+00  4.6961158e-05
5.137523252e+00  4.6765330e-05
5.140092014e+00  4.6719692e-05
5.142662060e+00  4.6641739e-05
5.145233391e+00  4.6362460e-05
5.147806008e+00  4.6659121e-05
5.150379911e+00  4.6447789e-05
5.152955101e+00  4.5899997e-05
5.155531578e+00  4.5736711e-05
5.158109344e+00  4.5795793e-05
5.160688399e+00  4.5737569e-05
5.163268743e+00  4.5453302e-05
5.165850377e+00  4.5451660e-05
5.168433303e+00  4.5100996e-05
5.171017519e+00  4.5196185e-05
5.173603028e+00  4.5117243e-05
5.176189829e+00  4.4888573e-05
5.178777924e+00  4.5016207e-05
5.181367313e+00  4.4639386e-05
5.183957997e+00  4.4564624e-05
5.186549976e+00  4.4454505e-05
5.189143251e+00  4.4339208e-05
5.191737823e+00  4.4215907e-05
5.194333692e+00  4.3890656e-05
5.196930858e+00  4.3812392e-05
5.199529324e+00  4.3797731e-05
5.202129088e+00  4.3812841e-05
5.204730153e+00  4.3582973e-05
5.207332518e+00  4.3388950e-05
5.209936184e+00  4.3224533e-05
5.212541152e+00  4.3315393e-05
5.215147423e+00  4.3093662e-05
5.217754997e+00  4.3013416e-05
5.220363874e+00  4.2689387e-05
5.222974056e+00  4.2590591e-05
5.225585543e+00  4.2731618e-05
5.228198336e+00  4.2475878e-05
5.230812435e+00  4.2541432e-05
5.233427841e+00  4.2267796e-05
5.236044555e+00  4.1994089e-05
5.238662578e+00  4.1951480e-05
5.241281909e+00  4.1880478e-05
5.243902550e+00  4.1750963e-05
5.246524501e+00  4.1743549e-05
5.249147763e+00  4.1518304e-05
5.251772337e+00  4.1587756e-05
5.254398223e+00  4.1109700e-05
5.257025422e+00  4.1121406e-05
5.259653935e+00  4.1278657e-05
5.262283762e+00  4.0944944e-05
5.264914904e+00  4.0882138e-05
5.267547361e+00  4.0931691e-05
5.270181135e+00  4.0721301e-05
5.272816226e+00  4.0662200e-05
5.275452634e+00  4.0295357e-05
5.278090360e+00  4.0262592e-05
5.280729405e+00  4.0113969e-05
5.283369770e+00  4.0240467e-05
5.286011455e+00  4.0057299e-05
5.288654461e+00  3.9695752e-05
5.291298788e+00  3.9476214e-05
5.293944437e+00  3.9636893e-05
5.296591410e+00  3.9619873e-05
5.299239705e+00  3.9441367e-05
5.301889325e+00  3.9152512e-05
5.304540270e+00  3.9120480e-05
5.307192540e+00  3.8981896e-05
5.309846136e+00  3.9014545e-05
5.312501059e+00  3.8904424e-05
5.315157310e+00  3.8779800e-05
5.317814888e+00  3.8381217e-05
5.320473796e+00  3.8601215e-05
5.323134033e+00  3.8519588e-05
5.325795600e+00  3.8382007e-05
5.328458498e+00  3.8202033e-05
5.331122727e+00  3.8074966e-05
5.333788288e+00  3.8039666e-05
5.336455182e+00  3.7858633e-05
5.339123410e+00  3.7631332e-05
5.341792972e+00  3.7593138e-05
5.344463868e+00  3.7413307e-05
5.347136100e+00  3.7401020e-05
5.349809668e+00  3.7270342e-05
5.352484573e+00  3.7280523e-05
5.355160815e+00  3.7146585e-05
5.357838396e+00  3.7079650e-05
5.360517315e+00  3.6892368e-05
5.363197573e+00  3.6870381e-05
5.365879172e+00  3.6778556e-05
5.368562112e+00  3.6465001e-05
5.371246393e+00  3.6500502e-05
5.373932016e+00  3.6262016e-05
5.376618982e+00  3.6363301e-05
5.379307292e+00  3.6186349e-05
5.381996945e+00  3.6084789e-05
5.384687944e+00  3.5919978e-05
5.387380288e+00  3.5805993e-05
5.390073978e+00  3.5814816e-05
5.392769015e+00  3.5714896e-05
5.395465399e+00  3.5598416e-05
5.398163132e+00  3.5427355e-05
5.400862214e+00  3.5236437e-05
5.403562645e+00  3.5094199e-05
5.406264426e+00  3.4936083e-05
5.408967558e+00  3.4953448e-05
5.411672042e+00  3.4923152e-05
5.414377878e+00  3.4865845e-05
5.417085067e+00  3.4689123e-05
5.419793609e+00  3.4534315e-05
5.422503506e+00  3.4336711e-05
5.425214758e+00  3.4437033e-05
5.427927365e+00  3.4446399e-05
5.430641329e+00  3.4277689e-05
5.433356650e+00  3.4273722e-05
5.436073328e+00  3.4083595e-05
5.438791365e+00  3.4078621e-05
5.441510760e+00  3.3970575e-05
5.444231516e+00  3.3933871e-05
5.446953632e+00  3.3559929e-05
5.449677108e+00  3.3529194e-05
5.452401947e+00  3.3463025e-05
5.455128148e+00  3.3344456e-05
5.457855712e+00  3.3357134e-05
5.460584640e+00  3.3253817e-05
5.463314932e+00  3.3153294e-05
5.466046590e+00  3.3014475e-05
5.468779613e+00  3.3072360e-05
5.471514003e+00  3.2899208e-05
5.474249760e+00  3.2815769e-05
5.476986885e+00  3.2633794e-05
5.479725378e+00  3.2709268e-05
5.482465241e+00  3.2469685e-05
5.485206473e+00  3.2426501e-05
5.487949077e+00  3.2317972e-05
5.490693051e+00  3.2281289e-05
5.493438398e+00  3.2124224e-05
5.496185117e+00  3.1991852e-05
5.498933209e+00  3.2045907e-05
5.501682676e+00  3.1905007e-05
5.504433517e+00  3.1765359e-05
5.507185734e+00  3.1572849e-05
5.509939327e+00  3.1543880e-05
5.512694297e+00  3.1374687e-05
5.515450644e+00  3.1280450e-05
5.518208369e+00  3.1232341e-05
5.520967473e+00  3.1253816e-05
5.523727957e+00  3.1152156e-05
5.526489821e+00  3.1089038e-05
5.529253066e+00  3.0891271e-05
5.532017692e+00  3.0826221e-05
5.534783701e+00  3.0680825e-05
5.537551093e+00  3.0714169e-05
5.540319869e+00  3.0768459e-05
5.543090029e+00  3.0524069e-05
5.545861574e+00  3.0406363e-05
5.548634504e+00  3.0316936e-05
5.551408822e+00  3.0213723e-05
5.554184526e+00  3.0243583e-05
5.556961618e+00  3.0163406e-05
5.559740099e+00  3.0232653e-05
5.562519969e+00  2.9873611e-05
5.565301229e+00  2.9919986e-05
5.568083880e+00  2.9770248e-05
5.570867922e+00  2.9724344e-05
5.573653356e+00  2.9676508e-05
5.576440182e+00  2.9533982e-05
5.579228403e+00  2.9287345e-05
5.582018017e+00  2.9409203e-05
5.584809026e+00  2.9318440e-05
5.587601430e+00  2.9198917e-05
5.590395231e+00  2.9210721e-05
5.593190429e+00  2.9113586e-05
5.595987024e+00  2.8843417e-05
5.598785017e+00  2.8916564e-05
5.601584410e+00  2.8755864e-05
5.604385202e+00  2.8782062e-05
5.607187395e+00  2.8605554e-05
5.609990988e+00  2.8612507e-05
5.612795984e+00  2.8454260e-05
5.615602382e+00  2.8466047e-05
5.618410183e+00  2.8273187e-05
5.621219388e+00  2.8119051e-05
5.624029998e+00  2.8249712e-05
5.626842013e+00  2.8119382e-05
5.629655434e+00  2.7959790e-05
5.632470261e+00  2.7907899e-05
5.635286497e+00  2.7896123e-05
5.638104140e+00  2.7848278e-05
5.640923192e+00  2.7740472e-05
5.643743654e+00  2.7588388e-05
5.646565525e+00  2.7421475e-05
5.649388808e+00  2.7350814e-05
5.652213503e+00  2.7373310e-05
5.655039609e+00  2.7279888e-05
5.657867129e+00  2.7197762e-05
5.660696063e+00  2.7094484e-05
5.663526411e+00  2.7052719e-05
5.666358174e+00  2.7079630e-05
5.669191353e+00  2.6936478e-05
5.672025949e+00  2.6690516e-05
5.674861962e+00  2.6741993e-05
5.677699393e+00  2.6676136e-05
5.680538242e+00  2.6654445e-05
5.683378511e+00  2.6420995e-05
5.686220201e+00  2.6354729e-05
5.689063311e+00  2.6331645e-05
5.691907842e+00  2.6340036e-05
5.694753796e+00  2.6331974e-05
5.697601173e+00  2.6155791e-05
5.700449974e+00  2.6101032e-05
5.703300199e+00  2.6043281e-05
5.706151849e+00  2.5877480e-05
5.709004925e+00  2.5829817e-05
5.711859427e+00  2.5707286e-05
5.714715357e+00  2.5620878e-05
5.717572715e+00  2.5600858e-05
5.720431501e+00  2.5597046e-05
5.723291717e+00  2.5503034e-05
5.726153363e+00  2.5377226e-05
5.729016439e+00  2.5302725e-05
5.731880948e+00  2.5154935e-05
5.734746888e+00  2.5298513e-05
5.737614261e+00  2.5190045e-05
5.740483069e+00  2.5102595e-05
5.743353310e+00  2.5001314e-05
5.746224987e+00  2.4945206e-05
5.749098099e+00  2.5022338e-05
5.751972648e+00  2.4811207e-05
5.754848635e+00  2.4820532e-05
5.757726059e+00  2.4578468e-05
5.760604922e+00  2.4447415e-05
5.763485224e+00  2.4504609e-05
5.766366967e+00  2.4445623e-05
5.769250151e+00  2.4389054e-05
5.772134776e+00  2.4168721e-05
5.775020843e+00  2.4125909e-05
5.777908353e+00  2.4197709e-05
5.780797308e+00  2.4176193e-05
5.783687706e+00  2.4066786e-05
5.786579550e+00  2.3906509e-05
5.789472840e+00  2.3805246e-05
5.792367576e+00  2.3816693e-05
5.795263760e+00  2.3723862e-05
5.798161392e+00  2.3648266e-05
5.801060473e+00  2.3555369e-05
5.803961003e+00  2.3580006e-05
5.806862983e+00  2.3511841e-05
5.809766415e+00  2.3347104e-05
5.812671298e+00  2.3326384e-05
5.815577634e+00  2.3243323e-05
5.818485423e+00  2.3093640e-05
5.821394665e+00  2.3181450e-05
5.824305363e+00  2.3040855e-05
5.827217515e+00  2.2951605e-05
5.830131124e+00  2.2924323e-05
5.833046190e+00  2.2875183e-05
5.835962713e+00  2.2758224e-05
5.838880694e+00  2.2756738e-05
5.841800134e+00  2.2619735e-05
5.844721035e+00  2.2618587e-05
5.847643395e+00  2.2529633e-05
5.850567217e+00  2.2596521e-05
5.853492500e+00  2.2394571e-05
5.856419247e+00  2.2373134e-05
5.859347456e+00  2.2387429e-05
5.862277130e+00  2.2257809e-05
5.865208268e+00  2.2143792e-05
5.868140873e+00  2.2092381e-05
5.871074943e+00  2.2039958e-05
5.874010481e+00  2.1954340e-05
5.876947486e+00  2.1850801e-05
5.879885960e+00  2.1925129e-05
5.882825903e+00  2.1753252e-05
5.885767315e+00  2.1652285e-05
5.888710199e+00  2.1752530e-05
5.891654554e+00  2.1709838e-05
5.894600381e+00  2.1518938e-05
5.897547682e+00  2.1521911e-05
5.900496456e+00  2.1530330e-05
5.903446704e+00  2.1391362e-05
5.906398427e+00  2.1349508e-05
5.909351626e+00  2.1326279e-05
5.912306302e+00  2.1130724e-05
5.915262455e+00  2.1144632e-05
5.918220087e+00  2.1030431e-05
5.921179197e+00  2.1121062e-05
5.924139786e+00  2.0965988e-05
5.927101856e+00  2.0883520e-05
5.930065407e+00  2.0823398e-05
5.933030440e+00  2.0714211e-05
5.935996955e+00  2.0689988e-05
5.938964953e+00  2.0632510e-05
5.941934436e+00  2.0550150e-05
5.944905403e+00  2.0541011e-05
5.947877856e+00  2.0392023e-05
5.950851795e+00  2.0419666e-05
5.953827221e+00  2.0460548e-05
5.956804134e+00  2.0304383e-05
5.959782536e+00  2.0365090e-05
5.962762428e+00  2.0227480e-05
5.965743809e+00  2.0113457e-05
5.968726681e+00  2.0113099e-05
5.971711044e+00  2.0039121e-05
5.974696900e+00  2.0084922e-05
5.977684248e+00  1.9985167e-05
5.980673090e+00  1.9925713e-05
5.983663427e+00  1.9825380e-05
5.986655258e+00  1.9727484e-05
5.989648586e+00  1.9646821e-05
5.992643410e+00  1.9666881e-05
5.995639732e+00  1.9666047e-05
5.998637552e+00  1.9593038e-05
6.001636871e+00  1.9496842e-05
6.004637689e+00  1.9464848e-05
6.007640008e+00  1.9436990e-05
6.010643828e+00  1.9280876e-05
6.013649150e+00  1.9327918e-05
6.016655974e+00  1.9197767e-05
6.019664302e+00  1.9117673e-05
6.022674135e+00  1.9143097e-05
6.025685472e+00  1.9070900e-05
6.028698314e+00  1.8958580e-05
6.031712663e+00  1.9033658e-05
6.034728520e+00  1.8921613e-05
6.037745884e+00  1.8799599e-05
6.040764757e+00  1.8724148e-05
6.043785139e+00  1.8707161e-05
6.046807032e+00  1.8685716e-05
6.049830435e+00  1.8607651e-05
6.052855351e+00  1.8506280e-05
6.055881778e+00  1.8428534e-05
6.058909719e+00  1.8551711e-05
6.061939174e+00  1.8369821e-05
6.064970144e+00  1.8340140e-05
6.068002629e+00  1.8407067e-05
6.071036630e+00  1.8207855e-05
6.074072148e+00  1.8218624e-05
6.077109184e+00  1.8243593e-05
6.080147739e+00  1.8154376e-05
6.083187813e+00  1.8036223e-05
6.086229407e+00  1.8098107e-05
6.089272522e+00  1.7960261e-05
6.092317158e+00  1.7877800e-05
6.095363316e+00  1.7900761e-05
6.098410998e+00  1.7841340e-05
6.101460204e+00  1.7779531e-05
6.104510934e+00  1.7752851e-05
6.107563189e+00  1.7603241e-05
6.110616971e+00  1.7631790e-05
6.113672279e+00  1.7603121e-05
6.116729115e+00  1.7510675e-05
6.119787480e+00  1.7420967e-05
6.122847374e+00  1.7408016e-05
6.125908797e+00  1.7176601e-05
6.128971752e+00  1.7330499e-05
6.132036238e+00  1.7201489e-05
6.135102256e+00  1.7094371e-05
6.138169807e+00  1.7183545e-05
6.141238892e+00  1.7079597e-05
6.144309511e+00  1.7023388e-05
6.147381666e+00  1.7081800e-05
6.150455357e+00  1.6963236e-05
6.153530584e+00  1.6923203e-05
6.156607350e+00  1.6844428e-05
6.159685653e+00  1.6856702e-05
6.162765496e+00  1.6770448e-05
6.165846879e+00  1.6676470e-05
6.168929802e+00  1.6658297e-05
6.172014267e+00  1.6663006e-05
6.175100274e+00  1.6668651e-05
6.178187825e+00  1.6548331e-05
6.181276919e+00  1.6435470e-05
6.184367557e+00  1.6501995e-05
6.187459741e+00  1.6432974e-05
6.190553471e+00  1.6437233e-05
6.193648747e+00  1.6297632e-05
6.196745572e+00  1.6273427e-05
6.199843945e+00  1.6294072e-05
6.202943867e+00  1.6168669e-05
6.206045338e+00  1.6077444e-05
6.209148361e+00  1.6124875e-05
6.212252935e+00  1.6012613e-05
6.215359062e+00  1.5983181e-05
6.218466741e+00  1.5976081e-05
6.221575975e+00  1.5918414e-05
6.224686763e+00  1.5636881e-05
6.227799106e+00  1.5794461e-05
6.230913006e+00  1.5795376e-05
6.234028462e+00  1.5680833e-05
6.237145476e+00  1.5686307e-05
6.240264049e+00  1.5623075e-05
6.243384181e+00  1.5638281e-05
6.246505873e+00  1.5607056e-05
6.249629126e+00  1.5502477e-05
6.252753941e+00  1.5516726e-05
6.255880318e+00  1.5451602e-05
6.259008258e+00  1.5362818e-05
6.262137762e+00  1.5314192e-05
6.265268831e+00  1.5287880e-05
6.268401465e+00  1.5241051e-05
6.271535666e+00  1.5131727e-05
6.274671434e+00  1.5155237e-05
6.277808770e+00  1.5119768e-05
6.280947674e+00  1.5006160e-05
6.284088148e+00  1.5023975e-05
6.287230192e+00  1.4734495e-05
6.290373807e+00  1.4741935e-05
6.293518994e+00  1.4792616e-05
6.296665753e+00  1.4859953e-05
6.299814086e+00  1.4807029e-05
6.302963993e+00  1.4796385e-05
6.306115475e+00  1.4722734e-05
6.309268533e+00  1.4671432e-05
6.312423167e+00  1.4669603e-05
6.315579379e+00  1.4480179e-05
6.318737168e+00  1.4448841e-05
6.321896537e+00  1.4571025e-05
6.325057485e+00  1.4322897e-05
6.328220014e+00  1.4352087e-05
6.331384124e+00  1.4431714e-05
6.334549816e+00  1.4347146e-05
6.337717091e+00  1.4320276e-05
6.340885950e+00  1.4293582e-05
6.344056393e+00  1.4221531e-05
6.347228421e+00  1.4186251e-05
6.350402035e+00  1.4155022e-05
6.353577236e+00  1.4066922e-05
6.356754025e+00  1.4044551e-05
6.359932402e+00  1.4053057e-05
6.363112368e+00  1.3989444e-05
6.366293924e+00  1.3976497e-05
6.369477071e+00  1.3953654e-05
6.372661810e+00  1.3915535e-05
6.375848140e+00  1.3835977e-05
6.379036064e+00  1.3849930e-05
6.382225583e+00  1.3747692e-05
6.385416695e+00  1.3676236e-05
6.388609404e+00  1.3723077e-05
6.391803708e+00  1.3666135e-05
6.394999610e+00  1.3582832e-05
6.398197110e+00  1.3573870e-05
6.401396209e+00  1.3568255e-05
6.404596907e+00  1.3446665e-05
6.407799205e+00  1.3414691e-05
6.411003105e+00  1.3338373e-05
6.414208606e+00  1.3337768e-05
6.417415711e+00  1.3379488e-05
6.420624418e+00  1.3326626e-05
6.423834731e+00  1.3310963e-05
6.427046648e+00  1.3105280e-05
6.430260171e+00  1.3152392e-05
6.433475301e+00  1.3202477e-05
6.436692039e+00  1.3156725e-05
6.439910385e+00  1.3060072e-05
6.443130340e+00  1.3088668e-05
6.446351905e+00  1.2895591e-05
6.449575081e+00  1.2966444e-05
6.452799869e+00  1.2910661e-05
6.456026269e+00  1.2928096e-05
6.459254282e+00  1.2910261e-05
6.462483909e+00  1.2832272e-05
6.465715151e+00  1.2716523e-05
6.468948009e+00  1.2646458e-05
6.472182483e+00  1.2631882e-05
6.475418574e+00  1.2602605e-05
6.478656283e+00  1.2612705e-05
6.481895611e+00  1.2590419e-05
6.485136559e+00  1.2548469e-05
6.488379127e+00  1.2488310e-05
6.491623317e+00  1.2479036e-05
6.494869129e+00  1.2432905e-05
6.498116563e+00  1.2370032e-05
6.501365622e+00  1.2391793e-05
6.504616304e+00  1.2323034e-05
6.507868612e+00  1.2249902e-05
6.511122547e+00  1.2232907e-05
6.514378108e+00  1.2248460e-05
6.517635297e+00  1.2148130e-05
6.520894115e+00  1.2135066e-05
6.524154562e+00  1.2083789e-05
6.527416639e+00  1.2063996e-05
6.530680347e+00  1.2050974e-05
6.533945688e+00  1.2008855e-05
6.537212660e+00  1.1965037e-05
6.540481267e+00  1.1977823e-05
6.543751507e+00  1.1864288e-05
6.547023383e+00  1.1865538e-05
6.550296895e+00  1.1831218e-05
6.553572043e+00  1.1808306e-05
6.556848829e+00  1.1811805e-05
6.560127254e+00  1.1750732e-05
6.563407317e+00  1.1725920e-05
6.566689021e+00  1.1661718e-05
6.569972366e+00  1.1588987e-05
6.573257352e+00  1.1673705e-05
6.576543980e+00  1.1546153e-05
6.579832252e+00  1.1547275e-05
6.583122169e+00  1.1479377e-05
6.586413730e+00  1.1468494e-05
6.589706936e+00  1.1586367e-05
6.593001790e+00  1.1470839e-05
6.596298291e+00  1.1336130e-05
6.599596440e+00  1.1351132e-05
6.602896238e+00  1.1284669e-05
6.606197686e+00  1.1247646e-05
6.609500785e+00  1.1247278e-05
6.612805536e+00  1.1145062e-05
6.616111938e+00  1.1266599e-05
6.619419994e+00  1.1246858e-05
6.622729704e+00  1.1110332e-05
6.626041069e+00  1.1233519e-05
6.629354090e+00  1.1038462e-05
6.632668767e+00  1.0951348e-05
6.635985101e+00  1.0995281e-05
6.639303094e+00  1.0923833e-05
6.642622745e+00  1.0904792e-05
6.645944057e+00  1.0897596e-05
6.649267029e+00  1.0854263e-05
6.652591662e+00  1.0907212e-05
6.655917958e+00  1.0791456e-05
6.659245917e+00  1.0800727e-05
6.662575540e+00  1.0706681e-05
6.665906828e+00  1.0731745e-05
6.669239781e+00  1.0713648e-05
6.672574401e+00  1.0672440e-05
6.675910688e+00  1.0621687e-05
6.679248644e+00  1.0646045e-05
6.682588268e+00  1.0616846e-05
6.685929562e+00  1.0569150e-05
6.689272527e+00  1.0535986e-05
6.692617163e+00  1.0462941e-05
6.695963472e+00  1.0446831e-05
6.699311453e+00  1.0405737e-05
6.702661109e+00  1.0380032e-05
6.706012440e+00  1.0320218e-05
6.709365446e+00  1.0310130e-05
6.712720129e+00  1.0275459e-05
6.716076489e+00  1.0255909e-05
6.719434527e+00  1.0205175e-05
6.722794244e+00  1.0247878e-05
6.726155641e+00  1.0177988e-05
6.729518719e+00  1.0145867e-05
6.732883478e+00  1.0102670e-05
6.736249920e+00  1.0105606e-05
6.739618045e+00  1.0067860e-05
6.742987854e+00  1.0063163e-05
6.746359348e+00  1.0016488e-05
6.749732528e+00  9.9997780e-06
6.753107394e+00  9.9674378e-06
6.756483948e+00  9.9992318e-06
6.759862190e+00  9.8899642e-06
6.763242121e+00  9.8579822e-06
6.766623742e+00  9.7901552e-06
6.770007054e+00  9.8075169e-06
6.773392057e+00  9.7903263e-06
6.776778753e+00  9.7471039e-06
6.780167143e+00  9.7278896e-06
6.783557226e+00  9.7207446e-06
6.786949005e+00  9.6412057e-06
6.790342479e+00  9.6416809e-06
6.793737651e+00  9.6599936e-06
6.797134519e+00  9.5727394e-06
6.800533087e+00  9.5700674e-06
6.803933353e+00  9.5312962e-06
6.807335320e+00  9.5066162e-06
6.810738988e+00  9.5197676e-06
6.814144357e+00  9.4651164e-06
6.817551429e+00  9.4357624e-06
6.820960205e+00  9.4313414e-06
6.824370685e+00  9.3546740e-06
6.827782870e+00  9.3295881e-06
6.831196762e+00  9.3336095e-06
6.834612360e+00  9.2913242e-06
6.838029666e+00  9.2491446e-06
6.841448681e+00  9.2470137e-06
6.844869406e+00  9.1757896e-06
6.848291840e+00  9.1659560e-06
6.851715986e+00  9.2169485e-06
6.855141844e+00  9.1385174e-06
6.858569415e+00  9.0321688e-06
6.861998700e+00  9.0777294e-06
6.865429699e+00  9.0627568e-06
6.868862414e+00  9.0380918e-06
6.872296845e+00  8.9634335e-06
6.875732994e+00  8.9688089e-06
6.879170860e+00  8.9511975e-06
6.882610446e+00  8.9361128e-06
6.886051751e+00  8.9401085e-06
6.889494777e+00  8.9179247e-06
6.892939524e+00  8.8979604e-06
6.896385994e+00  8.7831040e-06
6.899834187e+00  8.8042739e-06
6.903284104e+00  8.7982171e-06
6.906735746e+00  8.7954113e-06
6.910189114e+00  8.7516514e-06
6.913644208e+00  8.7312497e-06
6.917101030e+00  8.6799595e-06
6.920559581e+00  8.6654487e-06
6.924019861e+00  8.6623355e-06
6.927481871e+00  8.6420848e-06
6.930945612e+00  8.5959957e-06
6.934411084e+00  8.5263498e-06
6.937878290e+00  8.5405705e-06
6.941347229e+00  8.5149281e-06
6.944817903e+00  8.4818208e-06
6.948290312e+00  8.4396213e-06
6.951764457e+00  8.4141753e-06
6.955240339e+00  8.3524126e-06
6.958717959e+00  8.3709886e-06
6.962197318e+00  8.3516106e-06
6.965678417e+00  8.3501759e-06
6.969161256e+00  8.3387779e-06
6.972645837e+00  8.2805982e-06
6.976132160e+00  8.3018277e-06
6.979620226e+00  8.2586089e-06
6.983110036e+00  8.2053985e-06
6.986601591e+00  8.2213334e-06
6.990094892e+00  8.2112530e-06
6.993589939e+00  8.1454393e-06
6.997086734e+00  8.1401320e-06
7.000585277e+00  8.1024781e-06
7.004085570e+00  8.1342238e-06
7.007587613e+00  8.0419549e-06
7.011091407e+00  8.0409125e-06
7.014596952e+00  7.9891755e-06
7.018104251e+00  8.0153404e-06
7.021613303e+00  7.9811689e-06
7.025124110e+00  7.9298929e-06
7.028636672e+00  7.9290080e-06
7.032150990e+00  7.8852831e-06
7.035667065e+00  7.8899603e-06
7.039184899e+00  7.8008982e-06
7.042704491e+00  7.8273568e-06
7.046225844e+00  7.8285242e-06
7.049748957e+00  7.7993337e-06
7.053273831e+00  7.7545647e-06
7.056800468e+00  7.6970143e-06
7.060328868e+00  7.7245034e-06
7.063859033e+00  7.6944951e-06
7.067390962e+00  7.6772233e-06
7.070924658e+00  7.6660756e-06
7.074460120e+00  7.6136628e-06
7.077997350e+00  7.5844613e-06
7.081536349e+00  7.6109150e-06
7.085077117e+00  7.5420187e-06
7.088619655e+00  7.5148553e-06
7.092163965e+00  7.5289957e-06
7.095710047e+00  7.5083418e-06
7.099257902e+00  7.4805268e-06
7.102807531e+00  7.4810659e-06
7.106358935e+00  7.4414902e-06
7.109912115e+00  7.4165446e-06
7.113467071e+00  7.3643885e-06
7.117023804e+00  7.3757368e-06
7.120582316e+00  7.3747238e-06
7.124142607e+00  7.3250904e-06
7.127704678e+00  7.3044157e-06
7.131268531e+00  7.2859832e-06
7.134834165e+00  7.2531814e-06
7.138401582e+00  7.2425181e-06
7.141970783e+00  7.1938486e-06
7.145541768e+00  7.2123321e-06
7.149114539e+00  7.1859993e-06
7.152689096e+00  7.1643195e-06
7.156265441e+00  7.1552312e-06
7.159843574e+00  7.1295116e-06
7.163423496e+00  7.1441892e-06
7.167005207e+00  7.1151452e-06
7.170588710e+00  7.0581385e-06
7.174174004e+00  7.0759680e-06
7.177761091e+00  7.0728299e-06
7.181349972e+00  7.0392815e-06
7.184940647e+00  7.0378937e-06
7.188533117e+00  6.9787829e-06
7.192127384e+00  6.9524767e-06
7.195723447e+00  6.9325017e-06
7.199321309e+00  6.8762503e-06
7.202920970e+00  6.8578878e-06
7.206522430e+00  6.8542550e-06
7.210125691e+00  6.8720776e-06
7.213730754e+00  6.8254036e-06
7.217337620e+00  6.8214115e-06
7.220946288e+00  6.7757545e-06
7.224556762e+00  6.7507197e-06
7.228169040e+00  6.7570429e-06
7.231783125e+00  6.7078846e-06
7.235399016e+00  6.7339131e-06
7.239016716e+00  6.7009189e-06
7.242636224e+00  6.6413185e-06
7.246257542e+00  6.6523948e-06
7.249880671e+00  6.6426758e-06
7.253505611e+00  6.6387043e-06
7.257132364e+00  6.6070482e-06
7.260760930e+00  6.5867934e-06
7.264391311e+00  6.5741064e-06
7.268023506e+00  6.5279555e-06
7.271657518e+00  6.5310745e-06
7.275293347e+00  6.4983958e-06
7.278930993e+00  6.5066033e-06
7.282570459e+00  6.4879343e-06
7.286211744e+00  6.4383250e-06
7.289854850e+00  6.4376583e-06
7.293499777e+00  6.4360926e-06
7.297146527e+00  6.3967646e-06
7.300795101e+00  6.3835016e-06
7.304445498e+00  6.4006757e-06
7.308097721e+00  6.3558453e-06
7.311751770e+00  6.3380399e-06
7.315407646e+00  6.3529773e-06
7.319065350e+00  6.2993419e-06
7.322724882e+00  6.2536231e-06
7.326386245e+00  6.2560802e-06
7.330049438e+00  6.2132739e-06
7.333714462e+00  6.2645385e-06
7.337381320e+00  6.1967227e-06
7.341050010e+00  6.1729514e-06
7.344720535e+00  6.1937410e-06
7.348392896e+00  6.1467828e-06
7.352067092e+00  6.0941699e-06
7.355743126e+00  6.0824979e-06
7.359420997e+00  6.1122363e-06
7.363100708e+00  6.0747054e-06
7.366782258e+00  6.0617019e-06
7.370465649e+00  6.0275726e-06
7.374150882e+00  6.0298991e-06
7.377837957e+00  6.0204686e-06
7.381526876e+00  6.0053036e-06
7.385217640e+00  5.9881749e-06
7.388910249e+00  5.9437591e-06
7.392604704e+00  5.9184262e-06
7.396301006e+00  5.9136531e-06
7.399999157e+00  5.8990029e-06
7.403699156e+00  5.8892284e-06
7.407401006e+00  5.8980219e-06
7.411104706e+00  5.8806249e-06
7.414810259e+00  5.8699706e-06
7.418517664e+00  5.8174362e-06
7.422226923e+00  5.7941404e-06
7.425938036e+00  5.7751583e-06
7.429651005e+00  5.7643332e-06
7.433365831e+00  5.7461883e-06
7.437082514e+00  5.7379791e-06
7.440801055e+00  5.7484345e-06
7.444521455e+00  5.7100512e-06
7.448243716e+00  5.7130297e-06
7.451967838e+00  5.6691351e-06
7.455693822e+00  5.6135102e-06
7.459421669e+00  5.6154419e-06
7.463151380e+00  5.5883535e-06
7.466882955e+00  5.5925466e-06
7.470616397e+00  5.5590775e-06
7.474351705e+00  5.5777401e-06
7.478088881e+00  5.5740443e-06
7.481827925e+00  5.5589033e-06
7.485568839e+00  5.5531628e-06
7.489311624e+00  5.5078465e-06
7.493056279e+00  5.5032074e-06
7.496802808e+00  5.4911419e-06
7.500551209e+00  5.4861291e-06
7.504301485e+00  5.4572203e-06
7.508053635e+00  5.4644483e-06
7.511807662e+00  5.4355945e-06
7.515563566e+00  5.4313766e-06
7.519321348e+00  5.3930424e-06
7.523081008e+00  5.3507066e-06
7.526842549e+00  5.3841846e-06
7.530605970e+00  5.3491493e-06
7.534371273e+00  5.3304731e-06
7.538138459e+00  5.3056044e-06
7.541907528e+00  5.2909476e-06
7.545678482e+00  5.2545643e-06
7.549451321e+00  5.2477811e-06
7.553226047e+00  5.2634671e-06
7.557002660e+00  5.2382894e-06
7.560781161e+00  5.2335747e-06
7.564561552e+00  5.2012545e-06
7.568343832e+00  5.1606041e-06
7.572128004e+00  5.1982968e-06
7.575914068e+00  5.1456652e-06
7.579702025e+00  5.1328341e-06
7.583491876e+00  5.1138114e-06
7.587283622e+00  5.0830191e-06
7.591077264e+00  5.0900772e-06
7.594872803e+00  5.0862359e-06
7.598670239e+00  5.0332283e-06
7.602469574e+00  5.0443761e-06
7.606270809e+00  5.0451716e-06
7.610073944e+00  5.0019333e-06
7.613878981e+00  5.0284891e-06
7.617685921e+00  5.0370364e-06
7.621494764e+00  4.9979469e-06
7.625305511e+00  4.9732175e-06
7.629118164e+00  4.9765082e-06
7.632932723e+00  4.9765823e-06
7.636749189e+00  4.9225698e-06
7.640567564e+00  4.9220720e-06
7.644387848e+00  4.9169834e-06
7.648210042e+00  4.8832056e-06
7.652034147e+00  4.8712612e-06
7.655860164e+00  4.8494987e-06
7.659688094e+00  4.8487138e-06
7.663517938e+00  4.8289861e-06
7.667349697e+00  4.8219239e-06
7.671183372e+00  4.8254302e-06
7.675018963e+00  4.7921791e-06
7.678856473e+00  4.8112687e-06
7.682695901e+00  4.7655043e-06
7.686537249e+00  4.7584456e-06
7.690380518e+00  4.7346662e-06
7.694225708e+00  4.7199226e-06
7.698072821e+00  4.7186462e-06
7.701921857e+00  4.7088007e-06
7.705772818e+00  4.6580456e-06
7.709625705e+00  4.6689359e-06
7.713480517e+00  4.6589114e-06
7.717337258e+00  4.6340219e-06
7.721195926e+00  4.6474152e-06
7.725056524e+00  4.6327503e-06
7.728919053e+00  4.5752514e-06
7.732783512e+00  4.6081008e-06
7.736649904e+00  4.5458312e-06
7.740518229e+00  4.5526902e-06
7.744388488e+00  4.5574541e-06
7.748260682e+00  4.5248115e-06
7.752134813e+00  4.5308821e-06
7.756010880e+00  4.5008360e-06
7.759888885e+00  4.4748216e-06
7.763768830e+00  4.4751909e-06
7.767650714e+00  4.4617780e-06
7.771534540e+00  4.4632068e-06
7.775420307e+00  4.4698302e-06
7.779308017e+00  4.4326938e-06
7.783197671e+00  4.4248025e-06
7.787089270e+00  4.4129833e-06
7.790982815e+00  4.4252346e-06
7.794878306e+00  4.3933077e-06
7.798775745e+00  4.3626954e-06
7.802675133e+00  4.3432548e-06
7.806576471e+00  4.3432324e-06
7.810479759e+00  4.3420487e-06
7.814384999e+00  4.3412576e-06
7.818292191e+00  4.3253830e-06
7.822201337e+00  4.3175914e-06
7.826112438e+00  4.2927470e-06
7.830025494e+00  4.2633878e-06
7.833940507e+00  4.2774928e-06
7.837857477e+00  4.2637970e-06
7.841776406e+00  4.2631180e-06
7.845697294e+00  4.2296157e-06
7.849620143e+00  4.2154166e-06
7.853544953e+00  4.1736115e-06
7.857471725e+00  4.1857666e-06
7.861400461e+00  4.1788266e-06
7.865331161e+00  4.1640996e-06
7.869263827e+00  4.1548459e-06
7.873198459e+00  4.1242357e-06
7.877135058e+00  4.1134129e-06
7.881073626e+00  4.1135668e-06
7.885014162e+00  4.0831911e-06
7.888956669e+00  4.0979867e-06
7.892901148e+00  4.0593716e-06
7.896847598e+00  4.0535219e-06
7.900796022e+00  4.0603815e-06
7.904746420e+00  4.0459960e-06
7.908698793e+00  4.0172170e-06
7.912653143e+00  4.0398968e-06
7.916609469e+00  4.0066525e-06
7.920567774e+00  4.0166470e-06
7.924528058e+00  4.0066968e-06
7.928490322e+00  3.9717469e-06
7.932454567e+00  3.9830251e-06
7.936420794e+00  3.9593018e-06
7.940389005e+00  3.9344029e-06
7.944359199e+00  3.9558882e-06
7.948331379e+00  3.9073299e-06
7.952305545e+00  3.8996856e-06
7.956281697e+00  3.8866562e-06
7.960259838e+00  3.8789428e-06
7.964239968e+00  3.8838714e-06
7.968222088e+00  3.8795077e-06
7.972206199e+00  3.8460970e-06
7.976192302e+00  3.8341168e-06
7.980180398e+00  3.8369129e-06
7.984170489e+00  3.8351478e-06
7.988162574e+00  3.8246930e-06
7.992156655e+00  3.8190949e-06
7.996152734e+00  3.8044435e-06
8.000150810e+00  3.7967725e-06
8.004150885e+00  3.7531176e-06
8.008152961e+00  3.7517109e-06
8.012157037e+00  3.7480875e-06
8.016163116e+00  3.7573128e-06
8.020171197e+00  3.7251481e-06
8.024181283e+00  3.7081729e-06
8.028193374e+00  3.6963289e-06
8.032207470e+00  3.6887282e-06
8.036223574e+00  3.6652346e-06
8.040241686e+00  3.6491334e-06
8.044261807e+00  3.6481717e-06
8.048283938e+00  3.6519947e-06
8.052308079e+00  3.6288393e-06
8.056334234e+00  3.6323829e-06
8.060362401e+00  3.6248135e-06
8.064392582e+00  3.5957094e-06
8.068424778e+00  3.6125231e-06
8.072458991e+00  3.5760812e-06
8.076495220e+00  3.5702337e-06
8.080533468e+00  3.5774334e-06
8.084573734e+00  3.5584149e-06
8.088616021e+00  3.5584530e-06
8.092660329e+00  3.5419463e-06
8.096706659e+00  3.5361381e-06
8.100755013e+00  3.4949920e-06
8.104805390e+00  3.5003418e-06
8.108857793e+00  3.4912580e-06
8.112912222e+00  3.4701423e-06
8.116968678e+00  3.4854012e-06
8.121027162e+00  3.4720057e-06
8.125087676e+00  3.4589937e-06
8.129150220e+00  3.4637244e-06
8.133214795e+00  3.4313744e-06
8.137281402e+00  3.4345368e-06
8.141350043e+00  3.4024272e-06
8.145420718e+00  3.4061823e-06
8.149493428e+00  3.3826145e-06
8.153568175e+00  3.3827091e-06
8.157644959e+00  3.3738742e-06
8.161723782e+00  3.3795267e-06
8.165804643e+00  3.3510561e-06
8.169887546e+00  3.3466754e-06
8.173972490e+00  3.3519519e-06
8.178059476e+00  3.3197733e-06
8.182148506e+00  3.3184341e-06
8.186239580e+00  3.3107587e-06
8.190332700e+00  3.2862573e-06
8.194427866e+00  3.2875297e-06
8.198525080e+00  3.2836217e-06
8.202624342e+00  3.2722913e-06
8.206725655e+00  3.2668985e-06
8.210829017e+00  3.2639169e-06
8.214934432e+00  3.2502881e-06
8.219041899e+00  3.2447348e-06
8.223151420e+00  3.2420952e-06
8.227262996e+00  3.2189274e-06
8.231376627e+00  3.1992666e-06
8.235492316e+00  3.2086100e-06
8.239610062e+00  3.2014479e-06
8.243729867e+00  3.1884549e-06
8.247851732e+00  3.1825463e-06
8.251975658e+00  3.1717332e-06
8.256101645e+00  3.1709371e-06
8.260229696e+00  3.1330848e-06
8.264359811e+00  3.1448040e-06
8.268491991e+00  3.1275350e-06
8.272626237e+00  3.1167770e-06
8.276762550e+00  3.1138731e-06
8.280900931e+00  3.1101384e-06
8.285041382e+00  3.0962162e-06
8.289183903e+00  3.0399009e-06
8.293328494e+00  3.0401254e-06
8.297475159e+00  3.0713553e-06
8.301623896e+00  3.0505899e-06
8.305774708e+00  3.0642089e-06
8.309927596e+00  3.0302257e-06
8.314082559e+00  3.0273142e-06
8.318239601e+00  3.0114934e-06
8.322398720e+00  3.0133193e-06
8.326559920e+00  2.9989563e-06
8.330723200e+00  2.9933920e-06
8.334888561e+00  2.9780025e-06
8.339056006e+00  2.9768957e-06
8.343225534e+00  2.9691819e-06
8.347397146e+00  2.9542192e-06
8.351570845e+00  2.9599847e-06
8.355746630e+00  2.9430333e-06
8.359924504e+00  2.9228062e-06
8.364104466e+00  2.9186392e-06
8.368286518e+00  2.9153308e-06
8.372470662e+00  2.9108513e-06
8.376656897e+00  2.8986955e-06
8.380845225e+00  2.9091698e-06
8.385035648e+00  2.8820243e-06
8.389228166e+00  2.8765122e-06
8.393422780e+00  2.8603553e-06
8.397619491e+00  2.8121622e-06
8.401818301e+00  2.7171675e-06
8.406019210e+00  2.8077628e-06
8.410222220e+00  2.8284537e-06
8.414427331e+00  2.8373301e-06
8.418634544e+00  2.8082686e-06
8.422843862e+00  2.8128182e-06
8.427055284e+00  2.8062559e-06
8.431268811e+00  2.8088373e-06
8.435484446e+00  2.7952929e-06
8.439702188e+00  2.7705588e-06
8.443922039e+00  2.7739791e-06
8.448144000e+00  2.7551919e-06
8.452368072e+00  2.7483879e-06
8.456594256e+00  2.7275296e-06
8.460822553e+00  2.6770336e-06
8.465052965e+00  2.6849883e-06
8.469285491e+00  2.6874929e-06
8.473520134e+00  2.7214627e-06
8.477756894e+00  2.7057267e-06
8.481995772e+00  2.7137803e-06
8.486236770e+00  2.6937487e-06
8.490479889e+00  2.6746892e-06
8.494725128e+00  2.6800372e-06
8.498972491e+00  2.6626022e-06
8.503221977e+00  2.6681618e-06
8.507473588e+00  2.6627489e-06
8.511727325e+00  2.6411895e-06
8.515983189e+00  2.6405795e-06
8.520241180e+00  2.6371368e-06
8.524501301e+00  2.6291887e-06
8.528763552e+00  2.6262259e-06
8.533027933e+00  2.6040755e-06
8.537294447e+00  2.6037603e-06
8.541563095e+00  2.6091161e-06
8.545833876e+00  2.5849725e-06
8.550106793e+00  2.5881956e-06
8.554381846e+00  2.5786104e-06
8.558659037e+00  2.5682639e-06
8.562938367e+00  2.5625383e-06
8.567219836e+00  2.4986303e-06
8.571503446e+00  2.5400195e-06
8.575789198e+00  2.5327162e-06
8.580077092e+00  2.5066195e-06
8.584367131e+00  2.5170018e-06
8.588659314e+00  2.5103530e-06
8.592953644e+00  2.5132824e-06
8.597250121e+00  2.4940241e-06
8.601548746e+00  2.4692625e-06
8.605849520e+00  2.4850642e-06
8.610152445e+00  2.4875582e-06
8.614457521e+00  2.4688788e-06
8.618764750e+00  2.4696996e-06
8.623074132e+00  2.4570414e-06
8.627385669e+00  2.4497696e-06
8.631699362e+00  2.4299767e-06
8.636015212e+00  2.4359889e-06
8.640333220e+00  2.4365137e-06
8.644653386e+00  2.4306015e-06
8.648975713e+00  2.4138160e-06
8.653300201e+00  2.4171191e-06
8.657626851e+00  2.4068260e-06
8.661955664e+00  2.4017330e-06
8.666286642e+00  2.3908190e-06
8.670619785e+00  2.3810834e-06
8.674955095e+00  2.3753956e-06
8.679292573e+00  2.3695296e-06
8.683632219e+00  2.3623507e-06
8.687974035e+00  2.3531170e-06
8.692318022e+00  2.3448419e-06
8.696664181e+00  2.2952377e-06
8.701012513e+00  2.3280663e-06
8.705363020e+00  2.3240451e-06
8.709715701e+00  2.3205781e-06
8.714070559e+00  2.3070785e-06
8.718427594e+00  2.3106504e-06
8.722786808e+00  2.3073922e-06
8.727148201e+00  2.2848731e-06
8.731511776e+00  2.2901118e-06
8.735877531e+00  2.2801602e-06
8.740245470e+00  2.1690687e-06
8.744615593e+00  2.1813480e-06
8.748987901e+00  2.2272336e-06
8.753362395e+00  2.2524539e-06
8.757739076e+00  2.2452731e-06
8.762117945e+00  2.2454594e-06
8.766499004e+00  2.1874502e-06
8.770882254e+00  2.2032281e-06
8.775267695e+00  2.1884632e-06
8.779655329e+00  2.2164514e-06
8.784045157e+00  2.2067681e-06
8.788437179e+00  2.1965011e-06
8.792831398e+00  2.1882761e-06
8.797227813e+00  2.1795166e-06
8.801626427e+00  2.1816177e-06
8.806027241e+00  2.1182930e-06
8.810430254e+00  2.1648366e-06
8.814835469e+00  2.1655646e-06
8.819242887e+00  2.1558110e-06
8.823652508e+00  2.1554296e-06
8.828064335e+00  2.1459979e-06
8.832478367e+00  2.1392037e-06
8.836894606e+00  2.1316410e-06
8.841313053e+00  2.1239867e-06
8.845733710e+00  2.0974349e-06
8.850156577e+00  2.0788245e-06
8.854581655e+00  2.1103697e-06
8.859008946e+00  2.1061074e-06
8.863438450e+00  2.0898677e-06
8.867870170e+00  1.9978204e-06
8.872304105e+00  2.0704490e-06
8.876740257e+00  2.0569270e-06
8.881178627e+00  2.0687300e-06
8.885619216e+00  1.9594894e-06
8.890062026e+00  1.9041545e-06
8.894507057e+00  2.0215303e-06
8.898954310e+00  2.0464625e-06
8.903403787e+00  1.9499678e-06
8.907855489e+00  2.0318269e-06
8.912309417e+00  2.0337450e-06
8.916765572e+00  2.0282102e-06
8.921223955e+00  2.0013538e-06
8.925684567e+00  1.9838482e-06
8.930147409e+00  1.9942125e-06
8.934612483e+00  2.0031596e-06
8.939079789e+00  1.9997344e-06
8.943549329e+00  1.9885544e-06
8.948021103e+00  1.9868486e-06
8.952495114e+00  1.9676808e-06
8.956971361e+00  1.8957352e-06
8.961449847e+00  1.9687877e-06
8.965930572e+00  1.9635511e-06
8.970413537e+00  1.9447460e-06
8.974898744e+00  1.9542134e-06
8.979386194e+00  1.9509666e-06
8.983875887e+00  1.9449136e-06
8.988367825e+00  1.9284752e-06
8.992862008e+00  1.9230061e-06
8.997358439e+00  1.8375155e-06
9.001857119e+00  1.7570899e-06
9.006358047e+00  1.7433942e-06
9.010861226e+00  1.8294816e-06
9.015366657e+00  1.9059168e-06
9.019874340e+00  1.8919308e-06
9.024384277e+00  1.8915732e-06
9.028896470e+00  1.8855401e-06
9.033410918e+00  1.8777915e-06
9.037927623e+00  1.7877458e-06
9.042446587e+00  1.7637422e-06
9.046967810e+00  1.7953242e-06
9.051491294e+00  1.8553129e-06
9.056017040e+00  1.8524901e-06
9.060545048e+00  1.8411594e-06
9.065075321e+00  1.8413428e-06
9.069607859e+00  1.7700275e-06
9.074142663e+00  1.7478834e-06
9.078679734e+00  1.6892959e-06
9.083219074e+00  1.7906543e-06
9.087760683e+00  1.7954983e-06
9.092304564e+00  1.6788253e-06
9.096850716e+00  1.7289237e-06
9.101399141e+00  1.7933188e-06
9.105949841e+00  1.7450201e-06
9.110502816e+00  1.7479816e-06
9.115058067e+00  1.6956988e-06
9.119615596e+00  1.7406832e-06
9.124175404e+00  1.6267145e-06
9.128737492e+00  1.7474494e-06
9.133301860e+00  1.7205010e-06
9.137868511e+00  1.7389627e-06
9.142437446e+00  1.7563921e-06
9.147008664e+00  1.7471033e-06
9.151582169e+00  1.6796768e-06
9.156157960e+00  1.7301180e-06
9.160736039e+00  1.7300352e-06
9.165316407e+00  1.6178913e-06
9.169899065e+00  1.6883605e-06
9.174484014e+00  1.5822605e-06
9.179071256e+00  1.4896445e-06
9.183660792e+00  1.5100413e-06
9.188252622e+00  1.4666669e-06
9.192846749e+00  1.4497727e-06
9.197443172e+00  1.6082639e-06
9.202041894e+00  1.6869460e-06
9.206642915e+00  1.6263194e-06
9.211246236e+00  1.5932512e-06
9.215851859e+00  1.6687555e-06
9.220459785e+00  1.6620212e-06
9.225070015e+00  1.5541611e-06
9.229682550e+00  1.6207264e-06
9.234297391e+00  1.5756356e-06
9.238914540e+00  1.6413334e-06
9.243533997e+00  1.6283569e-06
9.248155764e+00  1.6378940e-06
9.252779842e+00  1.6285538e-06
9.257406232e+00  1.5833803e-06
9.262034935e+00  1.5894272e-06
9.266665953e+00  1.5140592e-06
9.271299286e+00  1.5557762e-06
9.275934935e+00  1.6072581e-06
9.280572903e+00  1.6028475e-06
9.285213189e+00  1.5672417e-06
9.289855796e+00  1.5787551e-06
9.294500724e+00  1.4165437e-06
9.299147974e+00  1.5457757e-06
9.303797548e+00  1.5011470e-06
9.308449447e+00  1.5141102e-06
9.313103672e+00  1.5774964e-06
9.317760223e+00  1.4870093e-06
9.322419104e+00  1.3446749e-06
9.327080313e+00  1.3484792e-06
9.331743853e+00  1.3692831e-06
9.336409725e+00  1.5046777e-06
9.341077930e+00  1.4628299e-06
9.345748469e+00  1.3582081e-06
9.350421343e+00  1.3888000e-06
9.355096554e+00  1.5076841e-06
9.359774102e+00  1.4502565e-06
9.364453989e+00  1.5188026e-06
9.369136216e+00  1.4938802e-06
9.373820784e+00  1.4895218e-06
9.378507695e+00  1.3770579e-06
9.383196949e+00  1.4059813e-06
9.387888547e+00  1.4953189e-06
9.392582491e+00  1.5018039e-06
9.397278783e+00  1.4956635e-06
9.401977422e+00  1.4905508e-06
9.406678411e+00  1.4067354e-06
9.411381750e+00  1.3601667e-06
9.416087441e+00  1.3256617e-06
9.420795485e+00  1.4042087e-06
9.425505882e+00  1.4638180e-06
9.430218635e+00  1.4620386e-06
9.434933745e+00  1.4640839e-06
9.439651211e+00  1.4565078e-06
9.444371037e+00  1.4405447e-06
9.449093222e+00  1.4469458e-06
9.453817769e+00  1.4499968e-06
9.458544678e+00  1.3967551e-06
9.463273950e+00  1.3442525e-06
9.468005587e+00  1.4039729e-06
9.472739590e+00  1.4057895e-06
9.477475960e+00  1.3936520e-06
9.482214698e+00  1.4131559e-06
9.486955805e+00  1.4130621e-06
9.491699283e+00  1.3551201e-06
9.496445133e+00  1.4023998e-06
9.501193355e+00  1.4016593e-06
9.505943952e+00  1.3204173e-06
9.510696924e+00  1.2475647e-06
9.515452272e+00  1.3324947e-06
9.520209999e+00  1.2140174e-06
9.524970104e+00  1.1769067e-06
9.529732589e+00  1.1525700e-06
9.534497455e+00  1.2578183e-06
9.539264704e+00  1.1803922e-06
9.544034336e+00  1.1758409e-06
9.548806353e+00  1.3224194e-06
9.553580756e+00  1.2974881e-06
9.558357547e+00  1.3054776e-06
9.563136726e+00  1.1976706e-06
9.567918294e+00  1.3178445e-06
9.572702253e+00  1.2399199e-06
9.577488604e+00  1.3228373e-06
9.582277348e+00  1.3299734e-06
9.587068487e+00  1.3345902e-06
9.591862021e+00  1.3124266e-06
9.596657952e+00  1.2701390e-06
9.601456281e+00  1.3042542e-06
9.606257009e+00  1.2120314e-06
9.611060138e+00  1.2993262e-06
9.615865668e+00  1.2928240e-06
9.620673601e+00  1.2948999e-06
9.625483938e+00  1.2201931e-06
9.630296680e+00  1.2711694e-06
9.635111828e+00  1.2750005e-06
9.639929384e+00  1.2388473e-06
9.644749349e+00  1.2073328e-06
9.649571723e+00  1.2795351e-06
9.654396509e+00  1.2708775e-06
9.659223707e+00  1.1567900e-06
9.664053319e+00  1.1410498e-06
9.668885346e+00  1.1526867e-06
9.673719789e+00  1.1983705e-06
9.678556648e+00  1.2510867e-06
9.683395927e+00  1.1810912e-06
9.688237625e+00  1.0773939e-06
9.693081744e+00  1.1261730e-06
9.697928284e+00  1.1687070e-06
9.702777249e+00  1.1656569e-06
9.707628637e+00  1.1229836e-06
9.712482452e+00  1.1000154e-06
9.717338693e+00  1.1458405e-06
9.722197362e+00  1.1279257e-06
9.727058461e+00  1.0417861e-06
9.731921990e+00  1.0396501e-06
9.736787951e+00  1.0664937e-06
9.741656345e+00  1.1812496e-06
9.746527173e+00  1.1844237e-06
9.751400437e+00  1.2013329e-06
9.756276137e+00  1.1051091e-06
9.761154275e+00  1.0252038e-06
9.766034852e+00  9.9989228e-07
9.770917870e+00  9.9937817e-07
9.775803329e+00  1.0572964e-06
9.780691230e+00  1.0600168e-06
9.785581576e+00  1.0034168e-06
9.790474367e+00  1.0249657e-06
9.795369604e+00  1.1435207e-06
9.800267289e+00  1.1589412e-06
9.805167422e+00  1.1619494e-06
9.810070006e+00  1.1610451e-06
9.814975041e+00  1.1546874e-06
9.819882528e+00  1.1585021e-06
9.824792470e+00  1.1204250e-06
9.829704866e+00  1.1238239e-06
9.834619718e+00  1.0650181e-06
9.839537028e+00  1.0097459e-06
9.844456797e+00  1.0688546e-06
9.849379025e+00  1.1347646e-06
9.854303715e+00  1.0830526e-06
9.859230867e+00  1.1218932e-06
9.864160482e+00  1.0848577e-06
9.869092562e+00  1.0782741e-06
9.874027109e+00  1.1225195e-06
9.878964122e+00  1.1189317e-06
9.883903604e+00  1.1146754e-06
9.888845556e+00  1.1050762e-06
9.893789979e+00  1.1121219e-06
9.898736874e+00  1.1039772e-06
9.903686242e+00  1.1081557e-06
9.908638085e+00  1.0973814e-06
9.913592404e+00  1.0565517e-06
9.918549200e+00  1.0720889e-06
9.923508475e+00  1.0111430e-06
9.928470229e+00  9.6948005e-07
9.933434464e+00  9.6047133e-07
9.938401182e+00  1.0100978e-06
9.943370382e+00  1.0755800e-06
9.948342067e+00  1.0727646e-06
9.953316238e+00  1.0732850e-06
9.958292897e+00  1.0695918e-06
9.963272043e+00  1.0157459e-06
9.968253679e+00  9.5569076e-07
9.973237806e+00  9.2525911e-07
9.978224425e+00  9.6013730e-07
9.983213537e+00  9.9122916e-07
9.988205144e+00  9.6853979e-07
9.993199246e+00  8.9719818e-07
9.998195846e+00  8.9900920e-07
1.000319494e+01  1.0204253e-06
1.000819654e+01  9.6774692e-07
1.001320064e+01  9.5811741e-07
1.001820724e+01  9.6820825e-07
1.002321634e+01  9.3002843e-07
1.002822795e+01  9.7370949e-07
1.003324207e+01  1.0075385e-06
1.003825869e+01  9.8744420e-07
1.004327782e+01  1.0166446e-06
1.004829946e+01  1.0124184e-06
1.005332360e+01  9.8758230e-07
1.005835027e+01  9.2962710e-07
1.006337944e+01  9.5898385e-07
1.006841113e+01  8.5893457e-07
1.007344534e+01  8.4081794e-07
1.007848206e+01  8.3972290e-07
1.008352130e+01  8.7903814e-07
1.008856306e+01  9.8265529e-07
1.009360734e+01  9.2735311e-07
1.009865415e+01  9.0324973e-07
1.010370347e+01  9.7739400e-07
1.010875533e+01  9.7515136e-07
1.011380970e+01  8.9894038e-07
1.011886661e+01  9.2170217e-07
1.012392604e+01  8.1971191e-07
1.012898800e+01  8.5014725e-07
1.013405250e+01  7.9914922e-07
1.013911952e+01  8.0554762e-07
1.014418908e+01  8.0717821e-07
1.014926118e+01  8.5376728e-07
1.015433581e+01  9.4884403e-07
1.015941298e+01  9.1494587e-07
1.016449268e+01  9.4261405e-07
1.016957493e+01  8.6283958e-07
1.017465972e+01  8.0014977e-07
1.017974705e+01  8.0213245e-07
1.018483692e+01  8.3039004e-07
1.018992934e+01  7.7683035e-07
1.019502430e+01  8.1983733e-07
1.020012182e+01  7.8516270e-07
1.020522188e+01  7.7279572e-07
1.021032449e+01  7.9527602e-07
1.021542965e+01  8.4912322e-07
1.022053737e+01  8.9679799e-07
1.022564763e+01  7.9827156e-07
1.023076046e+01  7.8418374e-07
1.023587584e+01  8.5953047e-07
1.024099378e+01  8.3371700e-07
1.024611427e+01  8.3867068e-07
1.025123733e+01  8.3620008e-07
1.025636295e+01  8.9228180e-07
1.026149113e+01  9.0027201e-07
1.026662188e+01  8.8894542e-07
1.027175519e+01  8.9435031e-07
1.027689106e+01  8.6559517e-07
1.028202951e+01  8.7836370e-07
1.028717052e+01  8.6362699e-07
1.029231411e+01  8.6702556e-07
1.029746027e+01  8.8086704e-07
1.030260900e+01  8.6362544e-07
1.030776030e+01  8.7601939e-07
1.031291418e+01  8.7066361e-07
1.031807064e+01  8.7302421e-07
1.032322967e+01  8.6565947e-07
1.032839129e+01  8.6329311e-07
1.033355548e+01  8.6040149e-07
1.033872226e+01  8.1545888e-07
1.034389162e+01  8.3354633e-07
1.034906357e+01  8.5341947e-07
1.035423810e+01  8.5364278e-07
1.035941522e+01  8.5038988e-07
1.036459493e+01  8.4349796e-07
1.036977722e+01  8.4294461e-07
1.037496211e+01  8.4049831e-07
1.038014959e+01  8.4209968e-07
1.038533967e+01  8.3100915e-07
1.039053234e+01  8.3469127e-07
1.039572761e+01  8.3225747e-07
1.040092547e+01  8.2333501e-07
1.040612593e+01  8.2946062e-07
1.041132899e+01  8.2852446e-07
1.041653466e+01  8.2184107e-07
1.042174293e+01  8.1839605e-07
1.042695380e+01  8.1805875e-07
1.043216728e+01  8.0940904e-07
1.043738336e+01  8.0130968e-07
1.044260205e+01  8.1271853e-07
1.044782335e+01  8.0999234e-07
1.045304726e+01  8.0296275e-07
1.045827379e+01  8.0354646e-07
1.046350292e+01  7.8252761e-07
1.046873468e+01  7.9632233e-07
1.047396904e+01  7.9923914e-07
1.047920603e+01  7.9664520e-07
1.048444563e+01  7.4516965e-07
1.048968785e+01  7.1404017e-07
1.049493270e+01  7.1812255e-07
1.050018016e+01  7.6800905e-07
1.050543025e+01  7.1456096e-07
1.051068297e+01  7.1288733e-07
1.051593831e+01  7.5516371e-07
1.052119628e+01  7.7656953e-07
1.052645688e+01  7.7448995e-07
1.053172011e+01  7.3886440e-07
1.053698597e+01  7.4453419e-07
1.054225446e+01  6.8862213e-07
1.054752559e+01  7.3464194e-07
1.055279935e+01  7.3418414e-07
1.055807575e+01  7.5756055e-07
1.056335479e+01  7.5992682e-07
1.056863646e+01  7.5599012e-07
1.057392078e+01  7.5380417e-07
1.057920774e+01  7.3724952e-07
1.058449735e+01  7.4315340e-07
1.058978959e+01  7.1984938e-07
1.059508449e+01  7.0773114e-07
1.060038203e+01  6.5620679e-07
1.060568222e+01  6.4078496e-07
1.061098506e+01  6.4808000e-07
1.061629056e+01  7.0970422e-07
1.062159870e+01  7.3542896e-07
1.062690950e+01  7.3170468e-07
1.063222296e+01  7.1350211e-07
1.063753907e+01  7.0321377e-07
1.064285784e+01  7.2184127e-07
1.064817927e+01  7.2599270e-07
1.065350336e+01  7.2060044e-07
1.065883011e+01  7.1439046e-07
1.066415952e+01  6.9739517e-07
1.066949160e+01  7.0618539e-07
1.067482635e+01  6.4837503e-07
1.068016376e+01  6.1592652e-07
1.068550384e+01  6.1525610e-07
1.069084659e+01  6.0724876e-07
1.069619202e+01  6.3385681e-07
1.070154011e+01  6.9926320e-07
1.070689088e+01  6.9894557e-07
1.071224433e+01  6.6196458e-07
1.071760045e+01  6.9540244e-07
1.072295925e+01  6.8569027e-07
1.072832073e+01  6.8581529e-07
1.073368489e+01  6.4067327e-07
1.073905173e+01  6.3025151e-07
1.074442126e+01  6.4863125e-07
1.074979347e+01  6.7736347e-07
1.075516837e+01  6.8137335e-07
1.076054595e+01  6.7352654e-07
1.076592622e+01  6.7196742e-07
1.077130919e+01  6.7656445e-07
1.077669484e+01  6.6686127e-07
1.078208319e+01  6.2706998e-07
1.078747423e+01  6.1640705e-07
1.079286797e+01  5.7792330e-07
1.079826440e+01  5.7036232e-07
1.080366353e+01  5.8910685e-07
1.080906537e+01  5.7272728e-07
1.081446990e+01  5.8199841e-07
1.081987713e+01  6.3199027e-07
1.082528707e+01  6.4691545e-07
1.083069972e+01  6.1076978e-07
1.083611507e+01  6.4697823e-07
1.084153312e+01  6.4755700e-07
1.084695389e+01  6.4712539e-07
1.085237737e+01  6.2848773e-07
1.085780356e+01  6.4374680e-07
1.086323246e+01  6.4286553e-07
1.086866407e+01  6.4495314e-07
1.087409841e+01  6.3848795e-07
1.087953545e+01  6.3936525e-07
1.088497522e+01  6.2869279e-07
1.089041771e+01  6.2901701e-07
1.089586292e+01  6.1248799e-07
1.090131085e+01  6.0173794e-07
1.090676151e+01  5.8363074e-07
1.091221489e+01  5.9233949e-07
1.091767099e+01  6.1088399e-07
1.092312983e+01  6.2307808e-07
1.092859139e+01  6.2404256e-07
1.093405569e+01  6.1995414e-07
1.093952272e+01  5.9960546e-07
1.094499248e+01  5.9632994e-07
1.095046498e+01  6.0856840e-07
1.095594021e+01  6.0896316e-07
1.096141818e+01  6.1167151e-07
1.096689889e+01  6.0662029e-07
1.097238234e+01  6.0495092e-07
1.097786853e+01  6.0516851e-07
1.098335746e+01  6.0318534e-07
1.098884914e+01  6.0368269e-07
1.099434357e+01  6.0262366e-07
1.099984074e+01  5.9856869e-07
1.100534066e+01  5.9804414e-07
1.101084333e+01  5.9653761e-07
1.101634875e+01  5.9449485e-07
1.102185692e+01  5.9296979e-07
1.102736785e+01  5.8768630e-07
1.103288154e+01  5.9073846e-07
1.103839798e+01  5.8680502e-07
1.104391718e+01  5.8414886e-07
1.104943913e+01  5.8459510e-07
1.105496385e+01  5.8372351e-07
1.106049134e+01  5.7947398e-07
1.106602158e+01  5.7706344e-07
1.107155459e+01  5.7791225e-07
1.107709037e+01  5.7496333e-07
1.108262892e+01  5.4463092e-07
1.108817023e+01  5.5034292e-07
1.109371431e+01  5.2087105e-07
1.109926117e+01  5.1204080e-07
1.110481080e+01  5.5365098e-07
1.111036321e+01  5.6548106e-07
1.111591839e+01  5.4950379e-07
1.112147635e+01  5.0276272e-07
1.112703709e+01  5.2739887e-07
1.113260061e+01  5.5351527e-07
1.113816691e+01  5.1006635e-07
1.114373599e+01  5.3052728e-07
1.114930786e+01  5.4562129e-07
1.115488251e+01  5.5038220e-07
1.116045995e+01  5.5213409e-07
1.116604018e+01  5.4895067e-07
1.117162320e+01  5.4737538e-07
1.117720901e+01  5.3532869e-07
1.118279762e+01  5.0974788e-07
1.118838902e+01  5.1665521e-07
1.119398321e+01  5.2786209e-07
1.119958020e+01  4.8903956e-07
1.120517999e+01  5.2655971e-07
1.121078258e+01  5.2464344e-07
1.121638797e+01  5.2001913e-07
1.122199617e+01  5.3408126e-07
1.122760717e+01  5.2262108e-07
1.123322097e+01  4.8848467e-07
1.123883758e+01  5.0671012e-07
1.124445700e+01  5.2615373e-07
1.125007923e+01  5.2465942e-07
1.125570427e+01  5.2428848e-07
1.126133212e+01  5.1876920e-07
1.126696279e+01  5.2096368e-07
1.127259627e+01  4.9847457e-07
1.127823257e+01  4.8493427e-07
1.128387168e+01  4.7875223e-07
1.128951362e+01  4.7820692e-07
1.129515837e+01  4.9489668e-07
1.130080595e+01  5.1248077e-07
1.130645636e+01  5.1037818e-07
1.131210958e+01  5.0477458e-07
1.131776564e+01  5.0750655e-07
1.132342452e+01  5.0559764e-07
1.132908623e+01  4.9648196e-07
1.133475078e+01  4.7287514e-07
1.134041815e+01  4.5767628e-07
1.134608836e+01  4.7883539e-07
1.135176141e+01  4.6472514e-07
1.135743729e+01  4.7011722e-07
1.136311601e+01  4.3605057e-07
1.136879756e+01  4.6929711e-07
1.137448196e+01  4.9149740e-07
1.138016920e+01  4.4929058e-07
1.138585929e+01  4.5049631e-07
1.139155222e+01  4.8287166e-07
1.139724799e+01  4.6818378e-07
1.140294662e+01  4.3287949e-07
1.140864809e+01  4.4114126e-07
1.141435242e+01  4.6995388e-07
1.142005959e+01  4.8100277e-07
1.142576962e+01  4.7932415e-07
1.143148251e+01  4.5920248e-07
1.143719825e+01  4.6319549e-07
1.144291685e+01  4.7737154e-07
1.144863831e+01  4.7525560e-07
1.145436262e+01  4.6934217e-07
1.146008981e+01  4.4108336e-07
1.146581985e+01  4.3818245e-07
1.147155276e+01  4.6167105e-07
1.147728854e+01  4.4186210e-07
1.148302718e+01  4.0676980e-07
1.148876869e+01  4.0021322e-07
1.149451308e+01  4.0057844e-07
1.150026034e+01  4.0381745e-07
1.150601047e+01  4.3779951e-07
1.151176347e+01  4.2568467e-07
1.151751935e+01  4.3701334e-07
1.152327811e+01  4.5624050e-07
1.152903975e+01  4.5509227e-07
1.153480427e+01  4.5340882e-07
1.154057167e+01  4.5112947e-07
1.154634196e+01  4.5073888e-07
1.155211513e+01  4.5172715e-07
1.155789119e+01  4.4738784e-07
1.156367013e+01  4.4603479e-07
1.156945197e+01  4.4711198e-07
1.157523669e+01  4.4043128e-07
1.158102431e+01  4.2964624e-07
1.158681482e+01  4.2223852e-07
1.159260823e+01  4.3697452e-07
1.159840454e+01  4.3721104e-07
1.160420374e+01  4.3927381e-07
1.161000584e+01  4.3648533e-07
1.161581084e+01  4.3819930e-07
1.162161875e+01  4.3275663e-07
1.162742956e+01  4.3525506e-07
1.163324327e+01  4.3398522e-07
1.163905989e+01  4.2871742e-07
1.164487942e+01  4.3066152e-07
1.165070186e+01  4.1773757e-07
1.165652722e+01  4.1130338e-07
1.166235548e+01  4.1456797e-07
1.166818666e+01  4.2096928e-07
1.167402075e+01  4.1459225e-07
1.167985776e+01  4.1384660e-07
1.168569769e+01  4.1076895e-07
1.169154054e+01  4.1937412e-07
1.169738631e+01  4.1336548e-07
1.170323500e+01  4.1632714e-07
1.170908662e+01  4.1562861e-07
1.171494116e+01  4.1183522e-07
1.172079863e+01  4.1212579e-07
1.172665903e+01  4.1245478e-07
1.173252236e+01  4.1067112e-07
1.173838862e+01  4.0806914e-07
1.174425782e+01  4.0506526e-07
1.175012995e+01  4.0721959e-07
1.175600501e+01  4.0825420e-07
1.176188301e+01  4.0533252e-07
1.176776396e+01  4.0604580e-07
1.177364784e+01  4.0300274e-07
1.177953466e+01  4.0007681e-07
1.178542443e+01  3.9952256e-07
1.179131714e+01  4.0029401e-07
1.179721280e+01  3.9124421e-07
1.180311141e+01  3.9402060e-07
1.180901296e+01  3.9647040e-07
1.181491747e+01  3.9303771e-07
1.182082493e+01  3.9412397e-07
1.182673534e+01  3.8286061e-07
1.183264871e+01  3.7784468e-07
1.183856503e+01  3.8379872e-07
1.184448431e+01  3.8881360e-07
1.185040656e+01  3.8860497e-07
1.185633176e+01  3.7389027e-07
1.186225992e+01  3.7140939e-07
1.186819105e+01  3.7501782e-07
1.187412515e+01  3.7616645e-07
1.188006221e+01  3.8226873e-07
1.188600224e+01  3.7983101e-07
1.189194525e+01  3.8006953e-07
1.189789122e+01  3.7768480e-07
1.190384016e+01  3.6321548e-07
1.190979208e+01  3.3648399e-07
1.191574698e+01  3.2668942e-07
1.192170485e+01  3.3263448e-07
1.192766571e+01  3.3160341e-07
1.193362954e+01  3.2153341e-07
1.193959635e+01  3.3454607e-07
1.194556615e+01  3.4983682e-07
1.195153893e+01  3.6374622e-07
1.195751470e+01  3.6777370e-07
1.196349346e+01  3.6547248e-07
1.196947521e+01  3.4524502e-07
1.197545995e+01  3.3373009e-07
1.198144768e+01  3.4935773e-07
1.198743840e+01  3.5640694e-07
1.199343212e+01  3.6254502e-07
1.199942883e+01  3.6090233e-07
1.200542855e+01  3.5553607e-07
1.201143126e+01  3.3251804e-07
1.201743698e+01  3.3629953e-07
1.202344570e+01  3.2964005e-07
1.202945742e+01  3.5264489e-07
1.203547215e+01  3.2867359e-07
1.204148988e+01  3.4714282e-07
1.204751063e+01  3.3943264e-07
1.205353439e+01  3.4269626e-07
1.205956115e+01  3.4762921e-07
1.206559093e+01  3.5103438e-07
1.207162373e+01  3.4661622e-07
1.207765954e+01  3.4802236e-07
1.208369837e+01  3.4757660e-07
1.208974022e+01  3.4649719e-07
1.209578509e+01  3.4342394e-07
1.210183298e+01  3.4202629e-07
1.210788390e+01  3.4214028e-07
1.211393784e+01  3.3843083e-07
1.211999481e+01  3.2158712e-07
1.212605481e+01  3.1018851e-07
1.213211783e+01  3.1267035e-07
1.213818389e+01  3.3217667e-07
1.214425298e+01  3.3627442e-07
1.215032511e+01  3.3570536e-07
1.215640027e+01  3.2792207e-07
1.216247847e+01  3.0684762e-07
1.216855971e+01  3.0310223e-07
1.217464399e+01  3.1808501e-07
1.218073132e+01  2.9978518e-07
1.218682168e+01  3.1806365e-07
1.219291509e+01  3.2888444e-07
1.219901155e+01  3.1834245e-07
1.220511105e+01  3.1163893e-07
1.221121361e+01  2.9293530e-07
1.221731922e+01  2.9685998e-07
1.222342788e+01  3.0750584e-07
1.222953959e+01  3.2219366e-07
1.223565436e+01  3.2262630e-07
1.224177219e+01  3.2189786e-07
1.224789307e+01  3.2191727e-07
1.225401702e+01  3.1717051e-07
1.226014403e+01  3.1795196e-07
1.226627410e+01  3.1662333e-07
1.227240724e+01  3.1663154e-07
1.227854344e+01  3.1549983e-07
1.228468271e+01  3.0447891e-07
1.229082505e+01  3.0270471e-07
1.229697047e+01  2.9407613e-07
1.230311895e+01  2.7910266e-07
1.230927051e+01  2.7589280e-07
1.231542515e+01  2.7350805e-07
1.232158286e+01  2.7361493e-07
1.232774365e+01  2.7497736e-07
1.233390752e+01  2.8130042e-07
1.234007448e+01  2.9252475e-07
1.234624451e+01  2.9930142e-07
1.235241764e+01  3.0075123e-07
1.235859385e+01  3.0450624e-07
1.236477314e+01  3.0057032e-07
1.237095553e+01  3.0266538e-07
1.237714101e+01  3.0271260e-07
1.238332958e+01  2.9925104e-07
1.238952124e+01  2.9795343e-07
1.239571600e+01  2.9537468e-07
1.240191386e+01  2.9845662e-07
1.240811482e+01  2.9548124e-07
1.241431887e+01  2.9090248e-07
1.242052603e+01  2.9141073e-07
1.242673630e+01  2.9470383e-07
1.243294967e+01  2.9210229e-07
1.243916614e+01  2.9191237e-07
1.244538572e+01  2.9112271e-07
1.245160842e+01  2.9142783e-07
1.245783422e+01  2.8924249e-07
1.246406314e+01  2.8377775e-07
1.247029517e+01  2.7067336e-07
1.247653032e+01  2.7898680e-07
1.248276858e+01  2.8361877e-07
1.248900997e+01  2.8507825e-07
1.249525447e+01  2.8354601e-07
1.250150210e+01  2.8453749e-07
1.250775285e+01  2.8115309e-07
1.251400673e+01  2.8281285e-07
1.252026373e+01  2.8091131e-07
1.252652386e+01  2.8073179e-07
1.253278712e+01  2.7774675e-07
1.253905352e+01  2.7575247e-07
1.254532304e+01  2.7777999e-07
1.255159570e+01  2.7740703e-07
1.255787150e+01  2.7194007e-07
1.256415044e+01  2.7083110e-07
1.257043251e+01  2.7483288e-07
1.257671773e+01  2.7532123e-07
1.258300609e+01  2.7123917e-07
1.258929759e+01  2.7084487e-07
1.259559224e+01  2.7233276e-07
1.260189004e+01  2.7003936e-07
1.260819098e+01  2.7019786e-07
1.261449508e+01  2.7049814e-07
1.262080232e+01  2.6832021e-07
1.262711273e+01  2.6698212e-07
1.263342628e+01  2.6830197e-07
1.263974300e+01  2.6720240e-07
1.264606287e+01  2.6520002e-07
1.265238590e+01  2.5865179e-07
1.265871209e+01  2.5321627e-07
1.266504145e+01  2.6006673e-07
1.267137397e+01  2.6247278e-07
1.267770965e+01  2.6226639e-07
1.268404851e+01  2.5816119e-07
1.269039053e+01  2.5771517e-07
1.269673573e+01  2.5314305e-07
1.270308410e+01  2.5698398e-07
1.270943564e+01  2.5866982e-07
1.271579036e+01  2.5744845e-07
1.272214825e+01  2.5574472e-07
1.272850933e+01  2.5587292e-07
1.273487358e+01  2.5512215e-07
1.274124102e+01  2.5513054e-07
1.274761164e+01  2.5403817e-07
1.275398544e+01  2.5319682e-07
1.276036244e+01  2.5259256e-07
1.276674262e+01  2.5128645e-07
1.277312599e+01  2.4232188e-07
1.277951255e+01  2.3260639e-07
1.278590231e+01  2.2465064e-07
1.279229526e+01  2.3544794e-07
1.279869141e+01  2.3166927e-07
1.280509075e+01  2.4504499e-07
1.281149330e+01  2.4587649e-07
1.281789905e+01  2.3959624e-07
1.282430799e+01  2.3578503e-07
1.283072015e+01  2.1781109e-07
1.283713551e+01  2.3748551e-07
1.284355408e+01  2.3753965e-07
1.284997585e+01  2.2402856e-07
1.285640084e+01  2.3680185e-07
1.286282904e+01  2.3677860e-07
1.286926046e+01  2.2834523e-07
1.287569509e+01  2.1795673e-07
1.288213293e+01  2.3439369e-07
1.288857400e+01  2.2866576e-07
1.289501829e+01  2.1246713e-07
1.290146580e+01  2.1996681e-07
1.290791653e+01  2.1589106e-07
1.291437049e+01  2.1524902e-07
1.292082767e+01  2.3185260e-07
1.292728809e+01  2.3298551e-07
1.293375173e+01  2.3258150e-07
1.294021861e+01  2.3241047e-07
1.294668872e+01  2.3113244e-07
1.295316206e+01  2.2559621e-07
1.295963864e+01  2.1191070e-07
1.296611846e+01  2.1593472e-07
1.297260152e+01  2.2747733e-07
1.297908782e+01  2.2661525e-07
1.298557736e+01  2.1890987e-07
1.299207015e+01  2.1809709e-07
1.299856619e+01  2.2166235e-07
1.300506547e+01  2.2503837e-07
1.301156800e+01  2.2596533e-07
1.301807379e+01  2.2357724e-07
1.302458283e+01  2.2157286e-07
1.303109512e+01  2.2074527e-07
1.303761066e+01  2.2235463e-07
1.304412947e+01  2.2254065e-07
1.305065153e+01  2.2120879e-07
1.305717686e+01  2.2080280e-07
1.306370545e+01  2.1942452e-07
1.307023730e+01  2.1891525e-07
1.307677242e+01  2.1800783e-07
1.308331081e+01  2.1656172e-07
1.308985246e+01  2.1238536e-07
1.309639739e+01  2.1251410e-07
1.310294559e+01  2.1478274e-07
1.310949706e+01  2.1615598e-07
1.311605181e+01  2.1362562e-07
1.312260983e+01  2.1180786e-07
1.312917114e+01  2.1388609e-07
1.313573572e+01  2.1307327e-07
1.314230359e+01  2.0887450e-07
1.314887474e+01  2.1038390e-07
1.315544918e+01  2.1166713e-07
1.316202691e+01  2.1064371e-07
1.316860792e+01  2.0740546e-07
1.317519222e+01  2.0888495e-07
1.318177982e+01  2.0870724e-07
1.318837071e+01  2.0800952e-07
1.319496489e+01  2.0682964e-07
1.320156238e+01  2.0646385e-07
1.320816316e+01  2.0631663e-07
1.321476724e+01  2.0529424e-07
1.322137462e+01  2.0528192e-07
1.322798531e+01  2.0459333e-07
1.323459930e+01  2.0321427e-07
1.324121660e+01  2.0285836e-07
1.324783721e+01  2.0188418e-07
1.325446113e+01  2.0150433e-07
1.326108836e+01  2.0125934e-07
1.326771890e+01  2.0092265e-07
1.327435276e+01  1.9984947e-07
1.328098994e+01  1.9729551e-07
1.328763044e+01  1.9866899e-07
1.329427425e+01  1.9856398e-07
1.330092139e+01  1.9626063e-07
1.330757185e+01  1.9748483e-07
1.331422563e+01  1.9568409e-07
1.332088275e+01  1.9357205e-07
1.332754319e+01  1.9429469e-07
1.333420696e+01  1.9572410e-07
1.334087406e+01  1.9487698e-07
1.334754450e+01  1.9351390e-07
1.335421827e+01  1.9199421e-07
1.336089538e+01  1.9018438e-07
1.336757583e+01  1.8976153e-07
1.337425962e+01  1.9008135e-07
1.338094675e+01  1.9080503e-07
1.338763722e+01  1.9100535e-07
1.339433104e+01  1.9025498e-07
1.340102820e+01  1.8889341e-07
1.340772872e+01  1.8619197e-07
1.341443258e+01  1.8626787e-07
1.342113980e+01  1.8714202e-07
1.342785037e+01  1.8611613e-07
1.343456429e+01  1.8393293e-07
1.344128158e+01  1.8361694e-07
1.344800222e+01  1.8433570e-07
1.345472622e+01  1.8477536e-07
1.346145358e+01  1.8178926e-07
1.346818431e+01  1.8228655e-07
1.347491840e+01  1.8243681e-07
1.348165586e+01  1.8133494e-07
1.348839669e+01  1.8204935e-07
1.349514089e+01  1.8151846e-07
1.350188846e+01  1.8186226e-07
1.350863940e+01  1.8116939e-07
1.351539372e+01  1.8032642e-07
1.352215142e+01  1.7786971e-07
1.352891249e+01  1.7754284e-07
1.353567695e+01  1.7638201e-07
1.354244479e+01  1.7759408e-07
1.354921601e+01  1.7601320e-07
1.355599062e+01  1.7733029e-07
1.356276861e+01  1.7682389e-07
1.356955000e+01  1.7649654e-07
1.357633477e+01  1.7624813e-07
1.358312294e+01  1.7565323e-07
1.358991450e+01  1.7363273e-07
1.359670946e+01  1.7223394e-07
1.360350781e+01  1.7391260e-07
1.361030957e+01  1.7336226e-07
1.361711472e+01  1.7235455e-07
1.362392328e+01  1.7169827e-07
1.363073524e+01  1.7165244e-07
1.363755061e+01  1.7048110e-07
1.364436938e+01  1.7052728e-07
1.365119157e+01  1.7028366e-07
1.365801716e+01  1.6985149e-07
1.366484617e+01  1.6919449e-07
1.367167860e+01  1.6796013e-07
1.367851444e+01  1.6617340e-07
1.368535369e+01  1.6762917e-07
1.369219637e+01  1.6621595e-07
1.369904247e+01  1.6456619e-07
1.370589199e+01  1.6546171e-07
1.371274494e+01  1.6406386e-07
1.371960131e+01  1.6279304e-07
1.372646111e+01  1.6349003e-07
1.373332434e+01  1.6400844e-07
1.374019100e+01  1.6345896e-07
1.374706110e+01  1.6082223e-07
1.375393463e+01  1.6033325e-07
1.376081159e+01  1.6019625e-07
1.376769200e+01  1.6022502e-07
1.377457585e+01  1.6144305e-07
1.378146313e+01  1.6140437e-07
1.378835387e+01  1.6081398e-07
1.379524804e+01  1.5993139e-07
1.380214567e+01  1.5942005e-07
1.380904674e+01  1.5790571e-07
1.381595126e+01  1.5685820e-07
1.382285924e+01  1.5598209e-07
1.382977067e+01  1.5583784e-07
1.383668555e+01  1.5608596e-07
1.384360390e+01  1.5405101e-07
1.385052570e+01  1.5397371e-07
1.385745096e+01  1.5458970e-07
1.386437969e+01  1.5560644e-07
1.387131188e+01  1.5538471e-07
1.387824753e+01  1.5426908e-07
1.388518666e+01  1.5371854e-07
1.389212925e+01  1.5387643e-07
1.389907531e+01  1.5317164e-07
1.390602485e+01  1.5158633e-07
1.391297786e+01  1.5259482e-07
1.391993435e+01  1.5211147e-07
1.392689432e+01  1.5141355e-07
1.393385777e+01  1.5072405e-07
1.394082470e+01  1.4805889e-07
1.394779511e+01  1.4816101e-07
1.395476901e+01  1.4888137e-07
1.396174639e+01  1.4863421e-07
1.396872726e+01  1.4824523e-07
1.397571163e+01  1.4555306e-07
1.398269948e+01  1.4586391e-07
1.398969083e+01  1.4702727e-07
1.399668568e+01  1.4576512e-07
1.400368402e+01  1.4558029e-07
1.401068586e+01  1.4463412e-07
1.401769121e+01  1.4429212e-07
1.402470005e+01  1.4511392e-07
1.403171240e+01  1.4505140e-07
1.403872826e+01  1.4440251e-07
1.404574762e+01  1.4385967e-07
1.405277050e+01  1.4331254e-07
1.405979688e+01  1.4303451e-07
1.406682678e+01  1.4271615e-07
1.407386019e+01  1.4160766e-07
1.408089712e+01  1.4044809e-07
1.408793757e+01  1.4182229e-07
1.409498154e+01  1.4117584e-07
1.410202903e+01  1.4016098e-07
1.410908005e+01  1.3838469e-07
1.411613459e+01  1.3911061e-07
1.412319265e+01  1.3937989e-07
1.413025425e+01  1.3882940e-07
1.413731938e+01  1.3867376e-07
1.414438804e+01  1.3744757e-07
1.415146023e+01  1.3563538e-07
1.415853596e+01  1.3532444e-07
1.416561523e+01  1.3536004e-07
1.417269804e+01  1.3609411e-07
1.417978439e+01  1.3550281e-07
1.418687428e+01  1.3395211e-07
1.419396771e+01  1.3285957e-07
1.420106470e+01  1.3334850e-07
1.420816523e+01  1.3341093e-07
1.421526931e+01  1.3359464e-07
1.422237695e+01  1.3145240e-07
1.422948814e+01  1.3172437e-07
1.423660288e+01  1.3074131e-07
1.424372118e+01  1.3095631e-07
1.425084304e+01  1.3196217e-07
1.425796846e+01  1.3177574e-07
1.426509745e+01  1.3183626e-07
1.427223000e+01  1.3146085e-07
1.427936611e+01  1.3107603e-07
1.428650580e+01  1.3039770e-07
1.429364905e+01  1.2999836e-07
1.430079587e+01  1.2928814e-07
1.430794627e+01  1.2918532e-07
1.431510024e+01  1.2726192e-07
1.432225779e+01  1.2633711e-07
1.432941892e+01  1.2589845e-07
1.433658363e+01  1.2640564e-07
1.434375192e+01  1.2707140e-07
1.435092380e+01  1.2670280e-07
1.435809926e+01  1.2638764e-07
1.436527831e+01  1.2577888e-07
1.437246095e+01  1.2363507e-07
1.437964718e+01  1.2403124e-07
1.438683700e+01  1.2368128e-07
1.439403042e+01  1.2275827e-07
1.440122744e+01  1.2342829e-07
1.440842805e+01  1.2232107e-07
1.441563227e+01  1.2194288e-07
1.442284008e+01  1.2239466e-07
1.443005150e+01  1.2266550e-07
1.443726653e+01  1.2207175e-07
1.444448516e+01  1.2051055e-07
1.445170740e+01  1.1957318e-07
1.445893326e+01  1.1945394e-07
1.446616272e+01  1.2016036e-07
1.447339581e+01  1.2007211e-07
1.448063250e+01  1.1870480e-07
1.448787282e+01  1.1851997e-07
1.449511676e+01  1.1885429e-07
1.450236431e+01  1.1809407e-07
1.450961550e+01  1.1834322e-07
1.451687030e+01  1.1702937e-07
1.452412874e+01  1.1683213e-07
1.453139080e+01  1.1666291e-07
1.453865650e+01  1.1624497e-07
1.454592583e+01  1.1656474e-07
1.455319879e+01  1.1693748e-07
1.456047539e+01  1.1656322e-07
1.456775563e+01  1.1530759e-07
1.457503951e+01  1.1416144e-07
1.458232703e+01  1.1395855e-07
1.458961819e+01  1.1319907e-07
1.459691300e+01  1.1380368e-07
1.460421145e+01  1.1438292e-07
1.461151356e+01  1.1413903e-07
1.461881932e+01  1.1297982e-07
1.462612873e+01  1.1151299e-07
1.463344179e+01  1.1100912e-07
1.464075851e+01  1.1066582e-07
1.464807889e+01  1.1134496e-07
1.465540293e+01  1.1132333e-07
1.466273063e+01  1.1103788e-07
1.467006200e+01  1.1012541e-07
1.467739703e+01  1.1011270e-07
1.468473573e+01  1.0953392e-07
1.469207809e+01  1.1011767e-07
1.469942413e+01  1.0884526e-07
1.470677385e+01  1.0936749e-07
1.471412723e+01  1.0914769e-07
1.472148430e+01  1.0917852e-07
1.472884504e+01  1.0902078e-07
1.473620946e+01  1.0888908e-07
1.474357757e+01  1.0812535e-07
1.475094935e+01  1.0821638e-07
1.475832483e+01  1.0776667e-07
1.476570399e+01  1.0643818e-07
1.477308684e+01  1.0537751e-07
1.478047339e+01  1.0470760e-07
1.478786362e+01  1.0448547e-07
1.479525756e+01  1.0507287e-07
1.480265518e+01  1.0532364e-07
1.481005651e+01  1.0394327e-07
1.481746154e+01  1.0328054e-07
1.482487027e+01  1.0344843e-07
1.483228271e+01  1.0328532e-07
1.483969885e+01  1.0337084e-07
1.484711870e+01  1.0282164e-07
1.485454226e+01  1.0245426e-07
1.486196953e+01  1.0162383e-07
1.486940051e+01  1.0085991e-07
1.487683521e+01  1.0163152e-07
1.488427363e+01  1.0082648e-07
1.489171577e+01  1.0122882e-07
1.489916162e+01  1.0101660e-07
1.490661121e+01  1.0034651e-07
1.491406451e+01  1.0013359e-07
1.492152154e+01  1.0053985e-07
1.492898230e+01  1.0058177e-07
1.493644680e+01  1.0011915e-07
1.494391502e+01  9.9980507e-08
1.495138698e+01  9.9461569e-08
1.495886267e+01  9.8610759e-08
1.496634210e+01  9.7768427e-08
1.497382527e+01  9.7461666e-08
1.498131218e+01  9.6851917e-08
1.498880284e+01  9.6689679e-08
1.499629724e+01  9.6757694e-08
1.500379539e+01  9.7129254e-08
1.501129729e+01  9.7169006e-08
1.501880294e+01  9.6509368e-08
1.502631234e+01  9.5422152e-08
1.503382549e+01  9.4647688e-08
1.504134241e+01  9.4921283e-08
1.504886308e+01  9.4532584e-08
1.505638751e+01  9.5459272e-08
1.506391570e+01  9.5482081e-08
1.507144766e+01  9.4796439e-08
1.507898339e+01  9.3475359e-08
1.508652288e+01  9.3289944e-08
1.509406614e+01  9.4069909e-08
1.510161317e+01  9.3450950e-08
1.510916398e+01  9.3812382e-08
1.511671856e+01  9.3283948e-08
1.512427692e+01  9.2497067e-08
1.513183906e+01  9.1898450e-08
1.513940498e+01  9.1891624e-08
1.514697468e+01  9.1876260e-08
1.515454817e+01  9.0746201e-08
1.516212544e+01  9.1057042e-08
1.516970650e+01  9.1174627e-08
1.517729136e+01  8.9533148e-08
1.518488000e+01  9.0235369e-08
1.519247244e+01  9.0540335e-08
1.520006868e+01  9.0581055e-08
1.520766871e+01  9.0410293e-08
1.521527255e+01  9.0108424e-08
1.522288018e+01  8.9834295e-08
1.523049162e+01  8.9344488e-08
1.523810687e+01  8.8170268e-08
1.524572592e+01  8.8006062e-08
1.525334879e+01  8.8518436e-08
1.526097546e+01  8.8697083e-08
1.526860595e+01  8.8439820e-08
1.527624025e+01  8.7875072e-08
1.528387837e+01  8.7539382e-08
1.529152031e+01  8.7545070e-08
1.529916607e+01  8.7077099e-08
1.530681565e+01  8.6203483e-08
1.531446906e+01  8.5448766e-08
1.532212630e+01  8.5245507e-08
1.532978736e+01  8.5258349e-08
1.533745225e+01  8.5089925e-08
1.534512098e+01  8.5151270e-08
1.535279354e+01  8.5182337e-08
1.536046994e+01  8.4298161e-08
1.536815017e+01  8.3486600e-08
1.537583425e+01  8.4052345e-08
1.538352216e+01  8.3795086e-08
1.539121393e+01  8.3614954e-08
1.539890953e+01  8.2294499e-08
1.540660899e+01  8.2761375e-08
1.541431229e+01  8.1973424e-08
1.542201945e+01  8.1734013e-08
1.542973046e+01  8.1931875e-08
1.543744532e+01  8.1143017e-08
1.544516405e+01  8.1014704e-08
1.545288663e+01  8.1450482e-08
1.546061307e+01  8.1173928e-08
1.546834338e+01  8.0288617e-08
1.547607755e+01  8.0660878e-08
1.548381559e+01  8.0673627e-08
1.549155750e+01  8.0847728e-08
1.549930327e+01  8.0783462e-08
1.550705293e+01  7.9707409e-08
1.551480645e+01  7.9340116e-08
1.552256386e+01  7.9762494e-08
1.553032514e+01  7.9203692e-08
1.553809030e+01  7.7904155e-08
1.554585934e+01  7.9119603e-08
1.555363227e+01  7.7354228e-08
1.556140909e+01  7.7532547e-08
1.556918980e+01  7.7159147e-08
1.557697439e+01  7.7846620e-08
1.558476288e+01  7.7490474e-08
1.559255526e+01  7.6894301e-08
1.560035154e+01  7.7214911e-08
1.560815171e+01  7.6777711e-08
1.561595579e+01  7.6196575e-08
1.562376377e+01  7.6067847e-08
1.563157565e+01  7.5534257e-08
1.563939144e+01  7.5586499e-08
1.564721113e+01  7.5982303e-08
1.565503474e+01  7.5695935e-08
1.566286225e+01  7.5390755e-08
1.567069369e+01  7.5756719e-08
1.567852903e+01  7.5254426e-08
1.568636830e+01  7.4930564e-08
1.569421148e+01  7.4777351e-08
1.570205859e+01  7.4020044e-08
1.570990962e+01  7.3602075e-08
1.571776457e+01  7.2917771e-08
1.572562345e+01  7.2995729e-08
1.573348626e+01  7.2793122e-08
1.574135301e+01  7.2106675e-08
1.574922368e+01  7.2005034e-08
1.575709830e+01  7.2253851e-08
1.576497685e+01  7.2086241e-08
1.577285933e+01  7.2216056e-08
1.578074576e+01  7.1963916e-08
1.578863614e+01  7.1220626e-08
1.579653045e+01  7.1139939e-08
1.580442872e+01  7.1834531e-08
1.581233093e+01  7.1646390e-08
1.582023710e+01  7.0633187e-08
1.582814722e+01  7.0534249e-08
1.583606129e+01  7.0830391e-08
1.584397932e+01  7.0184037e-08
1.585190131e+01  6.9406006e-08
1.585982726e+01  6.9682533e-08
1.586775718e+01  7.0096459e-08
1.587569105e+01  6.9968976e-08
1.588362890e+01  7.0049557e-08
1.589157071e+01  6.9756593e-08
1.589951650e+01  6.9378889e-08
1.590746626e+01  6.9387340e-08
1.591541999e+01  6.9283925e-08
1.592337770e+01  6.8498368e-08
1.593133939e+01  6.8660755e-08
1.593930506e+01  6.8426170e-08
1.594727471e+01  6.7847409e-08
1.595524835e+01  6.7303985e-08
1.596322597e+01  6.6660759e-08
1.597120759e+01  6.6837160e-08
1.597919319e+01  6.6628239e-08
1.598718279e+01  6.5951372e-08
1.599517638e+01  6.6066030e-08
1.600317397e+01  6.5705929e-08
1.601117555e+01  6.6108397e-08
1.601918114e+01  6.6188638e-08
1.602719073e+01  6.5873188e-08
1.603520433e+01  6.5076554e-08
1.604322193e+01  6.4792636e-08
1.605124354e+01  6.5246807e-08
1.605926916e+01  6.4835865e-08
1.606729880e+01  6.4753657e-08
1.607533245e+01  6.4885630e-08
1.608337011e+01  6.4302512e-08
1.609141180e+01  6.3413068e-08
1.609945750e+01  6.4973093e-08
1.610750723e+01  6.3372574e-08
1.611556099e+01  6.3208521e-08
1.612361877e+01  6.3217043e-08
1.613168058e+01  6.3129223e-08
1.613974642e+01  6.3167985e-08
1.614781629e+01  6.2717749e-08
1.615589020e+01  6.3188844e-08
1.616396814e+01  6.2732850e-08
1.617205013e+01  6.2699572e-08
1.618013615e+01  6.2494860e-08
1.618822622e+01  6.2315658e-08
1.619632033e+01  6.1856539e-08
1.620441849e+01  6.1253864e-08
1.621252070e+01  6.0764008e-08
1.622062696e+01  6.0682565e-08
1.622873728e+01  6.0868859e-08
1.623685165e+01  6.0551308e-08
1.624497007e+01  6.0514438e-08
1.625309256e+01  6.0088313e-08
1.626121910e+01  5.9738895e-08
1.626934971e+01  6.0175853e-08
1.627748439e+01  6.0386367e-08
1.628562313e+01  6.0223120e-08
1.629376594e+01  5.9642739e-08
1.630191282e+01  5.8819848e-08
1.631006378e+01  5.9349535e-08
1.631821881e+01  5.8631473e-08
1.632637792e+01  5.9047393e-08
1.633454111e+01  5.9231916e-08
1.634270838e+01  5.9041310e-08
1.635087973e+01  5.8718315e-08
1.635905517e+01  5.8370760e-08
1.636723470e+01  5.7893411e-08
1.637541832e+01  5.7688156e-08
1.638360603e+01  5.7090060e-08
1.639179783e+01  5.7316898e-08
1.639999373e+01  5.7148255e-08
1.640819373e+01  5.7294807e-08
1.641639782e+01  5.6834139e-08
1.642460602e+01  5.6151530e-08
1.643281833e+01  5.7039864e-08
1.644103474e+01  5.6185684e-08
1.644925525e+01  5.5932824e-08
1.645747988e+01  5.5894818e-08
1.646570862e+01  5.5869533e-08
1.647394147e+01  5.5375336e-08
1.648217845e+01  5.5486473e-08
1.649041953e+01  5.5043605e-08
1.649866474e+01  5.5113248e-08
1.650691408e+01  5.5525787e-08
1.651516753e+01  5.5348716e-08
1.652342512e+01  5.5289609e-08
1.653168683e+01  5.4779788e-08
1.653995267e+01  5.5130905e-08
1.654822265e+01  5.4977502e-08
1.655649676e+01  5.4420089e-08
1.656477501e+01  5.4079418e-08
1.657305740e+01  5.3647879e-08
1.658134393e+01  5.3477060e-08
1.658963460e+01  5.2988788e-08
1.659792942e+01  5.3080880e-08
1.660622838e+01  5.3141143e-08
1.661453149e+01  5.2882489e-08
1.662283876e+01  5.2733143e-08
1.663115018e+01  5.2780386e-08
1.663946575e+01  5.2734782e-08
1.664778549e+01  5.1702988e-08
1.665610938e+01  5.2163234e-08
1.666443743e+01  5.2390591e-08
1.667276965e+01  5.2353549e-08
1.668110604e+01  5.2204058e-08
1.668944659e+01  5.1922865e-08
1.669779131e+01  5.1638360e-08
1.670614021e+01  5.0750958e-08
1.671449328e+01  5.1283078e-08
1.672285053e+01  5.0869396e-08
1.673121195e+01  5.1031641e-08
1.673957756e+01  5.0984612e-08
1.674794735e+01  5.0584029e-08
1.675632132e+01  5.0707509e-08
1.676469948e+01  5.0985252e-08
1.677308183e+01  5.0770789e-08
1.678146837e+01  5.0702718e-08
1.678985911e+01  5.0337013e-08
1.679825404e+01  5.0241948e-08
1.680665316e+01  4.9939291e-08
1.681505649e+01  4.9359447e-08
1.682346402e+01  4.8888507e-08
1.683187575e+01  4.9365079e-08
1.684029169e+01  4.9515088e-08
1.684871183e+01  4.8885697e-08
1.685713619e+01  4.8614987e-08
1.686556476e+01  4.8688737e-08
1.687399754e+01  4.8487200e-08
1.688243454e+01  4.8470922e-08
1.689087576e+01  4.8389640e-08
1.689932119e+01  4.8365826e-08
1.690777085e+01  4.7979219e-08
1.691622474e+01  4.8138109e-08
1.692468285e+01  4.7274425e-08
1.693314519e+01  4.7674955e-08
1.694161177e+01  4.7722618e-08
1.695008257e+01  4.7471693e-08
1.695855761e+01  4.6950845e-08
1.696703689e+01  4.6569162e-08
1.697552041e+01  4.6392271e-08
1.698400817e+01  4.6237390e-08
1.699250017e+01  4.6391703e-08
1.700099642e+01  4.6456181e-08
1.700949692e+01  4.6638682e-08
1.701800167e+01  4.6531988e-08
1.702651067e+01  4.6239780e-08
1.703502393e+01  4.5693864e-08
1.704354144e+01  4.5944777e-08
1.705206321e+01  4.5942309e-08
1.706058924e+01  4.5589088e-08
1.706911954e+01  4.4924780e-08
1.707765410e+01  4.4901590e-08
1.708619292e+01  4.4620576e-08
1.709473602e+01  4.4434091e-08
1.710328339e+01  4.5233993e-08
1.711183503e+01  4.4150636e-08
1.712039095e+01  4.4147483e-08
1.712895114e+01  4.4309139e-08
1.713751562e+01  4.4372778e-08
1.714608438e+01  4.4431033e-08
1.715465742e+01  4.4237700e-08
1.716323475e+01  4.4290694e-08
1.717181636e+01  4.3918341e-08
1.718040227e+01  4.3465380e-08
1.718899247e+01  4.3460392e-08
1.719758697e+01  4.3260169e-08
1.720618576e+01  4.3000341e-08
1.721478886e+01  4.3268512e-08
1.722339625e+01  4.2585135e-08
1.723200795e+01  4.2814370e-08
1.724062395e+01  4.3001257e-08
1.724924426e+01  4.2945424e-08
1.725786889e+01  4.2528550e-08
1.726649782e+01  4.2537432e-08
1.727513107e+01  4.2510102e-08
1.728376864e+01  4.2134264e-08
1.729241052e+01  4.1571333e-08
1.730105672e+01  4.1413039e-08
1.730970725e+01  4.1792762e-08
1.731836211e+01  4.1325089e-08
1.732702129e+01  4.1308881e-08
1.733568480e+01  4.1276338e-08
1.734435264e+01  4.1012735e-08
1.735302482e+01  4.0541876e-08
1.736170133e+01  4.1063742e-08
1.737038218e+01  4.0551983e-08
1.737906737e+01  4.0291163e-08
1.738775691e+01  4.0361561e-08
1.739645078e+01  4.0050654e-08
1.740514901e+01  4.0260283e-08
1.741385158e+01  4.0430925e-08
1.742255851e+01  4.0428752e-08
1.743126979e+01  4.0141291e-08
1.743998542e+01  3.9956231e-08
1.744870542e+01  3.9846603e-08
1.745742977e+01  3.9761996e-08
1.746615848e+01  3.9798837e-08
1.747489156e+01  3.9544620e-08
1.748362901e+01  3.9218439e-08
1.749237082e+01  3.9106956e-08
1.750111701e+01  3.9077681e-08
1.750986757e+01  3.8992242e-08
1.751862250e+01  3.8738342e-08
1.752738181e+01  3.8661430e-08
1.753614550e+01  3.8830408e-08
1.754491358e+01  3.8876665e-08
1.755368603e+01  3.8481213e-08
1.756246288e+01  3.8300924e-08
1.757124411e+01  3.8246225e-08
1.758002973e+01  3.7780145e-08
1.758881974e+01  3.7778630e-08
1.759761415e+01  3.7518870e-08
1.760641296e+01  3.7573976e-08
1.761521617e+01  3.7689186e-08
1.762402378e+01  3.7708063e-08
1.763283579e+01  3.7394020e-08
1.764165221e+01  3.7354042e-08
1.765047303e+01  3.7304443e-08
1.765929827e+01  3.6755839e-08
1.766812792e+01  3.6923484e-08
1.767696198e+01  3.6512391e-08
1.768580046e+01  3.6701859e-08
1.769464336e+01  3.6120688e-08
1.770349068e+01  3.6962822e-08
1.771234243e+01  3.6022466e-08
1.772119860e+01  3.6338546e-08
1.773005920e+01  3.6454794e-08
1.773892423e+01  3.6369778e-08
1.774779369e+01  3.6092059e-08
1.775666759e+01  3.6048536e-08
1.776554592e+01  3.6051006e-08
1.777442870e+01  3.5664678e-08
1.778331591e+01  3.5784090e-08
1.779220757e+01  3.5198964e-08
1.780110367e+01  3.5233245e-08
1.781000422e+01  3.5086043e-08
1.781890923e+01  3.4876202e-08
1.782781868e+01  3.4823717e-08
1.783673259e+01  3.4914153e-08
1.784565096e+01  3.4942197e-08
1.785457378e+01  3.4531085e-08
1.786350107e+01  3.4660524e-08
1.787243282e+01  3.4765448e-08
1.788136903e+01  3.4604818e-08
1.789030972e+01  3.4399715e-08
1.789925487e+01  3.4069117e-08
1.790820450e+01  3.3876697e-08
1.791715860e+01  3.4008202e-08
1.792611718e+01  3.3560206e-08
1.793508024e+01  3.3623916e-08
1.794404778e+01  3.3827036e-08
1.795301981e+01  3.3829521e-08
1.796199632e+01  3.3855184e-08
1.797097731e+01  3.3709247e-08
1.797996280e+01  3.3659011e-08
1.798895278e+01  3.3586089e-08
1.799794726e+01  3.3304320e-08
1.800694623e+01  3.2896926e-08
1.801594971e+01  3.2934997e-08
1.802495768e+01  3.2695547e-08
1.803397016e+01  3.2870806e-08
1.804298715e+01  3.2673475e-08
1.805200864e+01  3.2403248e-08
1.806103464e+01  3.2471395e-08
1.807006516e+01  3.2211288e-08
1.807910019e+01  3.2347439e-08
1.808813974e+01  3.2391209e-08
1.809718381e+01  3.2358167e-08
1.810623241e+01  3.2090779e-08
1.811528552e+01  3.2086159e-08
1.812434316e+01  3.1774622e-08
1.813340534e+01  3.1398628e-08
1.814247204e+01  3.1849767e-08
1.815154327e+01  3.0983067e-08
1.816061905e+01  3.1742998e-08
1.816969936e+01  3.1008988e-08
1.817878421e+01  3.1002217e-08
1.818787360e+01  3.1080977e-08
1.819696753e+01  3.0957885e-08
1.820606602e+01  3.1091577e-08
1.821516905e+01  3.1185239e-08
1.822427664e+01  3.1090655e-08
1.823338877e+01  3.0835633e-08
1.824250547e+01  3.0529886e-08
1.825162672e+01  3.0677575e-08
1.826075253e+01  3.0416919e-08
1.826988291e+01  3.0408700e-08
1.827901785e+01  3.0402358e-08
1.828815736e+01  3.0341347e-08
1.829730144e+01  3.0186924e-08
1.830645009e+01  3.0298245e-08
1.831560332e+01  3.0178069e-08
1.832476112e+01  2.9954512e-08
1.833392350e+01  2.9984795e-08
1.834309046e+01  2.9750138e-08
1.835226200e+01  2.9285526e-08
1.836143814e+01  2.9361924e-08
1.837061885e+01  2.9222533e-08
1.837980416e+01  2.9234417e-08
1.838899407e+01  2.9087068e-08
1.839818856e+01  2.9191051e-08
1.840738766e+01  2.8803568e-08
1.841659135e+01  2.8731343e-08
1.842579965e+01  2.8773947e-08
1.843501255e+01  2.8888550e-08
1.844423005e+01  2.8818384e-08
1.845345217e+01  2.8404177e-08
1.846267889e+01  2.8297269e-08
1.847191023e+01  2.8225297e-08
1.848114619e+01  2.8356125e-08
1.849038676e+01  2.8093184e-08
1.849963196e+01  2.8175140e-08
1.850888177e+01  2.7918654e-08
1.851813621e+01  2.8607770e-08
1.852739528e+01  2.7567949e-08
1.853665898e+01  2.7571914e-08
1.854592731e+01  2.7623268e-08
1.855520027e+01  2.7650821e-08
1.856447787e+01  2.7372009e-08
1.857376011e+01  2.7718224e-08
1.858304699e+01  2.7563033e-08
1.859233851e+01  2.7209123e-08
1.860163468e+01  2.6862877e-08
1.861093550e+01  2.7451022e-08
1.862024097e+01  2.6975770e-08
1.862955109e+01  2.6900838e-08
1.863886586e+01  2.6978540e-08
1.864818530e+01  2.7055501e-08
1.865750939e+01  2.6791865e-08
1.866683814e+01  2.6875237e-08
1.867617156e+01  2.6705413e-08
1.868550965e+01  2.6463858e-08
1.869485240e+01  2.6146574e-08
1.870419983e+01  2.6804190e-08
1.871355193e+01  2.6076878e-08
1.872290871e+01  2.6173708e-08
1.873227016e+01  2.6032147e-08
1.874163630e+01  2.6160445e-08
1.875100711e+01  2.5942082e-08
1.876038262e+01  2.5806811e-08
1.876976281e+01  2.5868798e-08
1.877914769e+01  2.5774138e-08
1.878853726e+01  2.5805266e-08
1.879793153e+01  2.5825621e-08
1.880733050e+01  2.5870928e-08
1.881673416e+01  2.5740471e-08
1.882614253e+01  2.5694071e-08
1.883555560e+01  2.5660449e-08
1.884497338e+01  2.5591550e-08
1.885439587e+01  2.5465634e-08
1.886382306e+01  2.5242531e-08
1.887325498e+01  2.5174244e-08
1.888269160e+01  2.5058134e-08
1.889213295e+01  2.4941731e-08
1.890157902e+01  2.4758749e-08
1.891102981e+01  2.4586177e-08
1.892048532e+01  2.4451176e-08
1.892994556e+01  2.4441779e-08
1.893941054e+01  2.4536913e-08
1.894888024e+01  2.4475745e-08
1.895835468e+01  2.4252496e-08
1.896783386e+01  2.4073537e-08
1.897731778e+01  2.3958348e-08
1.898680643e+01  2.4206279e-08
1.899629984e+01  2.4017958e-08
1.900579799e+01  2.3962736e-08
1.901530089e+01  2.4058007e-08
1.902480854e+01  2.4057129e-08
1.903432094e+01  2.4049607e-08
1.904383810e+01  2.3941307e-08
1.905336002e+01  2.3952714e-08
1.906288670e+01  2.3788950e-08
1.907241814e+01  2.3456035e-08
1.908195435e+01  2.3532580e-08
1.909149533e+01  2.3453995e-08
1.910104108e+01  2.3316868e-08
1.911059160e+01  2.3043328e-08
1.912014689e+01  2.3135321e-08
1.912970697e+01  2.3317741e-08
1.913927182e+01  2.3303214e-08
1.914884146e+01  2.3192387e-08
1.915841588e+01  2.2966177e-08
1.916799509e+01  2.2828303e-08
1.917757908e+01  2.2686708e-08
1.918716787e+01  2.2548129e-08
1.919676146e+01  2.2476422e-08
1.920635984e+01  2.2429667e-08
1.921596302e+01  2.2497459e-08
1.922557100e+01  2.2350245e-08
1.923518378e+01  2.2192946e-08
1.924480138e+01  2.2626382e-08
1.925442378e+01  2.2029999e-08
1.926405099e+01  2.2127687e-08
1.927368301e+01  2.2119095e-08
1.928331986e+01  2.1988552e-08
1.929296152e+01  2.1964567e-08
1.930260800e+01  2.1852280e-08
1.931225930e+01  2.1899505e-08
1.932191543e+01  2.1683599e-08
1.933157639e+01  2.1607293e-08
1.934124218e+01  2.1593145e-08
1.935091280e+01  2.1716396e-08
1.936058825e+01  2.1586536e-08
1.937026855e+01  2.1538733e-08
1.937995368e+01  2.1381958e-08
1.938964366e+01  2.1104841e-08
1.939933848e+01  2.1538904e-08
1.940903815e+01  2.1583176e-08
1.941874267e+01  2.0886796e-08
1.942845204e+01  2.1382039e-08
1.943816627e+01  2.0757430e-08
1.944788535e+01  2.0821710e-08
1.945760929e+01  2.0634295e-08
1.946733810e+01  2.0959159e-08
1.947707177e+01  2.0687238e-08
1.948681030e+01  2.0674689e-08
1.949655371e+01  2.0774849e-08
1.950630198e+01  2.0594014e-08
1.951605513e+01  2.0692414e-08
1.952581316e+01  2.0639089e-08
1.953557607e+01  2.0565512e-08
1.954534386e+01  2.0451340e-08
1.955511653e+01  2.0283415e-08
1.956489409e+01  2.0066581e-08
1.957467653e+01  2.0611591e-08
1.958446387e+01  1.9804427e-08
1.959425610e+01  1.9994008e-08
1.960405323e+01  1.9993698e-08
1.961385526e+01  1.9888533e-08
1.962366219e+01  1.9911048e-08
1.963347402e+01  1.9750817e-08
1.964329075e+01  1.9757206e-08
1.965311240e+01  1.9726440e-08
1.966293896e+01  1.9487832e-08
1.967277043e+01  1.9676848e-08
1.968260681e+01  1.9363681e-08
1.969244811e+01  1.9545758e-08
1.970229434e+01  1.9573582e-08
1.971214549e+01  1.9413680e-08
1.972200156e+01  1.9265989e-08
1.973186256e+01  1.9399988e-08
1.974172849e+01  1.9301921e-08
1.975159935e+01  1.9030561e-08
1.976147515e+01  1.9063291e-08
1.977135589e+01  1.9033383e-08
1.978124157e+01  1.8929110e-08
1.979113219e+01  1.8840940e-08
1.980102776e+01  1.8773973e-08
1.981092827e+01  1.8862944e-08
1.982083373e+01  1.8566754e-08
1.983074415e+01  1.8691583e-08
1.984065952e+01  1.8686992e-08
1.985057985e+01  1.8485533e-08
1.986050514e+01  1.8415286e-08
1.987043540e+01  1.8395915e-08
1.988037061e+01  1.8322329e-08
1.989031080e+01  1.8184176e-08
1.990025595e+01  1.8236987e-08
1.991020608e+01  1.7986926e-08
1.992016119e+01  1.8375705e-08
1.993012127e+01  1.7889775e-08
1.994008633e+01  1.8023629e-08
1.995005637e+01  1.8070799e-08
1.996003140e+01  1.8024750e-08
1.997001141e+01  1.8100943e-08
1.997999642e+01  1.7979230e-08
1.998998642e+01  1.7992922e-08
1.999998141e+01  1.7833942e-08
results_cfg.txt
<OBJECT>Exoplanet
<OBJECT-NAME>Kelt-9 b
<OBJECT-DATE>2025/04/28 18:41
<OBJECT-ORBIT>0.00000000,0.00000,1.48112350,90.00000,0.03462,2457095.685720
<OBJECT-SEASON>235.3
<OBJECT-PERIOD>1.48112350
<OBJECT-SOLAR-LONGITUDE>0.0
<OBJECT-SOLAR-LATITUDE>0.00
<OBJECT-OBS-LONGITUDE>124.74
<OBJECT-OBS-LATITUDE>3.21
<OBJECT-POSITION-ANGLE>0.00
<OBJECT-DIAMETER>270382.7
<OBJECT-GRAVITY>0.528
<OBJECT-GRAVITY-UNIT>rho
<OBJECT-STAR-RADIUS>2.36
<OBJECT-STAR-METALLICITY>-0.03
<OBJECT-STAR-TYPE>U
<OBJECT-STAR-TEMPERATURE>10170.0
<OBJECT-OBS-VELOCITY>-20.567
<OBJECT-STAR-DISTANCE>0.03462
<OBJECT-STAR-VELOCITY>0.27643
<OBJECT-INCLINATION>86.79
<OBJECT-SHAPE>Sphere
<GEOMETRY-ALTITUDE-UNIT>pc
<GEOMETRY-OBS-ALTITUDE>204.4550
<GEOMETRY-STAR-DISTANCE>8.563577e-05
<GEOMETRY-SOLAR-ANGLE>86.690
<GEOMETRY-OBS-ANGLE>48.121
<GEOMETRY-PLANET-FRACTION>1.000e+00
<GEOMETRY-BRDFSCALER>1.000
<GEOMETRY-TEMISSION>3000.000
<GEOMETRY-AZIMUTH>0.000
<GEOMETRY-STAR-FRACTION>0.000000e+00
<GEOMETRY-ROTATION>-208.73,4.68
<GEOMETRY>Observatory
<ATMOSPHERE-DESCRIPTION>Parmentier+2014; Kempton_1.0Xsolar_cond
<ATMOSPHERE-STRUCTURE>Equilibrium
<ATMOSPHERE-WEIGHT>2.04
<ATMOSPHERE-PRESSURE>1.0000
<ATMOSPHERE-PUNIT>bar
<ATMOSPHERE-NGAS>8
<ATMOSPHERE-GAS>H2,He,CO,H2O,CO2,O2,CH4,O3
<ATMOSPHERE-TYPE>HIT[45],HIT[0],HIT[5],HIT[1],HIT[2],HIT[7],HIT[6],HIT[3]
<ATMOSPHERE-ABUN>1.0,1.0,1.0,1.0,1.0,1.0,1.0,1.0
<ATMOSPHERE-UNIT>scl,scl,scl,scl,scl,scl,scl,scl
<ATMOSPHERE-LAYERS-MOLECULES>H2,H,He,CO,H2O,N2,SiO,OH,O,SH,Na,H2S,HCl,K,N,SiH,TiO,HF,NO,CO2,MgH,NH3,HCN,O2,VO,C,H2CO,CH4,PH3,COS,SO2,C2H2,NO2,C2H4,O3
<ATMOSPHERE-LAYERS>50
<ATMOSPHERE-LAYER-1>1.0000e+03,4.9093e+03,8.3270e-01,4.5578e-03,1.6116e-01,2.9651e-04,6.1598e-04,4.5952e-05,5.7183e-05,1.1463e-06,3.7911e-09,2.7524e-06,3.0158e-06,2.5681e-05,3.5331e-07,2.0287e-07,2.9777e-09,4.2927e-06,8.0523e-08,5.5903e-08,8.7694e-10,3.3352e-08,1.2832e-06,3.6695e-05,4.7803e-06,1.1219e-12,1.6168e-09,1.9298e-10,1.5254e-07,1.6297e-04,1.2173e-07,4.3105e-10,1.1108e-13,8.7561e-07,3.2663e-17,1.1076e-07,3.5951e-23
<ATMOSPHERE-LAYER-2>6.5513e+02,4.5735e+03,8.3109e-01,5.6256e-03,1.6100e-01,3.2364e-04,5.7518e-04,4.8804e-05,5.8049e-05,1.3237e-06,5.4140e-09,3.2601e-06,3.1130e-06,2.4597e-05,3.5302e-07,2.0829e-07,3.7913e-09,3.7664e-06,7.8310e-08,5.6021e-08,1.0446e-09,3.4059e-08,1.0397e-06,2.4703e-05,3.7617e-06,1.4989e-12,1.5185e-09,2.2514e-10,1.0887e-07,8.1286e-05,9.5709e-08,4.5150e-10,1.4243e-13,5.1052e-07,3.6402e-17,4.2225e-08,4.4939e-23
<ATMOSPHERE-LAYER-3>4.2919e+02,4.2407e+03,8.2949e-01,6.9437e-03,1.6084e-01,3.5325e-04,5.3709e-04,5.1833e-05,5.8928e-05,1.5286e-06,7.7317e-09,3.8614e-06,3.2134e-06,2.3558e-05,3.5272e-07,2.1387e-07,4.8273e-09,3.3046e-06,7.6158e-08,5.6140e-08,1.2444e-09,3.4780e-08,8.4236e-07,1.6630e-05,2.9601e-06,2.0027e-12,1.4261e-09,2.6267e-10,7.7698e-08,4.0545e-05,7.5248e-08,4.7291e-10,1.8261e-13,2.9765e-07,4.0570e-17,1.6097e-08,5.6174e-23
<ATMOSPHERE-LAYER-4>2.8118e+02,4.0737e+03,8.2788e-01,8.5705e-03,1.6069e-01,3.8557e-04,5.0152e-04,5.5049e-05,5.9821e-05,1.7652e-06,1.1042e-08,4.5737e-06,3.3171e-06,2.2564e-05,3.5243e-07,2.1959e-07,6.1463e-09,2.8994e-06,7.4065e-08,5.6258e-08,1.4823e-09,3.5517e-08,6.8250e-07,1.1195e-05,2.3293e-06,2.6757e-12,1.3394e-09,3.0644e-10,5.5453e-08,2.0223e-05,5.9161e-08,4.9534e-10,2.3413e-13,1.7354e-07,4.5214e-17,6.1368e-09,7.0218e-23
<ATMOSPHERE-LAYER-5>1.8421e+02,3.9977e+03,8.2629e-01,1.0578e-02,1.6053e-01,4.2085e-04,4.6831e-04,5.8465e-05,6.0727e-05,2.0384e-06,1.5768e-08,5.4174e-06,3.4241e-06,2.1611e-05,3.5214e-07,2.2547e-07,7.8257e-09,2.5439e-06,7.2030e-08,5.6377e-08,1.7658e-09,3.6269e-08,5.5298e-07,7.5365e-06,1.8329e-06,3.5750e-12,1.2579e-09,3.5751e-10,3.9576e-08,1.0087e-05,4.6513e-08,5.1884e-10,3.0019e-13,1.0118e-07,5.0390e-17,2.3395e-09,8.7773e-23
<ATMOSPHERE-LAYER-6>1.2068e+02,3.9607e+03,8.2469e-01,1.3057e-02,1.6037e-01,4.5936e-04,4.3729e-04,6.2093e-05,6.1647e-05,2.3539e-06,2.2518e-08,6.4166e-06,3.5345e-06,2.0698e-05,3.5184e-07,2.3150e-07,9.9640e-09,2.2320e-06,7.0051e-08,5.6497e-08,2.1034e-09,3.7038e-08,4.4804e-07,5.0736e-06,1.4424e-06,4.7765e-12,1.1814e-09,4.1709e-10,2.8245e-08,5.0314e-06,3.6569e-08,5.4345e-10,3.8489e-13,5.8994e-08,5.6158e-17,8.9190e-10,1.0972e-22
<ATMOSPHERE-LAYER-7>7.9060e+01,3.9421e+03,8.2111e-01,1.6097e-02,1.6005e-01,4.7749e-04,4.2204e-04,6.3935e-05,6.2197e-05,2.8129e-06,3.3319e-08,7.3723e-06,3.6023e-06,1.9207e-05,3.5040e-07,2.3510e-07,1.2492e-08,1.8763e-06,6.9147e-08,5.6519e-08,2.5561e-09,3.7319e-08,3.6178e-07,3.3508e-06,1.0260e-06,6.8507e-12,1.1454e-09,4.4727e-10,1.9151e-08,2.2956e-06,2.6468e-08,5.2647e-10,5.1448e-13,2.8990e-08,6.6153e-17,2.8588e-10,1.5254e-22
<ATMOSPHERE-LAYER-8>5.1795e+01,3.9326e+03,8.1595e-01,1.9824e-02,1.5960e-01,4.7732e-04,4.1823e-04,6.4221e-05,6.2445e-05,3.4548e-06,5.0717e-08,8.2665e-06,3.6341e-06,1.7377e-05,3.4806e-07,2.3666e-07,1.5468e-08,1.5241e-06,6.9072e-08,5.6464e-08,3.1563e-09,3.7202e-08,2.9134e-07,2.1794e-06,6.7316e-07,1.0399e-11,1.1392e-09,4.4835e-10,1.2463e-08,9.7528e-07,1.7930e-08,4.7915e-10,7.1102e-13,1.2424e-08,8.1459e-17,7.9763e-11,2.3090e-22
<ATMOSPHERE-LAYER-9>3.3932e+01,3.9277e+03,8.1084e-01,2.4416e-02,1.5915e-01,4.7715e-04,4.1445e-04,6.4508e-05,6.2694e-05,4.2431e-06,7.7200e-08,9.2692e-06,3.6662e-06,1.5721e-05,3.4572e-07,2.3823e-07,1.9153e-08,1.2381e-06,6.8997e-08,5.6409e-08,3.8974e-09,3.7086e-08,2.3461e-07,1.4176e-06,4.4167e-07,1.5785e-11,1.1331e-09,4.4944e-10,8.1108e-09,4.1435e-07,1.2147e-08,4.3608e-10,9.8263e-13,5.3246e-09,1.0031e-16,2.2255e-11,3.4953e-22
<ATMOSPHERE-LAYER-10>2.2230e+01,3.9252e+03,8.0575e-01,3.0071e-02,1.5870e-01,4.7698e-04,4.1071e-04,6.4796e-05,6.2944e-05,5.2113e-06,1.1751e-07,1.0394e-05,3.6986e-06,1.4223e-05,3.4341e-07,2.3982e-07,2.3715e-08,1.0058e-06,6.8922e-08,5.6353e-08,4.8126e-09,3.6970e-08,1.8893e-07,9.2201e-07,2.8979e-07,2.3961e-11,1.1270e-09,4.5053e-10,5.2784e-09,1.7604e-07,8.2285e-09,3.9688e-10,1.3580e-12,2.2820e-09,1.2352e-16,6.2092e-12,5.2910e-22
<ATMOSPHERE-LAYER-11>1.4563e+01,3.9239e+03,8.0069e-01,3.7035e-02,1.5826e-01,4.7681e-04,4.0700e-04,6.5085e-05,6.3196e-05,6.4004e-06,1.7888e-07,1.1654e-05,3.7313e-06,1.2868e-05,3.4111e-07,2.4141e-07,2.9365e-08,8.1700e-07,6.8847e-08,5.6298e-08,5.9426e-09,3.6854e-08,1.5214e-07,5.9969e-07,1.9013e-07,3.6372e-11,1.1209e-09,4.5162e-10,3.4351e-09,7.4790e-08,5.5742e-09,3.6121e-10,1.8767e-12,9.7799e-10,1.5209e-16,1.7324e-12,8.0092e-22
<ATMOSPHERE-LAYER-12>9.5410e+00,3.9232e+03,7.9447e-01,4.5578e-02,1.5771e-01,4.7621e-04,4.0291e-04,6.5286e-05,6.3390e-05,7.8587e-06,2.7241e-07,1.2897e-05,3.7586e-06,1.1481e-05,3.3820e-07,2.4269e-07,3.6336e-08,6.6225e-07,6.8731e-08,5.6200e-08,7.3364e-09,3.6723e-08,1.2234e-07,3.8890e-07,1.2440e-07,5.5265e-11,1.1146e-09,4.5209e-10,2.2301e-09,3.1635e-08,3.7012e-09,3.2439e-10,2.5642e-12,4.1735e-10,1.8734e-16,4.8057e-13,1.2141e-21
<ATMOSPHERE-LAYER-13>6.2506e+00,3.9228e+03,7.7883e-01,5.5754e-02,1.5637e-01,4.7219e-04,3.9560e-04,6.4772e-05,6.3123e-05,9.6285e-06,4.1647e-07,1.2847e-05,3.7409e-06,9.1653e-06,3.3041e-07,2.4136e-07,4.4716e-08,5.2766e-07,6.8280e-08,5.5760e-08,9.0425e-09,3.6471e-08,9.7234e-08,2.4632e-07,7.9567e-08,8.4625e-11,1.1068e-09,4.4757e-10,1.4202e-09,1.2918e-08,2.0932e-09,2.6193e-10,3.1973e-12,1.7210e-10,2.3127e-16,1.2727e-13,1.8621e-21
<ATMOSPHERE-LAYER-14>4.0949e+00,3.9227e+03,7.6349e-01,6.8201e-02,1.5503e-01,4.6821e-04,3.8843e-04,6.4261e-05,6.2858e-05,1.1797e-05,6.3672e-07,1.2797e-05,3.7233e-06,7.3165e-06,3.2280e-07,2.4005e-07,5.5027e-08,4.2042e-07,6.7832e-08,5.5324e-08,1.1145e-08,3.6221e-08,7.7281e-08,1.5601e-07,5.0893e-08,1.2958e-10,1.0990e-09,4.4310e-10,9.0440e-10,5.2748e-09,1.1839e-09,2.1150e-10,3.9868e-12,7.0971e-11,2.8550e-16,3.3707e-14,2.8559e-21
<ATMOSPHERE-LAYER-15>2.6827e+00,3.9226e+03,7.4846e-01,8.3428e-02,1.5371e-01,4.6427e-04,3.8138e-04,6.3755e-05,6.2593e-05,1.4453e-05,9.7344e-07,1.2747e-05,3.7057e-06,5.8406e-06,3.1537e-07,2.3874e-07,6.7717e-08,3.3497e-07,6.7387e-08,5.4891e-08,1.3737e-08,3.5972e-08,6.1422e-08,9.8811e-08,3.2553e-08,1.9842e-10,1.0912e-09,4.3867e-10,5.7594e-10,2.1539e-09,6.6956e-10,1.7077e-10,4.9712e-12,2.9266e-11,3.5245e-16,8.9268e-15,4.3800e-21
<ATMOSPHERE-LAYER-16>1.7575e+00,3.9225e+03,7.3373e-01,1.0205e-01,1.5240e-01,4.6035e-04,3.7446e-04,6.3252e-05,6.2330e-05,1.7708e-05,1.4882e-06,1.2698e-05,3.6882e-06,4.6625e-06,3.0810e-07,2.3743e-07,8.3333e-08,2.6689e-07,6.6945e-08,5.4461e-08,1.6932e-08,3.5725e-08,4.8818e-08,6.2583e-08,2.0822e-08,3.0383e-10,1.0836e-09,4.3428e-10,3.6676e-10,8.7951e-10,3.7868e-10,1.3789e-10,6.1987e-12,1.2069e-11,4.3510e-16,2.3642e-15,6.7174e-21
<ATMOSPHERE-LAYER-17>1.1514e+00,3.9225e+03,7.1928e-01,1.2484e-01,1.5111e-01,4.5647e-04,3.6767e-04,6.2754e-05,6.2068e-05,2.1696e-05,2.2752e-06,1.2649e-05,3.6709e-06,3.7219e-06,3.0100e-07,2.3614e-07,1.0255e-07,2.1265e-07,6.6506e-08,5.4034e-08,2.0869e-08,3.5480e-08,3.8800e-08,3.9638e-08,1.3318e-08,4.6525e-10,1.0759e-09,4.2994e-10,2.3356e-10,3.5914e-10,2.1417e-10,1.1134e-10,7.7293e-12,4.9768e-12,5.3713e-16,6.2612e-16,1.0302e-20
<ATMOSPHERE-LAYER-18>7.5431e-01,3.9225e+03,6.8557e-01,1.5058e-01,1.4834e-01,4.4814e-04,3.5001e-04,6.1605e-05,6.1085e-05,2.6138e-05,3.4688e-06,1.1389e-05,3.6113e-06,2.6483e-06,2.8455e-07,2.3221e-07,1.2553e-07,1.6558e-07,6.5284e-08,5.3049e-08,2.5516e-08,3.4791e-08,3.0104e-08,2.3942e-08,8.2959e-09,7.0844e-10,1.0551e-09,4.2261e-10,1.4318e-10,1.3764e-10,1.0960e-10,8.1601e-11,8.7864e-12,1.9670e-12,6.5593e-16,1.5453e-16,1.5669e-20
<ATMOSPHERE-LAYER-19>4.9417e-01,3.9225e+03,6.4431e-01,1.8035e-01,1.4491e-01,4.3779e-04,3.2809e-04,6.0159e-05,5.9766e-05,3.1224e-05,5.2810e-06,9.7507e-06,3.5321e-06,1.7790e-06,2.6460e-07,2.2707e-07,1.5326e-07,1.2745e-07,6.3701e-08,5.1809e-08,3.1071e-08,3.3898e-08,2.3078e-08,1.4122e-08,5.0996e-09,1.0758e-09,1.0282e-09,4.1392e-10,8.6119e-11,5.1105e-11,5.3348e-11,5.6979e-11,9.5366e-12,7.6115e-13,7.9666e-16,3.6815e-17,2.3731e-20
<ATMOSPHERE-LAYER-20>3.2375e-01,3.9225e+03,6.0553e-01,2.1601e-01,1.4156e-01,4.2767e-04,3.0755e-04,5.8747e-05,5.8476e-05,3.7301e-05,8.0401e-06,8.3477e-06,3.4547e-06,1.1951e-06,2.4605e-07,2.2203e-07,1.8712e-07,9.8101e-08,6.2157e-08,5.0597e-08,3.7836e-08,3.3029e-08,1.7691e-08,8.3297e-09,3.1347e-09,1.6335e-09,1.0019e-09,4.0541e-10,5.1799e-11,1.8975e-11,2.5968e-11,3.9787e-11,1.0351e-11,2.9453e-13,9.6758e-16,8.7710e-18,3.5941e-20
<ATMOSPHERE-LAYER-21>2.1210e-01,3.9221e+03,5.6909e-01,2.5872e-01,1.3829e-01,4.1779e-04,2.8829e-04,5.7368e-05,5.7214e-05,4.4560e-05,1.2241e-05,7.1466e-06,3.3789e-06,8.0283e-07,2.2881e-07,2.1711e-07,2.2845e-07,7.5511e-08,6.0650e-08,4.9413e-08,4.6073e-08,3.2182e-08,1.3562e-08,4.9132e-09,1.9270e-09,2.4805e-09,9.7637e-10,3.9708e-10,3.1156e-11,7.0454e-12,1.2641e-11,2.7782e-11,1.1235e-11,1.1397e-13,1.1752e-15,2.0897e-18,5.4434e-20
<ATMOSPHERE-LAYER-22>1.3895e-01,3.9141e+03,5.3485e-01,3.0988e-01,1.3510e-01,4.0813e-04,2.7023e-04,5.6022e-05,5.5978e-05,5.3232e-05,1.8636e-05,6.1183e-06,3.3048e-06,5.3932e-07,2.1277e-07,2.1230e-07,2.7892e-07,5.8123e-08,5.9180e-08,4.8258e-08,5.6105e-08,3.1356e-08,1.0397e-08,2.8980e-09,1.1845e-09,3.7666e-09,9.5147e-10,3.8891e-10,1.8739e-11,2.6159e-12,6.1530e-12,1.9399e-11,1.2194e-11,4.4099e-14,1.4273e-15,4.9785e-19,8.2441e-20
<ATMOSPHERE-LAYER-23>9.1030e-02,3.8778e+03,4.9010e-01,3.6649e-01,1.3140e-01,3.9698e-04,2.4157e-04,5.4457e-05,5.4475e-05,6.1416e-05,2.7750e-05,5.0686e-06,3.2178e-06,3.4617e-07,1.9244e-07,2.0667e-07,3.3975e-07,4.4924e-08,5.6682e-08,4.6896e-08,6.6669e-08,2.9753e-08,7.8358e-09,1.6419e-09,7.3024e-10,5.4714e-09,9.0385e-10,3.8777e-10,1.0942e-11,9.3998e-13,2.8599e-12,1.3217e-11,1.2408e-11,1.7242e-14,1.6546e-15,1.1685e-19,1.1683e-19
<ATMOSPHERE-LAYER-24>5.9636e-02,3.8131e+03,4.1104e-01,4.1467e-01,1.2589e-01,3.8032e-04,1.8288e-04,5.2094e-05,5.2021e-05,6.2727e-05,3.8236e-05,3.7426e-06,3.0838e-06,1.8947e-07,1.5795e-07,1.9805e-07,4.1055e-07,3.5228e-08,5.0869e-08,4.4787e-08,7.2722e-08,2.5730e-08,5.5646e-09,8.0808e-10,4.5478e-10,6.8053e-09,7.8528e-10,4.1155e-10,5.7598e-12,3.0117e-13,1.1308e-12,8.2634e-12,1.0071e-11,6.9908e-15,1.6292e-15,2.6032e-20,1.3117e-19
<ATMOSPHERE-LAYER-25>3.9069e-02,3.7541e+03,3.4473e-01,4.6918e-01,1.2060e-01,3.6435e-04,1.3846e-04,4.9833e-05,4.9677e-05,6.4066e-05,5.2684e-05,2.7635e-06,2.9554e-06,1.0370e-07,1.2965e-07,1.8979e-07,4.9610e-07,2.7624e-08,4.5653e-08,4.2773e-08,7.9324e-08,2.2252e-08,3.9517e-09,3.9769e-10,2.8323e-10,8.4644e-09,6.8227e-10,4.3678e-10,3.0319e-12,9.6495e-14,4.4714e-13,5.1664e-12,8.1750e-12,2.8344e-15,1.6041e-15,5.7991e-21,1.4727e-19
<ATMOSPHERE-LAYER-26>2.5595e-02,3.7510e+03,2.8912e-01,5.3085e-01,1.1554e-01,3.4906e-04,1.0482e-04,4.7671e-05,4.7439e-05,6.5434e-05,7.2592e-05,2.0405e-06,2.8324e-06,5.6759e-08,1.0641e-07,1.8188e-07,5.9948e-07,2.1662e-08,4.0971e-08,4.0849e-08,8.6526e-08,1.9243e-08,2.8063e-09,1.9572e-10,1.7639e-10,1.0528e-08,5.9277e-10,4.6355e-10,1.5959e-12,3.0917e-14,1.7680e-13,3.2301e-12,6.6357e-12,1.1492e-15,1.5795e-15,1.2919e-21,1.6535e-19
<ATMOSPHERE-LAYER-27>1.6768e-02,3.8204e+03,2.4248e-01,6.0063e-01,1.1069e-01,3.3441e-04,7.9357e-05,4.5602e-05,4.5302e-05,6.6831e-05,1.0002e-04,1.5067e-06,2.7144e-06,3.1066e-08,8.7344e-08,1.7429e-07,7.2439e-07,1.6986e-08,3.6769e-08,3.9012e-08,9.4382e-08,1.6642e-08,1.9929e-09,9.6323e-11,1.0985e-10,1.3095e-08,5.1501e-10,4.9197e-10,8.4008e-13,9.9058e-15,6.9910e-14,2.0195e-12,5.3862e-12,4.6593e-16,1.5553e-15,2.8779e-22,1.8565e-19
<ATMOSPHERE-LAYER-28>1.0985e-02,3.9346e+03,2.0337e-01,6.7959e-01,1.0604e-01,3.2038e-04,6.0079e-05,4.3623e-05,4.3261e-05,6.8258e-05,1.3782e-04,1.1125e-06,2.6014e-06,1.7003e-08,7.1692e-08,1.6702e-07,8.7534e-07,1.3320e-08,3.2999e-08,3.7258e-08,1.0295e-07,1.4392e-08,1.4153e-09,4.7405e-11,6.8412e-11,1.6287e-08,4.4745e-10,5.2213e-10,4.4221e-13,3.1738e-15,2.7643e-14,1.2626e-12,4.3720e-12,1.8891e-16,1.5314e-15,6.4112e-23,2.0844e-19
<ATMOSPHERE-LAYER-29>7.1969e-03,4.0573e+03,1.5024e-01,7.2167e-01,1.0283e-01,3.1068e-04,3.3215e-05,4.2141e-05,4.0639e-05,5.4244e-05,1.5743e-04,7.6238e-07,2.5231e-06,8.1060e-09,5.2099e-08,1.6199e-07,1.0629e-06,1.1632e-08,2.5167e-08,3.5391e-08,9.3554e-08,1.0444e-08,9.5482e-10,1.9383e-11,4.9065e-11,1.3923e-08,3.2640e-10,6.7661e-10,2.0755e-13,9.6343e-16,9.1064e-15,7.9012e-13,2.4117e-12,1.0059e-16,1.0414e-15,1.6522e-23,1.3334e-19
<ATMOSPHERE-LAYER-30>4.7149e-03,4.1622e+03,1.0705e-01,7.5260e-01,1.0007e-01,3.0233e-04,1.6786e-05,4.0823e-05,3.7997e-05,4.0124e-05,1.7045e-04,5.1141e-07,2.4554e-06,3.7150e-09,3.6567e-08,1.5764e-07,1.2925e-06,1.0476e-08,1.8322e-08,3.3565e-08,8.0692e-08,7.2090e-09,6.3481e-10,7.5163e-12,3.6637e-11,1.0692e-08,2.2650e-10,9.2827e-10,9.4275e-14,2.8798e-16,2.8474e-15,4.9457e-13,1.1913e-12,5.7895e-17,6.3712e-16,4.4388e-24,7.2632e-20
<ATMOSPHERE-LAYER-31>3.0888e-03,4.2383e+03,7.6269e-02,7.8485e-01,9.7380e-02,2.9421e-04,8.4831e-06,3.9547e-05,3.5527e-05,2.9680e-05,1.8455e-04,3.4305e-07,2.3896e-06,1.7026e-09,2.5665e-08,1.5342e-07,1.5717e-06,9.4344e-09,1.3339e-08,3.1834e-08,6.9599e-08,4.9760e-09,4.2205e-10,2.9147e-12,2.7357e-11,8.2112e-09,1.5718e-10,1.2735e-09,4.2822e-14,8.6079e-17,8.9034e-16,3.0958e-13,5.8850e-13,3.3322e-17,3.8978e-16,1.1925e-24,3.9564e-20
<ATMOSPHERE-LAYER-32>2.0236e-03,4.2871e+03,5.4340e-02,8.1849e-01,9.4762e-02,2.8630e-04,4.2871e-06,3.8310e-05,3.3217e-05,2.1954e-05,1.9981e-04,2.3012e-07,2.3256e-06,7.8027e-10,1.8014e-08,1.4930e-07,1.9113e-06,8.4964e-09,9.7112e-09,3.0191e-08,6.0031e-08,3.4346e-09,2.8060e-10,1.1303e-12,2.0428e-11,6.3059e-09,1.0907e-10,1.7472e-09,1.9451e-14,2.5730e-17,2.7839e-16,1.9378e-13,2.9071e-13,1.9179e-17,2.3847e-16,3.2038e-25,2.1552e-20
<ATMOSPHERE-LAYER-33>1.3257e-03,4.3157e+03,3.8717e-02,8.5356e-01,9.2215e-02,2.7861e-04,2.1666e-06,3.7112e-05,3.1057e-05,1.6240e-05,2.1633e-04,1.5437e-07,2.2632e-06,3.5760e-10,1.2643e-08,1.4530e-07,2.3241e-06,7.6517e-09,7.0700e-09,2.8634e-08,5.1778e-08,2.3707e-09,1.8655e-10,4.3830e-13,1.5253e-11,4.8427e-09,7.5687e-11,2.3971e-09,8.8350e-15,7.6908e-18,8.7049e-17,1.2130e-13,1.4360e-13,1.1039e-17,1.4589e-16,8.6072e-26,1.1740e-20
<ATMOSPHERE-LAYER-34>8.6851e-04,4.3315e+03,2.6935e-02,8.7959e-01,9.0405e-02,2.7314e-04,1.0479e-06,3.6100e-05,2.7805e-05,1.1635e-05,2.2958e-04,1.0282e-07,2.2189e-06,1.6080e-10,8.7000e-09,1.4245e-07,2.8320e-06,6.6520e-09,5.0103e-09,2.6226e-08,4.3865e-08,1.6159e-09,1.2347e-10,1.6433e-13,1.1592e-11,3.5731e-09,5.1787e-11,3.3800e-09,3.9476e-15,2.2527e-18,2.6401e-17,7.6862e-14,6.8486e-14,6.5537e-18,8.5932e-17,2.3289e-26,6.0222e-21
<ATMOSPHERE-LAYER-35>5.6899e-04,4.3401e+03,1.7865e-02,8.8503e-01,8.9955e-02,2.7177e-04,4.6428e-07,3.5407e-05,2.2825e-05,7.8201e-06,2.3408e-04,6.7520e-08,2.2079e-06,6.9606e-11,5.7540e-09,1.4174e-07,3.4651e-06,5.3887e-09,3.3645e-09,2.2400e-08,3.5852e-08,1.0740e-09,8.0985e-11,5.7592e-14,9.1237e-12,2.4336e-09,3.4451e-11,5.0349e-09,1.7068e-15,6.3357e-19,7.5337e-18,4.9914e-14,3.0442e-14,4.1396e-18,4.6914e-17,6.3922e-27,2.7398e-21
<ATMOSPHERE-LAYER-36>3.7276e-04,4.3446e+03,1.1849e-02,8.9052e-01,8.9508e-02,2.7042e-04,2.0570e-07,3.4727e-05,1.8737e-05,5.2560e-06,2.3867e-04,4.4339e-08,2.1969e-06,3.0131e-11,3.8056e-09,1.4104e-07,4.2398e-06,4.3654e-09,2.2593e-09,1.9133e-08,2.9302e-08,7.1382e-10,5.3119e-11,2.0184e-14,7.1812e-12,1.6575e-09,2.2918e-11,7.4999e-09,7.3794e-16,1.7819e-19,2.1497e-18,3.2413e-14,1.3532e-14,2.6148e-18,2.5613e-17,1.7544e-27,1.2464e-21
<ATMOSPHERE-LAYER-37>2.4421e-04,4.3470e+03,7.8592e-03,8.9603e-01,8.9062e-02,2.6907e-04,9.1134e-08,3.4060e-05,1.5381e-05,3.5326e-06,2.4335e-04,2.9117e-08,2.1860e-06,1.3043e-11,2.5170e-09,1.4034e-07,5.1877e-06,3.5364e-09,1.5172e-09,1.6342e-08,2.3949e-08,4.7444e-10,3.4841e-11,7.0740e-15,5.6523e-12,1.1289e-09,1.5246e-11,1.1172e-08,3.1905e-16,5.0117e-20,6.1342e-19,2.1049e-14,6.0149e-15,1.6516e-18,1.3983e-17,4.8153e-28,5.6707e-22
<ATMOSPHERE-LAYER-38>1.5999e-04,4.3482e+03,5.2127e-03,9.0158e-01,8.8619e-02,2.6773e-04,4.0377e-08,3.3406e-05,1.2627e-05,2.3743e-06,2.4813e-04,1.9121e-08,2.1752e-06,5.6462e-12,1.6647e-09,1.3964e-07,6.3474e-06,2.8648e-09,1.0188e-09,1.3958e-08,1.9574e-08,3.1533e-10,2.2853e-11,2.4792e-15,4.4489e-12,7.6884e-10,1.0142e-11,1.6641e-08,1.3795e-16,1.4096e-20,1.7504e-19,1.3669e-14,2.6737e-15,1.0432e-18,7.6340e-18,1.3216e-28,2.5798e-22
<ATMOSPHERE-LAYER-39>1.0481e-04,4.3489e+03,3.4574e-03,9.0716e-01,8.8178e-02,2.6639e-04,1.7889e-08,3.2764e-05,1.0365e-05,1.5958e-06,2.5299e-04,1.2557e-08,2.1644e-06,2.4441e-12,1.1010e-09,1.3895e-07,7.7665e-06,2.3207e-09,6.8414e-10,1.1922e-08,1.5998e-08,2.0958e-10,1.4989e-11,8.6889e-16,3.5017e-12,5.2364e-10,6.7468e-12,2.4789e-08,5.9642e-17,3.9644e-21,4.9948e-20,8.8766e-15,1.1885e-15,6.5896e-19,4.1678e-18,3.6275e-29,1.1737e-22
<ATMOSPHERE-LAYER-40>6.8665e-05,4.3492e+03,2.2708e-03,9.0831e-01,8.8087e-02,2.6608e-04,7.7608e-09,3.1389e-05,7.3253e-06,1.0554e-06,2.5508e-04,8.2301e-09,2.1621e-06,1.0508e-12,7.2267e-10,1.3880e-07,9.3918e-06,1.6288e-09,4.5242e-10,8.5952e-09,1.2779e-08,1.3827e-10,9.8220e-12,2.9656e-16,2.7517e-12,3.4874e-10,4.4527e-12,3.7484e-08,2.5632e-17,1.1099e-21,1.4086e-20,5.8039e-15,5.1812e-16,4.2473e-19,2.1990e-18,1.0060e-29,5.1631e-23
<ATMOSPHERE-LAYER-41>4.4984e-05,4.3494e+03,1.4896e-03,9.0890e-01,8.8038e-02,2.6589e-04,3.3580e-09,2.9983e-05,5.0809e-06,6.9662e-07,2.5683e-04,5.3930e-09,2.1609e-06,4.5141e-13,4.7391e-10,1.3873e-07,1.1341e-05,1.1228e-09,2.9861e-10,6.0668e-09,1.0178e-08,9.1143e-11,6.4353e-12,1.0089e-16,2.1618e-12,2.3160e-10,2.9357e-12,5.6787e-08,1.1008e-17,3.1054e-22,3.9669e-21,3.7980e-15,2.2533e-16,2.7446e-19,1.1553e-18,2.7938e-30,2.2618e-23
<ATMOSPHERE-LAYER-42>2.9471e-05,4.3495e+03,9.7715e-04,9.0949e-01,8.7990e-02,2.6570e-04,1.4530e-09,2.8641e-05,3.5242e-06,4.5980e-07,2.5858e-04,3.5340e-09,2.1597e-06,1.9391e-13,3.1078e-10,1.3865e-07,1.3694e-05,7.7399e-10,1.9709e-10,4.2821e-09,8.1065e-09,6.0077e-11,4.2164e-12,3.4320e-17,1.6985e-12,1.5381e-10,1.9355e-12,8.6032e-08,4.7273e-18,8.6889e-23,1.1171e-21,2.4854e-15,9.7999e-17,1.7735e-19,6.0694e-19,7.7584e-31,9.9079e-24
<ATMOSPHERE-LAYER-43>1.9307e-05,4.3495e+03,6.4099e-04,9.1008e-01,8.7942e-02,2.6552e-04,6.2869e-10,2.7358e-05,2.4445e-06,3.0348e-07,2.6035e-04,2.3157e-09,2.1586e-06,8.3299e-14,2.0380e-10,1.3857e-07,1.6535e-05,5.3355e-10,1.3009e-10,3.0225e-09,6.4567e-09,3.9599e-11,2.7626e-12,1.1675e-17,1.3344e-12,1.0215e-10,1.2761e-12,1.3034e-07,2.0301e-18,2.4311e-23,3.1459e-22,1.6264e-15,4.2620e-17,1.1460e-19,3.1887e-19,2.1545e-31,4.3403e-24
<ATMOSPHERE-LAYER-44>1.2649e-05,4.3495e+03,4.2048e-04,9.1068e-01,8.7894e-02,2.6533e-04,2.7203e-10,2.6133e-05,1.6955e-06,2.0031e-07,2.6213e-04,1.5175e-09,2.1574e-06,3.5783e-14,1.3365e-10,1.3850e-07,1.9966e-05,3.6780e-10,8.5862e-11,2.1333e-09,5.1426e-09,2.6102e-11,1.8100e-12,3.9717e-18,1.0484e-12,6.7841e-11,8.4137e-13,1.9746e-07,8.7184e-19,6.8022e-24,8.8592e-23,1.0643e-15,1.8536e-17,7.4055e-20,1.6752e-19,5.9831e-32,1.9013e-24
<ATMOSPHERE-LAYER-45>8.2864e-06,4.3495e+03,2.7568e-04,9.1103e-01,8.7864e-02,2.6504e-04,1.1741e-10,2.3997e-05,1.1509e-06,1.3192e-07,2.6341e-04,9.9427e-10,2.1567e-06,1.5366e-14,8.7608e-11,1.3845e-07,2.3639e-05,2.4856e-10,5.6547e-11,1.4628e-09,4.0082e-09,1.7165e-11,1.1859e-12,1.3237e-18,8.0863e-13,4.4879e-11,5.5374e-13,2.9961e-07,3.7407e-19,1.9042e-24,2.4933e-23,6.9635e-16,8.0311e-18,4.7979e-20,8.5955e-20,1.6650e-32,8.2802e-25
<ATMOSPHERE-LAYER-46>5.4287e-06,4.3495e+03,1.8063e-04,9.1109e-01,8.7859e-02,2.6462e-04,5.0522e-11,2.0976e-05,7.6049e-07,8.6640e-08,2.6405e-04,6.5139e-10,2.1565e-06,6.5955e-15,5.7400e-11,1.3845e-07,2.7305e-05,1.6385e-10,3.7137e-11,9.6746e-10,3.0405e-09,1.1255e-11,7.7690e-13,4.3000e-19,6.0952e-13,2.9544e-11,3.6363e-13,4.5551e-07,1.6032e-19,5.3342e-25,7.0115e-24,4.5546e-16,3.4635e-18,3.1186e-20,4.2820e-20,4.6454e-33,3.5797e-25
<ATMOSPHERE-LAYER-47>3.5565e-06,4.3496e+03,1.1835e-04,9.1114e-01,8.7854e-02,2.6420e-04,2.1739e-11,1.8336e-05,5.0250e-07,5.6901e-08,2.6469e-04,4.2675e-10,2.1564e-06,2.8310e-15,3.7608e-11,1.3844e-07,3.1540e-05,1.0801e-10,2.4390e-11,6.3983e-10,2.3065e-09,7.3793e-12,5.0897e-13,1.3969e-19,4.5944e-13,1.9449e-11,2.3879e-13,6.9253e-07,6.8707e-20,1.4943e-25,1.9718e-24,2.9790e-16,1.4936e-18,2.0271e-20,2.1332e-20,1.2961e-33,1.5476e-25
<ATMOSPHERE-LAYER-48>2.3300e-06,4.3496e+03,7.7545e-05,9.1120e-01,8.7849e-02,2.6379e-04,9.3539e-12,1.6028e-05,3.3203e-07,3.7370e-08,2.6533e-04,2.7958e-10,2.1563e-06,1.2151e-15,2.4640e-11,1.3843e-07,3.6433e-05,7.1201e-11,1.6018e-11,4.2316e-10,1.7496e-09,4.8385e-12,3.3344e-13,4.5377e-20,3.4631e-13,1.2803e-11,1.5681e-13,1.0529e-06,2.9446e-20,4.1858e-26,5.5450e-25,1.9485e-16,6.4414e-19,1.3176e-20,1.0627e-20,3.6163e-34,6.6904e-26
<ATMOSPHERE-LAYER-49>1.5264e-06,4.3496e+03,5.0808e-05,9.1126e-01,8.7844e-02,2.6337e-04,4.0249e-12,1.4010e-05,2.1939e-07,2.4543e-08,2.6597e-04,1.8317e-10,2.1562e-06,5.2157e-16,1.6144e-11,1.3842e-07,4.2083e-05,4.6936e-11,1.0520e-11,2.7986e-10,1.3272e-09,3.1725e-12,2.1845e-13,1.4741e-20,2.6104e-13,8.4285e-12,1.0298e-13,1.6007e-06,1.2620e-20,1.1725e-26,1.5593e-25,1.2744e-16,2.7779e-19,8.5642e-21,5.2939e-21,1.0090e-34,2.8924e-26
<ATMOSPHERE-LAYER-50>1.0000e-06,4.3496e+03,3.3290e-05,9.1132e-01,8.7839e-02,2.6296e-04,1.7319e-12,1.2247e-05,1.4497e-07,1.6119e-08,2.6662e-04,1.2000e-10,2.1561e-06,2.2387e-16,1.0577e-11,1.3841e-07,4.8611e-05,3.0940e-11,6.9093e-12,1.8508e-10,1.0068e-09,2.0801e-12,1.4311e-13,4.7885e-21,1.9677e-13,5.5485e-12,6.7622e-14,2.4336e-06,5.4084e-21,3.2846e-27,4.3851e-26,8.3355e-17,1.1980e-19,5.5666e-21,2.6372e-21,2.8151e-35,1.2504e-26
<SURFACE-MODEL>Lambert
<SURFACE-PHASEMODEL>ISO
<SURFACE-ALBEDO>0.004
<SURFACE-EMISSIVITY>0.996
<SURFACE-TEMPERATURE>3000.0
<GENERATOR-RANGE1>0.4
<GENERATOR-RANGE2>20
<GENERATOR-RANGEUNIT>um
<GENERATOR-RESOLUTION>200
<GENERATOR-RESOLUTIONUNIT>RP
<GENERATOR-TELESCOPE>SINGLE
<GENERATOR-DIAMTELE>5.64
<GENERATOR-BEAM>1.0
<GENERATOR-BEAM-UNIT>diffrac
<GENERATOR-GAS-MODEL>Y
<GENERATOR-CONT-MODEL>Y
<GENERATOR-CONT-STELLAR>N
<GENERATOR-TRANS-APPLY>N
<GENERATOR-TRANS-SHOW>N
<GENERATOR-RADUNITS>ppm
<GENERATOR-RESOLUTIONKERNEL>Y
results_log.txt
WARNING | PUMAS | Atmospheric temperature exceeded correlated-k range (40-2000 K) for 'H2 - HIT[45]', restricting excitation temperatures to this range.
WARNING | PUMAS | Atmospheric temperature exceeded correlated-k range (40-2000 K) for 'CO - HIT[5]', restricting excitation temperatures to this range.
WARNING | PUMAS | Atmospheric temperature exceeded correlated-k range (40-2000 K) for 'H2O - HIT[1]', restricting excitation temperatures to this range.
WARNING | PUMAS | Atmospheric temperature exceeded correlated-k range (40-2000 K) for 'CO2 - HIT[2]', restricting excitation temperatures to this range.
WARNING | PUMAS | Atmospheric temperature exceeded correlated-k range (40-2000 K) for 'O2 - HIT[7]', restricting excitation temperatures to this range.
WARNING | PUMAS | Atmospheric temperature exceeded correlated-k range (40-2000 K) for 'CH4 - HIT[6]', restricting excitation temperatures to this range.
WARNING | PUMAS | Atmospheric temperature exceeded correlated-k range (40-2000 K) for 'O3 - HIT[3]', restricting excitation temperatures to this range.
results_lyr.txt
# ----------------------------------------------------------------------------------------------
# NASA-GSFC Planetary Spectrum Generator (PSG, Villanueva et al. 2018, 2022)
# Single scattering radiative transfer method, LMAX:0 / gMAX:0.00
# Synthesized on Tue Apr 29 02:15:28 2025
# Radiative transfer took 14.210 seconds
# Radiative transfer method: correlated-k (med)
# Synthesis resolution [cm-1], l/dl, points and fine scaler: 1.248e+01 2.001e+03 7.827e+03 1
# ----------------------------------------------------------------------------------------------
# Molecular abundance profile: Parmentier+2014; Kempton_1.0Xsolar_cond
# Molecules considered: H2,He,CO,H2O,CO2,O2,CH4,O3
# Molecular sources: HIT[45],HIT[0],HIT[5],HIT[1],HIT[2],HIT[7],HIT[6],HIT[3]
# Molecular abundances: 1.0,1.0,1.0,1.0,1.0,1.0,1.0,1.0
# Molecular abundance units: scl,scl,scl,scl,scl,scl,scl,scl
# Collisional partners (H2 type): Air:0%, H2:100%, He:0%, CO2:0%
# UV cross-sections included:  H2 CO H2O CO2 O2 CH4 O3
# Collision-Induced-Absorption:  CO2-H2  H2-H2  H2-He  H2O-H2O 
# Molecular Rayleigh included
# Refraction included (rmax-1.0, max total bending [deg]): 1.287902e-05 8.288802e-03
# ----------------------------------------------------------------------------------------------
# Input layer-by-layer atmospheric profile
# Molecular abundances in molec/molec and aerosols in kg/kg
# ----------------------------------------------------------------------------------------------
#  Layer Alt[km] Pressure[bar] Temp[K] Density[m-3] Mass[g/mol]         H2         He         CO        H2O        CO2         O2        CH4         O3
# ----------------------------------------------------------------------------------------------
#    1     0.000   1.000e+00  3000.000   2.414e+24    2.331699   6.856e-01  1.483e-01  4.481e-04  3.500e-04  3.479e-08  7.084e-10  1.376e-10  1.567e-20
#    2   174.609   7.543e-01  3922.500   1.393e+24    2.331699   6.856e-01  1.483e-01  4.481e-04  3.500e-04  3.479e-08  7.084e-10  1.376e-10  1.567e-20
#    3   473.273   4.942e-01  3922.500   9.125e+23    2.325344   6.443e-01  1.449e-01  4.378e-04  3.281e-04  3.390e-08  1.076e-09  5.111e-11  2.373e-20
#    4   774.054   3.237e-01  3922.500   5.978e+23    2.319115   6.055e-01  1.416e-01  4.277e-04  3.076e-04  3.303e-08  1.633e-09  1.898e-11  3.594e-20
#    5  1076.959   2.121e-01  3922.100   3.917e+23    2.313013   5.691e-01  1.383e-01  4.178e-04  2.883e-04  3.218e-08  2.480e-09  7.045e-12  5.443e-20
#    6  1381.701   1.389e-01  3914.100   2.571e+23    2.307040   5.349e-01  1.351e-01  4.081e-04  2.702e-04  3.136e-08  3.767e-09  2.616e-12  8.244e-20
#    7  1686.980   9.103e-02  3877.800   1.700e+23    2.300111   4.901e-01  1.314e-01  3.970e-04  2.416e-04  2.975e-08  5.471e-09  9.400e-13  1.168e-19
#    8  1991.008   5.964e-02  3813.100   1.133e+23    2.289834   4.110e-01  1.259e-01  3.803e-04  1.829e-04  2.573e-08  6.805e-09  3.012e-13  1.312e-19
#    9  2292.775   3.907e-02  3754.100   7.538e+22    2.279928   3.447e-01  1.206e-01  3.643e-04  1.385e-04  2.225e-08  8.464e-09  9.649e-14  1.473e-19
#   10  2594.645   2.559e-02  3751.000   4.942e+22    2.270406   2.891e-01  1.155e-01  3.491e-04  1.048e-04  1.924e-08  1.053e-08  3.092e-14  1.654e-19
#   11  2901.768   1.677e-02  3820.400   3.179e+22    2.261227   2.425e-01  1.107e-01  3.344e-04  7.936e-05  1.664e-08  1.310e-08  9.906e-15  1.857e-19
#   12  3219.017   1.098e-02  3934.600   2.022e+22    2.252375   2.034e-01  1.060e-01  3.204e-04  6.008e-05  1.439e-08  1.629e-08  3.174e-15  2.084e-19
#   13  3548.274   7.197e-03  4057.300   1.285e+22    2.246674   1.502e-01  1.028e-01  3.107e-04  3.321e-05  1.044e-08  1.392e-08  9.634e-16  1.333e-19
#   14  3889.318   4.715e-03  4162.200   8.205e+21    2.241820   1.071e-01  1.001e-01  3.023e-04  1.679e-05  7.209e-09  1.069e-08  2.880e-16  7.263e-20
#   15  4240.394   3.089e-03  4238.300   5.279e+21    2.236940   7.627e-02  9.738e-02  2.942e-04  8.483e-06  4.976e-09  8.211e-09  8.608e-17  3.956e-20
#   16  4599.257   2.024e-03  4287.100   3.419e+21    2.232060   5.434e-02  9.476e-02  2.863e-04  4.287e-06  3.435e-09  6.306e-09  2.573e-17  2.155e-20
#   17  4964.079   1.326e-03  4315.700   2.225e+21    2.227206   3.872e-02  9.222e-02  2.786e-04  2.167e-06  2.371e-09  4.843e-09  7.691e-18  1.174e-20
#   18  5333.259   8.685e-04  4331.500   1.452e+21    2.223779   2.694e-02  9.040e-02  2.731e-04  1.048e-06  1.616e-09  3.573e-09  2.253e-18  6.022e-21
#   19  5705.557   5.690e-04  4340.100   9.496e+20    2.223070   1.786e-02  8.995e-02  2.718e-04  4.643e-07  1.074e-09  2.434e-09  6.336e-19  2.740e-21
#   20  6080.542   3.728e-04  4344.600   6.214e+20    2.222298   1.185e-02  8.951e-02  2.704e-04  2.057e-07  7.138e-10  1.657e-09  1.782e-19  1.246e-21
#   21  6457.947   2.442e-04  4347.000   4.069e+20    2.221482   7.859e-03  8.906e-02  2.691e-04  9.113e-08  4.744e-10  1.129e-09  5.012e-20  5.671e-22
#   22  6837.686   1.600e-04  4348.200   2.665e+20    2.220642   5.213e-03  8.862e-02  2.677e-04  4.038e-08  3.153e-10  7.688e-10  1.410e-20  2.580e-22
#   23  7219.739   1.048e-04  4348.900   1.746e+20    2.219784   3.457e-03  8.818e-02  2.664e-04  1.789e-08  2.096e-10  5.236e-10  3.964e-21  1.174e-22
#   24  7603.876   6.866e-05  4349.200   1.144e+20    2.219625   2.271e-03  8.809e-02  2.661e-04  7.761e-09  1.383e-10  3.487e-10  1.110e-21  5.163e-23
#   25  7990.149   4.498e-05  4349.400   7.491e+19    2.219543   1.490e-03  8.804e-02  2.659e-04  3.358e-09  9.114e-11  2.316e-10  3.105e-22  2.262e-23
#   26  8378.516   2.947e-05  4349.500   4.908e+19    2.219456   9.771e-04  8.799e-02  2.657e-04  1.453e-09  6.008e-11  1.538e-10  8.689e-23  9.908e-24
#   27  8769.053   1.931e-05  4349.500   3.215e+19    2.219366   6.410e-04  8.794e-02  2.655e-04  6.287e-10  3.960e-11  1.022e-10  2.431e-23  4.340e-24
#   28  9161.690   1.265e-05  4349.500   2.106e+19    2.219272   4.205e-04  8.789e-02  2.653e-04  2.720e-10  2.610e-11  6.784e-11  6.802e-24  1.901e-24
#   29  9556.554   8.286e-06  4349.500   1.380e+19    2.219209   2.757e-04  8.786e-02  2.650e-04  1.174e-10  1.716e-11  4.488e-11  1.904e-24  8.280e-25
#   30  9953.544   5.429e-06  4349.500   9.040e+18    2.219190   1.806e-04  8.786e-02  2.646e-04  5.052e-11  1.125e-11  2.954e-11  5.334e-25  3.580e-25
#   31 10352.732   3.557e-06  4349.600   5.922e+18    2.219171   1.184e-04  8.785e-02  2.642e-04  2.174e-11  7.379e-12  1.945e-11  1.494e-25  1.548e-25
#   32 10754.117   2.330e-06  4349.600   3.880e+18    2.219152   7.755e-05  8.785e-02  2.638e-04  9.354e-12  4.838e-12  1.280e-11  4.186e-26  6.690e-26
#   33 11157.771   1.526e-06  4349.600   2.542e+18    2.219132   5.081e-05  8.784e-02  2.634e-04  4.025e-12  3.173e-12  8.429e-12  1.172e-26  2.892e-26
#   34 11563.625   1.000e-06  4349.600   1.665e+18    2.219112   3.329e-05  8.784e-02  2.630e-04  1.732e-12  2.080e-12  5.548e-12  3.285e-27  1.250e-26
#
# ----------------------------------------------------------------------------------------------
# Integrated column densities and layer information used by the radiative transfer analysis
# Oblique molecular layer columns in molec/m2 and aerosols in kg/m2
# Layers organized in order of the radiation towards the observer, with last line referring to the location of the observer
# ----------------------------------------------------------------------------------------------
#   Low[km]  High[km]  Path[km] Pressure[bar] Temp[K]   Airmass   dcol[m-2]         H2         He         CO        H2O        CO2         O2        CH4         O3
# ----------------------------------------------------------------------------------------------
#     0.000   174.609   259.142   8.820e-01  3410.816    1.4841   4.854e+29  3.327e+29  7.200e+28  2.175e+26  1.699e+26  1.689e+22  3.438e+20  6.681e+19  7.605e+09
#   174.609   473.273   441.506   6.215e-01  3922.500    1.4783   5.067e+29  3.376e+29  7.436e+28  2.247e+26  1.722e+26  1.742e+22  4.346e+20  4.431e+19  9.601e+09
#   473.273   774.054   443.436   4.072e-01  3922.500    1.4743   3.334e+29  2.088e+29  4.780e+28  1.444e+26  1.062e+26  1.117e+22  4.343e+20  1.082e+19  9.568e+09
#   774.054  1076.959   445.369   2.668e-01  3922.317    1.4703   2.194e+29  1.291e+29  3.073e+28  9.283e+25  6.550e+25  7.160e+21  4.339e+20  2.645e+18  9.535e+09
#  1076.959  1381.701   446.913   1.747e-01  3918.436    1.4665   1.444e+29  7.985e+28  1.975e+28  5.967e+25  4.040e+25  4.591e+21  4.336e+20  6.460e+17  9.503e+09
#  1381.701  1686.980   446.674   1.144e-01  3897.446    1.4632   9.500e+28  4.881e+28  1.267e+28  3.828e+25  2.438e+25  2.908e+21  4.247e+20  1.554e+17  9.190e+09
#  1686.980  1991.008   443.847   7.495e-02  3848.069    1.4599   6.262e+28  2.831e+28  8.067e+27  2.437e+25  1.331e+25  1.743e+21  3.787e+20  3.489e+16  7.715e+09
#  1991.008  2292.775   439.386   4.911e-02  3785.995    1.4560   4.128e+28  1.565e+28  5.095e+27  1.539e+25  6.643e+24  9.935e+20  3.105e+20  7.369e+15  5.710e+09
#  2292.775  2594.645   438.100   3.219e-02  3752.680    1.4513   2.722e+28  8.657e+27  3.219e+27  9.724e+24  3.318e+24  5.667e+20  2.546e+20  1.560e+15  4.227e+09
#  2594.645  2901.768   444.193   2.111e-02  3782.650    1.4463   1.795e+28  4.790e+27  2.034e+27  6.145e+24  1.657e+24  3.233e+20  2.088e+20  3.303e+14  3.129e+09
#  2901.768  3219.017   457.435   1.383e-02  3872.355    1.4419   1.184e+28  2.649e+27  1.285e+27  3.881e+24  8.275e+23  1.844e+20  1.712e+20  6.985e+13  2.316e+09
#  3219.017  3548.274   473.482   9.063e-03  3990.408    1.4380   7.789e+27  1.380e+27  8.145e+26  2.461e+24  3.574e+23  9.688e+19  1.181e+20  1.437e+13  1.325e+09
#  3548.274  3889.318   489.231   5.936e-03  4105.065    1.4345   5.124e+27  6.598e+26  5.204e+26  1.572e+24  1.247e+23  4.520e+19  6.326e+19  2.849e+12  5.181e+08
#  3889.318  4240.394   502.415   3.888e-03  4196.907    1.4311   3.371e+27  3.092e+26  3.332e+26  1.007e+24  4.145e+22  2.052e+19  3.195e+19  5.597e+11  1.856e+08
#  4240.394  4599.257   512.299   2.546e-03  4260.588    1.4276   2.218e+27  1.449e+26  2.133e+26  6.444e+23  1.377e+22  9.316e+18  1.614e+19  1.100e+11  6.648e+07
#  4599.257  4964.079   519.474   1.668e-03  4300.176    1.4239   1.459e+27  6.791e+25  1.366e+26  4.126e+23  4.579e+21  4.231e+18  8.156e+18  2.162e+10  2.382e+07
#  4964.079  5333.259   524.291   1.092e-03  4322.928    1.4202   9.597e+26  3.147e+25  8.770e+25  2.650e+23  1.491e+21  1.909e+18  4.044e+18  4.209e+09  8.302e+06
#  5333.259  5705.557   527.294   7.157e-04  4335.436    1.4163   6.305e+26  1.407e+25  5.687e+25  1.718e+23  4.552e+20  8.450e+17  1.890e+18  7.947e+08  2.648e+06
#  5705.557  6080.542   529.656   4.688e-04  4342.160    1.4125   4.142e+26  6.132e+24  3.718e+25  1.123e+23  1.325e+20  3.690e+17  8.455e+17  1.468e+08  7.913e+05
#  6080.542  6457.947   531.626   3.071e-04  4345.699    1.4086   2.722e+26  2.672e+24  2.430e+25  7.343e+22  3.856e+19  1.611e+17  3.784e+17  2.713e+07  2.365e+05
#  6457.947  6837.686   533.464   2.012e-04  4347.549    1.4048   1.788e+26  1.165e+24  1.589e+25  4.801e+22  1.123e+19  7.037e+16  1.693e+17  5.014e+06  7.071e+04
#  6837.686  7219.739   535.265   1.318e-04  4348.520    1.4010   1.175e+26  5.076e+23  1.039e+25  3.139e+22  3.269e+18  3.074e+16  7.579e+16  9.268e+05  2.114e+04
#  7219.739  7603.876   536.746   8.636e-05  4349.037    1.3973   7.720e+25  2.202e+23  6.804e+24  2.055e+22  9.422e+17  1.337e+16  3.356e+16  1.709e+05  6.221e+03
#  7603.876  7990.149   538.293   5.658e-05  4349.292    1.3936   5.072e+25  9.495e+22  4.466e+24  1.349e+22  2.682e+17  5.794e+15  1.466e+16  3.142e+04  1.795e+03
#  7990.149  8378.516   539.784   3.707e-05  4349.446    1.3899   3.332e+25  4.092e+22  2.932e+24  8.856e+21  7.624e+16  2.509e+15  6.398e+15  5.775e+03  5.164e+02
#  8378.516  8769.053   541.376   2.428e-05  4349.500    1.3862   2.189e+25  1.764e+22  1.926e+24  5.815e+21  2.167e+16  1.087e+15  2.792e+15  1.062e+03  1.486e+02
#  8769.053  9161.690   542.876   1.591e-05  4349.500    1.3826   1.438e+25  7.600e+21  1.264e+24  3.817e+21  6.161e+15  4.706e+14  1.218e+15  1.951e+02  4.278e+01
#  9161.690  9556.554   544.545   1.042e-05  4349.500    1.3791   9.451e+24  3.275e+21  8.305e+23  2.506e+21  1.750e+15  2.036e+14  5.306e+14  3.589e+01  1.228e+01
#  9556.554  9953.544   546.077   6.828e-06  4349.500    1.3755   6.209e+24  1.410e+21  5.455e+23  1.644e+21  4.955e+14  8.785e+13  2.301e+14  6.602e+00  3.502e+00
#  9953.544 10352.732   547.705   4.473e-06  4349.546    1.3720   4.080e+24  6.072e+20  3.584e+23  1.079e+21  1.401e+14  3.785e+13  9.953e+13  1.215e+00  9.948e-01
# 10352.732 10754.117   549.333   2.930e-06  4349.600    1.3686   2.681e+24  2.614e+20  2.355e+23  7.077e+20  3.961e+13  1.630e+13  4.305e+13  2.237e-01  2.826e-01
# 10754.117 11157.771   551.056   1.920e-06  4349.600    1.3652   1.762e+24  1.126e+20  1.548e+23  4.644e+20  1.120e+13  7.026e+12  1.863e+13  4.118e-02  8.028e-02
# 11157.771 11563.625   552.687   1.258e-06  4349.600    1.3618   1.157e+24  4.846e+19  1.017e+23  3.046e+20  3.167e+12  3.027e+12  8.056e+12  7.579e-03  2.280e-02
# ----------------------------------------------------------------------------------------------
# Integrated atmospheric columns                         1.4740   1.968e+30  1.200e+30  2.793e+29  8.437e+26  6.048e+26  6.412e+22  4.074e+21  1.254e+20  8.023e+10
# ----------------------------------------------------------------------------------------------
results_rad.txt
# ------------------------------------------------------------------------
# Radiance spectrum
# NASA-GSFC Planetary Spectrum Generator (PSG) (Villanueva et al. 2018, 2022)
# Synthesized on Tue Apr 29 02:15:28 2025
# Doppler velocities [km/s] (vobs,vrot+vorb,vwidth,vrfl,vstr): -20.56700,-208.73000,4.68000,0.00000,0.22691
# ------------------------------------------------------------------------
# Spectra synthesized with the Planetary and Universal Model of Atmospheric Scattering (PUMAS, Villanueva et al. 2018, 2022)
# Single scattering radiative transfer method
# Radiative transfer took 14.210 seconds
# ------------------------------------------------------------------------
# Spectral unit: Wavelength [um]
# Radiance unit: Contrast [ppm]
# Wave/freq Total Stellar Kelt-9-b
4.000000000e-01 -2.7915333e+03  1.00000e+06  3.13763e+01
4.002000000e-01 -2.0312337e+03  1.00000e+06  3.13918e+01
4.004001000e-01 -1.4231695e+03  1.00000e+06  3.14010e+01
4.006003000e-01 -9.5562683e+02  1.00000e+06  3.14046e+01
4.008006002e-01 -6.1075684e+02  1.00000e+06  3.14031e+01
4.010010005e-01 -3.6717748e+02  1.00000e+06  3.13975e+01
4.012015010e-01 -2.0270852e+02  1.00000e+06  3.13886e+01
4.014021018e-01 -9.6686166e+01  1.00000e+06  3.13774e+01
4.016028028e-01 -3.1510748e+01  1.00000e+06  3.13645e+01
4.018036042e-01  6.6596803e+00  1.00000e+06  3.13505e+01
4.020045060e-01  2.7940492e+01  1.00000e+06  3.13358e+01
4.022055083e-01  3.9228388e+01  1.00000e+06  3.13207e+01
4.024066110e-01  4.4923020e+01  1.00000e+06  3.13054e+01
4.026078143e-01  4.7655943e+01  1.00000e+06  3.12900e+01
4.028091182e-01  4.8905234e+01  1.00000e+06  3.12745e+01
4.030105228e-01  4.9451421e+01  1.00000e+06  3.12590e+01
4.032120280e-01  4.9682382e+01  1.00000e+06  3.12435e+01
4.034136341e-01  4.9779637e+01  1.00000e+06  3.12279e+01
4.036153409e-01  4.9823236e+01  1.00000e+06  3.12124e+01
4.038171485e-01  4.9846463e+01  1.00000e+06  3.11969e+01
4.040190571e-01  4.9862367e+01  1.00000e+06  3.11814e+01
4.042210666e-01  4.9875777e+01  1.00000e+06  3.11658e+01
4.044231772e-01  4.9889179e+01  1.00000e+06  3.11503e+01
4.046253888e-01  4.9902574e+01  1.00000e+06  3.11348e+01
4.048277015e-01  4.9915961e+01  1.00000e+06  3.11192e+01
4.050301153e-01  4.9929341e+01  1.00000e+06  3.11037e+01
4.052326304e-01  4.9942714e+01  1.00000e+06  3.10882e+01
4.054352467e-01  4.9956082e+01  1.00000e+06  3.10726e+01
4.056379643e-01  4.9969444e+01  1.00000e+06  3.10571e+01
4.058407833e-01  4.9982802e+01  1.00000e+06  3.10415e+01
4.060437037e-01  4.9996154e+01  1.00000e+06  3.10260e+01
4.062467255e-01  5.0009502e+01  1.00000e+06  3.10105e+01
4.064498489e-01  5.0022843e+01  1.00000e+06  3.09949e+01
4.066530738e-01  5.0036179e+01  1.00000e+06  3.09794e+01
4.068564004e-01  5.0049508e+01  1.00000e+06  3.09639e+01
4.070598286e-01  5.0062830e+01  1.00000e+06  3.09483e+01
4.072633585e-01  5.0076147e+01  1.00000e+06  3.09328e+01
4.074669902e-01  5.0089458e+01  1.00000e+06  3.09172e+01
4.076707237e-01  5.0102762e+01  1.00000e+06  3.09017e+01
4.078745590e-01  5.0116060e+01  1.00000e+06  3.08862e+01
4.080784963e-01  5.0129350e+01  1.00000e+06  3.08706e+01
4.082825355e-01  5.0142632e+01  1.00000e+06  3.08551e+01
4.084866768e-01  5.0155905e+01  1.00000e+06  3.08395e+01
4.086909201e-01  5.0169169e+01  1.00000e+06  3.08240e+01
4.088952656e-01  5.0182423e+01  1.00000e+06  3.08084e+01
4.090997132e-01  5.0195667e+01  1.00000e+06  3.07929e+01
4.093042631e-01  5.0208902e+01  1.00000e+06  3.07773e+01
4.095089152e-01  5.0222129e+01  1.00000e+06  3.07617e+01
4.097136697e-01  5.0235348e+01  1.00000e+06  3.07462e+01
4.099185265e-01  5.0248561e+01  1.00000e+06  3.07306e+01
4.101234858e-01  5.0261768e+01  1.00000e+06  3.07150e+01
4.103285475e-01  5.0274969e+01  1.00000e+06  3.06994e+01
4.105337118e-01  5.0288165e+01  1.00000e+06  3.06839e+01
4.107389787e-01  5.0301357e+01  1.00000e+06  3.06683e+01
4.109443481e-01  5.0314545e+01  1.00000e+06  3.06527e+01
4.111498203e-01  5.0327729e+01  1.00000e+06  3.06372e+01
4.113553952e-01  5.0340909e+01  1.00000e+06  3.06216e+01
4.115610729e-01  5.0354086e+01  1.00000e+06  3.06061e+01
4.117668535e-01  5.0367259e+01  1.00000e+06  3.05905e+01
4.119727369e-01  5.0380429e+01  1.00000e+06  3.05750e+01
4.121787233e-01  5.0393595e+01  1.00000e+06  3.05594e+01
4.123848126e-01  5.0406757e+01  1.00000e+06  3.05439e+01
4.125910050e-01  5.0419913e+01  1.00000e+06  3.05283e+01
4.127973005e-01  5.0433062e+01  1.00000e+06  3.05128e+01
4.130036992e-01  5.0446203e+01  1.00000e+06  3.04972e+01
4.132102010e-01  5.0459337e+01  1.00000e+06  3.04816e+01
4.134168061e-01  5.0472463e+01  1.00000e+06  3.04661e+01
4.136235145e-01  5.0485584e+01  1.00000e+06  3.04505e+01
4.138303263e-01  5.0498700e+01  1.00000e+06  3.04350e+01
4.140372415e-01  5.0511815e+01  1.00000e+06  3.04194e+01
4.142442601e-01  5.0524930e+01  1.00000e+06  3.04039e+01
4.144513822e-01  5.0538047e+01  1.00000e+06  3.03884e+01
4.146586079e-01  5.0551165e+01  1.00000e+06  3.03728e+01
4.148659372e-01  5.0564284e+01  1.00000e+06  3.03573e+01
4.150733702e-01  5.0577402e+01  1.00000e+06  3.03418e+01
4.152809069e-01  5.0590517e+01  1.00000e+06  3.03263e+01
4.154885473e-01  5.0603629e+01  1.00000e+06  3.03108e+01
4.156962916e-01  5.0616739e+01  1.00000e+06  3.02953e+01
4.159041397e-01  5.0629847e+01  1.00000e+06  3.02798e+01
4.161120918e-01  5.0642957e+01  1.00000e+06  3.02643e+01
4.163201478e-01  5.0656071e+01  1.00000e+06  3.02488e+01
4.165283079e-01  5.0669192e+01  1.00000e+06  3.02333e+01
4.167365721e-01  5.0682321e+01  1.00000e+06  3.02179e+01
4.169449404e-01  5.0695458e+01  1.00000e+06  3.02024e+01
4.171534128e-01  5.0708601e+01  1.00000e+06  3.01870e+01
4.173619895e-01  5.0721749e+01  1.00000e+06  3.01716e+01
4.175706705e-01  5.0734900e+01  1.00000e+06  3.01562e+01
4.177794559e-01  5.0748051e+01  1.00000e+06  3.01408e+01
4.179883456e-01  5.0761202e+01  1.00000e+06  3.01254e+01
4.181973398e-01  5.0774351e+01  1.00000e+06  3.01100e+01
4.184064384e-01  5.0787498e+01  1.00000e+06  3.00946e+01
4.186156417e-01  5.0800644e+01  1.00000e+06  3.00792e+01
4.188249495e-01  5.0813788e+01  1.00000e+06  3.00638e+01
4.190343619e-01  5.0826931e+01  1.00000e+06  3.00485e+01
4.192438791e-01  5.0840075e+01  1.00000e+06  3.00331e+01
4.194535011e-01  5.0853218e+01  1.00000e+06  3.00177e+01
4.196632278e-01  5.0866362e+01  1.00000e+06  3.00024e+01
4.198730594e-01  5.0879507e+01  1.00000e+06  2.99870e+01
4.200829960e-01  5.0892652e+01  1.00000e+06  2.99717e+01
4.202930375e-01  5.0905799e+01  1.00000e+06  2.99564e+01
4.205031840e-01  5.0918948e+01  1.00000e+06  2.99410e+01
4.207134356e-01  5.0932098e+01  1.00000e+06  2.99257e+01
4.209237923e-01  5.0945250e+01  1.00000e+06  2.99104e+01
4.211342542e-01  5.0958405e+01  1.00000e+06  2.98951e+01
4.213448213e-01  5.0971563e+01  1.00000e+06  2.98798e+01
4.215554937e-01  5.0984725e+01  1.00000e+06  2.98645e+01
4.217662715e-01  5.0997891e+01  1.00000e+06  2.98493e+01
4.219771546e-01  5.1011062e+01  1.00000e+06  2.98340e+01
4.221881432e-01  5.1024237e+01  1.00000e+06  2.98188e+01
4.223992373e-01  5.1037417e+01  1.00000e+06  2.98035e+01
4.226104369e-01  5.1050601e+01  1.00000e+06  2.97883e+01
4.228217421e-01  5.1063789e+01  1.00000e+06  2.97731e+01
4.230331530e-01  5.1076980e+01  1.00000e+06  2.97579e+01
4.232446695e-01  5.1090174e+01  1.00000e+06  2.97427e+01
4.234562919e-01  5.1103371e+01  1.00000e+06  2.97275e+01
4.236680200e-01  5.1116571e+01  1.00000e+06  2.97124e+01
4.238798540e-01  5.1129775e+01  1.00000e+06  2.96972e+01
4.240917940e-01  5.1142982e+01  1.00000e+06  2.96820e+01
4.243038399e-01  5.1156193e+01  1.00000e+06  2.96669e+01
4.245159918e-01  5.1169408e+01  1.00000e+06  2.96518e+01
4.247282498e-01  5.1182628e+01  1.00000e+06  2.96366e+01
4.249406139e-01  5.1195853e+01  1.00000e+06  2.96215e+01
4.251530842e-01  5.1209083e+01  1.00000e+06  2.96064e+01
4.253656607e-01  5.1222319e+01  1.00000e+06  2.95913e+01
4.255783436e-01  5.1235562e+01  1.00000e+06  2.95763e+01
4.257911327e-01  5.1248813e+01  1.00000e+06  2.95612e+01
4.260040283e-01  5.1262071e+01  1.00000e+06  2.95462e+01
4.262170303e-01  5.1275337e+01  1.00000e+06  2.95311e+01
4.264301388e-01  5.1288611e+01  1.00000e+06  2.95161e+01
4.266433539e-01  5.1301891e+01  1.00000e+06  2.95011e+01
4.268566756e-01  5.1315177e+01  1.00000e+06  2.94861e+01
4.270701039e-01  5.1328467e+01  1.00000e+06  2.94712e+01
4.272836390e-01  5.1341761e+01  1.00000e+06  2.94562e+01
4.274972808e-01  5.1355058e+01  1.00000e+06  2.94412e+01
4.277110294e-01  5.1368358e+01  1.00000e+06  2.94263e+01
4.279248850e-01  5.1381660e+01  1.00000e+06  2.94113e+01
4.281388474e-01  5.1394965e+01  1.00000e+06  2.93964e+01
4.283529168e-01  5.1408273e+01  1.00000e+06  2.93815e+01
4.285670933e-01  5.1421586e+01  1.00000e+06  2.93666e+01
4.287813768e-01  5.1434904e+01  1.00000e+06  2.93517e+01
4.289957675e-01  5.1448228e+01  1.00000e+06  2.93368e+01
4.292102654e-01  5.1461559e+01  1.00000e+06  2.93219e+01
4.294248705e-01  5.1474896e+01  1.00000e+06  2.93071e+01
4.296395830e-01  5.1488241e+01  1.00000e+06  2.92922e+01
4.298544028e-01  5.1501594e+01  1.00000e+06  2.92774e+01
4.300693300e-01  5.1514954e+01  1.00000e+06  2.92626e+01
4.302843646e-01  5.1528323e+01  1.00000e+06  2.92478e+01
4.304995068e-01  5.1541699e+01  1.00000e+06  2.92330e+01
4.307147566e-01  5.1555084e+01  1.00000e+06  2.92182e+01
4.309301139e-01  5.1568477e+01  1.00000e+06  2.92035e+01
4.311455790e-01  5.1581880e+01  1.00000e+06  2.91888e+01
4.313611518e-01  5.1595291e+01  1.00000e+06  2.91740e+01
4.315768324e-01  5.1608713e+01  1.00000e+06  2.91593e+01
4.317926208e-01  5.1622143e+01  1.00000e+06  2.91446e+01
4.320085171e-01  5.1635584e+01  1.00000e+06  2.91300e+01
4.322245213e-01  5.1649033e+01  1.00000e+06  2.91153e+01
4.324406336e-01  5.1662493e+01  1.00000e+06  2.91007e+01
4.326568539e-01  5.1675962e+01  1.00000e+06  2.90861e+01
4.328731823e-01  5.1689441e+01  1.00000e+06  2.90715e+01
4.330896189e-01  5.1702929e+01  1.00000e+06  2.90569e+01
4.333061637e-01  5.1716428e+01  1.00000e+06  2.90423e+01
4.335228168e-01  5.1729936e+01  1.00000e+06  2.90277e+01
4.337395782e-01  5.1743453e+01  1.00000e+06  2.90132e+01
4.339564480e-01  5.1756980e+01  1.00000e+06  2.89987e+01
4.341734263e-01  5.1770516e+01  1.00000e+06  2.89842e+01
4.343905130e-01  5.1784059e+01  1.00000e+06  2.89697e+01
4.346077082e-01  5.1797610e+01  1.00000e+06  2.89552e+01
4.348250121e-01  5.1811169e+01  1.00000e+06  2.89408e+01
4.350424246e-01  5.1824736e+01  1.00000e+06  2.89263e+01
4.352599458e-01  5.1838312e+01  1.00000e+06  2.89119e+01
4.354775758e-01  5.1851898e+01  1.00000e+06  2.88975e+01
4.356953146e-01  5.1865494e+01  1.00000e+06  2.88831e+01
4.359131622e-01  5.1879103e+01  1.00000e+06  2.88687e+01
4.361311188e-01  5.1892723e+01  1.00000e+06  2.88543e+01
4.363491844e-01  5.1906355e+01  1.00000e+06  2.88400e+01
4.365673589e-01  5.1919995e+01  1.00000e+06  2.88257e+01
4.367856426e-01  5.1933641e+01  1.00000e+06  2.88114e+01
4.370040354e-01  5.1947289e+01  1.00000e+06  2.87971e+01
4.372225375e-01  5.1960935e+01  1.00000e+06  2.87828e+01
4.374411487e-01  5.1974575e+01  1.00000e+06  2.87685e+01
4.376598693e-01  5.1988210e+01  1.00000e+06  2.87542e+01
4.378786992e-01  5.2001840e+01  1.00000e+06  2.87399e+01
4.380976386e-01  5.2015471e+01  1.00000e+06  2.87256e+01
4.383166874e-01  5.2029110e+01  1.00000e+06  2.87114e+01
4.385358458e-01  5.2042764e+01  1.00000e+06  2.86971e+01
4.387551137e-01  5.2056441e+01  1.00000e+06  2.86829e+01
4.389744912e-01  5.2070146e+01  1.00000e+06  2.86687e+01
4.391939785e-01  5.2083876e+01  1.00000e+06  2.86546e+01
4.394135755e-01  5.2097627e+01  1.00000e+06  2.86405e+01
4.396332823e-01  5.2111387e+01  1.00000e+06  2.86264e+01
4.398530989e-01  5.2125141e+01  1.00000e+06  2.86123e+01
4.400730254e-01  5.2138874e+01  1.00000e+06  2.85981e+01
4.402930620e-01  5.2152572e+01  1.00000e+06  2.85840e+01
4.405132085e-01  5.2166226e+01  1.00000e+06  2.85698e+01
4.407334651e-01  5.2179830e+01  1.00000e+06  2.85556e+01
4.409538318e-01  5.2193388e+01  1.00000e+06  2.85413e+01
4.411743087e-01  5.2206909e+01  1.00000e+06  2.85270e+01
4.413948959e-01  5.2220414e+01  1.00000e+06  2.85127e+01
4.416155933e-01  5.2233928e+01  1.00000e+06  2.84985e+01
4.418364011e-01  5.2247486e+01  1.00000e+06  2.84842e+01
4.420573193e-01  5.2261122e+01  1.00000e+06  2.84701e+01
4.422783480e-01  5.2274869e+01  1.00000e+06  2.84561e+01
4.424994872e-01  5.2288749e+01  1.00000e+06  2.84422e+01
4.427207369e-01  5.2302772e+01  1.00000e+06  2.84284e+01
4.429420973e-01  5.2316930e+01  1.00000e+06  2.84149e+01
4.431635683e-01  5.2331202e+01  1.00000e+06  2.84014e+01
4.433851501e-01  5.2345561e+01  1.00000e+06  2.83880e+01
4.436068427e-01  5.2359973e+01  1.00000e+06  2.83747e+01
4.438286461e-01  5.2374408e+01  1.00000e+06  2.83614e+01
4.440505604e-01  5.2388846e+01  1.00000e+06  2.83481e+01
4.442725857e-01  5.2403270e+01  1.00000e+06  2.83348e+01
4.444947220e-01  5.2417673e+01  1.00000e+06  2.83215e+01
4.447169694e-01  5.2432053e+01  1.00000e+06  2.83082e+01
4.449393279e-01  5.2446410e+01  1.00000e+06  2.82949e+01
4.451617975e-01  5.2460747e+01  1.00000e+06  2.82816e+01
4.453843784e-01  5.2475068e+01  1.00000e+06  2.82682e+01
4.456070706e-01  5.2489377e+01  1.00000e+06  2.82549e+01
4.458298741e-01  5.2503681e+01  1.00000e+06  2.82415e+01
4.460527891e-01  5.2517989e+01  1.00000e+06  2.82282e+01
4.462758155e-01  5.2532308e+01  1.00000e+06  2.82149e+01
4.464989534e-01  5.2546647e+01  1.00000e+06  2.82016e+01
4.467222029e-01  5.2561014e+01  1.00000e+06  2.81883e+01
4.469455640e-01  5.2575412e+01  1.00000e+06  2.81751e+01
4.471690367e-01  5.2589844e+01  1.00000e+06  2.81619e+01
4.473926213e-01  5.2604309e+01  1.00000e+06  2.81488e+01
4.476163176e-01  5.2618807e+01  1.00000e+06  2.81357e+01
4.478401257e-01  5.2633335e+01  1.00000e+06  2.81226e+01
4.480640458e-01  5.2647892e+01  1.00000e+06  2.81096e+01
4.482880778e-01  5.2662476e+01  1.00000e+06  2.80966e+01
4.485122219e-01  5.2677087e+01  1.00000e+06  2.80837e+01
4.487364780e-01  5.2691726e+01  1.00000e+06  2.80708e+01
4.489608462e-01  5.2706393e+01  1.00000e+06  2.80579e+01
4.491853266e-01  5.2721088e+01  1.00000e+06  2.80450e+01
4.494099193e-01  5.2735811e+01  1.00000e+06  2.80322e+01
4.496346243e-01  5.2750561e+01  1.00000e+06  2.80195e+01
4.498594416e-01  5.2765339e+01  1.00000e+06  2.80067e+01
4.500843713e-01  5.2780142e+01  1.00000e+06  2.79940e+01
4.503094135e-01  5.2794971e+01  1.00000e+06  2.79813e+01
4.505345682e-01  5.2809825e+01  1.00000e+06  2.79687e+01
4.507598355e-01  5.2824704e+01  1.00000e+06  2.79561e+01
4.509852154e-01  5.2839607e+01  1.00000e+06  2.79435e+01
4.512107080e-01  5.2854535e+01  1.00000e+06  2.79310e+01
4.514363133e-01  5.2869491e+01  1.00000e+06  2.79185e+01
4.516620315e-01  5.2884473e+01  1.00000e+06  2.79060e+01
4.518878625e-01  5.2899485e+01  1.00000e+06  2.78936e+01
4.521138064e-01  5.2914526e+01  1.00000e+06  2.78812e+01
4.523398633e-01  5.2929596e+01  1.00000e+06  2.78688e+01
4.525660333e-01  5.2944694e+01  1.00000e+06  2.78565e+01
4.527923163e-01  5.2959818e+01  1.00000e+06  2.78442e+01
4.530187125e-01  5.2974966e+01  1.00000e+06  2.78319e+01
4.532452218e-01  5.2990138e+01  1.00000e+06  2.78197e+01
4.534718444e-01  5.3005331e+01  1.00000e+06  2.78075e+01
4.536985803e-01  5.3020547e+01  1.00000e+06  2.77953e+01
4.539254296e-01  5.3035785e+01  1.00000e+06  2.77832e+01
4.541523924e-01  5.3051045e+01  1.00000e+06  2.77711e+01
4.543794685e-01  5.3066328e+01  1.00000e+06  2.77590e+01
4.546066583e-01  5.3081634e+01  1.00000e+06  2.77470e+01
4.548339616e-01  5.3096965e+01  1.00000e+06  2.77349e+01
4.550613786e-01  5.3112322e+01  1.00000e+06  2.77230e+01
4.552889093e-01  5.3127706e+01  1.00000e+06  2.77110e+01
4.555165537e-01  5.3143117e+01  1.00000e+06  2.76991e+01
4.557443120e-01  5.3158553e+01  1.00000e+06  2.76872e+01
4.559721842e-01  5.3174016e+01  1.00000e+06  2.76754e+01
4.562001703e-01  5.3189503e+01  1.00000e+06  2.76636e+01
4.564282703e-01  5.3205013e+01  1.00000e+06  2.76518e+01
4.566564845e-01  5.3220546e+01  1.00000e+06  2.76400e+01
4.568848127e-01  5.3236100e+01  1.00000e+06  2.76283e+01
4.571132551e-01  5.3251675e+01  1.00000e+06  2.76166e+01
4.573418118e-01  5.3267272e+01  1.00000e+06  2.76050e+01
4.575704827e-01  5.3282891e+01  1.00000e+06  2.75933e+01
4.577992679e-01  5.3298531e+01  1.00000e+06  2.75817e+01
4.580281675e-01  5.3314195e+01  1.00000e+06  2.75702e+01
4.582571816e-01  5.3329882e+01  1.00000e+06  2.75586e+01
4.584863102e-01  5.3345595e+01  1.00000e+06  2.75471e+01
4.587155534e-01  5.3361332e+01  1.00000e+06  2.75357e+01
4.589449111e-01  5.3377096e+01  1.00000e+06  2.75242e+01
4.591743836e-01  5.3392886e+01  1.00000e+06  2.75128e+01
4.594039708e-01  5.3408704e+01  1.00000e+06  2.75015e+01
4.596336728e-01  5.3424550e+01  1.00000e+06  2.74901e+01
4.598634896e-01  5.3440423e+01  1.00000e+06  2.74788e+01
4.600934214e-01  5.3456325e+01  1.00000e+06  2.74676e+01
4.603234681e-01  5.3472256e+01  1.00000e+06  2.74563e+01
4.605536298e-01  5.3488215e+01  1.00000e+06  2.74452e+01
4.607839066e-01  5.3504204e+01  1.00000e+06  2.74340e+01
4.610142986e-01  5.3520222e+01  1.00000e+06  2.74229e+01
4.612448057e-01  5.3536269e+01  1.00000e+06  2.74118e+01
4.614754281e-01  5.3552347e+01  1.00000e+06  2.74008e+01
4.617061658e-01  5.3568456e+01  1.00000e+06  2.73898e+01
4.619370189e-01  5.3584595e+01  1.00000e+06  2.73788e+01
4.621679874e-01  5.3600768e+01  1.00000e+06  2.73679e+01
4.623990714e-01  5.3616972e+01  1.00000e+06  2.73570e+01
4.626302710e-01  5.3633210e+01  1.00000e+06  2.73462e+01
4.628615861e-01  5.3649482e+01  1.00000e+06  2.73354e+01
4.630930169e-01  5.3665786e+01  1.00000e+06  2.73247e+01
4.633245634e-01  5.3682123e+01  1.00000e+06  2.73139e+01
4.635562257e-01  5.3698492e+01  1.00000e+06  2.73033e+01
4.637880038e-01  5.3714889e+01  1.00000e+06  2.72926e+01
4.640198978e-01  5.3731315e+01  1.00000e+06  2.72820e+01
4.642519077e-01  5.3747766e+01  1.00000e+06  2.72715e+01
4.644840337e-01  5.3764243e+01  1.00000e+06  2.72609e+01
4.647162757e-01  5.3780743e+01  1.00000e+06  2.72505e+01
4.649486338e-01  5.3797268e+01  1.00000e+06  2.72400e+01
4.651811082e-01  5.3813822e+01  1.00000e+06  2.72296e+01
4.654136987e-01  5.3830408e+01  1.00000e+06  2.72192e+01
4.656464056e-01  5.3847032e+01  1.00000e+06  2.72088e+01
4.658792288e-01  5.3863699e+01  1.00000e+06  2.71985e+01
4.661121684e-01  5.3880414e+01  1.00000e+06  2.71883e+01
4.663452245e-01  5.3897177e+01  1.00000e+06  2.71781e+01
4.665783971e-01  5.3913989e+01  1.00000e+06  2.71680e+01
4.668116863e-01  5.3930844e+01  1.00000e+06  2.71579e+01
4.670450921e-01  5.3947737e+01  1.00000e+06  2.71479e+01
4.672786147e-01  5.3964662e+01  1.00000e+06  2.71379e+01
4.675122540e-01  5.3981613e+01  1.00000e+06  2.71280e+01
4.677460101e-01  5.3998586e+01  1.00000e+06  2.71181e+01
4.679798831e-01  5.4015581e+01  1.00000e+06  2.71082e+01
4.682138731e-01  5.4032602e+01  1.00000e+06  2.70983e+01
4.684479800e-01  5.4049652e+01  1.00000e+06  2.70885e+01
4.686822040e-01  5.4066741e+01  1.00000e+06  2.70787e+01
4.689165451e-01  5.4083874e+01  1.00000e+06  2.70690e+01
4.691510034e-01  5.4101060e+01  1.00000e+06  2.70594e+01
4.693855789e-01  5.4118301e+01  1.00000e+06  2.70498e+01
4.696202716e-01  5.4135601e+01  1.00000e+06  2.70402e+01
4.698550818e-01  5.4152958e+01  1.00000e+06  2.70308e+01
4.700900093e-01  5.4170370e+01  1.00000e+06  2.70214e+01
4.703250543e-01  5.4187831e+01  1.00000e+06  2.70120e+01
4.705602169e-01  5.4205338e+01  1.00000e+06  2.70028e+01
4.707954970e-01  5.4222882e+01  1.00000e+06  2.69935e+01
4.710308947e-01  5.4240459e+01  1.00000e+06  2.69843e+01
4.712664102e-01  5.4258064e+01  1.00000e+06  2.69752e+01
4.715020434e-01  5.4275695e+01  1.00000e+06  2.69660e+01
4.717377944e-01  5.4293351e+01  1.00000e+06  2.69569e+01
4.719736633e-01  5.4311035e+01  1.00000e+06  2.69479e+01
4.722096501e-01  5.4328750e+01  1.00000e+06  2.69389e+01
4.724457549e-01  5.4346501e+01  1.00000e+06  2.69299e+01
4.726819778e-01  5.4364295e+01  1.00000e+06  2.69210e+01
4.729183188e-01  5.4382136e+01  1.00000e+06  2.69121e+01
4.731547780e-01  5.4400028e+01  1.00000e+06  2.69033e+01
4.733913554e-01  5.4417972e+01  1.00000e+06  2.68945e+01
4.736280510e-01  5.4435967e+01  1.00000e+06  2.68859e+01
4.738648651e-01  5.4454012e+01  1.00000e+06  2.68772e+01
4.741017975e-01  5.4472105e+01  1.00000e+06  2.68687e+01
4.743388484e-01  5.4490242e+01  1.00000e+06  2.68601e+01
4.745760178e-01  5.4508421e+01  1.00000e+06  2.68517e+01
4.748133058e-01  5.4526642e+01  1.00000e+06  2.68432e+01
4.750507125e-01  5.4544903e+01  1.00000e+06  2.68349e+01
4.752882378e-01  5.4563206e+01  1.00000e+06  2.68266e+01
4.755258819e-01  5.4581552e+01  1.00000e+06  2.68183e+01
4.757636449e-01  5.4599942e+01  1.00000e+06  2.68101e+01
4.760015267e-01  5.4618378e+01  1.00000e+06  2.68019e+01
4.762395275e-01  5.4636860e+01  1.00000e+06  2.67938e+01
4.764776472e-01  5.4655389e+01  1.00000e+06  2.67857e+01
4.767158861e-01  5.4673966e+01  1.00000e+06  2.67778e+01
4.769542440e-01  5.4692589e+01  1.00000e+06  2.67698e+01
4.771927211e-01  5.4711259e+01  1.00000e+06  2.67619e+01
4.774313175e-01  5.4729974e+01  1.00000e+06  2.67541e+01
4.776700331e-01  5.4748733e+01  1.00000e+06  2.67463e+01
4.779088682e-01  5.4767536e+01  1.00000e+06  2.67386e+01
4.781478226e-01  5.4786383e+01  1.00000e+06  2.67309e+01
4.783868965e-01  5.4805274e+01  1.00000e+06  2.67233e+01
4.786260900e-01  5.4824208e+01  1.00000e+06  2.67157e+01
4.788654030e-01  5.4843186e+01  1.00000e+06  2.67082e+01
4.791048357e-01  5.4862208e+01  1.00000e+06  2.67007e+01
4.793443881e-01  5.4881275e+01  1.00000e+06  2.66933e+01
4.795840603e-01  5.4900389e+01  1.00000e+06  2.66860e+01
4.798238523e-01  5.4919551e+01  1.00000e+06  2.66787e+01
4.800637643e-01  5.4938761e+01  1.00000e+06  2.66714e+01
4.803037962e-01  5.4958021e+01  1.00000e+06  2.66643e+01
4.805439481e-01  5.4977331e+01  1.00000e+06  2.66571e+01
4.807842200e-01  5.4996690e+01  1.00000e+06  2.66501e+01
4.810246121e-01  5.5016099e+01  1.00000e+06  2.66431e+01
4.812651244e-01  5.5035555e+01  1.00000e+06  2.66361e+01
4.815057570e-01  5.5055057e+01  1.00000e+06  2.66292e+01
4.817465099e-01  5.5074605e+01  1.00000e+06  2.66224e+01
4.819873831e-01  5.5094197e+01  1.00000e+06  2.66156e+01
4.822283768e-01  5.5113832e+01  1.00000e+06  2.66088e+01
4.824694910e-01  5.5133508e+01  1.00000e+06  2.66021e+01
4.827107258e-01  5.5153226e+01  1.00000e+06  2.65955e+01
4.829520811e-01  5.5172985e+01  1.00000e+06  2.65889e+01
4.831935572e-01  5.5192786e+01  1.00000e+06  2.65824e+01
4.834351539e-01  5.5212631e+01  1.00000e+06  2.65759e+01
4.836768715e-01  5.5232522e+01  1.00000e+06  2.65695e+01
4.839187100e-01  5.5252463e+01  1.00000e+06  2.65631e+01
4.841606693e-01  5.5272458e+01  1.00000e+06  2.65568e+01
4.844027496e-01  5.5292510e+01  1.00000e+06  2.65505e+01
4.846449510e-01  5.5312622e+01  1.00000e+06  2.65444e+01
4.848872735e-01  5.5332796e+01  1.00000e+06  2.65383e+01
4.851297171e-01  5.5353031e+01  1.00000e+06  2.65322e+01
4.853722820e-01  5.5373327e+01  1.00000e+06  2.65263e+01
4.856149681e-01  5.5393682e+01  1.00000e+06  2.65204e+01
4.858577756e-01  5.5414095e+01  1.00000e+06  2.65145e+01
4.861007045e-01  5.5434562e+01  1.00000e+06  2.65088e+01
4.863437549e-01  5.5455084e+01  1.00000e+06  2.65031e+01
4.865869267e-01  5.5475658e+01  1.00000e+06  2.64974e+01
4.868302202e-01  5.5496286e+01  1.00000e+06  2.64918e+01
4.870736353e-01  5.5516965e+01  1.00000e+06  2.64863e+01
4.873171721e-01  5.5537696e+01  1.00000e+06  2.64809e+01
4.875608307e-01  5.5558478e+01  1.00000e+06  2.64755e+01
4.878046111e-01  5.5579312e+01  1.00000e+06  2.64701e+01
4.880485134e-01  5.5600196e+01  1.00000e+06  2.64648e+01
4.882925377e-01  5.5621131e+01  1.00000e+06  2.64596e+01
4.885366840e-01  5.5642118e+01  1.00000e+06  2.64545e+01
4.887809523e-01  5.5663157e+01  1.00000e+06  2.64494e+01
4.890253428e-01  5.5684249e+01  1.00000e+06  2.64443e+01
4.892698554e-01  5.5705395e+01  1.00000e+06  2.64393e+01
4.895144904e-01  5.5726597e+01  1.00000e+06  2.64344e+01
4.897592476e-01  5.5747853e+01  1.00000e+06  2.64296e+01
4.900041272e-01  5.5769166e+01  1.00000e+06  2.64248e+01
4.902491293e-01  5.5790535e+01  1.00000e+06  2.64201e+01
4.904942539e-01  5.5811960e+01  1.00000e+06  2.64154e+01
4.907395010e-01  5.5833442e+01  1.00000e+06  2.64109e+01
4.909848708e-01  5.5854980e+01  1.00000e+06  2.64063e+01
4.912303632e-01  5.5876576e+01  1.00000e+06  2.64019e+01
4.914759784e-01  5.5898228e+01  1.00000e+06  2.63975e+01
4.917217164e-01  5.5919938e+01  1.00000e+06  2.63932e+01
4.919675772e-01  5.5941706e+01  1.00000e+06  2.63889e+01
4.922135610e-01  5.5963532e+01  1.00000e+06  2.63847e+01
4.924596678e-01  5.5985416e+01  1.00000e+06  2.63806e+01
4.927058976e-01  5.6007358e+01  1.00000e+06  2.63766e+01
4.929522506e-01  5.6029359e+01  1.00000e+06  2.63726e+01
4.931987267e-01  5.6051418e+01  1.00000e+06  2.63687e+01
4.934453261e-01  5.6073536e+01  1.00000e+06  2.63648e+01
4.936920487e-01  5.6095712e+01  1.00000e+06  2.63610e+01
4.939388947e-01  5.6117948e+01  1.00000e+06  2.63573e+01
4.941858642e-01  5.6140242e+01  1.00000e+06  2.63537e+01
4.944329571e-01  5.6162596e+01  1.00000e+06  2.63501e+01
4.946801736e-01  5.6185009e+01  1.00000e+06  2.63466e+01
4.949275137e-01  5.6207484e+01  1.00000e+06  2.63431e+01
4.951749774e-01  5.6230021e+01  1.00000e+06  2.63397e+01
4.954225649e-01  5.6252621e+01  1.00000e+06  2.63365e+01
4.956702762e-01  5.6275287e+01  1.00000e+06  2.63332e+01
4.959181114e-01  5.6298020e+01  1.00000e+06  2.63301e+01
4.961660704e-01  5.6320822e+01  1.00000e+06  2.63270e+01
4.964141534e-01  5.6343694e+01  1.00000e+06  2.63240e+01
4.966623605e-01  5.6366637e+01  1.00000e+06  2.63211e+01
4.969106917e-01  5.6389649e+01  1.00000e+06  2.63183e+01
4.971591470e-01  5.6412729e+01  1.00000e+06  2.63155e+01
4.974077266e-01  5.6435872e+01  1.00000e+06  2.63128e+01
4.976564305e-01  5.6459076e+01  1.00000e+06  2.63102e+01
4.979052587e-01  5.6482336e+01  1.00000e+06  2.63077e+01
4.981542113e-01  5.6505652e+01  1.00000e+06  2.63052e+01
4.984032884e-01  5.6529022e+01  1.00000e+06  2.63028e+01
4.986524901e-01  5.6552452e+01  1.00000e+06  2.63004e+01
4.989018163e-01  5.6575947e+01  1.00000e+06  2.62982e+01
4.991512672e-01  5.6599515e+01  1.00000e+06  2.62960e+01
4.994008429e-01  5.6623167e+01  1.00000e+06  2.62939e+01
4.996505433e-01  5.6646913e+01  1.00000e+06  2.62919e+01
4.999003686e-01  5.6670765e+01  1.00000e+06  2.62900e+01
5.001503187e-01  5.6694731e+01  1.00000e+06  2.62882e+01
5.004003939e-01  5.6718820e+01  1.00000e+06  2.62866e+01
5.006505941e-01  5.6743040e+01  1.00000e+06  2.62851e+01
5.009009194e-01  5.6767395e+01  1.00000e+06  2.62837e+01
5.011513699e-01  5.6791891e+01  1.00000e+06  2.62826e+01
5.014019455e-01  5.6816529e+01  1.00000e+06  2.62815e+01
5.016526465e-01  5.6841309e+01  1.00000e+06  2.62806e+01
5.019034728e-01  5.6866223e+01  1.00000e+06  2.62799e+01
5.021544246e-01  5.6891251e+01  1.00000e+06  2.62792e+01
5.024055018e-01  5.6916363e+01  1.00000e+06  2.62787e+01
5.026567045e-01  5.6941517e+01  1.00000e+06  2.62782e+01
5.029080329e-01  5.6966661e+01  1.00000e+06  2.62777e+01
5.031594869e-01  5.6991745e+01  1.00000e+06  2.62772e+01
5.034110666e-01  5.7016729e+01  1.00000e+06  2.62766e+01
5.036627722e-01  5.7041591e+01  1.00000e+06  2.62758e+01
5.039146036e-01  5.7066331e+01  1.00000e+06  2.62750e+01
5.041665609e-01  5.7090974e+01  1.00000e+06  2.62741e+01
5.044186442e-01  5.7115561e+01  1.00000e+06  2.62731e+01
5.046708535e-01  5.7140146e+01  1.00000e+06  2.62721e+01
5.049231889e-01  5.7164784e+01  1.00000e+06  2.62712e+01
5.051756505e-01  5.7189523e+01  1.00000e+06  2.62704e+01
5.054282383e-01  5.7214403e+01  1.00000e+06  2.62697e+01
5.056809524e-01  5.7239446e+01  1.00000e+06  2.62692e+01
5.059337929e-01  5.7264663e+01  1.00000e+06  2.62689e+01
5.061867598e-01  5.7290052e+01  1.00000e+06  2.62688e+01
5.064398532e-01  5.7315598e+01  1.00000e+06  2.62689e+01
5.066930731e-01  5.7341283e+01  1.00000e+06  2.62691e+01
5.069464197e-01  5.7367084e+01  1.00000e+06  2.62694e+01
5.071998929e-01  5.7392978e+01  1.00000e+06  2.62698e+01
5.074534928e-01  5.7418947e+01  1.00000e+06  2.62703e+01
5.077072196e-01  5.7444981e+01  1.00000e+06  2.62709e+01
5.079610732e-01  5.7471072e+01  1.00000e+06  2.62715e+01
5.082150537e-01  5.7497221e+01  1.00000e+06  2.62722e+01
5.084691612e-01  5.7523431e+01  1.00000e+06  2.62730e+01
5.087233958e-01  5.7549706e+01  1.00000e+06  2.62739e+01
5.089777575e-01  5.7576050e+01  1.00000e+06  2.62748e+01
5.092322464e-01  5.7602464e+01  1.00000e+06  2.62758e+01
5.094868625e-01  5.7628948e+01  1.00000e+06  2.62769e+01
5.097416059e-01  5.7655502e+01  1.00000e+06  2.62781e+01
5.099964767e-01  5.7682124e+01  1.00000e+06  2.62794e+01
5.102514750e-01  5.7708814e+01  1.00000e+06  2.62807e+01
5.105066007e-01  5.7735573e+01  1.00000e+06  2.62821e+01
5.107618540e-01  5.7762402e+01  1.00000e+06  2.62836e+01
5.110172349e-01  5.7789301e+01  1.00000e+06  2.62851e+01
5.112727436e-01  5.7816267e+01  1.00000e+06  2.62868e+01
5.115283799e-01  5.7843296e+01  1.00000e+06  2.62885e+01
5.117841441e-01  5.7870378e+01  1.00000e+06  2.62903e+01
5.120400362e-01  5.7897503e+01  1.00000e+06  2.62921e+01
5.122960562e-01  5.7924663e+01  1.00000e+06  2.62940e+01
5.125522042e-01  5.7951850e+01  1.00000e+06  2.62959e+01
5.128084803e-01  5.7979058e+01  1.00000e+06  2.62978e+01
5.130648846e-01  5.8006289e+01  1.00000e+06  2.62998e+01
5.133214170e-01  5.8033547e+01  1.00000e+06  2.63018e+01
5.135780777e-01  5.8060838e+01  1.00000e+06  2.63039e+01
5.138348668e-01  5.8088172e+01  1.00000e+06  2.63060e+01
5.140917842e-01  5.8115560e+01  1.00000e+06  2.63081e+01
5.143488301e-01  5.8143013e+01  1.00000e+06  2.63104e+01
5.146060045e-01  5.8170538e+01  1.00000e+06  2.63127e+01
5.148633075e-01  5.8198140e+01  1.00000e+06  2.63151e+01
5.151207392e-01  5.8225821e+01  1.00000e+06  2.63176e+01
5.153782995e-01  5.8253580e+01  1.00000e+06  2.63202e+01
5.156359887e-01  5.8281413e+01  1.00000e+06  2.63228e+01
5.158938067e-01  5.8309319e+01  1.00000e+06  2.63256e+01
5.161517536e-01  5.8337297e+01  1.00000e+06  2.63284e+01
5.164098295e-01  5.8365348e+01  1.00000e+06  2.63313e+01
5.166680344e-01  5.8393477e+01  1.00000e+06  2.63343e+01
5.169263684e-01  5.8421686e+01  1.00000e+06  2.63374e+01
5.171848316e-01  5.8449978e+01  1.00000e+06  2.63406e+01
5.174434240e-01  5.8478352e+01  1.00000e+06  2.63439e+01
5.177021457e-01  5.8506809e+01  1.00000e+06  2.63472e+01
5.179609968e-01  5.8535345e+01  1.00000e+06  2.63507e+01
5.182199773e-01  5.8563961e+01  1.00000e+06  2.63542e+01
5.184790873e-01  5.8592657e+01  1.00000e+06  2.63578e+01
5.187383268e-01  5.8621434e+01  1.00000e+06  2.63616e+01
5.189976960e-01  5.8650297e+01  1.00000e+06  2.63654e+01
5.192571948e-01  5.8679248e+01  1.00000e+06  2.63693e+01
5.195168234e-01  5.8708293e+01  1.00000e+06  2.63733e+01
5.197765818e-01  5.8737434e+01  1.00000e+06  2.63774e+01
5.200364701e-01  5.8766672e+01  1.00000e+06  2.63817e+01
5.202964884e-01  5.8796007e+01  1.00000e+06  2.63860e+01
5.205566366e-01  5.8825438e+01  1.00000e+06  2.63904e+01
5.208169149e-01  5.8854965e+01  1.00000e+06  2.63950e+01
5.210773234e-01  5.8884585e+01  1.00000e+06  2.63996e+01
5.213378620e-01  5.8914299e+01  1.00000e+06  2.64044e+01
5.215985310e-01  5.8944106e+01  1.00000e+06  2.64092e+01
5.218593302e-01  5.8974006e+01  1.00000e+06  2.64142e+01
5.221202599e-01  5.9003998e+01  1.00000e+06  2.64193e+01
5.223813200e-01  5.9034078e+01  1.00000e+06  2.64244e+01
5.226425107e-01  5.9064244e+01  1.00000e+06  2.64297e+01
5.229038320e-01  5.9094489e+01  1.00000e+06  2.64350e+01
5.231652839e-01  5.9124810e+01  1.00000e+06  2.64404e+01
5.234268665e-01  5.9155201e+01  1.00000e+06  2.64459e+01
5.236885799e-01  5.9185661e+01  1.00000e+06  2.64515e+01
5.239504242e-01  5.9216191e+01  1.00000e+06  2.64572e+01
5.242123994e-01  5.9246794e+01  1.00000e+06  2.64629e+01
5.244745056e-01  5.9277476e+01  1.00000e+06  2.64688e+01
5.247367429e-01  5.9308242e+01  1.00000e+06  2.64747e+01
5.249991113e-01  5.9339098e+01  1.00000e+06  2.64807e+01
5.252616108e-01  5.9370049e+01  1.00000e+06  2.64868e+01
5.255242416e-01  5.9401100e+01  1.00000e+06  2.64931e+01
5.257870037e-01  5.9432253e+01  1.00000e+06  2.64994e+01
5.260498973e-01  5.9463510e+01  1.00000e+06  2.65059e+01
5.263129222e-01  5.9494869e+01  1.00000e+06  2.65125e+01
5.265760787e-01  5.9526330e+01  1.00000e+06  2.65192e+01
5.268393667e-01  5.9557887e+01  1.00000e+06  2.65259e+01
5.271027864e-01  5.9589540e+01  1.00000e+06  2.65328e+01
5.273663378e-01  5.9621283e+01  1.00000e+06  2.65398e+01
5.276300209e-01  5.9653119e+01  1.00000e+06  2.65469e+01
5.278938360e-01  5.9685048e+01  1.00000e+06  2.65541e+01
5.281577829e-01  5.9717074e+01  1.00000e+06  2.65615e+01
5.284218618e-01  5.9749202e+01  1.00000e+06  2.65689e+01
5.286860727e-01  5.9781436e+01  1.00000e+06  2.65764e+01
5.289504157e-01  5.9813778e+01  1.00000e+06  2.65841e+01
5.292148909e-01  5.9846228e+01  1.00000e+06  2.65918e+01
5.294794984e-01  5.9878780e+01  1.00000e+06  2.65997e+01
5.297442381e-01  5.9911429e+01  1.00000e+06  2.66077e+01
5.300091103e-01  5.9944168e+01  1.00000e+06  2.66158e+01
5.302741148e-01  5.9976990e+01  1.00000e+06  2.66240e+01
5.305392519e-01  6.0009892e+01  1.00000e+06  2.66322e+01
5.308045215e-01  6.0042871e+01  1.00000e+06  2.66406e+01
5.310699238e-01  6.0075927e+01  1.00000e+06  2.66490e+01
5.313354587e-01  6.0109061e+01  1.00000e+06  2.66576e+01
5.316011264e-01  6.0142273e+01  1.00000e+06  2.66662e+01
5.318669270e-01  6.0175564e+01  1.00000e+06  2.66749e+01
5.321328605e-01  6.0208933e+01  1.00000e+06  2.66837e+01
5.323989269e-01  6.0242381e+01  1.00000e+06  2.66926e+01
5.326651264e-01  6.0275911e+01  1.00000e+06  2.67015e+01
5.329314589e-01  6.0309526e+01  1.00000e+06  2.67106e+01
5.331979247e-01  6.0343235e+01  1.00000e+06  2.67198e+01
5.334645236e-01  6.0377044e+01  1.00000e+06  2.67291e+01
5.337312559e-01  6.0410965e+01  1.00000e+06  2.67385e+01
5.339981215e-01  6.0445006e+01  1.00000e+06  2.67480e+01
5.342651206e-01  6.0479177e+01  1.00000e+06  2.67577e+01
5.345322531e-01  6.0513487e+01  1.00000e+06  2.67675e+01
5.347995193e-01  6.0547941e+01  1.00000e+06  2.67775e+01
5.350669190e-01  6.0582545e+01  1.00000e+06  2.67876e+01
5.353344525e-01  6.0617296e+01  1.00000e+06  2.67979e+01
5.356021197e-01  6.0652190e+01  1.00000e+06  2.68083e+01
5.358699208e-01  6.0687214e+01  1.00000e+06  2.68189e+01
5.361378557e-01  6.0722354e+01  1.00000e+06  2.68296e+01
5.364059247e-01  6.0757594e+01  1.00000e+06  2.68404e+01
5.366741276e-01  6.0792924e+01  1.00000e+06  2.68513e+01
5.369424647e-01  6.0828345e+01  1.00000e+06  2.68624e+01
5.372109359e-01  6.0863869e+01  1.00000e+06  2.68735e+01
5.374795414e-01  6.0899521e+01  1.00000e+06  2.68848e+01
5.377482811e-01  6.0935332e+01  1.00000e+06  2.68962e+01
5.380171553e-01  6.0971338e+01  1.00000e+06  2.69078e+01
5.382861639e-01  6.1007566e+01  1.00000e+06  2.69197e+01
5.385553069e-01  6.1044027e+01  1.00000e+06  2.69318e+01
5.388245846e-01  6.1080716e+01  1.00000e+06  2.69442e+01
5.390939969e-01  6.1117603e+01  1.00000e+06  2.69567e+01
5.393635439e-01  6.1154642e+01  1.00000e+06  2.69695e+01
5.396332257e-01  6.1191767e+01  1.00000e+06  2.69823e+01
5.399030423e-01  6.1228911e+01  1.00000e+06  2.69951e+01
5.401729938e-01  6.1266014e+01  1.00000e+06  2.70079e+01
5.404430803e-01  6.1303034e+01  1.00000e+06  2.70207e+01
5.407133018e-01  6.1339958e+01  1.00000e+06  2.70333e+01
5.409836585e-01  6.1376804e+01  1.00000e+06  2.70459e+01
5.412541503e-01  6.1413613e+01  1.00000e+06  2.70585e+01
5.415247774e-01  6.1450442e+01  1.00000e+06  2.70710e+01
5.417955398e-01  6.1487345e+01  1.00000e+06  2.70837e+01
5.420664375e-01  6.1524362e+01  1.00000e+06  2.70965e+01
5.423374708e-01  6.1561507e+01  1.00000e+06  2.71094e+01
5.426086395e-01  6.1598770e+01  1.00000e+06  2.71225e+01
5.428799438e-01  6.1636119e+01  1.00000e+06  2.71357e+01
5.431513838e-01  6.1673517e+01  1.00000e+06  2.71489e+01
5.434229595e-01  6.1710933e+01  1.00000e+06  2.71621e+01
5.436946710e-01  6.1748351e+01  1.00000e+06  2.71754e+01
5.439665183e-01  6.1785778e+01  1.00000e+06  2.71886e+01
5.442385016e-01  6.1823243e+01  1.00000e+06  2.72020e+01
5.445106208e-01  6.1860789e+01  1.00000e+06  2.72154e+01
5.447828761e-01  6.1898461e+01  1.00000e+06  2.72289e+01
5.450552676e-01  6.1936294e+01  1.00000e+06  2.72426e+01
5.453277952e-01  6.1974307e+01  1.00000e+06  2.72565e+01
5.456004591e-01  6.2012498e+01  1.00000e+06  2.72706e+01
5.458732593e-01  6.2050847e+01  1.00000e+06  2.72849e+01
5.461461960e-01  6.2089327e+01  1.00000e+06  2.72993e+01
5.464192690e-01  6.2127912e+01  1.00000e+06  2.73138e+01
5.466924787e-01  6.2166587e+01  1.00000e+06  2.73284e+01
5.469658249e-01  6.2205353e+01  1.00000e+06  2.73431e+01
5.472393078e-01  6.2244224e+01  1.00000e+06  2.73580e+01
5.475129275e-01  6.2283228e+01  1.00000e+06  2.73729e+01
5.477866840e-01  6.2322397e+01  1.00000e+06  2.73881e+01
5.480605773e-01  6.2361758e+01  1.00000e+06  2.74034e+01
5.483346076e-01  6.2401324e+01  1.00000e+06  2.74190e+01
5.486087749e-01  6.2441085e+01  1.00000e+06  2.74348e+01
5.488830793e-01  6.2481008e+01  1.00000e+06  2.74507e+01
5.491575208e-01  6.2521037e+01  1.00000e+06  2.74668e+01
5.494320996e-01  6.2561103e+01  1.00000e+06  2.74829e+01
5.497068156e-01  6.2601136e+01  1.00000e+06  2.74990e+01
5.499816690e-01  6.2641086e+01  1.00000e+06  2.75150e+01
5.502566599e-01  6.2680931e+01  1.00000e+06  2.75309e+01
5.505317882e-01  6.2720682e+01  1.00000e+06  2.75467e+01
5.508070541e-01  6.2760385e+01  1.00000e+06  2.75625e+01
5.510824576e-01  6.2800104e+01  1.00000e+06  2.75783e+01
5.513579988e-01  6.2839912e+01  1.00000e+06  2.75942e+01
5.516336778e-01  6.2879871e+01  1.00000e+06  2.76103e+01
5.519094947e-01  6.2920025e+01  1.00000e+06  2.76266e+01
5.521854494e-01  6.2960390e+01  1.00000e+06  2.76431e+01
5.524615422e-01  6.3000961e+01  1.00000e+06  2.76598e+01
5.527377729e-01  6.3041711e+01  1.00000e+06  2.76767e+01
5.530141418e-01  6.3082608e+01  1.00000e+06  2.76937e+01
5.532906489e-01  6.3123615e+01  1.00000e+06  2.77109e+01
5.535672942e-01  6.3164701e+01  1.00000e+06  2.77282e+01
5.538440779e-01  6.3205843e+01  1.00000e+06  2.77455e+01
5.541209999e-01  6.3247025e+01  1.00000e+06  2.77629e+01
5.543980604e-01  6.3288242e+01  1.00000e+06  2.77803e+01
5.546752594e-01  6.3329495e+01  1.00000e+06  2.77978e+01
5.549525971e-01  6.3370790e+01  1.00000e+06  2.78153e+01
5.552300734e-01  6.3412138e+01  1.00000e+06  2.78329e+01
5.555076884e-01  6.3453550e+01  1.00000e+06  2.78506e+01
5.557854422e-01  6.3495041e+01  1.00000e+06  2.78683e+01
5.560633350e-01  6.3536620e+01  1.00000e+06  2.78862e+01
5.563413666e-01  6.3578297e+01  1.00000e+06  2.79041e+01
5.566195373e-01  6.3620081e+01  1.00000e+06  2.79222e+01
5.568978471e-01  6.3661976e+01  1.00000e+06  2.79404e+01
5.571762960e-01  6.3703989e+01  1.00000e+06  2.79587e+01
5.574548841e-01  6.3746124e+01  1.00000e+06  2.79772e+01
5.577336116e-01  6.3788385e+01  1.00000e+06  2.79957e+01
5.580124784e-01  6.3830774e+01  1.00000e+06  2.80145e+01
5.582914846e-01  6.3873290e+01  1.00000e+06  2.80333e+01
5.585706304e-01  6.3915931e+01  1.00000e+06  2.80523e+01
5.588499157e-01  6.3958692e+01  1.00000e+06  2.80715e+01
5.591293407e-01  6.4001571e+01  1.00000e+06  2.80907e+01
5.594089053e-01  6.4044565e+01  1.00000e+06  2.81101e+01
5.596886098e-01  6.4087669e+01  1.00000e+06  2.81296e+01
5.599684541e-01  6.4130884e+01  1.00000e+06  2.81492e+01
5.602484383e-01  6.4174205e+01  1.00000e+06  2.81689e+01
5.605285625e-01  6.4217630e+01  1.00000e+06  2.81888e+01
5.608088268e-01  6.4261158e+01  1.00000e+06  2.82087e+01
5.610892312e-01  6.4304787e+01  1.00000e+06  2.82288e+01
5.613697758e-01  6.4348520e+01  1.00000e+06  2.82490e+01
5.616504607e-01  6.4392363e+01  1.00000e+06  2.82693e+01
5.619312860e-01  6.4436326e+01  1.00000e+06  2.82897e+01
5.622122516e-01  6.4480425e+01  1.00000e+06  2.83103e+01
5.624933577e-01  6.4524678e+01  1.00000e+06  2.83311e+01
5.627746044e-01  6.4569108e+01  1.00000e+06  2.83520e+01
5.630559917e-01  6.4613745e+01  1.00000e+06  2.83732e+01
5.633375197e-01  6.4658623e+01  1.00000e+06  2.83946e+01
5.636191885e-01  6.4703789e+01  1.00000e+06  2.84162e+01
5.639009981e-01  6.4749301e+01  1.00000e+06  2.84383e+01
5.641829486e-01  6.4795235e+01  1.00000e+06  2.84608e+01
5.644650400e-01  6.4841685e+01  1.00000e+06  2.84838e+01
5.647472725e-01  6.4888769e+01  1.00000e+06  2.85074e+01
5.650296462e-01  6.4936624e+01  1.00000e+06  2.85319e+01
5.653121610e-01  6.4985399e+01  1.00000e+06  2.85572e+01
5.655948171e-01  6.5035236e+01  1.00000e+06  2.85837e+01
5.658776145e-01  6.5086239e+01  1.00000e+06  2.86113e+01
5.661605533e-01  6.5138429e+01  1.00000e+06  2.86401e+01
5.664436336e-01  6.5191699e+01  1.00000e+06  2.86700e+01
5.667268554e-01  6.5245781e+01  1.00000e+06  2.87007e+01
5.670102188e-01  6.5300231e+01  1.00000e+06  2.87318e+01
5.672937239e-01  6.5354465e+01  1.00000e+06  2.87627e+01
5.675773708e-01  6.5407833e+01  1.00000e+06  2.87927e+01
5.678611595e-01  6.5459732e+01  1.00000e+06  2.88213e+01
5.681450901e-01  6.5509719e+01  1.00000e+06  2.88480e+01
5.684291626e-01  6.5557598e+01  1.00000e+06  2.88726e+01
5.687133772e-01  6.5603461e+01  1.00000e+06  2.88951e+01
5.689977339e-01  6.5647661e+01  1.00000e+06  2.89160e+01
5.692822327e-01  6.5690739e+01  1.00000e+06  2.89358e+01
5.695668739e-01  6.5733313e+01  1.00000e+06  2.89552e+01
5.698516573e-01  6.5775977e+01  1.00000e+06  2.89746e+01
5.701365831e-01  6.5819211e+01  1.00000e+06  2.89945e+01
5.704216514e-01  6.5863335e+01  1.00000e+06  2.90154e+01
5.707068622e-01  6.5908497e+01  1.00000e+06  2.90374e+01
5.709922157e-01  6.5954694e+01  1.00000e+06  2.90604e+01
5.712777118e-01  6.6001813e+01  1.00000e+06  2.90843e+01
5.715633506e-01  6.6049672e+01  1.00000e+06  2.91089e+01
5.718491323e-01  6.6098073e+01  1.00000e+06  2.91341e+01
5.721350569e-01  6.6146832e+01  1.00000e+06  2.91597e+01
5.724211244e-01  6.6195798e+01  1.00000e+06  2.91855e+01
5.727073350e-01  6.6244866e+01  1.00000e+06  2.92114e+01
5.729936886e-01  6.6293971e+01  1.00000e+06  2.92374e+01
5.732801855e-01  6.6343089e+01  1.00000e+06  2.92634e+01
5.735668256e-01  6.6392228e+01  1.00000e+06  2.92894e+01
5.738536090e-01  6.6441427e+01  1.00000e+06  2.93155e+01
5.741405358e-01  6.6490755e+01  1.00000e+06  2.93417e+01
5.744276061e-01  6.6540307e+01  1.00000e+06  2.93681e+01
5.747148199e-01  6.6590193e+01  1.00000e+06  2.93949e+01
5.750021773e-01  6.6640518e+01  1.00000e+06  2.94222e+01
5.752896784e-01  6.6691364e+01  1.00000e+06  2.94499e+01
5.755773232e-01  6.6742769e+01  1.00000e+06  2.94783e+01
5.758651119e-01  6.6794707e+01  1.00000e+06  2.95072e+01
5.761530444e-01  6.6847096e+01  1.00000e+06  2.95365e+01
5.764411209e-01  6.6899810e+01  1.00000e+06  2.95662e+01
5.767293415e-01  6.6952711e+01  1.00000e+06  2.95961e+01
5.770177062e-01  6.7005697e+01  1.00000e+06  2.96261e+01
5.773062150e-01  6.7058734e+01  1.00000e+06  2.96561e+01
5.775948681e-01  6.7111879e+01  1.00000e+06  2.96862e+01
5.778836656e-01  6.7165279e+01  1.00000e+06  2.97167e+01
5.781726074e-01  6.7219137e+01  1.00000e+06  2.97475e+01
5.784616937e-01  6.7273653e+01  1.00000e+06  2.97791e+01
5.787509245e-01  6.7328957e+01  1.00000e+06  2.98115e+01
5.790403000e-01  6.7385048e+01  1.00000e+06  2.98446e+01
5.793298202e-01  6.7441756e+01  1.00000e+06  2.98784e+01
5.796194851e-01  6.7498756e+01  1.00000e+06  2.99125e+01
5.799092948e-01  6.7555611e+01  1.00000e+06  2.99464e+01
5.801992495e-01  6.7611862e+01  1.00000e+06  2.99797e+01
5.804893491e-01  6.7667123e+01  1.00000e+06  3.00121e+01
5.807795938e-01  6.7721157e+01  1.00000e+06  3.00433e+01
5.810699836e-01  6.7773913e+01  1.00000e+06  3.00731e+01
5.813605185e-01  6.7825527e+01  1.00000e+06  3.01019e+01
5.816511988e-01  6.7876273e+01  1.00000e+06  3.01298e+01
5.819420244e-01  6.7926510e+01  1.00000e+06  3.01572e+01
5.822329954e-01  6.7976642e+01  1.00000e+06  3.01845e+01
5.825241119e-01  6.8027092e+01  1.00000e+06  3.02121e+01
5.828153740e-01  6.8078316e+01  1.00000e+06  3.02405e+01
5.831067817e-01  6.8130825e+01  1.00000e+06  3.02702e+01
5.833983350e-01  6.8185204e+01  1.00000e+06  3.03018e+01
5.836900342e-01  6.8242112e+01  1.00000e+06  3.03359e+01
5.839818792e-01  6.8302249e+01  1.00000e+06  3.03733e+01
5.842738702e-01  6.8366293e+01  1.00000e+06  3.04145e+01
5.845660071e-01  6.8434819e+01  1.00000e+06  3.04603e+01
5.848582901e-01  6.8508230e+01  1.00000e+06  3.05110e+01
5.851507193e-01  6.8586692e+01  1.00000e+06  3.05667e+01
5.854432946e-01  6.8670116e+01  1.00000e+06  3.06274e+01
5.857360163e-01  6.8758149e+01  1.00000e+06  3.06927e+01
5.860288843e-01  6.8850181e+01  1.00000e+06  3.07620e+01
5.863218987e-01  6.8945355e+01  1.00000e+06  3.08345e+01
5.866150597e-01  6.9042570e+01  1.00000e+06  3.09090e+01
5.869083672e-01  6.9140511e+01  1.00000e+06  3.09843e+01
5.872018214e-01  6.9237720e+01  1.00000e+06  3.10588e+01
5.874954223e-01  6.9332729e+01  1.00000e+06  3.11312e+01
5.877891700e-01  6.9424213e+01  1.00000e+06  3.12000e+01
5.880830646e-01  6.9511141e+01  1.00000e+06  3.12643e+01
5.883771061e-01  6.9592834e+01  1.00000e+06  3.13234e+01
5.886712947e-01  6.9668929e+01  1.00000e+06  3.13768e+01
5.889656303e-01  6.9739250e+01  1.00000e+06  3.14245e+01
5.892601131e-01  6.9803659e+01  1.00000e+06  3.14663e+01
5.895547432e-01  6.9861960e+01  1.00000e+06  3.15021e+01
5.898495206e-01  6.9913905e+01  1.00000e+06  3.15314e+01
5.901444453e-01  6.9959318e+01  1.00000e+06  3.15543e+01
5.904395175e-01  6.9998276e+01  1.00000e+06  3.15707e+01
5.907347373e-01  7.0031293e+01  1.00000e+06  3.15811e+01
5.910301047e-01  7.0059436e+01  1.00000e+06  3.15867e+01
5.913256197e-01  7.0084345e+01  1.00000e+06  3.15891e+01
5.916212825e-01  7.0108132e+01  1.00000e+06  3.15904e+01
5.919170932e-01  7.0133170e+01  1.00000e+06  3.15929e+01
5.922130517e-01  7.0161810e+01  1.00000e+06  3.15990e+01
5.925091582e-01  7.0196045e+01  1.00000e+06  3.16108e+01
5.928054128e-01  7.0237209e+01  1.00000e+06  3.16294e+01
5.931018155e-01  7.0285754e+01  1.00000e+06  3.16555e+01
5.933983664e-01  7.0341209e+01  1.00000e+06  3.16885e+01
5.936950656e-01  7.0402305e+01  1.00000e+06  3.17272e+01
5.939919132e-01  7.0467285e+01  1.00000e+06  3.17697e+01
5.942889091e-01  7.0534297e+01  1.00000e+06  3.18143e+01
5.945860536e-01  7.0601766e+01  1.00000e+06  3.18593e+01
5.948833466e-01  7.0668649e+01  1.00000e+06  3.19038e+01
5.951807883e-01  7.0734521e+01  1.00000e+06  3.19472e+01
5.954783787e-01  7.0799501e+01  1.00000e+06  3.19898e+01
5.957761179e-01  7.0864080e+01  1.00000e+06  3.20320e+01
5.960740059e-01  7.0928917e+01  1.00000e+06  3.20745e+01
5.963720429e-01  7.0994672e+01  1.00000e+06  3.21179e+01
5.966702289e-01  7.1061881e+01  1.00000e+06  3.21627e+01
5.969685640e-01  7.1130869e+01  1.00000e+06  3.22094e+01
5.972670483e-01  7.1201689e+01  1.00000e+06  3.22578e+01
5.975656819e-01  7.1274068e+01  1.00000e+06  3.23079e+01
5.978644647e-01  7.1347390e+01  1.00000e+06  3.23589e+01
5.981633969e-01  7.1420737e+01  1.00000e+06  3.24099e+01
5.984624786e-01  7.1493009e+01  1.00000e+06  3.24599e+01
5.987617099e-01  7.1563101e+01  1.00000e+06  3.25077e+01
5.990610907e-01  7.1630114e+01  1.00000e+06  3.25525e+01
5.993606213e-01  7.1693530e+01  1.00000e+06  3.25936e+01
5.996603016e-01  7.1753299e+01  1.00000e+06  3.26311e+01
5.999601317e-01  7.1809822e+01  1.00000e+06  3.26654e+01
6.002601118e-01  7.1863843e+01  1.00000e+06  3.26972e+01
6.005602418e-01  7.1916280e+01  1.00000e+06  3.27274e+01
6.008605220e-01  7.1968058e+01  1.00000e+06  3.27569e+01
6.011609522e-01  7.2019985e+01  1.00000e+06  3.27867e+01
6.014615327e-01  7.2072669e+01  1.00000e+06  3.28171e+01
6.017622635e-01  7.2126499e+01  1.00000e+06  3.28488e+01
6.020631446e-01  7.2181654e+01  1.00000e+06  3.28818e+01
6.023641762e-01  7.2238120e+01  1.00000e+06  3.29161e+01
6.026653583e-01  7.2295708e+01  1.00000e+06  3.29515e+01
6.029666909e-01  7.2354070e+01  1.00000e+06  3.29877e+01
6.032681743e-01  7.2412711e+01  1.00000e+06  3.30242e+01
6.035698084e-01  7.2471027e+01  1.00000e+06  3.30604e+01
6.038715933e-01  7.2528376e+01  1.00000e+06  3.30956e+01
6.041735291e-01  7.2584184e+01  1.00000e+06  3.31293e+01
6.044756158e-01  7.2638068e+01  1.00000e+06  3.31611e+01
6.047778537e-01  7.2689943e+01  1.00000e+06  3.31909e+01
6.050802426e-01  7.2740069e+01  1.00000e+06  3.32189e+01
6.053827827e-01  7.2789022e+01  1.00000e+06  3.32458e+01
6.056854741e-01  7.2837589e+01  1.00000e+06  3.32723e+01
6.059883168e-01  7.2886597e+01  1.00000e+06  3.32992e+01
6.062913110e-01  7.2936750e+01  1.00000e+06  3.33274e+01
6.065944566e-01  7.2988495e+01  1.00000e+06  3.33571e+01
6.068977539e-01  7.3041959e+01  1.00000e+06  3.33885e+01
6.072012027e-01  7.3096973e+01  1.00000e+06  3.34215e+01
6.075048033e-01  7.3153155e+01  1.00000e+06  3.34557e+01
6.078085557e-01  7.3210034e+01  1.00000e+06  3.34906e+01
6.081124600e-01  7.3267169e+01  1.00000e+06  3.35257e+01
6.084165163e-01  7.3324235e+01  1.00000e+06  3.35608e+01
6.087207245e-01  7.3381072e+01  1.00000e+06  3.35957e+01
6.090250849e-01  7.3437677e+01  1.00000e+06  3.36303e+01
6.093295974e-01  7.3494171e+01  1.00000e+06  3.36649e+01
6.096342622e-01  7.3550743e+01  1.00000e+06  3.36995e+01
6.099390793e-01  7.3607587e+01  1.00000e+06  3.37344e+01
6.102440489e-01  7.3664847e+01  1.00000e+06  3.37698e+01
6.105491709e-01  7.3722584e+01  1.00000e+06  3.38056e+01
6.108544455e-01  7.3780763e+01  1.00000e+06  3.38419e+01
6.111598727e-01  7.3839273e+01  1.00000e+06  3.38785e+01
6.114654527e-01  7.3897965e+01  1.00000e+06  3.39153e+01
6.117711854e-01  7.3956702e+01  1.00000e+06  3.39522e+01
6.120770710e-01  7.4015393e+01  1.00000e+06  3.39890e+01
6.123831095e-01  7.4074011e+01  1.00000e+06  3.40258e+01
6.126893011e-01  7.4132587e+01  1.00000e+06  3.40626e+01
6.129956457e-01  7.4191180e+01  1.00000e+06  3.40993e+01
6.133021435e-01  7.4249842e+01  1.00000e+06  3.41362e+01
6.136087946e-01  7.4308599e+01  1.00000e+06  3.41731e+01
6.139155990e-01  7.4367444e+01  1.00000e+06  3.42102e+01
6.142225568e-01  7.4426355e+01  1.00000e+06  3.42473e+01
6.145296681e-01  7.4485325e+01  1.00000e+06  3.42845e+01
6.148369329e-01  7.4544403e+01  1.00000e+06  3.43218e+01
6.151443514e-01  7.4603706e+01  1.00000e+06  3.43593e+01
6.154519236e-01  7.4663418e+01  1.00000e+06  3.43973e+01
6.157596495e-01  7.4723767e+01  1.00000e+06  3.44359e+01
6.160675294e-01  7.4784981e+01  1.00000e+06  3.44754e+01
6.163755631e-01  7.4847245e+01  1.00000e+06  3.45159e+01
6.166837509e-01  7.4910673e+01  1.00000e+06  3.45576e+01
6.169920928e-01  7.4975288e+01  1.00000e+06  3.46006e+01
6.173005888e-01  7.5041034e+01  1.00000e+06  3.46446e+01
6.176092391e-01  7.5107797e+01  1.00000e+06  3.46897e+01
6.179180437e-01  7.5175436e+01  1.00000e+06  3.47357e+01
6.182270028e-01  7.5243813e+01  1.00000e+06  3.47824e+01
6.185361163e-01  7.5312814e+01  1.00000e+06  3.48297e+01
6.188453843e-01  7.5382356e+01  1.00000e+06  3.48776e+01
6.191548070e-01  7.5452390e+01  1.00000e+06  3.49260e+01
6.194643844e-01  7.5522885e+01  1.00000e+06  3.49749e+01
6.197741166e-01  7.5593827e+01  1.00000e+06  3.50242e+01
6.200840037e-01  7.5665200e+01  1.00000e+06  3.50740e+01
6.203940457e-01  7.5736992e+01  1.00000e+06  3.51242e+01
6.207042427e-01  7.5809186e+01  1.00000e+06  3.51748e+01
6.210145948e-01  7.5881778e+01  1.00000e+06  3.52258e+01
6.213251021e-01  7.5954784e+01  1.00000e+06  3.52773e+01
6.216357647e-01  7.6028254e+01  1.00000e+06  3.53292e+01
6.219465825e-01  7.6102291e+01  1.00000e+06  3.53817e+01
6.222575558e-01  7.6177041e+01  1.00000e+06  3.54349e+01
6.225686846e-01  7.6252677e+01  1.00000e+06  3.54890e+01
6.228799689e-01  7.6329368e+01  1.00000e+06  3.55442e+01
6.231914089e-01  7.6407236e+01  1.00000e+06  3.56006e+01
6.235030046e-01  7.6486315e+01  1.00000e+06  3.56581e+01
6.238147561e-01  7.6566522e+01  1.00000e+06  3.57169e+01
6.241266635e-01  7.6647649e+01  1.00000e+06  3.57765e+01
6.244387268e-01  7.6729367e+01  1.00000e+06  3.58368e+01
6.247509462e-01  7.6811240e+01  1.00000e+06  3.58972e+01
6.250633217e-01  7.6892746e+01  1.00000e+06  3.59572e+01
6.253758533e-01  7.6973320e+01  1.00000e+06  3.60164e+01
6.256885413e-01  7.7052390e+01  1.00000e+06  3.60740e+01
6.260013855e-01  7.7129451e+01  1.00000e+06  3.61297e+01
6.263143862e-01  7.7204141e+01  1.00000e+06  3.61830e+01
6.266275434e-01  7.7276317e+01  1.00000e+06  3.62337e+01
6.269408572e-01  7.7346119e+01  1.00000e+06  3.62821e+01
6.272543276e-01  7.7413976e+01  1.00000e+06  3.63286e+01
6.275679548e-01  7.7480568e+01  1.00000e+06  3.63738e+01
6.278817388e-01  7.7546732e+01  1.00000e+06  3.64187e+01
6.281956796e-01  7.7613349e+01  1.00000e+06  3.64639e+01
6.285097775e-01  7.7681216e+01  1.00000e+06  3.65105e+01
6.288240324e-01  7.7750959e+01  1.00000e+06  3.65589e+01
6.291384444e-01  7.7822973e+01  1.00000e+06  3.66096e+01
6.294530136e-01  7.7897401e+01  1.00000e+06  3.66627e+01
6.297677401e-01  7.7974146e+01  1.00000e+06  3.67181e+01
6.300826240e-01  7.8052901e+01  1.00000e+06  3.67756e+01
6.303976653e-01  7.8133189e+01  1.00000e+06  3.68346e+01
6.307128641e-01  7.8214419e+01  1.00000e+06  3.68946e+01
6.310282206e-01  7.8295958e+01  1.00000e+06  3.69548e+01
6.313437347e-01  7.8377194e+01  1.00000e+06  3.70148e+01
6.316594065e-01  7.8457619e+01  1.00000e+06  3.70740e+01
6.319752362e-01  7.8536874e+01  1.00000e+06  3.71320e+01
6.322912239e-01  7.8614797e+01  1.00000e+06  3.71887e+01
6.326073695e-01  7.8691424e+01  1.00000e+06  3.72441e+01
6.329236732e-01  7.8766973e+01  1.00000e+06  3.72985e+01
6.332401350e-01  7.8841811e+01  1.00000e+06  3.73521e+01
6.335567551e-01  7.8916406e+01  1.00000e+06  3.74055e+01
6.338735334e-01  7.8991274e+01  1.00000e+06  3.74592e+01
6.341904702e-01  7.9066933e+01  1.00000e+06  3.75137e+01
6.345075654e-01  7.9143859e+01  1.00000e+06  3.75695e+01
6.348248192e-01  7.9222438e+01  1.00000e+06  3.76269e+01
6.351422316e-01  7.9302935e+01  1.00000e+06  3.76863e+01
6.354598027e-01  7.9385464e+01  1.00000e+06  3.77477e+01
6.357775327e-01  7.9469964e+01  1.00000e+06  3.78111e+01
6.360954214e-01  7.9556194e+01  1.00000e+06  3.78762e+01
6.364134691e-01  7.9643741e+01  1.00000e+06  3.79427e+01
6.367316759e-01  7.9732046e+01  1.00000e+06  3.80099e+01
6.370500417e-01  7.9820463e+01  1.00000e+06  3.80772e+01
6.373685667e-01  7.9908335e+01  1.00000e+06  3.81440e+01
6.376872510e-01  7.9995089e+01  1.00000e+06  3.82097e+01
6.380060946e-01  8.0080332e+01  1.00000e+06  3.82739e+01
6.383250977e-01  8.0163920e+01  1.00000e+06  3.83365e+01
6.386442602e-01  8.0246004e+01  1.00000e+06  3.83975e+01
6.389635824e-01  8.0327004e+01  1.00000e+06  3.84575e+01
6.392830641e-01  8.0407556e+01  1.00000e+06  3.85171e+01
6.396027057e-01  8.0488421e+01  1.00000e+06  3.85769e+01
6.399225070e-01  8.0570396e+01  1.00000e+06  3.86379e+01
6.402424683e-01  8.0654246e+01  1.00000e+06  3.87008e+01
6.405625895e-01  8.0740680e+01  1.00000e+06  3.87663e+01
6.408828708e-01  8.0830362e+01  1.00000e+06  3.88350e+01
6.412033122e-01  8.0923933e+01  1.00000e+06  3.89076e+01
6.415239139e-01  8.1022029e+01  1.00000e+06  3.89848e+01
6.418446759e-01  8.1125265e+01  1.00000e+06  3.90671e+01
6.421655982e-01  8.1234186e+01  1.00000e+06  3.91551e+01
6.424866810e-01  8.1349194e+01  1.00000e+06  3.92492e+01
6.428079243e-01  8.1470472e+01  1.00000e+06  3.93496e+01
6.431293283e-01  8.1597924e+01  1.00000e+06  3.94561e+01
6.434508930e-01  8.1731142e+01  1.00000e+06  3.95685e+01
6.437726184e-01  8.1869373e+01  1.00000e+06  3.96858e+01
6.440945047e-01  8.2011498e+01  1.00000e+06  3.98071e+01
6.444165520e-01  8.2155988e+01  1.00000e+06  3.99307e+01
6.447387603e-01  8.2300888e+01  1.00000e+06  4.00548e+01
6.450611296e-01  8.2443833e+01  1.00000e+06  4.01769e+01
6.453836602e-01  8.2582159e+01  1.00000e+06  4.02944e+01
6.457063520e-01  8.2713112e+01  1.00000e+06  4.04045e+01
6.460292052e-01  8.2834142e+01  1.00000e+06  4.05048e+01
6.463522198e-01  8.2943221e+01  1.00000e+06  4.05930e+01
6.466753959e-01  8.3039120e+01  1.00000e+06  4.06682e+01
6.469987336e-01  8.3121562e+01  1.00000e+06  4.07298e+01
6.473222330e-01  8.3191259e+01  1.00000e+06  4.07788e+01
6.476458941e-01  8.3249832e+01  1.00000e+06  4.08166e+01
6.479697170e-01  8.3299663e+01  1.00000e+06  4.08457e+01
6.482937019e-01  8.3343742e+01  1.00000e+06  4.08690e+01
6.486178488e-01  8.3385478e+01  1.00000e+06  4.08900e+01
6.489421577e-01  8.3428456e+01  1.00000e+06  4.09123e+01
6.492666288e-01  8.3476093e+01  1.00000e+06  4.09392e+01
6.495912621e-01  8.3531178e+01  1.00000e+06  4.09736e+01
6.499160577e-01  8.3595388e+01  1.00000e+06  4.10171e+01
6.502410157e-01  8.3668907e+01  1.00000e+06  4.10700e+01
6.505661362e-01  8.3750338e+01  1.00000e+06  4.11307e+01
6.508914193e-01  8.3836990e+01  1.00000e+06  4.11967e+01
6.512168650e-01  8.3925519e+01  1.00000e+06  4.12646e+01
6.515424734e-01  8.4012770e+01  1.00000e+06  4.13312e+01
6.518682447e-01  8.4096539e+01  1.00000e+06  4.13944e+01
6.521941788e-01  8.4176058e+01  1.00000e+06  4.14533e+01
6.525202759e-01  8.4252037e+01  1.00000e+06  4.15086e+01
6.528465360e-01  8.4326322e+01  1.00000e+06  4.15623e+01
6.531729593e-01  8.4401321e+01  1.00000e+06  4.16167e+01
6.534995458e-01  8.4479399e+01  1.00000e+06  4.16742e+01
6.538262956e-01  8.4562427e+01  1.00000e+06  4.17367e+01
6.541532087e-01  8.4651555e+01  1.00000e+06  4.18052e+01
6.544802853e-01  8.4747192e+01  1.00000e+06  4.18803e+01
6.548075254e-01  8.4849093e+01  1.00000e+06  4.19617e+01
6.551349292e-01  8.4956467e+01  1.00000e+06  4.20485e+01
6.554624967e-01  8.5068061e+01  1.00000e+06  4.21396e+01
6.557902279e-01  8.5182212e+01  1.00000e+06  4.22332e+01
6.561181230e-01  8.5296931e+01  1.00000e+06  4.23275e+01
6.564461821e-01  8.5410065e+01  1.00000e+06  4.24201e+01
6.567744052e-01  8.5519544e+01  1.00000e+06  4.25091e+01
6.571027924e-01  8.5623685e+01  1.00000e+06  4.25928e+01
6.574313438e-01  8.5721454e+01  1.00000e+06  4.26701e+01
6.577600595e-01  8.5812623e+01  1.00000e+06  4.27408e+01
6.580889395e-01  8.5897749e+01  1.00000e+06  4.28055e+01
6.584179840e-01  8.5978018e+01  1.00000e+06  4.28653e+01
6.587471930e-01  8.6054991e+01  1.00000e+06  4.29218e+01
6.590765666e-01  8.6130353e+01  1.00000e+06  4.29768e+01
6.594061048e-01  8.6205721e+01  1.00000e+06  4.30318e+01
6.597358079e-01  8.6282516e+01  1.00000e+06  4.30881e+01
6.600656758e-01  8.6361895e+01  1.00000e+06  4.31471e+01
6.603957086e-01  8.6444691e+01  1.00000e+06  4.32096e+01
6.607259065e-01  8.6531347e+01  1.00000e+06  4.32758e+01
6.610562694e-01  8.6621837e+01  1.00000e+06  4.33460e+01
6.613867976e-01  8.6715628e+01  1.00000e+06  4.34194e+01
6.617174910e-01  8.6811721e+01  1.00000e+06  4.34952e+01
6.620483497e-01  8.6908784e+01  1.00000e+06  4.35719e+01
6.623793739e-01  8.7005377e+01  1.00000e+06  4.36482e+01
6.627105636e-01  8.7100206e+01  1.00000e+06  4.37227e+01
6.630419189e-01  8.7192346e+01  1.00000e+06  4.37945e+01
6.633734398e-01  8.7281358e+01  1.00000e+06  4.38633e+01
6.637051265e-01  8.7367287e+01  1.00000e+06  4.39289e+01
6.640369791e-01  8.7450552e+01  1.00000e+06  4.39919e+01
6.643689976e-01  8.7531784e+01  1.00000e+06  4.40529e+01
6.647011821e-01  8.7611659e+01  1.00000e+06  4.41125e+01
6.650335327e-01  8.7690790e+01  1.00000e+06  4.41714e+01
6.653660494e-01  8.7769682e+01  1.00000e+06  4.42301e+01
6.656987325e-01  8.7848742e+01  1.00000e+06  4.42889e+01
6.660315818e-01  8.7928322e+01  1.00000e+06  4.43483e+01
6.663645976e-01  8.8008741e+01  1.00000e+06  4.44085e+01
6.666977799e-01  8.8090279e+01  1.00000e+06  4.44698e+01
6.670311288e-01  8.8173128e+01  1.00000e+06  4.45325e+01
6.673646444e-01  8.8257322e+01  1.00000e+06  4.45965e+01
6.676983267e-01  8.8342678e+01  1.00000e+06  4.46617e+01
6.680321759e-01  8.8428783e+01  1.00000e+06  4.47276e+01
6.683661920e-01  8.8515038e+01  1.00000e+06  4.47937e+01
6.687003751e-01  8.8600757e+01  1.00000e+06  4.48593e+01
6.690347252e-01  8.8685302e+01  1.00000e+06  4.49237e+01
6.693692426e-01  8.8768204e+01  1.00000e+06  4.49865e+01
6.697039272e-01  8.8849258e+01  1.00000e+06  4.50475e+01
6.700387792e-01  8.8928548e+01  1.00000e+06  4.51067e+01
6.703737986e-01  8.9006409e+01  1.00000e+06  4.51644e+01
6.707089855e-01  8.9083336e+01  1.00000e+06  4.52213e+01
6.710443400e-01  8.9159871e+01  1.00000e+06  4.52778e+01
6.713798621e-01  8.9236499e+01  1.00000e+06  4.53343e+01
6.717155521e-01  8.9313573e+01  1.00000e+06  4.53914e+01
6.720514098e-01  8.9391301e+01  1.00000e+06  4.54490e+01
6.723874355e-01  8.9469777e+01  1.00000e+06  4.55075e+01
6.727236293e-01  8.9549037e+01  1.00000e+06  4.55667e+01
6.730599911e-01  8.9629125e+01  1.00000e+06  4.56268e+01
6.733965211e-01  8.9710130e+01  1.00000e+06  4.56878e+01
6.737332193e-01  8.9792196e+01  1.00000e+06  4.57499e+01
6.740700859e-01  8.9875499e+01  1.00000e+06  4.58132e+01
6.744071210e-01  8.9960210e+01  1.00000e+06  4.58779e+01
6.747443246e-01  9.0046450e+01  1.00000e+06  4.59442e+01
6.750816967e-01  9.0134261e+01  1.00000e+06  4.60121e+01
6.754192376e-01  9.0223594e+01  1.00000e+06  4.60815e+01
6.757569472e-01  9.0314328e+01  1.00000e+06  4.61523e+01
6.760948257e-01  9.0406306e+01  1.00000e+06  4.62243e+01
6.764328731e-01  9.0499376e+01  1.00000e+06  4.62975e+01
6.767710895e-01  9.0593435e+01  1.00000e+06  4.63716e+01
6.771094750e-01  9.0688446e+01  1.00000e+06  4.64467e+01
6.774480298e-01  9.0784438e+01  1.00000e+06  4.65228e+01
6.777867538e-01  9.0881475e+01  1.00000e+06  4.66000e+01
6.781256472e-01  9.0979620e+01  1.00000e+06  4.66783e+01
6.784647100e-01  9.1078894e+01  1.00000e+06  4.67577e+01
6.788039424e-01  9.1179245e+01  1.00000e+06  4.68382e+01
6.791433443e-01  9.1280535e+01  1.00000e+06  4.69196e+01
6.794829160e-01  9.1382543e+01  1.00000e+06  4.70018e+01
6.798226575e-01  9.1484987e+01  1.00000e+06  4.70844e+01
6.801625688e-01  9.1587556e+01  1.00000e+06  4.71672e+01
6.805026501e-01  9.1689953e+01  1.00000e+06  4.72498e+01
6.808429014e-01  9.1791940e+01  1.00000e+06  4.73320e+01
6.811833228e-01  9.1893363e+01  1.00000e+06  4.74136e+01
6.815239145e-01  9.1994178e+01  1.00000e+06  4.74947e+01
6.818646765e-01  9.2094442e+01  1.00000e+06  4.75752e+01
6.822056088e-01  9.2194302e+01  1.00000e+06  4.76553e+01
6.825467116e-01  9.2293973e+01  1.00000e+06  4.77352e+01
6.828879850e-01  9.2393723e+01  1.00000e+06  4.78152e+01
6.832294290e-01  9.2493863e+01  1.00000e+06  4.78956e+01
6.835710437e-01  9.2594750e+01  1.00000e+06  4.79768e+01
6.839128292e-01  9.2696788e+01  1.00000e+06  4.80592e+01
6.842547856e-01  9.2800420e+01  1.00000e+06  4.81431e+01
6.845969130e-01  9.2906126e+01  1.00000e+06  4.82291e+01
6.849392115e-01  9.3014418e+01  1.00000e+06  4.83177e+01
6.852816811e-01  9.3125843e+01  1.00000e+06  4.84095e+01
6.856243219e-01  9.3241058e+01  1.00000e+06  4.85050e+01
6.859671341e-01  9.3360921e+01  1.00000e+06  4.86053e+01
6.863101176e-01  9.3486643e+01  1.00000e+06  4.87113e+01
6.866532727e-01  9.3619963e+01  1.00000e+06  4.88250e+01
6.869965993e-01  9.3763323e+01  1.00000e+06  4.89488e+01
6.873400976e-01  9.3920026e+01  1.00000e+06  4.90859e+01
6.876837677e-01  9.4094331e+01  1.00000e+06  4.92406e+01
6.880276096e-01  9.4291433e+01  1.00000e+06  4.94181e+01
6.883716234e-01  9.4517226e+01  1.00000e+06  4.96243e+01
6.887158092e-01  9.4777716e+01  1.00000e+06  4.98652e+01
6.890601671e-01  9.5077941e+01  1.00000e+06  5.01459e+01
6.894046972e-01  9.5420358e+01  1.00000e+06  5.04687e+01
6.897493995e-01  9.5802886e+01  1.00000e+06  5.08317e+01
6.900942742e-01  9.6217049e+01  1.00000e+06  5.12263e+01
6.904393213e-01  9.6646972e+01  1.00000e+06  5.16367e+01
6.907845410e-01  9.7069946e+01  1.00000e+06  5.20402e+01
6.911299333e-01  9.7459013e+01  1.00000e+06  5.24098e+01
6.914754982e-01  9.7787332e+01  1.00000e+06  5.27186e+01
6.918212360e-01  9.8033409e+01  1.00000e+06  5.29452e+01
6.921671466e-01  9.8185698e+01  1.00000e+06  5.30780e+01
6.925132302e-01  9.8245168e+01  1.00000e+06  5.31180e+01
6.928594868e-01  9.8224949e+01  1.00000e+06  5.30783e+01
6.932059165e-01  9.8147189e+01  1.00000e+06  5.29811e+01
6.935525195e-01  9.8038091e+01  1.00000e+06  5.28526e+01
6.938992958e-01  9.7922659e+01  1.00000e+06  5.27177e+01
6.942462454e-01  9.7820556e+01  1.00000e+06  5.25962e+01
6.945933685e-01  9.7743961e+01  1.00000e+06  5.25002e+01
6.949406652e-01  9.7697584e+01  1.00000e+06  5.24344e+01
6.952881356e-01  9.7680337e+01  1.00000e+06  5.23978e+01
6.956357796e-01  9.7687827e+01  1.00000e+06  5.23859e+01
6.959835975e-01  9.7714837e+01  1.00000e+06  5.23935e+01
6.963315893e-01  9.7757141e+01  1.00000e+06  5.24165e+01
6.966797551e-01  9.7812381e+01  1.00000e+06  5.24523e+01
6.970280950e-01  9.7880035e+01  1.00000e+06  5.25007e+01
6.973766090e-01  9.7960778e+01  1.00000e+06  5.25621e+01
6.977252973e-01  9.8055610e+01  1.00000e+06  5.26376e+01
6.980741600e-01  9.8165105e+01  1.00000e+06  5.27277e+01
6.984231971e-01  9.8289024e+01  1.00000e+06  5.28324e+01
6.987724087e-01  9.8426319e+01  1.00000e+06  5.29504e+01
6.991217949e-01  9.8575440e+01  1.00000e+06  5.30802e+01
6.994713558e-01  9.8734700e+01  1.00000e+06  5.32202e+01
6.998210914e-01  9.8902499e+01  1.00000e+06  5.33687e+01
7.001710020e-01  9.9077300e+01  1.00000e+06  5.35242e+01
7.005210875e-01  9.9257346e+01  1.00000e+06  5.36850e+01
7.008713480e-01  9.9440322e+01  1.00000e+06  5.38488e+01
7.012217837e-01  9.9623204e+01  1.00000e+06  5.40124e+01
7.015723946e-01  9.9802431e+01  1.00000e+06  5.41724e+01
7.019231808e-01  9.9974453e+01  1.00000e+06  5.43252e+01
7.022741424e-01  1.0013645e+02  1.00000e+06  5.44680e+01
7.026252795e-01  1.0028696e+02  1.00000e+06  5.45994e+01
7.029765921e-01  1.0042618e+02  1.00000e+06  5.47194e+01
7.033280804e-01  1.0055581e+02  1.00000e+06  5.48298e+01
7.036797444e-01  1.0067853e+02  1.00000e+06  5.49334e+01
7.040315843e-01  1.0079733e+02  1.00000e+06  5.50330e+01
7.043836001e-01  1.0091495e+02  1.00000e+06  5.51315e+01
7.047357919e-01  1.0103346e+02  1.00000e+06  5.52309e+01
7.050881598e-01  1.0115419e+02  1.00000e+06  5.53325e+01
7.054407039e-01  1.0127784e+02  1.00000e+06  5.54370e+01
7.057934242e-01  1.0140472e+02  1.00000e+06  5.55448e+01
7.061463209e-01  1.0153508e+02  1.00000e+06  5.56561e+01
7.064993941e-01  1.0166933e+02  1.00000e+06  5.57712e+01
7.068526438e-01  1.0180827e+02  1.00000e+06  5.58911e+01
7.072060701e-01  1.0195308e+02  1.00000e+06  5.60168e+01
7.075596731e-01  1.0210520e+02  1.00000e+06  5.61499e+01
7.079134530e-01  1.0226620e+02  1.00000e+06  5.62918e+01
7.082674097e-01  1.0243755e+02  1.00000e+06  5.64441e+01
7.086215434e-01  1.0262055e+02  1.00000e+06  5.66081e+01
7.089758542e-01  1.0281637e+02  1.00000e+06  5.67849e+01
7.093303421e-01  1.0302602e+02  1.00000e+06  5.69755e+01
7.096850073e-01  1.0325049e+02  1.00000e+06  5.71810e+01
7.100398498e-01  1.0349071e+02  1.00000e+06  5.74022e+01
7.103948697e-01  1.0374765e+02  1.00000e+06  5.76402e+01
7.107500671e-01  1.0402259e+02  1.00000e+06  5.78961e+01
7.111054422e-01  1.0431809e+02  1.00000e+06  5.81727e+01
7.114609949e-01  1.0463953e+02  1.00000e+06  5.84752e+01
7.118167254e-01  1.0499732e+02  1.00000e+06  5.88140e+01
7.121726338e-01  1.0540900e+02  1.00000e+06  5.92067e+01
7.125287201e-01  1.0590042e+02  1.00000e+06  5.96792e+01
7.128849844e-01  1.0650453e+02  1.00000e+06  6.02644e+01
7.132414269e-01  1.0725703e+02  1.00000e+06  6.09980e+01
7.135980476e-01  1.0818844e+02  1.00000e+06  6.19105e+01
7.139548467e-01  1.0931350e+02  1.00000e+06  6.30167e+01
7.143118241e-01  1.1062047e+02  1.00000e+06  6.43048e+01
7.146689800e-01  1.1206358e+02  1.00000e+06  6.57290e+01
7.150263145e-01  1.1356245e+02  1.00000e+06  6.72090e+01
7.153838277e-01  1.1501058e+02  1.00000e+06  6.86383e+01
7.157415196e-01  1.1629253e+02  1.00000e+06  6.99014e+01
7.160993903e-01  1.1730597e+02  1.00000e+06  7.08960e+01
7.164574400e-01  1.1798269e+02  1.00000e+06  7.15539e+01
7.168156687e-01  1.1830209e+02  1.00000e+06  7.18545e+01
7.171740766e-01  1.1829298e+02  1.00000e+06  7.18266e+01
7.175326636e-01  1.1802354e+02  1.00000e+06  7.15383e+01
7.178914299e-01  1.1758280e+02  1.00000e+06  7.10788e+01
7.182503757e-01  1.1705980e+02  1.00000e+06  7.05370e+01
7.186095008e-01  1.1652660e+02  1.00000e+06  6.99850e+01
7.189688056e-01  1.1602893e+02  1.00000e+06  6.94686e+01
7.193282900e-01  1.1558574e+02  1.00000e+06  6.90067e+01
7.196879541e-01  1.1519578e+02  1.00000e+06  6.85980e+01
7.200477981e-01  1.1484762e+02  1.00000e+06  6.82311e+01
7.204078220e-01  1.1452952e+02  1.00000e+06  6.78942e+01
7.207680259e-01  1.1423634e+02  1.00000e+06  6.75823e+01
7.211284099e-01  1.1397203e+02  1.00000e+06  6.72993e+01
7.214889742e-01  1.1374803e+02  1.00000e+06  6.70566e+01
7.218497186e-01  1.1357901e+02  1.00000e+06  6.68689e+01
7.222106435e-01  1.1347788e+02  1.00000e+06  6.67491e+01
7.225717488e-01  1.1345184e+02  1.00000e+06  6.67044e+01
7.229330347e-01  1.1350049e+02  1.00000e+06  6.67344e+01
7.232945012e-01  1.1361614e+02  1.00000e+06  6.68314e+01
7.236561485e-01  1.1378561e+02  1.00000e+06  6.69822e+01
7.240179765e-01  1.1399272e+02  1.00000e+06  6.71707e+01
7.243799855e-01  1.1422039e+02  1.00000e+06  6.73798e+01
7.247421755e-01  1.1445249e+02  1.00000e+06  6.75932e+01
7.251045466e-01  1.1467525e+02  1.00000e+06  6.77974e+01
7.254670989e-01  1.1487876e+02  1.00000e+06  6.79823e+01
7.258298324e-01  1.1505865e+02  1.00000e+06  6.81436e+01
7.261927473e-01  1.1521741e+02  1.00000e+06  6.82838e+01
7.265558437e-01  1.1536457e+02  1.00000e+06  6.84124e+01
7.269191216e-01  1.1551515e+02  1.00000e+06  6.85444e+01
7.272825812e-01  1.1568590e+02  1.00000e+06  6.86966e+01
7.276462225e-01  1.1589035e+02  1.00000e+06  6.88825e+01
7.280100456e-01  1.1613407e+02  1.00000e+06  6.91077e+01
7.283740506e-01  1.1641173e+02  1.00000e+06  6.93669e+01
7.287382377e-01  1.1670729e+02  1.00000e+06  6.96439e+01
7.291026068e-01  1.1699727e+02  1.00000e+06  6.99154e+01
7.294671581e-01  1.1725637e+02  1.00000e+06  7.01560e+01
7.298318917e-01  1.1746348e+02  1.00000e+06  7.03446e+01
7.301968076e-01  1.1760666e+02  1.00000e+06  7.04693e+01
7.305619060e-01  1.1768579e+02  1.00000e+06  7.05300e+01
7.309271870e-01  1.1771258e+02  1.00000e+06  7.05383e+01
7.312926505e-01  1.1770829e+02  1.00000e+06  7.05156e+01
7.316582969e-01  1.1769977e+02  1.00000e+06  7.04886e+01
7.320241260e-01  1.1771485e+02  1.00000e+06  7.04853e+01
7.323901381e-01  1.1777774e+02  1.00000e+06  7.05298e+01
7.327563332e-01  1.1790516e+02  1.00000e+06  7.06388e+01
7.331227113e-01  1.1810382e+02  1.00000e+06  7.08190e+01
7.334892727e-01  1.1836948e+02  1.00000e+06  7.10663e+01
7.338560173e-01  1.1868789e+02  1.00000e+06  7.13663e+01
7.342229453e-01  1.1903734e+02  1.00000e+06  7.16974e+01
7.345900568e-01  1.1939241e+02  1.00000e+06  7.20341e+01
7.349573518e-01  1.1972824e+02  1.00000e+06  7.23516e+01
7.353248305e-01  1.2002432e+02  1.00000e+06  7.26293e+01
7.356924929e-01  1.2026716e+02  1.00000e+06  7.28538e+01
7.360603392e-01  1.2045119e+02  1.00000e+06  7.30196e+01
7.364283693e-01  1.2057809e+02  1.00000e+06  7.31281e+01
7.367965835e-01  1.2065478e+02  1.00000e+06  7.31865e+01
7.371649818e-01  1.2069096e+02  1.00000e+06  7.32044e+01
7.375335643e-01  1.2069675e+02  1.00000e+06  7.31919e+01
7.379023311e-01  1.2068123e+02  1.00000e+06  7.31581e+01
7.382712822e-01  1.2065182e+02  1.00000e+06  7.31104e+01
7.386404179e-01  1.2061429e+02  1.00000e+06  7.30546e+01
7.390097381e-01  1.2057311e+02  1.00000e+06  7.29952e+01
7.393792430e-01  1.2053162e+02  1.00000e+06  7.29355e+01
7.397489326e-01  1.2049193e+02  1.00000e+06  7.28775e+01
7.401188071e-01  1.2045476e+02  1.00000e+06  7.28221e+01
7.404888665e-01  1.2041944e+02  1.00000e+06  7.27686e+01
7.408591109e-01  1.2038432e+02  1.00000e+06  7.27153e+01
7.412295404e-01  1.2034754e+02  1.00000e+06  7.26603e+01
7.416001552e-01  1.2030777e+02  1.00000e+06  7.26024e+01
7.419709553e-01  1.2026452e+02  1.00000e+06  7.25409e+01
7.423419408e-01  1.2021800e+02  1.00000e+06  7.24762e+01
7.427131117e-01  1.2016849e+02  1.00000e+06  7.24086e+01
7.430844683e-01  1.2011590e+02  1.00000e+06  7.23378e+01
7.434560105e-01  1.2005980e+02  1.00000e+06  7.22636e+01
7.438277385e-01  1.1999989e+02  1.00000e+06  7.21855e+01
7.441996524e-01  1.1993687e+02  1.00000e+06  7.21044e+01
7.445717522e-01  1.1987286e+02  1.00000e+06  7.20223e+01
7.449440381e-01  1.1981145e+02  1.00000e+06  7.19428e+01
7.453165101e-01  1.1975702e+02  1.00000e+06  7.18702e+01
7.456891684e-01  1.1971367e+02  1.00000e+06  7.18088e+01
7.460620130e-01  1.1968423e+02  1.00000e+06  7.17613e+01
7.464350440e-01  1.1966966e+02  1.00000e+06  7.17286e+01
7.468082615e-01  1.1966900e+02  1.00000e+06  7.17099e+01
7.471816656e-01  1.1967989e+02  1.00000e+06  7.17028e+01
7.475552565e-01  1.1969941e+02  1.00000e+06  7.17042e+01
7.479290341e-01  1.1972491e+02  1.00000e+06  7.17117e+01
7.483029986e-01  1.1975443e+02  1.00000e+06  7.17232e+01
7.486771501e-01  1.1978672e+02  1.00000e+06  7.17375e+01
7.490514887e-01  1.1982080e+02  1.00000e+06  7.17536e+01
7.494260144e-01  1.1985544e+02  1.00000e+06  7.17702e+01
7.498007274e-01  1.1988891e+02  1.00000e+06  7.17857e+01
7.501756278e-01  1.1991907e+02  1.00000e+06  7.17979e+01
7.505507156e-01  1.1994370e+02  1.00000e+06  7.18045e+01
7.509259910e-01  1.1996101e+02  1.00000e+06  7.18039e+01
7.513014540e-01  1.1997006e+02  1.00000e+06  7.17950e+01
7.516771047e-01  1.1997087e+02  1.00000e+06  7.17778e+01
7.520529432e-01  1.1996448e+02  1.00000e+06  7.17535e+01
7.524289697e-01  1.1995266e+02  1.00000e+06  7.17238e+01
7.528051842e-01  1.1993754e+02  1.00000e+06  7.16908e+01
7.531815868e-01  1.1992099e+02  1.00000e+06  7.16563e+01
7.535581776e-01  1.1990412e+02  1.00000e+06  7.16215e+01
7.539349567e-01  1.1988699e+02  1.00000e+06  7.15865e+01
7.543119241e-01  1.1986872e+02  1.00000e+06  7.15504e+01
7.546890801e-01  1.1984802e+02  1.00000e+06  7.15118e+01
7.550664246e-01  1.1982387e+02  1.00000e+06  7.14698e+01
7.554439579e-01  1.1979615e+02  1.00000e+06  7.14242e+01
7.558216798e-01  1.1976584e+02  1.00000e+06  7.13761e+01
7.561995907e-01  1.1973486e+02  1.00000e+06  7.13273e+01
7.565776905e-01  1.1970552e+02  1.00000e+06  7.12801e+01
7.569559793e-01  1.1968000e+02  1.00000e+06  7.12368e+01
7.573344573e-01  1.1965991e+02  1.00000e+06  7.11989e+01
7.577131245e-01  1.1964609e+02  1.00000e+06  7.11672e+01
7.580919811e-01  1.1963880e+02  1.00000e+06  7.11422e+01
7.584710271e-01  1.1963797e+02  1.00000e+06  7.11236e+01
7.588502626e-01  1.1964359e+02  1.00000e+06  7.11114e+01
7.592296877e-01  1.1965600e+02  1.00000e+06  7.11061e+01
7.596093026e-01  1.1967599e+02  1.00000e+06  7.11083e+01
7.599891072e-01  1.1970478e+02  1.00000e+06  7.11194e+01
7.603691018e-01  1.1974379e+02  1.00000e+06  7.11406e+01
7.607492863e-01  1.1979437e+02  1.00000e+06  7.11735e+01
7.611296610e-01  1.1985749e+02  1.00000e+06  7.12189e+01
7.615102258e-01  1.1993355e+02  1.00000e+06  7.12773e+01
7.618909809e-01  1.2002235e+02  1.00000e+06  7.13484e+01
7.622719264e-01  1.2012305e+02  1.00000e+06  7.14314e+01
7.626530624e-01  1.2023443e+02  1.00000e+06  7.15251e+01
7.630343889e-01  1.2035498e+02  1.00000e+06  7.16280e+01
7.634159061e-01  1.2048306e+02  1.00000e+06  7.17384e+01
7.637976141e-01  1.2061705e+02  1.00000e+06  7.18547e+01
7.641795129e-01  1.2075538e+02  1.00000e+06  7.19754e+01
7.645616026e-01  1.2089661e+02  1.00000e+06  7.20990e+01
7.649438834e-01  1.2103953e+02  1.00000e+06  7.22243e+01
7.653263554e-01  1.2118315e+02  1.00000e+06  7.23503e+01
7.657090185e-01  1.2132681e+02  1.00000e+06  7.24764e+01
7.660918730e-01  1.2147008e+02  1.00000e+06  7.26020e+01
7.664749190e-01  1.2161275e+02  1.00000e+06  7.27271e+01
7.668581564e-01  1.2175468e+02  1.00000e+06  7.28515e+01
7.672415855e-01  1.2189584e+02  1.00000e+06  7.29751e+01
7.676252063e-01  1.2203625e+02  1.00000e+06  7.30979e+01
7.680090189e-01  1.2217606e+02  1.00000e+06  7.32202e+01
7.683930234e-01  1.2231553e+02  1.00000e+06  7.33421e+01
7.687772199e-01  1.2245502e+02  1.00000e+06  7.34640e+01
7.691616085e-01  1.2259486e+02  1.00000e+06  7.35864e+01
7.695461894e-01  1.2273529e+02  1.00000e+06  7.37093e+01
7.699309624e-01  1.2287636e+02  1.00000e+06  7.38328e+01
7.703159279e-01  1.2301801e+02  1.00000e+06  7.39570e+01
7.707010859e-01  1.2316009e+02  1.00000e+06  7.40816e+01
7.710864364e-01  1.2330255e+02  1.00000e+06  7.42066e+01
7.714719797e-01  1.2344547e+02  1.00000e+06  7.43320e+01
7.718577156e-01  1.2358914e+02  1.00000e+06  7.44582e+01
7.722436445e-01  1.2373409e+02  1.00000e+06  7.45857e+01
7.726297663e-01  1.2388101e+02  1.00000e+06  7.47152e+01
7.730160812e-01  1.2403076e+02  1.00000e+06  7.48475e+01
7.734025892e-01  1.2418433e+02  1.00000e+06  7.49836e+01
7.737892905e-01  1.2434282e+02  1.00000e+06  7.51247e+01
7.741761852e-01  1.2450739e+02  1.00000e+06  7.52719e+01
7.745632733e-01  1.2467917e+02  1.00000e+06  7.54263e+01
7.749505549e-01  1.2485911e+02  1.00000e+06  7.55888e+01
7.753380302e-01  1.2504785e+02  1.00000e+06  7.57602e+01
7.757256992e-01  1.2524552e+02  1.00000e+06  7.59405e+01
7.761135621e-01  1.2545161e+02  1.00000e+06  7.61292e+01
7.765016188e-01  1.2566490e+02  1.00000e+06  7.63251e+01
7.768898697e-01  1.2588360e+02  1.00000e+06  7.65265e+01
7.772783146e-01  1.2610547e+02  1.00000e+06  7.67310e+01
7.776669537e-01  1.2632821e+02  1.00000e+06  7.69364e+01
7.780557872e-01  1.2654975e+02  1.00000e+06  7.71407e+01
7.784448151e-01  1.2676862e+02  1.00000e+06  7.73422e+01
7.788340375e-01  1.2698417e+02  1.00000e+06  7.75405e+01
7.792234545e-01  1.2719661e+02  1.00000e+06  7.77356e+01
7.796130663e-01  1.2740701e+02  1.00000e+06  7.79287e+01
7.800028728e-01  1.2761701e+02  1.00000e+06  7.81215e+01
7.803928742e-01  1.2782861e+02  1.00000e+06  7.83158e+01
7.807830707e-01  1.2804375e+02  1.00000e+06  7.85137e+01
7.811734622e-01  1.2826405e+02  1.00000e+06  7.87167e+01
7.815640489e-01  1.2849051e+02  1.00000e+06  7.89259e+01
7.819548310e-01  1.2872327e+02  1.00000e+06  7.91415e+01
7.823458084e-01  1.2896157e+02  1.00000e+06  7.93626e+01
7.827369813e-01  1.2920382e+02  1.00000e+06  7.95876e+01
7.831283498e-01  1.2944774e+02  1.00000e+06  7.98143e+01
7.835199139e-01  1.2969057e+02  1.00000e+06  8.00399e+01
7.839116739e-01  1.2992927e+02  1.00000e+06  8.02615e+01
7.843036297e-01  1.3016065e+02  1.00000e+06  8.04757e+01
7.846957816e-01  1.3038156e+02  1.00000e+06  8.06794e+01
7.850881294e-01  1.3058914e+02  1.00000e+06  8.08698e+01
7.854806735e-01  1.3078124e+02  1.00000e+06  8.10448e+01
7.858734139e-01  1.3095691e+02  1.00000e+06  8.12033e+01
7.862663506e-01  1.3111682e+02  1.00000e+06  8.13461e+01
7.866594837e-01  1.3126335e+02  1.00000e+06  8.14755e+01
7.870528135e-01  1.3140024e+02  1.00000e+06  8.15953e+01
7.874463399e-01  1.3153188e+02  1.00000e+06  8.17098e+01
7.878400631e-01  1.3166234e+02  1.00000e+06  8.18232e+01
7.882339831e-01  1.3179465e+02  1.00000e+06  8.19384e+01
7.886281001e-01  1.3193041e+02  1.00000e+06  8.20571e+01
7.890224141e-01  1.3206991e+02  1.00000e+06  8.21795e+01
7.894169253e-01  1.3221268e+02  1.00000e+06  8.23052e+01
7.898116338e-01  1.3235809e+02  1.00000e+06  8.24336e+01
7.902065396e-01  1.3250590e+02  1.00000e+06  8.25643e+01
7.906016429e-01  1.3265645e+02  1.00000e+06  8.26978e+01
7.909969437e-01  1.3281077e+02  1.00000e+06  8.28351e+01
7.913924422e-01  1.3297033e+02  1.00000e+06  8.29777e+01
7.917881384e-01  1.3313699e+02  1.00000e+06  8.31273e+01
7.921840325e-01  1.3331283e+02  1.00000e+06  8.32862e+01
7.925801245e-01  1.3349999e+02  1.00000e+06  8.34563e+01
7.929764145e-01  1.3370043e+02  1.00000e+06  8.36398e+01
7.933729028e-01  1.3391552e+02  1.00000e+06  8.38379e+01
7.937695892e-01  1.3414555e+02  1.00000e+06  8.40510e+01
7.941664740e-01  1.3438941e+02  1.00000e+06  8.42779e+01
7.945635572e-01  1.3464440e+02  1.00000e+06  8.45159e+01
7.949608390e-01  1.3490664e+02  1.00000e+06  8.47612e+01
7.953583194e-01  1.3517170e+02  1.00000e+06  8.50094e+01
7.957559986e-01  1.3543543e+02  1.00000e+06  8.52562e+01
7.961538766e-01  1.3569464e+02  1.00000e+06  8.54985e+01
7.965519535e-01  1.3594749e+02  1.00000e+06  8.57344e+01
7.969502295e-01  1.3619343e+02  1.00000e+06  8.59635e+01
7.973487046e-01  1.3643284e+02  1.00000e+06  8.61860e+01
7.977473790e-01  1.3666664e+02  1.00000e+06  8.64029e+01
7.981462527e-01  1.3689600e+02  1.00000e+06  8.66154e+01
7.985453258e-01  1.3712237e+02  1.00000e+06  8.68249e+01
7.989445985e-01  1.3734766e+02  1.00000e+06  8.70333e+01
7.993440708e-01  1.3757456e+02  1.00000e+06  8.72434e+01
7.997437428e-01  1.3780670e+02  1.00000e+06  8.74587e+01
8.001436147e-01  1.3804863e+02  1.00000e+06  8.76838e+01
8.005436865e-01  1.3830557e+02  1.00000e+06  8.79239e+01
8.009439583e-01  1.3858305e+02  1.00000e+06  8.81846e+01
8.013444303e-01  1.3888657e+02  1.00000e+06  8.84713e+01
8.017451025e-01  1.3922143e+02  1.00000e+06  8.87894e+01
8.021459751e-01  1.3959295e+02  1.00000e+06  8.91442e+01
8.025470480e-01  1.4000687e+02  1.00000e+06  8.95413e+01
8.029483216e-01  1.4047004e+02  1.00000e+06  8.99877e+01
8.033497957e-01  1.4099114e+02  1.00000e+06  9.04921e+01
8.037514706e-01  1.4158118e+02  1.00000e+06  9.10653e+01
8.041533464e-01  1.4225349e+02  1.00000e+06  9.17209e+01
8.045554230e-01  1.4302338e+02  1.00000e+06  9.24741e+01
8.049577007e-01  1.4390715e+02  1.00000e+06  9.33411e+01
8.053601796e-01  1.4492070e+02  1.00000e+06  9.43380e+01
8.057628597e-01  1.4607765e+02  1.00000e+06  9.54782e+01
8.061657411e-01  1.4738669e+02  1.00000e+06  9.67706e+01
8.065688240e-01  1.4884854e+02  1.00000e+06  9.82157e+01
8.069721084e-01  1.5045250e+02  1.00000e+06  9.98030e+01
8.073755945e-01  1.5217372e+02  1.00000e+06  1.01508e+02
8.077792822e-01  1.5397222e+02  1.00000e+06  1.03289e+02
8.081831719e-01  1.5579468e+02  1.00000e+06  1.05095e+02
8.085872635e-01  1.5757960e+02  1.00000e+06  1.06863e+02
8.089915571e-01  1.5926493e+02  1.00000e+06  1.08532e+02
8.093960529e-01  1.6079671e+02  1.00000e+06  1.10047e+02
8.098007509e-01  1.6213617e+02  1.00000e+06  1.11370e+02
8.102056513e-01  1.6326304e+02  1.00000e+06  1.12480e+02
8.106107541e-01  1.6417409e+02  1.00000e+06  1.13375e+02
8.110160595e-01  1.6487732e+02  1.00000e+06  1.14062e+02
8.114215675e-01  1.6538411e+02  1.00000e+06  1.14552e+02
8.118272783e-01  1.6570266e+02  1.00000e+06  1.14854e+02
8.122331919e-01  1.6583527e+02  1.00000e+06  1.14970e+02
8.126393085e-01  1.6578082e+02  1.00000e+06  1.14899e+02
8.130456282e-01  1.6554094e+02  1.00000e+06  1.14642e+02
8.134521510e-01  1.6512715e+02  1.00000e+06  1.14212e+02
8.138588771e-01  1.6456574e+02  1.00000e+06  1.13634e+02
8.142658065e-01  1.6389800e+02  1.00000e+06  1.12950e+02
8.146729394e-01  1.6317617e+02  1.00000e+06  1.12211e+02
8.150802759e-01  1.6245640e+02  1.00000e+06  1.11475e+02
8.154878160e-01  1.6179155e+02  1.00000e+06  1.10794e+02
8.158955599e-01  1.6122552e+02  1.00000e+06  1.10211e+02
8.163035077e-01  1.6079008e+02  1.00000e+06  1.09759e+02
8.167116595e-01  1.6050389e+02  1.00000e+06  1.09457e+02
8.171200153e-01  1.6037310e+02  1.00000e+06  1.09310e+02
8.175285753e-01  1.6039289e+02  1.00000e+06  1.09313e+02
8.179373396e-01  1.6054987e+02  1.00000e+06  1.09453e+02
8.183463083e-01  1.6082567e+02  1.00000e+06  1.09713e+02
8.187554814e-01  1.6120103e+02  1.00000e+06  1.10072e+02
8.191648592e-01  1.6165956e+02  1.00000e+06  1.10514e+02
8.195744416e-01  1.6218927e+02  1.00000e+06  1.11027e+02
8.199842288e-01  1.6278042e+02  1.00000e+06  1.11602e+02
8.203942209e-01  1.6341955e+02  1.00000e+06  1.12225e+02
8.208044180e-01  1.6408184e+02  1.00000e+06  1.12871e+02
8.212148202e-01  1.6472510e+02  1.00000e+06  1.13497e+02
8.216254277e-01  1.6529003e+02  1.00000e+06  1.14046e+02
8.220362404e-01  1.6570828e+02  1.00000e+06  1.14448e+02
8.224472585e-01  1.6591784e+02  1.00000e+06  1.14641e+02
8.228584821e-01  1.6588122e+02  1.00000e+06  1.14588e+02
8.232699114e-01  1.6560025e+02  1.00000e+06  1.14291e+02
8.236815463e-01  1.6512200e+02  1.00000e+06  1.13796e+02
8.240933871e-01  1.6453346e+02  1.00000e+06  1.13191e+02
8.245054338e-01  1.6394596e+02  1.00000e+06  1.12588e+02
8.249176865e-01  1.6347401e+02  1.00000e+06  1.12099e+02
8.253301453e-01  1.6321407e+02  1.00000e+06  1.11823e+02
8.257428104e-01  1.6322837e+02  1.00000e+06  1.11821e+02
8.261556818e-01  1.6353630e+02  1.00000e+06  1.12113e+02
8.265687597e-01  1.6411403e+02  1.00000e+06  1.12674e+02
8.269820440e-01  1.6490105e+02  1.00000e+06  1.13445e+02
8.273955351e-01  1.6581153e+02  1.00000e+06  1.14339e+02
8.278092328e-01  1.6674838e+02  1.00000e+06  1.15260e+02
8.282231374e-01  1.6761786e+02  1.00000e+06  1.16113e+02
8.286372490e-01  1.6834248e+02  1.00000e+06  1.16822e+02
8.290515676e-01  1.6887041e+02  1.00000e+06  1.17333e+02
8.294660934e-01  1.6917976e+02  1.00000e+06  1.17626e+02
8.298808265e-01  1.6927764e+02  1.00000e+06  1.17708e+02
8.302957669e-01  1.6919493e+02  1.00000e+06  1.17609e+02
8.307109148e-01  1.6897890e+02  1.00000e+06  1.17377e+02
8.311262702e-01  1.6868592e+02  1.00000e+06  1.17068e+02
8.315418334e-01  1.6837515e+02  1.00000e+06  1.16741e+02
8.319576043e-01  1.6810346e+02  1.00000e+06  1.16453e+02
8.323735831e-01  1.6792033e+02  1.00000e+06  1.16254e+02
8.327897699e-01  1.6786203e+02  1.00000e+06  1.16179e+02
8.332061648e-01  1.6794539e+02  1.00000e+06  1.16247e+02
8.336227678e-01  1.6816301e+02  1.00000e+06  1.16448e+02
8.340395792e-01  1.6848249e+02  1.00000e+06  1.16751e+02
8.344565990e-01  1.6885152e+02  1.00000e+06  1.17104e+02
8.348738273e-01  1.6920896e+02  1.00000e+06  1.17446e+02
8.352912642e-01  1.6949934e+02  1.00000e+06  1.17720e+02
8.357089099e-01  1.6968645e+02  1.00000e+06  1.17891e+02
8.361267643e-01  1.6976213e+02  1.00000e+06  1.17951e+02
8.365448277e-01  1.6974683e+02  1.00000e+06  1.17919e+02
8.369631001e-01  1.6968235e+02  1.00000e+06  1.17839e+02
8.373815817e-01  1.6961897e+02  1.00000e+06  1.17759e+02
8.378002725e-01  1.6960103e+02  1.00000e+06  1.17725e+02
8.382191726e-01  1.6965584e+02  1.00000e+06  1.17764e+02
8.386382822e-01  1.6978828e+02  1.00000e+06  1.17881e+02
8.390576013e-01  1.6998250e+02  1.00000e+06  1.18059e+02
8.394771301e-01  1.7020937e+02  1.00000e+06  1.18270e+02
8.398968687e-01  1.7043644e+02  1.00000e+06  1.18481e+02
8.403168171e-01  1.7063750e+02  1.00000e+06  1.18666e+02
8.407369755e-01  1.7079865e+02  1.00000e+06  1.18811e+02
8.411573440e-01  1.7091971e+02  1.00000e+06  1.18916e+02
8.415779227e-01  1.7101137e+02  1.00000e+06  1.18992e+02
8.419987116e-01  1.7108966e+02  1.00000e+06  1.19054e+02
8.424197110e-01  1.7116997e+02  1.00000e+06  1.19119e+02
8.428409209e-01  1.7126233e+02  1.00000e+06  1.19195e+02
8.432623413e-01  1.7136921e+02  1.00000e+06  1.19286e+02
8.436839725e-01  1.7148584e+02  1.00000e+06  1.19387e+02
8.441058145e-01  1.7160243e+02  1.00000e+06  1.19487e+02
8.445278674e-01  1.7170740e+02  1.00000e+06  1.19576e+02
8.449501313e-01  1.7179050e+02  1.00000e+06  1.19644e+02
8.453726064e-01  1.7184489e+02  1.00000e+06  1.19682e+02
8.457952927e-01  1.7186808e+02  1.00000e+06  1.19690e+02
8.462181903e-01  1.7186116e+02  1.00000e+06  1.19667e+02
8.466412994e-01  1.7182712e+02  1.00000e+06  1.19617e+02
8.470646201e-01  1.7176884e+02  1.00000e+06  1.19543e+02
8.474881524e-01  1.7168737e+02  1.00000e+06  1.19445e+02
8.479118965e-01  1.7158113e+02  1.00000e+06  1.19323e+02
8.483358524e-01  1.7144661e+02  1.00000e+06  1.19173e+02
8.487600203e-01  1.7127997e+02  1.00000e+06  1.18991e+02
8.491844003e-01  1.7107930e+02  1.00000e+06  1.18774e+02
8.496089925e-01  1.7084664e+02  1.00000e+06  1.18526e+02
8.500337970e-01  1.7058898e+02  1.00000e+06  1.18252e+02
8.504588139e-01  1.7031782e+02  1.00000e+06  1.17965e+02
8.508840433e-01  1.7004727e+02  1.00000e+06  1.17679e+02
8.513094854e-01  1.6979109e+02  1.00000e+06  1.17407e+02
8.517351401e-01  1.6955976e+02  1.00000e+06  1.17160e+02
8.521610077e-01  1.6935813e+02  1.00000e+06  1.16942e+02
8.525870882e-01  1.6918462e+02  1.00000e+06  1.16753e+02
8.530133817e-01  1.6903201e+02  1.00000e+06  1.16585e+02
8.534398884e-01  1.6888923e+02  1.00000e+06  1.16426e+02
8.538666084e-01  1.6874373e+02  1.00000e+06  1.16265e+02
8.542935417e-01  1.6858345e+02  1.00000e+06  1.16089e+02
8.547206884e-01  1.6839824e+02  1.00000e+06  1.15888e+02
8.551480488e-01  1.6818088e+02  1.00000e+06  1.15655e+02
8.555756228e-01  1.6792763e+02  1.00000e+06  1.15386e+02
8.560034106e-01  1.6763911e+02  1.00000e+06  1.15082e+02
8.564314123e-01  1.6732086e+02  1.00000e+06  1.14748e+02
8.568596280e-01  1.6698358e+02  1.00000e+06  1.14395e+02
8.572880578e-01  1.6664248e+02  1.00000e+06  1.14039e+02
8.577167019e-01  1.6631540e+02  1.00000e+06  1.13696e+02
8.581455602e-01  1.6602017e+02  1.00000e+06  1.13385e+02
8.585746330e-01  1.6577169e+02  1.00000e+06  1.13121e+02
8.590039203e-01  1.6557959e+02  1.00000e+06  1.12913e+02
8.594334223e-01  1.6544700e+02  1.00000e+06  1.12765e+02
8.598631390e-01  1.6537082e+02  1.00000e+06  1.12673e+02
8.602930706e-01  1.6534312e+02  1.00000e+06  1.12630e+02
8.607232171e-01  1.6535330e+02  1.00000e+06  1.12624e+02
8.611535787e-01  1.6539047e+02  1.00000e+06  1.12646e+02
8.615841555e-01  1.6544537e+02  1.00000e+06  1.12685e+02
8.620149476e-01  1.6551150e+02  1.00000e+06  1.12736e+02
8.624459550e-01  1.6558531e+02  1.00000e+06  1.12794e+02
8.628771780e-01  1.6566562e+02  1.00000e+06  1.12859e+02
8.633086166e-01  1.6575249e+02  1.00000e+06  1.12930e+02
8.637402709e-01  1.6584635e+02  1.00000e+06  1.13009e+02
8.641721411e-01  1.6594744e+02  1.00000e+06  1.13094e+02
8.646042271e-01  1.6605597e+02  1.00000e+06  1.13187e+02
8.650365292e-01  1.6617256e+02  1.00000e+06  1.13288e+02
8.654690475e-01  1.6629868e+02  1.00000e+06  1.13399e+02
8.659017820e-01  1.6643660e+02  1.00000e+06  1.13521e+02
8.663347329e-01  1.6658892e+02  1.00000e+06  1.13658e+02
8.667679003e-01  1.6675764e+02  1.00000e+06  1.13812e+02
8.672012842e-01  1.6694328e+02  1.00000e+06  1.13982e+02
8.676348849e-01  1.6714441e+02  1.00000e+06  1.14167e+02
8.680687023e-01  1.6735766e+02  1.00000e+06  1.14365e+02
8.685027367e-01  1.6757825e+02  1.00000e+06  1.14570e+02
8.689369880e-01  1.6780084e+02  1.00000e+06  1.14778e+02
8.693714565e-01  1.6802035e+02  1.00000e+06  1.14982e+02
8.698061423e-01  1.6823277e+02  1.00000e+06  1.15179e+02
8.702410453e-01  1.6843570e+02  1.00000e+06  1.15366e+02
8.706761659e-01  1.6862860e+02  1.00000e+06  1.15544e+02
8.711115039e-01  1.6881276e+02  1.00000e+06  1.15713e+02
8.715470597e-01  1.6899094e+02  1.00000e+06  1.15875e+02
8.719828332e-01  1.6916670e+02  1.00000e+06  1.16036e+02
8.724188246e-01  1.6934355e+02  1.00000e+06  1.16197e+02
8.728550340e-01  1.6952411e+02  1.00000e+06  1.16362e+02
8.732914616e-01  1.6970948e+02  1.00000e+06  1.16532e+02
8.737281073e-01  1.6989900e+02  1.00000e+06  1.16707e+02
8.741649714e-01  1.7009048e+02  1.00000e+06  1.16883e+02
8.746020538e-01  1.7028090e+02  1.00000e+06  1.17058e+02
8.750393549e-01  1.7046733e+02  1.00000e+06  1.17229e+02
8.754768745e-01  1.7064776e+02  1.00000e+06  1.17394e+02
8.759146130e-01  1.7082180e+02  1.00000e+06  1.17553e+02
8.763525703e-01  1.7099080e+02  1.00000e+06  1.17707e+02
8.767907466e-01  1.7115765e+02  1.00000e+06  1.17858e+02
8.772291419e-01  1.7132621e+02  1.00000e+06  1.18011e+02
8.776677565e-01  1.7150059e+02  1.00000e+06  1.18171e+02
8.781065904e-01  1.7168442e+02  1.00000e+06  1.18339e+02
8.785456437e-01  1.7188022e+02  1.00000e+06  1.18520e+02
8.789849165e-01  1.7208897e+02  1.00000e+06  1.18713e+02
8.794244090e-01  1.7230988e+02  1.00000e+06  1.18919e+02
8.798641212e-01  1.7254061e+02  1.00000e+06  1.19134e+02
8.803040532e-01  1.7277789e+02  1.00000e+06  1.19357e+02
8.807442053e-01  1.7301859e+02  1.00000e+06  1.19582e+02
8.811845774e-01  1.7326117e+02  1.00000e+06  1.19809e+02
8.816251697e-01  1.7350722e+02  1.00000e+06  1.20040e+02
8.820659822e-01  1.7376280e+02  1.00000e+06  1.20281e+02
8.825070152e-01  1.7403913e+02  1.00000e+06  1.20542e+02
8.829482687e-01  1.7435251e+02  1.00000e+06  1.20840e+02
8.833897429e-01  1.7472349e+02  1.00000e+06  1.21196e+02
8.838314377e-01  1.7517519e+02  1.00000e+06  1.21632e+02
8.842733535e-01  1.7573157e+02  1.00000e+06  1.22174e+02
8.847154901e-01  1.7641596e+02  1.00000e+06  1.22843e+02
8.851578479e-01  1.7725073e+02  1.00000e+06  1.23663e+02
8.856004268e-01  1.7825858e+02  1.00000e+06  1.24655e+02
8.860432270e-01  1.7946527e+02  1.00000e+06  1.25847e+02
8.864862486e-01  1.8090291e+02  1.00000e+06  1.27269e+02
8.869294918e-01  1.8261240e+02  1.00000e+06  1.28964e+02
8.873729565e-01  1.8464182e+02  1.00000e+06  1.30978e+02
8.878166430e-01  1.8703940e+02  1.00000e+06  1.33361e+02
8.882605513e-01  1.8983938e+02  1.00000e+06  1.36146e+02
8.887046816e-01  1.9304326e+02  1.00000e+06  1.39334e+02
8.891490339e-01  1.9660048e+02  1.00000e+06  1.42877e+02
8.895936084e-01  2.0039608e+02  1.00000e+06  1.46657e+02
8.900384052e-01  2.0425222e+02  1.00000e+06  1.50498e+02
8.904834244e-01  2.0794788e+02  1.00000e+06  1.54179e+02
8.909286662e-01  2.1125466e+02  1.00000e+06  1.57471e+02
8.913741305e-01  2.1398120e+02  1.00000e+06  1.60182e+02
8.918198176e-01  2.1601323e+02  1.00000e+06  1.62199e+02
8.922657275e-01  2.1733741e+02  1.00000e+06  1.63508e+02
8.927118603e-01  2.1804063e+02  1.00000e+06  1.64197e+02
8.931582163e-01  2.1828530e+02  1.00000e+06  1.64426e+02
8.936047954e-01  2.1826787e+02  1.00000e+06  1.64394e+02
8.940515978e-01  2.1817312e+02  1.00000e+06  1.64284e+02
8.944986236e-01  2.1813664e+02  1.00000e+06  1.64233e+02
8.949458729e-01  2.1822388e+02  1.00000e+06  1.64305e+02
8.953933458e-01  2.1842858e+02  1.00000e+06  1.64495e+02
8.958410425e-01  2.1868764e+02  1.00000e+06  1.64739e+02
8.962889630e-01  2.1890597e+02  1.00000e+06  1.64942e+02
8.967371075e-01  2.1898370e+02  1.00000e+06  1.65005e+02
8.971854760e-01  2.1883927e+02  1.00000e+06  1.64846e+02
8.976340688e-01  2.1842399e+02  1.00000e+06  1.64416e+02
8.980828858e-01  2.1772656e+02  1.00000e+06  1.63703e+02
8.985319273e-01  2.1676859e+02  1.00000e+06  1.62731e+02
8.989811932e-01  2.1559425e+02  1.00000e+06  1.61541e+02
8.994306838e-01  2.1425802e+02  1.00000e+06  1.60190e+02
8.998803992e-01  2.1281465e+02  1.00000e+06  1.58732e+02
9.003303394e-01  2.1131377e+02  1.00000e+06  1.57216e+02
9.007805045e-01  2.0979961e+02  1.00000e+06  1.55687e+02
9.012308948e-01  2.0831447e+02  1.00000e+06  1.54187e+02
9.016815102e-01  2.0690250e+02  1.00000e+06  1.52761e+02
9.021323510e-01  2.0561183e+02  1.00000e+06  1.51455e+02
9.025834172e-01  2.0449257e+02  1.00000e+06  1.50321e+02
9.030347089e-01  2.0359151e+02  1.00000e+06  1.49405e+02
9.034862262e-01  2.0294481e+02  1.00000e+06  1.48744e+02
9.039379693e-01  2.0257127e+02  1.00000e+06  1.48355e+02
9.043899383e-01  2.0246855e+02  1.00000e+06  1.48238e+02
9.048421333e-01  2.0261325e+02  1.00000e+06  1.48368e+02
9.052945544e-01  2.0296466e+02  1.00000e+06  1.48704e+02
9.057472016e-01  2.0347187e+02  1.00000e+06  1.49197e+02
9.062000752e-01  2.0408166e+02  1.00000e+06  1.49792e+02
9.066531753e-01  2.0474672e+02  1.00000e+06  1.50442e+02
9.071065019e-01  2.0543189e+02  1.00000e+06  1.51113e+02
9.075600551e-01  2.0611847e+02  1.00000e+06  1.51785e+02
9.080138351e-01  2.0680548e+02  1.00000e+06  1.52457e+02
9.084678421e-01  2.0750837e+02  1.00000e+06  1.53145e+02
9.089220760e-01  2.0825511e+02  1.00000e+06  1.53877e+02
9.093765370e-01  2.0908028e+02  1.00000e+06  1.54688e+02
9.098312253e-01  2.1001789e+02  1.00000e+06  1.55611e+02
9.102861409e-01  2.1109398e+02  1.00000e+06  1.56672e+02
9.107412840e-01  2.1232076e+02  1.00000e+06  1.57884e+02
9.111966546e-01  2.1369391e+02  1.00000e+06  1.59243e+02
9.116522529e-01  2.1519388e+02  1.00000e+06  1.60728e+02
9.121080791e-01  2.1679152e+02  1.00000e+06  1.62311e+02
9.125641331e-01  2.1845557e+02  1.00000e+06  1.63960e+02
9.130204152e-01  2.2015968e+02  1.00000e+06  1.65650e+02
9.134769254e-01  2.2188543e+02  1.00000e+06  1.67361e+02
9.139336638e-01  2.2362053e+02  1.00000e+06  1.69081e+02
9.143906307e-01  2.2535298e+02  1.00000e+06  1.70799e+02
9.148478260e-01  2.2706411e+02  1.00000e+06  1.72496e+02
9.153052499e-01  2.2872404e+02  1.00000e+06  1.74141e+02
9.157629025e-01  2.3029176e+02  1.00000e+06  1.75694e+02
9.162207840e-01  2.3172011e+02  1.00000e+06  1.77108e+02
9.166788944e-01  2.3296428e+02  1.00000e+06  1.78338e+02
9.171372338e-01  2.3399121e+02  1.00000e+06  1.79350e+02
9.175958024e-01  2.3478787e+02  1.00000e+06  1.80132e+02
9.180546003e-01  2.3536692e+02  1.00000e+06  1.80697e+02
9.185136276e-01  2.3576956e+02  1.00000e+06  1.81085e+02
9.189728844e-01  2.3606540e+02  1.00000e+06  1.81366e+02
9.194323709e-01  2.3634999e+02  1.00000e+06  1.81636e+02
9.198920871e-01  2.3674015e+02  1.00000e+06  1.82012e+02
9.203520331e-01  2.3736799e+02  1.00000e+06  1.82625e+02
9.208122091e-01  2.3837471e+02  1.00000e+06  1.83617e+02
9.212726152e-01  2.3990619e+02  1.00000e+06  1.85134e+02
9.217332515e-01  2.4211077e+02  1.00000e+06  1.87325e+02
9.221941182e-01  2.4513961e+02  1.00000e+06  1.90339e+02
9.226552152e-01  2.4914629e+02  1.00000e+06  1.94331e+02
9.231165428e-01  2.5428056e+02  1.00000e+06  1.99451e+02
9.235781011e-01  2.6067088e+02  1.00000e+06  2.05827e+02
9.240398902e-01  2.6839238e+02  1.00000e+06  2.13534e+02
9.245019101e-01  2.7742376e+02  1.00000e+06  2.22551e+02
9.249641611e-01  2.8760434e+02  1.00000e+06  2.32717e+02
9.254266431e-01  2.9860742e+02  1.00000e+06  2.43706e+02
9.258893565e-01  3.0994681e+02  1.00000e+06  2.55031e+02
9.263523011e-01  3.2102518e+02  1.00000e+06  2.66095e+02
9.268154773e-01  3.3122029e+02  1.00000e+06  2.76275e+02
9.272788850e-01  3.3999057e+02  1.00000e+06  2.85031e+02
9.277425245e-01  3.4697278e+02  1.00000e+06  2.91999e+02
9.282063957e-01  3.5204444e+02  1.00000e+06  2.97056e+02
9.286704989e-01  3.5533267e+02  1.00000e+06  3.00330e+02
9.291348342e-01  3.5716752e+02  1.00000e+06  3.02151e+02
9.295994016e-01  3.5799324e+02  1.00000e+06  3.02962e+02
9.300642013e-01  3.5826360e+02  1.00000e+06  3.03218e+02
9.305292334e-01  3.5834907e+02  1.00000e+06  3.03289e+02
9.309944980e-01  3.5847840e+02  1.00000e+06  3.03404e+02
9.314599953e-01  3.5872556e+02  1.00000e+06  3.03637e+02
9.319257253e-01  3.5903754e+02  1.00000e+06  3.03935e+02
9.323916881e-01  3.5928865e+02  1.00000e+06  3.04172e+02
9.328578840e-01  3.5934016e+02  1.00000e+06  3.04209e+02
9.333243129e-01  3.5908720e+02  1.00000e+06  3.03942e+02
9.337909751e-01  3.5848193e+02  1.00000e+06  3.03322e+02
9.342578706e-01  3.5753211e+02  1.00000e+06  3.02358e+02
9.347249995e-01  3.5628240e+02  1.00000e+06  3.01094e+02
9.351923620e-01  3.5479048e+02  1.00000e+06  2.99588e+02
9.356599582e-01  3.5310782e+02  1.00000e+06  2.97891e+02
9.361277881e-01  3.5127128e+02  1.00000e+06  2.96040e+02
9.365958520e-01  3.4930552e+02  1.00000e+06  2.94060e+02
9.370641500e-01  3.4723272e+02  1.00000e+06  2.91973e+02
9.375326820e-01  3.4508248e+02  1.00000e+06  2.89809e+02
9.380014484e-01  3.4289775e+02  1.00000e+06  2.87610e+02
9.384704491e-01  3.4073352e+02  1.00000e+06  2.85431e+02
9.389396843e-01  3.3864955e+02  1.00000e+06  2.83333e+02
9.394091542e-01  3.3670034e+02  1.00000e+06  2.81370e+02
9.398788588e-01  3.3492710e+02  1.00000e+06  2.79582e+02
9.403487982e-01  3.3335573e+02  1.00000e+06  2.77997e+02
9.408189726e-01  3.3200110e+02  1.00000e+06  2.76628e+02
9.412893821e-01  3.3087472e+02  1.00000e+06  2.75488e+02
9.417600268e-01  3.2999176e+02  1.00000e+06  2.74591e+02
9.422309068e-01  3.2937221e+02  1.00000e+06  2.73957e+02
9.427020222e-01  3.2903554e+02  1.00000e+06  2.73606e+02
9.431733732e-01  3.2899042e+02  1.00000e+06  2.73547e+02
9.436449599e-01  3.2922394e+02  1.00000e+06  2.73766e+02
9.441167824e-01  3.2969589e+02  1.00000e+06  2.74224e+02
9.445888408e-01  3.3034089e+02  1.00000e+06  2.74855e+02
9.450611352e-01  3.3107854e+02  1.00000e+06  2.75579e+02
9.455336658e-01  3.3182855e+02  1.00000e+06  2.76314e+02
9.460064326e-01  3.3252587e+02  1.00000e+06  2.76998e+02
9.464794358e-01  3.3313142e+02  1.00000e+06  2.77589e+02
9.469526755e-01  3.3363458e+02  1.00000e+06  2.78078e+02
9.474261519e-01  3.3404723e+02  1.00000e+06  2.78477e+02
9.478998650e-01  3.3439168e+02  1.00000e+06  2.78807e+02
9.483738149e-01  3.3468657e+02  1.00000e+06  2.79088e+02
9.488480018e-01  3.3493650e+02  1.00000e+06  2.79324e+02
9.493224258e-01  3.3512918e+02  1.00000e+06  2.79503e+02
9.497970870e-01  3.3524205e+02  1.00000e+06  2.79602e+02
9.502719856e-01  3.3525674e+02  1.00000e+06  2.79602e+02
9.507471216e-01  3.3517610e+02  1.00000e+06  2.79508e+02
9.512224951e-01  3.3503738e+02  1.00000e+06  2.79355e+02
9.516981064e-01  3.3491590e+02  1.00000e+06  2.79219e+02
9.521739554e-01  3.3491547e+02  1.00000e+06  2.79205e+02
9.526500424e-01  3.3514732e+02  1.00000e+06  2.79423e+02
9.531263674e-01  3.3570292e+02  1.00000e+06  2.79965e+02
9.536029306e-01  3.3662925e+02  1.00000e+06  2.80877e+02
9.540797321e-01  3.3791346e+02  1.00000e+06  2.82147e+02
9.545567719e-01  3.3948169e+02  1.00000e+06  2.83702e+02
9.550340503e-01  3.4121225e+02  1.00000e+06  2.85418e+02
9.555115673e-01  3.4295836e+02  1.00000e+06  2.87150e+02
9.559893231e-01  3.4457452e+02  1.00000e+06  2.88753e+02
9.564673178e-01  3.4594025e+02  1.00000e+06  2.90104e+02
9.569455514e-01  3.4697659e+02  1.00000e+06  2.91127e+02
9.574240242e-01  3.4765314e+02  1.00000e+06  2.91790e+02
9.579027362e-01  3.4798602e+02  1.00000e+06  2.92109e+02
9.583816876e-01  3.4802848e+02  1.00000e+06  2.92137e+02
9.588608784e-01  3.4785856e+02  1.00000e+06  2.91953e+02
9.593403089e-01  3.4756628e+02  1.00000e+06  2.91647e+02
9.598199790e-01  3.4724319e+02  1.00000e+06  2.91310e+02
9.602998890e-01  3.4697512e+02  1.00000e+06  2.91028e+02
9.607800390e-01  3.4683547e+02  1.00000e+06  2.90875e+02
9.612604290e-01  3.4687743e+02  1.00000e+06  2.90903e+02
9.617410592e-01  3.4712450e+02  1.00000e+06  2.91136e+02
9.622219297e-01  3.4756115e+02  1.00000e+06  2.91559e+02
9.627030407e-01  3.4812889e+02  1.00000e+06  2.92113e+02
9.631843922e-01  3.4873260e+02  1.00000e+06  2.92703e+02
9.636659844e-01  3.4925857e+02  1.00000e+06  2.93215e+02
9.641478174e-01  3.4960103e+02  1.00000e+06  2.93544e+02
9.646298913e-01  3.4969021e+02  1.00000e+06  2.93619e+02
9.651122063e-01  3.4951265e+02  1.00000e+06  2.93428e+02
9.655947624e-01  3.4911791e+02  1.00000e+06  2.93019e+02
9.660775597e-01  3.4860978e+02  1.00000e+06  2.92497e+02
9.665605985e-01  3.4812483e+02  1.00000e+06  2.91999e+02
9.670438788e-01  3.4780434e+02  1.00000e+06  2.91665e+02
9.675274008e-01  3.4776550e+02  1.00000e+06  2.91612e+02
9.680111645e-01  3.4807807e+02  1.00000e+06  2.91911e+02
9.684951700e-01  3.4874953e+02  1.00000e+06  2.92569e+02
9.689794176e-01  3.4972124e+02  1.00000e+06  2.93527e+02
9.694639073e-01  3.5087592e+02  1.00000e+06  2.94668e+02
9.699486393e-01  3.5205590e+02  1.00000e+06  2.95834e+02
9.704336136e-01  3.5308885e+02  1.00000e+06  2.96853e+02
9.709188304e-01  3.5381650e+02  1.00000e+06  2.97567e+02
9.714042898e-01  3.5411948e+02  1.00000e+06  2.97856e+02
9.718899920e-01  3.5393255e+02  1.00000e+06  2.97656e+02
9.723759370e-01  3.5324635e+02  1.00000e+06  2.96956e+02
9.728621249e-01  3.5209681e+02  1.00000e+06  2.95793e+02
9.733485560e-01  3.5054740e+02  1.00000e+06  2.94230e+02
9.738352303e-01  3.4867265e+02  1.00000e+06  2.92341e+02
9.743221479e-01  3.4654841e+02  1.00000e+06  2.90203e+02
9.748093090e-01  3.4425210e+02  1.00000e+06  2.87894e+02
9.752967136e-01  3.4186998e+02  1.00000e+06  2.85498e+02
9.757843620e-01  3.3950547e+02  1.00000e+06  2.83120e+02
9.762722542e-01  3.3728210e+02  1.00000e+06  2.80883e+02
9.767603903e-01  3.3533803e+02  1.00000e+06  2.78925e+02
9.772487705e-01  3.3381116e+02  1.00000e+06  2.77385e+02
9.777373949e-01  3.3281921e+02  1.00000e+06  2.76379e+02
9.782262636e-01  3.3243891e+02  1.00000e+06  2.75985e+02
9.787153767e-01  3.3268847e+02  1.00000e+06  2.76221e+02
9.792047344e-01  3.3351840e+02  1.00000e+06  2.77038e+02
9.796943368e-01  3.3481242e+02  1.00000e+06  2.78318e+02
9.801841839e-01  3.3639986e+02  1.00000e+06  2.79892e+02
9.806742760e-01  3.3807931e+02  1.00000e+06  2.81558e+02
9.811646132e-01  3.3964832e+02  1.00000e+06  2.83113e+02
9.816551955e-01  3.4093361e+02  1.00000e+06  2.84385e+02
9.821460231e-01  3.4181418e+02  1.00000e+06  2.85252e+02
9.826370961e-01  3.4223219e+02  1.00000e+06  2.85657e+02
9.831284146e-01  3.4218885e+02  1.00000e+06  2.85600e+02
9.836199788e-01  3.4172936e+02  1.00000e+06  2.85127e+02
9.841117888e-01  3.4092275e+02  1.00000e+06  2.84307e+02
9.846038447e-01  3.3984400e+02  1.00000e+06  2.83215e+02
9.850961466e-01  3.3856398e+02  1.00000e+06  2.81921e+02
9.855886947e-01  3.3714883e+02  1.00000e+06  2.80493e+02
9.860814891e-01  3.3566548e+02  1.00000e+06  2.78996e+02
9.865745298e-01  3.3418812e+02  1.00000e+06  2.77505e+02
9.870678171e-01  3.3279926e+02  1.00000e+06  2.76103e+02
9.875613510e-01  3.3158356e+02  1.00000e+06  2.74874e+02
9.880551316e-01  3.3061449e+02  1.00000e+06  2.73891e+02
9.885491592e-01  3.2993946e+02  1.00000e+06  2.73203e+02
9.890434338e-01  3.2956861e+02  1.00000e+06  2.72818e+02
9.895379555e-01  3.2947221e+02  1.00000e+06  2.72709e+02
9.900327245e-01  3.2958704e+02  1.00000e+06  2.72810e+02
9.905277409e-01  3.2982973e+02  1.00000e+06  2.73039e+02
9.910230047e-01  3.3011139e+02  1.00000e+06  2.73308e+02
9.915185162e-01  3.3034953e+02  1.00000e+06  2.73532e+02
9.920142755e-01  3.3047397e+02  1.00000e+06  2.73643e+02
9.925102826e-01  3.3042740e+02  1.00000e+06  2.73584e+02
9.930065378e-01  3.3016237e+02  1.00000e+06  2.73305e+02
9.935030410e-01  3.2963844e+02  1.00000e+06  2.72768e+02
9.939997926e-01  3.2882212e+02  1.00000e+06  2.71938e+02
9.944967924e-01  3.2769094e+02  1.00000e+06  2.70794e+02
9.949940408e-01  3.2624042e+02  1.00000e+06  2.69330e+02
9.954915379e-01  3.2449148e+02  1.00000e+06  2.67568e+02
9.959892836e-01  3.2249409e+02  1.00000e+06  2.65557e+02
9.964872783e-01  3.2032508e+02  1.00000e+06  2.63375e+02
9.969855219e-01  3.1807865e+02  1.00000e+06  2.61115e+02
9.974840147e-01  3.1585173e+02  1.00000e+06  2.58875e+02
9.979827567e-01  3.1372792e+02  1.00000e+06  2.56738e+02
9.984817481e-01  3.1176479e+02  1.00000e+06  2.54761e+02
9.989809889e-01  3.0998705e+02  1.00000e+06  2.52970e+02
9.994804794e-01  3.0838655e+02  1.00000e+06  2.51357e+02
9.999802197e-01  3.0692758e+02  1.00000e+06  2.49884e+02
1.000480210e+00  3.0555473e+02  1.00000e+06  2.48498e+02
1.000980450e+00  3.0420145e+02  1.00000e+06  2.47132e+02
1.001480940e+00  3.0279839e+02  1.00000e+06  2.45715e+02
1.001981681e+00  3.0128148e+02  1.00000e+06  2.44185e+02
1.002482671e+00  2.9960000e+02  1.00000e+06  2.42491e+02
1.002983913e+00  2.9772429e+02  1.00000e+06  2.40602e+02
1.003485405e+00  2.9565194e+02  1.00000e+06  2.38516e+02
1.003987147e+00  2.9341000e+02  1.00000e+06  2.36261e+02
1.004489141e+00  2.9105259e+02  1.00000e+06  2.33890e+02
1.004991386e+00  2.8865270e+02  1.00000e+06  2.31477e+02
1.005493881e+00  2.8629010e+02  1.00000e+06  2.29102e+02
1.005996628e+00  2.8403751e+02  1.00000e+06  2.26836e+02
1.006499627e+00  2.8194818e+02  1.00000e+06  2.24733e+02
1.007002876e+00  2.8004814e+02  1.00000e+06  2.22820e+02
1.007506378e+00  2.7833463e+02  1.00000e+06  2.21094e+02
1.008010131e+00  2.7678024e+02  1.00000e+06  2.19526e+02
1.008514136e+00  2.7534171e+02  1.00000e+06  2.18074e+02
1.009018393e+00  2.7396974e+02  1.00000e+06  2.16689e+02
1.009522902e+00  2.7261812e+02  1.00000e+06  2.15325e+02
1.010027664e+00  2.7125011e+02  1.00000e+06  2.13944e+02
1.010532678e+00  2.6984235e+02  1.00000e+06  2.12523e+02
1.011037944e+00  2.6838680e+02  1.00000e+06  2.11054e+02
1.011543463e+00  2.6689123e+02  1.00000e+06  2.09545e+02
1.012049235e+00  2.6537857e+02  1.00000e+06  2.08020e+02
1.012555259e+00  2.6388476e+02  1.00000e+06  2.06513e+02
1.013061537e+00  2.6245458e+02  1.00000e+06  2.05070e+02
1.013568068e+00  2.6113617e+02  1.00000e+06  2.03738e+02
1.014074852e+00  2.5997426e+02  1.00000e+06  2.02563e+02
1.014581889e+00  2.5900372e+02  1.00000e+06  2.01580e+02
1.015089180e+00  2.5824404e+02  1.00000e+06  2.00807e+02
1.015596725e+00  2.5769631e+02  1.00000e+06  2.00246e+02
1.016104523e+00  2.5734261e+02  1.00000e+06  1.99879e+02
1.016612575e+00  2.5714864e+02  1.00000e+06  1.99672e+02
1.017120882e+00  2.5706883e+02  1.00000e+06  1.99580e+02
1.017629442e+00  2.5705346e+02  1.00000e+06  1.99551e+02
1.018138257e+00  2.5705607e+02  1.00000e+06  1.99541e+02
1.018647326e+00  2.5703938e+02  1.00000e+06  1.99511e+02
1.019156649e+00  2.5697865e+02  1.00000e+06  1.99438e+02
1.019666228e+00  2.5686189e+02  1.00000e+06  1.99308e+02
1.020176061e+00  2.5668796e+02  1.00000e+06  1.99121e+02
1.020686149e+00  2.5646348e+02  1.00000e+06  1.98884e+02
1.021196492e+00  2.5620018e+02  1.00000e+06  1.98607e+02
1.021707090e+00  2.5591301e+02  1.00000e+06  1.98307e+02
1.022217944e+00  2.5561883e+02  1.00000e+06  1.98000e+02
1.022729053e+00  2.5533499e+02  1.00000e+06  1.97703e+02
1.023240417e+00  2.5507735e+02  1.00000e+06  1.97433e+02
1.023752038e+00  2.5485797e+02  1.00000e+06  1.97200e+02
1.024263914e+00  2.5468308e+02  1.00000e+06  1.97013e+02
1.024776045e+00  2.5455246e+02  1.00000e+06  1.96869e+02
1.025288434e+00  2.5446065e+02  1.00000e+06  1.96764e+02
1.025801078e+00  2.5439986e+02  1.00000e+06  1.96691e+02
1.026313978e+00  2.5436354e+02  1.00000e+06  1.96642e+02
1.026827135e+00  2.5434931e+02  1.00000e+06  1.96615e+02
1.027340549e+00  2.5436010e+02  1.00000e+06  1.96612e+02
1.027854219e+00  2.5440293e+02  1.00000e+06  1.96642e+02
1.028368146e+00  2.5448598e+02  1.00000e+06  1.96713e+02
1.028882330e+00  2.5461482e+02  1.00000e+06  1.96829e+02
1.029396771e+00  2.5478941e+02  1.00000e+06  1.96990e+02
1.029911470e+00  2.5500287e+02  1.00000e+06  1.97191e+02
1.030426426e+00  2.5524234e+02  1.00000e+06  1.97418e+02
1.030941639e+00  2.5549165e+02  1.00000e+06  1.97654e+02
1.031457110e+00  2.5573468e+02  1.00000e+06  1.97884e+02
1.031972838e+00  2.5595867e+02  1.00000e+06  1.98096e+02
1.032488825e+00  2.5615647e+02  1.00000e+06  1.98281e+02
1.033005069e+00  2.5632749e+02  1.00000e+06  1.98439e+02
1.033521572e+00  2.5647752e+02  1.00000e+06  1.98576e+02
1.034038332e+00  2.5661749e+02  1.00000e+06  1.98703e+02
1.034555351e+00  2.5676161e+02  1.00000e+06  1.98835e+02
1.035072629e+00  2.5692541e+02  1.00000e+06  1.98986e+02
1.035590165e+00  2.5712364e+02  1.00000e+06  1.99171e+02
1.036107961e+00  2.5736842e+02  1.00000e+06  1.99403e+02
1.036626015e+00  2.5766774e+02  1.00000e+06  1.99690e+02
1.037144328e+00  2.5802435e+02  1.00000e+06  2.00034e+02
1.037662900e+00  2.5843541e+02  1.00000e+06  2.00432e+02
1.038181731e+00  2.5889295e+02  1.00000e+06  2.00877e+02
1.038700822e+00  2.5938528e+02  1.00000e+06  2.01357e+02
1.039220172e+00  2.5989912e+02  1.00000e+06  2.01858e+02
1.039739783e+00  2.6042201e+02  1.00000e+06  2.02368e+02
1.040259652e+00  2.6094417e+02  1.00000e+06  2.02878e+02
1.040779782e+00  2.6145949e+02  1.00000e+06  2.03380e+02
1.041300172e+00  2.6196528e+02  1.00000e+06  2.03873e+02
1.041820822e+00  2.6246117e+02  1.00000e+06  2.04357e+02
1.042341733e+00  2.6294768e+02  1.00000e+06  2.04830e+02
1.042862903e+00  2.6342513e+02  1.00000e+06  2.05295e+02
1.043384335e+00  2.6389326e+02  1.00000e+06  2.05751e+02
1.043906027e+00  2.6435157e+02  1.00000e+06  2.06196e+02
1.044427980e+00  2.6479995e+02  1.00000e+06  2.06632e+02
1.044950194e+00  2.6523927e+02  1.00000e+06  2.07059e+02
1.045472669e+00  2.6567172e+02  1.00000e+06  2.07479e+02
1.045995406e+00  2.6610063e+02  1.00000e+06  2.07895e+02
1.046518403e+00  2.6653019e+02  1.00000e+06  2.08312e+02
1.047041662e+00  2.6696485e+02  1.00000e+06  2.08734e+02
1.047565183e+00  2.6740873e+02  1.00000e+06  2.09165e+02
1.048088966e+00  2.6786497e+02  1.00000e+06  2.09609e+02
1.048613010e+00  2.6833497e+02  1.00000e+06  2.10066e+02
1.049137317e+00  2.6881776e+02  1.00000e+06  2.10537e+02
1.049661886e+00  2.6930964e+02  1.00000e+06  2.11016e+02
1.050186716e+00  2.6980451e+02  1.00000e+06  2.11498e+02
1.050711810e+00  2.7029482e+02  1.00000e+06  2.11976e+02
1.051237166e+00  2.7077327e+02  1.00000e+06  2.12442e+02
1.051762784e+00  2.7123450e+02  1.00000e+06  2.12891e+02
1.052288666e+00  2.7167673e+02  1.00000e+06  2.13320e+02
1.052814810e+00  2.7210262e+02  1.00000e+06  2.13734e+02
1.053341217e+00  2.7251914e+02  1.00000e+06  2.14138e+02
1.053867888e+00  2.7293637e+02  1.00000e+06  2.14543e+02
1.054394822e+00  2.7336535e+02  1.00000e+06  2.14959e+02
1.054922019e+00  2.7381538e+02  1.00000e+06  2.15397e+02
1.055449480e+00  2.7429123e+02  1.00000e+06  2.15860e+02
1.055977205e+00  2.7479117e+02  1.00000e+06  2.16347e+02
1.056505194e+00  2.7530649e+02  1.00000e+06  2.16850e+02
1.057033446e+00  2.7582323e+02  1.00000e+06  2.17355e+02
1.057561963e+00  2.7632584e+02  1.00000e+06  2.17845e+02
1.058090744e+00  2.7680179e+02  1.00000e+06  2.18308e+02
1.058619789e+00  2.7724573e+02  1.00000e+06  2.18740e+02
1.059149099e+00  2.7766168e+02  1.00000e+06  2.19143e+02
1.059678674e+00  2.7806221e+02  1.00000e+06  2.19531e+02
1.060208513e+00  2.7846500e+02  1.00000e+06  2.19922e+02
1.060738617e+00  2.7888795e+02  1.00000e+06  2.20332e+02
1.061268987e+00  2.7934445e+02  1.00000e+06  2.20776e+02
1.061799621e+00  2.7984052e+02  1.00000e+06  2.21260e+02
1.062330521e+00  2.8037450e+02  1.00000e+06  2.21782e+02
1.062861686e+00  2.8093897e+02  1.00000e+06  2.22334e+02
1.063393117e+00  2.8152423e+02  1.00000e+06  2.22907e+02
1.063924814e+00  2.8212170e+02  1.00000e+06  2.23492e+02
1.064456776e+00  2.8272649e+02  1.00000e+06  2.24084e+02
1.064989005e+00  2.8333824e+02  1.00000e+06  2.24684e+02
1.065521499e+00  2.8396019e+02  1.00000e+06  2.25293e+02
1.066054260e+00  2.8459693e+02  1.00000e+06  2.25918e+02
1.066587287e+00  2.8525134e+02  1.00000e+06  2.26560e+02
1.067120581e+00  2.8592165e+02  1.00000e+06  2.27218e+02
1.067654141e+00  2.8659929e+02  1.00000e+06  2.27883e+02
1.068187968e+00  2.8726832e+02  1.00000e+06  2.28540e+02
1.068722062e+00  2.8790686e+02  1.00000e+06  2.29166e+02
1.069256423e+00  2.8849057e+02  1.00000e+06  2.29737e+02
1.069791051e+00  2.8899787e+02  1.00000e+06  2.30232e+02
1.070325947e+00  2.8941580e+02  1.00000e+06  2.30638e+02
1.070861110e+00  2.8974496e+02  1.00000e+06  2.30955e+02
1.071396540e+00  2.9000187e+02  1.00000e+06  2.31200e+02
1.071932238e+00  2.9021744e+02  1.00000e+06  2.31403e+02
1.072468205e+00  2.9043137e+02  1.00000e+06  2.31604e+02
1.073004439e+00  2.9068361e+02  1.00000e+06  2.31844e+02
1.073540941e+00  2.9100528e+02  1.00000e+06  2.32154e+02
1.074077711e+00  2.9141165e+02  1.00000e+06  2.32548e+02
1.074614750e+00  2.9189961e+02  1.00000e+06  2.33024e+02
1.075152058e+00  2.9245033e+02  1.00000e+06  2.33562e+02
1.075689634e+00  2.9303617e+02  1.00000e+06  2.34136e+02
1.076227478e+00  2.9362966e+02  1.00000e+06  2.34717e+02
1.076765592e+00  2.9421137e+02  1.00000e+06  2.35287e+02
1.077303975e+00  2.9477464e+02  1.00000e+06  2.35838e+02
1.077842627e+00  2.9532619e+02  1.00000e+06  2.36377e+02
1.078381548e+00  2.9588350e+02  1.00000e+06  2.36922e+02
1.078920739e+00  2.9647088e+02  1.00000e+06  2.37497e+02
1.079460199e+00  2.9711656e+02  1.00000e+06  2.38131e+02
1.079999930e+00  2.9785150e+02  1.00000e+06  2.38854e+02
1.080539929e+00  2.9871002e+02  1.00000e+06  2.39700e+02
1.081080199e+00  2.9973080e+02  1.00000e+06  2.40709e+02
1.081620740e+00  3.0095662e+02  1.00000e+06  2.41922e+02
1.082161550e+00  3.0243177e+02  1.00000e+06  2.43385e+02
1.082702631e+00  3.0419786e+02  1.00000e+06  2.45139e+02
1.083243982e+00  3.0628840e+02  1.00000e+06  2.47218e+02
1.083785604e+00  3.0872496e+02  1.00000e+06  2.49642e+02
1.084327497e+00  3.1151683e+02  1.00000e+06  2.52422e+02
1.084869661e+00  3.1466451e+02  1.00000e+06  2.55558e+02
1.085412095e+00  3.1816768e+02  1.00000e+06  2.59049e+02
1.085954801e+00  3.2203375e+02  1.00000e+06  2.62903e+02
1.086497779e+00  3.2628479e+02  1.00000e+06  2.67142e+02
1.087041028e+00  3.3095927e+02  1.00000e+06  2.71804e+02
1.087584548e+00  3.3610648e+02  1.00000e+06  2.76939e+02
1.088128341e+00  3.4177468e+02  1.00000e+06  2.82595e+02
1.088672405e+00  3.4799600e+02  1.00000e+06  2.88805e+02
1.089216741e+00  3.5477137e+02  1.00000e+06  2.95568e+02
1.089761349e+00  3.6205935e+02  1.00000e+06  3.02844e+02
1.090306230e+00  3.6977133e+02  1.00000e+06  3.10544e+02
1.090851383e+00  3.7777264e+02  1.00000e+06  3.18533e+02
1.091396809e+00  3.8589055e+02  1.00000e+06  3.26639e+02
1.091942507e+00  3.9392733e+02  1.00000e+06  3.34664e+02
1.092488478e+00  4.0167865e+02  1.00000e+06  3.42403e+02
1.093034723e+00  4.0895499e+02  1.00000e+06  3.49667e+02
1.093581240e+00  4.1560494e+02  1.00000e+06  3.56305e+02
1.094128031e+00  4.2153559e+02  1.00000e+06  3.62224e+02
1.094675095e+00  4.2672693e+02  1.00000e+06  3.67403e+02
1.095222432e+00  4.3123431e+02  1.00000e+06  3.71899e+02
1.095770043e+00  4.3517707e+02  1.00000e+06  3.75830e+02
1.096317928e+00  4.3871338e+02  1.00000e+06  3.79354e+02
1.096866087e+00  4.4200524e+02  1.00000e+06  3.82634e+02
1.097414520e+00  4.4518341e+02  1.00000e+06  3.85800e+02
1.097963228e+00  4.4832016e+02  1.00000e+06  3.88925e+02
1.098512209e+00  4.5141981e+02  1.00000e+06  3.92013e+02
1.099061465e+00  4.5442940e+02  1.00000e+06  3.95010e+02
1.099610996e+00  4.5726632e+02  1.00000e+06  3.97835e+02
1.100160802e+00  4.5985273e+02  1.00000e+06  4.00410e+02
1.100710882e+00  4.6214516e+02  1.00000e+06  4.02690e+02
1.101261237e+00  4.6414908e+02  1.00000e+06  4.04682e+02
1.101811868e+00  4.6591611e+02  1.00000e+06  4.06437e+02
1.102362774e+00  4.6752788e+02  1.00000e+06  4.08037e+02
1.102913955e+00  4.6907549e+02  1.00000e+06  4.09573e+02
1.103465412e+00  4.7064368e+02  1.00000e+06  4.11129e+02
1.104017145e+00  4.7230415e+02  1.00000e+06  4.12778e+02
1.104569154e+00  4.7411774e+02  1.00000e+06  4.14580e+02
1.105121438e+00  4.7613834e+02  1.00000e+06  4.16588e+02
1.105673999e+00  4.7841490e+02  1.00000e+06  4.18853e+02
1.106226836e+00  4.8098563e+02  1.00000e+06  4.21412e+02
1.106779949e+00  4.8386731e+02  1.00000e+06  4.24282e+02
1.107333339e+00  4.8704389e+02  1.00000e+06  4.27447e+02
1.107887006e+00  4.9045982e+02  1.00000e+06  4.30851e+02
1.108440950e+00  4.9402352e+02  1.00000e+06  4.34403e+02
1.108995170e+00  4.9761933e+02  1.00000e+06  4.37987e+02
1.109549668e+00  5.0112507e+02  1.00000e+06  4.41481e+02
1.110104442e+00  5.0442909e+02  1.00000e+06  4.44773e+02
1.110659495e+00  5.0744228e+02  1.00000e+06  4.47774e+02
1.111214824e+00  5.1010282e+02  1.00000e+06  4.50423e+02
1.111770432e+00  5.1237621e+02  1.00000e+06  4.52685e+02
1.112326317e+00  5.1425144e+02  1.00000e+06  4.54548e+02
1.112882480e+00  5.1573679e+02  1.00000e+06  4.56022e+02
1.113438921e+00  5.1685631e+02  1.00000e+06  4.57129e+02
1.113995641e+00  5.1764511e+02  1.00000e+06  4.57906e+02
1.114552639e+00  5.1814589e+02  1.00000e+06  4.58395e+02
1.115109915e+00  5.1840526e+02  1.00000e+06  4.58643e+02
1.115667470e+00  5.1847213e+02  1.00000e+06  4.58698e+02
1.116225304e+00  5.1839647e+02  1.00000e+06  4.58611e+02
1.116783416e+00  5.1822828e+02  1.00000e+06  4.58431e+02
1.117341808e+00  5.1801327e+02  1.00000e+06  4.58204e+02
1.117900479e+00  5.1778671e+02  1.00000e+06  4.57966e+02
1.118459429e+00  5.1756513e+02  1.00000e+06  4.57733e+02
1.119018659e+00  5.1734082e+02  1.00000e+06  4.57497e+02
1.119578168e+00  5.1708175e+02  1.00000e+06  4.57226e+02
1.120137957e+00  5.1673805e+02  1.00000e+06  4.56871e+02
1.120698026e+00  5.1625577e+02  1.00000e+06  4.56377e+02
1.121258375e+00  5.1559218e+02  1.00000e+06  4.55701e+02
1.121819005e+00  5.1473121e+02  1.00000e+06  4.54829e+02
1.122379914e+00  5.1369365e+02  1.00000e+06  4.53780e+02
1.122941104e+00  5.1254200e+02  1.00000e+06  4.52616e+02
1.123502575e+00  5.1137874e+02  1.00000e+06  4.51441e+02
1.124064326e+00  5.1034133e+02  1.00000e+06  4.50392e+02
1.124626358e+00  5.0959292e+02  1.00000e+06  4.49632e+02
1.125188671e+00  5.0931150e+02  1.00000e+06  4.49339e+02
1.125751266e+00  5.0967611e+02  1.00000e+06  4.49692e+02
1.126314141e+00  5.1085038e+02  1.00000e+06  4.50855e+02
1.126877298e+00  5.1296478e+02  1.00000e+06  4.52958e+02
1.127440737e+00  5.1609870e+02  1.00000e+06  4.56080e+02
1.128004457e+00  5.2026668e+02  1.00000e+06  4.60236e+02
1.128568459e+00  5.2540904e+02  1.00000e+06  4.65367e+02
1.129132744e+00  5.3138820e+02  1.00000e+06  4.71335e+02
1.129697310e+00  5.3798970e+02  1.00000e+06  4.77925e+02
1.130262159e+00  5.4492790e+02  1.00000e+06  4.84851e+02
1.130827290e+00  5.5185685e+02  1.00000e+06  4.91769e+02
1.131392703e+00  5.5838876e+02  1.00000e+06  4.98289e+02
1.131958400e+00  5.6412292e+02  1.00000e+06  5.04012e+02
1.132524379e+00  5.6868462e+02  1.00000e+06  5.08562e+02
1.133090641e+00  5.7177082e+02  1.00000e+06  5.11637e+02
1.133657186e+00  5.7319196e+02  1.00000e+06  5.13046e+02
1.134224015e+00  5.7290127e+02  1.00000e+06  5.12744e+02
1.134791127e+00  5.7100270e+02  1.00000e+06  5.10834e+02
1.135358523e+00  5.6773887e+02  1.00000e+06  5.07559e+02
1.135926202e+00  5.6346301e+02  1.00000e+06  5.03271e+02
1.136494165e+00  5.5860517e+02  1.00000e+06  4.98402e+02
1.137062412e+00  5.5363823e+02  1.00000e+06  4.93423e+02
1.137630943e+00  5.4904288e+02  1.00000e+06  4.88817e+02
1.138199759e+00  5.4526716e+02  1.00000e+06  4.85029e+02
1.138768859e+00  5.4267607e+02  1.00000e+06  4.82427e+02
1.139338243e+00  5.4149327e+02  1.00000e+06  4.81233e+02
1.139907912e+00  5.4174804e+02  1.00000e+06  4.81476e+02
1.140477866e+00  5.4324587e+02  1.00000e+06  4.82962e+02
1.141048105e+00  5.4558084e+02  1.00000e+06  4.85286e+02
1.141618629e+00  5.4819787e+02  1.00000e+06  4.87891e+02
1.142189438e+00  5.5049401e+02  1.00000e+06  4.90176e+02
1.142760533e+00  5.5193599e+02  1.00000e+06  4.91607e+02
1.143331913e+00  5.5216162e+02  1.00000e+06  4.91821e+02
1.143903579e+00  5.5103904e+02  1.00000e+06  4.90687e+02
1.144475531e+00  5.4867202e+02  1.00000e+06  4.88309e+02
1.145047769e+00  5.4535620e+02  1.00000e+06  4.84981e+02
1.145620293e+00  5.4150636e+02  1.00000e+06  4.81120e+02
1.146193103e+00  5.3757738e+02  1.00000e+06  4.77180e+02
1.146766200e+00  5.3399833e+02  1.00000e+06  4.73589e+02
1.147339583e+00  5.3112635e+02  1.00000e+06  4.70706e+02
1.147913252e+00  5.2922107e+02  1.00000e+06  4.68789e+02
1.148487209e+00  5.2843002e+02  1.00000e+06  4.67987e+02
1.149061453e+00  5.2878137e+02  1.00000e+06  4.68327e+02
1.149635983e+00  5.3018147e+02  1.00000e+06  4.69716e+02
1.150210801e+00  5.3242223e+02  1.00000e+06  4.71945e+02
1.150785907e+00  5.3520442e+02  1.00000e+06  4.74716e+02
1.151361300e+00  5.3817823e+02  1.00000e+06  4.77678e+02
1.151936980e+00  5.4099671e+02  1.00000e+06  4.80486e+02
1.152512949e+00  5.4337076e+02  1.00000e+06  4.82848e+02
1.153089205e+00  5.4511014e+02  1.00000e+06  4.84576e+02
1.153665750e+00  5.4614035e+02  1.00000e+06  4.85595e+02
1.154242583e+00  5.4649366e+02  1.00000e+06  4.85937e+02
1.154819704e+00  5.4628049e+02  1.00000e+06  4.85713e+02
1.155397114e+00  5.4565440e+02  1.00000e+06  4.85076e+02
1.155974813e+00  5.4478199e+02  1.00000e+06  4.84192e+02
1.156552800e+00  5.4382364e+02  1.00000e+06  4.83222e+02
1.157131076e+00  5.4292639e+02  1.00000e+06  4.82314e+02
1.157709642e+00  5.4222301e+02  1.00000e+06  4.81599e+02
1.158288497e+00  5.4183309e+02  1.00000e+06  4.81198e+02
1.158867641e+00  5.4186173e+02  1.00000e+06  4.81215e+02
1.159447075e+00  5.4239431e+02  1.00000e+06  4.81737e+02
1.160026798e+00  5.4348778e+02  1.00000e+06  4.82819e+02
1.160606812e+00  5.4516003e+02  1.00000e+06  4.84480e+02
1.161187115e+00  5.4737969e+02  1.00000e+06  4.86688e+02
1.161767709e+00  5.5006045e+02  1.00000e+06  4.89358e+02
1.162348593e+00  5.5306318e+02  1.00000e+06  4.92349e+02
1.162929767e+00  5.5620781e+02  1.00000e+06  4.95483e+02
1.163511232e+00  5.5929430e+02  1.00000e+06  4.98558e+02
1.164092987e+00  5.6212977e+02  1.00000e+06  5.01382e+02
1.164675034e+00  5.6455452e+02  1.00000e+06  5.03796e+02
1.165257371e+00  5.6646063e+02  1.00000e+06  5.05691e+02
1.165840000e+00  5.6779941e+02  1.00000e+06  5.07019e+02
1.166422920e+00  5.6857761e+02  1.00000e+06  5.07786e+02
1.167006131e+00  5.6884678e+02  1.00000e+06  5.08044e+02
1.167589635e+00  5.6869222e+02  1.00000e+06  5.07878e+02
1.168173429e+00  5.6822580e+02  1.00000e+06  5.07400e+02
1.168757516e+00  5.6758391e+02  1.00000e+06  5.06747e+02
1.169341895e+00  5.6692557e+02  1.00000e+06  5.06078e+02
1.169926566e+00  5.6642446e+02  1.00000e+06  5.05566e+02
1.170511529e+00  5.6624961e+02  1.00000e+06  5.05380e+02
1.171096785e+00  5.6653602e+02  1.00000e+06  5.05655e+02
1.171682333e+00  5.6734994e+02  1.00000e+06  5.06458e+02
1.172268174e+00  5.6866189e+02  1.00000e+06  5.07759e+02
1.172854308e+00  5.7033577e+02  1.00000e+06  5.09421e+02
1.173440736e+00  5.7214222e+02  1.00000e+06  5.11217e+02
1.174027456e+00  5.7379392e+02  1.00000e+06  5.12857e+02
1.174614470e+00  5.7499613e+02  1.00000e+06  5.14049e+02
1.175201777e+00  5.7550066e+02  1.00000e+06  5.14542e+02
1.175789378e+00  5.7514991e+02  1.00000e+06  5.14180e+02
1.176377273e+00  5.7390213e+02  1.00000e+06  5.12921e+02
1.176965461e+00  5.7183439e+02  1.00000e+06  5.10843e+02
1.177553944e+00  5.6912412e+02  1.00000e+06  5.08121e+02
1.178142721e+00  5.6601614e+02  1.00000e+06  5.05002e+02
1.178731792e+00  5.6278281e+02  1.00000e+06  5.01758e+02
1.179321158e+00  5.5968460e+02  1.00000e+06  4.98649e+02
1.179910819e+00  5.5693689e+02  1.00000e+06  4.95890e+02
1.180500774e+00  5.5468650e+02  1.00000e+06  4.93629e+02
1.181091025e+00  5.5299965e+02  1.00000e+06  4.91931e+02
1.181681570e+00  5.5186112e+02  1.00000e+06  4.90781e+02
1.182272411e+00  5.5118397e+02  1.00000e+06  4.90093e+02
1.182863547e+00  5.5082511e+02  1.00000e+06  4.89723e+02
1.183454979e+00  5.5060659e+02  1.00000e+06  4.89494e+02
1.184046706e+00  5.5033683e+02  1.00000e+06  4.89213e+02
1.184638730e+00  5.4983216e+02  1.00000e+06  4.88697e+02
1.185231049e+00  5.4893651e+02  1.00000e+06  4.87791e+02
1.185823665e+00  5.4753737e+02  1.00000e+06  4.86381e+02
1.186416576e+00  5.4557564e+02  1.00000e+06  4.84408e+02
1.187009785e+00  5.4304898e+02  1.00000e+06  4.81870e+02
1.187603290e+00  5.4000664e+02  1.00000e+06  4.78817e+02
1.188197091e+00  5.3653737e+02  1.00000e+06  4.75337e+02
1.188791190e+00  5.3275453e+02  1.00000e+06  4.71543e+02
1.189385585e+00  5.2878088e+02  1.00000e+06  4.67558e+02
1.189980278e+00  5.2473575e+02  1.00000e+06  4.63502e+02
1.190575268e+00  5.2072546e+02  1.00000e+06  4.59481e+02
1.191170556e+00  5.1683621e+02  1.00000e+06  4.55581e+02
1.191766141e+00  5.1312998e+02  1.00000e+06  4.51864e+02
1.192362024e+00  5.0964232e+02  1.00000e+06  4.48365e+02
1.192958205e+00  5.0638318e+02  1.00000e+06  4.45095e+02
1.193554684e+00  5.0334135e+02  1.00000e+06  4.42043e+02
1.194151462e+00  5.0049083e+02  1.00000e+06  4.39181e+02
1.194748537e+00  4.9779738e+02  1.00000e+06  4.36477e+02
1.195345912e+00  4.9522322e+02  1.00000e+06  4.33892e+02
1.195943585e+00  4.9272943e+02  1.00000e+06  4.31387e+02
1.196541556e+00  4.9027685e+02  1.00000e+06  4.28924e+02
1.197139827e+00  4.8782750e+02  1.00000e+06  4.26464e+02
1.197738397e+00  4.8534663e+02  1.00000e+06  4.23972e+02
1.198337266e+00  4.8280445e+02  1.00000e+06  4.21419e+02
1.198936435e+00  4.8017510e+02  1.00000e+06  4.18779e+02
1.199535903e+00  4.7743272e+02  1.00000e+06  4.16026e+02
1.200135671e+00  4.7454736e+02  1.00000e+06  4.13129e+02
1.200735739e+00  4.7148542e+02  1.00000e+06  4.10057e+02
1.201336107e+00  4.6821893e+02  1.00000e+06  4.06779e+02
1.201936775e+00  4.6474314e+02  1.00000e+06  4.03293e+02
1.202537743e+00  4.6109472e+02  1.00000e+06  3.99634e+02
1.203139012e+00  4.5736122e+02  1.00000e+06  3.95889e+02
1.203740582e+00  4.5367228e+02  1.00000e+06  3.92190e+02
1.204342452e+00  4.5017278e+02  1.00000e+06  3.88679e+02
1.204944623e+00  4.4698629e+02  1.00000e+06  3.85482e+02
1.205547095e+00  4.4418257e+02  1.00000e+06  3.82668e+02
1.206149869e+00  4.4176288e+02  1.00000e+06  3.80237e+02
1.206752944e+00  4.3966708e+02  1.00000e+06  3.78131e+02
1.207356320e+00  4.3780039e+02  1.00000e+06  3.76253e+02
1.207959999e+00  4.3606518e+02  1.00000e+06  3.74507e+02
1.208563979e+00  4.3438811e+02  1.00000e+06  3.72819e+02
1.209168261e+00  4.3273162e+02  1.00000e+06  3.71152e+02
1.209772845e+00  4.3109042e+02  1.00000e+06  3.69500e+02
1.210377731e+00  4.2947778e+02  1.00000e+06  3.67877e+02
1.210982920e+00  4.2790989e+02  1.00000e+06  3.66298e+02
1.211588411e+00  4.2639628e+02  1.00000e+06  3.64774e+02
1.212194206e+00  4.2493941e+02  1.00000e+06  3.63307e+02
1.212800303e+00  4.2354358e+02  1.00000e+06  3.61900e+02
1.213406703e+00  4.2222671e+02  1.00000e+06  3.60573e+02
1.214013406e+00  4.2102861e+02  1.00000e+06  3.59364e+02
1.214620413e+00  4.2000864e+02  1.00000e+06  3.58333e+02
1.215227723e+00  4.1923076e+02  1.00000e+06  3.57545e+02
1.215835337e+00  4.1874051e+02  1.00000e+06  3.57044e+02
1.216443255e+00  4.1854204e+02  1.00000e+06  3.56835e+02
1.217051476e+00  4.1858725e+02  1.00000e+06  3.56869e+02
1.217660002e+00  4.1878264e+02  1.00000e+06  3.57054e+02
1.218268832e+00  4.1901303e+02  1.00000e+06  3.57274e+02
1.218877966e+00  4.1917391e+02  1.00000e+06  3.57424e+02
1.219487405e+00  4.1919903e+02  1.00000e+06  3.57438e+02
1.220097149e+00  4.1907326e+02  1.00000e+06  3.57302e+02
1.220707198e+00  4.1882723e+02  1.00000e+06  3.57045e+02
1.221317551e+00  4.1851794e+02  1.00000e+06  3.56725e+02
1.221928210e+00  4.1820630e+02  1.00000e+06  3.56403e+02
1.222539174e+00  4.1794020e+02  1.00000e+06  3.56127e+02
1.223150444e+00  4.1774875e+02  1.00000e+06  3.55925e+02
1.223762019e+00  4.1764630e+02  1.00000e+06  3.55812e+02
1.224373900e+00  4.1764000e+02  1.00000e+06  3.55795e+02
1.224986087e+00  4.1773530e+02  1.00000e+06  3.55879e+02
1.225598580e+00  4.1793551e+02  1.00000e+06  3.56069e+02
1.226211379e+00  4.1823736e+02  1.00000e+06  3.56360e+02
1.226824485e+00  4.1862580e+02  1.00000e+06  3.56738e+02
1.227437897e+00  4.1907213e+02  1.00000e+06  3.57174e+02
1.228051616e+00  4.1953652e+02  1.00000e+06  3.57628e+02
1.228665642e+00  4.1997433e+02  1.00000e+06  3.58055e+02
1.229279975e+00  4.2034317e+02  1.00000e+06  3.58413e+02
1.229894615e+00  4.2060934e+02  1.00000e+06  3.58669e+02
1.230509562e+00  4.2075307e+02  1.00000e+06  3.58802e+02
1.231124817e+00  4.2077235e+02  1.00000e+06  3.58811e+02
1.231740379e+00  4.2068438e+02  1.00000e+06  3.58713e+02
1.232356250e+00  4.2052367e+02  1.00000e+06  3.58541e+02
1.232972428e+00  4.2033554e+02  1.00000e+06  3.58343e+02
1.233588914e+00  4.2016595e+02  1.00000e+06  3.58163e+02
1.234205708e+00  4.2005145e+02  1.00000e+06  3.58038e+02
1.234822811e+00  4.2001246e+02  1.00000e+06  3.57988e+02
1.235440223e+00  4.2005278e+02  1.00000e+06  3.58018e+02
1.236057943e+00  4.2016429e+02  1.00000e+06  3.58119e+02
1.236675972e+00  4.2033267e+02  1.00000e+06  3.58277e+02
1.237294310e+00  4.2054061e+02  1.00000e+06  3.58475e+02
1.237912957e+00  4.2076658e+02  1.00000e+06  3.58690e+02
1.238531913e+00  4.2098146e+02  1.00000e+06  3.58895e+02
1.239151179e+00  4.2114762e+02  1.00000e+06  3.59050e+02
1.239770755e+00  4.2122381e+02  1.00000e+06  3.59116e+02
1.240390640e+00  4.2117585e+02  1.00000e+06  3.59058e+02
1.241010836e+00  4.2098936e+02  1.00000e+06  3.58861e+02
1.241631341e+00  4.2067875e+02  1.00000e+06  3.58540e+02
1.242252157e+00  4.2028767e+02  1.00000e+06  3.58138e+02
1.242873283e+00  4.1987979e+02  1.00000e+06  3.57720e+02
1.243494719e+00  4.1952266e+02  1.00000e+06  3.57353e+02
1.244116467e+00  4.1927037e+02  1.00000e+06  3.57090e+02
1.244738525e+00  4.1915108e+02  1.00000e+06  3.56960e+02
1.245360894e+00  4.1916244e+02  1.00000e+06  3.56961e+02
1.245983575e+00  4.1927601e+02  1.00000e+06  3.57064e+02
1.246606566e+00  4.1944732e+02  1.00000e+06  3.57225e+02
1.247229870e+00  4.1962791e+02  1.00000e+06  3.57396e+02
1.247853485e+00  4.1977559e+02  1.00000e+06  3.57533e+02
1.248477411e+00  4.1986082e+02  1.00000e+06  3.57608e+02
1.249101650e+00  4.1986880e+02  1.00000e+06  3.57605e+02
1.249726201e+00  4.1979800e+02  1.00000e+06  3.57524e+02
1.250351064e+00  4.1965694e+02  1.00000e+06  3.57373e+02
1.250976240e+00  4.1946009e+02  1.00000e+06  3.57166e+02
1.251601728e+00  4.1922497e+02  1.00000e+06  3.56920e+02
1.252227529e+00  4.1897111e+02  1.00000e+06  3.56656e+02
1.252853642e+00  4.1872113e+02  1.00000e+06  3.56396e+02
1.253480069e+00  4.1850260e+02  1.00000e+06  3.56167e+02
1.254106809e+00  4.1834890e+02  1.00000e+06  3.56003e+02
1.254733863e+00  4.1829700e+02  1.00000e+06  3.55941e+02
1.255361229e+00  4.1838187e+02  1.00000e+06  3.56016e+02
1.255988910e+00  4.1862984e+02  1.00000e+06  3.56253e+02
1.256616905e+00  4.1905357e+02  1.00000e+06  3.56667e+02
1.257245213e+00  4.1965191e+02  1.00000e+06  3.57255e+02
1.257873836e+00  4.2041421e+02  1.00000e+06  3.58007e+02
1.258502773e+00  4.2132727e+02  1.00000e+06  3.58910e+02
1.259132024e+00  4.2238102e+02  1.00000e+06  3.59953e+02
1.259761590e+00  4.2357049e+02  1.00000e+06  3.61132e+02
1.260391471e+00  4.2489415e+02  1.00000e+06  3.62446e+02
1.261021666e+00  4.2635013e+02  1.00000e+06  3.63892e+02
1.261652177e+00  4.2793303e+02  1.00000e+06  3.65464e+02
1.262283003e+00  4.2963287e+02  1.00000e+06  3.67154e+02
1.262914145e+00  4.3143535e+02  1.00000e+06  3.68946e+02
1.263545602e+00  4.3332316e+02  1.00000e+06  3.70824e+02
1.264177375e+00  4.3527723e+02  1.00000e+06  3.72768e+02
1.264809463e+00  4.3727855e+02  1.00000e+06  3.74759e+02
1.265441868e+00  4.3931179e+02  1.00000e+06  3.76782e+02
1.266074589e+00  4.4137050e+02  1.00000e+06  3.78830e+02
1.266707626e+00  4.4346220e+02  1.00000e+06  3.80912e+02
1.267340980e+00  4.4561011e+02  1.00000e+06  3.83050e+02
1.267974651e+00  4.4784814e+02  1.00000e+06  3.85277e+02
1.268608638e+00  4.5020905e+02  1.00000e+06  3.87628e+02
1.269242942e+00  4.5270804e+02  1.00000e+06  3.90117e+02
1.269877564e+00  4.5532755e+02  1.00000e+06  3.92726e+02
1.270512503e+00  4.5800994e+02  1.00000e+06  3.95399e+02
1.271147759e+00  4.6066333e+02  1.00000e+06  3.98042e+02
1.271783333e+00  4.6317986e+02  1.00000e+06  4.00548e+02
1.272419224e+00  4.6546362e+02  1.00000e+06  4.02822e+02
1.273055434e+00  4.6745870e+02  1.00000e+06  4.04807e+02
1.273691962e+00  4.6916867e+02  1.00000e+06  4.06507e+02
1.274328808e+00  4.7065972e+02  1.00000e+06  4.07988e+02
1.274965972e+00  4.7204439e+02  1.00000e+06  4.09362e+02
1.275603455e+00  4.7345076e+02  1.00000e+06  4.10759e+02
1.276241257e+00  4.7498614e+02  1.00000e+06  4.12284e+02
1.276879377e+00  4.7670900e+02  1.00000e+06  4.13997e+02
1.277517817e+00  4.7861837e+02  1.00000e+06  4.15896e+02
1.278156576e+00  4.8066614e+02  1.00000e+06  4.17934e+02
1.278795654e+00  4.8278575e+02  1.00000e+06  4.20043e+02
1.279435052e+00  4.8492627e+02  1.00000e+06  4.22174e+02
1.280074770e+00  4.8707645e+02  1.00000e+06  4.24314e+02
1.280714807e+00  4.8926851e+02  1.00000e+06  4.26496e+02
1.281355164e+00  4.9156050e+02  1.00000e+06  4.28778e+02
1.281995842e+00  4.9400539e+02  1.00000e+06  4.31213e+02
1.282636840e+00  4.9662051e+02  1.00000e+06  4.33818e+02
1.283278158e+00  4.9937069e+02  1.00000e+06  4.36558e+02
1.283919797e+00  5.0217137e+02  1.00000e+06  4.39349e+02
1.284561757e+00  5.0491033e+02  1.00000e+06  4.42077e+02
1.285204038e+00  5.0747835e+02  1.00000e+06  4.44635e+02
1.285846640e+00  5.0979679e+02  1.00000e+06  4.46944e+02
1.286489564e+00  5.1183226e+02  1.00000e+06  4.48969e+02
1.287132808e+00  5.1359324e+02  1.00000e+06  4.50720e+02
1.287776375e+00  5.1511180e+02  1.00000e+06  4.52229e+02
1.288420263e+00  5.1641817e+02  1.00000e+06  4.53525e+02
1.289064473e+00  5.1751904e+02  1.00000e+06  4.54616e+02
1.289709005e+00  5.1838803e+02  1.00000e+06  4.55475e+02
1.290353860e+00  5.1897285e+02  1.00000e+06  4.56050e+02
1.290999037e+00  5.1921544e+02  1.00000e+06  4.56283e+02
1.291644536e+00  5.1907906e+02  1.00000e+06  4.56136e+02
1.292290359e+00  5.1857302e+02  1.00000e+06  4.55620e+02
1.292936504e+00  5.1776922e+02  1.00000e+06  4.54807e+02
1.293582972e+00  5.1680675e+02  1.00000e+06  4.53834e+02
1.294229763e+00  5.1588470e+02  1.00000e+06  4.52902e+02
1.294876878e+00  5.1524202e+02  1.00000e+06  4.52250e+02
1.295524317e+00  5.1512406e+02  1.00000e+06  4.52122e+02
1.296172079e+00  5.1573781e+02  1.00000e+06  4.52726e+02
1.296820165e+00  5.1720179e+02  1.00000e+06  4.54180e+02
1.297468575e+00  5.1950365e+02  1.00000e+06  4.56472e+02
1.298117309e+00  5.2248212e+02  1.00000e+06  4.59440e+02
1.298766368e+00  5.2584333e+02  1.00000e+06  4.62792e+02
1.299415751e+00  5.2921398e+02  1.00000e+06  4.66152e+02
1.300065459e+00  5.3221598e+02  1.00000e+06  4.69144e+02
1.300715492e+00  5.3454167e+02  1.00000e+06  4.71460e+02
1.301365850e+00  5.3600664e+02  1.00000e+06  4.72915e+02
1.302016532e+00  5.3656712e+02  1.00000e+06  4.73466e+02
1.302667541e+00  5.3630300e+02  1.00000e+06  4.73192e+02
1.303318875e+00  5.3537796e+02  1.00000e+06  4.72257e+02
1.303970534e+00  5.3399436e+02  1.00000e+06  4.70864e+02
1.304622519e+00  5.3235534e+02  1.00000e+06  4.69215e+02
1.305274830e+00  5.3064346e+02  1.00000e+06  4.67493e+02
1.305927468e+00  5.2901407e+02  1.00000e+06  4.65854e+02
1.306580432e+00  5.2760004e+02  1.00000e+06  4.64430e+02
1.307233722e+00  5.2652131e+02  1.00000e+06  4.63341e+02
1.307887339e+00  5.2589239e+02  1.00000e+06  4.62703e+02
1.308541282e+00  5.2582291e+02  1.00000e+06  4.62623e+02
1.309195553e+00  5.2640909e+02  1.00000e+06  4.63200e+02
1.309850151e+00  5.2771562e+02  1.00000e+06  4.64497e+02
1.310505076e+00  5.2975306e+02  1.00000e+06  4.66524e+02
1.311160328e+00  5.3245891e+02  1.00000e+06  4.69220e+02
1.311815909e+00  5.3569086e+02  1.00000e+06  4.72442e+02
1.312471817e+00  5.3924048e+02  1.00000e+06  4.75982e+02
1.313128052e+00  5.4286504e+02  1.00000e+06  4.79597e+02
1.313784616e+00  5.4633152e+02  1.00000e+06  4.83054e+02
1.314441509e+00  5.4945910e+02  1.00000e+06  4.86172e+02
1.315098730e+00  5.5214937e+02  1.00000e+06  4.88852e+02
1.315756279e+00  5.5439682e+02  1.00000e+06  4.91090e+02
1.316414157e+00  5.5628282e+02  1.00000e+06  4.92966e+02
1.317072364e+00  5.5795875e+02  1.00000e+06  4.94632e+02
1.317730900e+00  5.5962735e+02  1.00000e+06  4.96291e+02
1.318389766e+00  5.6152378e+02  1.00000e+06  4.98178e+02
1.319048961e+00  5.6389615e+02  1.00000e+06  5.00541e+02
1.319708485e+00  5.6698096e+02  1.00000e+06  5.03616e+02
1.320368339e+00  5.7097402e+02  1.00000e+06  5.07599e+02
1.321028524e+00  5.7600172e+02  1.00000e+06  5.12617e+02
1.321689038e+00  5.8210438e+02  1.00000e+06  5.18710e+02
1.322349882e+00  5.8924065e+02  1.00000e+06  5.25837e+02
1.323011057e+00  5.9731530e+02  1.00000e+06  5.33902e+02
1.323672563e+00  6.0622318e+02  1.00000e+06  5.42800e+02
1.324334399e+00  6.1589339e+02  1.00000e+06  5.52460e+02
1.324996566e+00  6.2631678e+02  1.00000e+06  5.62874e+02
1.325659065e+00  6.3754479e+02  1.00000e+06  5.74092e+02
1.326321894e+00  6.4965956e+02  1.00000e+06  5.86197e+02
1.326985055e+00  6.6272593e+02  1.00000e+06  5.99254e+02
1.327648548e+00  6.7674233e+02  1.00000e+06  6.13261e+02
1.328312372e+00  6.9160859e+02  1.00000e+06  6.28117e+02
1.328976528e+00  7.0712177e+02  1.00000e+06  6.43621e+02
1.329641016e+00  7.2300134e+02  1.00000e+06  6.59491e+02
1.330305837e+00  7.3893389e+02  1.00000e+06  6.75414e+02
1.330970990e+00  7.5461999e+02  1.00000e+06  6.91090e+02
1.331636475e+00  7.6980684e+02  1.00000e+06  7.06268e+02
1.332302293e+00  7.8429607e+02  1.00000e+06  7.20747e+02
1.332968445e+00  7.9792963e+02  1.00000e+06  7.34371e+02
1.333634929e+00  8.1056743e+02  1.00000e+06  7.46999e+02
1.334301746e+00  8.2207394e+02  1.00000e+06  7.58496e+02
1.334968897e+00  8.3232585e+02  1.00000e+06  7.68739e+02
1.335636382e+00  8.4124041e+02  1.00000e+06  7.77644e+02
1.336304200e+00  8.4881018e+02  1.00000e+06  7.85204e+02
1.336972352e+00  8.5512616e+02  1.00000e+06  7.91510e+02
1.337640838e+00  8.6037391e+02  1.00000e+06  7.96748e+02
1.338309658e+00  8.6479978e+02  1.00000e+06  8.01165e+02
1.338978813e+00  8.6865872e+02  1.00000e+06  8.05014e+02
1.339648303e+00  8.7216059e+02  1.00000e+06  8.08506e+02
1.340318127e+00  8.7543547e+02  1.00000e+06  8.11772e+02
1.340988286e+00  8.7852614e+02  1.00000e+06  8.14853e+02
1.341658780e+00  8.8140745e+02  1.00000e+06  8.17725e+02
1.342329609e+00  8.8402122e+02  1.00000e+06  8.20329e+02
1.343000774e+00  8.8631317e+02  1.00000e+06  8.22611e+02
1.343672275e+00  8.8825853e+02  1.00000e+06  8.24547e+02
1.344344111e+00  8.8987260e+02  1.00000e+06  8.26152e+02
1.345016283e+00  8.9120566e+02  1.00000e+06  8.27475e+02
1.345688791e+00  8.9232979e+02  1.00000e+06  8.28590e+02
1.346361635e+00  8.9332321e+02  1.00000e+06  8.29574e+02
1.347034816e+00  8.9425734e+02  1.00000e+06  8.30498e+02
1.347708334e+00  8.9518801e+02  1.00000e+06  8.31420e+02
1.348382188e+00  8.9615052e+02  1.00000e+06  8.32373e+02
1.349056379e+00  8.9715739e+02  1.00000e+06  8.33370e+02
1.349730907e+00  8.9819904e+02  1.00000e+06  8.34402e+02
1.350405772e+00  8.9924776e+02  1.00000e+06  8.35441e+02
1.351080975e+00  9.0026575e+02  1.00000e+06  8.36450e+02
1.351756516e+00  9.0121598e+02  1.00000e+06  8.37391e+02
1.352432394e+00  9.0207317e+02  1.00000e+06  8.38239e+02
1.353108610e+00  9.0283216e+02  1.00000e+06  8.38988e+02
1.353785165e+00  9.0350929e+02  1.00000e+06  8.39656e+02
1.354462057e+00  9.0413707e+02  1.00000e+06  8.40274e+02
1.355139288e+00  9.0475278e+02  1.00000e+06  8.40880e+02
1.355816858e+00  9.0538508e+02  1.00000e+06  8.41503e+02
1.356494766e+00  9.0604252e+02  1.00000e+06  8.42151e+02
1.357173014e+00  9.0670770e+02  1.00000e+06  8.42807e+02
1.357851600e+00  9.0733838e+02  1.00000e+06  8.43428e+02
1.358530526e+00  9.0787543e+02  1.00000e+06  8.43956e+02
1.359209791e+00  9.0825549e+02  1.00000e+06  8.44327e+02
1.359889396e+00  9.0842569e+02  1.00000e+06  8.44487e+02
1.360569341e+00  9.0835734e+02  1.00000e+06  8.44410e+02
1.361249626e+00  9.0805510e+02  1.00000e+06  8.44098e+02
1.361930250e+00  9.0755953e+02  1.00000e+06  8.43593e+02
1.362611215e+00  9.0694233e+02  1.00000e+06  8.42967e+02
1.363292521e+00  9.0629564e+02  1.00000e+06  8.42311e+02
1.363974167e+00  9.0571823e+02  1.00000e+06  8.41724e+02
1.364656154e+00  9.0530220e+02  1.00000e+06  8.41298e+02
1.365338482e+00  9.0512242e+02  1.00000e+06  8.41109e+02
1.366021152e+00  9.0522974e+02  1.00000e+06  8.41207e+02
1.366704162e+00  9.0564715e+02  1.00000e+06  8.41615e+02
1.367387514e+00  9.0636819e+02  1.00000e+06  8.42327e+02
1.368071208e+00  9.0735736e+02  1.00000e+06  8.43307e+02
1.368755244e+00  9.0855335e+02  1.00000e+06  8.44494e+02
1.369439621e+00  9.0987637e+02  1.00000e+06  8.45807e+02
1.370124341e+00  9.1123942e+02  1.00000e+06  8.47161e+02
1.370809403e+00  9.1256131e+02  1.00000e+06  8.48474e+02
1.371494808e+00  9.1377815e+02  1.00000e+06  8.49681e+02
1.372180555e+00  9.1484941e+02  1.00000e+06  8.50743e+02
1.372866646e+00  9.1575715e+02  1.00000e+06  8.51641e+02
1.373553079e+00  9.1649937e+02  1.00000e+06  8.52374e+02
1.374239856e+00  9.1708134e+02  1.00000e+06  8.52947e+02
1.374926976e+00  9.1750978e+02  1.00000e+06  8.53366e+02
1.375614439e+00  9.1779197e+02  1.00000e+06  8.53639e+02
1.376302246e+00  9.1793983e+02  1.00000e+06  8.53778e+02
1.376990397e+00  9.1797608e+02  1.00000e+06  8.53805e+02
1.377678893e+00  9.1793717e+02  1.00000e+06  8.53757e+02
1.378367732e+00  9.1787043e+02  1.00000e+06  8.53681e+02
1.379056916e+00  9.1782475e+02  1.00000e+06  8.53626e+02
1.379746444e+00  9.1783683e+02  1.00000e+06  8.53629e+02
1.380436318e+00  9.1791880e+02  1.00000e+06  8.53701e+02
1.381126536e+00  9.1805096e+02  1.00000e+06  8.53824e+02
1.381817099e+00  9.1818368e+02  1.00000e+06  8.53948e+02
1.382508008e+00  9.1824818e+02  1.00000e+06  8.54003e+02
1.383199262e+00  9.1817467e+02  1.00000e+06  8.53920e+02
1.383890861e+00  9.1791327e+02  1.00000e+06  8.53650e+02
1.384582807e+00  9.1745279e+02  1.00000e+06  8.53180e+02
1.385275098e+00  9.1683194e+02  1.00000e+06  8.52550e+02
1.385967736e+00  9.1613949e+02  1.00000e+06  8.51848e+02
1.386660719e+00  9.1550172e+02  1.00000e+06  8.51201e+02
1.387354050e+00  9.1505995e+02  1.00000e+06  8.50750e+02
1.388047727e+00  9.1494273e+02  1.00000e+06  8.50624e+02
1.388741751e+00  9.1524046e+02  1.00000e+06  8.50913e+02
1.389436122e+00  9.1598890e+02  1.00000e+06  8.51652e+02
1.390130840e+00  9.1716558e+02  1.00000e+06  8.52819e+02
1.390825905e+00  9.1869840e+02  1.00000e+06  8.54343e+02
1.391521318e+00  9.2048286e+02  1.00000e+06  8.56118e+02
1.392217079e+00  9.2240161e+02  1.00000e+06  8.58028e+02
1.392913187e+00  9.2434125e+02  1.00000e+06  8.59958e+02
1.393609644e+00  9.2620374e+02  1.00000e+06  8.61812e+02
1.394306449e+00  9.2791207e+02  1.00000e+06  8.63511e+02
1.395003602e+00  9.2941221e+02  1.00000e+06  8.65002e+02
1.395701104e+00  9.3067378e+02  1.00000e+06  8.66254e+02
1.396398954e+00  9.3169119e+02  1.00000e+06  8.67263e+02
1.397097154e+00  9.3248508e+02  1.00000e+06  8.68048e+02
1.397795702e+00  9.3310284e+02  1.00000e+06  8.68656e+02
1.398494600e+00  9.3361681e+02  1.00000e+06  8.69161e+02
1.399193847e+00  9.3411810e+02  1.00000e+06  8.69653e+02
1.399893444e+00  9.3470610e+02  1.00000e+06  8.70232e+02
1.400593391e+00  9.3547512e+02  1.00000e+06  8.70992e+02
1.401293688e+00  9.3650013e+02  1.00000e+06  8.72008e+02
1.401994335e+00  9.3782460e+02  1.00000e+06  8.73323e+02
1.402695332e+00  9.3945243e+02  1.00000e+06  8.74942e+02
1.403396679e+00  9.4134506e+02  1.00000e+06  8.76826e+02
1.404098378e+00  9.4342510e+02  1.00000e+06  8.78897e+02
1.404800427e+00  9.4558564e+02  1.00000e+06  8.81048e+02
1.405502827e+00  9.4770458e+02  1.00000e+06  8.83158e+02
1.406205579e+00  9.4966267e+02  1.00000e+06  8.85107e+02
1.406908681e+00  9.5136158e+02  1.00000e+06  8.86797e+02
1.407612136e+00  9.5273854e+02  1.00000e+06  8.88165e+02
1.408315942e+00  9.5377439e+02  1.00000e+06  8.89192e+02
1.409020100e+00  9.5449216e+02  1.00000e+06  8.89901e+02
1.409724610e+00  9.5494825e+02  1.00000e+06  8.90348e+02
1.410429472e+00  9.5521888e+02  1.00000e+06  8.90609e+02
1.411134687e+00  9.5538679e+02  1.00000e+06  8.90768e+02
1.411840254e+00  9.5553126e+02  1.00000e+06  8.90904e+02
1.412546174e+00  9.5572273e+02  1.00000e+06  8.91086e+02
1.413252447e+00  9.5602017e+02  1.00000e+06  8.91375e+02
1.413959074e+00  9.5646884e+02  1.00000e+06  8.91814e+02
1.414666053e+00  9.5709650e+02  1.00000e+06  8.92433e+02
1.415373386e+00  9.5790884e+02  1.00000e+06  8.93236e+02
1.416081073e+00  9.5888655e+02  1.00000e+06  8.94205e+02
1.416789113e+00  9.5998670e+02  1.00000e+06  8.95296e+02
1.417497508e+00  9.6114998e+02  1.00000e+06  8.96451e+02
1.418206257e+00  9.6231203e+02  1.00000e+06  8.97604e+02
1.418915360e+00  9.6341541e+02  1.00000e+06  8.98698e+02
1.419624817e+00  9.6441807e+02  1.00000e+06  8.99692e+02
1.420334630e+00  9.6529584e+02  1.00000e+06  9.00561e+02
1.421044797e+00  9.6603908e+02  1.00000e+06  9.01295e+02
1.421755320e+00  9.6664555e+02  1.00000e+06  9.01892e+02
1.422466197e+00  9.6711335e+02  1.00000e+06  9.02351e+02
1.423177430e+00  9.6743698e+02  1.00000e+06  9.02666e+02
1.423889019e+00  9.6760885e+02  1.00000e+06  9.02829e+02
1.424600964e+00  9.6762592e+02  1.00000e+06  9.02837e+02
1.425313264e+00  9.6750009e+02  1.00000e+06  9.02702e+02
1.426025921e+00  9.6726862e+02  1.00000e+06  9.02462e+02
1.426738934e+00  9.6699953e+02  1.00000e+06  9.02184e+02
1.427452303e+00  9.6678797e+02  1.00000e+06  9.01964e+02
1.428166029e+00  9.6674129e+02  1.00000e+06  9.01908e+02
1.428880112e+00  9.6695529e+02  1.00000e+06  9.02113e+02
1.429594552e+00  9.6748792e+02  1.00000e+06  9.02637e+02
1.430309350e+00  9.6833999e+02  1.00000e+06  9.03480e+02
1.431024504e+00  9.6945068e+02  1.00000e+06  9.04582e+02
1.431740017e+00  9.7071059e+02  1.00000e+06  9.05833e+02
1.432455887e+00  9.7198882e+02  1.00000e+06  9.07102e+02
1.433172115e+00  9.7316483e+02  1.00000e+06  9.08270e+02
1.433888701e+00  9.7415502e+02  1.00000e+06  9.09251e+02
1.434605645e+00  9.7492650e+02  1.00000e+06  9.10013e+02
1.435322948e+00  9.7549571e+02  1.00000e+06  9.10574e+02
1.436040609e+00  9.7591526e+02  1.00000e+06  9.10985e+02
1.436758630e+00  9.7625537e+02  1.00000e+06  9.11316e+02
1.437477009e+00  9.7658557e+02  1.00000e+06  9.11637e+02
1.438195747e+00  9.7696251e+02  1.00000e+06  9.12005e+02
1.438914845e+00  9.7742281e+02  1.00000e+06  9.12457e+02
1.439634303e+00  9.7798157e+02  1.00000e+06  9.13007e+02
1.440354120e+00  9.7863242e+02  1.00000e+06  9.13649e+02
1.441074297e+00  9.7934700e+02  1.00000e+06  9.14355e+02
1.441794834e+00  9.8007369e+02  1.00000e+06  9.15073e+02
1.442515731e+00  9.8073720e+02  1.00000e+06  9.15727e+02
1.443236989e+00  9.8124205e+02  1.00000e+06  9.16223e+02
1.443958608e+00  9.8148193e+02  1.00000e+06  9.16454e+02
1.444680587e+00  9.8135522e+02  1.00000e+06  9.16319e+02
1.445402927e+00  9.8078341e+02  1.00000e+06  9.15738e+02
1.446125629e+00  9.7972908e+02  1.00000e+06  9.14675e+02
1.446848692e+00  9.7820793e+02  1.00000e+06  9.13145e+02
1.447572116e+00  9.7629362e+02  1.00000e+06  9.11222e+02
1.448295902e+00  9.7411387e+02  1.00000e+06  9.09034e+02
1.449020050e+00  9.7183833e+02  1.00000e+06  9.06750e+02
1.449744560e+00  9.6965862e+02  1.00000e+06  9.04561e+02
1.450469432e+00  9.6776224e+02  1.00000e+06  9.02656e+02
1.451194667e+00  9.6630370e+02  1.00000e+06  9.01189e+02
1.451920264e+00  9.6537875e+02  1.00000e+06  9.00255e+02
1.452646224e+00  9.6500944e+02  1.00000e+06  8.99877e+02
1.453372548e+00  9.6514596e+02  1.00000e+06  9.00005e+02
1.454099234e+00  9.6568678e+02  1.00000e+06  9.00537e+02
1.454826283e+00  9.6651129e+02  1.00000e+06  9.01353e+02
1.455553697e+00  9.6751409e+02  1.00000e+06  9.02347e+02
1.456281473e+00  9.6862832e+02  1.00000e+06  9.03452e+02
1.457009614e+00  9.6983012e+02  1.00000e+06  9.04646e+02
1.457738119e+00  9.7112427e+02  1.00000e+06  9.05931e+02
1.458466988e+00  9.7251899e+02  1.00000e+06  9.07317e+02
1.459196222e+00  9.7400292e+02  1.00000e+06  9.08792e+02
1.459925820e+00  9.7553464e+02  1.00000e+06  9.10315e+02
1.460655783e+00  9.7704933e+02  1.00000e+06  9.11821e+02
1.461386110e+00  9.7847784e+02  1.00000e+06  9.13241e+02
1.462116804e+00  9.7976828e+02  1.00000e+06  9.14523e+02
1.462847862e+00  9.8089838e+02  1.00000e+06  9.15644e+02
1.463579286e+00  9.8187352e+02  1.00000e+06  9.16611e+02
1.464311076e+00  9.8271022e+02  1.00000e+06  9.17439e+02
1.465043231e+00  9.8341478e+02  1.00000e+06  9.18135e+02
1.465775753e+00  9.8396678e+02  1.00000e+06  9.18678e+02
1.466508641e+00  9.8431707e+02  1.00000e+06  9.19020e+02
1.467241895e+00  9.8440274e+02  1.00000e+06  9.19097e+02
1.467975516e+00  9.8417348e+02  1.00000e+06  9.18859e+02
1.468709504e+00  9.8361979e+02  1.00000e+06  9.18297e+02
1.469443858e+00  9.8278872e+02  1.00000e+06  9.17457e+02
1.470178580e+00  9.8178028e+02  1.00000e+06  9.16440e+02
1.470913670e+00  9.8072335e+02  1.00000e+06  9.15375e+02
1.471649126e+00  9.7973994e+02  1.00000e+06  9.14383e+02
1.472384951e+00  9.7891098e+02  1.00000e+06  9.13545e+02
1.473121143e+00  9.7825798e+02  1.00000e+06  9.12884e+02
1.473857704e+00  9.7774677e+02  1.00000e+06  9.12364e+02
1.474594633e+00  9.7730940e+02  1.00000e+06  9.11918e+02
1.475331930e+00  9.7687355e+02  1.00000e+06  9.11473e+02
1.476069596e+00  9.7638521e+02  1.00000e+06  9.10976e+02
1.476807631e+00  9.7581606e+02  1.00000e+06  9.10399e+02
1.477546035e+00  9.7515572e+02  1.00000e+06  9.09730e+02
1.478284808e+00  9.7439639e+02  1.00000e+06  9.08962e+02
1.479023950e+00  9.7352073e+02  1.00000e+06  9.08078e+02
1.479763462e+00  9.7250141e+02  1.00000e+06  9.07050e+02
1.480503344e+00  9.7131435e+02  1.00000e+06  9.05854e+02
1.481243596e+00  9.6996003e+02  1.00000e+06  9.04491e+02
1.481984217e+00  9.6848419e+02  1.00000e+06  9.03007e+02
1.482725209e+00  9.6698792e+02  1.00000e+06  9.01502e+02
1.483466572e+00  9.6562046e+02  1.00000e+06  9.00126e+02
1.484208305e+00  9.6455359e+02  1.00000e+06  8.99051e+02
1.484950409e+00  9.6394348e+02  1.00000e+06  8.98432e+02
1.485692885e+00  9.6389056e+02  1.00000e+06  8.98371e+02
1.486435731e+00  9.6440992e+02  1.00000e+06  8.98882e+02
1.487178949e+00  9.6542251e+02  1.00000e+06  8.99886e+02
1.487922538e+00  9.6676960e+02  1.00000e+06  9.01225e+02
1.488666500e+00  9.6824480e+02  1.00000e+06  9.02691e+02
1.489410833e+00  9.6963377e+02  1.00000e+06  9.04072e+02
1.490155538e+00  9.7074854e+02  1.00000e+06  9.05178e+02
1.490900616e+00  9.7145052e+02  1.00000e+06  9.05872e+02
1.491646066e+00  9.7166025e+02  1.00000e+06  9.06073e+02
1.492391890e+00  9.7135664e+02  1.00000e+06  9.05761e+02
1.493138085e+00  9.7056989e+02  1.00000e+06  9.04966e+02
1.493884655e+00  9.6936973e+02  1.00000e+06  9.03757e+02
1.494631597e+00  9.6784906e+02  1.00000e+06  9.02228e+02
1.495378913e+00  9.6610293e+02  1.00000e+06  9.00473e+02
1.496126602e+00  9.6420698e+02  1.00000e+06  8.98569e+02
1.496874665e+00  9.6220019e+02  1.00000e+06  8.96554e+02
1.497623103e+00  9.6007947e+02  1.00000e+06  8.94425e+02
1.498371914e+00  9.5780868e+02  1.00000e+06  8.92145e+02
1.499121100e+00  9.5534090e+02  1.00000e+06  8.89669e+02
1.499870661e+00  9.5264457e+02  1.00000e+06  8.86964e+02
1.500620596e+00  9.4972415e+02  1.00000e+06  8.84036e+02
1.501370906e+00  9.4662735e+02  1.00000e+06  8.80930e+02
1.502121592e+00  9.4343701e+02  1.00000e+06  8.77732e+02
1.502872653e+00  9.4025345e+02  1.00000e+06  8.74540e+02
1.503624089e+00  9.3717244e+02  1.00000e+06  8.71450e+02
1.504375901e+00  9.3426691e+02  1.00000e+06  8.68536e+02
1.505128089e+00  9.3157427e+02  1.00000e+06  8.65835e+02
1.505880653e+00  9.2908964e+02  1.00000e+06  8.63342e+02
1.506633593e+00  9.2676499e+02  1.00000e+06  8.61009e+02
1.507386910e+00  9.2451653e+02  1.00000e+06  8.58753e+02
1.508140604e+00  9.2224157e+02  1.00000e+06  8.56469e+02
1.508894674e+00  9.1984638e+02  1.00000e+06  8.54066e+02
1.509649121e+00  9.1728064e+02  1.00000e+06  8.51492e+02
1.510403946e+00  9.1456636e+02  1.00000e+06  8.48769e+02
1.511159148e+00  9.1180724e+02  1.00000e+06  8.46002e+02
1.511914727e+00  9.0916850e+02  1.00000e+06  8.43355e+02
1.512670685e+00  9.0682801e+02  1.00000e+06  8.41006e+02
1.513427020e+00  9.0491236e+02  1.00000e+06  8.39082e+02
1.514183734e+00  9.0344087e+02  1.00000e+06  8.37602e+02
1.514940825e+00  9.0230188e+02  1.00000e+06  8.36455e+02
1.515698296e+00  9.0127126e+02  1.00000e+06  8.35416e+02
1.516456145e+00  9.0006942e+02  1.00000e+06  8.34206e+02
1.517214373e+00  8.9843678e+02  1.00000e+06  8.32565e+02
1.517972980e+00  8.9620149e+02  1.00000e+06  8.30321e+02
1.518731967e+00  8.9331807e+02  1.00000e+06  8.27429e+02
1.519491333e+00  8.8986752e+02  1.00000e+06  8.23970e+02
1.520251078e+00  8.8602350e+02  1.00000e+06  8.20118e+02
1.521011204e+00  8.8200066e+02  1.00000e+06  8.16087e+02
1.521771710e+00  8.7800351e+02  1.00000e+06  8.12082e+02
1.522532595e+00  8.7419289e+02  1.00000e+06  8.08263e+02
1.523293862e+00  8.7067901e+02  1.00000e+06  8.04741e+02
1.524055509e+00  8.6753551e+02  1.00000e+06  8.01589e+02
1.524817536e+00  8.6482225e+02  1.00000e+06  7.98867e+02
1.525579945e+00  8.6259784e+02  1.00000e+06  7.96635e+02
1.526342735e+00  8.6090872e+02  1.00000e+06  7.94937e+02
1.527105906e+00  8.5975755e+02  1.00000e+06  7.93778e+02
1.527869459e+00  8.5906724e+02  1.00000e+06  7.93079e+02
1.528633394e+00  8.5866596e+02  1.00000e+06  7.92670e+02
1.529397711e+00  8.5830839e+02  1.00000e+06  7.92304e+02
1.530162410e+00  8.5773097e+02  1.00000e+06  7.91718e+02
1.530927491e+00  8.5671854e+02  1.00000e+06  7.90698e+02
1.531692955e+00  8.5514992e+02  1.00000e+06  7.89121e+02
1.532458801e+00  8.5300396e+02  1.00000e+06  7.86967e+02
1.533225031e+00  8.5032543e+02  1.00000e+06  7.84280e+02
1.533991643e+00  8.4717690e+02  1.00000e+06  7.81123e+02
1.534758639e+00  8.4360626e+02  1.00000e+06  7.77544e+02
1.535526018e+00  8.3964820e+02  1.00000e+06  7.73578e+02
1.536293781e+00  8.3535361e+02  1.00000e+06  7.69275e+02
1.537061928e+00  8.3082214e+02  1.00000e+06  7.64736e+02
1.537830459e+00  8.2620853e+02  1.00000e+06  7.60114e+02
1.538599374e+00  8.2169086e+02  1.00000e+06  7.55588e+02
1.539368674e+00  8.1741398e+02  1.00000e+06  7.51303e+02
1.540138358e+00  8.1343881e+02  1.00000e+06  7.47320e+02
1.540908428e+00  8.0972816e+02  1.00000e+06  7.43601e+02
1.541678882e+00  8.0618226e+02  1.00000e+06  7.40047e+02
1.542449721e+00  8.0270898e+02  1.00000e+06  7.36566e+02
1.543220946e+00  7.9929317e+02  1.00000e+06  7.33142e+02
1.543992556e+00  7.9602832e+02  1.00000e+06  7.29869e+02
1.544764553e+00  7.9309185e+02  1.00000e+06  7.26924e+02
1.545536935e+00  7.9067285e+02  1.00000e+06  7.24497e+02
1.546309704e+00  7.8888443e+02  1.00000e+06  7.22700e+02
1.547082858e+00  7.8770317e+02  1.00000e+06  7.21511e+02
1.547856400e+00  7.8696576e+02  1.00000e+06  7.20765e+02
1.548630328e+00  7.8642766e+02  1.00000e+06  7.20219e+02
1.549404643e+00  7.8586130e+02  1.00000e+06  7.19645e+02
1.550179345e+00  7.8515194e+02  1.00000e+06  7.18927e+02
1.550954435e+00  7.8434813e+02  1.00000e+06  7.18115e+02
1.551729912e+00  7.8364063e+02  1.00000e+06  7.17400e+02
1.552505777e+00  7.8327530e+02  1.00000e+06  7.17026e+02
1.553282030e+00  7.8343267e+02  1.00000e+06  7.17176e+02
1.554058671e+00  7.8412378e+02  1.00000e+06  7.17859e+02
1.554835701e+00  7.8514557e+02  1.00000e+06  7.18872e+02
1.555613118e+00  7.8611693e+02  1.00000e+06  7.19836e+02
1.556390925e+00  7.8658017e+02  1.00000e+06  7.20291e+02
1.557169120e+00  7.8613040e+02  1.00000e+06  7.19833e+02
1.557947705e+00  7.8452196e+02  1.00000e+06  7.18217e+02
1.558726679e+00  7.8171570e+02  1.00000e+06  7.15402e+02
1.559506042e+00  7.7785835e+02  1.00000e+06  7.11537e+02
1.560285795e+00  7.7321100e+02  1.00000e+06  7.06882e+02
1.561065938e+00  7.6806375e+02  1.00000e+06  7.01726e+02
1.561846471e+00  7.6267103e+02  1.00000e+06  6.96325e+02
1.562627394e+00  7.5722706e+02  1.00000e+06  6.90873e+02
1.563408708e+00  7.5187881e+02  1.00000e+06  6.85517e+02
1.564190412e+00  7.4675659e+02  1.00000e+06  6.80387e+02
1.564972508e+00  7.4199948e+02  1.00000e+06  6.75622e+02
1.565754994e+00  7.3775779e+02  1.00000e+06  6.71372e+02
1.566537871e+00  7.3417212e+02  1.00000e+06  6.67778e+02
1.567321140e+00  7.3134007e+02  1.00000e+06  6.64938e+02
1.568104801e+00  7.2928974e+02  1.00000e+06  6.62880e+02
1.568888853e+00  7.2797283e+02  1.00000e+06  6.61555e+02
1.569673298e+00  7.2728307e+02  1.00000e+06  6.60857e+02
1.570458134e+00  7.2709126e+02  1.00000e+06  6.60658e+02
1.571243363e+00  7.2728044e+02  1.00000e+06  6.60839e+02
1.572028985e+00  7.2776522e+02  1.00000e+06  6.61316e+02
1.572815000e+00  7.2848599e+02  1.00000e+06  6.62028e+02
1.573601407e+00  7.2938316e+02  1.00000e+06  6.62918e+02
1.574388208e+00  7.3036577e+02  1.00000e+06  6.63892e+02
1.575175402e+00  7.3129421e+02  1.00000e+06  6.64813e+02
1.575962990e+00  7.3198882e+02  1.00000e+06  6.65499e+02
1.576750971e+00  7.3226422e+02  1.00000e+06  6.65767e+02
1.577539347e+00  7.3197508e+02  1.00000e+06  6.65470e+02
1.578328116e+00  7.3105419e+02  1.00000e+06  6.64541e+02
1.579117280e+00  7.2952926e+02  1.00000e+06  6.63008e+02
1.579906839e+00  7.2751273e+02  1.00000e+06  6.60984e+02
1.580696792e+00  7.2517423e+02  1.00000e+06  6.58637e+02
1.581487141e+00  7.2270777e+02  1.00000e+06  6.56163e+02
1.582277884e+00  7.2030585e+02  1.00000e+06  6.53753e+02
1.583069023e+00  7.1814429e+02  1.00000e+06  6.51584e+02
1.583860558e+00  7.1637501e+02  1.00000e+06  6.49806e+02
1.584652488e+00  7.1511934e+02  1.00000e+06  6.48543e+02
1.585444814e+00  7.1445596e+02  1.00000e+06  6.47872e+02
1.586237537e+00  7.1440375e+02  1.00000e+06  6.47811e+02
1.587030655e+00  7.1490562e+02  1.00000e+06  6.48305e+02
1.587824171e+00  7.1582198e+02  1.00000e+06  6.49214e+02
1.588618083e+00  7.1694226e+02  1.00000e+06  6.50326e+02
1.589412392e+00  7.1801617e+02  1.00000e+06  6.51392e+02
1.590207098e+00  7.1879936e+02  1.00000e+06  6.52168e+02
1.591002202e+00  7.1910053e+02  1.00000e+06  6.52461e+02
1.591797703e+00  7.1881592e+02  1.00000e+06  6.52169e+02
1.592593602e+00  7.1794222e+02  1.00000e+06  6.51287e+02
1.593389898e+00  7.1656720e+02  1.00000e+06  6.49904e+02
1.594186593e+00  7.1484414e+02  1.00000e+06  6.48173e+02
1.594983687e+00  7.1296223e+02  1.00000e+06  6.46283e+02
1.595781178e+00  7.1112065e+02  1.00000e+06  6.44434e+02
1.596579069e+00  7.0950862e+02  1.00000e+06  6.42814e+02
1.597377359e+00  7.0828856e+02  1.00000e+06  6.41586e+02
1.598176047e+00  7.0757729e+02  1.00000e+06  6.40867e+02
1.598975135e+00  7.0742583e+02  1.00000e+06  6.40708e+02
1.599774623e+00  7.0780344e+02  1.00000e+06  6.41078e+02
1.600574510e+00  7.0859531e+02  1.00000e+06  6.41862e+02
1.601374797e+00  7.0962132e+02  1.00000e+06  6.42880e+02
1.602175485e+00  7.1067419e+02  1.00000e+06  6.43925e+02
1.602976573e+00  7.1156677e+02  1.00000e+06  6.44810e+02
1.603778061e+00  7.1217345e+02  1.00000e+06  6.45409e+02
1.604579950e+00  7.1245126e+02  1.00000e+06  6.45679e+02
1.605382240e+00  7.1243670e+02  1.00000e+06  6.45656e+02
1.606184931e+00  7.1222057e+02  1.00000e+06  6.45432e+02
1.606988023e+00  7.1191340e+02  1.00000e+06  6.45118e+02
1.607791517e+00  7.1161265e+02  1.00000e+06  6.44809e+02
1.608595413e+00  7.1138108e+02  1.00000e+06  6.44570e+02
1.609399711e+00  7.1123927e+02  1.00000e+06  6.44420e+02
1.610204411e+00  7.1117097e+02  1.00000e+06  6.44344e+02
1.611009513e+00  7.1113658e+02  1.00000e+06  6.44302e+02
1.611815018e+00  7.1108891e+02  1.00000e+06  6.44246e+02
1.612620925e+00  7.1098793e+02  1.00000e+06  6.44138e+02
1.613427236e+00  7.1080942e+02  1.00000e+06  6.43951e+02
1.614233949e+00  7.1054727e+02  1.00000e+06  6.43682e+02
1.615041066e+00  7.1020966e+02  1.00000e+06  6.43336e+02
1.615848587e+00  7.0981182e+02  1.00000e+06  6.42931e+02
1.616656511e+00  7.0936996e+02  1.00000e+06  6.42481e+02
1.617464839e+00  7.0889925e+02  1.00000e+06  6.42003e+02
1.618273572e+00  7.0841729e+02  1.00000e+06  6.41513e+02
1.619082709e+00  7.0795118e+02  1.00000e+06  6.41039e+02
1.619892250e+00  7.0754406e+02  1.00000e+06  6.40624e+02
1.620702196e+00  7.0725839e+02  1.00000e+06  6.40331e+02
1.621512547e+00  7.0717226e+02  1.00000e+06  6.40237e+02
1.622323303e+00  7.0737025e+02  1.00000e+06  6.40427e+02
1.623134465e+00  7.0792947e+02  1.00000e+06  6.40979e+02
1.623946032e+00  7.0890364e+02  1.00000e+06  6.41945e+02
1.624758005e+00  7.1030690e+02  1.00000e+06  6.43341e+02
1.625570384e+00  7.1210050e+02  1.00000e+06  6.45127e+02
1.626383170e+00  7.1418637e+02  1.00000e+06  6.47205e+02
1.627196361e+00  7.1641223e+02  1.00000e+06  6.49423e+02
1.628009959e+00  7.1859057e+02  1.00000e+06  6.51594e+02
1.628823964e+00  7.2053025e+02  1.00000e+06  6.53526e+02
1.629638376e+00  7.2207314e+02  1.00000e+06  6.55061e+02
1.630453195e+00  7.2312479e+02  1.00000e+06  6.56105e+02
1.631268422e+00  7.2367061e+02  1.00000e+06  6.56643e+02
1.632084056e+00  7.2377273e+02  1.00000e+06  6.56738e+02
1.632900098e+00  7.2355129e+02  1.00000e+06  6.56509e+02
1.633716548e+00  7.2315913e+02  1.00000e+06  6.56109e+02
1.634533407e+00  7.2275788e+02  1.00000e+06  6.55700e+02
1.635350673e+00  7.2250056e+02  1.00000e+06  6.55435e+02
1.636168349e+00  7.2251960e+02  1.00000e+06  6.55447e+02
1.636986433e+00  7.2291811e+02  1.00000e+06  6.55838e+02
1.637804926e+00  7.2376107e+02  1.00000e+06  6.56673e+02
1.638623829e+00  7.2506722e+02  1.00000e+06  6.57971e+02
1.639443140e+00  7.2680623e+02  1.00000e+06  6.59703e+02
1.640262862e+00  7.2890241e+02  1.00000e+06  6.61791e+02
1.641082993e+00  7.3124653e+02  1.00000e+06  6.64128e+02
1.641903535e+00  7.3371142e+02  1.00000e+06  6.66585e+02
1.642724487e+00  7.3616650e+02  1.00000e+06  6.69033e+02
1.643545849e+00  7.3848899e+02  1.00000e+06  6.71348e+02
1.644367622e+00  7.4057138e+02  1.00000e+06  6.73422e+02
1.645189806e+00  7.4232791e+02  1.00000e+06  6.75171e+02
1.646012401e+00  7.4370383e+02  1.00000e+06  6.76540e+02
1.646835407e+00  7.4468692e+02  1.00000e+06  6.77515e+02
1.647658824e+00  7.4531745e+02  1.00000e+06  6.78138e+02
1.648482654e+00  7.4569230e+02  1.00000e+06  6.78506e+02
1.649306895e+00  7.4595752e+02  1.00000e+06  6.78763e+02
1.650131549e+00  7.4628923e+02  1.00000e+06  6.79087e+02
1.650956614e+00  7.4686627e+02  1.00000e+06  6.79657e+02
1.651782093e+00  7.4784092e+02  1.00000e+06  6.80624e+02
1.652607984e+00  7.4931561e+02  1.00000e+06  6.82091e+02
1.653434288e+00  7.5133000e+02  1.00000e+06  6.84098e+02
1.654261005e+00  7.5385964e+02  1.00000e+06  6.86620e+02
1.655088135e+00  7.5682404e+02  1.00000e+06  6.89577e+02
1.655915680e+00  7.6009878e+02  1.00000e+06  6.92844e+02
1.656743637e+00  7.6352795e+02  1.00000e+06  6.96266e+02
1.657572009e+00  7.6693434e+02  1.00000e+06  6.99665e+02
1.658400795e+00  7.7012994e+02  1.00000e+06  7.02853e+02
1.659229996e+00  7.7292935e+02  1.00000e+06  7.05645e+02
1.660059611e+00  7.7516978e+02  1.00000e+06  7.07878e+02
1.660889640e+00  7.7673686e+02  1.00000e+06  7.09437e+02
1.661720085e+00  7.7759121e+02  1.00000e+06  7.10284e+02
1.662550945e+00  7.7778633e+02  1.00000e+06  7.10472e+02
1.663382221e+00  7.7747046e+02  1.00000e+06  7.10148e+02
1.664213912e+00  7.7686607e+02  1.00000e+06  7.09537e+02
1.665046019e+00  7.7623017e+02  1.00000e+06  7.08893e+02
1.665878542e+00  7.7580356e+02  1.00000e+06  7.08459e+02
1.666711481e+00  7.7576252e+02  1.00000e+06  7.08411e+02
1.667544837e+00  7.7618460e+02  1.00000e+06  7.08825e+02
1.668378609e+00  7.7703828e+02  1.00000e+06  7.09671e+02
1.669212799e+00  7.7819738e+02  1.00000e+06  7.10823e+02
1.670047405e+00  7.7947562e+02  1.00000e+06  7.12094e+02
1.670882429e+00  7.8066943e+02  1.00000e+06  7.13280e+02
1.671717870e+00  7.8159932e+02  1.00000e+06  7.14203e+02
1.672553729e+00  7.8213937e+02  1.00000e+06  7.14735e+02
1.673390006e+00  7.8223178e+02  1.00000e+06  7.14820e+02
1.674226701e+00  7.8188918e+02  1.00000e+06  7.14470e+02
1.675063814e+00  7.8118715e+02  1.00000e+06  7.13761e+02
1.675901346e+00  7.8025244e+02  1.00000e+06  7.12819e+02
1.676739297e+00  7.7924631e+02  1.00000e+06  7.11805e+02
1.677577666e+00  7.7834405e+02  1.00000e+06  7.10896e+02
1.678416455e+00  7.7771197e+02  1.00000e+06  7.10256e+02
1.679255663e+00  7.7748495e+02  1.00000e+06  7.10022e+02
1.680095291e+00  7.7775054e+02  1.00000e+06  7.10280e+02
1.680935339e+00  7.7854364e+02  1.00000e+06  7.11066e+02
1.681775806e+00  7.7985109e+02  1.00000e+06  7.12366e+02
1.682616694e+00  7.8162149e+02  1.00000e+06  7.14129e+02
1.683458003e+00  7.8377569e+02  1.00000e+06  7.16275e+02
1.684299732e+00  7.8621423e+02  1.00000e+06  7.18707e+02
1.685141882e+00  7.8882333e+02  1.00000e+06  7.21308e+02
1.685984452e+00  7.9148359e+02  1.00000e+06  7.23961e+02
1.686827445e+00  7.9408401e+02  1.00000e+06  7.26554e+02
1.687670858e+00  7.9653953e+02  1.00000e+06  7.29002e+02
1.688514694e+00  7.9880638e+02  1.00000e+06  7.31262e+02
1.689358951e+00  8.0088801e+02  1.00000e+06  7.33336e+02
1.690203631e+00  8.0282766e+02  1.00000e+06  7.35269e+02
1.691048732e+00  8.0468828e+02  1.00000e+06  7.37122e+02
1.691894257e+00  8.0652697e+02  1.00000e+06  7.38953e+02
1.692740204e+00  8.0837020e+02  1.00000e+06  7.40789e+02
1.693586574e+00  8.1019884e+02  1.00000e+06  7.42610e+02
1.694433367e+00  8.1194673e+02  1.00000e+06  7.44351e+02
1.695280584e+00  8.1351439e+02  1.00000e+06  7.45911e+02
1.696128224e+00  8.1479501e+02  1.00000e+06  7.47185e+02
1.696976288e+00  8.1570710e+02  1.00000e+06  7.48089e+02
1.697824777e+00  8.1622500e+02  1.00000e+06  7.48600e+02
1.698673689e+00  8.1639857e+02  1.00000e+06  7.48766e+02
1.699523026e+00  8.1635368e+02  1.00000e+06  7.48714e+02
1.700372787e+00  8.1627220e+02  1.00000e+06  7.48625e+02
1.701222974e+00  8.1635411e+02  1.00000e+06  7.48700e+02
1.702073585e+00  8.1677527e+02  1.00000e+06  7.49114e+02
1.702924622e+00  8.1765320e+02  1.00000e+06  7.49984e+02
1.703776084e+00  8.1903304e+02  1.00000e+06  7.51357e+02
1.704627972e+00  8.2089809e+02  1.00000e+06  7.53215e+02
1.705480286e+00  8.2319848e+02  1.00000e+06  7.55508e+02
1.706333027e+00  8.2588557e+02  1.00000e+06  7.58188e+02
1.707186193e+00  8.2893749e+02  1.00000e+06  7.61232e+02
1.708039786e+00  8.3236867e+02  1.00000e+06  7.64656e+02
1.708893806e+00  8.3622034e+02  1.00000e+06  7.68501e+02
1.709748253e+00  8.4054296e+02  1.00000e+06  7.72816e+02
1.710603127e+00  8.4537628e+02  1.00000e+06  7.77642e+02
1.711458429e+00  8.5073747e+02  1.00000e+06  7.82996e+02
1.712314158e+00  8.5661551e+02  1.00000e+06  7.88867e+02
1.713170315e+00  8.6297303e+02  1.00000e+06  7.95217e+02
1.714026900e+00  8.6975065e+02  1.00000e+06  8.01988e+02
1.714883914e+00  8.7687459e+02  1.00000e+06  8.09104e+02
1.715741355e+00  8.8426795e+02  1.00000e+06  8.16490e+02
1.716599226e+00  8.9186502e+02  1.00000e+06  8.24080e+02
1.717457526e+00  8.9962334e+02  1.00000e+06  8.31831e+02
1.718316255e+00  9.0752851e+02  1.00000e+06  8.39729e+02
1.719175413e+00  9.1558571e+02  1.00000e+06  8.47779e+02
1.720035000e+00  9.2380038e+02  1.00000e+06  8.55987e+02
1.720895018e+00  9.3215433e+02  1.00000e+06  8.64333e+02
1.721755465e+00  9.4058888e+02  1.00000e+06  8.72761e+02
1.722616343e+00  9.4900301e+02  1.00000e+06  8.81168e+02
1.723477651e+00  9.5726702e+02  1.00000e+06  8.89425e+02
1.724339390e+00  9.6524622e+02  1.00000e+06  8.97397e+02
1.725201560e+00  9.7282307e+02  1.00000e+06  9.04966e+02
1.726064161e+00  9.7991124e+02  1.00000e+06  9.12047e+02
1.726927193e+00  9.8645695e+02  1.00000e+06  9.18586e+02
1.727790656e+00  9.9243214e+02  1.00000e+06  9.24554e+02
1.728654552e+00  9.9782442e+02  1.00000e+06  9.29939e+02
1.729518879e+00  1.0026300e+03  1.00000e+06  9.34737e+02
1.730383638e+00  1.0068528e+03  1.00000e+06  9.38953e+02
1.731248830e+00  1.0105075e+03  1.00000e+06  9.42601e+02
1.732114455e+00  1.0136256e+03  1.00000e+06  9.45712e+02
1.732980512e+00  1.0162583e+03  1.00000e+06  9.48337e+02
1.733847002e+00  1.0184793e+03  1.00000e+06  9.50551e+02
1.734713926e+00  1.0203851e+03  1.00000e+06  9.52450e+02
1.735581282e+00  1.0220960e+03  1.00000e+06  9.54153e+02
1.736449073e+00  1.0237569e+03  1.00000e+06  9.55807e+02
1.737317298e+00  1.0255369e+03  1.00000e+06  9.57580e+02
1.738185956e+00  1.0276234e+03  1.00000e+06  9.59659e+02
1.739055049e+00  1.0302086e+03  1.00000e+06  9.62238e+02
1.739924577e+00  1.0334635e+03  1.00000e+06  9.65485e+02
1.740794539e+00  1.0375048e+03  1.00000e+06  9.69519e+02
1.741664936e+00  1.0423597e+03  1.00000e+06  9.74367e+02
1.742535769e+00  1.0479404e+03  1.00000e+06  9.79941e+02
1.743407037e+00  1.0540393e+03  1.00000e+06  9.86033e+02
1.744278740e+00  1.0603542e+03  1.00000e+06  9.92341e+02
1.745150880e+00  1.0665406e+03  1.00000e+06  9.98520e+02
1.746023455e+00  1.0722798e+03  1.00000e+06  1.00425e+03
1.746896467e+00  1.0773427e+03  1.00000e+06  1.00931e+03
1.747769915e+00  1.0816305e+03  1.00000e+06  1.01359e+03
1.748643800e+00  1.0851789e+03  1.00000e+06  1.01713e+03
1.749518122e+00  1.0881256e+03  1.00000e+06  1.02007e+03
1.750392881e+00  1.0906524e+03  1.00000e+06  1.02259e+03
1.751268077e+00  1.0929248e+03  1.00000e+06  1.02485e+03
1.752143711e+00  1.0950475e+03  1.00000e+06  1.02697e+03
1.753019783e+00  1.0970538e+03  1.00000e+06  1.02897e+03
1.753896293e+00  1.0989270e+03  1.00000e+06  1.03084e+03
1.754773241e+00  1.1006448e+03  1.00000e+06  1.03255e+03
1.755650628e+00  1.1022261e+03  1.00000e+06  1.03412e+03
1.756528453e+00  1.1037588e+03  1.00000e+06  1.03565e+03
1.757406717e+00  1.1053985e+03  1.00000e+06  1.03728e+03
1.758285421e+00  1.1073373e+03  1.00000e+06  1.03921e+03
1.759164564e+00  1.1097586e+03  1.00000e+06  1.04163e+03
1.760044146e+00  1.1127939e+03  1.00000e+06  1.04465e+03
1.760924168e+00  1.1164966e+03  1.00000e+06  1.04835e+03
1.761804630e+00  1.1208351e+03  1.00000e+06  1.05268e+03
1.762685532e+00  1.1257023e+03  1.00000e+06  1.05754e+03
1.763566875e+00  1.1309318e+03  1.00000e+06  1.06276e+03
1.764448658e+00  1.1363171e+03  1.00000e+06  1.06814e+03
1.765330883e+00  1.1416352e+03  1.00000e+06  1.07345e+03
1.766213548e+00  1.1466750e+03  1.00000e+06  1.07849e+03
1.767096655e+00  1.1512704e+03  1.00000e+06  1.08307e+03
1.767980203e+00  1.1553289e+03  1.00000e+06  1.08713e+03
1.768864193e+00  1.1588428e+03  1.00000e+06  1.09063e+03
1.769748626e+00  1.1618771e+03  1.00000e+06  1.09366e+03
1.770633500e+00  1.1645340e+03  1.00000e+06  1.09631e+03
1.771518817e+00  1.1669106e+03  1.00000e+06  1.09868e+03
1.772404576e+00  1.1690667e+03  1.00000e+06  1.10083e+03
1.773290778e+00  1.1710179e+03  1.00000e+06  1.10277e+03
1.774177424e+00  1.1727576e+03  1.00000e+06  1.10451e+03
1.775064512e+00  1.1742933e+03  1.00000e+06  1.10603e+03
1.775952045e+00  1.1756799e+03  1.00000e+06  1.10741e+03
1.776840021e+00  1.1770288e+03  1.00000e+06  1.10876e+03
1.777728441e+00  1.1784869e+03  1.00000e+06  1.11021e+03
1.778617305e+00  1.1801921e+03  1.00000e+06  1.11191e+03
1.779506614e+00  1.1822205e+03  1.00000e+06  1.11393e+03
1.780396367e+00  1.1845509e+03  1.00000e+06  1.11625e+03
1.781286565e+00  1.1870592e+03  1.00000e+06  1.11875e+03
1.782177208e+00  1.1895518e+03  1.00000e+06  1.12124e+03
1.783068297e+00  1.1918256e+03  1.00000e+06  1.12350e+03
1.783959831e+00  1.1937349e+03  1.00000e+06  1.12541e+03
1.784851811e+00  1.1952408e+03  1.00000e+06  1.12691e+03
1.785744237e+00  1.1964235e+03  1.00000e+06  1.12808e+03
1.786637109e+00  1.1974511e+03  1.00000e+06  1.12910e+03
1.787530428e+00  1.1985179e+03  1.00000e+06  1.13016e+03
1.788424193e+00  1.1997750e+03  1.00000e+06  1.13141e+03
1.789318405e+00  1.2012808e+03  1.00000e+06  1.13291e+03
1.790213064e+00  1.2029900e+03  1.00000e+06  1.13461e+03
1.791108171e+00  1.2047844e+03  1.00000e+06  1.13640e+03
1.792003725e+00  1.2065292e+03  1.00000e+06  1.13814e+03
1.792899727e+00  1.2081328e+03  1.00000e+06  1.13974e+03
1.793796176e+00  1.2095844e+03  1.00000e+06  1.14118e+03
1.794693075e+00  1.2109566e+03  1.00000e+06  1.14255e+03
1.795590421e+00  1.2123747e+03  1.00000e+06  1.14396e+03
1.796488216e+00  1.2139660e+03  1.00000e+06  1.14554e+03
1.797386460e+00  1.2158132e+03  1.00000e+06  1.14738e+03
1.798285154e+00  1.2179271e+03  1.00000e+06  1.14949e+03
1.799184296e+00  1.2202497e+03  1.00000e+06  1.15180e+03
1.800083888e+00  1.2226779e+03  1.00000e+06  1.15423e+03
1.800983930e+00  1.2250971e+03  1.00000e+06  1.15664e+03
1.801884422e+00  1.2274056e+03  1.00000e+06  1.15894e+03
1.802785364e+00  1.2295221e+03  1.00000e+06  1.16105e+03
1.803686757e+00  1.2313794e+03  1.00000e+06  1.16290e+03
1.804588601e+00  1.2329144e+03  1.00000e+06  1.16443e+03
1.805490895e+00  1.2340664e+03  1.00000e+06  1.16557e+03
1.806393640e+00  1.2347904e+03  1.00000e+06  1.16629e+03
1.807296837e+00  1.2350809e+03  1.00000e+06  1.16657e+03
1.808200486e+00  1.2349971e+03  1.00000e+06  1.16648e+03
1.809104586e+00  1.2346749e+03  1.00000e+06  1.16615e+03
1.810009138e+00  1.2343171e+03  1.00000e+06  1.16579e+03
1.810914143e+00  1.2341604e+03  1.00000e+06  1.16563e+03
1.811819600e+00  1.2344248e+03  1.00000e+06  1.16588e+03
1.812725509e+00  1.2352585e+03  1.00000e+06  1.16671e+03
1.813631872e+00  1.2366959e+03  1.00000e+06  1.16814e+03
1.814538688e+00  1.2386400e+03  1.00000e+06  1.17008e+03
1.815445958e+00  1.2408784e+03  1.00000e+06  1.17231e+03
1.816353681e+00  1.2431299e+03  1.00000e+06  1.17456e+03
1.817261857e+00  1.2451085e+03  1.00000e+06  1.17653e+03
1.818170488e+00  1.2465900e+03  1.00000e+06  1.17800e+03
1.819079574e+00  1.2474594e+03  1.00000e+06  1.17886e+03
1.819989113e+00  1.2477294e+03  1.00000e+06  1.17913e+03
1.820899108e+00  1.2475255e+03  1.00000e+06  1.17892e+03
1.821809557e+00  1.2470446e+03  1.00000e+06  1.17843e+03
1.822720462e+00  1.2465036e+03  1.00000e+06  1.17788e+03
1.823631822e+00  1.2460920e+03  1.00000e+06  1.17746e+03
1.824543638e+00  1.2459440e+03  1.00000e+06  1.17731e+03
1.825455910e+00  1.2461301e+03  1.00000e+06  1.17749e+03
1.826368638e+00  1.2466660e+03  1.00000e+06  1.17802e+03
1.827281822e+00  1.2475277e+03  1.00000e+06  1.17887e+03
1.828195463e+00  1.2486654e+03  1.00000e+06  1.18000e+03
1.829109561e+00  1.2500120e+03  1.00000e+06  1.18134e+03
1.830024116e+00  1.2514882e+03  1.00000e+06  1.18281e+03
1.830939128e+00  1.2530071e+03  1.00000e+06  1.18432e+03
1.831854597e+00  1.2544832e+03  1.00000e+06  1.18579e+03
1.832770525e+00  1.2558440e+03  1.00000e+06  1.18715e+03
1.833686910e+00  1.2570433e+03  1.00000e+06  1.18834e+03
1.834603753e+00  1.2580700e+03  1.00000e+06  1.18936e+03
1.835521055e+00  1.2589494e+03  1.00000e+06  1.19023e+03
1.836438816e+00  1.2597363e+03  1.00000e+06  1.19101e+03
1.837357035e+00  1.2605006e+03  1.00000e+06  1.19177e+03
1.838275714e+00  1.2613089e+03  1.00000e+06  1.19257e+03
1.839194852e+00  1.2622077e+03  1.00000e+06  1.19346e+03
1.840114449e+00  1.2632115e+03  1.00000e+06  1.19446e+03
1.841034506e+00  1.2643004e+03  1.00000e+06  1.19554e+03
1.841955024e+00  1.2654256e+03  1.00000e+06  1.19666e+03
1.842876001e+00  1.2665230e+03  1.00000e+06  1.19775e+03
1.843797439e+00  1.2675289e+03  1.00000e+06  1.19875e+03
1.844719338e+00  1.2683954e+03  1.00000e+06  1.19961e+03
1.845641697e+00  1.2691012e+03  1.00000e+06  1.20031e+03
1.846564518e+00  1.2696567e+03  1.00000e+06  1.20086e+03
1.847487801e+00  1.2701021e+03  1.00000e+06  1.20130e+03
1.848411544e+00  1.2705014e+03  1.00000e+06  1.20169e+03
1.849335750e+00  1.2709324e+03  1.00000e+06  1.20212e+03
1.850260418e+00  1.2714740e+03  1.00000e+06  1.20265e+03
1.851185548e+00  1.2721942e+03  1.00000e+06  1.20336e+03
1.852111141e+00  1.2731381e+03  1.00000e+06  1.20430e+03
1.853037197e+00  1.2743195e+03  1.00000e+06  1.20548e+03
1.853963715e+00  1.2757156e+03  1.00000e+06  1.20687e+03
1.854890697e+00  1.2772689e+03  1.00000e+06  1.20841e+03
1.855818142e+00  1.2788952e+03  1.00000e+06  1.21003e+03
1.856746052e+00  1.2804975e+03  1.00000e+06  1.21163e+03
1.857674425e+00  1.2819828e+03  1.00000e+06  1.21311e+03
1.858603262e+00  1.2832776e+03  1.00000e+06  1.21440e+03
1.859532563e+00  1.2843385e+03  1.00000e+06  1.21545e+03
1.860462330e+00  1.2851552e+03  1.00000e+06  1.21626e+03
1.861392561e+00  1.2857474e+03  1.00000e+06  1.21685e+03
1.862323257e+00  1.2861556e+03  1.00000e+06  1.21725e+03
1.863254419e+00  1.2864306e+03  1.00000e+06  1.21752e+03
1.864186046e+00  1.2866238e+03  1.00000e+06  1.21770e+03
1.865118139e+00  1.2867791e+03  1.00000e+06  1.21785e+03
1.866050698e+00  1.2869288e+03  1.00000e+06  1.21799e+03
1.866983723e+00  1.2870919e+03  1.00000e+06  1.21815e+03
1.867917215e+00  1.2872749e+03  1.00000e+06  1.21833e+03
1.868851174e+00  1.2874744e+03  1.00000e+06  1.21852e+03
1.869785599e+00  1.2876788e+03  1.00000e+06  1.21872e+03
1.870720492e+00  1.2878702e+03  1.00000e+06  1.21890e+03
1.871655853e+00  1.2880248e+03  1.00000e+06  1.21905e+03
1.872591680e+00  1.2881139e+03  1.00000e+06  1.21913e+03
1.873527976e+00  1.2881051e+03  1.00000e+06  1.21912e+03
1.874464740e+00  1.2879675e+03  1.00000e+06  1.21897e+03
1.875401973e+00  1.2876785e+03  1.00000e+06  1.21868e+03
1.876339674e+00  1.2872331e+03  1.00000e+06  1.21823e+03
1.877277843e+00  1.2866503e+03  1.00000e+06  1.21764e+03
1.878216482e+00  1.2859758e+03  1.00000e+06  1.21696e+03
1.879155591e+00  1.2852774e+03  1.00000e+06  1.21625e+03
1.880095168e+00  1.2846341e+03  1.00000e+06  1.21560e+03
1.881035216e+00  1.2841207e+03  1.00000e+06  1.21508e+03
1.881975734e+00  1.2837924e+03  1.00000e+06  1.21475e+03
1.882916722e+00  1.2836725e+03  1.00000e+06  1.21462e+03
1.883858180e+00  1.2837463e+03  1.00000e+06  1.21469e+03
1.884800109e+00  1.2839631e+03  1.00000e+06  1.21490e+03
1.885742509e+00  1.2842432e+03  1.00000e+06  1.21517e+03
1.886685380e+00  1.2844919e+03  1.00000e+06  1.21541e+03
1.887628723e+00  1.2846151e+03  1.00000e+06  1.21553e+03
1.888572537e+00  1.2845377e+03  1.00000e+06  1.21545e+03
1.889516824e+00  1.2842185e+03  1.00000e+06  1.21512e+03
1.890461582e+00  1.2836597e+03  1.00000e+06  1.21456e+03
1.891406813e+00  1.2829079e+03  1.00000e+06  1.21380e+03
1.892352516e+00  1.2820432e+03  1.00000e+06  1.21293e+03
1.893298692e+00  1.2811617e+03  1.00000e+06  1.21204e+03
1.894245342e+00  1.2803513e+03  1.00000e+06  1.21122e+03
1.895192464e+00  1.2796722e+03  1.00000e+06  1.21054e+03
1.896140061e+00  1.2791429e+03  1.00000e+06  1.21000e+03
1.897088131e+00  1.2787361e+03  1.00000e+06  1.20959e+03
1.898036675e+00  1.2783841e+03  1.00000e+06  1.20923e+03
1.898985693e+00  1.2779909e+03  1.00000e+06  1.20883e+03
1.899935186e+00  1.2774492e+03  1.00000e+06  1.20828e+03
1.900885154e+00  1.2766627e+03  1.00000e+06  1.20749e+03
1.901835596e+00  1.2755693e+03  1.00000e+06  1.20639e+03
1.902786514e+00  1.2741628e+03  1.00000e+06  1.20497e+03
1.903737907e+00  1.2725053e+03  1.00000e+06  1.20331e+03
1.904689776e+00  1.2707230e+03  1.00000e+06  1.20152e+03
1.905642121e+00  1.2689820e+03  1.00000e+06  1.19977e+03
1.906594942e+00  1.2674505e+03  1.00000e+06  1.19824e+03
1.907548240e+00  1.2662587e+03  1.00000e+06  1.19704e+03
1.908502014e+00  1.2654722e+03  1.00000e+06  1.19625e+03
1.909456265e+00  1.2650907e+03  1.00000e+06  1.19586e+03
1.910410993e+00  1.2650700e+03  1.00000e+06  1.19583e+03
1.911366198e+00  1.2653565e+03  1.00000e+06  1.19611e+03
1.912321881e+00  1.2659178e+03  1.00000e+06  1.19667e+03
1.913278042e+00  1.2667537e+03  1.00000e+06  1.19749e+03
1.914234681e+00  1.2678851e+03  1.00000e+06  1.19862e+03
1.915191799e+00  1.2693274e+03  1.00000e+06  1.20006e+03
1.916149395e+00  1.2710630e+03  1.00000e+06  1.20179e+03
1.917107469e+00  1.2730269e+03  1.00000e+06  1.20374e+03
1.918066023e+00  1.2751128e+03  1.00000e+06  1.20582e+03
1.919025056e+00  1.2771972e+03  1.00000e+06  1.20790e+03
1.919984569e+00  1.2791735e+03  1.00000e+06  1.20987e+03
1.920944561e+00  1.2809832e+03  1.00000e+06  1.21167e+03
1.921905033e+00  1.2826339e+03  1.00000e+06  1.21332e+03
1.922865986e+00  1.2842007e+03  1.00000e+06  1.21488e+03
1.923827419e+00  1.2858088e+03  1.00000e+06  1.21648e+03
1.924789332e+00  1.2876039e+03  1.00000e+06  1.21827e+03
1.925751727e+00  1.2897172e+03  1.00000e+06  1.22038e+03
1.926714603e+00  1.2922344e+03  1.00000e+06  1.22289e+03
1.927677960e+00  1.2951747e+03  1.00000e+06  1.22582e+03
1.928641799e+00  1.2984866e+03  1.00000e+06  1.22913e+03
1.929606120e+00  1.3020590e+03  1.00000e+06  1.23269e+03
1.930570923e+00  1.3057442e+03  1.00000e+06  1.23637e+03
1.931536209e+00  1.3093849e+03  1.00000e+06  1.24001e+03
1.932501977e+00  1.3128391e+03  1.00000e+06  1.24345e+03
1.933468228e+00  1.3159948e+03  1.00000e+06  1.24660e+03
1.934434962e+00  1.3187749e+03  1.00000e+06  1.24938e+03
1.935402179e+00  1.3211326e+03  1.00000e+06  1.25173e+03
1.936369880e+00  1.3230437e+03  1.00000e+06  1.25363e+03
1.937338065e+00  1.3244993e+03  1.00000e+06  1.25508e+03
1.938306734e+00  1.3255033e+03  1.00000e+06  1.25608e+03
1.939275888e+00  1.3260746e+03  1.00000e+06  1.25664e+03
1.940245526e+00  1.3262505e+03  1.00000e+06  1.25681e+03
1.941215648e+00  1.3260908e+03  1.00000e+06  1.25665e+03
1.942186256e+00  1.3256780e+03  1.00000e+06  1.25623e+03
1.943157349e+00  1.3251150e+03  1.00000e+06  1.25566e+03
1.944128928e+00  1.3245186e+03  1.00000e+06  1.25506e+03
1.945100993e+00  1.3240110e+03  1.00000e+06  1.25454e+03
1.946073543e+00  1.3237091e+03  1.00000e+06  1.25424e+03
1.947046580e+00  1.3237117e+03  1.00000e+06  1.25423e+03
1.948020103e+00  1.3240847e+03  1.00000e+06  1.25460e+03
1.948994113e+00  1.3248491e+03  1.00000e+06  1.25536e+03
1.949968610e+00  1.3259731e+03  1.00000e+06  1.25647e+03
1.950943595e+00  1.3273745e+03  1.00000e+06  1.25787e+03
1.951919066e+00  1.3289338e+03  1.00000e+06  1.25942e+03
1.952895026e+00  1.3305170e+03  1.00000e+06  1.26100e+03
1.953871473e+00  1.3320004e+03  1.00000e+06  1.26248e+03
1.954848409e+00  1.3332914e+03  1.00000e+06  1.26376e+03
1.955825833e+00  1.3343400e+03  1.00000e+06  1.26480e+03
1.956803746e+00  1.3351379e+03  1.00000e+06  1.26560e+03
1.957782148e+00  1.3357096e+03  1.00000e+06  1.26616e+03
1.958761039e+00  1.3360990e+03  1.00000e+06  1.26654e+03
1.959740420e+00  1.3363569e+03  1.00000e+06  1.26680e+03
1.960720290e+00  1.3365309e+03  1.00000e+06  1.26696e+03
1.961700650e+00  1.3366594e+03  1.00000e+06  1.26709e+03
1.962681500e+00  1.3367696e+03  1.00000e+06  1.26719e+03
1.963662841e+00  1.3368791e+03  1.00000e+06  1.26729e+03
1.964644673e+00  1.3370005e+03  1.00000e+06  1.26741e+03
1.965626995e+00  1.3371496e+03  1.00000e+06  1.26755e+03
1.966609808e+00  1.3373515e+03  1.00000e+06  1.26775e+03
1.967593113e+00  1.3376437e+03  1.00000e+06  1.26803e+03
1.968576910e+00  1.3380723e+03  1.00000e+06  1.26846e+03
1.969561198e+00  1.3386812e+03  1.00000e+06  1.26906e+03
1.970545979e+00  1.3394979e+03  1.00000e+06  1.26987e+03
1.971531252e+00  1.3405217e+03  1.00000e+06  1.27089e+03
1.972517017e+00  1.3417187e+03  1.00000e+06  1.27208e+03
1.973503276e+00  1.3430252e+03  1.00000e+06  1.27338e+03
1.974490028e+00  1.3443597e+03  1.00000e+06  1.27471e+03
1.975477273e+00  1.3456371e+03  1.00000e+06  1.27598e+03
1.976465011e+00  1.3467828e+03  1.00000e+06  1.27712e+03
1.977453244e+00  1.3477422e+03  1.00000e+06  1.27807e+03
1.978441970e+00  1.3484862e+03  1.00000e+06  1.27881e+03
1.979431191e+00  1.3490136e+03  1.00000e+06  1.27933e+03
1.980420907e+00  1.3493509e+03  1.00000e+06  1.27966e+03
1.981411117e+00  1.3495496e+03  1.00000e+06  1.27985e+03
1.982401823e+00  1.3496787e+03  1.00000e+06  1.27998e+03
1.983393024e+00  1.3498126e+03  1.00000e+06  1.28010e+03
1.984384720e+00  1.3500144e+03  1.00000e+06  1.28030e+03
1.985376913e+00  1.3503188e+03  1.00000e+06  1.28060e+03
1.986369601e+00  1.3507208e+03  1.00000e+06  1.28099e+03
1.987362786e+00  1.3511748e+03  1.00000e+06  1.28144e+03
1.988356467e+00  1.3516046e+03  1.00000e+06  1.28186e+03
1.989350646e+00  1.3519237e+03  1.00000e+06  1.28218e+03
1.990345321e+00  1.3520588e+03  1.00000e+06  1.28231e+03
1.991340494e+00  1.3519690e+03  1.00000e+06  1.28221e+03
1.992336164e+00  1.3516561e+03  1.00000e+06  1.28189e+03
1.993332332e+00  1.3511627e+03  1.00000e+06  1.28139e+03
1.994328998e+00  1.3505613e+03  1.00000e+06  1.28078e+03
1.995326163e+00  1.3499357e+03  1.00000e+06  1.28015e+03
1.996323826e+00  1.3493635e+03  1.00000e+06  1.27957e+03
1.997321988e+00  1.3489016e+03  1.00000e+06  1.27911e+03
1.998320649e+00  1.3485792e+03  1.00000e+06  1.27878e+03
1.999319809e+00  1.3483971e+03  1.00000e+06  1.27859e+03
2.000319469e+00  1.3483334e+03  1.00000e+06  1.27852e+03
2.001319629e+00  1.3483511e+03  1.00000e+06  1.27853e+03
2.002320288e+00  1.3484036e+03  1.00000e+06  1.27858e+03
2.003321449e+00  1.3484380e+03  1.00000e+06  1.27861e+03
2.004323109e+00  1.3483961e+03  1.00000e+06  1.27856e+03
2.005325271e+00  1.3482169e+03  1.00000e+06  1.27837e+03
2.006327933e+00  1.3478423e+03  1.00000e+06  1.27799e+03
2.007331097e+00  1.3472290e+03  1.00000e+06  1.27737e+03
2.008334763e+00  1.3463597e+03  1.00000e+06  1.27650e+03
2.009338930e+00  1.3452506e+03  1.00000e+06  1.27538e+03
2.010343600e+00  1.3439462e+03  1.00000e+06  1.27407e+03
2.011348772e+00  1.3425013e+03  1.00000e+06  1.27262e+03
2.012354446e+00  1.3409572e+03  1.00000e+06  1.27107e+03
2.013360623e+00  1.3393233e+03  1.00000e+06  1.26943e+03
2.014367304e+00  1.3375759e+03  1.00000e+06  1.26768e+03
2.015374487e+00  1.3356790e+03  1.00000e+06  1.26578e+03
2.016382174e+00  1.3336206e+03  1.00000e+06  1.26371e+03
2.017390366e+00  1.3314442e+03  1.00000e+06  1.26153e+03
2.018399061e+00  1.3292605e+03  1.00000e+06  1.25934e+03
2.019408260e+00  1.3272246e+03  1.00000e+06  1.25730e+03
2.020417964e+00  1.3254854e+03  1.00000e+06  1.25555e+03
2.021428173e+00  1.3241234e+03  1.00000e+06  1.25418e+03
2.022438887e+00  1.3231052e+03  1.00000e+06  1.25316e+03
2.023450107e+00  1.3222736e+03  1.00000e+06  1.25232e+03
2.024461832e+00  1.3213806e+03  1.00000e+06  1.25142e+03
2.025474063e+00  1.3201529e+03  1.00000e+06  1.25019e+03
2.026486800e+00  1.3183652e+03  1.00000e+06  1.24840e+03
2.027500043e+00  1.3158976e+03  1.00000e+06  1.24592e+03
2.028513793e+00  1.3127584e+03  1.00000e+06  1.24278e+03
2.029528050e+00  1.3090721e+03  1.00000e+06  1.23908e+03
2.030542814e+00  1.3050401e+03  1.00000e+06  1.23505e+03
2.031558086e+00  1.3008903e+03  1.00000e+06  1.23089e+03
2.032573865e+00  1.2968283e+03  1.00000e+06  1.22682e+03
2.033590152e+00  1.2929975e+03  1.00000e+06  1.22299e+03
2.034606947e+00  1.2894505e+03  1.00000e+06  1.21943e+03
2.035624250e+00  1.2861326e+03  1.00000e+06  1.21611e+03
2.036642062e+00  1.2828834e+03  1.00000e+06  1.21285e+03
2.037660383e+00  1.2794613e+03  1.00000e+06  1.20943e+03
2.038679214e+00  1.2755939e+03  1.00000e+06  1.20555e+03
2.039698553e+00  1.2710483e+03  1.00000e+06  1.20100e+03
2.040718402e+00  1.2657058e+03  1.00000e+06  1.19565e+03
2.041738762e+00  1.2596147e+03  1.00000e+06  1.18956e+03
2.042759631e+00  1.2530012e+03  1.00000e+06  1.18294e+03
2.043781011e+00  1.2462287e+03  1.00000e+06  1.17616e+03
2.044802901e+00  1.2397121e+03  1.00000e+06  1.16963e+03
2.045825303e+00  1.2338133e+03  1.00000e+06  1.16373e+03
2.046848215e+00  1.2287529e+03  1.00000e+06  1.15866e+03
2.047871640e+00  1.2245665e+03  1.00000e+06  1.15447e+03
2.048895575e+00  1.2211209e+03  1.00000e+06  1.15102e+03
2.049920023e+00  1.2181818e+03  1.00000e+06  1.14807e+03
2.050944983e+00  1.2155047e+03  1.00000e+06  1.14539e+03
2.051970456e+00  1.2129173e+03  1.00000e+06  1.14280e+03
2.052996441e+00  1.2103619e+03  1.00000e+06  1.14024e+03
2.054022939e+00  1.2078882e+03  1.00000e+06  1.13776e+03
2.055049951e+00  1.2056052e+03  1.00000e+06  1.13547e+03
2.056077476e+00  1.2036154e+03  1.00000e+06  1.13347e+03
2.057105514e+00  1.2019618e+03  1.00000e+06  1.13181e+03
2.058134067e+00  1.2006067e+03  1.00000e+06  1.13045e+03
2.059163134e+00  1.1994503e+03  1.00000e+06  1.12929e+03
2.060192716e+00  1.1983762e+03  1.00000e+06  1.12821e+03
2.061222812e+00  1.1973017e+03  1.00000e+06  1.12713e+03
2.062253423e+00  1.1962110e+03  1.00000e+06  1.12603e+03
2.063284550e+00  1.1951573e+03  1.00000e+06  1.12497e+03
2.064316192e+00  1.1942341e+03  1.00000e+06  1.12404e+03
2.065348350e+00  1.1935322e+03  1.00000e+06  1.12334e+03
2.066381025e+00  1.1931010e+03  1.00000e+06  1.12290e+03
2.067414215e+00  1.1929298e+03  1.00000e+06  1.12272e+03
2.068447922e+00  1.1929549e+03  1.00000e+06  1.12274e+03
2.069482146e+00  1.1930851e+03  1.00000e+06  1.12287e+03
2.070516887e+00  1.1932327e+03  1.00000e+06  1.12301e+03
2.071552146e+00  1.1933370e+03  1.00000e+06  1.12311e+03
2.072587922e+00  1.1933750e+03  1.00000e+06  1.12314e+03
2.073624216e+00  1.1933578e+03  1.00000e+06  1.12312e+03
2.074661028e+00  1.1933209e+03  1.00000e+06  1.12307e+03
2.075698358e+00  1.1933115e+03  1.00000e+06  1.12306e+03
2.076736208e+00  1.1933789e+03  1.00000e+06  1.12312e+03
2.077774576e+00  1.1935652e+03  1.00000e+06  1.12330e+03
2.078813463e+00  1.1938967e+03  1.00000e+06  1.12363e+03
2.079852870e+00  1.1943738e+03  1.00000e+06  1.12410e+03
2.080892796e+00  1.1949638e+03  1.00000e+06  1.12468e+03
2.081933243e+00  1.1955986e+03  1.00000e+06  1.12531e+03
2.082974209e+00  1.1961812e+03  1.00000e+06  1.12589e+03
2.084015696e+00  1.1966024e+03  1.00000e+06  1.12630e+03
2.085057704e+00  1.1967629e+03  1.00000e+06  1.12646e+03
2.086100233e+00  1.1965937e+03  1.00000e+06  1.12628e+03
2.087143283e+00  1.1960704e+03  1.00000e+06  1.12575e+03
2.088186855e+00  1.1952143e+03  1.00000e+06  1.12489e+03
2.089230948e+00  1.1940862e+03  1.00000e+06  1.12376e+03
2.090275564e+00  1.1927736e+03  1.00000e+06  1.12244e+03
2.091320701e+00  1.1913805e+03  1.00000e+06  1.12104e+03
2.092366362e+00  1.1900211e+03  1.00000e+06  1.11967e+03
2.093412545e+00  1.1888169e+03  1.00000e+06  1.11846e+03
2.094459251e+00  1.1878915e+03  1.00000e+06  1.11753e+03
2.095506481e+00  1.1873599e+03  1.00000e+06  1.11700e+03
2.096554234e+00  1.1873088e+03  1.00000e+06  1.11694e+03
2.097602511e+00  1.1877744e+03  1.00000e+06  1.11740e+03
2.098651312e+00  1.1887240e+03  1.00000e+06  1.11834e+03
2.099700638e+00  1.1900514e+03  1.00000e+06  1.11966e+03
2.100750488e+00  1.1915901e+03  1.00000e+06  1.12120e+03
2.101800864e+00  1.1931415e+03  1.00000e+06  1.12274e+03
2.102851764e+00  1.1945117e+03  1.00000e+06  1.12411e+03
2.103903190e+00  1.1955466e+03  1.00000e+06  1.12514e+03
2.104955142e+00  1.1961586e+03  1.00000e+06  1.12574e+03
2.106007619e+00  1.1963398e+03  1.00000e+06  1.12592e+03
2.107060623e+00  1.1961616e+03  1.00000e+06  1.12573e+03
2.108114153e+00  1.1957603e+03  1.00000e+06  1.12533e+03
2.109168210e+00  1.1953108e+03  1.00000e+06  1.12487e+03
2.110222794e+00  1.1949917e+03  1.00000e+06  1.12455e+03
2.111277906e+00  1.1949486e+03  1.00000e+06  1.12450e+03
2.112333545e+00  1.1952629e+03  1.00000e+06  1.12481e+03
2.113389712e+00  1.1959367e+03  1.00000e+06  1.12548e+03
2.114446406e+00  1.1968964e+03  1.00000e+06  1.12643e+03
2.115503630e+00  1.1980186e+03  1.00000e+06  1.12755e+03
2.116561381e+00  1.1991670e+03  1.00000e+06  1.12869e+03
2.117619662e+00  1.2002297e+03  1.00000e+06  1.12975e+03
2.118678472e+00  1.2011456e+03  1.00000e+06  1.13066e+03
2.119737811e+00  1.2019105e+03  1.00000e+06  1.13141e+03
2.120797680e+00  1.2025618e+03  1.00000e+06  1.13206e+03
2.121858079e+00  1.2031499e+03  1.00000e+06  1.13264e+03
2.122919008e+00  1.2037055e+03  1.00000e+06  1.13319e+03
2.123980467e+00  1.2042181e+03  1.00000e+06  1.13370e+03
2.125042458e+00  1.2046323e+03  1.00000e+06  1.13411e+03
2.126104979e+00  1.2048669e+03  1.00000e+06  1.13434e+03
2.127168031e+00  1.2048480e+03  1.00000e+06  1.13431e+03
2.128231615e+00  1.2045449e+03  1.00000e+06  1.13400e+03
2.129295731e+00  1.2039937e+03  1.00000e+06  1.13345e+03
2.130360379e+00  1.2032981e+03  1.00000e+06  1.13275e+03
2.131425559e+00  1.2026066e+03  1.00000e+06  1.13205e+03
2.132491272e+00  1.2020714e+03  1.00000e+06  1.13151e+03
2.133557518e+00  1.2018051e+03  1.00000e+06  1.13124e+03
2.134624296e+00  1.2018497e+03  1.00000e+06  1.13127e+03
2.135691609e+00  1.2021682e+03  1.00000e+06  1.13159e+03
2.136759454e+00  1.2026605e+03  1.00000e+06  1.13207e+03
2.137827834e+00  1.2031993e+03  1.00000e+06  1.13261e+03
2.138896748e+00  1.2036734e+03  1.00000e+06  1.13308e+03
2.139966196e+00  1.2040250e+03  1.00000e+06  1.13342e+03
2.141036180e+00  1.2042711e+03  1.00000e+06  1.13366e+03
2.142106698e+00  1.2045018e+03  1.00000e+06  1.13389e+03
2.143177751e+00  1.2048568e+03  1.00000e+06  1.13424e+03
2.144249340e+00  1.2054871e+03  1.00000e+06  1.13486e+03
2.145321465e+00  1.2065124e+03  1.00000e+06  1.13588e+03
2.146394125e+00  1.2079853e+03  1.00000e+06  1.13735e+03
2.147467322e+00  1.2098729e+03  1.00000e+06  1.13923e+03
2.148541056e+00  1.2120603e+03  1.00000e+06  1.14141e+03
2.149615327e+00  1.2143746e+03  1.00000e+06  1.14372e+03
2.150690134e+00  1.2166231e+03  1.00000e+06  1.14596e+03
2.151765479e+00  1.2186346e+03  1.00000e+06  1.14797e+03
2.152841362e+00  1.2202929e+03  1.00000e+06  1.14962e+03
2.153917783e+00  1.2215540e+03  1.00000e+06  1.15088e+03
2.154994742e+00  1.2224438e+03  1.00000e+06  1.15176e+03
2.156072239e+00  1.2230380e+03  1.00000e+06  1.15235e+03
2.157150275e+00  1.2234340e+03  1.00000e+06  1.15274e+03
2.158228850e+00  1.2237232e+03  1.00000e+06  1.15302e+03
2.159307965e+00  1.2239717e+03  1.00000e+06  1.15327e+03
2.160387619e+00  1.2242140e+03  1.00000e+06  1.15350e+03
2.161467812e+00  1.2244601e+03  1.00000e+06  1.15374e+03
2.162548546e+00  1.2247116e+03  1.00000e+06  1.15399e+03
2.163629821e+00  1.2249811e+03  1.00000e+06  1.15425e+03
2.164711636e+00  1.2253079e+03  1.00000e+06  1.15458e+03
2.165793991e+00  1.2257637e+03  1.00000e+06  1.15503e+03
2.166876888e+00  1.2264456e+03  1.00000e+06  1.15570e+03
2.167960327e+00  1.2274551e+03  1.00000e+06  1.15671e+03
2.169044307e+00  1.2288680e+03  1.00000e+06  1.15811e+03
2.170128829e+00  1.2307038e+03  1.00000e+06  1.15994e+03
2.171213893e+00  1.2329036e+03  1.00000e+06  1.16214e+03
2.172299500e+00  1.2353266e+03  1.00000e+06  1.16456e+03
2.173385650e+00  1.2377684e+03  1.00000e+06  1.16699e+03
2.174472343e+00  1.2400023e+03  1.00000e+06  1.16922e+03
2.175559579e+00  1.2418310e+03  1.00000e+06  1.17104e+03
2.176647359e+00  1.2431359e+03  1.00000e+06  1.17234e+03
2.177735683e+00  1.2439037e+03  1.00000e+06  1.17311e+03
2.178824551e+00  1.2442217e+03  1.00000e+06  1.17342e+03
2.179913963e+00  1.2442410e+03  1.00000e+06  1.17343e+03
2.181003920e+00  1.2441225e+03  1.00000e+06  1.17331e+03
2.182094422e+00  1.2439858e+03  1.00000e+06  1.17317e+03
2.183185469e+00  1.2438837e+03  1.00000e+06  1.17306e+03
2.184277062e+00  1.2438087e+03  1.00000e+06  1.17298e+03
2.185369200e+00  1.2437280e+03  1.00000e+06  1.17289e+03
2.186461885e+00  1.2436252e+03  1.00000e+06  1.17278e+03
2.187555116e+00  1.2435317e+03  1.00000e+06  1.17268e+03
2.188648893e+00  1.2435313e+03  1.00000e+06  1.17268e+03
2.189743218e+00  1.2437404e+03  1.00000e+06  1.17288e+03
2.190838089e+00  1.2442723e+03  1.00000e+06  1.17341e+03
2.191933508e+00  1.2452039e+03  1.00000e+06  1.17433e+03
2.193029475e+00  1.2465561e+03  1.00000e+06  1.17568e+03
2.194125990e+00  1.2482923e+03  1.00000e+06  1.17741e+03
2.195223053e+00  1.2503320e+03  1.00000e+06  1.17945e+03
2.196320664e+00  1.2525695e+03  1.00000e+06  1.18168e+03
2.197418825e+00  1.2548902e+03  1.00000e+06  1.18399e+03
2.198517534e+00  1.2571818e+03  1.00000e+06  1.18628e+03
2.199616793e+00  1.2593401e+03  1.00000e+06  1.18843e+03
2.200716601e+00  1.2612755e+03  1.00000e+06  1.19036e+03
2.201816960e+00  1.2629216e+03  1.00000e+06  1.19200e+03
2.202917868e+00  1.2642457e+03  1.00000e+06  1.19332e+03
2.204019327e+00  1.2652597e+03  1.00000e+06  1.19433e+03
2.205121337e+00  1.2660265e+03  1.00000e+06  1.19509e+03
2.206223897e+00  1.2666604e+03  1.00000e+06  1.19572e+03
2.207327009e+00  1.2673186e+03  1.00000e+06  1.19637e+03
2.208430673e+00  1.2681869e+03  1.00000e+06  1.19724e+03
2.209534888e+00  1.2694563e+03  1.00000e+06  1.19850e+03
2.210639656e+00  1.2712922e+03  1.00000e+06  1.20033e+03
2.211744975e+00  1.2737999e+03  1.00000e+06  1.20283e+03
2.212850848e+00  1.2769918e+03  1.00000e+06  1.20602e+03
2.213957273e+00  1.2807682e+03  1.00000e+06  1.20979e+03
2.215064252e+00  1.2849202e+03  1.00000e+06  1.21394e+03
2.216171784e+00  1.2891601e+03  1.00000e+06  1.21817e+03
2.217279870e+00  1.2931753e+03  1.00000e+06  1.22218e+03
2.218388510e+00  1.2966899e+03  1.00000e+06  1.22569e+03
2.219497704e+00  1.2995170e+03  1.00000e+06  1.22851e+03
2.220607453e+00  1.3015862e+03  1.00000e+06  1.23057e+03
2.221717757e+00  1.3029408e+03  1.00000e+06  1.23192e+03
2.222828616e+00  1.3037106e+03  1.00000e+06  1.23269e+03
2.223940030e+00  1.3040725e+03  1.00000e+06  1.23304e+03
2.225052000e+00  1.3042145e+03  1.00000e+06  1.23318e+03
2.226164526e+00  1.3043093e+03  1.00000e+06  1.23327e+03
2.227277608e+00  1.3045001e+03  1.00000e+06  1.23346e+03
2.228391247e+00  1.3048925e+03  1.00000e+06  1.23384e+03
2.229505443e+00  1.3055513e+03  1.00000e+06  1.23450e+03
2.230620195e+00  1.3064968e+03  1.00000e+06  1.23544e+03
2.231735505e+00  1.3077060e+03  1.00000e+06  1.23664e+03
2.232851373e+00  1.3091180e+03  1.00000e+06  1.23805e+03
2.233967799e+00  1.3106459e+03  1.00000e+06  1.23957e+03
2.235084783e+00  1.3121906e+03  1.00000e+06  1.24111e+03
2.236202325e+00  1.3136543e+03  1.00000e+06  1.24257e+03
2.237320426e+00  1.3149520e+03  1.00000e+06  1.24386e+03
2.238439087e+00  1.3160209e+03  1.00000e+06  1.24492e+03
2.239558306e+00  1.3168289e+03  1.00000e+06  1.24573e+03
2.240678085e+00  1.3173845e+03  1.00000e+06  1.24628e+03
2.241798424e+00  1.3177419e+03  1.00000e+06  1.24663e+03
2.242919324e+00  1.3179994e+03  1.00000e+06  1.24688e+03
2.244040783e+00  1.3182855e+03  1.00000e+06  1.24716e+03
2.245162804e+00  1.3187325e+03  1.00000e+06  1.24760e+03
2.246285385e+00  1.3194446e+03  1.00000e+06  1.24831e+03
2.247408528e+00  1.3204688e+03  1.00000e+06  1.24933e+03
2.248532232e+00  1.3217806e+03  1.00000e+06  1.25064e+03
2.249656498e+00  1.3232900e+03  1.00000e+06  1.25214e+03
2.250781326e+00  1.3248699e+03  1.00000e+06  1.25371e+03
2.251906717e+00  1.3263988e+03  1.00000e+06  1.25524e+03
2.253032670e+00  1.3278064e+03  1.00000e+06  1.25664e+03
2.254159187e+00  1.3291038e+03  1.00000e+06  1.25793e+03
2.255286266e+00  1.3303890e+03  1.00000e+06  1.25921e+03
2.256413909e+00  1.3318205e+03  1.00000e+06  1.26064e+03
2.257542116e+00  1.3335671e+03  1.00000e+06  1.26238e+03
2.258670887e+00  1.3357501e+03  1.00000e+06  1.26456e+03
2.259800223e+00  1.3383960e+03  1.00000e+06  1.26720e+03
2.260930123e+00  1.3414165e+03  1.00000e+06  1.27021e+03
2.262060588e+00  1.3446220e+03  1.00000e+06  1.27341e+03
2.263191618e+00  1.3477615e+03  1.00000e+06  1.27655e+03
2.264323214e+00  1.3505778e+03  1.00000e+06  1.27936e+03
2.265455376e+00  1.3528600e+03  1.00000e+06  1.28163e+03
2.266588103e+00  1.3544845e+03  1.00000e+06  1.28325e+03
2.267721397e+00  1.3554357e+03  1.00000e+06  1.28420e+03
2.268855258e+00  1.3558062e+03  1.00000e+06  1.28457e+03
2.269989686e+00  1.3557782e+03  1.00000e+06  1.28453e+03
2.271124681e+00  1.3555872e+03  1.00000e+06  1.28434e+03
2.272260243e+00  1.3554740e+03  1.00000e+06  1.28422e+03
2.273396373e+00  1.3556352e+03  1.00000e+06  1.28437e+03
2.274533071e+00  1.3561833e+03  1.00000e+06  1.28492e+03
2.275670338e+00  1.3571329e+03  1.00000e+06  1.28586e+03
2.276808173e+00  1.3584184e+03  1.00000e+06  1.28714e+03
2.277946577e+00  1.3599444e+03  1.00000e+06  1.28866e+03
2.279085550e+00  1.3616527e+03  1.00000e+06  1.29036e+03
2.280225093e+00  1.3635886e+03  1.00000e+06  1.29229e+03
2.281365206e+00  1.3659414e+03  1.00000e+06  1.29464e+03
2.282505888e+00  1.3690429e+03  1.00000e+06  1.29774e+03
2.283647141e+00  1.3733200e+03  1.00000e+06  1.30201e+03
2.284788965e+00  1.3792041e+03  1.00000e+06  1.30789e+03
2.285931359e+00  1.3870195e+03  1.00000e+06  1.31570e+03
2.287074325e+00  1.3968750e+03  1.00000e+06  1.32555e+03
2.288217862e+00  1.4085892e+03  1.00000e+06  1.33726e+03
2.289361971e+00  1.4216743e+03  1.00000e+06  1.35034e+03
2.290506652e+00  1.4353869e+03  1.00000e+06  1.36405e+03
2.291651905e+00  1.4488400e+03  1.00000e+06  1.37749e+03
2.292797731e+00  1.4611481e+03  1.00000e+06  1.38980e+03
2.293944130e+00  1.4715704e+03  1.00000e+06  1.40021e+03
2.295091102e+00  1.4796154e+03  1.00000e+06  1.40825e+03
2.296238648e+00  1.4850871e+03  1.00000e+06  1.41372e+03
2.297386767e+00  1.4880683e+03  1.00000e+06  1.41670e+03
2.298535461e+00  1.4888569e+03  1.00000e+06  1.41748e+03
2.299684728e+00  1.4878800e+03  1.00000e+06  1.41650e+03
2.300834571e+00  1.4856096e+03  1.00000e+06  1.41422e+03
2.301984988e+00  1.4824982e+03  1.00000e+06  1.41111e+03
2.303135980e+00  1.4789409e+03  1.00000e+06  1.40754e+03
2.304287548e+00  1.4752602e+03  1.00000e+06  1.40386e+03
2.305439692e+00  1.4717072e+03  1.00000e+06  1.40030e+03
2.306592412e+00  1.4684703e+03  1.00000e+06  1.39706e+03
2.307745708e+00  1.4656856e+03  1.00000e+06  1.39427e+03
2.308899581e+00  1.4634463e+03  1.00000e+06  1.39202e+03
2.310054031e+00  1.4618131e+03  1.00000e+06  1.39038e+03
2.311209058e+00  1.4608277e+03  1.00000e+06  1.38939e+03
2.312364662e+00  1.4605300e+03  1.00000e+06  1.38909e+03
2.313520845e+00  1.4609726e+03  1.00000e+06  1.38953e+03
2.314677605e+00  1.4622275e+03  1.00000e+06  1.39078e+03
2.315834944e+00  1.4643735e+03  1.00000e+06  1.39292e+03
2.316992861e+00  1.4674650e+03  1.00000e+06  1.39600e+03
2.318151358e+00  1.4714855e+03  1.00000e+06  1.40002e+03
2.319310434e+00  1.4763046e+03  1.00000e+06  1.40483e+03
2.320470089e+00  1.4816575e+03  1.00000e+06  1.41018e+03
2.321630324e+00  1.4871599e+03  1.00000e+06  1.41568e+03
2.322791139e+00  1.4923622e+03  1.00000e+06  1.42088e+03
2.323952535e+00  1.4968265e+03  1.00000e+06  1.42534e+03
2.325114511e+00  1.5002055e+03  1.00000e+06  1.42871e+03
2.326277068e+00  1.5022988e+03  1.00000e+06  1.43080e+03
2.327440207e+00  1.5030723e+03  1.00000e+06  1.43157e+03
2.328603927e+00  1.5026398e+03  1.00000e+06  1.43113e+03
2.329768229e+00  1.5012185e+03  1.00000e+06  1.42970e+03
2.330933113e+00  1.4990750e+03  1.00000e+06  1.42755e+03
2.332098579e+00  1.4964778e+03  1.00000e+06  1.42495e+03
2.333264629e+00  1.4936653e+03  1.00000e+06  1.42213e+03
2.334431261e+00  1.4908306e+03  1.00000e+06  1.41929e+03
2.335598477e+00  1.4881197e+03  1.00000e+06  1.41658e+03
2.336766276e+00  1.4856356e+03  1.00000e+06  1.41409e+03
2.337934659e+00  1.4834462e+03  1.00000e+06  1.41189e+03
2.339103626e+00  1.4815905e+03  1.00000e+06  1.41003e+03
2.340273178e+00  1.4800843e+03  1.00000e+06  1.40852e+03
2.341443315e+00  1.4789250e+03  1.00000e+06  1.40736e+03
2.342614036e+00  1.4780946e+03  1.00000e+06  1.40652e+03
2.343785343e+00  1.4775619e+03  1.00000e+06  1.40598e+03
2.344957236e+00  1.4772845e+03  1.00000e+06  1.40570e+03
2.346129715e+00  1.4772125e+03  1.00000e+06  1.40562e+03
2.347302779e+00  1.4772963e+03  1.00000e+06  1.40570e+03
2.348476431e+00  1.4774995e+03  1.00000e+06  1.40590e+03
2.349650669e+00  1.4778141e+03  1.00000e+06  1.40621e+03
2.350825494e+00  1.4782729e+03  1.00000e+06  1.40666e+03
2.352000907e+00  1.4789506e+03  1.00000e+06  1.40734e+03
2.353176908e+00  1.4799508e+03  1.00000e+06  1.40833e+03
2.354353496e+00  1.4813798e+03  1.00000e+06  1.40976e+03
2.355530673e+00  1.4833150e+03  1.00000e+06  1.41169e+03
2.356708438e+00  1.4857777e+03  1.00000e+06  1.41414e+03
2.357886792e+00  1.4887206e+03  1.00000e+06  1.41708e+03
2.359065736e+00  1.4920311e+03  1.00000e+06  1.42039e+03
2.360245269e+00  1.4955495e+03  1.00000e+06  1.42390e+03
2.361425391e+00  1.4990942e+03  1.00000e+06  1.42744e+03
2.362606104e+00  1.5024855e+03  1.00000e+06  1.43083e+03
2.363787407e+00  1.5055640e+03  1.00000e+06  1.43390e+03
2.364969301e+00  1.5082025e+03  1.00000e+06  1.43653e+03
2.366151785e+00  1.5103121e+03  1.00000e+06  1.43864e+03
2.367334861e+00  1.5118478e+03  1.00000e+06  1.44017e+03
2.368518529e+00  1.5128119e+03  1.00000e+06  1.44113e+03
2.369702788e+00  1.5132582e+03  1.00000e+06  1.44157e+03
2.370887639e+00  1.5132912e+03  1.00000e+06  1.44160e+03
2.372073083e+00  1.5130574e+03  1.00000e+06  1.44136e+03
2.373259120e+00  1.5127298e+03  1.00000e+06  1.44103e+03
2.374445749e+00  1.5124836e+03  1.00000e+06  1.44077e+03
2.375632972e+00  1.5124699e+03  1.00000e+06  1.44076e+03
2.376820789e+00  1.5127925e+03  1.00000e+06  1.44107e+03
2.378009199e+00  1.5134926e+03  1.00000e+06  1.44177e+03
2.379198204e+00  1.5145447e+03  1.00000e+06  1.44282e+03
2.380387803e+00  1.5158635e+03  1.00000e+06  1.44413e+03
2.381577997e+00  1.5173200e+03  1.00000e+06  1.44558e+03
2.382768786e+00  1.5187631e+03  1.00000e+06  1.44702e+03
2.383960170e+00  1.5200430e+03  1.00000e+06  1.44829e+03
2.385152150e+00  1.5210331e+03  1.00000e+06  1.44928e+03
2.386344726e+00  1.5216457e+03  1.00000e+06  1.44989e+03
2.387537899e+00  1.5218418e+03  1.00000e+06  1.45008e+03
2.388731668e+00  1.5216327e+03  1.00000e+06  1.44986e+03
2.389926033e+00  1.5210760e+03  1.00000e+06  1.44930e+03
2.391120996e+00  1.5202678e+03  1.00000e+06  1.44849e+03
2.392316557e+00  1.5193325e+03  1.00000e+06  1.44755e+03
2.393512715e+00  1.5184102e+03  1.00000e+06  1.44662e+03
2.394709471e+00  1.5176413e+03  1.00000e+06  1.44585e+03
2.395906826e+00  1.5171493e+03  1.00000e+06  1.44535e+03
2.397104780e+00  1.5170231e+03  1.00000e+06  1.44522e+03
2.398303332e+00  1.5173044e+03  1.00000e+06  1.44550e+03
2.399502484e+00  1.5179842e+03  1.00000e+06  1.44617e+03
2.400702235e+00  1.5190099e+03  1.00000e+06  1.44719e+03
2.401902586e+00  1.5203009e+03  1.00000e+06  1.44848e+03
2.403103537e+00  1.5217679e+03  1.00000e+06  1.44994e+03
2.404305089e+00  1.5233289e+03  1.00000e+06  1.45150e+03
2.405507242e+00  1.5249193e+03  1.00000e+06  1.45308e+03
2.406709995e+00  1.5264942e+03  1.00000e+06  1.45465e+03
2.407913350e+00  1.5280269e+03  1.00000e+06  1.45618e+03
2.409117307e+00  1.5295057e+03  1.00000e+06  1.45765e+03
2.410321866e+00  1.5309317e+03  1.00000e+06  1.45907e+03
2.411527027e+00  1.5323174e+03  1.00000e+06  1.46045e+03
2.412732790e+00  1.5336844e+03  1.00000e+06  1.46182e+03
2.413939156e+00  1.5350584e+03  1.00000e+06  1.46319e+03
2.415146126e+00  1.5364618e+03  1.00000e+06  1.46458e+03
2.416353699e+00  1.5379051e+03  1.00000e+06  1.46602e+03
2.417561876e+00  1.5393810e+03  1.00000e+06  1.46749e+03
2.418770657e+00  1.5408655e+03  1.00000e+06  1.46897e+03
2.419980042e+00  1.5423252e+03  1.00000e+06  1.47043e+03
2.421190032e+00  1.5437316e+03  1.00000e+06  1.47183e+03
2.422400627e+00  1.5450746e+03  1.00000e+06  1.47317e+03
2.423611828e+00  1.5463720e+03  1.00000e+06  1.47446e+03
2.424823633e+00  1.5476680e+03  1.00000e+06  1.47575e+03
2.426036045e+00  1.5490229e+03  1.00000e+06  1.47710e+03
2.427249063e+00  1.5504945e+03  1.00000e+06  1.47857e+03
2.428462688e+00  1.5521204e+03  1.00000e+06  1.48019e+03
2.429676919e+00  1.5539055e+03  1.00000e+06  1.48197e+03
2.430891758e+00  1.5558208e+03  1.00000e+06  1.48388e+03
2.432107204e+00  1.5578127e+03  1.00000e+06  1.48587e+03
2.433323257e+00  1.5598182e+03  1.00000e+06  1.48787e+03
2.434539919e+00  1.5617815e+03  1.00000e+06  1.48982e+03
2.435757189e+00  1.5636638e+03  1.00000e+06  1.49170e+03
2.436975067e+00  1.5654451e+03  1.00000e+06  1.49348e+03
2.438193555e+00  1.5671183e+03  1.00000e+06  1.49515e+03
2.439412652e+00  1.5686806e+03  1.00000e+06  1.49670e+03
2.440632358e+00  1.5701261e+03  1.00000e+06  1.49815e+03
2.441852674e+00  1.5714441e+03  1.00000e+06  1.49946e+03
2.443073600e+00  1.5726216e+03  1.00000e+06  1.50063e+03
2.444295137e+00  1.5736482e+03  1.00000e+06  1.50165e+03
2.445517285e+00  1.5745209e+03  1.00000e+06  1.50252e+03
2.446740043e+00  1.5752461e+03  1.00000e+06  1.50324e+03
2.447963413e+00  1.5758400e+03  1.00000e+06  1.50383e+03
2.449187395e+00  1.5763272e+03  1.00000e+06  1.50431e+03
2.450411989e+00  1.5767408e+03  1.00000e+06  1.50472e+03
2.451637195e+00  1.5771210e+03  1.00000e+06  1.50510e+03
2.452863013e+00  1.5775132e+03  1.00000e+06  1.50548e+03
2.454089445e+00  1.5779635e+03  1.00000e+06  1.50593e+03
2.455316490e+00  1.5785127e+03  1.00000e+06  1.50647e+03
2.456544148e+00  1.5791901e+03  1.00000e+06  1.50715e+03
2.457772420e+00  1.5800086e+03  1.00000e+06  1.50796e+03
2.459001306e+00  1.5809651e+03  1.00000e+06  1.50891e+03
2.460230807e+00  1.5820410e+03  1.00000e+06  1.50998e+03
2.461460922e+00  1.5832070e+03  1.00000e+06  1.51114e+03
2.462691653e+00  1.5844263e+03  1.00000e+06  1.51236e+03
2.463922999e+00  1.5856585e+03  1.00000e+06  1.51359e+03
2.465154960e+00  1.5868623e+03  1.00000e+06  1.51478e+03
2.466387538e+00  1.5879989e+03  1.00000e+06  1.51592e+03
2.467620731e+00  1.5890354e+03  1.00000e+06  1.51695e+03
2.468854542e+00  1.5899473e+03  1.00000e+06  1.51786e+03
2.470088969e+00  1.5907210e+03  1.00000e+06  1.51862e+03
2.471324013e+00  1.5913538e+03  1.00000e+06  1.51925e+03
2.472559675e+00  1.5918535e+03  1.00000e+06  1.51975e+03
2.473795955e+00  1.5922369e+03  1.00000e+06  1.52013e+03
2.475032853e+00  1.5925276e+03  1.00000e+06  1.52041e+03
2.476270370e+00  1.5927542e+03  1.00000e+06  1.52063e+03
2.477508505e+00  1.5929480e+03  1.00000e+06  1.52082e+03
2.478747259e+00  1.5931411e+03  1.00000e+06  1.52101e+03
2.479986633e+00  1.5933631e+03  1.00000e+06  1.52123e+03
2.481226626e+00  1.5936386e+03  1.00000e+06  1.52150e+03
2.482467239e+00  1.5939840e+03  1.00000e+06  1.52184e+03
2.483708473e+00  1.5944063e+03  1.00000e+06  1.52226e+03
2.484950327e+00  1.5949036e+03  1.00000e+06  1.52275e+03
2.486192802e+00  1.5954678e+03  1.00000e+06  1.52331e+03
2.487435899e+00  1.5960880e+03  1.00000e+06  1.52392e+03
2.488679617e+00  1.5967531e+03  1.00000e+06  1.52458e+03
2.489923957e+00  1.5974527e+03  1.00000e+06  1.52528e+03
2.491168919e+00  1.5981745e+03  1.00000e+06  1.52600e+03
2.492414503e+00  1.5989008e+03  1.00000e+06  1.52672e+03
2.493660710e+00  1.5996066e+03  1.00000e+06  1.52742e+03
2.494907541e+00  1.6002602e+03  1.00000e+06  1.52807e+03
2.496154994e+00  1.6008270e+03  1.00000e+06  1.52863e+03
2.497403072e+00  1.6012767e+03  1.00000e+06  1.52907e+03
2.498651773e+00  1.6015895e+03  1.00000e+06  1.52938e+03
2.499901099e+00  1.6017611e+03  1.00000e+06  1.52955e+03
2.501151050e+00  1.6018040e+03  1.00000e+06  1.52959e+03
2.502401625e+00  1.6017457e+03  1.00000e+06  1.52952e+03
2.503652826e+00  1.6016242e+03  1.00000e+06  1.52940e+03
2.504904653e+00  1.6014836e+03  1.00000e+06  1.52925e+03
2.506157105e+00  1.6013680e+03  1.00000e+06  1.52913e+03
2.507410183e+00  1.6013181e+03  1.00000e+06  1.52908e+03
2.508663889e+00  1.6013663e+03  1.00000e+06  1.52912e+03
2.509918221e+00  1.6015340e+03  1.00000e+06  1.52928e+03
2.511173180e+00  1.6018290e+03  1.00000e+06  1.52958e+03
2.512428766e+00  1.6022453e+03  1.00000e+06  1.52999e+03
2.513684981e+00  1.6027637e+03  1.00000e+06  1.53050e+03
2.514941823e+00  1.6033557e+03  1.00000e+06  1.53109e+03
2.516199294e+00  1.6039886e+03  1.00000e+06  1.53172e+03
2.517457394e+00  1.6046310e+03  1.00000e+06  1.53235e+03
2.518716122e+00  1.6052578e+03  1.00000e+06  1.53298e+03
2.519975480e+00  1.6058528e+03  1.00000e+06  1.53357e+03
2.521235468e+00  1.6064085e+03  1.00000e+06  1.53412e+03
2.522496086e+00  1.6069244e+03  1.00000e+06  1.53463e+03
2.523757334e+00  1.6074042e+03  1.00000e+06  1.53510e+03
2.525019213e+00  1.6078527e+03  1.00000e+06  1.53555e+03
2.526281722e+00  1.6082750e+03  1.00000e+06  1.53596e+03
2.527544863e+00  1.6086758e+03  1.00000e+06  1.53636e+03
2.528808636e+00  1.6090600e+03  1.00000e+06  1.53674e+03
2.530073040e+00  1.6094333e+03  1.00000e+06  1.53711e+03
2.531338076e+00  1.6098024e+03  1.00000e+06  1.53747e+03
2.532603745e+00  1.6101741e+03  1.00000e+06  1.53784e+03
2.533870047e+00  1.6105541e+03  1.00000e+06  1.53822e+03
2.535136982e+00  1.6109460e+03  1.00000e+06  1.53860e+03
2.536404551e+00  1.6113505e+03  1.00000e+06  1.53900e+03
2.537672753e+00  1.6117656e+03  1.00000e+06  1.53941e+03
2.538941589e+00  1.6121882e+03  1.00000e+06  1.53983e+03
2.540211060e+00  1.6126149e+03  1.00000e+06  1.54025e+03
2.541481166e+00  1.6130446e+03  1.00000e+06  1.54068e+03
2.542751906e+00  1.6134781e+03  1.00000e+06  1.54111e+03
2.544023282e+00  1.6139189e+03  1.00000e+06  1.54154e+03
2.545295294e+00  1.6143719e+03  1.00000e+06  1.54199e+03
2.546567942e+00  1.6148432e+03  1.00000e+06  1.54246e+03
2.547841226e+00  1.6153394e+03  1.00000e+06  1.54295e+03
2.549115146e+00  1.6158676e+03  1.00000e+06  1.54347e+03
2.550389704e+00  1.6164354e+03  1.00000e+06  1.54404e+03
2.551664899e+00  1.6170485e+03  1.00000e+06  1.54465e+03
2.552940731e+00  1.6177079e+03  1.00000e+06  1.54530e+03
2.554217201e+00  1.6184054e+03  1.00000e+06  1.54599e+03
2.555494310e+00  1.6191211e+03  1.00000e+06  1.54670e+03
2.556772057e+00  1.6198228e+03  1.00000e+06  1.54740e+03
2.558050443e+00  1.6204718e+03  1.00000e+06  1.54805e+03
2.559329468e+00  1.6210304e+03  1.00000e+06  1.54860e+03
2.560609133e+00  1.6214723e+03  1.00000e+06  1.54904e+03
2.561889438e+00  1.6217887e+03  1.00000e+06  1.54935e+03
2.563170382e+00  1.6219913e+03  1.00000e+06  1.54955e+03
2.564451968e+00  1.6221080e+03  1.00000e+06  1.54966e+03
2.565734194e+00  1.6221753e+03  1.00000e+06  1.54972e+03
2.567017061e+00  1.6222299e+03  1.00000e+06  1.54977e+03
2.568300569e+00  1.6223020e+03  1.00000e+06  1.54984e+03
2.569584720e+00  1.6224115e+03  1.00000e+06  1.54994e+03
2.570869512e+00  1.6225685e+03  1.00000e+06  1.55010e+03
2.572154947e+00  1.6227754e+03  1.00000e+06  1.55030e+03
2.573441024e+00  1.6230306e+03  1.00000e+06  1.55055e+03
2.574727745e+00  1.6233313e+03  1.00000e+06  1.55085e+03
2.576015108e+00  1.6236762e+03  1.00000e+06  1.55119e+03
2.577303116e+00  1.6240651e+03  1.00000e+06  1.55157e+03
2.578591768e+00  1.6244978e+03  1.00000e+06  1.55200e+03
2.579881063e+00  1.6249713e+03  1.00000e+06  1.55247e+03
2.581171004e+00  1.6254759e+03  1.00000e+06  1.55297e+03
2.582461590e+00  1.6259944e+03  1.00000e+06  1.55348e+03
2.583752820e+00  1.6265025e+03  1.00000e+06  1.55398e+03
2.585044697e+00  1.6269732e+03  1.00000e+06  1.55445e+03
2.586337219e+00  1.6273837e+03  1.00000e+06  1.55486e+03
2.587630388e+00  1.6277221e+03  1.00000e+06  1.55519e+03
2.588924203e+00  1.6279929e+03  1.00000e+06  1.55546e+03
2.590218665e+00  1.6282168e+03  1.00000e+06  1.55568e+03
2.591513774e+00  1.6284281e+03  1.00000e+06  1.55588e+03
2.592809531e+00  1.6286661e+03  1.00000e+06  1.55612e+03
2.594105936e+00  1.6289670e+03  1.00000e+06  1.55641e+03
2.595402989e+00  1.6293548e+03  1.00000e+06  1.55680e+03
2.596700690e+00  1.6298362e+03  1.00000e+06  1.55727e+03
2.597999041e+00  1.6303983e+03  1.00000e+06  1.55783e+03
2.599298040e+00  1.6310112e+03  1.00000e+06  1.55844e+03
2.600597689e+00  1.6316329e+03  1.00000e+06  1.55906e+03
2.601897988e+00  1.6322173e+03  1.00000e+06  1.55964e+03
2.603198937e+00  1.6327226e+03  1.00000e+06  1.56014e+03
2.604500537e+00  1.6331188e+03  1.00000e+06  1.56053e+03
2.605802787e+00  1.6333921e+03  1.00000e+06  1.56080e+03
2.607105688e+00  1.6335467e+03  1.00000e+06  1.56095e+03
2.608409241e+00  1.6336019e+03  1.00000e+06  1.56100e+03
2.609713446e+00  1.6335862e+03  1.00000e+06  1.56098e+03
2.611018302e+00  1.6335301e+03  1.00000e+06  1.56092e+03
2.612323812e+00  1.6334603e+03  1.00000e+06  1.56084e+03
2.613629974e+00  1.6333952e+03  1.00000e+06  1.56077e+03
2.614936789e+00  1.6333450e+03  1.00000e+06  1.56072e+03
2.616244257e+00  1.6333146e+03  1.00000e+06  1.56068e+03
2.617552379e+00  1.6333075e+03  1.00000e+06  1.56067e+03
2.618861155e+00  1.6333295e+03  1.00000e+06  1.56069e+03
2.620170586e+00  1.6333896e+03  1.00000e+06  1.56074e+03
2.621480671e+00  1.6334976e+03  1.00000e+06  1.56085e+03
2.622791411e+00  1.6336603e+03  1.00000e+06  1.56101e+03
2.624102807e+00  1.6338772e+03  1.00000e+06  1.56122e+03
2.625414859e+00  1.6341389e+03  1.00000e+06  1.56148e+03
2.626727566e+00  1.6344279e+03  1.00000e+06  1.56176e+03
2.628040930e+00  1.6347244e+03  1.00000e+06  1.56205e+03
2.629354950e+00  1.6350129e+03  1.00000e+06  1.56234e+03
2.630669628e+00  1.6352879e+03  1.00000e+06  1.56261e+03
2.631984962e+00  1.6355576e+03  1.00000e+06  1.56287e+03
2.633300955e+00  1.6358422e+03  1.00000e+06  1.56315e+03
2.634617605e+00  1.6361701e+03  1.00000e+06  1.56348e+03
2.635934914e+00  1.6365701e+03  1.00000e+06  1.56387e+03
2.637252882e+00  1.6370653e+03  1.00000e+06  1.56436e+03
2.638571508e+00  1.6376683e+03  1.00000e+06  1.56496e+03
2.639890794e+00  1.6383792e+03  1.00000e+06  1.56567e+03
2.641210739e+00  1.6391868e+03  1.00000e+06  1.56647e+03
2.642531345e+00  1.6400714e+03  1.00000e+06  1.56735e+03
2.643852610e+00  1.6410075e+03  1.00000e+06  1.56828e+03
2.645174537e+00  1.6419657e+03  1.00000e+06  1.56924e+03
2.646497124e+00  1.6429142e+03  1.00000e+06  1.57018e+03
2.647820372e+00  1.6438204e+03  1.00000e+06  1.57108e+03
2.649144283e+00  1.6446530e+03  1.00000e+06  1.57191e+03
2.650468855e+00  1.6453849e+03  1.00000e+06  1.57264e+03
2.651794089e+00  1.6459980e+03  1.00000e+06  1.57325e+03
2.653119986e+00  1.6464858e+03  1.00000e+06  1.57373e+03
2.654446546e+00  1.6468562e+03  1.00000e+06  1.57409e+03
2.655773770e+00  1.6471292e+03  1.00000e+06  1.57436e+03
2.657101656e+00  1.6473345e+03  1.00000e+06  1.57456e+03
2.658430207e+00  1.6475053e+03  1.00000e+06  1.57473e+03
2.659759422e+00  1.6476734e+03  1.00000e+06  1.57489e+03
2.661089302e+00  1.6478654e+03  1.00000e+06  1.57508e+03
2.662419847e+00  1.6481011e+03  1.00000e+06  1.57531e+03
2.663751057e+00  1.6483939e+03  1.00000e+06  1.57560e+03
2.665082932e+00  1.6487534e+03  1.00000e+06  1.57596e+03
2.666415474e+00  1.6491879e+03  1.00000e+06  1.57639e+03
2.667748681e+00  1.6497059e+03  1.00000e+06  1.57690e+03
2.669082556e+00  1.6503168e+03  1.00000e+06  1.57751e+03
2.670417097e+00  1.6510287e+03  1.00000e+06  1.57821e+03
2.671752306e+00  1.6518455e+03  1.00000e+06  1.57903e+03
2.673088182e+00  1.6527628e+03  1.00000e+06  1.57994e+03
2.674424726e+00  1.6537660e+03  1.00000e+06  1.58094e+03
2.675761938e+00  1.6548292e+03  1.00000e+06  1.58200e+03
2.677099819e+00  1.6559171e+03  1.00000e+06  1.58308e+03
2.678438369e+00  1.6569892e+03  1.00000e+06  1.58415e+03
2.679777588e+00  1.6580048e+03  1.00000e+06  1.58516e+03
2.681117477e+00  1.6589289e+03  1.00000e+06  1.58608e+03
2.682458036e+00  1.6597373e+03  1.00000e+06  1.58688e+03
2.683799265e+00  1.6604199e+03  1.00000e+06  1.58756e+03
2.685141164e+00  1.6609818e+03  1.00000e+06  1.58812e+03
2.686483735e+00  1.6614414e+03  1.00000e+06  1.58857e+03
2.687826977e+00  1.6618263e+03  1.00000e+06  1.58896e+03
2.689170890e+00  1.6621670e+03  1.00000e+06  1.58929e+03
2.690515476e+00  1.6624909e+03  1.00000e+06  1.58961e+03
2.691860734e+00  1.6628187e+03  1.00000e+06  1.58993e+03
2.693206664e+00  1.6631622e+03  1.00000e+06  1.59027e+03
2.694553267e+00  1.6635251e+03  1.00000e+06  1.59063e+03
2.695900544e+00  1.6639062e+03  1.00000e+06  1.59101e+03
2.697248494e+00  1.6643019e+03  1.00000e+06  1.59140e+03
2.698597118e+00  1.6647094e+03  1.00000e+06  1.59180e+03
2.699946417e+00  1.6651280e+03  1.00000e+06  1.59222e+03
2.701296390e+00  1.6655584e+03  1.00000e+06  1.59264e+03
2.702647038e+00  1.6660018e+03  1.00000e+06  1.59308e+03
2.703998362e+00  1.6664578e+03  1.00000e+06  1.59353e+03
2.705350361e+00  1.6669227e+03  1.00000e+06  1.59399e+03
2.706703036e+00  1.6673909e+03  1.00000e+06  1.59446e+03
2.708056388e+00  1.6678570e+03  1.00000e+06  1.59492e+03
2.709410416e+00  1.6683200e+03  1.00000e+06  1.59538e+03
2.710765121e+00  1.6687869e+03  1.00000e+06  1.59584e+03
2.712120504e+00  1.6692725e+03  1.00000e+06  1.59632e+03
2.713476564e+00  1.6697961e+03  1.00000e+06  1.59684e+03
2.714833302e+00  1.6703744e+03  1.00000e+06  1.59742e+03
2.716190719e+00  1.6710138e+03  1.00000e+06  1.59805e+03
2.717548814e+00  1.6717056e+03  1.00000e+06  1.59874e+03
2.718907589e+00  1.6724271e+03  1.00000e+06  1.59946e+03
2.720267042e+00  1.6731472e+03  1.00000e+06  1.60017e+03
2.721627176e+00  1.6738365e+03  1.00000e+06  1.60086e+03
2.722987990e+00  1.6744763e+03  1.00000e+06  1.60149e+03
2.724349484e+00  1.6750636e+03  1.00000e+06  1.60208e+03
2.725711658e+00  1.6756106e+03  1.00000e+06  1.60262e+03
2.727074514e+00  1.6761386e+03  1.00000e+06  1.60314e+03
2.728438051e+00  1.6766679e+03  1.00000e+06  1.60367e+03
2.729802270e+00  1.6772092e+03  1.00000e+06  1.60420e+03
2.731167172e+00  1.6777574e+03  1.00000e+06  1.60475e+03
2.732532755e+00  1.6782911e+03  1.00000e+06  1.60528e+03
2.733899021e+00  1.6787780e+03  1.00000e+06  1.60576e+03
2.735265971e+00  1.6791844e+03  1.00000e+06  1.60616e+03
2.736633604e+00  1.6794867e+03  1.00000e+06  1.60646e+03
2.738001921e+00  1.6796800e+03  1.00000e+06  1.60665e+03
2.739370922e+00  1.6797829e+03  1.00000e+06  1.60675e+03
2.740740607e+00  1.6798347e+03  1.00000e+06  1.60679e+03
2.742110978e+00  1.6798873e+03  1.00000e+06  1.60684e+03
2.743482033e+00  1.6799927e+03  1.00000e+06  1.60694e+03
2.744853774e+00  1.6801904e+03  1.00000e+06  1.60714e+03
2.746226201e+00  1.6804979e+03  1.00000e+06  1.60744e+03
2.747599314e+00  1.6809069e+03  1.00000e+06  1.60785e+03
2.748973114e+00  1.6813869e+03  1.00000e+06  1.60832e+03
2.750347600e+00  1.6818936e+03  1.00000e+06  1.60882e+03
2.751722774e+00  1.6823807e+03  1.00000e+06  1.60931e+03
2.753098635e+00  1.6828112e+03  1.00000e+06  1.60973e+03
2.754475185e+00  1.6831651e+03  1.00000e+06  1.61008e+03
2.755852422e+00  1.6834420e+03  1.00000e+06  1.61036e+03
2.757230349e+00  1.6836574e+03  1.00000e+06  1.61057e+03
2.758608964e+00  1.6838350e+03  1.00000e+06  1.61074e+03
2.759988268e+00  1.6839975e+03  1.00000e+06  1.61090e+03
2.761368262e+00  1.6841591e+03  1.00000e+06  1.61106e+03
2.762748946e+00  1.6843215e+03  1.00000e+06  1.61121e+03
2.764130321e+00  1.6844753e+03  1.00000e+06  1.61136e+03
2.765512386e+00  1.6846049e+03  1.00000e+06  1.61149e+03
2.766895142e+00  1.6846969e+03  1.00000e+06  1.61158e+03
2.768278590e+00  1.6847477e+03  1.00000e+06  1.61162e+03
2.769662729e+00  1.6847689e+03  1.00000e+06  1.61164e+03
2.771047561e+00  1.6847883e+03  1.00000e+06  1.61165e+03
2.772433084e+00  1.6848462e+03  1.00000e+06  1.61171e+03
2.773819301e+00  1.6849868e+03  1.00000e+06  1.61184e+03
2.775206210e+00  1.6852471e+03  1.00000e+06  1.61210e+03
2.776593814e+00  1.6856464e+03  1.00000e+06  1.61250e+03
2.777982111e+00  1.6861798e+03  1.00000e+06  1.61303e+03
2.779371102e+00  1.6868176e+03  1.00000e+06  1.61366e+03
2.780760787e+00  1.6875122e+03  1.00000e+06  1.61435e+03
2.782151168e+00  1.6882101e+03  1.00000e+06  1.61504e+03
2.783542243e+00  1.6888654e+03  1.00000e+06  1.61569e+03
2.784934014e+00  1.6894516e+03  1.00000e+06  1.61628e+03
2.786326481e+00  1.6899666e+03  1.00000e+06  1.61679e+03
2.787719644e+00  1.6904311e+03  1.00000e+06  1.61725e+03
2.789113504e+00  1.6908807e+03  1.00000e+06  1.61769e+03
2.790508061e+00  1.6913541e+03  1.00000e+06  1.61816e+03
2.791903315e+00  1.6918815e+03  1.00000e+06  1.61868e+03
2.793299267e+00  1.6924753e+03  1.00000e+06  1.61927e+03
2.794695916e+00  1.6931270e+03  1.00000e+06  1.61992e+03
2.796093264e+00  1.6938088e+03  1.00000e+06  1.62060e+03
2.797491311e+00  1.6944820e+03  1.00000e+06  1.62127e+03
2.798890057e+00  1.6951081e+03  1.00000e+06  1.62189e+03
2.800289502e+00  1.6956607e+03  1.00000e+06  1.62244e+03
2.801689646e+00  1.6961345e+03  1.00000e+06  1.62291e+03
2.803090491e+00  1.6965475e+03  1.00000e+06  1.62332e+03
2.804492036e+00  1.6969357e+03  1.00000e+06  1.62370e+03
2.805894282e+00  1.6973414e+03  1.00000e+06  1.62410e+03
2.807297230e+00  1.6977996e+03  1.00000e+06  1.62456e+03
2.808700878e+00  1.6983257e+03  1.00000e+06  1.62508e+03
2.810105229e+00  1.6989107e+03  1.00000e+06  1.62566e+03
2.811510281e+00  1.6995246e+03  1.00000e+06  1.62627e+03
2.812916036e+00  1.7001267e+03  1.00000e+06  1.62687e+03
2.814322494e+00  1.7006787e+03  1.00000e+06  1.62742e+03
2.815729656e+00  1.7011565e+03  1.00000e+06  1.62789e+03
2.817137521e+00  1.7015571e+03  1.00000e+06  1.62829e+03
2.818546089e+00  1.7018980e+03  1.00000e+06  1.62862e+03
2.819955362e+00  1.7022108e+03  1.00000e+06  1.62893e+03
2.821365340e+00  1.7025303e+03  1.00000e+06  1.62925e+03
2.822776023e+00  1.7028837e+03  1.00000e+06  1.62960e+03
2.824187411e+00  1.7032811e+03  1.00000e+06  1.62999e+03
2.825599504e+00  1.7037113e+03  1.00000e+06  1.63041e+03
2.827012304e+00  1.7041438e+03  1.00000e+06  1.63084e+03
2.828425810e+00  1.7045356e+03  1.00000e+06  1.63123e+03
2.829840023e+00  1.7048425e+03  1.00000e+06  1.63153e+03
2.831254943e+00  1.7050312e+03  1.00000e+06  1.63172e+03
2.832670571e+00  1.7050894e+03  1.00000e+06  1.63177e+03
2.834086906e+00  1.7050320e+03  1.00000e+06  1.63171e+03
2.835503949e+00  1.7048994e+03  1.00000e+06  1.63157e+03
2.836921701e+00  1.7047509e+03  1.00000e+06  1.63142e+03
2.838340162e+00  1.7046519e+03  1.00000e+06  1.63132e+03
2.839759332e+00  1.7046603e+03  1.00000e+06  1.63132e+03
2.841179212e+00  1.7048154e+03  1.00000e+06  1.63147e+03
2.842599802e+00  1.7051317e+03  1.00000e+06  1.63179e+03
2.844021101e+00  1.7055984e+03  1.00000e+06  1.63225e+03
2.845443112e+00  1.7061849e+03  1.00000e+06  1.63283e+03
2.846865834e+00  1.7068492e+03  1.00000e+06  1.63349e+03
2.848289267e+00  1.7075464e+03  1.00000e+06  1.63418e+03
2.849713411e+00  1.7082367e+03  1.00000e+06  1.63487e+03
2.851138268e+00  1.7088910e+03  1.00000e+06  1.63552e+03
2.852563837e+00  1.7094945e+03  1.00000e+06  1.63612e+03
2.853990119e+00  1.7100476e+03  1.00000e+06  1.63667e+03
2.855417114e+00  1.7105648e+03  1.00000e+06  1.63718e+03
2.856844823e+00  1.7110698e+03  1.00000e+06  1.63768e+03
2.858273245e+00  1.7115900e+03  1.00000e+06  1.63820e+03
2.859702382e+00  1.7121483e+03  1.00000e+06  1.63875e+03
2.861132233e+00  1.7127562e+03  1.00000e+06  1.63936e+03
2.862562799e+00  1.7134097e+03  1.00000e+06  1.64001e+03
2.863994080e+00  1.7140878e+03  1.00000e+06  1.64068e+03
2.865426077e+00  1.7147564e+03  1.00000e+06  1.64134e+03
2.866858790e+00  1.7153759e+03  1.00000e+06  1.64196e+03
2.868292220e+00  1.7159119e+03  1.00000e+06  1.64249e+03
2.869726366e+00  1.7163464e+03  1.00000e+06  1.64292e+03
2.871161229e+00  1.7166858e+03  1.00000e+06  1.64326e+03
2.872596810e+00  1.7169640e+03  1.00000e+06  1.64353e+03
2.874033108e+00  1.7172373e+03  1.00000e+06  1.64380e+03
2.875470125e+00  1.7175714e+03  1.00000e+06  1.64413e+03
2.876907860e+00  1.7180237e+03  1.00000e+06  1.64458e+03
2.878346314e+00  1.7186257e+03  1.00000e+06  1.64518e+03
2.879785487e+00  1.7193702e+03  1.00000e+06  1.64592e+03
2.881225379e+00  1.7202091e+03  1.00000e+06  1.64675e+03
2.882665992e+00  1.7210616e+03  1.00000e+06  1.64760e+03
2.884107325e+00  1.7218341e+03  1.00000e+06  1.64837e+03
2.885549379e+00  1.7224433e+03  1.00000e+06  1.64898e+03
2.886992154e+00  1.7228389e+03  1.00000e+06  1.64937e+03
2.888435650e+00  1.7230178e+03  1.00000e+06  1.64954e+03
2.889879867e+00  1.7230248e+03  1.00000e+06  1.64954e+03
2.891324807e+00  1.7229427e+03  1.00000e+06  1.64946e+03
2.892770470e+00  1.7228718e+03  1.00000e+06  1.64938e+03
2.894216855e+00  1.7229064e+03  1.00000e+06  1.64941e+03
2.895663963e+00  1.7231150e+03  1.00000e+06  1.64962e+03
2.897111795e+00  1.7235258e+03  1.00000e+06  1.65003e+03
2.898560351e+00  1.7241215e+03  1.00000e+06  1.65062e+03
2.900009631e+00  1.7248438e+03  1.00000e+06  1.65134e+03
2.901459636e+00  1.7256044e+03  1.00000e+06  1.65209e+03
2.902910366e+00  1.7263045e+03  1.00000e+06  1.65279e+03
2.904361821e+00  1.7268566e+03  1.00000e+06  1.65334e+03
2.905814002e+00  1.7272069e+03  1.00000e+06  1.65368e+03
2.907266909e+00  1.7273505e+03  1.00000e+06  1.65382e+03
2.908720543e+00  1.7273353e+03  1.00000e+06  1.65380e+03
2.910174903e+00  1.7272510e+03  1.00000e+06  1.65371e+03
2.911629990e+00  1.7272067e+03  1.00000e+06  1.65367e+03
2.913085805e+00  1.7273023e+03  1.00000e+06  1.65376e+03
2.914542348e+00  1.7276031e+03  1.00000e+06  1.65405e+03
2.915999619e+00  1.7281255e+03  1.00000e+06  1.65457e+03
2.917457619e+00  1.7288364e+03  1.00000e+06  1.65528e+03
2.918916348e+00  1.7296644e+03  1.00000e+06  1.65610e+03
2.920375806e+00  1.7305199e+03  1.00000e+06  1.65696e+03
2.921835994e+00  1.7313152e+03  1.00000e+06  1.65775e+03
2.923296912e+00  1.7319821e+03  1.00000e+06  1.65841e+03
2.924758561e+00  1.7324832e+03  1.00000e+06  1.65891e+03
2.926220940e+00  1.7328156e+03  1.00000e+06  1.65924e+03
2.927684050e+00  1.7330091e+03  1.00000e+06  1.65942e+03
2.929147892e+00  1.7331186e+03  1.00000e+06  1.65953e+03
2.930612466e+00  1.7332129e+03  1.00000e+06  1.65962e+03
2.932077773e+00  1.7333610e+03  1.00000e+06  1.65976e+03
2.933543811e+00  1.7336193e+03  1.00000e+06  1.66002e+03
2.935010583e+00  1.7340202e+03  1.00000e+06  1.66042e+03
2.936478089e+00  1.7345669e+03  1.00000e+06  1.66096e+03
2.937946328e+00  1.7352324e+03  1.00000e+06  1.66162e+03
2.939415301e+00  1.7359654e+03  1.00000e+06  1.66235e+03
2.940885009e+00  1.7367004e+03  1.00000e+06  1.66308e+03
2.942355451e+00  1.7373706e+03  1.00000e+06  1.66375e+03
2.943826629e+00  1.7379211e+03  1.00000e+06  1.66429e+03
2.945298542e+00  1.7383206e+03  1.00000e+06  1.66469e+03
2.946771191e+00  1.7385685e+03  1.00000e+06  1.66493e+03
2.948244577e+00  1.7386968e+03  1.00000e+06  1.66506e+03
2.949718699e+00  1.7387651e+03  1.00000e+06  1.66512e+03
2.951193559e+00  1.7388496e+03  1.00000e+06  1.66520e+03
2.952669155e+00  1.7390278e+03  1.00000e+06  1.66538e+03
2.954145490e+00  1.7393620e+03  1.00000e+06  1.66571e+03
2.955622563e+00  1.7398848e+03  1.00000e+06  1.66623e+03
2.957100374e+00  1.7405919e+03  1.00000e+06  1.66693e+03
2.958578924e+00  1.7414425e+03  1.00000e+06  1.66777e+03
2.960058214e+00  1.7423688e+03  1.00000e+06  1.66870e+03
2.961538243e+00  1.7432923e+03  1.00000e+06  1.66962e+03
2.963019012e+00  1.7441420e+03  1.00000e+06  1.67046e+03
2.964500521e+00  1.7448717e+03  1.00000e+06  1.67119e+03
2.965982772e+00  1.7454698e+03  1.00000e+06  1.67178e+03
2.967465763e+00  1.7459610e+03  1.00000e+06  1.67227e+03
2.968949496e+00  1.7463979e+03  1.00000e+06  1.67270e+03
2.970433971e+00  1.7468468e+03  1.00000e+06  1.67315e+03
2.971919188e+00  1.7473699e+03  1.00000e+06  1.67367e+03
2.973405147e+00  1.7480105e+03  1.00000e+06  1.67430e+03
2.974891850e+00  1.7487815e+03  1.00000e+06  1.67507e+03
2.976379296e+00  1.7496621e+03  1.00000e+06  1.67595e+03
2.977867485e+00  1.7506004e+03  1.00000e+06  1.67688e+03
2.979356419e+00  1.7515219e+03  1.00000e+06  1.67780e+03
2.980846097e+00  1.7523437e+03  1.00000e+06  1.67862e+03
2.982336520e+00  1.7529908e+03  1.00000e+06  1.67926e+03
2.983827689e+00  1.7534135e+03  1.00000e+06  1.67968e+03
2.985319602e+00  1.7536007e+03  1.00000e+06  1.67986e+03
2.986812262e+00  1.7535853e+03  1.00000e+06  1.67984e+03
2.988305668e+00  1.7534382e+03  1.00000e+06  1.67969e+03
2.989799821e+00  1.7532519e+03  1.00000e+06  1.67950e+03
2.991294721e+00  1.7531173e+03  1.00000e+06  1.67936e+03
2.992790368e+00  1.7531012e+03  1.00000e+06  1.67934e+03
2.994286764e+00  1.7532310e+03  1.00000e+06  1.67947e+03
2.995783907e+00  1.7534927e+03  1.00000e+06  1.67973e+03
2.997281799e+00  1.7538396e+03  1.00000e+06  1.68007e+03
2.998780440e+00  1.7542097e+03  1.00000e+06  1.68044e+03
3.000279830e+00  1.7545444e+03  1.00000e+06  1.68077e+03
3.001779970e+00  1.7548022e+03  1.00000e+06  1.68102e+03
3.003280860e+00  1.7549668e+03  1.00000e+06  1.68118e+03
3.004782500e+00  1.7550477e+03  1.00000e+06  1.68126e+03
3.006284892e+00  1.7550764e+03  1.00000e+06  1.68128e+03
3.007788034e+00  1.7551006e+03  1.00000e+06  1.68130e+03
3.009291928e+00  1.7551768e+03  1.00000e+06  1.68138e+03
3.010796574e+00  1.7553620e+03  1.00000e+06  1.68156e+03
3.012301972e+00  1.7557045e+03  1.00000e+06  1.68190e+03
3.013808123e+00  1.7562344e+03  1.00000e+06  1.68242e+03
3.015315027e+00  1.7569550e+03  1.00000e+06  1.68314e+03
3.016822685e+00  1.7578386e+03  1.00000e+06  1.68402e+03
3.018331096e+00  1.7588279e+03  1.00000e+06  1.68500e+03
3.019840262e+00  1.7598437e+03  1.00000e+06  1.68602e+03
3.021350182e+00  1.7607979e+03  1.00000e+06  1.68697e+03
3.022860857e+00  1.7616092e+03  1.00000e+06  1.68777e+03
3.024372288e+00  1.7622184e+03  1.00000e+06  1.68838e+03
3.025884474e+00  1.7625990e+03  1.00000e+06  1.68876e+03
3.027397416e+00  1.7627624e+03  1.00000e+06  1.68892e+03
3.028911115e+00  1.7627562e+03  1.00000e+06  1.68891e+03
3.030425570e+00  1.7626552e+03  1.00000e+06  1.68880e+03
3.031940783e+00  1.7625479e+03  1.00000e+06  1.68869e+03
3.033456753e+00  1.7625202e+03  1.00000e+06  1.68866e+03
3.034973482e+00  1.7626389e+03  1.00000e+06  1.68877e+03
3.036490968e+00  1.7629401e+03  1.00000e+06  1.68907e+03
3.038009214e+00  1.7634229e+03  1.00000e+06  1.68955e+03
3.039528219e+00  1.7640503e+03  1.00000e+06  1.69017e+03
3.041047983e+00  1.7647584e+03  1.00000e+06  1.69088e+03
3.042568507e+00  1.7654696e+03  1.00000e+06  1.69159e+03
3.044089791e+00  1.7661089e+03  1.00000e+06  1.69222e+03
3.045611836e+00  1.7666184e+03  1.00000e+06  1.69273e+03
3.047134642e+00  1.7669667e+03  1.00000e+06  1.69307e+03
3.048658209e+00  1.7671514e+03  1.00000e+06  1.69325e+03
3.050182538e+00  1.7671936e+03  1.00000e+06  1.69329e+03
3.051707629e+00  1.7671277e+03  1.00000e+06  1.69322e+03
3.053233483e+00  1.7669885e+03  1.00000e+06  1.69308e+03
3.054760100e+00  1.7668025e+03  1.00000e+06  1.69289e+03
3.056287480e+00  1.7665832e+03  1.00000e+06  1.69266e+03
3.057815624e+00  1.7663333e+03  1.00000e+06  1.69241e+03
3.059344532e+00  1.7660498e+03  1.00000e+06  1.69212e+03
3.060874204e+00  1.7657310e+03  1.00000e+06  1.69180e+03
3.062404641e+00  1.7653795e+03  1.00000e+06  1.69145e+03
3.063935843e+00  1.7650048e+03  1.00000e+06  1.69107e+03
3.065467811e+00  1.7646232e+03  1.00000e+06  1.69068e+03
3.067000545e+00  1.7642598e+03  1.00000e+06  1.69031e+03
3.068534045e+00  1.7639501e+03  1.00000e+06  1.69000e+03
3.070068312e+00  1.7637430e+03  1.00000e+06  1.68979e+03
3.071603347e+00  1.7636974e+03  1.00000e+06  1.68974e+03
3.073139148e+00  1.7638742e+03  1.00000e+06  1.68991e+03
3.074675718e+00  1.7643198e+03  1.00000e+06  1.69036e+03
3.076213056e+00  1.7650476e+03  1.00000e+06  1.69108e+03
3.077751162e+00  1.7660220e+03  1.00000e+06  1.69205e+03
3.079290038e+00  1.7671506e+03  1.00000e+06  1.69318e+03
3.080829683e+00  1.7682875e+03  1.00000e+06  1.69431e+03
3.082370098e+00  1.7692476e+03  1.00000e+06  1.69526e+03
3.083911283e+00  1.7698297e+03  1.00000e+06  1.69584e+03
3.085453238e+00  1.7698443e+03  1.00000e+06  1.69585e+03
3.086995965e+00  1.7691460e+03  1.00000e+06  1.69515e+03
3.088539463e+00  1.7676667e+03  1.00000e+06  1.69367e+03
3.090083733e+00  1.7654453e+03  1.00000e+06  1.69144e+03
3.091628774e+00  1.7626470e+03  1.00000e+06  1.68864e+03
3.093174589e+00  1.7595603e+03  1.00000e+06  1.68555e+03
3.094721176e+00  1.7565647e+03  1.00000e+06  1.68255e+03
3.096268537e+00  1.7540687e+03  1.00000e+06  1.68005e+03
3.097816671e+00  1.7524286e+03  1.00000e+06  1.67841e+03
3.099365579e+00  1.7518699e+03  1.00000e+06  1.67785e+03
3.100915262e+00  1.7524338e+03  1.00000e+06  1.67841e+03
3.102465720e+00  1.7539662e+03  1.00000e+06  1.67993e+03
3.104016953e+00  1.7561527e+03  1.00000e+06  1.68212e+03
3.105568961e+00  1.7585870e+03  1.00000e+06  1.68455e+03
3.107121746e+00  1.7608521e+03  1.00000e+06  1.68681e+03
3.108675306e+00  1.7625904e+03  1.00000e+06  1.68854e+03
3.110229644e+00  1.7635491e+03  1.00000e+06  1.68950e+03
3.111784759e+00  1.7635976e+03  1.00000e+06  1.68954e+03
3.113340651e+00  1.7627259e+03  1.00000e+06  1.68867e+03
3.114897322e+00  1.7610327e+03  1.00000e+06  1.68697e+03
3.116454770e+00  1.7587134e+03  1.00000e+06  1.68465e+03
3.118012998e+00  1.7560458e+03  1.00000e+06  1.68198e+03
3.119572004e+00  1.7533670e+03  1.00000e+06  1.67929e+03
3.121131790e+00  1.7510343e+03  1.00000e+06  1.67696e+03
3.122692356e+00  1.7493690e+03  1.00000e+06  1.67529e+03
3.124253702e+00  1.7485942e+03  1.00000e+06  1.67451e+03
3.125815829e+00  1.7487854e+03  1.00000e+06  1.67470e+03
3.127378737e+00  1.7498523e+03  1.00000e+06  1.67576e+03
3.128942426e+00  1.7515609e+03  1.00000e+06  1.67747e+03
3.130506898e+00  1.7535918e+03  1.00000e+06  1.67949e+03
3.132072151e+00  1.7556137e+03  1.00000e+06  1.68151e+03
3.133638187e+00  1.7573509e+03  1.00000e+06  1.68325e+03
3.135205006e+00  1.7586254e+03  1.00000e+06  1.68452e+03
3.136772609e+00  1.7593671e+03  1.00000e+06  1.68525e+03
3.138340995e+00  1.7595959e+03  1.00000e+06  1.68548e+03
3.139910166e+00  1.7593876e+03  1.00000e+06  1.68527e+03
3.141480121e+00  1.7588362e+03  1.00000e+06  1.68471e+03
3.143050861e+00  1.7580231e+03  1.00000e+06  1.68390e+03
3.144622386e+00  1.7569984e+03  1.00000e+06  1.68287e+03
3.146194697e+00  1.7557748e+03  1.00000e+06  1.68164e+03
3.147767795e+00  1.7543364e+03  1.00000e+06  1.68020e+03
3.149341679e+00  1.7526558e+03  1.00000e+06  1.67851e+03
3.150916349e+00  1.7507195e+03  1.00000e+06  1.67657e+03
3.152491808e+00  1.7485524e+03  1.00000e+06  1.67440e+03
3.154068053e+00  1.7462366e+03  1.00000e+06  1.67208e+03
3.155645088e+00  1.7439132e+03  1.00000e+06  1.66976e+03
3.157222910e+00  1.7417630e+03  1.00000e+06  1.66760e+03
3.158801521e+00  1.7399678e+03  1.00000e+06  1.66580e+03
3.160380922e+00  1.7386616e+03  1.00000e+06  1.66449e+03
3.161961113e+00  1.7378853e+03  1.00000e+06  1.66371e+03
3.163542093e+00  1.7375628e+03  1.00000e+06  1.66339e+03
3.165123864e+00  1.7375071e+03  1.00000e+06  1.66333e+03
3.166706426e+00  1.7374577e+03  1.00000e+06  1.66327e+03
3.168289779e+00  1.7371408e+03  1.00000e+06  1.66295e+03
3.169873924e+00  1.7363394e+03  1.00000e+06  1.66215e+03
3.171458861e+00  1.7349535e+03  1.00000e+06  1.66076e+03
3.173044591e+00  1.7330391e+03  1.00000e+06  1.65884e+03
3.174631113e+00  1.7308121e+03  1.00000e+06  1.65661e+03
3.176218429e+00  1.7286158e+03  1.00000e+06  1.65441e+03
3.177806538e+00  1.7268578e+03  1.00000e+06  1.65265e+03
3.179395441e+00  1.7259313e+03  1.00000e+06  1.65172e+03
3.180985139e+00  1.7261415e+03  1.00000e+06  1.65193e+03
3.182575631e+00  1.7276523e+03  1.00000e+06  1.65343e+03
3.184166919e+00  1.7304644e+03  1.00000e+06  1.65624e+03
3.185759003e+00  1.7344213e+03  1.00000e+06  1.66019e+03
3.187351882e+00  1.7392354e+03  1.00000e+06  1.66501e+03
3.188945558e+00  1.7445241e+03  1.00000e+06  1.67029e+03
3.190540031e+00  1.7498471e+03  1.00000e+06  1.67561e+03
3.192135301e+00  1.7547440e+03  1.00000e+06  1.68050e+03
3.193731369e+00  1.7587727e+03  1.00000e+06  1.68453e+03
3.195328234e+00  1.7615493e+03  1.00000e+06  1.68730e+03
3.196925898e+00  1.7627889e+03  1.00000e+06  1.68854e+03
3.198524361e+00  1.7623425e+03  1.00000e+06  1.68809e+03
3.200123623e+00  1.7602212e+03  1.00000e+06  1.68596e+03
3.201723685e+00  1.7566008e+03  1.00000e+06  1.68234e+03
3.203324547e+00  1.7518031e+03  1.00000e+06  1.67754e+03
3.204926209e+00  1.7462527e+03  1.00000e+06  1.67198e+03
3.206528673e+00  1.7404202e+03  1.00000e+06  1.66615e+03
3.208131937e+00  1.7347625e+03  1.00000e+06  1.66049e+03
3.209736003e+00  1.7296720e+03  1.00000e+06  1.65539e+03
3.211340871e+00  1.7254420e+03  1.00000e+06  1.65116e+03
3.212946541e+00  1.7222503e+03  1.00000e+06  1.64796e+03
3.214553015e+00  1.7201582e+03  1.00000e+06  1.64587e+03
3.216160291e+00  1.7191216e+03  1.00000e+06  1.64483e+03
3.217768371e+00  1.7190109e+03  1.00000e+06  1.64471e+03
3.219377255e+00  1.7196395e+03  1.00000e+06  1.64534e+03
3.220986944e+00  1.7207967e+03  1.00000e+06  1.64649e+03
3.222597437e+00  1.7222802e+03  1.00000e+06  1.64797e+03
3.224208736e+00  1.7239180e+03  1.00000e+06  1.64961e+03
3.225820841e+00  1.7255789e+03  1.00000e+06  1.65126e+03
3.227433751e+00  1.7271667e+03  1.00000e+06  1.65285e+03
3.229047468e+00  1.7286072e+03  1.00000e+06  1.65428e+03
3.230661992e+00  1.7298335e+03  1.00000e+06  1.65551e+03
3.232277323e+00  1.7307770e+03  1.00000e+06  1.65645e+03
3.233893461e+00  1.7313652e+03  1.00000e+06  1.65703e+03
3.235510408e+00  1.7315248e+03  1.00000e+06  1.65719e+03
3.237128163e+00  1.7311862e+03  1.00000e+06  1.65684e+03
3.238746727e+00  1.7302896e+03  1.00000e+06  1.65594e+03
3.240366101e+00  1.7287936e+03  1.00000e+06  1.65444e+03
3.241986284e+00  1.7266900e+03  1.00000e+06  1.65234e+03
3.243607277e+00  1.7240227e+03  1.00000e+06  1.64967e+03
3.245229080e+00  1.7209067e+03  1.00000e+06  1.64655e+03
3.246851695e+00  1.7175351e+03  1.00000e+06  1.64317e+03
3.248475121e+00  1.7141697e+03  1.00000e+06  1.63980e+03
3.250099358e+00  1.7111097e+03  1.00000e+06  1.63674e+03
3.251724408e+00  1.7086475e+03  1.00000e+06  1.63427e+03
3.253350270e+00  1.7070227e+03  1.00000e+06  1.63265e+03
3.254976945e+00  1.7063910e+03  1.00000e+06  1.63201e+03
3.256604434e+00  1.7068118e+03  1.00000e+06  1.63243e+03
3.258232736e+00  1.7082543e+03  1.00000e+06  1.63387e+03
3.259861852e+00  1.7106117e+03  1.00000e+06  1.63622e+03
3.261491783e+00  1.7137153e+03  1.00000e+06  1.63932e+03
3.263122529e+00  1.7173444e+03  1.00000e+06  1.64295e+03
3.264754091e+00  1.7212372e+03  1.00000e+06  1.64684e+03
3.266386468e+00  1.7251105e+03  1.00000e+06  1.65071e+03
3.268019661e+00  1.7286904e+03  1.00000e+06  1.65428e+03
3.269653671e+00  1.7317503e+03  1.00000e+06  1.65734e+03
3.271288497e+00  1.7341466e+03  1.00000e+06  1.65973e+03
3.272924142e+00  1.7358384e+03  1.00000e+06  1.66142e+03
3.274560604e+00  1.7368886e+03  1.00000e+06  1.66247e+03
3.276197884e+00  1.7374478e+03  1.00000e+06  1.66302e+03
3.277835983e+00  1.7377262e+03  1.00000e+06  1.66330e+03
3.279474901e+00  1.7379632e+03  1.00000e+06  1.66353e+03
3.281114638e+00  1.7383937e+03  1.00000e+06  1.66396e+03
3.282755196e+00  1.7392165e+03  1.00000e+06  1.66478e+03
3.284396573e+00  1.7405639e+03  1.00000e+06  1.66612e+03
3.286038772e+00  1.7424807e+03  1.00000e+06  1.66803e+03
3.287681791e+00  1.7449181e+03  1.00000e+06  1.67047e+03
3.289325632e+00  1.7477488e+03  1.00000e+06  1.67329e+03
3.290970295e+00  1.7508003e+03  1.00000e+06  1.67634e+03
3.292615780e+00  1.7538967e+03  1.00000e+06  1.67944e+03
3.294262088e+00  1.7568952e+03  1.00000e+06  1.68243e+03
3.295909219e+00  1.7597055e+03  1.00000e+06  1.68524e+03
3.297557173e+00  1.7622843e+03  1.00000e+06  1.68781e+03
3.299205952e+00  1.7646097e+03  1.00000e+06  1.69013e+03
3.300855555e+00  1.7666461e+03  1.00000e+06  1.69217e+03
3.302505983e+00  1.7683124e+03  1.00000e+06  1.69383e+03
3.304157236e+00  1.7694671e+03  1.00000e+06  1.69498e+03
3.305809314e+00  1.7699137e+03  1.00000e+06  1.69542e+03
3.307462219e+00  1.7694310e+03  1.00000e+06  1.69494e+03
3.309115950e+00  1.7678196e+03  1.00000e+06  1.69332e+03
3.310770508e+00  1.7649601e+03  1.00000e+06  1.69046e+03
3.312425893e+00  1.7608659e+03  1.00000e+06  1.68636e+03
3.314082106e+00  1.7557195e+03  1.00000e+06  1.68121e+03
3.315739147e+00  1.7498763e+03  1.00000e+06  1.67537e+03
3.317397017e+00  1.7438289e+03  1.00000e+06  1.66932e+03
3.319055716e+00  1.7381390e+03  1.00000e+06  1.66362e+03
3.320715243e+00  1.7333513e+03  1.00000e+06  1.65883e+03
3.322375601e+00  1.7299127e+03  1.00000e+06  1.65539e+03
3.324036789e+00  1.7281170e+03  1.00000e+06  1.65359e+03
3.325698807e+00  1.7280830e+03  1.00000e+06  1.65355e+03
3.327361657e+00  1.7297613e+03  1.00000e+06  1.65523e+03
3.329025337e+00  1.7329578e+03  1.00000e+06  1.65842e+03
3.330689850e+00  1.7373630e+03  1.00000e+06  1.66282e+03
3.332355195e+00  1.7425825e+03  1.00000e+06  1.66804e+03
3.334021373e+00  1.7481730e+03  1.00000e+06  1.67362e+03
3.335688383e+00  1.7536892e+03  1.00000e+06  1.67914e+03
3.337356227e+00  1.7587436e+03  1.00000e+06  1.68419e+03
3.339024906e+00  1.7630647e+03  1.00000e+06  1.68851e+03
3.340694418e+00  1.7665387e+03  1.00000e+06  1.69198e+03
3.342364765e+00  1.7692121e+03  1.00000e+06  1.69465e+03
3.344035948e+00  1.7712491e+03  1.00000e+06  1.69668e+03
3.345707966e+00  1.7728504e+03  1.00000e+06  1.69828e+03
3.347380820e+00  1.7741606e+03  1.00000e+06  1.69958e+03
3.349054510e+00  1.7751987e+03  1.00000e+06  1.70062e+03
3.350729037e+00  1.7758395e+03  1.00000e+06  1.70126e+03
3.352404402e+00  1.7758583e+03  1.00000e+06  1.70127e+03
3.354080604e+00  1.7750210e+03  1.00000e+06  1.70043e+03
3.355757644e+00  1.7731921e+03  1.00000e+06  1.69860e+03
3.357435523e+00  1.7704176e+03  1.00000e+06  1.69582e+03
3.359114241e+00  1.7669560e+03  1.00000e+06  1.69236e+03
3.360793798e+00  1.7632448e+03  1.00000e+06  1.68864e+03
3.362474195e+00  1.7598122e+03  1.00000e+06  1.68521e+03
3.364155432e+00  1.7571599e+03  1.00000e+06  1.68255e+03
3.365837510e+00  1.7556519e+03  1.00000e+06  1.68104e+03
3.367520428e+00  1.7554389e+03  1.00000e+06  1.68082e+03
3.369204189e+00  1.7564362e+03  1.00000e+06  1.68182e+03
3.370888791e+00  1.7583582e+03  1.00000e+06  1.68373e+03
3.372574235e+00  1.7607957e+03  1.00000e+06  1.68617e+03
3.374260522e+00  1.7633111e+03  1.00000e+06  1.68868e+03
3.375947653e+00  1.7655287e+03  1.00000e+06  1.69089e+03
3.377635626e+00  1.7672002e+03  1.00000e+06  1.69256e+03
3.379324444e+00  1.7682373e+03  1.00000e+06  1.69360e+03
3.381014106e+00  1.7687102e+03  1.00000e+06  1.69407e+03
3.382704613e+00  1.7688165e+03  1.00000e+06  1.69417e+03
3.384395966e+00  1.7688273e+03  1.00000e+06  1.69418e+03
3.386088164e+00  1.7690188e+03  1.00000e+06  1.69436e+03
3.387781208e+00  1.7696011e+03  1.00000e+06  1.69494e+03
3.389475098e+00  1.7706615e+03  1.00000e+06  1.69600e+03
3.391169836e+00  1.7721380e+03  1.00000e+06  1.69747e+03
3.392865421e+00  1.7738338e+03  1.00000e+06  1.69917e+03
3.394561854e+00  1.7754700e+03  1.00000e+06  1.70080e+03
3.396259135e+00  1.7767659e+03  1.00000e+06  1.70209e+03
3.397957264e+00  1.7775195e+03  1.00000e+06  1.70284e+03
3.399656243e+00  1.7776654e+03  1.00000e+06  1.70298e+03
3.401356071e+00  1.7772881e+03  1.00000e+06  1.70260e+03
3.403056749e+00  1.7765868e+03  1.00000e+06  1.70190e+03
3.404758277e+00  1.7758003e+03  1.00000e+06  1.70111e+03
3.406460656e+00  1.7751165e+03  1.00000e+06  1.70042e+03
3.408163887e+00  1.7746001e+03  1.00000e+06  1.69990e+03
3.409867969e+00  1.7741631e+03  1.00000e+06  1.69946e+03
3.411572903e+00  1.7735941e+03  1.00000e+06  1.69889e+03
3.413278689e+00  1.7726361e+03  1.00000e+06  1.69793e+03
3.414985328e+00  1.7710858e+03  1.00000e+06  1.69637e+03
3.416692821e+00  1.7688780e+03  1.00000e+06  1.69416e+03
3.418401168e+00  1.7661251e+03  1.00000e+06  1.69141e+03
3.420110368e+00  1.7630986e+03  1.00000e+06  1.68838e+03
3.421820423e+00  1.7601602e+03  1.00000e+06  1.68543e+03
3.423531334e+00  1.7576704e+03  1.00000e+06  1.68294e+03
3.425243099e+00  1.7559023e+03  1.00000e+06  1.68117e+03
3.426955721e+00  1.7549876e+03  1.00000e+06  1.68025e+03
3.428669199e+00  1.7549045e+03  1.00000e+06  1.68017e+03
3.430383533e+00  1.7555034e+03  1.00000e+06  1.68076e+03
3.432098725e+00  1.7565561e+03  1.00000e+06  1.68181e+03
3.433814774e+00  1.7578082e+03  1.00000e+06  1.68306e+03
3.435531682e+00  1.7590203e+03  1.00000e+06  1.68427e+03
3.437249448e+00  1.7599919e+03  1.00000e+06  1.68524e+03
3.438968072e+00  1.7605704e+03  1.00000e+06  1.68581e+03
3.440687556e+00  1.7606531e+03  1.00000e+06  1.68589e+03
3.442407900e+00  1.7601882e+03  1.00000e+06  1.68542e+03
3.444129104e+00  1.7591763e+03  1.00000e+06  1.68441e+03
3.445851169e+00  1.7576659e+03  1.00000e+06  1.68289e+03
3.447574094e+00  1.7557440e+03  1.00000e+06  1.68097e+03
3.449297881e+00  1.7535170e+03  1.00000e+06  1.67874e+03
3.451022530e+00  1.7510924e+03  1.00000e+06  1.67631e+03
3.452748041e+00  1.7485664e+03  1.00000e+06  1.67378e+03
3.454474415e+00  1.7460247e+03  1.00000e+06  1.67124e+03
3.456201653e+00  1.7435516e+03  1.00000e+06  1.66876e+03
3.457929753e+00  1.7412431e+03  1.00000e+06  1.66645e+03
3.459658718e+00  1.7392128e+03  1.00000e+06  1.66441e+03
3.461388548e+00  1.7375872e+03  1.00000e+06  1.66279e+03
3.463119242e+00  1.7364890e+03  1.00000e+06  1.66168e+03
3.464850802e+00  1.7360134e+03  1.00000e+06  1.66120e+03
3.466583227e+00  1.7362038e+03  1.00000e+06  1.66139e+03
3.468316519e+00  1.7370348e+03  1.00000e+06  1.66222e+03
3.470050677e+00  1.7384124e+03  1.00000e+06  1.66359e+03
3.471785702e+00  1.7401918e+03  1.00000e+06  1.66537e+03
3.473521595e+00  1.7422129e+03  1.00000e+06  1.66739e+03
3.475258356e+00  1.7443373e+03  1.00000e+06  1.66951e+03
3.476995985e+00  1.7464721e+03  1.00000e+06  1.67164e+03
3.478734483e+00  1.7485628e+03  1.00000e+06  1.67373e+03
3.480473850e+00  1.7505527e+03  1.00000e+06  1.67571e+03
3.482214087e+00  1.7523196e+03  1.00000e+06  1.67748e+03
3.483955194e+00  1.7536212e+03  1.00000e+06  1.67878e+03
3.485697172e+00  1.7540800e+03  1.00000e+06  1.67923e+03
3.487440020e+00  1.7532303e+03  1.00000e+06  1.67838e+03
3.489183740e+00  1.7506299e+03  1.00000e+06  1.67578e+03
3.490928332e+00  1.7460056e+03  1.00000e+06  1.67115e+03
3.492673796e+00  1.7393862e+03  1.00000e+06  1.66452e+03
3.494420133e+00  1.7311668e+03  1.00000e+06  1.65630e+03
3.496167343e+00  1.7220709e+03  1.00000e+06  1.64720e+03
3.497915427e+00  1.7130070e+03  1.00000e+06  1.63814e+03
3.499664385e+00  1.7048587e+03  1.00000e+06  1.62998e+03
3.501414217e+00  1.6982739e+03  1.00000e+06  1.62340e+03
3.503164924e+00  1.6935217e+03  1.00000e+06  1.61864e+03
3.504916507e+00  1.6904640e+03  1.00000e+06  1.61558e+03
3.506668965e+00  1.6886445e+03  1.00000e+06  1.61376e+03
3.508422299e+00  1.6874565e+03  1.00000e+06  1.61257e+03
3.510176510e+00  1.6863292e+03  1.00000e+06  1.61144e+03
3.511931599e+00  1.6848668e+03  1.00000e+06  1.60997e+03
3.513687565e+00  1.6829062e+03  1.00000e+06  1.60801e+03
3.515444408e+00  1.6804895e+03  1.00000e+06  1.60559e+03
3.517202131e+00  1.6777858e+03  1.00000e+06  1.60288e+03
3.518960732e+00  1.6750058e+03  1.00000e+06  1.60010e+03
3.520720212e+00  1.6723537e+03  1.00000e+06  1.59744e+03
3.522480572e+00  1.6700285e+03  1.00000e+06  1.59511e+03
3.524241812e+00  1.6682618e+03  1.00000e+06  1.59334e+03
3.526003933e+00  1.6673496e+03  1.00000e+06  1.59243e+03
3.527766935e+00  1.6676360e+03  1.00000e+06  1.59271e+03
3.529530819e+00  1.6694277e+03  1.00000e+06  1.59450e+03
3.531295584e+00  1.6728547e+03  1.00000e+06  1.59792e+03
3.533061232e+00  1.6777329e+03  1.00000e+06  1.60280e+03
3.534827763e+00  1.6834941e+03  1.00000e+06  1.60855e+03
3.536595176e+00  1.6892335e+03  1.00000e+06  1.61429e+03
3.538363474e+00  1.6938842e+03  1.00000e+06  1.61894e+03
3.540132656e+00  1.6964728e+03  1.00000e+06  1.62152e+03
3.541902722e+00  1.6963791e+03  1.00000e+06  1.62143e+03
3.543673673e+00  1.6935154e+03  1.00000e+06  1.61856e+03
3.545445510e+00  1.6883647e+03  1.00000e+06  1.61341e+03
3.547218233e+00  1.6818673e+03  1.00000e+06  1.60691e+03
3.548991842e+00  1.6751924e+03  1.00000e+06  1.60023e+03
3.550766338e+00  1.6694624e+03  1.00000e+06  1.59449e+03
3.552541721e+00  1.6655113e+03  1.00000e+06  1.59054e+03
3.554317992e+00  1.6637355e+03  1.00000e+06  1.58876e+03
3.556095151e+00  1.6640642e+03  1.00000e+06  1.58909e+03
3.557873199e+00  1.6660372e+03  1.00000e+06  1.59106e+03
3.559652135e+00  1.6689496e+03  1.00000e+06  1.59396e+03
3.561431961e+00  1.6720133e+03  1.00000e+06  1.59703e+03
3.563212677e+00  1.6744954e+03  1.00000e+06  1.59950e+03
3.564994284e+00  1.6758099e+03  1.00000e+06  1.60082e+03
3.566776781e+00  1.6755669e+03  1.00000e+06  1.60057e+03
3.568560169e+00  1.6735868e+03  1.00000e+06  1.59859e+03
3.570344449e+00  1.6698965e+03  1.00000e+06  1.59489e+03
3.572129621e+00  1.6647078e+03  1.00000e+06  1.58970e+03
3.573915686e+00  1.6583865e+03  1.00000e+06  1.58338e+03
3.575702644e+00  1.6514037e+03  1.00000e+06  1.57639e+03
3.577490495e+00  1.6442816e+03  1.00000e+06  1.56926e+03
3.579279241e+00  1.6375330e+03  1.00000e+06  1.56251e+03
3.581068880e+00  1.6316098e+03  1.00000e+06  1.55659e+03
3.582859415e+00  1.6268549e+03  1.00000e+06  1.55183e+03
3.584650844e+00  1.6234636e+03  1.00000e+06  1.54843e+03
3.586443170e+00  1.6214513e+03  1.00000e+06  1.54642e+03
3.588236391e+00  1.6206382e+03  1.00000e+06  1.54560e+03
3.590030510e+00  1.6206626e+03  1.00000e+06  1.54562e+03
3.591825525e+00  1.6210374e+03  1.00000e+06  1.54600e+03
3.593621438e+00  1.6212484e+03  1.00000e+06  1.54620e+03
3.595418248e+00  1.6208762e+03  1.00000e+06  1.54583e+03
3.597215958e+00  1.6197050e+03  1.00000e+06  1.54465e+03
3.599014565e+00  1.6177769e+03  1.00000e+06  1.54272e+03
3.600814073e+00  1.6153696e+03  1.00000e+06  1.54031e+03
3.602614480e+00  1.6128999e+03  1.00000e+06  1.53784e+03
3.604415787e+00  1.6107891e+03  1.00000e+06  1.53572e+03
3.606217995e+00  1.6093362e+03  1.00000e+06  1.53427e+03
3.608021104e+00  1.6086450e+03  1.00000e+06  1.53357e+03
3.609825114e+00  1.6086250e+03  1.00000e+06  1.53355e+03
3.611630027e+00  1.6090548e+03  1.00000e+06  1.53398e+03
3.613435842e+00  1.6096757e+03  1.00000e+06  1.53460e+03
3.615242560e+00  1.6102774e+03  1.00000e+06  1.53519e+03
3.617050181e+00  1.6107454e+03  1.00000e+06  1.53566e+03
3.618858706e+00  1.6110638e+03  1.00000e+06  1.53597e+03
3.620668136e+00  1.6112768e+03  1.00000e+06  1.53618e+03
3.622478470e+00  1.6114298e+03  1.00000e+06  1.53633e+03
3.624289709e+00  1.6115084e+03  1.00000e+06  1.53641e+03
3.626101854e+00  1.6113950e+03  1.00000e+06  1.53629e+03
3.627914905e+00  1.6108595e+03  1.00000e+06  1.53575e+03
3.629728862e+00  1.6095954e+03  1.00000e+06  1.53449e+03
3.631543727e+00  1.6073013e+03  1.00000e+06  1.53219e+03
3.633359499e+00  1.6037915e+03  1.00000e+06  1.52868e+03
3.635176178e+00  1.5991034e+03  1.00000e+06  1.52399e+03
3.636993766e+00  1.5935590e+03  1.00000e+06  1.51844e+03
3.638812263e+00  1.5877471e+03  1.00000e+06  1.51262e+03
3.640631669e+00  1.5824198e+03  1.00000e+06  1.50729e+03
3.642451985e+00  1.5783253e+03  1.00000e+06  1.50319e+03
3.644273211e+00  1.5760296e+03  1.00000e+06  1.50090e+03
3.646095348e+00  1.5757805e+03  1.00000e+06  1.50064e+03
3.647918395e+00  1.5774539e+03  1.00000e+06  1.50231e+03
3.649742355e+00  1.5805938e+03  1.00000e+06  1.50545e+03
3.651567226e+00  1.5845233e+03  1.00000e+06  1.50938e+03
3.653393009e+00  1.5884926e+03  1.00000e+06  1.51334e+03
3.655219706e+00  1.5918190e+03  1.00000e+06  1.51667e+03
3.657047316e+00  1.5939963e+03  1.00000e+06  1.51884e+03
3.658875840e+00  1.5947552e+03  1.00000e+06  1.51960e+03
3.660705277e+00  1.5940768e+03  1.00000e+06  1.51892e+03
3.662535630e+00  1.5921643e+03  1.00000e+06  1.51700e+03
3.664366898e+00  1.5893829e+03  1.00000e+06  1.51421e+03
3.666199081e+00  1.5861756e+03  1.00000e+06  1.51100e+03
3.668032181e+00  1.5829716e+03  1.00000e+06  1.50780e+03
3.669866197e+00  1.5801008e+03  1.00000e+06  1.50492e+03
3.671701130e+00  1.5777356e+03  1.00000e+06  1.50256e+03
3.673536981e+00  1.5758766e+03  1.00000e+06  1.50069e+03
3.675373749e+00  1.5743839e+03  1.00000e+06  1.49920e+03
3.677211436e+00  1.5730480e+03  1.00000e+06  1.49786e+03
3.679050042e+00  1.5716761e+03  1.00000e+06  1.49648e+03
3.680889567e+00  1.5701679e+03  1.00000e+06  1.49497e+03
3.682730012e+00  1.5685557e+03  1.00000e+06  1.49336e+03
3.684571377e+00  1.5669983e+03  1.00000e+06  1.49180e+03
3.686413662e+00  1.5657341e+03  1.00000e+06  1.49053e+03
3.688256869e+00  1.5650090e+03  1.00000e+06  1.48980e+03
3.690100997e+00  1.5650036e+03  1.00000e+06  1.48979e+03
3.691946048e+00  1.5657797e+03  1.00000e+06  1.49057e+03
3.693792021e+00  1.5672570e+03  1.00000e+06  1.49204e+03
3.695638917e+00  1.5692243e+03  1.00000e+06  1.49400e+03
3.697486736e+00  1.5713772e+03  1.00000e+06  1.49615e+03
3.699335480e+00  1.5733708e+03  1.00000e+06  1.49814e+03
3.701185148e+00  1.5748720e+03  1.00000e+06  1.49964e+03
3.703035740e+00  1.5756073e+03  1.00000e+06  1.50037e+03
3.704887258e+00  1.5753975e+03  1.00000e+06  1.50016e+03
3.706739702e+00  1.5741830e+03  1.00000e+06  1.49894e+03
3.708593071e+00  1.5720361e+03  1.00000e+06  1.49679e+03
3.710447368e+00  1.5691574e+03  1.00000e+06  1.49391e+03
3.712302592e+00  1.5658521e+03  1.00000e+06  1.49060e+03
3.714158743e+00  1.5624847e+03  1.00000e+06  1.48723e+03
3.716015822e+00  1.5594185e+03  1.00000e+06  1.48416e+03
3.717873830e+00  1.5569560e+03  1.00000e+06  1.48170e+03
3.719732767e+00  1.5552949e+03  1.00000e+06  1.48003e+03
3.721592634e+00  1.5545157e+03  1.00000e+06  1.47925e+03
3.723453430e+00  1.5545993e+03  1.00000e+06  1.47933e+03
3.725315157e+00  1.5554649e+03  1.00000e+06  1.48020e+03
3.727177814e+00  1.5570091e+03  1.00000e+06  1.48174e+03
3.729041403e+00  1.5591314e+03  1.00000e+06  1.48386e+03
3.730905924e+00  1.5617399e+03  1.00000e+06  1.48646e+03
3.732771377e+00  1.5647408e+03  1.00000e+06  1.48946e+03
3.734637762e+00  1.5680241e+03  1.00000e+06  1.49274e+03
3.736505081e+00  1.5714562e+03  1.00000e+06  1.49617e+03
3.738373334e+00  1.5748844e+03  1.00000e+06  1.49959e+03
3.740242521e+00  1.5781520e+03  1.00000e+06  1.50286e+03
3.742112642e+00  1.5811161e+03  1.00000e+06  1.50582e+03
3.743983698e+00  1.5836601e+03  1.00000e+06  1.50836e+03
3.745855690e+00  1.5856978e+03  1.00000e+06  1.51039e+03
3.747728618e+00  1.5871684e+03  1.00000e+06  1.51186e+03
3.749602482e+00  1.5880274e+03  1.00000e+06  1.51272e+03
3.751477283e+00  1.5882375e+03  1.00000e+06  1.51293e+03
3.753353022e+00  1.5877658e+03  1.00000e+06  1.51245e+03
3.755229699e+00  1.5865875e+03  1.00000e+06  1.51127e+03
3.757107313e+00  1.5846987e+03  1.00000e+06  1.50938e+03
3.758985867e+00  1.5821349e+03  1.00000e+06  1.50681e+03
3.760865360e+00  1.5789893e+03  1.00000e+06  1.50366e+03
3.762745793e+00  1.5754268e+03  1.00000e+06  1.50010e+03
3.764627166e+00  1.5716843e+03  1.00000e+06  1.49635e+03
3.766509479e+00  1.5680547e+03  1.00000e+06  1.49272e+03
3.768392734e+00  1.5648523e+03  1.00000e+06  1.48951e+03
3.770276930e+00  1.5623650e+03  1.00000e+06  1.48702e+03
3.772162069e+00  1.5608019e+03  1.00000e+06  1.48546e+03
3.774048150e+00  1.5602516e+03  1.00000e+06  1.48490e+03
3.775935174e+00  1.5606634e+03  1.00000e+06  1.48531e+03
3.777823141e+00  1.5618625e+03  1.00000e+06  1.48651e+03
3.779712053e+00  1.5635954e+03  1.00000e+06  1.48824e+03
3.781601909e+00  1.5655988e+03  1.00000e+06  1.49024e+03
3.783492710e+00  1.5676667e+03  1.00000e+06  1.49230e+03
3.785384456e+00  1.5696990e+03  1.00000e+06  1.49433e+03
3.787277149e+00  1.5717145e+03  1.00000e+06  1.49634e+03
3.789170787e+00  1.5738253e+03  1.00000e+06  1.49845e+03
3.791065372e+00  1.5761836e+03  1.00000e+06  1.50081e+03
3.792960905e+00  1.5789157e+03  1.00000e+06  1.50354e+03
3.794857386e+00  1.5820656e+03  1.00000e+06  1.50668e+03
3.796754814e+00  1.5855631e+03  1.00000e+06  1.51018e+03
3.798653192e+00  1.5892262e+03  1.00000e+06  1.51384e+03
3.800552518e+00  1.5927975e+03  1.00000e+06  1.51741e+03
3.802452795e+00  1.5960047e+03  1.00000e+06  1.52061e+03
3.804354021e+00  1.5986272e+03  1.00000e+06  1.52323e+03
3.806256198e+00  1.6005486e+03  1.00000e+06  1.52515e+03
3.808159326e+00  1.6017773e+03  1.00000e+06  1.52637e+03
3.810063406e+00  1.6024306e+03  1.00000e+06  1.52702e+03
3.811968437e+00  1.6026885e+03  1.00000e+06  1.52728e+03
3.813874422e+00  1.6027370e+03  1.00000e+06  1.52733e+03
3.815781359e+00  1.6027204e+03  1.00000e+06  1.52731e+03
3.817689250e+00  1.6027166e+03  1.00000e+06  1.52730e+03
3.819598094e+00  1.6027392e+03  1.00000e+06  1.52732e+03
3.821507893e+00  1.6027554e+03  1.00000e+06  1.52733e+03
3.823418647e+00  1.6027080e+03  1.00000e+06  1.52728e+03
3.825330357e+00  1.6025302e+03  1.00000e+06  1.52710e+03
3.827243022e+00  1.6021532e+03  1.00000e+06  1.52672e+03
3.829156643e+00  1.6015123e+03  1.00000e+06  1.52608e+03
3.831071222e+00  1.6005576e+03  1.00000e+06  1.52512e+03
3.832986757e+00  1.5992730e+03  1.00000e+06  1.52383e+03
3.834903251e+00  1.5976980e+03  1.00000e+06  1.52225e+03
3.836820702e+00  1.5959385e+03  1.00000e+06  1.52049e+03
3.838739112e+00  1.5941593e+03  1.00000e+06  1.51871e+03
3.840658482e+00  1.5925518e+03  1.00000e+06  1.51710e+03
3.842578811e+00  1.5912855e+03  1.00000e+06  1.51583e+03
3.844500101e+00  1.5904603e+03  1.00000e+06  1.51500e+03
3.846422351e+00  1.5900766e+03  1.00000e+06  1.51461e+03
3.848345562e+00  1.5900353e+03  1.00000e+06  1.51457e+03
3.850269735e+00  1.5901681e+03  1.00000e+06  1.51470e+03
3.852194870e+00  1.5902886e+03  1.00000e+06  1.51482e+03
3.854120967e+00  1.5902439e+03  1.00000e+06  1.51477e+03
3.856048027e+00  1.5899532e+03  1.00000e+06  1.51448e+03
3.857976051e+00  1.5894217e+03  1.00000e+06  1.51394e+03
3.859905040e+00  1.5887341e+03  1.00000e+06  1.51325e+03
3.861834992e+00  1.5880339e+03  1.00000e+06  1.51255e+03
3.863765910e+00  1.5874996e+03  1.00000e+06  1.51201e+03
3.865697792e+00  1.5873223e+03  1.00000e+06  1.51183e+03
3.867630641e+00  1.5876854e+03  1.00000e+06  1.51219e+03
3.869564457e+00  1.5887397e+03  1.00000e+06  1.51324e+03
3.871499239e+00  1.5905707e+03  1.00000e+06  1.51507e+03
3.873434989e+00  1.5931630e+03  1.00000e+06  1.51766e+03
3.875371706e+00  1.5963709e+03  1.00000e+06  1.52086e+03
3.877309392e+00  1.5999140e+03  1.00000e+06  1.52440e+03
3.879248047e+00  1.6034090e+03  1.00000e+06  1.52790e+03
3.881187671e+00  1.6064392e+03  1.00000e+06  1.53092e+03
3.883128264e+00  1.6086425e+03  1.00000e+06  1.53312e+03
3.885069829e+00  1.6097923e+03  1.00000e+06  1.53427e+03
3.887012364e+00  1.6098410e+03  1.00000e+06  1.53432e+03
3.888955870e+00  1.6089101e+03  1.00000e+06  1.53338e+03
3.890900348e+00  1.6072353e+03  1.00000e+06  1.53171e+03
3.892845798e+00  1.6050889e+03  1.00000e+06  1.52956e+03
3.894792221e+00  1.6027133e+03  1.00000e+06  1.52718e+03
3.896739617e+00  1.6002860e+03  1.00000e+06  1.52475e+03
3.898687987e+00  1.5979219e+03  1.00000e+06  1.52238e+03
3.900637331e+00  1.5956979e+03  1.00000e+06  1.52015e+03
3.902587649e+00  1.5936786e+03  1.00000e+06  1.51813e+03
3.904538943e+00  1.5919250e+03  1.00000e+06  1.51637e+03
3.906491213e+00  1.5904822e+03  1.00000e+06  1.51493e+03
3.908444458e+00  1.5893581e+03  1.00000e+06  1.51380e+03
3.910398680e+00  1.5885085e+03  1.00000e+06  1.51295e+03
3.912353880e+00  1.5878448e+03  1.00000e+06  1.51228e+03
3.914310057e+00  1.5872643e+03  1.00000e+06  1.51170e+03
3.916267212e+00  1.5866952e+03  1.00000e+06  1.51113e+03
3.918225345e+00  1.5861352e+03  1.00000e+06  1.51056e+03
3.920184458e+00  1.5856693e+03  1.00000e+06  1.51010e+03
3.922144550e+00  1.5854559e+03  1.00000e+06  1.50988e+03
3.924105622e+00  1.5856866e+03  1.00000e+06  1.51011e+03
3.926067675e+00  1.5865311e+03  1.00000e+06  1.51095e+03
3.928030709e+00  1.5880835e+03  1.00000e+06  1.51250e+03
3.929994724e+00  1.5903260e+03  1.00000e+06  1.51474e+03
3.931959722e+00  1.5931177e+03  1.00000e+06  1.51753e+03
3.933925702e+00  1.5962084e+03  1.00000e+06  1.52061e+03
3.935892665e+00  1.5992756e+03  1.00000e+06  1.52368e+03
3.937860611e+00  1.6019776e+03  1.00000e+06  1.52638e+03
3.939829541e+00  1.6040126e+03  1.00000e+06  1.52841e+03
3.941799456e+00  1.6051737e+03  1.00000e+06  1.52957e+03
3.943770356e+00  1.6053908e+03  1.00000e+06  1.52978e+03
3.945742241e+00  1.6047483e+03  1.00000e+06  1.52914e+03
3.947715112e+00  1.6034747e+03  1.00000e+06  1.52786e+03
3.949688970e+00  1.6019049e+03  1.00000e+06  1.52629e+03
3.951663814e+00  1.6004231e+03  1.00000e+06  1.52480e+03
3.953639646e+00  1.5993978e+03  1.00000e+06  1.52378e+03
3.955616466e+00  1.5991233e+03  1.00000e+06  1.52350e+03
3.957594274e+00  1.5997790e+03  1.00000e+06  1.52415e+03
3.959573071e+00  1.6014093e+03  1.00000e+06  1.52578e+03
3.961552858e+00  1.6039263e+03  1.00000e+06  1.52829e+03
3.963533634e+00  1.6071267e+03  1.00000e+06  1.53149e+03
3.965515401e+00  1.6107182e+03  1.00000e+06  1.53508e+03
3.967498159e+00  1.6143507e+03  1.00000e+06  1.53871e+03
3.969481908e+00  1.6176516e+03  1.00000e+06  1.54201e+03
3.971466649e+00  1.6202659e+03  1.00000e+06  1.54462e+03
3.973452382e+00  1.6219031e+03  1.00000e+06  1.54625e+03
3.975439108e+00  1.6223864e+03  1.00000e+06  1.54673e+03
3.977426828e+00  1.6216980e+03  1.00000e+06  1.54604e+03
3.979415541e+00  1.6200046e+03  1.00000e+06  1.54435e+03
3.981405249e+00  1.6176527e+03  1.00000e+06  1.54199e+03
3.983395952e+00  1.6151179e+03  1.00000e+06  1.53945e+03
3.985387650e+00  1.6129137e+03  1.00000e+06  1.53725e+03
3.987380343e+00  1.6114720e+03  1.00000e+06  1.53580e+03
3.989374034e+00  1.6110286e+03  1.00000e+06  1.53536e+03
3.991368721e+00  1.6115512e+03  1.00000e+06  1.53587e+03
3.993364405e+00  1.6127422e+03  1.00000e+06  1.53706e+03
3.995361087e+00  1.6141276e+03  1.00000e+06  1.53845e+03
3.997358768e+00  1.6152098e+03  1.00000e+06  1.53952e+03
3.999357447e+00  1.6156409e+03  1.00000e+06  1.53995e+03
4.001357126e+00  1.6153553e+03  1.00000e+06  1.53966e+03
4.003357804e+00  1.6146158e+03  1.00000e+06  1.53892e+03
4.005359483e+00  1.6139529e+03  1.00000e+06  1.53826e+03
4.007362163e+00  1.6140160e+03  1.00000e+06  1.53832e+03
4.009365844e+00  1.6153802e+03  1.00000e+06  1.53968e+03
4.011370527e+00  1.6183672e+03  1.00000e+06  1.54266e+03
4.013376212e+00  1.6229312e+03  1.00000e+06  1.54722e+03
4.015382900e+00  1.6286415e+03  1.00000e+06  1.55293e+03
4.017390592e+00  1.6347669e+03  1.00000e+06  1.55905e+03
4.019399287e+00  1.6404407e+03  1.00000e+06  1.56472e+03
4.021408987e+00  1.6448663e+03  1.00000e+06  1.56915e+03
4.023419691e+00  1.6475084e+03  1.00000e+06  1.57179e+03
4.025431401e+00  1.6482191e+03  1.00000e+06  1.57249e+03
4.027444117e+00  1.6472662e+03  1.00000e+06  1.57154e+03
4.029457839e+00  1.6452560e+03  1.00000e+06  1.56953e+03
4.031472568e+00  1.6429760e+03  1.00000e+06  1.56724e+03
4.033488304e+00  1.6412029e+03  1.00000e+06  1.56547e+03
4.035505048e+00  1.6405287e+03  1.00000e+06  1.56479e+03
4.037522801e+00  1.6412496e+03  1.00000e+06  1.56551e+03
4.039541562e+00  1.6433346e+03  1.00000e+06  1.56759e+03
4.041561333e+00  1.6464732e+03  1.00000e+06  1.57073e+03
4.043582114e+00  1.6501782e+03  1.00000e+06  1.57443e+03
4.045603905e+00  1.6539114e+03  1.00000e+06  1.57816e+03
4.047626707e+00  1.6572018e+03  1.00000e+06  1.58145e+03
4.049650520e+00  1.6597347e+03  1.00000e+06  1.58398e+03
4.051675345e+00  1.6614035e+03  1.00000e+06  1.58564e+03
4.053701183e+00  1.6623262e+03  1.00000e+06  1.58656e+03
4.055728033e+00  1.6628322e+03  1.00000e+06  1.58707e+03
4.057755897e+00  1.6634216e+03  1.00000e+06  1.58765e+03
4.059784775e+00  1.6646907e+03  1.00000e+06  1.58892e+03
4.061814668e+00  1.6672252e+03  1.00000e+06  1.59145e+03
4.063845575e+00  1.6714650e+03  1.00000e+06  1.59569e+03
4.065877498e+00  1.6775698e+03  1.00000e+06  1.60179e+03
4.067910437e+00  1.6853240e+03  1.00000e+06  1.60954e+03
4.069944392e+00  1.6941262e+03  1.00000e+06  1.61834e+03
4.071979364e+00  1.7030833e+03  1.00000e+06  1.62729e+03
4.074015354e+00  1.7112008e+03  1.00000e+06  1.63541e+03
4.076052361e+00  1.7176224e+03  1.00000e+06  1.64183e+03
4.078090388e+00  1.7218524e+03  1.00000e+06  1.64606e+03
4.080129433e+00  1.7238916e+03  1.00000e+06  1.64809e+03
4.082169498e+00  1.7242418e+03  1.00000e+06  1.64844e+03
4.084210582e+00  1.7237720e+03  1.00000e+06  1.64797e+03
4.086252688e+00  1.7234850e+03  1.00000e+06  1.64768e+03
4.088295814e+00  1.7242508e+03  1.00000e+06  1.64844e+03
4.090339962e+00  1.7265863e+03  1.00000e+06  1.65077e+03
4.092385132e+00  1.7305482e+03  1.00000e+06  1.65473e+03
4.094431324e+00  1.7357629e+03  1.00000e+06  1.65994e+03
4.096478540e+00  1.7415792e+03  1.00000e+06  1.66576e+03
4.098526779e+00  1.7472883e+03  1.00000e+06  1.67146e+03
4.100576043e+00  1.7523379e+03  1.00000e+06  1.67651e+03
4.102626331e+00  1.7564782e+03  1.00000e+06  1.68065e+03
4.104677644e+00  1.7598056e+03  1.00000e+06  1.68397e+03
4.106729983e+00  1.7627021e+03  1.00000e+06  1.68687e+03
4.108783348e+00  1.7657031e+03  1.00000e+06  1.68986e+03
4.110837739e+00  1.7693386e+03  1.00000e+06  1.69350e+03
4.112893158e+00  1.7739925e+03  1.00000e+06  1.69815e+03
4.114949605e+00  1.7798120e+03  1.00000e+06  1.70397e+03
4.117007080e+00  1.7866795e+03  1.00000e+06  1.71083e+03
4.119065583e+00  1.7942426e+03  1.00000e+06  1.71839e+03
4.121125116e+00  1.8019877e+03  1.00000e+06  1.72613e+03
4.123185678e+00  1.8093376e+03  1.00000e+06  1.73348e+03
4.125247271e+00  1.8157543e+03  1.00000e+06  1.73989e+03
4.127309895e+00  1.8208293e+03  1.00000e+06  1.74497e+03
4.129373550e+00  1.8243510e+03  1.00000e+06  1.74849e+03
4.131438237e+00  1.8263403e+03  1.00000e+06  1.75047e+03
4.133503956e+00  1.8270520e+03  1.00000e+06  1.75118e+03
4.135570708e+00  1.8269387e+03  1.00000e+06  1.75106e+03
4.137638493e+00  1.8265838e+03  1.00000e+06  1.75071e+03
4.139707312e+00  1.8266084e+03  1.00000e+06  1.75073e+03
4.141777166e+00  1.8275686e+03  1.00000e+06  1.75169e+03
4.143848055e+00  1.8298648e+03  1.00000e+06  1.75398e+03
4.145919979e+00  1.8336824e+03  1.00000e+06  1.75779e+03
4.147992939e+00  1.8389802e+03  1.00000e+06  1.76309e+03
4.150066935e+00  1.8455263e+03  1.00000e+06  1.76963e+03
4.152141969e+00  1.8529653e+03  1.00000e+06  1.77707e+03
4.154218040e+00  1.8608922e+03  1.00000e+06  1.78499e+03
4.156295149e+00  1.8689094e+03  1.00000e+06  1.79301e+03
4.158373296e+00  1.8766593e+03  1.00000e+06  1.80076e+03
4.160452483e+00  1.8838379e+03  1.00000e+06  1.80793e+03
4.162532709e+00  1.8902006e+03  1.00000e+06  1.81429e+03
4.164613975e+00  1.8955778e+03  1.00000e+06  1.81967e+03
4.166696282e+00  1.8998960e+03  1.00000e+06  1.82398e+03
4.168779631e+00  1.9031935e+03  1.00000e+06  1.82728e+03
4.170864020e+00  1.9056141e+03  1.00000e+06  1.82969e+03
4.172949452e+00  1.9073692e+03  1.00000e+06  1.83145e+03
4.175035927e+00  1.9086761e+03  1.00000e+06  1.83275e+03
4.177123445e+00  1.9096964e+03  1.00000e+06  1.83377e+03
4.179212007e+00  1.9105023e+03  1.00000e+06  1.83457e+03
4.181301613e+00  1.9110878e+03  1.00000e+06  1.83515e+03
4.183392264e+00  1.9114204e+03  1.00000e+06  1.83548e+03
4.185483960e+00  1.9115093e+03  1.00000e+06  1.83557e+03
4.187576702e+00  1.9114573e+03  1.00000e+06  1.83552e+03
4.189670490e+00  1.9114683e+03  1.00000e+06  1.83552e+03
4.191765325e+00  1.9118093e+03  1.00000e+06  1.83586e+03
4.193861208e+00  1.9127393e+03  1.00000e+06  1.83679e+03
4.195958139e+00  1.9144361e+03  1.00000e+06  1.83848e+03
4.198056118e+00  1.9169493e+03  1.00000e+06  1.84099e+03
4.200155146e+00  1.9201907e+03  1.00000e+06  1.84423e+03
4.202255223e+00  1.9239602e+03  1.00000e+06  1.84800e+03
4.204356351e+00  1.9279912e+03  1.00000e+06  1.85203e+03
4.206458529e+00  1.9319992e+03  1.00000e+06  1.85603e+03
4.208561758e+00  1.9357215e+03  1.00000e+06  1.85975e+03
4.210666039e+00  1.9389477e+03  1.00000e+06  1.86298e+03
4.212771372e+00  1.9415428e+03  1.00000e+06  1.86557e+03
4.214877758e+00  1.9434641e+03  1.00000e+06  1.86749e+03
4.216985197e+00  1.9447703e+03  1.00000e+06  1.86879e+03
4.219093689e+00  1.9456169e+03  1.00000e+06  1.86963e+03
4.221203236e+00  1.9462336e+03  1.00000e+06  1.87025e+03
4.223313838e+00  1.9468853e+03  1.00000e+06  1.87090e+03
4.225425495e+00  1.9478266e+03  1.00000e+06  1.87184e+03
4.227538207e+00  1.9492556e+03  1.00000e+06  1.87326e+03
4.229651977e+00  1.9512811e+03  1.00000e+06  1.87529e+03
4.231766803e+00  1.9539059e+03  1.00000e+06  1.87791e+03
4.233882686e+00  1.9570295e+03  1.00000e+06  1.88103e+03
4.235999627e+00  1.9604663e+03  1.00000e+06  1.88446e+03
4.238117627e+00  1.9639779e+03  1.00000e+06  1.88797e+03
4.240236686e+00  1.9673123e+03  1.00000e+06  1.89130e+03
4.242356804e+00  1.9702453e+03  1.00000e+06  1.89423e+03
4.244477983e+00  1.9726139e+03  1.00000e+06  1.89660e+03
4.246600222e+00  1.9743389e+03  1.00000e+06  1.89832e+03
4.248723522e+00  1.9754307e+03  1.00000e+06  1.89941e+03
4.250847884e+00  1.9759787e+03  1.00000e+06  1.89996e+03
4.252973307e+00  1.9761288e+03  1.00000e+06  1.90010e+03
4.255099794e+00  1.9760527e+03  1.00000e+06  1.90003e+03
4.257227344e+00  1.9759176e+03  1.00000e+06  1.89989e+03
4.259355958e+00  1.9758606e+03  1.00000e+06  1.89983e+03
4.261485636e+00  1.9759739e+03  1.00000e+06  1.89994e+03
4.263616379e+00  1.9763006e+03  1.00000e+06  1.90026e+03
4.265748187e+00  1.9768408e+03  1.00000e+06  1.90080e+03
4.267881061e+00  1.9775641e+03  1.00000e+06  1.90152e+03
4.270015001e+00  1.9784251e+03  1.00000e+06  1.90238e+03
4.272150009e+00  1.9793760e+03  1.00000e+06  1.90333e+03
4.274286084e+00  1.9803771e+03  1.00000e+06  1.90433e+03
4.276423227e+00  1.9814031e+03  1.00000e+06  1.90535e+03
4.278561438e+00  1.9824448e+03  1.00000e+06  1.90639e+03
4.280700719e+00  1.9835086e+03  1.00000e+06  1.90745e+03
4.282841070e+00  1.9846118e+03  1.00000e+06  1.90855e+03
4.284982490e+00  1.9857753e+03  1.00000e+06  1.90971e+03
4.287124981e+00  1.9870154e+03  1.00000e+06  1.91095e+03
4.289268544e+00  1.9883355e+03  1.00000e+06  1.91227e+03
4.291413178e+00  1.9897207e+03  1.00000e+06  1.91365e+03
4.293558885e+00  1.9911367e+03  1.00000e+06  1.91506e+03
4.295705664e+00  1.9925328e+03  1.00000e+06  1.91646e+03
4.297853517e+00  1.9938488e+03  1.00000e+06  1.91777e+03
4.300002444e+00  1.9950241e+03  1.00000e+06  1.91894e+03
4.302152445e+00  1.9960067e+03  1.00000e+06  1.91992e+03
4.304303521e+00  1.9967610e+03  1.00000e+06  1.92067e+03
4.306455673e+00  1.9972738e+03  1.00000e+06  1.92118e+03
4.308608901e+00  1.9975579e+03  1.00000e+06  1.92146e+03
4.310763205e+00  1.9976540e+03  1.00000e+06  1.92156e+03
4.312918587e+00  1.9976306e+03  1.00000e+06  1.92153e+03
4.315075046e+00  1.9975809e+03  1.00000e+06  1.92148e+03
4.317232584e+00  1.9976160e+03  1.00000e+06  1.92151e+03
4.319391200e+00  1.9978529e+03  1.00000e+06  1.92175e+03
4.321550896e+00  1.9983981e+03  1.00000e+06  1.92229e+03
4.323711671e+00  1.9993300e+03  1.00000e+06  1.92322e+03
4.325873527e+00  2.0006827e+03  1.00000e+06  1.92457e+03
4.328036464e+00  2.0024381e+03  1.00000e+06  1.92632e+03
4.330200482e+00  2.0045265e+03  1.00000e+06  1.92841e+03
4.332365582e+00  2.0068375e+03  1.00000e+06  1.93072e+03
4.334531765e+00  2.0092388e+03  1.00000e+06  1.93311e+03
4.336699031e+00  2.0115966e+03  1.00000e+06  1.93547e+03
4.338867380e+00  2.0137951e+03  1.00000e+06  1.93767e+03
4.341036814e+00  2.0157490e+03  1.00000e+06  1.93962e+03
4.343207332e+00  2.0174087e+03  1.00000e+06  1.94127e+03
4.345378936e+00  2.0187586e+03  1.00000e+06  1.94262e+03
4.347551625e+00  2.0198096e+03  1.00000e+06  1.94367e+03
4.349725401e+00  2.0205906e+03  1.00000e+06  1.94445e+03
4.351900264e+00  2.0211396e+03  1.00000e+06  1.94499e+03
4.354076214e+00  2.0214975e+03  1.00000e+06  1.94535e+03
4.356253252e+00  2.0217043e+03  1.00000e+06  1.94555e+03
4.358431379e+00  2.0217968e+03  1.00000e+06  1.94564e+03
4.360610595e+00  2.0218087e+03  1.00000e+06  1.94565e+03
4.362790900e+00  2.0217697e+03  1.00000e+06  1.94561e+03
4.364972295e+00  2.0217044e+03  1.00000e+06  1.94554e+03
4.367154781e+00  2.0216306e+03  1.00000e+06  1.94547e+03
4.369338359e+00  2.0215582e+03  1.00000e+06  1.94539e+03
4.371523028e+00  2.0214881e+03  1.00000e+06  1.94532e+03
4.373708790e+00  2.0214138e+03  1.00000e+06  1.94524e+03
4.375895644e+00  2.0213252e+03  1.00000e+06  1.94515e+03
4.378083592e+00  2.0212138e+03  1.00000e+06  1.94504e+03
4.380272634e+00  2.0210776e+03  1.00000e+06  1.94490e+03
4.382462770e+00  2.0209244e+03  1.00000e+06  1.94474e+03
4.384654001e+00  2.0207717e+03  1.00000e+06  1.94459e+03
4.386846328e+00  2.0206436e+03  1.00000e+06  1.94446e+03
4.389039751e+00  2.0205641e+03  1.00000e+06  1.94438e+03
4.391234271e+00  2.0205506e+03  1.00000e+06  1.94436e+03
4.393429888e+00  2.0206087e+03  1.00000e+06  1.94441e+03
4.395626603e+00  2.0207304e+03  1.00000e+06  1.94453e+03
4.397824417e+00  2.0208962e+03  1.00000e+06  1.94470e+03
4.400023329e+00  2.0210801e+03  1.00000e+06  1.94488e+03
4.402223341e+00  2.0212567e+03  1.00000e+06  1.94505e+03
4.404424452e+00  2.0214078e+03  1.00000e+06  1.94520e+03
4.406626664e+00  2.0215268e+03  1.00000e+06  1.94532e+03
4.408829978e+00  2.0216198e+03  1.00000e+06  1.94541e+03
4.411034393e+00  2.0217040e+03  1.00000e+06  1.94549e+03
4.413239910e+00  2.0218017e+03  1.00000e+06  1.94558e+03
4.415446530e+00  2.0219346e+03  1.00000e+06  1.94572e+03
4.417654253e+00  2.0221173e+03  1.00000e+06  1.94590e+03
4.419863080e+00  2.0223533e+03  1.00000e+06  1.94613e+03
4.422073012e+00  2.0226344e+03  1.00000e+06  1.94641e+03
4.424284048e+00  2.0229430e+03  1.00000e+06  1.94671e+03
4.426496190e+00  2.0232561e+03  1.00000e+06  1.94702e+03
4.428709438e+00  2.0235494e+03  1.00000e+06  1.94731e+03
4.430923793e+00  2.0238007e+03  1.00000e+06  1.94756e+03
4.433139255e+00  2.0239919e+03  1.00000e+06  1.94775e+03
4.435355825e+00  2.0241112e+03  1.00000e+06  1.94787e+03
4.437573503e+00  2.0241556e+03  1.00000e+06  1.94791e+03
4.439792289e+00  2.0241348e+03  1.00000e+06  1.94789e+03
4.442012186e+00  2.0240739e+03  1.00000e+06  1.94782e+03
4.444233192e+00  2.0240128e+03  1.00000e+06  1.94776e+03
4.446455308e+00  2.0240014e+03  1.00000e+06  1.94775e+03
4.448678536e+00  2.0240895e+03  1.00000e+06  1.94783e+03
4.450902875e+00  2.0243152e+03  1.00000e+06  1.94806e+03
4.453128327e+00  2.0246942e+03  1.00000e+06  1.94843e+03
4.455354891e+00  2.0252154e+03  1.00000e+06  1.94895e+03
4.457582568e+00  2.0258426e+03  1.00000e+06  1.94958e+03
4.459811359e+00  2.0265225e+03  1.00000e+06  1.95025e+03
4.462041265e+00  2.0271975e+03  1.00000e+06  1.95092e+03
4.464272286e+00  2.0278179e+03  1.00000e+06  1.95154e+03
4.466504422e+00  2.0283530e+03  1.00000e+06  1.95208e+03
4.468737674e+00  2.0287969e+03  1.00000e+06  1.95252e+03
4.470972043e+00  2.0291689e+03  1.00000e+06  1.95289e+03
4.473207529e+00  2.0295077e+03  1.00000e+06  1.95322e+03
4.475444133e+00  2.0298607e+03  1.00000e+06  1.95357e+03
4.477681855e+00  2.0302719e+03  1.00000e+06  1.95398e+03
4.479920696e+00  2.0307703e+03  1.00000e+06  1.95448e+03
4.482160656e+00  2.0313629e+03  1.00000e+06  1.95507e+03
4.484401736e+00  2.0320333e+03  1.00000e+06  1.95574e+03
4.486643937e+00  2.0327468e+03  1.00000e+06  1.95645e+03
4.488887259e+00  2.0334584e+03  1.00000e+06  1.95716e+03
4.491131703e+00  2.0341241e+03  1.00000e+06  1.95782e+03
4.493377269e+00  2.0347096e+03  1.00000e+06  1.95840e+03
4.495623957e+00  2.0351970e+03  1.00000e+06  1.95889e+03
4.497871769e+00  2.0355884e+03  1.00000e+06  1.95928e+03
4.500120705e+00  2.0359041e+03  1.00000e+06  1.95959e+03
4.502370766e+00  2.0361785e+03  1.00000e+06  1.95986e+03
4.504621951e+00  2.0364522e+03  1.00000e+06  1.96013e+03
4.506874262e+00  2.0367633e+03  1.00000e+06  1.96044e+03
4.509127699e+00  2.0371385e+03  1.00000e+06  1.96081e+03
4.511382263e+00  2.0375866e+03  1.00000e+06  1.96126e+03
4.513637954e+00  2.0380957e+03  1.00000e+06  1.96177e+03
4.515894773e+00  2.0386363e+03  1.00000e+06  1.96230e+03
4.518152720e+00  2.0391682e+03  1.00000e+06  1.96283e+03
4.520411797e+00  2.0396507e+03  1.00000e+06  1.96331e+03
4.522672003e+00  2.0400539e+03  1.00000e+06  1.96371e+03
4.524933339e+00  2.0403669e+03  1.00000e+06  1.96402e+03
4.527195805e+00  2.0406017e+03  1.00000e+06  1.96426e+03
4.529459403e+00  2.0407909e+03  1.00000e+06  1.96444e+03
4.531724133e+00  2.0409793e+03  1.00000e+06  1.96463e+03
4.533989995e+00  2.0412112e+03  1.00000e+06  1.96486e+03
4.536256990e+00  2.0415187e+03  1.00000e+06  1.96516e+03
4.538525119e+00  2.0419125e+03  1.00000e+06  1.96556e+03
4.540794381e+00  2.0423809e+03  1.00000e+06  1.96602e+03
4.543064778e+00  2.0428946e+03  1.00000e+06  1.96653e+03
4.545336311e+00  2.0434188e+03  1.00000e+06  1.96705e+03
4.547608979e+00  2.0439252e+03  1.00000e+06  1.96756e+03
4.549882783e+00  2.0444026e+03  1.00000e+06  1.96803e+03
4.552157725e+00  2.0448600e+03  1.00000e+06  1.96849e+03
4.554433804e+00  2.0453239e+03  1.00000e+06  1.96895e+03
4.556711020e+00  2.0458297e+03  1.00000e+06  1.96945e+03
4.558989376e+00  2.0464103e+03  1.00000e+06  1.97003e+03
4.561268871e+00  2.0470861e+03  1.00000e+06  1.97070e+03
4.563549505e+00  2.0478588e+03  1.00000e+06  1.97147e+03
4.565831280e+00  2.0487117e+03  1.00000e+06  1.97232e+03
4.568114195e+00  2.0496147e+03  1.00000e+06  1.97323e+03
4.570398253e+00  2.0505343e+03  1.00000e+06  1.97414e+03
4.572683452e+00  2.0514442e+03  1.00000e+06  1.97505e+03
4.574969793e+00  2.0523324e+03  1.00000e+06  1.97594e+03
4.577257278e+00  2.0532027e+03  1.00000e+06  1.97680e+03
4.579545907e+00  2.0540705e+03  1.00000e+06  1.97767e+03
4.581835680e+00  2.0549519e+03  1.00000e+06  1.97855e+03
4.584126598e+00  2.0558534e+03  1.00000e+06  1.97945e+03
4.586418661e+00  2.0567632e+03  1.00000e+06  1.98035e+03
4.588711870e+00  2.0576493e+03  1.00000e+06  1.98124e+03
4.591006226e+00  2.0584645e+03  1.00000e+06  1.98205e+03
4.593301729e+00  2.0591578e+03  1.00000e+06  1.98274e+03
4.595598380e+00  2.0596865e+03  1.00000e+06  1.98327e+03
4.597896179e+00  2.0600269e+03  1.00000e+06  1.98361e+03
4.600195128e+00  2.0601778e+03  1.00000e+06  1.98375e+03
4.602495225e+00  2.0601587e+03  1.00000e+06  1.98373e+03
4.604796473e+00  2.0600018e+03  1.00000e+06  1.98357e+03
4.607098871e+00  2.0597436e+03  1.00000e+06  1.98331e+03
4.609402420e+00  2.0594195e+03  1.00000e+06  1.98299e+03
4.611707122e+00  2.0590613e+03  1.00000e+06  1.98263e+03
4.614012975e+00  2.0586991e+03  1.00000e+06  1.98226e+03
4.616319982e+00  2.0583637e+03  1.00000e+06  1.98192e+03
4.618628142e+00  2.0580863e+03  1.00000e+06  1.98164e+03
4.620937456e+00  2.0578962e+03  1.00000e+06  1.98145e+03
4.623247924e+00  2.0578161e+03  1.00000e+06  1.98137e+03
4.625559548e+00  2.0578575e+03  1.00000e+06  1.98141e+03
4.627872328e+00  2.0580207e+03  1.00000e+06  1.98157e+03
4.630186264e+00  2.0582972e+03  1.00000e+06  1.98184e+03
4.632501358e+00  2.0586765e+03  1.00000e+06  1.98222e+03
4.634817608e+00  2.0591526e+03  1.00000e+06  1.98269e+03
4.637135017e+00  2.0597276e+03  1.00000e+06  1.98327e+03
4.639453584e+00  2.0604116e+03  1.00000e+06  1.98395e+03
4.641773311e+00  2.0612167e+03  1.00000e+06  1.98475e+03
4.644094198e+00  2.0621493e+03  1.00000e+06  1.98568e+03
4.646416245e+00  2.0632022e+03  1.00000e+06  1.98673e+03
4.648739453e+00  2.0643503e+03  1.00000e+06  1.98788e+03
4.651063823e+00  2.0655509e+03  1.00000e+06  1.98907e+03
4.653389355e+00  2.0667508e+03  1.00000e+06  1.99027e+03
4.655716049e+00  2.0678953e+03  1.00000e+06  1.99141e+03
4.658043908e+00  2.0689390e+03  1.00000e+06  1.99245e+03
4.660372929e+00  2.0698535e+03  1.00000e+06  1.99337e+03
4.662703116e+00  2.0706314e+03  1.00000e+06  1.99414e+03
4.665034467e+00  2.0712835e+03  1.00000e+06  1.99479e+03
4.667366985e+00  2.0718326e+03  1.00000e+06  1.99534e+03
4.669700668e+00  2.0723038e+03  1.00000e+06  1.99581e+03
4.672035519e+00  2.0727170e+03  1.00000e+06  1.99622e+03
4.674371536e+00  2.0730816e+03  1.00000e+06  1.99658e+03
4.676708722e+00  2.0733982e+03  1.00000e+06  1.99689e+03
4.679047076e+00  2.0736632e+03  1.00000e+06  1.99716e+03
4.681386600e+00  2.0738768e+03  1.00000e+06  1.99737e+03
4.683727293e+00  2.0740484e+03  1.00000e+06  1.99754e+03
4.686069157e+00  2.0741978e+03  1.00000e+06  1.99768e+03
4.688412191e+00  2.0743511e+03  1.00000e+06  1.99784e+03
4.690756398e+00  2.0745338e+03  1.00000e+06  1.99802e+03
4.693101776e+00  2.0747632e+03  1.00000e+06  1.99824e+03
4.695448327e+00  2.0750438e+03  1.00000e+06  1.99852e+03
4.697796051e+00  2.0753669e+03  1.00000e+06  1.99884e+03
4.700144949e+00  2.0757136e+03  1.00000e+06  1.99919e+03
4.702495021e+00  2.0760598e+03  1.00000e+06  1.99953e+03
4.704846269e+00  2.0763801e+03  1.00000e+06  1.99985e+03
4.707198692e+00  2.0766518e+03  1.00000e+06  2.00012e+03
4.709552291e+00  2.0768558e+03  1.00000e+06  2.00032e+03
4.711907067e+00  2.0769797e+03  1.00000e+06  2.00044e+03
4.714263021e+00  2.0770193e+03  1.00000e+06  2.00048e+03
4.716620153e+00  2.0769817e+03  1.00000e+06  2.00044e+03
4.718978463e+00  2.0768868e+03  1.00000e+06  2.00034e+03
4.721337952e+00  2.0767657e+03  1.00000e+06  2.00022e+03
4.723698621e+00  2.0766556e+03  1.00000e+06  2.00010e+03
4.726060470e+00  2.0765927e+03  1.00000e+06  2.00004e+03
4.728423500e+00  2.0766030e+03  1.00000e+06  2.00005e+03
4.730787712e+00  2.0766961e+03  1.00000e+06  2.00014e+03
4.733153106e+00  2.0768632e+03  1.00000e+06  2.00030e+03
4.735519683e+00  2.0770795e+03  1.00000e+06  2.00052e+03
4.737887442e+00  2.0773107e+03  1.00000e+06  2.00075e+03
4.740256386e+00  2.0775210e+03  1.00000e+06  2.00095e+03
4.742626514e+00  2.0776800e+03  1.00000e+06  2.00111e+03
4.744997828e+00  2.0777668e+03  1.00000e+06  2.00119e+03
4.747370326e+00  2.0777726e+03  1.00000e+06  2.00120e+03
4.749744012e+00  2.0776995e+03  1.00000e+06  2.00112e+03
4.752118884e+00  2.0775586e+03  1.00000e+06  2.00098e+03
4.754494943e+00  2.0773670e+03  1.00000e+06  2.00079e+03
4.756872191e+00  2.0771444e+03  1.00000e+06  2.00056e+03
4.759250627e+00  2.0769094e+03  1.00000e+06  2.00032e+03
4.761630252e+00  2.0766777e+03  1.00000e+06  2.00009e+03
4.764011067e+00  2.0764598e+03  1.00000e+06  1.99987e+03
4.766393073e+00  2.0762628e+03  1.00000e+06  1.99967e+03
4.768776269e+00  2.0760919e+03  1.00000e+06  1.99950e+03
4.771160657e+00  2.0759540e+03  1.00000e+06  1.99936e+03
4.773546238e+00  2.0758596e+03  1.00000e+06  1.99926e+03
4.775933011e+00  2.0758239e+03  1.00000e+06  1.99922e+03
4.778320977e+00  2.0758640e+03  1.00000e+06  1.99926e+03
4.780710138e+00  2.0759960e+03  1.00000e+06  1.99939e+03
4.783100493e+00  2.0762298e+03  1.00000e+06  1.99962e+03
4.785492043e+00  2.0765668e+03  1.00000e+06  1.99995e+03
4.787884789e+00  2.0769995e+03  1.00000e+06  2.00039e+03
4.790278731e+00  2.0775146e+03  1.00000e+06  2.00090e+03
4.792673871e+00  2.0780964e+03  1.00000e+06  2.00148e+03
4.795070208e+00  2.0787305e+03  1.00000e+06  2.00211e+03
4.797467743e+00  2.0794046e+03  1.00000e+06  2.00278e+03
4.799866477e+00  2.0801063e+03  1.00000e+06  2.00348e+03
4.802266410e+00  2.0808196e+03  1.00000e+06  2.00419e+03
4.804667543e+00  2.0815203e+03  1.00000e+06  2.00489e+03
4.807069877e+00  2.0821756e+03  1.00000e+06  2.00554e+03
4.809473412e+00  2.0827457e+03  1.00000e+06  2.00611e+03
4.811878149e+00  2.0831914e+03  1.00000e+06  2.00655e+03
4.814284088e+00  2.0834830e+03  1.00000e+06  2.00684e+03
4.816691230e+00  2.0836100e+03  1.00000e+06  2.00697e+03
4.819099575e+00  2.0835874e+03  1.00000e+06  2.00694e+03
4.821509125e+00  2.0834566e+03  1.00000e+06  2.00681e+03
4.823919880e+00  2.0832792e+03  1.00000e+06  2.00663e+03
4.826331840e+00  2.0831262e+03  1.00000e+06  2.00647e+03
4.828745006e+00  2.0830638e+03  1.00000e+06  2.00641e+03
4.831159378e+00  2.0831413e+03  1.00000e+06  2.00649e+03
4.833574958e+00  2.0833834e+03  1.00000e+06  2.00673e+03
4.835991745e+00  2.0837894e+03  1.00000e+06  2.00713e+03
4.838409741e+00  2.0843365e+03  1.00000e+06  2.00767e+03
4.840828946e+00  2.0849877e+03  1.00000e+06  2.00832e+03
4.843249360e+00  2.0856995e+03  1.00000e+06  2.00903e+03
4.845670985e+00  2.0864272e+03  1.00000e+06  2.00976e+03
4.848093821e+00  2.0871292e+03  1.00000e+06  2.01046e+03
4.850517867e+00  2.0877690e+03  1.00000e+06  2.01109e+03
4.852943126e+00  2.0883163e+03  1.00000e+06  2.01164e+03
4.855369598e+00  2.0887487e+03  1.00000e+06  2.01207e+03
4.857797283e+00  2.0890529e+03  1.00000e+06  2.01237e+03
4.860226181e+00  2.0892270e+03  1.00000e+06  2.01254e+03
4.862656295e+00  2.0892804e+03  1.00000e+06  2.01259e+03
4.865087623e+00  2.0892334e+03  1.00000e+06  2.01255e+03
4.867520166e+00  2.0891152e+03  1.00000e+06  2.01242e+03
4.869953927e+00  2.0889609e+03  1.00000e+06  2.01227e+03
4.872388904e+00  2.0888084e+03  1.00000e+06  2.01211e+03
4.874825098e+00  2.0886937e+03  1.00000e+06  2.01200e+03
4.877262511e+00  2.0886470e+03  1.00000e+06  2.01195e+03
4.879701142e+00  2.0886887e+03  1.00000e+06  2.01199e+03
4.882140992e+00  2.0888260e+03  1.00000e+06  2.01212e+03
4.884582063e+00  2.0890528e+03  1.00000e+06  2.01235e+03
4.887024354e+00  2.0893518e+03  1.00000e+06  2.01264e+03
4.889467866e+00  2.0897001e+03  1.00000e+06  2.01299e+03
4.891912600e+00  2.0900757e+03  1.00000e+06  2.01336e+03
4.894358556e+00  2.0904620e+03  1.00000e+06  2.01375e+03
4.896805736e+00  2.0908490e+03  1.00000e+06  2.01413e+03
4.899254138e+00  2.0912299e+03  1.00000e+06  2.01451e+03
4.901703765e+00  2.0915950e+03  1.00000e+06  2.01487e+03
4.904154617e+00  2.0919262e+03  1.00000e+06  2.01520e+03
4.906606695e+00  2.0921961e+03  1.00000e+06  2.01547e+03
4.909059998e+00  2.0923723e+03  1.00000e+06  2.01564e+03
4.911514528e+00  2.0924273e+03  1.00000e+06  2.01570e+03
4.913970285e+00  2.0923500e+03  1.00000e+06  2.01562e+03
4.916427270e+00  2.0921536e+03  1.00000e+06  2.01542e+03
4.918885484e+00  2.0918765e+03  1.00000e+06  2.01514e+03
4.921344927e+00  2.0915755e+03  1.00000e+06  2.01483e+03
4.923805599e+00  2.0913129e+03  1.00000e+06  2.01457e+03
4.926267502e+00  2.0911435e+03  1.00000e+06  2.01440e+03
4.928730636e+00  2.0911043e+03  1.00000e+06  2.01436e+03
4.931195001e+00  2.0912112e+03  1.00000e+06  2.01446e+03
4.933660599e+00  2.0914626e+03  1.00000e+06  2.01471e+03
4.936127429e+00  2.0918457e+03  1.00000e+06  2.01509e+03
4.938595493e+00  2.0923437e+03  1.00000e+06  2.01559e+03
4.941064790e+00  2.0929399e+03  1.00000e+06  2.01618e+03
4.943535323e+00  2.0936175e+03  1.00000e+06  2.01686e+03
4.946007090e+00  2.0943585e+03  1.00000e+06  2.01760e+03
4.948480094e+00  2.0951414e+03  1.00000e+06  2.01838e+03
4.950954334e+00  2.0959417e+03  1.00000e+06  2.01917e+03
4.953429811e+00  2.0967334e+03  1.00000e+06  2.01996e+03
4.955906526e+00  2.0974927e+03  1.00000e+06  2.02072e+03
4.958384479e+00  2.0982007e+03  1.00000e+06  2.02143e+03
4.960863672e+00  2.0988447e+03  1.00000e+06  2.02207e+03
4.963344103e+00  2.0994178e+03  1.00000e+06  2.02264e+03
4.965825776e+00  2.0999170e+03  1.00000e+06  2.02314e+03
4.968308688e+00  2.1003405e+03  1.00000e+06  2.02356e+03
4.970792843e+00  2.1006869e+03  1.00000e+06  2.02390e+03
4.973278239e+00  2.1009537e+03  1.00000e+06  2.02417e+03
4.975764878e+00  2.1011384e+03  1.00000e+06  2.02435e+03
4.978252761e+00  2.1012402e+03  1.00000e+06  2.02445e+03
4.980741887e+00  2.1012613e+03  1.00000e+06  2.02447e+03
4.983232258e+00  2.1012094e+03  1.00000e+06  2.02441e+03
4.985723874e+00  2.1010984e+03  1.00000e+06  2.02430e+03
4.988216736e+00  2.1009482e+03  1.00000e+06  2.02415e+03
4.990710844e+00  2.1007837e+03  1.00000e+06  2.02398e+03
4.993206200e+00  2.1006316e+03  1.00000e+06  2.02383e+03
4.995702803e+00  2.1005164e+03  1.00000e+06  2.02371e+03
4.998200654e+00  2.1004576e+03  1.00000e+06  2.02365e+03
5.000699755e+00  2.1004677e+03  1.00000e+06  2.02366e+03
5.003200105e+00  2.1005528e+03  1.00000e+06  2.02374e+03
5.005701705e+00  2.1007164e+03  1.00000e+06  2.02390e+03
5.008204556e+00  2.1009632e+03  1.00000e+06  2.02414e+03
5.010708658e+00  2.1013024e+03  1.00000e+06  2.02448e+03
5.013214012e+00  2.1017472e+03  1.00000e+06  2.02492e+03
5.015720619e+00  2.1023098e+03  1.00000e+06  2.02548e+03
5.018228479e+00  2.1029937e+03  1.00000e+06  2.02617e+03
5.020737594e+00  2.1037846e+03  1.00000e+06  2.02695e+03
5.023247962e+00  2.1046462e+03  1.00000e+06  2.02781e+03
5.025759586e+00  2.1055201e+03  1.00000e+06  2.02869e+03
5.028272466e+00  2.1063338e+03  1.00000e+06  2.02950e+03
5.030786602e+00  2.1070140e+03  1.00000e+06  2.03017e+03
5.033301996e+00  2.1075019e+03  1.00000e+06  2.03066e+03
5.035818647e+00  2.1077663e+03  1.00000e+06  2.03092e+03
5.038336556e+00  2.1078120e+03  1.00000e+06  2.03097e+03
5.040855724e+00  2.1076793e+03  1.00000e+06  2.03083e+03
5.043376152e+00  2.1074367e+03  1.00000e+06  2.03059e+03
5.045897840e+00  2.1071677e+03  1.00000e+06  2.03032e+03
5.048420789e+00  2.1069552e+03  1.00000e+06  2.03010e+03
5.050945000e+00  2.1068679e+03  1.00000e+06  2.03001e+03
5.053470472e+00  2.1069500e+03  1.00000e+06  2.03009e+03
5.055997207e+00  2.1072173e+03  1.00000e+06  2.03036e+03
5.058525206e+00  2.1076592e+03  1.00000e+06  2.03080e+03
5.061054469e+00  2.1082453e+03  1.00000e+06  2.03138e+03
5.063584996e+00  2.1089348e+03  1.00000e+06  2.03207e+03
5.066116788e+00  2.1096873e+03  1.00000e+06  2.03282e+03
5.068649847e+00  2.1104704e+03  1.00000e+06  2.03360e+03
5.071184172e+00  2.1112635e+03  1.00000e+06  2.03439e+03
5.073719764e+00  2.1120573e+03  1.00000e+06  2.03518e+03
5.076256624e+00  2.1128487e+03  1.00000e+06  2.03597e+03
5.078794752e+00  2.1136345e+03  1.00000e+06  2.03675e+03
5.081334149e+00  2.1144057e+03  1.00000e+06  2.03752e+03
5.083874816e+00  2.1151456e+03  1.00000e+06  2.03826e+03
5.086416754e+00  2.1158313e+03  1.00000e+06  2.03894e+03
5.088959962e+00  2.1164386e+03  1.00000e+06  2.03955e+03
5.091504442e+00  2.1169479e+03  1.00000e+06  2.04006e+03
5.094050194e+00  2.1173500e+03  1.00000e+06  2.04046e+03
5.096597219e+00  2.1176484e+03  1.00000e+06  2.04075e+03
5.099145518e+00  2.1178589e+03  1.00000e+06  2.04096e+03
5.101695091e+00  2.1180051e+03  1.00000e+06  2.04110e+03
5.104245938e+00  2.1181129e+03  1.00000e+06  2.04121e+03
5.106798061e+00  2.1182041e+03  1.00000e+06  2.04130e+03
5.109351460e+00  2.1182916e+03  1.00000e+06  2.04138e+03
5.111906136e+00  2.1183781e+03  1.00000e+06  2.04147e+03
5.114462089e+00  2.1184579e+03  1.00000e+06  2.04155e+03
5.117019320e+00  2.1185218e+03  1.00000e+06  2.04161e+03
5.119577830e+00  2.1185627e+03  1.00000e+06  2.04165e+03
5.122137619e+00  2.1185801e+03  1.00000e+06  2.04166e+03
5.124698688e+00  2.1185829e+03  1.00000e+06  2.04166e+03
5.127261037e+00  2.1185873e+03  1.00000e+06  2.04166e+03
5.129824667e+00  2.1186131e+03  1.00000e+06  2.04169e+03
5.132389580e+00  2.1186770e+03  1.00000e+06  2.04175e+03
5.134955775e+00  2.1187868e+03  1.00000e+06  2.04186e+03
5.137523252e+00  2.1189372e+03  1.00000e+06  2.04201e+03
5.140092014e+00  2.1191098e+03  1.00000e+06  2.04218e+03
5.142662060e+00  2.1192775e+03  1.00000e+06  2.04234e+03
5.145233391e+00  2.1194124e+03  1.00000e+06  2.04247e+03
5.147806008e+00  2.1194958e+03  1.00000e+06  2.04256e+03
5.150379911e+00  2.1195249e+03  1.00000e+06  2.04258e+03
5.152955101e+00  2.1195161e+03  1.00000e+06  2.04257e+03
5.155531578e+00  2.1195018e+03  1.00000e+06  2.04256e+03
5.158109344e+00  2.1195230e+03  1.00000e+06  2.04257e+03
5.160688399e+00  2.1196179e+03  1.00000e+06  2.04267e+03
5.163268743e+00  2.1198131e+03  1.00000e+06  2.04286e+03
5.165850377e+00  2.1201162e+03  1.00000e+06  2.04316e+03
5.168433303e+00  2.1205142e+03  1.00000e+06  2.04356e+03
5.171017519e+00  2.1209764e+03  1.00000e+06  2.04402e+03
5.173603028e+00  2.1214612e+03  1.00000e+06  2.04450e+03
5.176189829e+00  2.1219249e+03  1.00000e+06  2.04496e+03
5.178777924e+00  2.1223313e+03  1.00000e+06  2.04537e+03
5.181367313e+00  2.1226584e+03  1.00000e+06  2.04569e+03
5.183957997e+00  2.1229026e+03  1.00000e+06  2.04593e+03
5.186549976e+00  2.1230778e+03  1.00000e+06  2.04611e+03
5.189143251e+00  2.1232106e+03  1.00000e+06  2.04624e+03
5.191737823e+00  2.1233328e+03  1.00000e+06  2.04636e+03
5.194333692e+00  2.1234735e+03  1.00000e+06  2.04649e+03
5.196930858e+00  2.1236526e+03  1.00000e+06  2.04667e+03
5.199529324e+00  2.1238778e+03  1.00000e+06  2.04689e+03
5.202129088e+00  2.1241453e+03  1.00000e+06  2.04716e+03
5.204730153e+00  2.1244440e+03  1.00000e+06  2.04746e+03
5.207332518e+00  2.1247605e+03  1.00000e+06  2.04777e+03
5.209936184e+00  2.1250841e+03  1.00000e+06  2.04809e+03
5.212541152e+00  2.1254087e+03  1.00000e+06  2.04842e+03
5.215147423e+00  2.1257329e+03  1.00000e+06  2.04874e+03
5.217754997e+00  2.1260572e+03  1.00000e+06  2.04906e+03
5.220363874e+00  2.1263814e+03  1.00000e+06  2.04938e+03
5.222974056e+00  2.1267026e+03  1.00000e+06  2.04970e+03
5.225585543e+00  2.1270155e+03  1.00000e+06  2.05001e+03
5.228198336e+00  2.1273151e+03  1.00000e+06  2.05031e+03
5.230812435e+00  2.1275996e+03  1.00000e+06  2.05059e+03
5.233427841e+00  2.1278729e+03  1.00000e+06  2.05086e+03
5.236044555e+00  2.1281450e+03  1.00000e+06  2.05113e+03
5.238662578e+00  2.1284304e+03  1.00000e+06  2.05142e+03
5.241281909e+00  2.1287444e+03  1.00000e+06  2.05173e+03
5.243902550e+00  2.1291004e+03  1.00000e+06  2.05208e+03
5.246524501e+00  2.1295073e+03  1.00000e+06  2.05249e+03
5.249147763e+00  2.1299683e+03  1.00000e+06  2.05295e+03
5.251772337e+00  2.1304796e+03  1.00000e+06  2.05345e+03
5.254398223e+00  2.1310298e+03  1.00000e+06  2.05400e+03
5.257025422e+00  2.1315989e+03  1.00000e+06  2.05457e+03
5.259653935e+00  2.1321594e+03  1.00000e+06  2.05513e+03
5.262283762e+00  2.1326788e+03  1.00000e+06  2.05565e+03
5.264914904e+00  2.1331244e+03  1.00000e+06  2.05609e+03
5.267547361e+00  2.1334694e+03  1.00000e+06  2.05643e+03
5.270181135e+00  2.1336986e+03  1.00000e+06  2.05666e+03
5.272816226e+00  2.1338114e+03  1.00000e+06  2.05677e+03
5.275452634e+00  2.1338221e+03  1.00000e+06  2.05678e+03
5.278090360e+00  2.1337561e+03  1.00000e+06  2.05671e+03
5.280729405e+00  2.1336459e+03  1.00000e+06  2.05660e+03
5.283369770e+00  2.1335254e+03  1.00000e+06  2.05647e+03
5.286011455e+00  2.1334255e+03  1.00000e+06  2.05637e+03
5.288654461e+00  2.1333713e+03  1.00000e+06  2.05632e+03
5.291298788e+00  2.1333799e+03  1.00000e+06  2.05632e+03
5.293944437e+00  2.1334604e+03  1.00000e+06  2.05640e+03
5.296591410e+00  2.1336149e+03  1.00000e+06  2.05655e+03
5.299239705e+00  2.1338403e+03  1.00000e+06  2.05678e+03
5.301889325e+00  2.1341297e+03  1.00000e+06  2.05706e+03
5.304540270e+00  2.1344742e+03  1.00000e+06  2.05741e+03
5.307192540e+00  2.1348633e+03  1.00000e+06  2.05779e+03
5.309846136e+00  2.1352838e+03  1.00000e+06  2.05821e+03
5.312501059e+00  2.1357185e+03  1.00000e+06  2.05864e+03
5.315157310e+00  2.1361459e+03  1.00000e+06  2.05907e+03
5.317814888e+00  2.1365400e+03  1.00000e+06  2.05946e+03
5.320473796e+00  2.1368730e+03  1.00000e+06  2.05979e+03
5.323134033e+00  2.1371204e+03  1.00000e+06  2.06004e+03
5.325795600e+00  2.1372664e+03  1.00000e+06  2.06018e+03
5.328458498e+00  2.1373104e+03  1.00000e+06  2.06022e+03
5.331122727e+00  2.1372698e+03  1.00000e+06  2.06018e+03
5.333788288e+00  2.1371797e+03  1.00000e+06  2.06009e+03
5.336455182e+00  2.1370872e+03  1.00000e+06  2.05999e+03
5.339123410e+00  2.1370421e+03  1.00000e+06  2.05995e+03
5.341792972e+00  2.1370857e+03  1.00000e+06  2.05999e+03
5.344463868e+00  2.1372408e+03  1.00000e+06  2.06014e+03
5.347136100e+00  2.1375069e+03  1.00000e+06  2.06041e+03
5.349809668e+00  2.1378602e+03  1.00000e+06  2.06076e+03
5.352484573e+00  2.1382606e+03  1.00000e+06  2.06116e+03
5.355160815e+00  2.1386614e+03  1.00000e+06  2.06155e+03
5.357838396e+00  2.1390211e+03  1.00000e+06  2.06191e+03
5.360517315e+00  2.1393118e+03  1.00000e+06  2.06220e+03
5.363197573e+00  2.1395241e+03  1.00000e+06  2.06241e+03
5.365879172e+00  2.1396655e+03  1.00000e+06  2.06255e+03
5.368562112e+00  2.1397550e+03  1.00000e+06  2.06264e+03
5.371246393e+00  2.1398146e+03  1.00000e+06  2.06270e+03
5.373932016e+00  2.1398617e+03  1.00000e+06  2.06274e+03
5.376618982e+00  2.1399028e+03  1.00000e+06  2.06278e+03
5.379307292e+00  2.1399316e+03  1.00000e+06  2.06281e+03
5.381996945e+00  2.1399307e+03  1.00000e+06  2.06280e+03
5.384687944e+00  2.1398771e+03  1.00000e+06  2.06275e+03
5.387380288e+00  2.1397490e+03  1.00000e+06  2.06262e+03
5.390073978e+00  2.1395341e+03  1.00000e+06  2.06240e+03
5.392769015e+00  2.1392357e+03  1.00000e+06  2.06210e+03
5.395465399e+00  2.1388763e+03  1.00000e+06  2.06174e+03
5.398163132e+00  2.1384956e+03  1.00000e+06  2.06136e+03
5.400862214e+00  2.1381448e+03  1.00000e+06  2.06100e+03
5.403562645e+00  2.1378780e+03  1.00000e+06  2.06073e+03
5.406264426e+00  2.1377431e+03  1.00000e+06  2.06060e+03
5.408967558e+00  2.1377755e+03  1.00000e+06  2.06063e+03
5.411672042e+00  2.1379944e+03  1.00000e+06  2.06084e+03
5.414377878e+00  2.1384037e+03  1.00000e+06  2.06125e+03
5.417085067e+00  2.1389924e+03  1.00000e+06  2.06184e+03
5.419793609e+00  2.1397360e+03  1.00000e+06  2.06258e+03
5.422503506e+00  2.1405970e+03  1.00000e+06  2.06344e+03
5.425214758e+00  2.1415250e+03  1.00000e+06  2.06436e+03
5.427927365e+00  2.1424597e+03  1.00000e+06  2.06530e+03
5.430641329e+00  2.1433373e+03  1.00000e+06  2.06617e+03
5.433356650e+00  2.1440996e+03  1.00000e+06  2.06693e+03
5.436073328e+00  2.1447058e+03  1.00000e+06  2.06754e+03
5.438791365e+00  2.1451408e+03  1.00000e+06  2.06797e+03
5.441510760e+00  2.1454195e+03  1.00000e+06  2.06825e+03
5.444231516e+00  2.1455839e+03  1.00000e+06  2.06841e+03
5.446953632e+00  2.1456937e+03  1.00000e+06  2.06852e+03
5.449677108e+00  2.1458126e+03  1.00000e+06  2.06863e+03
5.452401947e+00  2.1459941e+03  1.00000e+06  2.06881e+03
5.455128148e+00  2.1462714e+03  1.00000e+06  2.06909e+03
5.457855712e+00  2.1466519e+03  1.00000e+06  2.06947e+03
5.460584640e+00  2.1471195e+03  1.00000e+06  2.06993e+03
5.463314932e+00  2.1476415e+03  1.00000e+06  2.07045e+03
5.466046590e+00  2.1481778e+03  1.00000e+06  2.07099e+03
5.468779613e+00  2.1486905e+03  1.00000e+06  2.07150e+03
5.471514003e+00  2.1491504e+03  1.00000e+06  2.07196e+03
5.474249760e+00  2.1495401e+03  1.00000e+06  2.07234e+03
5.476986885e+00  2.1498531e+03  1.00000e+06  2.07265e+03
5.479725378e+00  2.1500907e+03  1.00000e+06  2.07289e+03
5.482465241e+00  2.1502577e+03  1.00000e+06  2.07305e+03
5.485206473e+00  2.1503578e+03  1.00000e+06  2.07315e+03
5.487949077e+00  2.1503911e+03  1.00000e+06  2.07318e+03
5.490693051e+00  2.1503548e+03  1.00000e+06  2.07315e+03
5.493438398e+00  2.1502451e+03  1.00000e+06  2.07303e+03
5.496185117e+00  2.1500624e+03  1.00000e+06  2.07285e+03
5.498933209e+00  2.1498162e+03  1.00000e+06  2.07260e+03
5.501682676e+00  2.1495285e+03  1.00000e+06  2.07231e+03
5.504433517e+00  2.1492337e+03  1.00000e+06  2.07201e+03
5.507185734e+00  2.1489743e+03  1.00000e+06  2.07175e+03
5.509939327e+00  2.1487932e+03  1.00000e+06  2.07157e+03
5.512694297e+00  2.1487249e+03  1.00000e+06  2.07150e+03
5.515450644e+00  2.1487886e+03  1.00000e+06  2.07156e+03
5.518208369e+00  2.1489855e+03  1.00000e+06  2.07176e+03
5.520967473e+00  2.1493010e+03  1.00000e+06  2.07207e+03
5.523727957e+00  2.1497105e+03  1.00000e+06  2.07248e+03
5.526489821e+00  2.1501866e+03  1.00000e+06  2.07295e+03
5.529253066e+00  2.1507052e+03  1.00000e+06  2.07347e+03
5.532017692e+00  2.1512489e+03  1.00000e+06  2.07401e+03
5.534783701e+00  2.1518081e+03  1.00000e+06  2.07457e+03
5.537551093e+00  2.1523792e+03  1.00000e+06  2.07514e+03
5.540319869e+00  2.1529625e+03  1.00000e+06  2.07572e+03
5.543090029e+00  2.1535588e+03  1.00000e+06  2.07631e+03
5.545861574e+00  2.1541664e+03  1.00000e+06  2.07692e+03
5.548634504e+00  2.1547783e+03  1.00000e+06  2.07753e+03
5.551408822e+00  2.1553800e+03  1.00000e+06  2.07813e+03
5.554184526e+00  2.1559509e+03  1.00000e+06  2.07870e+03
5.556961618e+00  2.1564675e+03  1.00000e+06  2.07921e+03
5.559740099e+00  2.1569091e+03  1.00000e+06  2.07965e+03
5.562519969e+00  2.1572639e+03  1.00000e+06  2.08000e+03
5.565301229e+00  2.1575334e+03  1.00000e+06  2.08027e+03
5.568083880e+00  2.1577333e+03  1.00000e+06  2.08047e+03
5.570867922e+00  2.1578899e+03  1.00000e+06  2.08062e+03
5.573653356e+00  2.1580340e+03  1.00000e+06  2.08076e+03
5.576440182e+00  2.1581932e+03  1.00000e+06  2.08092e+03
5.579228403e+00  2.1583860e+03  1.00000e+06  2.08111e+03
5.582018017e+00  2.1586183e+03  1.00000e+06  2.08134e+03
5.584809026e+00  2.1588847e+03  1.00000e+06  2.08161e+03
5.587601430e+00  2.1591721e+03  1.00000e+06  2.08189e+03
5.590395231e+00  2.1594654e+03  1.00000e+06  2.08218e+03
5.593190429e+00  2.1597521e+03  1.00000e+06  2.08247e+03
5.595987024e+00  2.1600249e+03  1.00000e+06  2.08274e+03
5.598785017e+00  2.1602821e+03  1.00000e+06  2.08300e+03
5.601584410e+00  2.1605258e+03  1.00000e+06  2.08324e+03
5.604385202e+00  2.1607601e+03  1.00000e+06  2.08347e+03
5.607187395e+00  2.1609902e+03  1.00000e+06  2.08370e+03
5.609990988e+00  2.1612214e+03  1.00000e+06  2.08393e+03
5.612795984e+00  2.1614597e+03  1.00000e+06  2.08416e+03
5.615602382e+00  2.1617103e+03  1.00000e+06  2.08441e+03
5.618410183e+00  2.1619757e+03  1.00000e+06  2.08467e+03
5.621219388e+00  2.1622531e+03  1.00000e+06  2.08495e+03
5.624029998e+00  2.1625319e+03  1.00000e+06  2.08523e+03
5.626842013e+00  2.1627939e+03  1.00000e+06  2.08549e+03
5.629655434e+00  2.1630163e+03  1.00000e+06  2.08571e+03
5.632470261e+00  2.1631774e+03  1.00000e+06  2.08587e+03
5.635286497e+00  2.1632633e+03  1.00000e+06  2.08595e+03
5.638104140e+00  2.1632745e+03  1.00000e+06  2.08596e+03
5.640923192e+00  2.1632274e+03  1.00000e+06  2.08591e+03
5.643743654e+00  2.1631520e+03  1.00000e+06  2.08583e+03
5.646565525e+00  2.1630850e+03  1.00000e+06  2.08576e+03
5.649388808e+00  2.1630595e+03  1.00000e+06  2.08574e+03
5.652213503e+00  2.1630968e+03  1.00000e+06  2.08577e+03
5.655039609e+00  2.1632010e+03  1.00000e+06  2.08587e+03
5.657867129e+00  2.1633598e+03  1.00000e+06  2.08603e+03
5.660696063e+00  2.1635496e+03  1.00000e+06  2.08622e+03
5.663526411e+00  2.1637446e+03  1.00000e+06  2.08641e+03
5.666358174e+00  2.1639254e+03  1.00000e+06  2.08659e+03
5.669191353e+00  2.1640854e+03  1.00000e+06  2.08675e+03
5.672025949e+00  2.1642324e+03  1.00000e+06  2.08689e+03
5.674861962e+00  2.1643856e+03  1.00000e+06  2.08705e+03
5.677699393e+00  2.1645688e+03  1.00000e+06  2.08723e+03
5.680538242e+00  2.1648014e+03  1.00000e+06  2.08746e+03
5.683378511e+00  2.1650904e+03  1.00000e+06  2.08774e+03
5.686220201e+00  2.1654257e+03  1.00000e+06  2.08808e+03
5.689063311e+00  2.1657804e+03  1.00000e+06  2.08843e+03
5.691907842e+00  2.1661168e+03  1.00000e+06  2.08877e+03
5.694753796e+00  2.1663958e+03  1.00000e+06  2.08904e+03
5.697601173e+00  2.1665886e+03  1.00000e+06  2.08923e+03
5.700449974e+00  2.1666854e+03  1.00000e+06  2.08933e+03
5.703300199e+00  2.1666989e+03  1.00000e+06  2.08934e+03
5.706151849e+00  2.1666623e+03  1.00000e+06  2.08930e+03
5.709004925e+00  2.1666215e+03  1.00000e+06  2.08926e+03
5.711859427e+00  2.1666249e+03  1.00000e+06  2.08926e+03
5.714715357e+00  2.1667147e+03  1.00000e+06  2.08935e+03
5.717572715e+00  2.1669208e+03  1.00000e+06  2.08955e+03
5.720431501e+00  2.1672586e+03  1.00000e+06  2.08989e+03
5.723291717e+00  2.1677295e+03  1.00000e+06  2.09036e+03
5.726153363e+00  2.1683221e+03  1.00000e+06  2.09095e+03
5.729016439e+00  2.1690133e+03  1.00000e+06  2.09164e+03
5.731880948e+00  2.1697682e+03  1.00000e+06  2.09239e+03
5.734746888e+00  2.1705413e+03  1.00000e+06  2.09316e+03
5.737614261e+00  2.1712784e+03  1.00000e+06  2.09390e+03
5.740483069e+00  2.1719228e+03  1.00000e+06  2.09454e+03
5.743353310e+00  2.1724230e+03  1.00000e+06  2.09504e+03
5.746224987e+00  2.1727423e+03  1.00000e+06  2.09535e+03
5.749098099e+00  2.1728669e+03  1.00000e+06  2.09548e+03
5.751972648e+00  2.1728100e+03  1.00000e+06  2.09542e+03
5.754848635e+00  2.1726110e+03  1.00000e+06  2.09522e+03
5.757726059e+00  2.1723283e+03  1.00000e+06  2.09493e+03
5.760604922e+00  2.1720279e+03  1.00000e+06  2.09463e+03
5.763485224e+00  2.1717711e+03  1.00000e+06  2.09437e+03
5.766366967e+00  2.1716027e+03  1.00000e+06  2.09420e+03
5.769250151e+00  2.1715445e+03  1.00000e+06  2.09414e+03
5.772134776e+00  2.1715932e+03  1.00000e+06  2.09419e+03
5.775020843e+00  2.1717259e+03  1.00000e+06  2.09432e+03
5.777908353e+00  2.1719079e+03  1.00000e+06  2.09450e+03
5.780797308e+00  2.1721035e+03  1.00000e+06  2.09469e+03
5.783687706e+00  2.1722843e+03  1.00000e+06  2.09487e+03
5.786579550e+00  2.1724344e+03  1.00000e+06  2.09502e+03
5.789472840e+00  2.1725504e+03  1.00000e+06  2.09513e+03
5.792367576e+00  2.1726375e+03  1.00000e+06  2.09522e+03
5.795263760e+00  2.1727039e+03  1.00000e+06  2.09528e+03
5.798161392e+00  2.1727561e+03  1.00000e+06  2.09533e+03
5.801060473e+00  2.1727971e+03  1.00000e+06  2.09537e+03
5.803961003e+00  2.1728272e+03  1.00000e+06  2.09540e+03
5.806862983e+00  2.1728473e+03  1.00000e+06  2.09542e+03
5.809766415e+00  2.1728620e+03  1.00000e+06  2.09543e+03
5.812671298e+00  2.1728808e+03  1.00000e+06  2.09545e+03
5.815577634e+00  2.1729178e+03  1.00000e+06  2.09548e+03
5.818485423e+00  2.1729888e+03  1.00000e+06  2.09555e+03
5.821394665e+00  2.1731089e+03  1.00000e+06  2.09567e+03
5.824305363e+00  2.1732903e+03  1.00000e+06  2.09585e+03
5.827217515e+00  2.1735411e+03  1.00000e+06  2.09610e+03
5.830131124e+00  2.1738654e+03  1.00000e+06  2.09642e+03
5.833046190e+00  2.1742629e+03  1.00000e+06  2.09682e+03
5.835962713e+00  2.1747281e+03  1.00000e+06  2.09728e+03
5.838880694e+00  2.1752488e+03  1.00000e+06  2.09780e+03
5.841800134e+00  2.1758050e+03  1.00000e+06  2.09835e+03
5.844721035e+00  2.1763689e+03  1.00000e+06  2.09892e+03
5.847643395e+00  2.1769068e+03  1.00000e+06  2.09945e+03
5.850567217e+00  2.1773841e+03  1.00000e+06  2.09993e+03
5.853492500e+00  2.1777716e+03  1.00000e+06  2.10031e+03
5.856419247e+00  2.1780521e+03  1.00000e+06  2.10059e+03
5.859347456e+00  2.1782255e+03  1.00000e+06  2.10076e+03
5.862277130e+00  2.1783110e+03  1.00000e+06  2.10085e+03
5.865208268e+00  2.1783443e+03  1.00000e+06  2.10088e+03
5.868140873e+00  2.1783727e+03  1.00000e+06  2.10090e+03
5.871074943e+00  2.1784458e+03  1.00000e+06  2.10098e+03
5.874010481e+00  2.1786070e+03  1.00000e+06  2.10114e+03
5.876947486e+00  2.1788856e+03  1.00000e+06  2.10141e+03
5.879885960e+00  2.1792914e+03  1.00000e+06  2.10182e+03
5.882825903e+00  2.1798133e+03  1.00000e+06  2.10234e+03
5.885767315e+00  2.1804214e+03  1.00000e+06  2.10294e+03
5.888710199e+00  2.1810725e+03  1.00000e+06  2.10359e+03
5.891654554e+00  2.1817171e+03  1.00000e+06  2.10423e+03
5.894600381e+00  2.1823078e+03  1.00000e+06  2.10482e+03
5.897547682e+00  2.1828063e+03  1.00000e+06  2.10532e+03
5.900496456e+00  2.1831881e+03  1.00000e+06  2.10570e+03
5.903446704e+00  2.1834443e+03  1.00000e+06  2.10595e+03
5.906398427e+00  2.1835797e+03  1.00000e+06  2.10609e+03
5.909351626e+00  2.1836084e+03  1.00000e+06  2.10611e+03
5.912306302e+00  2.1835492e+03  1.00000e+06  2.10605e+03
5.915262455e+00  2.1834211e+03  1.00000e+06  2.10592e+03
5.918220087e+00  2.1832420e+03  1.00000e+06  2.10574e+03
5.921179197e+00  2.1830301e+03  1.00000e+06  2.10553e+03
5.924139786e+00  2.1828067e+03  1.00000e+06  2.10530e+03
5.927101856e+00  2.1825996e+03  1.00000e+06  2.10509e+03
5.930065407e+00  2.1824439e+03  1.00000e+06  2.10494e+03
5.933030440e+00  2.1823795e+03  1.00000e+06  2.10487e+03
5.935996955e+00  2.1824458e+03  1.00000e+06  2.10493e+03
5.938964953e+00  2.1826733e+03  1.00000e+06  2.10516e+03
5.941934436e+00  2.1830771e+03  1.00000e+06  2.10556e+03
5.944905403e+00  2.1836522e+03  1.00000e+06  2.10614e+03
5.947877856e+00  2.1843730e+03  1.00000e+06  2.10685e+03
5.950851795e+00  2.1851978e+03  1.00000e+06  2.10768e+03
5.953827221e+00  2.1860760e+03  1.00000e+06  2.10855e+03
5.956804134e+00  2.1869567e+03  1.00000e+06  2.10943e+03
5.959782536e+00  2.1877957e+03  1.00000e+06  2.11027e+03
5.962762428e+00  2.1885600e+03  1.00000e+06  2.11103e+03
5.965743809e+00  2.1892287e+03  1.00000e+06  2.11170e+03
5.968726681e+00  2.1897922e+03  1.00000e+06  2.11226e+03
5.971711044e+00  2.1902512e+03  1.00000e+06  2.11272e+03
5.974696900e+00  2.1906156e+03  1.00000e+06  2.11308e+03
5.977684248e+00  2.1909037e+03  1.00000e+06  2.11337e+03
5.980673090e+00  2.1911407e+03  1.00000e+06  2.11360e+03
5.983663427e+00  2.1913553e+03  1.00000e+06  2.11381e+03
5.986655258e+00  2.1915731e+03  1.00000e+06  2.11403e+03
5.989648586e+00  2.1918108e+03  1.00000e+06  2.11427e+03
5.992643410e+00  2.1920718e+03  1.00000e+06  2.11453e+03
5.995639732e+00  2.1923460e+03  1.00000e+06  2.11480e+03
5.998637552e+00  2.1926138e+03  1.00000e+06  2.11506e+03
6.001636871e+00  2.1928540e+03  1.00000e+06  2.11530e+03
6.004637689e+00  2.1930508e+03  1.00000e+06  2.11550e+03
6.007640008e+00  2.1931981e+03  1.00000e+06  2.11564e+03
6.010643828e+00  2.1933005e+03  1.00000e+06  2.11574e+03
6.013649150e+00  2.1933687e+03  1.00000e+06  2.11581e+03
6.016655974e+00  2.1934136e+03  1.00000e+06  2.11585e+03
6.019664302e+00  2.1934414e+03  1.00000e+06  2.11588e+03
6.022674135e+00  2.1934506e+03  1.00000e+06  2.11589e+03
6.025685472e+00  2.1934339e+03  1.00000e+06  2.11587e+03
6.028698314e+00  2.1933831e+03  1.00000e+06  2.11582e+03
6.031712663e+00  2.1932955e+03  1.00000e+06  2.11573e+03
6.034728520e+00  2.1931790e+03  1.00000e+06  2.11561e+03
6.037745884e+00  2.1930549e+03  1.00000e+06  2.11548e+03
6.040764757e+00  2.1929560e+03  1.00000e+06  2.11538e+03
6.043785139e+00  2.1929214e+03  1.00000e+06  2.11534e+03
6.046807032e+00  2.1929890e+03  1.00000e+06  2.11541e+03
6.049830435e+00  2.1931890e+03  1.00000e+06  2.11561e+03
6.052855351e+00  2.1935376e+03  1.00000e+06  2.11595e+03
6.055881778e+00  2.1940347e+03  1.00000e+06  2.11645e+03
6.058909719e+00  2.1946637e+03  1.00000e+06  2.11708e+03
6.061939174e+00  2.1953948e+03  1.00000e+06  2.11781e+03
6.064970144e+00  2.1961886e+03  1.00000e+06  2.11860e+03
6.068002629e+00  2.1970023e+03  1.00000e+06  2.11941e+03
6.071036630e+00  2.1977944e+03  1.00000e+06  2.12020e+03
6.074072148e+00  2.1985294e+03  1.00000e+06  2.12093e+03
6.077109184e+00  2.1991810e+03  1.00000e+06  2.12158e+03
6.080147739e+00  2.1997334e+03  1.00000e+06  2.12213e+03
6.083187813e+00  2.2001811e+03  1.00000e+06  2.12258e+03
6.086229407e+00  2.2005265e+03  1.00000e+06  2.12292e+03
6.089272522e+00  2.2007758e+03  1.00000e+06  2.12317e+03
6.092317158e+00  2.2009354e+03  1.00000e+06  2.12333e+03
6.095363316e+00  2.2010080e+03  1.00000e+06  2.12340e+03
6.098410998e+00  2.2009914e+03  1.00000e+06  2.12338e+03
6.101460204e+00  2.2008793e+03  1.00000e+06  2.12327e+03
6.104510934e+00  2.2006652e+03  1.00000e+06  2.12305e+03
6.107563189e+00  2.2003477e+03  1.00000e+06  2.12273e+03
6.110616971e+00  2.1999360e+03  1.00000e+06  2.12232e+03
6.113672279e+00  2.1994550e+03  1.00000e+06  2.12184e+03
6.116729115e+00  2.1989462e+03  1.00000e+06  2.12133e+03
6.119787480e+00  2.1984650e+03  1.00000e+06  2.12084e+03
6.122847374e+00  2.1980738e+03  1.00000e+06  2.12045e+03
6.125908797e+00  2.1978310e+03  1.00000e+06  2.12020e+03
6.128971752e+00  2.1977801e+03  1.00000e+06  2.12015e+03
6.132036238e+00  2.1979407e+03  1.00000e+06  2.12031e+03
6.135102256e+00  2.1983045e+03  1.00000e+06  2.12067e+03
6.138169807e+00  2.1988372e+03  1.00000e+06  2.12120e+03
6.141238892e+00  2.1994863e+03  1.00000e+06  2.12185e+03
6.144309511e+00  2.2001926e+03  1.00000e+06  2.12256e+03
6.147381666e+00  2.2009026e+03  1.00000e+06  2.12326e+03
6.150455357e+00  2.2015781e+03  1.00000e+06  2.12394e+03
6.153530584e+00  2.2022015e+03  1.00000e+06  2.12456e+03
6.156607350e+00  2.2027751e+03  1.00000e+06  2.12513e+03
6.159685653e+00  2.2033156e+03  1.00000e+06  2.12567e+03
6.162765496e+00  2.2038460e+03  1.00000e+06  2.12620e+03
6.165846879e+00  2.2043866e+03  1.00000e+06  2.12674e+03
6.168929802e+00  2.2049489e+03  1.00000e+06  2.12730e+03
6.172014267e+00  2.2055319e+03  1.00000e+06  2.12788e+03
6.175100274e+00  2.2061225e+03  1.00000e+06  2.12847e+03
6.178187825e+00  2.2066981e+03  1.00000e+06  2.12904e+03
6.181276919e+00  2.2072311e+03  1.00000e+06  2.12957e+03
6.184367557e+00  2.2076927e+03  1.00000e+06  2.13003e+03
6.187459741e+00  2.2080571e+03  1.00000e+06  2.13040e+03
6.190553471e+00  2.2083047e+03  1.00000e+06  2.13064e+03
6.193648747e+00  2.2084245e+03  1.00000e+06  2.13076e+03
6.196745572e+00  2.2084148e+03  1.00000e+06  2.13075e+03
6.199843945e+00  2.2082843e+03  1.00000e+06  2.13062e+03
6.202943867e+00  2.2080511e+03  1.00000e+06  2.13038e+03
6.206045338e+00  2.2077429e+03  1.00000e+06  2.13007e+03
6.209148361e+00  2.2073964e+03  1.00000e+06  2.12972e+03
6.212252935e+00  2.2070568e+03  1.00000e+06  2.12938e+03
6.215359062e+00  2.2067765e+03  1.00000e+06  2.12910e+03
6.218466741e+00  2.2066103e+03  1.00000e+06  2.12893e+03
6.221575975e+00  2.2066091e+03  1.00000e+06  2.12893e+03
6.224686763e+00  2.2068099e+03  1.00000e+06  2.12913e+03
6.227799106e+00  2.2072271e+03  1.00000e+06  2.12954e+03
6.230913006e+00  2.2078457e+03  1.00000e+06  2.13016e+03
6.234028462e+00  2.2086205e+03  1.00000e+06  2.13093e+03
6.237145476e+00  2.2094808e+03  1.00000e+06  2.13179e+03
6.240264049e+00  2.2103415e+03  1.00000e+06  2.13265e+03
6.243384181e+00  2.2111160e+03  1.00000e+06  2.13342e+03
6.246505873e+00  2.2117288e+03  1.00000e+06  2.13403e+03
6.249629126e+00  2.2121249e+03  1.00000e+06  2.13443e+03
6.252753941e+00  2.2122738e+03  1.00000e+06  2.13457e+03
6.255880318e+00  2.2121684e+03  1.00000e+06  2.13447e+03
6.259008258e+00  2.2118201e+03  1.00000e+06  2.13412e+03
6.262137762e+00  2.2112527e+03  1.00000e+06  2.13355e+03
6.265268831e+00  2.2104989e+03  1.00000e+06  2.13279e+03
6.268401465e+00  2.2095997e+03  1.00000e+06  2.13189e+03
6.271535666e+00  2.2086080e+03  1.00000e+06  2.13090e+03
6.274671434e+00  2.2075925e+03  1.00000e+06  2.12988e+03
6.277808770e+00  2.2066387e+03  1.00000e+06  2.12893e+03
6.280947674e+00  2.2058426e+03  1.00000e+06  2.12813e+03
6.284088148e+00  2.2052956e+03  1.00000e+06  2.12758e+03
6.287230192e+00  2.2050644e+03  1.00000e+06  2.12735e+03
6.290373807e+00  2.2051714e+03  1.00000e+06  2.12745e+03
6.293518994e+00  2.2055840e+03  1.00000e+06  2.12786e+03
6.296665753e+00  2.2062189e+03  1.00000e+06  2.12850e+03
6.299814086e+00  2.2069614e+03  1.00000e+06  2.12924e+03
6.302963993e+00  2.2076948e+03  1.00000e+06  2.12997e+03
6.306115475e+00  2.2083300e+03  1.00000e+06  2.13060e+03
6.309268533e+00  2.2088269e+03  1.00000e+06  2.13110e+03
6.312423167e+00  2.2091991e+03  1.00000e+06  2.13147e+03
6.315579379e+00  2.2095033e+03  1.00000e+06  2.13177e+03
6.318737168e+00  2.2098165e+03  1.00000e+06  2.13208e+03
6.321896537e+00  2.2102102e+03  1.00000e+06  2.13247e+03
6.325057485e+00  2.2107294e+03  1.00000e+06  2.13299e+03
6.328220014e+00  2.2113821e+03  1.00000e+06  2.13364e+03
6.331384124e+00  2.2121420e+03  1.00000e+06  2.13440e+03
6.334549816e+00  2.2129606e+03  1.00000e+06  2.13522e+03
6.337717091e+00  2.2137854e+03  1.00000e+06  2.13604e+03
6.340885950e+00  2.2145755e+03  1.00000e+06  2.13683e+03
6.344056393e+00  2.2153114e+03  1.00000e+06  2.13756e+03
6.347228421e+00  2.2159966e+03  1.00000e+06  2.13825e+03
6.350402035e+00  2.2166495e+03  1.00000e+06  2.13890e+03
6.353577236e+00  2.2172927e+03  1.00000e+06  2.13954e+03
6.356754025e+00  2.2179407e+03  1.00000e+06  2.14018e+03
6.359932402e+00  2.2185926e+03  1.00000e+06  2.14083e+03
6.363112368e+00  2.2192312e+03  1.00000e+06  2.14147e+03
6.366293924e+00  2.2198271e+03  1.00000e+06  2.14207e+03
6.369477071e+00  2.2203478e+03  1.00000e+06  2.14258e+03
6.372661810e+00  2.2207661e+03  1.00000e+06  2.14300e+03
6.375848140e+00  2.2210663e+03  1.00000e+06  2.14330e+03
6.379036064e+00  2.2212458e+03  1.00000e+06  2.14348e+03
6.382225583e+00  2.2213134e+03  1.00000e+06  2.14354e+03
6.385416695e+00  2.2212852e+03  1.00000e+06  2.14351e+03
6.388609404e+00  2.2211817e+03  1.00000e+06  2.14341e+03
6.391803708e+00  2.2210259e+03  1.00000e+06  2.14325e+03
6.394999610e+00  2.2208438e+03  1.00000e+06  2.14307e+03
6.398197110e+00  2.2206651e+03  1.00000e+06  2.14289e+03
6.401396209e+00  2.2205221e+03  1.00000e+06  2.14274e+03
6.404596907e+00  2.2204463e+03  1.00000e+06  2.14266e+03
6.407799205e+00  2.2204633e+03  1.00000e+06  2.14268e+03
6.411003105e+00  2.2205873e+03  1.00000e+06  2.14280e+03
6.414208606e+00  2.2208176e+03  1.00000e+06  2.14303e+03
6.417415711e+00  2.2211394e+03  1.00000e+06  2.14335e+03
6.420624418e+00  2.2215269e+03  1.00000e+06  2.14374e+03
6.423834731e+00  2.2219489e+03  1.00000e+06  2.14416e+03
6.427046648e+00  2.2223744e+03  1.00000e+06  2.14458e+03
6.430260171e+00  2.2227762e+03  1.00000e+06  2.14498e+03
6.433475301e+00  2.2231321e+03  1.00000e+06  2.14533e+03
6.436692039e+00  2.2234252e+03  1.00000e+06  2.14563e+03
6.439910385e+00  2.2236412e+03  1.00000e+06  2.14584e+03
6.443130340e+00  2.2237665e+03  1.00000e+06  2.14596e+03
6.446351905e+00  2.2237874e+03  1.00000e+06  2.14598e+03
6.449575081e+00  2.2236913e+03  1.00000e+06  2.14589e+03
6.452799869e+00  2.2234710e+03  1.00000e+06  2.14566e+03
6.456026269e+00  2.2231323e+03  1.00000e+06  2.14532e+03
6.459254282e+00  2.2226997e+03  1.00000e+06  2.14489e+03
6.462483909e+00  2.2222183e+03  1.00000e+06  2.14441e+03
6.465715151e+00  2.2217497e+03  1.00000e+06  2.14394e+03
6.468948009e+00  2.2213592e+03  1.00000e+06  2.14354e+03
6.472182483e+00  2.2211015e+03  1.00000e+06  2.14328e+03
6.475418574e+00  2.2210062e+03  1.00000e+06  2.14319e+03
6.478656283e+00  2.2210718e+03  1.00000e+06  2.14325e+03
6.481895611e+00  2.2212673e+03  1.00000e+06  2.14344e+03
6.485136559e+00  2.2215421e+03  1.00000e+06  2.14372e+03
6.488379127e+00  2.2218398e+03  1.00000e+06  2.14401e+03
6.491623317e+00  2.2221114e+03  1.00000e+06  2.14428e+03
6.494869129e+00  2.2223240e+03  1.00000e+06  2.14449e+03
6.498116563e+00  2.2224642e+03  1.00000e+06  2.14463e+03
6.501365622e+00  2.2225370e+03  1.00000e+06  2.14470e+03
6.504616304e+00  2.2225609e+03  1.00000e+06  2.14473e+03
6.507868612e+00  2.2225624e+03  1.00000e+06  2.14473e+03
6.511122547e+00  2.2225699e+03  1.00000e+06  2.14473e+03
6.514378108e+00  2.2226093e+03  1.00000e+06  2.14477e+03
6.517635297e+00  2.2227004e+03  1.00000e+06  2.14486e+03
6.520894115e+00  2.2228550e+03  1.00000e+06  2.14501e+03
6.524154562e+00  2.2230761e+03  1.00000e+06  2.14523e+03
6.527416639e+00  2.2233592e+03  1.00000e+06  2.14551e+03
6.530680347e+00  2.2236950e+03  1.00000e+06  2.14585e+03
6.533945688e+00  2.2240718e+03  1.00000e+06  2.14622e+03
6.537212660e+00  2.2244783e+03  1.00000e+06  2.14663e+03
6.540481267e+00  2.2249043e+03  1.00000e+06  2.14705e+03
6.543751507e+00  2.2253405e+03  1.00000e+06  2.14749e+03
6.547023383e+00  2.2257778e+03  1.00000e+06  2.14792e+03
6.550296895e+00  2.2262069e+03  1.00000e+06  2.14835e+03
6.553572043e+00  2.2266198e+03  1.00000e+06  2.14876e+03
6.556848829e+00  2.2270123e+03  1.00000e+06  2.14915e+03
6.560127254e+00  2.2273867e+03  1.00000e+06  2.14952e+03
6.563407317e+00  2.2277529e+03  1.00000e+06  2.14989e+03
6.566689021e+00  2.2281258e+03  1.00000e+06  2.15026e+03
6.569972366e+00  2.2285197e+03  1.00000e+06  2.15065e+03
6.573257352e+00  2.2289402e+03  1.00000e+06  2.15107e+03
6.576543980e+00  2.2293787e+03  1.00000e+06  2.15151e+03
6.579832252e+00  2.2298108e+03  1.00000e+06  2.15194e+03
6.583122169e+00  2.2302022e+03  1.00000e+06  2.15233e+03
6.586413730e+00  2.2305197e+03  1.00000e+06  2.15264e+03
6.589706936e+00  2.2307456e+03  1.00000e+06  2.15287e+03
6.593001790e+00  2.2308878e+03  1.00000e+06  2.15301e+03
6.596298291e+00  2.2309814e+03  1.00000e+06  2.15310e+03
6.599596440e+00  2.2310794e+03  1.00000e+06  2.15320e+03
6.602896238e+00  2.2312348e+03  1.00000e+06  2.15335e+03
6.606197686e+00  2.2314793e+03  1.00000e+06  2.15359e+03
6.609500785e+00  2.2318086e+03  1.00000e+06  2.15392e+03
6.612805536e+00  2.2321790e+03  1.00000e+06  2.15429e+03
6.616111938e+00  2.2325198e+03  1.00000e+06  2.15463e+03
6.619419994e+00  2.2327558e+03  1.00000e+06  2.15486e+03
6.622729704e+00  2.2328338e+03  1.00000e+06  2.15494e+03
6.626041069e+00  2.2327416e+03  1.00000e+06  2.15485e+03
6.629354090e+00  2.2325139e+03  1.00000e+06  2.15462e+03
6.632668767e+00  2.2322230e+03  1.00000e+06  2.15432e+03
6.635985101e+00  2.2319581e+03  1.00000e+06  2.15406e+03
6.639303094e+00  2.2318012e+03  1.00000e+06  2.15390e+03
6.642622745e+00  2.2318080e+03  1.00000e+06  2.15390e+03
6.645944057e+00  2.2319999e+03  1.00000e+06  2.15409e+03
6.649267029e+00  2.2323664e+03  1.00000e+06  2.15446e+03
6.652591662e+00  2.2328757e+03  1.00000e+06  2.15497e+03
6.655917958e+00  2.2334871e+03  1.00000e+06  2.15558e+03
6.659245917e+00  2.2341603e+03  1.00000e+06  2.15625e+03
6.662575540e+00  2.2348588e+03  1.00000e+06  2.15694e+03
6.665906828e+00  2.2355473e+03  1.00000e+06  2.15763e+03
6.669239781e+00  2.2361887e+03  1.00000e+06  2.15827e+03
6.672574401e+00  2.2367412e+03  1.00000e+06  2.15882e+03
6.675910688e+00  2.2371609e+03  1.00000e+06  2.15924e+03
6.679248644e+00  2.2374077e+03  1.00000e+06  2.15948e+03
6.682588268e+00  2.2374557e+03  1.00000e+06  2.15953e+03
6.685929562e+00  2.2373006e+03  1.00000e+06  2.15937e+03
6.689272527e+00  2.2369655e+03  1.00000e+06  2.15904e+03
6.692617163e+00  2.2364993e+03  1.00000e+06  2.15857e+03
6.695963472e+00  2.2359701e+03  1.00000e+06  2.15804e+03
6.699311453e+00  2.2354544e+03  1.00000e+06  2.15752e+03
6.702661109e+00  2.2350243e+03  1.00000e+06  2.15709e+03
6.706012440e+00  2.2347375e+03  1.00000e+06  2.15680e+03
6.709365446e+00  2.2346296e+03  1.00000e+06  2.15669e+03
6.712720129e+00  2.2347128e+03  1.00000e+06  2.15677e+03
6.716076489e+00  2.2349780e+03  1.00000e+06  2.15704e+03
6.719434527e+00  2.2354009e+03  1.00000e+06  2.15746e+03
6.722794244e+00  2.2359489e+03  1.00000e+06  2.15800e+03
6.726155641e+00  2.2365863e+03  1.00000e+06  2.15864e+03
6.729518719e+00  2.2372777e+03  1.00000e+06  2.15933e+03
6.732883478e+00  2.2379883e+03  1.00000e+06  2.16004e+03
6.736249920e+00  2.2386823e+03  1.00000e+06  2.16073e+03
6.739618045e+00  2.2393223e+03  1.00000e+06  2.16137e+03
6.742987854e+00  2.2398702e+03  1.00000e+06  2.16192e+03
6.746359348e+00  2.2402925e+03  1.00000e+06  2.16234e+03
6.749732528e+00  2.2405664e+03  1.00000e+06  2.16261e+03
6.753107394e+00  2.2406873e+03  1.00000e+06  2.16273e+03
6.756483948e+00  2.2406723e+03  1.00000e+06  2.16271e+03
6.759862190e+00  2.2405599e+03  1.00000e+06  2.16260e+03
6.763242121e+00  2.2404027e+03  1.00000e+06  2.16244e+03
6.766623742e+00  2.2402571e+03  1.00000e+06  2.16229e+03
6.770007054e+00  2.2401724e+03  1.00000e+06  2.16221e+03
6.773392057e+00  2.2401822e+03  1.00000e+06  2.16221e+03
6.776778753e+00  2.2403005e+03  1.00000e+06  2.16233e+03
6.780167143e+00  2.2405236e+03  1.00000e+06  2.16255e+03
6.783557226e+00  2.2408353e+03  1.00000e+06  2.16286e+03
6.786949005e+00  2.2412127e+03  1.00000e+06  2.16324e+03
6.790342479e+00  2.2416314e+03  1.00000e+06  2.16365e+03
6.793737651e+00  2.2420683e+03  1.00000e+06  2.16409e+03
6.797134519e+00  2.2425014e+03  1.00000e+06  2.16452e+03
6.800533087e+00  2.2429092e+03  1.00000e+06  2.16493e+03
6.803933353e+00  2.2432702e+03  1.00000e+06  2.16529e+03
6.807335320e+00  2.2435633e+03  1.00000e+06  2.16558e+03
6.810738988e+00  2.2437708e+03  1.00000e+06  2.16578e+03
6.814144357e+00  2.2438815e+03  1.00000e+06  2.16589e+03
6.817551429e+00  2.2438944e+03  1.00000e+06  2.16590e+03
6.820960205e+00  2.2438196e+03  1.00000e+06  2.16583e+03
6.824370685e+00  2.2436778e+03  1.00000e+06  2.16569e+03
6.827782870e+00  2.2434962e+03  1.00000e+06  2.16550e+03
6.831196762e+00  2.2433034e+03  1.00000e+06  2.16531e+03
6.834612360e+00  2.2431245e+03  1.00000e+06  2.16513e+03
6.838029666e+00  2.2429779e+03  1.00000e+06  2.16498e+03
6.841448681e+00  2.2428741e+03  1.00000e+06  2.16487e+03
6.844869406e+00  2.2428185e+03  1.00000e+06  2.16482e+03
6.848291840e+00  2.2428146e+03  1.00000e+06  2.16481e+03
6.851715986e+00  2.2428687e+03  1.00000e+06  2.16486e+03
6.855141844e+00  2.2429924e+03  1.00000e+06  2.16499e+03
6.858569415e+00  2.2432031e+03  1.00000e+06  2.16519e+03
6.861998700e+00  2.2435206e+03  1.00000e+06  2.16551e+03
6.865429699e+00  2.2439613e+03  1.00000e+06  2.16595e+03
6.868862414e+00  2.2445320e+03  1.00000e+06  2.16652e+03
6.872296845e+00  2.2452249e+03  1.00000e+06  2.16721e+03
6.875732994e+00  2.2460156e+03  1.00000e+06  2.16800e+03
6.879170860e+00  2.2468666e+03  1.00000e+06  2.16885e+03
6.882610446e+00  2.2477338e+03  1.00000e+06  2.16971e+03
6.886051751e+00  2.2485752e+03  1.00000e+06  2.17055e+03
6.889494777e+00  2.2493586e+03  1.00000e+06  2.17134e+03
6.892939524e+00  2.2500654e+03  1.00000e+06  2.17204e+03
6.896385994e+00  2.2506893e+03  1.00000e+06  2.17266e+03
6.899834187e+00  2.2512312e+03  1.00000e+06  2.17320e+03
6.903284104e+00  2.2516928e+03  1.00000e+06  2.17366e+03
6.906735746e+00  2.2520710e+03  1.00000e+06  2.17404e+03
6.910189114e+00  2.2523559e+03  1.00000e+06  2.17432e+03
6.913644208e+00  2.2525317e+03  1.00000e+06  2.17450e+03
6.917101030e+00  2.2525814e+03  1.00000e+06  2.17455e+03
6.920559581e+00  2.2524916e+03  1.00000e+06  2.17445e+03
6.924019861e+00  2.2522577e+03  1.00000e+06  2.17422e+03
6.927481871e+00  2.2518882e+03  1.00000e+06  2.17385e+03
6.930945612e+00  2.2514066e+03  1.00000e+06  2.17336e+03
6.934411084e+00  2.2508522e+03  1.00000e+06  2.17281e+03
6.937878290e+00  2.2502787e+03  1.00000e+06  2.17223e+03
6.941347229e+00  2.2497499e+03  1.00000e+06  2.17170e+03
6.944817903e+00  2.2493330e+03  1.00000e+06  2.17128e+03
6.948290312e+00  2.2490896e+03  1.00000e+06  2.17104e+03
6.951764457e+00  2.2490658e+03  1.00000e+06  2.17101e+03
6.955240339e+00  2.2492837e+03  1.00000e+06  2.17123e+03
6.958717959e+00  2.2497358e+03  1.00000e+06  2.17168e+03
6.962197318e+00  2.2503860e+03  1.00000e+06  2.17233e+03
6.965678417e+00  2.2511763e+03  1.00000e+06  2.17312e+03
6.969161256e+00  2.2520369e+03  1.00000e+06  2.17398e+03
6.972645837e+00  2.2528985e+03  1.00000e+06  2.17484e+03
6.976132160e+00  2.2537025e+03  1.00000e+06  2.17564e+03
6.979620226e+00  2.2544072e+03  1.00000e+06  2.17634e+03
6.983110036e+00  2.2549885e+03  1.00000e+06  2.17692e+03
6.986601591e+00  2.2554382e+03  1.00000e+06  2.17737e+03
6.990094892e+00  2.2557594e+03  1.00000e+06  2.17769e+03
6.993589939e+00  2.2559625e+03  1.00000e+06  2.17789e+03
6.997086734e+00  2.2560621e+03  1.00000e+06  2.17799e+03
7.000585277e+00  2.2560744e+03  1.00000e+06  2.17800e+03
7.004085570e+00  2.2560164e+03  1.00000e+06  2.17794e+03
7.007587613e+00  2.2559043e+03  1.00000e+06  2.17783e+03
7.011091407e+00  2.2557536e+03  1.00000e+06  2.17768e+03
7.014596952e+00  2.2555777e+03  1.00000e+06  2.17750e+03
7.018104251e+00  2.2553892e+03  1.00000e+06  2.17731e+03
7.021613303e+00  2.2551998e+03  1.00000e+06  2.17712e+03
7.025124110e+00  2.2550215e+03  1.00000e+06  2.17694e+03
7.028636672e+00  2.2548665e+03  1.00000e+06  2.17678e+03
7.032150990e+00  2.2547465e+03  1.00000e+06  2.17666e+03
7.035667065e+00  2.2546704e+03  1.00000e+06  2.17658e+03
7.039184899e+00  2.2546432e+03  1.00000e+06  2.17655e+03
7.042704491e+00  2.2546647e+03  1.00000e+06  2.17657e+03
7.046225844e+00  2.2547302e+03  1.00000e+06  2.17664e+03
7.049748957e+00  2.2548317e+03  1.00000e+06  2.17674e+03
7.053273831e+00  2.2549602e+03  1.00000e+06  2.17686e+03
7.056800468e+00  2.2551068e+03  1.00000e+06  2.17701e+03
7.060328868e+00  2.2552648e+03  1.00000e+06  2.17717e+03
7.063859033e+00  2.2554306e+03  1.00000e+06  2.17733e+03
7.067390962e+00  2.2556045e+03  1.00000e+06  2.17750e+03
7.070924658e+00  2.2557920e+03  1.00000e+06  2.17769e+03
7.074460120e+00  2.2560025e+03  1.00000e+06  2.17790e+03
7.077997350e+00  2.2562476e+03  1.00000e+06  2.17814e+03
7.081536349e+00  2.2565366e+03  1.00000e+06  2.17843e+03
7.085077117e+00  2.2568725e+03  1.00000e+06  2.17876e+03
7.088619655e+00  2.2572477e+03  1.00000e+06  2.17914e+03
7.092163965e+00  2.2576444e+03  1.00000e+06  2.17953e+03
7.095710047e+00  2.2580366e+03  1.00000e+06  2.17992e+03
7.099257902e+00  2.2583962e+03  1.00000e+06  2.18028e+03
7.102807531e+00  2.2586987e+03  1.00000e+06  2.18058e+03
7.106358935e+00  2.2589285e+03  1.00000e+06  2.18081e+03
7.109912115e+00  2.2590814e+03  1.00000e+06  2.18096e+03
7.113467071e+00  2.2591645e+03  1.00000e+06  2.18104e+03
7.117023804e+00  2.2591951e+03  1.00000e+06  2.18107e+03
7.120582316e+00  2.2591985e+03  1.00000e+06  2.18107e+03
7.124142607e+00  2.2592072e+03  1.00000e+06  2.18108e+03
7.127704678e+00  2.2592589e+03  1.00000e+06  2.18113e+03
7.131268531e+00  2.2593943e+03  1.00000e+06  2.18126e+03
7.134834165e+00  2.2596533e+03  1.00000e+06  2.18152e+03
7.138401582e+00  2.2600696e+03  1.00000e+06  2.18194e+03
7.141970783e+00  2.2606644e+03  1.00000e+06  2.18253e+03
7.145541768e+00  2.2614417e+03  1.00000e+06  2.18331e+03
7.149114539e+00  2.2623858e+03  1.00000e+06  2.18425e+03
7.152689096e+00  2.2634613e+03  1.00000e+06  2.18532e+03
7.156265441e+00  2.2646161e+03  1.00000e+06  2.18648e+03
7.159843574e+00  2.2657855e+03  1.00000e+06  2.18764e+03
7.163423496e+00  2.2668971e+03  1.00000e+06  2.18875e+03
7.167005207e+00  2.2678765e+03  1.00000e+06  2.18973e+03
7.170588710e+00  2.2686538e+03  1.00000e+06  2.19051e+03
7.174174004e+00  2.2691713e+03  1.00000e+06  2.19102e+03
7.177761091e+00  2.2693926e+03  1.00000e+06  2.19124e+03
7.181349972e+00  2.2693106e+03  1.00000e+06  2.19116e+03
7.184940647e+00  2.2689531e+03  1.00000e+06  2.19080e+03
7.188533117e+00  2.2683816e+03  1.00000e+06  2.19023e+03
7.192127384e+00  2.2676825e+03  1.00000e+06  2.18953e+03
7.195723447e+00  2.2669527e+03  1.00000e+06  2.18879e+03
7.199321309e+00  2.2662818e+03  1.00000e+06  2.18812e+03
7.202920970e+00  2.2657367e+03  1.00000e+06  2.18758e+03
7.206522430e+00  2.2653533e+03  1.00000e+06  2.18719e+03
7.210125691e+00  2.2651373e+03  1.00000e+06  2.18697e+03
7.213730754e+00  2.2650715e+03  1.00000e+06  2.18691e+03
7.217337620e+00  2.2651282e+03  1.00000e+06  2.18696e+03
7.220946288e+00  2.2652802e+03  1.00000e+06  2.18711e+03
7.224556762e+00  2.2655075e+03  1.00000e+06  2.18734e+03
7.228169040e+00  2.2657995e+03  1.00000e+06  2.18763e+03
7.231783125e+00  2.2661522e+03  1.00000e+06  2.18798e+03
7.235399016e+00  2.2665631e+03  1.00000e+06  2.18839e+03
7.239016716e+00  2.2670266e+03  1.00000e+06  2.18885e+03
7.242636224e+00  2.2675310e+03  1.00000e+06  2.18935e+03
7.246257542e+00  2.2680584e+03  1.00000e+06  2.18988e+03
7.249880671e+00  2.2685879e+03  1.00000e+06  2.19041e+03
7.253505611e+00  2.2690995e+03  1.00000e+06  2.19092e+03
7.257132364e+00  2.2695800e+03  1.00000e+06  2.19140e+03
7.260760930e+00  2.2700257e+03  1.00000e+06  2.19184e+03
7.264391311e+00  2.2704438e+03  1.00000e+06  2.19226e+03
7.268023506e+00  2.2708505e+03  1.00000e+06  2.19266e+03
7.271657518e+00  2.2712664e+03  1.00000e+06  2.19308e+03
7.275293347e+00  2.2717121e+03  1.00000e+06  2.19352e+03
7.278930993e+00  2.2722030e+03  1.00000e+06  2.19401e+03
7.282570459e+00  2.2727462e+03  1.00000e+06  2.19455e+03
7.286211744e+00  2.2733380e+03  1.00000e+06  2.19514e+03
7.289854850e+00  2.2739629e+03  1.00000e+06  2.19577e+03
7.293499777e+00  2.2745941e+03  1.00000e+06  2.19640e+03
7.297146527e+00  2.2751956e+03  1.00000e+06  2.19700e+03
7.300795101e+00  2.2757271e+03  1.00000e+06  2.19753e+03
7.304445498e+00  2.2761508e+03  1.00000e+06  2.19795e+03
7.308097721e+00  2.2764387e+03  1.00000e+06  2.19823e+03
7.311751770e+00  2.2765790e+03  1.00000e+06  2.19837e+03
7.315407646e+00  2.2765779e+03  1.00000e+06  2.19837e+03
7.319065350e+00  2.2764572e+03  1.00000e+06  2.19825e+03
7.322724882e+00  2.2762479e+03  1.00000e+06  2.19804e+03
7.326386245e+00  2.2759822e+03  1.00000e+06  2.19777e+03
7.330049438e+00  2.2756878e+03  1.00000e+06  2.19747e+03
7.333714462e+00  2.2753857e+03  1.00000e+06  2.19717e+03
7.337381320e+00  2.2750924e+03  1.00000e+06  2.19688e+03
7.341050010e+00  2.2748247e+03  1.00000e+06  2.19661e+03
7.344720535e+00  2.2746032e+03  1.00000e+06  2.19638e+03
7.348392896e+00  2.2744522e+03  1.00000e+06  2.19623e+03
7.352067092e+00  2.2743957e+03  1.00000e+06  2.19617e+03
7.355743126e+00  2.2744499e+03  1.00000e+06  2.19623e+03
7.359420997e+00  2.2746173e+03  1.00000e+06  2.19639e+03
7.363100708e+00  2.2748832e+03  1.00000e+06  2.19666e+03
7.366782258e+00  2.2752184e+03  1.00000e+06  2.19699e+03
7.370465649e+00  2.2755864e+03  1.00000e+06  2.19736e+03
7.374150882e+00  2.2759541e+03  1.00000e+06  2.19772e+03
7.377837957e+00  2.2763010e+03  1.00000e+06  2.19807e+03
7.381526876e+00  2.2766246e+03  1.00000e+06  2.19839e+03
7.385217640e+00  2.2769387e+03  1.00000e+06  2.19870e+03
7.388910249e+00  2.2772655e+03  1.00000e+06  2.19903e+03
7.392604704e+00  2.2776238e+03  1.00000e+06  2.19939e+03
7.396301006e+00  2.2780171e+03  1.00000e+06  2.19978e+03
7.399999157e+00  2.2784289e+03  1.00000e+06  2.20019e+03
7.403699156e+00  2.2788245e+03  1.00000e+06  2.20058e+03
7.407401006e+00  2.2791622e+03  1.00000e+06  2.20092e+03
7.411104706e+00  2.2794065e+03  1.00000e+06  2.20116e+03
7.414810259e+00  2.2795400e+03  1.00000e+06  2.20129e+03
7.418517664e+00  2.2795673e+03  1.00000e+06  2.20132e+03
7.422226923e+00  2.2795086e+03  1.00000e+06  2.20126e+03
7.425938036e+00  2.2793884e+03  1.00000e+06  2.20114e+03
7.429651005e+00  2.2792224e+03  1.00000e+06  2.20097e+03
7.433365831e+00  2.2790105e+03  1.00000e+06  2.20076e+03
7.437082514e+00  2.2787404e+03  1.00000e+06  2.20048e+03
7.440801055e+00  2.2783999e+03  1.00000e+06  2.20014e+03
7.444521455e+00  2.2779933e+03  1.00000e+06  2.19973e+03
7.448243716e+00  2.2775540e+03  1.00000e+06  2.19929e+03
7.451967838e+00  2.2771484e+03  1.00000e+06  2.19889e+03
7.455693822e+00  2.2768651e+03  1.00000e+06  2.19860e+03
7.459421669e+00  2.2767959e+03  1.00000e+06  2.19853e+03
7.463151380e+00  2.2770121e+03  1.00000e+06  2.19875e+03
7.466882955e+00  2.2775455e+03  1.00000e+06  2.19928e+03
7.470616397e+00  2.2783796e+03  1.00000e+06  2.20011e+03
7.474351705e+00  2.2794546e+03  1.00000e+06  2.20118e+03
7.478088881e+00  2.2806822e+03  1.00000e+06  2.20241e+03
7.481827925e+00  2.2819647e+03  1.00000e+06  2.20369e+03
7.485568839e+00  2.2832127e+03  1.00000e+06  2.20494e+03
7.489311624e+00  2.2843563e+03  1.00000e+06  2.20608e+03
7.493056279e+00  2.2853474e+03  1.00000e+06  2.20707e+03
7.496802808e+00  2.2861571e+03  1.00000e+06  2.20788e+03
7.500551209e+00  2.2867697e+03  1.00000e+06  2.20849e+03
7.504301485e+00  2.2871776e+03  1.00000e+06  2.20890e+03
7.508053635e+00  2.2873801e+03  1.00000e+06  2.20910e+03
7.511807662e+00  2.2873836e+03  1.00000e+06  2.20910e+03
7.515563566e+00  2.2872041e+03  1.00000e+06  2.20892e+03
7.519321348e+00  2.2868686e+03  1.00000e+06  2.20858e+03
7.523081008e+00  2.2864147e+03  1.00000e+06  2.20813e+03
7.526842549e+00  2.2858890e+03  1.00000e+06  2.20760e+03
7.530605970e+00  2.2853421e+03  1.00000e+06  2.20705e+03
7.534371273e+00  2.2848231e+03  1.00000e+06  2.20653e+03
7.538138459e+00  2.2843729e+03  1.00000e+06  2.20608e+03
7.541907528e+00  2.2840174e+03  1.00000e+06  2.20572e+03
7.545678482e+00  2.2837624e+03  1.00000e+06  2.20546e+03
7.549451321e+00  2.2835920e+03  1.00000e+06  2.20529e+03
7.553226047e+00  2.2834725e+03  1.00000e+06  2.20517e+03
7.557002660e+00  2.2833601e+03  1.00000e+06  2.20506e+03
7.560781161e+00  2.2832127e+03  1.00000e+06  2.20491e+03
7.564561552e+00  2.2830014e+03  1.00000e+06  2.20470e+03
7.568343832e+00  2.2827192e+03  1.00000e+06  2.20441e+03
7.572128004e+00  2.2823849e+03  1.00000e+06  2.20408e+03
7.575914068e+00  2.2820420e+03  1.00000e+06  2.20373e+03
7.579702025e+00  2.2817517e+03  1.00000e+06  2.20344e+03
7.583491876e+00  2.2815842e+03  1.00000e+06  2.20327e+03
7.587283622e+00  2.2816073e+03  1.00000e+06  2.20329e+03
7.591077264e+00  2.2818754e+03  1.00000e+06  2.20356e+03
7.594872803e+00  2.2824206e+03  1.00000e+06  2.20410e+03
7.598670239e+00  2.2832450e+03  1.00000e+06  2.20493e+03
7.602469574e+00  2.2843180e+03  1.00000e+06  2.20600e+03
7.606270809e+00  2.2855770e+03  1.00000e+06  2.20726e+03
7.610073944e+00  2.2869344e+03  1.00000e+06  2.20861e+03
7.613878981e+00  2.2882887e+03  1.00000e+06  2.20996e+03
7.617685921e+00  2.2895390e+03  1.00000e+06  2.21121e+03
7.621494764e+00  2.2905997e+03  1.00000e+06  2.21227e+03
7.625305511e+00  2.2914133e+03  1.00000e+06  2.21308e+03
7.629118164e+00  2.2919577e+03  1.00000e+06  2.21363e+03
7.632932723e+00  2.2922479e+03  1.00000e+06  2.21392e+03
7.636749189e+00  2.2923317e+03  1.00000e+06  2.21400e+03
7.640567564e+00  2.2922800e+03  1.00000e+06  2.21395e+03
7.644387848e+00  2.2921743e+03  1.00000e+06  2.21384e+03
7.648210042e+00  2.2920930e+03  1.00000e+06  2.21376e+03
7.652034147e+00  2.2920984e+03  1.00000e+06  2.21376e+03
7.655860164e+00  2.2922265e+03  1.00000e+06  2.21389e+03
7.659688094e+00  2.2924819e+03  1.00000e+06  2.21414e+03
7.663517938e+00  2.2928391e+03  1.00000e+06  2.21450e+03
7.667349697e+00  2.2932490e+03  1.00000e+06  2.21490e+03
7.671183372e+00  2.2936512e+03  1.00000e+06  2.21531e+03
7.675018963e+00  2.2939878e+03  1.00000e+06  2.21564e+03
7.678856473e+00  2.2942161e+03  1.00000e+06  2.21587e+03
7.682695901e+00  2.2943164e+03  1.00000e+06  2.21597e+03
7.686537249e+00  2.2942941e+03  1.00000e+06  2.21594e+03
7.690380518e+00  2.2941759e+03  1.00000e+06  2.21582e+03
7.694225708e+00  2.2940004e+03  1.00000e+06  2.21565e+03
7.698072821e+00  2.2938081e+03  1.00000e+06  2.21545e+03
7.701921857e+00  2.2936315e+03  1.00000e+06  2.21527e+03
7.705772818e+00  2.2934879e+03  1.00000e+06  2.21513e+03
7.709625705e+00  2.2933784e+03  1.00000e+06  2.21502e+03
7.713480517e+00  2.2932900e+03  1.00000e+06  2.21493e+03
7.717337258e+00  2.2932026e+03  1.00000e+06  2.21484e+03
7.721195926e+00  2.2930971e+03  1.00000e+06  2.21473e+03
7.725056524e+00  2.2929632e+03  1.00000e+06  2.21460e+03
7.728919053e+00  2.2928034e+03  1.00000e+06  2.21444e+03
7.732783512e+00  2.2926338e+03  1.00000e+06  2.21427e+03
7.736649904e+00  2.2924808e+03  1.00000e+06  2.21411e+03
7.740518229e+00  2.2923770e+03  1.00000e+06  2.21401e+03
7.744388488e+00  2.2923564e+03  1.00000e+06  2.21398e+03
7.748260682e+00  2.2924503e+03  1.00000e+06  2.21408e+03
7.752134813e+00  2.2926839e+03  1.00000e+06  2.21431e+03
7.756010880e+00  2.2930726e+03  1.00000e+06  2.21470e+03
7.759888885e+00  2.2936177e+03  1.00000e+06  2.21524e+03
7.763768830e+00  2.2943029e+03  1.00000e+06  2.21592e+03
7.767650714e+00  2.2950932e+03  1.00000e+06  2.21671e+03
7.771534540e+00  2.2959387e+03  1.00000e+06  2.21756e+03
7.775420307e+00  2.2967821e+03  1.00000e+06  2.21840e+03
7.779308017e+00  2.2975704e+03  1.00000e+06  2.21919e+03
7.783197671e+00  2.2982670e+03  1.00000e+06  2.21988e+03
7.787089270e+00  2.2988596e+03  1.00000e+06  2.22047e+03
7.790982815e+00  2.2993621e+03  1.00000e+06  2.22097e+03
7.794878306e+00  2.2998086e+03  1.00000e+06  2.22142e+03
7.798775745e+00  2.3002417e+03  1.00000e+06  2.22185e+03
7.802675133e+00  2.3006980e+03  1.00000e+06  2.22230e+03
7.806576471e+00  2.3011965e+03  1.00000e+06  2.22280e+03
7.810479759e+00  2.3017320e+03  1.00000e+06  2.22334e+03
7.814384999e+00  2.3022761e+03  1.00000e+06  2.22388e+03
7.818292191e+00  2.3027841e+03  1.00000e+06  2.22439e+03
7.822201337e+00  2.3032054e+03  1.00000e+06  2.22481e+03
7.826112438e+00  2.3034933e+03  1.00000e+06  2.22509e+03
7.830025494e+00  2.3036131e+03  1.00000e+06  2.22521e+03
7.833940507e+00  2.3035470e+03  1.00000e+06  2.22514e+03
7.837857477e+00  2.3032958e+03  1.00000e+06  2.22489e+03
7.841776406e+00  2.3028789e+03  1.00000e+06  2.22447e+03
7.845697294e+00  2.3023304e+03  1.00000e+06  2.22392e+03
7.849620143e+00  2.3016945e+03  1.00000e+06  2.22328e+03
7.853544953e+00  2.3010188e+03  1.00000e+06  2.22261e+03
7.857471725e+00  2.3003478e+03  1.00000e+06  2.22194e+03
7.861400461e+00  2.2997192e+03  1.00000e+06  2.22131e+03
7.865331161e+00  2.2991626e+03  1.00000e+06  2.22075e+03
7.869263827e+00  2.2987019e+03  1.00000e+06  2.22029e+03
7.873198459e+00  2.2983583e+03  1.00000e+06  2.21994e+03
7.877135058e+00  2.2981532e+03  1.00000e+06  2.21973e+03
7.881073626e+00  2.2981085e+03  1.00000e+06  2.21969e+03
7.885014162e+00  2.2982441e+03  1.00000e+06  2.21982e+03
7.888956669e+00  2.2985739e+03  1.00000e+06  2.22015e+03
7.892901148e+00  2.2991004e+03  1.00000e+06  2.22068e+03
7.896847598e+00  2.2998107e+03  1.00000e+06  2.22138e+03
7.900796022e+00  2.3006741e+03  1.00000e+06  2.22225e+03
7.904746420e+00  2.3016426e+03  1.00000e+06  2.22321e+03
7.908698793e+00  2.3026541e+03  1.00000e+06  2.22422e+03
7.912653143e+00  2.3036388e+03  1.00000e+06  2.22521e+03
7.916609469e+00  2.3045274e+03  1.00000e+06  2.22609e+03
7.920567774e+00  2.3052601e+03  1.00000e+06  2.22683e+03
7.924528058e+00  2.3057957e+03  1.00000e+06  2.22736e+03
7.928490322e+00  2.3061175e+03  1.00000e+06  2.22768e+03
7.932454567e+00  2.3062371e+03  1.00000e+06  2.22780e+03
7.936420794e+00  2.3061928e+03  1.00000e+06  2.22775e+03
7.940389005e+00  2.3060448e+03  1.00000e+06  2.22760e+03
7.944359199e+00  2.3058663e+03  1.00000e+06  2.22742e+03
7.948331379e+00  2.3057327e+03  1.00000e+06  2.22729e+03
7.952305545e+00  2.3057109e+03  1.00000e+06  2.22727e+03
7.956281697e+00  2.3058501e+03  1.00000e+06  2.22740e+03
7.960259838e+00  2.3061757e+03  1.00000e+06  2.22773e+03
7.964239968e+00  2.3066872e+03  1.00000e+06  2.22824e+03
7.968222088e+00  2.3073588e+03  1.00000e+06  2.22891e+03
7.972206199e+00  2.3081434e+03  1.00000e+06  2.22969e+03
7.976192302e+00  2.3089781e+03  1.00000e+06  2.23052e+03
7.980180398e+00  2.3097913e+03  1.00000e+06  2.23134e+03
7.984170489e+00  2.3105120e+03  1.00000e+06  2.23206e+03
7.988162574e+00  2.3110783e+03  1.00000e+06  2.23262e+03
7.992156655e+00  2.3114458e+03  1.00000e+06  2.23299e+03
7.996152734e+00  2.3115922e+03  1.00000e+06  2.23313e+03
8.000150810e+00  2.3115176e+03  1.00000e+06  2.23306e+03
8.004150885e+00  2.3112410e+03  1.00000e+06  2.23278e+03
8.008152961e+00  2.3107943e+03  1.00000e+06  2.23233e+03
8.012157037e+00  2.3102172e+03  1.00000e+06  2.23175e+03
8.016163116e+00  2.3095549e+03  1.00000e+06  2.23109e+03
8.020171197e+00  2.3088576e+03  1.00000e+06  2.23039e+03
8.024181283e+00  2.3081815e+03  1.00000e+06  2.22971e+03
8.028193374e+00  2.3075867e+03  1.00000e+06  2.22912e+03
8.032207470e+00  2.3071318e+03  1.00000e+06  2.22866e+03
8.036223574e+00  2.3068657e+03  1.00000e+06  2.22839e+03
8.040241686e+00  2.3068181e+03  1.00000e+06  2.22834e+03
8.044261807e+00  2.3069939e+03  1.00000e+06  2.22852e+03
8.048283938e+00  2.3073718e+03  1.00000e+06  2.22889e+03
8.052308079e+00  2.3079098e+03  1.00000e+06  2.22943e+03
8.056334234e+00  2.3085542e+03  1.00000e+06  2.23007e+03
8.060362401e+00  2.3092488e+03  1.00000e+06  2.23077e+03
8.064392582e+00  2.3099429e+03  1.00000e+06  2.23146e+03
8.068424778e+00  2.3105938e+03  1.00000e+06  2.23211e+03
8.072458991e+00  2.3111684e+03  1.00000e+06  2.23268e+03
8.076495220e+00  2.3116420e+03  1.00000e+06  2.23315e+03
8.080533468e+00  2.3119994e+03  1.00000e+06  2.23351e+03
8.084573734e+00  2.3122376e+03  1.00000e+06  2.23375e+03
8.088616021e+00  2.3123696e+03  1.00000e+06  2.23388e+03
8.092660329e+00  2.3124256e+03  1.00000e+06  2.23393e+03
8.096706659e+00  2.3124494e+03  1.00000e+06  2.23396e+03
8.100755013e+00  2.3124900e+03  1.00000e+06  2.23399e+03
8.104805390e+00  2.3125883e+03  1.00000e+06  2.23409e+03
8.108857793e+00  2.3127649e+03  1.00000e+06  2.23427e+03
8.112912222e+00  2.3130133e+03  1.00000e+06  2.23451e+03
8.116968678e+00  2.3133013e+03  1.00000e+06  2.23480e+03
8.121027162e+00  2.3135814e+03  1.00000e+06  2.23508e+03
8.125087676e+00  2.3138063e+03  1.00000e+06  2.23530e+03
8.129150220e+00  2.3139448e+03  1.00000e+06  2.23544e+03
8.133214795e+00  2.3139916e+03  1.00000e+06  2.23549e+03
8.137281402e+00  2.3139684e+03  1.00000e+06  2.23546e+03
8.141350043e+00  2.3139157e+03  1.00000e+06  2.23541e+03
8.145420718e+00  2.3138794e+03  1.00000e+06  2.23537e+03
8.149493428e+00  2.3138967e+03  1.00000e+06  2.23539e+03
8.153568175e+00  2.3139858e+03  1.00000e+06  2.23547e+03
8.157644959e+00  2.3141439e+03  1.00000e+06  2.23563e+03
8.161723782e+00  2.3143520e+03  1.00000e+06  2.23584e+03
8.165804643e+00  2.3145858e+03  1.00000e+06  2.23607e+03
8.169887546e+00  2.3148268e+03  1.00000e+06  2.23631e+03
8.173972490e+00  2.3150716e+03  1.00000e+06  2.23655e+03
8.178059476e+00  2.3153343e+03  1.00000e+06  2.23681e+03
8.182148506e+00  2.3156429e+03  1.00000e+06  2.23712e+03
8.186239580e+00  2.3160303e+03  1.00000e+06  2.23751e+03
8.190332700e+00  2.3165234e+03  1.00000e+06  2.23800e+03
8.194427866e+00  2.3171337e+03  1.00000e+06  2.23861e+03
8.198525080e+00  2.3178519e+03  1.00000e+06  2.23932e+03
8.202624342e+00  2.3186491e+03  1.00000e+06  2.24012e+03
8.206725655e+00  2.3194834e+03  1.00000e+06  2.24095e+03
8.210829017e+00  2.3203098e+03  1.00000e+06  2.24178e+03
8.214934432e+00  2.3210895e+03  1.00000e+06  2.24256e+03
8.219041899e+00  2.3217964e+03  1.00000e+06  2.24326e+03
8.223151420e+00  2.3224186e+03  1.00000e+06  2.24388e+03
8.227262996e+00  2.3229544e+03  1.00000e+06  2.24442e+03
8.231376627e+00  2.3234056e+03  1.00000e+06  2.24487e+03
8.235492316e+00  2.3237711e+03  1.00000e+06  2.24523e+03
8.239610062e+00  2.3240426e+03  1.00000e+06  2.24550e+03
8.243729867e+00  2.3242045e+03  1.00000e+06  2.24566e+03
8.247851732e+00  2.3242377e+03  1.00000e+06  2.24569e+03
8.251975658e+00  2.3241247e+03  1.00000e+06  2.24558e+03
8.256101645e+00  2.3238541e+03  1.00000e+06  2.24531e+03
8.260229696e+00  2.3234256e+03  1.00000e+06  2.24488e+03
8.264359811e+00  2.3228527e+03  1.00000e+06  2.24430e+03
8.268491991e+00  2.3221647e+03  1.00000e+06  2.24361e+03
8.272626237e+00  2.3214082e+03  1.00000e+06  2.24286e+03
8.276762550e+00  2.3206454e+03  1.00000e+06  2.24209e+03
8.280900931e+00  2.3199484e+03  1.00000e+06  2.24139e+03
8.285041382e+00  2.3193887e+03  1.00000e+06  2.24083e+03
8.289183903e+00  2.3190230e+03  1.00000e+06  2.24047e+03
8.293328494e+00  2.3188810e+03  1.00000e+06  2.24032e+03
8.297475159e+00  2.3189576e+03  1.00000e+06  2.24040e+03
8.301623896e+00  2.3192158e+03  1.00000e+06  2.24066e+03
8.305774708e+00  2.3195968e+03  1.00000e+06  2.24104e+03
8.309927596e+00  2.3200364e+03  1.00000e+06  2.24147e+03
8.314082559e+00  2.3204799e+03  1.00000e+06  2.24192e+03
8.318239601e+00  2.3208910e+03  1.00000e+06  2.24233e+03
8.322398720e+00  2.3212547e+03  1.00000e+06  2.24269e+03
8.326559920e+00  2.3215713e+03  1.00000e+06  2.24300e+03
8.330723200e+00  2.3218492e+03  1.00000e+06  2.24328e+03
8.334888561e+00  2.3220972e+03  1.00000e+06  2.24353e+03
8.339056006e+00  2.3223198e+03  1.00000e+06  2.24375e+03
8.343225534e+00  2.3225146e+03  1.00000e+06  2.24394e+03
8.347397146e+00  2.3226710e+03  1.00000e+06  2.24410e+03
8.351570845e+00  2.3227679e+03  1.00000e+06  2.24419e+03
8.355746630e+00  2.3227693e+03  1.00000e+06  2.24419e+03
8.359924504e+00  2.3226212e+03  1.00000e+06  2.24404e+03
8.364104466e+00  2.3222516e+03  1.00000e+06  2.24367e+03
8.368286518e+00  2.3215812e+03  1.00000e+06  2.24300e+03
8.372470662e+00  2.3205439e+03  1.00000e+06  2.24196e+03
8.376656897e+00  2.3191173e+03  1.00000e+06  2.24053e+03
8.380845225e+00  2.3173536e+03  1.00000e+06  2.23877e+03
8.385035648e+00  2.3153973e+03  1.00000e+06  2.23681e+03
8.389228166e+00  2.3134806e+03  1.00000e+06  2.23489e+03
8.393422780e+00  2.3118875e+03  1.00000e+06  2.23330e+03
8.397619491e+00  2.3108950e+03  1.00000e+06  2.23230e+03
8.401818301e+00  2.3107040e+03  1.00000e+06  2.23211e+03
8.406019210e+00  2.3113842e+03  1.00000e+06  2.23279e+03
8.410222220e+00  2.3128483e+03  1.00000e+06  2.23425e+03
8.414427331e+00  2.3148657e+03  1.00000e+06  2.23627e+03
8.418634544e+00  2.3171108e+03  1.00000e+06  2.23851e+03
8.422843862e+00  2.3192304e+03  1.00000e+06  2.24063e+03
8.427055284e+00  2.3209128e+03  1.00000e+06  2.24231e+03
8.431268811e+00  2.3219427e+03  1.00000e+06  2.24334e+03
8.435484446e+00  2.3222321e+03  1.00000e+06  2.24363e+03
8.439702188e+00  2.3218280e+03  1.00000e+06  2.24322e+03
8.443922039e+00  2.3208969e+03  1.00000e+06  2.24229e+03
8.448144000e+00  2.3196918e+03  1.00000e+06  2.24109e+03
8.452368072e+00  2.3185065e+03  1.00000e+06  2.23990e+03
8.456594256e+00  2.3176227e+03  1.00000e+06  2.23901e+03
8.460822553e+00  2.3172604e+03  1.00000e+06  2.23865e+03
8.465052965e+00  2.3175396e+03  1.00000e+06  2.23893e+03
8.469285491e+00  2.3184644e+03  1.00000e+06  2.23985e+03
8.473520134e+00  2.3199334e+03  1.00000e+06  2.24132e+03
8.477756894e+00  2.3217723e+03  1.00000e+06  2.24316e+03
8.481995772e+00  2.3237794e+03  1.00000e+06  2.24516e+03
8.486236770e+00  2.3257699e+03  1.00000e+06  2.24715e+03
8.490479889e+00  2.3276077e+03  1.00000e+06  2.24899e+03
8.494725128e+00  2.3292176e+03  1.00000e+06  2.25060e+03
8.498972491e+00  2.3305805e+03  1.00000e+06  2.25196e+03
8.503221977e+00  2.3317159e+03  1.00000e+06  2.25309e+03
8.507473588e+00  2.3326618e+03  1.00000e+06  2.25404e+03
8.511727325e+00  2.3334568e+03  1.00000e+06  2.25483e+03
8.515983189e+00  2.3341286e+03  1.00000e+06  2.25550e+03
8.520241180e+00  2.3346881e+03  1.00000e+06  2.25606e+03
8.524501301e+00  2.3351288e+03  1.00000e+06  2.25650e+03
8.528763552e+00  2.3354289e+03  1.00000e+06  2.25680e+03
8.533027933e+00  2.3355565e+03  1.00000e+06  2.25693e+03
8.537294447e+00  2.3354774e+03  1.00000e+06  2.25684e+03
8.541563095e+00  2.3351653e+03  1.00000e+06  2.25653e+03
8.545833876e+00  2.3346140e+03  1.00000e+06  2.25598e+03
8.550106793e+00  2.3338481e+03  1.00000e+06  2.25521e+03
8.554381846e+00  2.3329272e+03  1.00000e+06  2.25429e+03
8.558659037e+00  2.3319436e+03  1.00000e+06  2.25330e+03
8.562938367e+00  2.3310089e+03  1.00000e+06  2.25237e+03
8.567219836e+00  2.3302350e+03  1.00000e+06  2.25159e+03
8.571503446e+00  2.3297130e+03  1.00000e+06  2.25107e+03
8.575789198e+00  2.3294974e+03  1.00000e+06  2.25085e+03
8.580077092e+00  2.3295993e+03  1.00000e+06  2.25095e+03
8.584367131e+00  2.3299906e+03  1.00000e+06  2.25134e+03
8.588659314e+00  2.3306155e+03  1.00000e+06  2.25197e+03
8.592953644e+00  2.3314054e+03  1.00000e+06  2.25276e+03
8.597250121e+00  2.3322921e+03  1.00000e+06  2.25364e+03
8.601548746e+00  2.3332171e+03  1.00000e+06  2.25457e+03
8.605849520e+00  2.3341366e+03  1.00000e+06  2.25548e+03
8.610152445e+00  2.3350226e+03  1.00000e+06  2.25637e+03
8.614457521e+00  2.3358630e+03  1.00000e+06  2.25721e+03
8.618764750e+00  2.3366591e+03  1.00000e+06  2.25800e+03
8.623074132e+00  2.3374216e+03  1.00000e+06  2.25876e+03
8.627385669e+00  2.3381640e+03  1.00000e+06  2.25951e+03
8.631699362e+00  2.3388946e+03  1.00000e+06  2.26023e+03
8.636015212e+00  2.3396094e+03  1.00000e+06  2.26095e+03
8.640333220e+00  2.3402880e+03  1.00000e+06  2.26163e+03
8.644653386e+00  2.3408945e+03  1.00000e+06  2.26223e+03
8.648975713e+00  2.3413824e+03  1.00000e+06  2.26272e+03
8.653300201e+00  2.3417028e+03  1.00000e+06  2.26304e+03
8.657626851e+00  2.3418139e+03  1.00000e+06  2.26315e+03
8.661955664e+00  2.3416884e+03  1.00000e+06  2.26302e+03
8.666286642e+00  2.3413202e+03  1.00000e+06  2.26265e+03
8.670619785e+00  2.3407281e+03  1.00000e+06  2.26206e+03
8.674955095e+00  2.3399569e+03  1.00000e+06  2.26128e+03
8.679292573e+00  2.3390743e+03  1.00000e+06  2.26040e+03
8.683632219e+00  2.3381614e+03  1.00000e+06  2.25949e+03
8.687974035e+00  2.3372961e+03  1.00000e+06  2.25862e+03
8.692318022e+00  2.3365317e+03  1.00000e+06  2.25785e+03
8.696664181e+00  2.3358745e+03  1.00000e+06  2.25720e+03
8.701012513e+00  2.3352697e+03  1.00000e+06  2.25659e+03
8.705363020e+00  2.3346024e+03  1.00000e+06  2.25592e+03
8.709715701e+00  2.3337205e+03  1.00000e+06  2.25504e+03
8.714070559e+00  2.3324755e+03  1.00000e+06  2.25379e+03
8.718427594e+00  2.3307741e+03  1.00000e+06  2.25209e+03
8.722786808e+00  2.3286224e+03  1.00000e+06  2.24994e+03
8.727148201e+00  2.3261482e+03  1.00000e+06  2.24746e+03
8.731511776e+00  2.3235884e+03  1.00000e+06  2.24490e+03
8.735877531e+00  2.3212426e+03  1.00000e+06  2.24255e+03
8.740245470e+00  2.3194042e+03  1.00000e+06  2.24071e+03
8.744615593e+00  2.3182916e+03  1.00000e+06  2.23960e+03
8.748987901e+00  2.3180022e+03  1.00000e+06  2.23931e+03
8.753362395e+00  2.3185009e+03  1.00000e+06  2.23981e+03
8.757739076e+00  2.3196452e+03  1.00000e+06  2.24095e+03
8.762117945e+00  2.3212312e+03  1.00000e+06  2.24253e+03
8.766499004e+00  2.3230448e+03  1.00000e+06  2.24435e+03
8.770882254e+00  2.3248992e+03  1.00000e+06  2.24620e+03
8.775267695e+00  2.3266565e+03  1.00000e+06  2.24796e+03
8.779655329e+00  2.3282328e+03  1.00000e+06  2.24953e+03
8.784045157e+00  2.3295956e+03  1.00000e+06  2.25089e+03
8.788437179e+00  2.3307564e+03  1.00000e+06  2.25205e+03
8.792831398e+00  2.3317613e+03  1.00000e+06  2.25306e+03
8.797227813e+00  2.3326749e+03  1.00000e+06  2.25397e+03
8.801626427e+00  2.3335598e+03  1.00000e+06  2.25485e+03
8.806027241e+00  2.3344523e+03  1.00000e+06  2.25574e+03
8.810430254e+00  2.3353429e+03  1.00000e+06  2.25663e+03
8.814835469e+00  2.3361695e+03  1.00000e+06  2.25746e+03
8.819242887e+00  2.3368256e+03  1.00000e+06  2.25811e+03
8.823652508e+00  2.3371823e+03  1.00000e+06  2.25847e+03
8.828064335e+00  2.3371148e+03  1.00000e+06  2.25840e+03
8.832478367e+00  2.3365252e+03  1.00000e+06  2.25781e+03
8.836894606e+00  2.3353523e+03  1.00000e+06  2.25663e+03
8.841313053e+00  2.3335715e+03  1.00000e+06  2.25485e+03
8.845733710e+00  2.3311852e+03  1.00000e+06  2.25246e+03
8.850156577e+00  2.3282160e+03  1.00000e+06  2.24949e+03
8.854581655e+00  2.3247084e+03  1.00000e+06  2.24599e+03
8.859008946e+00  2.3207425e+03  1.00000e+06  2.24202e+03
8.863438450e+00  2.3164555e+03  1.00000e+06  2.23773e+03
8.867870170e+00  2.3120624e+03  1.00000e+06  2.23334e+03
8.872304105e+00  2.3078624e+03  1.00000e+06  2.22913e+03
8.876740257e+00  2.3042205e+03  1.00000e+06  2.22549e+03
8.881178627e+00  2.3015221e+03  1.00000e+06  2.22279e+03
8.885619216e+00  2.3001051e+03  1.00000e+06  2.22137e+03
8.890062026e+00  2.3001880e+03  1.00000e+06  2.22145e+03
8.894507057e+00  2.3018140e+03  1.00000e+06  2.22308e+03
8.898954310e+00  2.3048316e+03  1.00000e+06  2.22610e+03
8.903403787e+00  2.3089185e+03  1.00000e+06  2.23018e+03
8.907855489e+00  2.3136424e+03  1.00000e+06  2.23490e+03
8.912309417e+00  2.3185417e+03  1.00000e+06  2.23980e+03
8.916765572e+00  2.3232014e+03  1.00000e+06  2.24446e+03
8.921223955e+00  2.3273071e+03  1.00000e+06  2.24857e+03
8.925684567e+00  2.3306696e+03  1.00000e+06  2.25193e+03
8.930147409e+00  2.3332223e+03  1.00000e+06  2.25448e+03
8.934612483e+00  2.3350008e+03  1.00000e+06  2.25626e+03
8.939079789e+00  2.3361121e+03  1.00000e+06  2.25737e+03
8.943549329e+00  2.3366967e+03  1.00000e+06  2.25795e+03
8.948021103e+00  2.3368863e+03  1.00000e+06  2.25814e+03
8.952495114e+00  2.3367576e+03  1.00000e+06  2.25801e+03
8.956971361e+00  2.3362927e+03  1.00000e+06  2.25754e+03
8.961449847e+00  2.3353587e+03  1.00000e+06  2.25661e+03
8.965930572e+00  2.3337250e+03  1.00000e+06  2.25497e+03
8.970413537e+00  2.3311249e+03  1.00000e+06  2.25237e+03
8.974898744e+00  2.3273546e+03  1.00000e+06  2.24860e+03
8.979386194e+00  2.3223841e+03  1.00000e+06  2.24363e+03
8.983875887e+00  2.3164416e+03  1.00000e+06  2.23768e+03
8.988367825e+00  2.3100312e+03  1.00000e+06  2.23127e+03
8.992862008e+00  2.3038626e+03  1.00000e+06  2.22510e+03
8.997358439e+00  2.2987002e+03  1.00000e+06  2.21994e+03
9.001857119e+00  2.2951730e+03  1.00000e+06  2.21641e+03
9.006358047e+00  2.2936090e+03  1.00000e+06  2.21484e+03
9.010861226e+00  2.2939514e+03  1.00000e+06  2.21519e+03
9.015366657e+00  2.2957900e+03  1.00000e+06  2.21702e+03
9.019874340e+00  2.2984938e+03  1.00000e+06  2.21973e+03
9.024384277e+00  2.3013938e+03  1.00000e+06  2.22262e+03
9.028896470e+00  2.3039453e+03  1.00000e+06  2.22517e+03
9.033410918e+00  2.3058147e+03  1.00000e+06  2.22704e+03
9.037927623e+00  2.3068742e+03  1.00000e+06  2.22810e+03
9.042446587e+00  2.3071262e+03  1.00000e+06  2.22835e+03
9.046967810e+00  2.3066129e+03  1.00000e+06  2.22784e+03
9.051491294e+00  2.3053585e+03  1.00000e+06  2.22658e+03
9.056017040e+00  2.3033685e+03  1.00000e+06  2.22459e+03
9.060545048e+00  2.3006768e+03  1.00000e+06  2.22190e+03
9.065075321e+00  2.2974029e+03  1.00000e+06  2.21862e+03
9.069607859e+00  2.2937807e+03  1.00000e+06  2.21500e+03
9.074142663e+00  2.2901362e+03  1.00000e+06  2.21135e+03
9.078679734e+00  2.2868226e+03  1.00000e+06  2.20804e+03
9.083219074e+00  2.2841381e+03  1.00000e+06  2.20535e+03
9.087760683e+00  2.2822651e+03  1.00000e+06  2.20348e+03
9.092304564e+00  2.2812528e+03  1.00000e+06  2.20247e+03
9.096850716e+00  2.2810475e+03  1.00000e+06  2.20226e+03
9.101399141e+00  2.2815512e+03  1.00000e+06  2.20276e+03
9.105949841e+00  2.2826786e+03  1.00000e+06  2.20389e+03
9.110502816e+00  2.2843816e+03  1.00000e+06  2.20559e+03
9.115058067e+00  2.2866283e+03  1.00000e+06  2.20784e+03
9.119615596e+00  2.2893406e+03  1.00000e+06  2.21055e+03
9.124175404e+00  2.2923164e+03  1.00000e+06  2.21352e+03
9.128737492e+00  2.2951680e+03  1.00000e+06  2.21637e+03
9.133301860e+00  2.2973080e+03  1.00000e+06  2.21851e+03
9.137868511e+00  2.2979992e+03  1.00000e+06  2.21920e+03
9.142437446e+00  2.2964658e+03  1.00000e+06  2.21767e+03
9.147008664e+00  2.2920480e+03  1.00000e+06  2.21325e+03
9.151582169e+00  2.2843694e+03  1.00000e+06  2.20557e+03
9.156157960e+00  2.2734834e+03  1.00000e+06  2.19468e+03
9.160736039e+00  2.2599629e+03  1.00000e+06  2.18116e+03
9.165316407e+00  2.2449028e+03  1.00000e+06  2.16610e+03
9.169899065e+00  2.2298149e+03  1.00000e+06  2.15101e+03
9.174484014e+00  2.2164172e+03  1.00000e+06  2.13761e+03
9.179071256e+00  2.2063479e+03  1.00000e+06  2.12754e+03
9.183660792e+00  2.2008619e+03  1.00000e+06  2.12205e+03
9.188252622e+00  2.2005872e+03  1.00000e+06  2.12178e+03
9.192846749e+00  2.2054101e+03  1.00000e+06  2.12660e+03
9.197443172e+00  2.2145256e+03  1.00000e+06  2.13571e+03
9.202041894e+00  2.2266395e+03  1.00000e+06  2.14782e+03
9.206642915e+00  2.2402616e+03  1.00000e+06  2.16145e+03
9.211246236e+00  2.2540012e+03  1.00000e+06  2.17518e+03
9.215851859e+00  2.2667858e+03  1.00000e+06  2.18797e+03
9.220459785e+00  2.2779543e+03  1.00000e+06  2.19913e+03
9.225070015e+00  2.2872258e+03  1.00000e+06  2.20840e+03
9.229682550e+00  2.2945892e+03  1.00000e+06  2.21577e+03
9.234297391e+00  2.3001704e+03  1.00000e+06  2.22135e+03
9.238914540e+00  2.3041298e+03  1.00000e+06  2.22531e+03
9.243533997e+00  2.3066151e+03  1.00000e+06  2.22779e+03
9.248155764e+00  2.3077591e+03  1.00000e+06  2.22893e+03
9.252779842e+00  2.3076970e+03  1.00000e+06  2.22887e+03
9.257406232e+00  2.3065744e+03  1.00000e+06  2.22775e+03
9.262034935e+00  2.3045315e+03  1.00000e+06  2.22570e+03
9.266665953e+00  2.3016705e+03  1.00000e+06  2.22284e+03
9.271299286e+00  2.2980268e+03  1.00000e+06  2.21919e+03
9.275934935e+00  2.2935590e+03  1.00000e+06  2.21473e+03
9.280572903e+00  2.2881670e+03  1.00000e+06  2.20933e+03
9.285213189e+00  2.2817290e+03  1.00000e+06  2.20289e+03
9.289855796e+00  2.2741479e+03  1.00000e+06  2.19531e+03
9.294500724e+00  2.2653976e+03  1.00000e+06  2.18656e+03
9.299147974e+00  2.2555686e+03  1.00000e+06  2.17673e+03
9.303797548e+00  2.2449107e+03  1.00000e+06  2.16607e+03
9.308449447e+00  2.2338680e+03  1.00000e+06  2.15503e+03
9.313103672e+00  2.2230865e+03  1.00000e+06  2.14424e+03
9.317760223e+00  2.2133749e+03  1.00000e+06  2.13453e+03
9.322419104e+00  2.2056080e+03  1.00000e+06  2.12676e+03
9.327080313e+00  2.2005853e+03  1.00000e+06  2.12174e+03
9.331743853e+00  2.1988778e+03  1.00000e+06  2.12003e+03
9.336409725e+00  2.2007067e+03  1.00000e+06  2.12186e+03
9.341077930e+00  2.2058911e+03  1.00000e+06  2.12704e+03
9.345748469e+00  2.2138768e+03  1.00000e+06  2.13503e+03
9.350421343e+00  2.2238413e+03  1.00000e+06  2.14499e+03
9.355096554e+00  2.2348399e+03  1.00000e+06  2.15599e+03
9.359774102e+00  2.2459575e+03  1.00000e+06  2.16710e+03
9.364453989e+00  2.2564274e+03  1.00000e+06  2.17757e+03
9.369136216e+00  2.2656947e+03  1.00000e+06  2.18684e+03
9.373820784e+00  2.2734220e+03  1.00000e+06  2.19456e+03
9.378507695e+00  2.2794575e+03  1.00000e+06  2.20060e+03
9.383196949e+00  2.2837978e+03  1.00000e+06  2.20494e+03
9.387888547e+00  2.2865734e+03  1.00000e+06  2.20771e+03
9.392582491e+00  2.2880615e+03  1.00000e+06  2.20920e+03
9.397278783e+00  2.2887048e+03  1.00000e+06  2.20984e+03
9.401977422e+00  2.2891001e+03  1.00000e+06  2.21023e+03
9.406678411e+00  2.2899213e+03  1.00000e+06  2.21105e+03
9.411381750e+00  2.2917805e+03  1.00000e+06  2.21291e+03
9.416087441e+00  2.2950646e+03  1.00000e+06  2.21620e+03
9.420795485e+00  2.2998073e+03  1.00000e+06  2.22094e+03
9.425505882e+00  2.3056544e+03  1.00000e+06  2.22678e+03
9.430218635e+00  2.3119476e+03  1.00000e+06  2.23308e+03
9.434933745e+00  2.3178989e+03  1.00000e+06  2.23903e+03
9.439651211e+00  2.3228001e+03  1.00000e+06  2.24393e+03
9.444371037e+00  2.3261917e+03  1.00000e+06  2.24732e+03
9.449093222e+00  2.3279397e+03  1.00000e+06  2.24906e+03
9.453817769e+00  2.3281992e+03  1.00000e+06  2.24932e+03
9.458544678e+00  2.3272847e+03  1.00000e+06  2.24841e+03
9.463273950e+00  2.3254959e+03  1.00000e+06  2.24662e+03
9.468005587e+00  2.3229582e+03  1.00000e+06  2.24408e+03
9.472739590e+00  2.3195282e+03  1.00000e+06  2.24065e+03
9.477475960e+00  2.3147896e+03  1.00000e+06  2.23591e+03
9.482214698e+00  2.3081450e+03  1.00000e+06  2.22926e+03
9.486955805e+00  2.2989770e+03  1.00000e+06  2.22009e+03
9.491699283e+00  2.2868419e+03  1.00000e+06  2.20796e+03
9.496445133e+00  2.2716489e+03  1.00000e+06  2.19276e+03
9.501193355e+00  2.2537836e+03  1.00000e+06  2.17489e+03
9.505943952e+00  2.2341444e+03  1.00000e+06  2.15525e+03
9.510696924e+00  2.2140732e+03  1.00000e+06  2.13518e+03
9.515452272e+00  2.1951910e+03  1.00000e+06  2.11630e+03
9.520209999e+00  2.1791604e+03  1.00000e+06  2.10027e+03
9.524970104e+00  2.1674259e+03  1.00000e+06  2.08853e+03
9.529732589e+00  2.1609857e+03  1.00000e+06  2.08209e+03
9.534497455e+00  2.1602480e+03  1.00000e+06  2.08135e+03
9.539264704e+00  2.1650029e+03  1.00000e+06  2.08610e+03
9.544034336e+00  2.1745104e+03  1.00000e+06  2.09561e+03
9.548806353e+00  2.1876725e+03  1.00000e+06  2.10877e+03
9.553580756e+00  2.2032358e+03  1.00000e+06  2.12433e+03
9.558357547e+00  2.2199703e+03  1.00000e+06  2.14107e+03
9.563136726e+00  2.2367890e+03  1.00000e+06  2.15789e+03
9.567918294e+00  2.2528019e+03  1.00000e+06  2.17390e+03
9.572702253e+00  2.2673235e+03  1.00000e+06  2.18842e+03
9.577488604e+00  2.2798632e+03  1.00000e+06  2.20096e+03
9.582277348e+00  2.2901208e+03  1.00000e+06  2.21121e+03
9.587068487e+00  2.2979889e+03  1.00000e+06  2.21908e+03
9.591862021e+00  2.3035492e+03  1.00000e+06  2.22464e+03
9.596657952e+00  2.3070449e+03  1.00000e+06  2.22813e+03
9.601456281e+00  2.3088213e+03  1.00000e+06  2.22991e+03
9.606257009e+00  2.3092444e+03  1.00000e+06  2.23033e+03
9.611060138e+00  2.3086187e+03  1.00000e+06  2.22970e+03
9.615865668e+00  2.3071302e+03  1.00000e+06  2.22821e+03
9.620673601e+00  2.3048283e+03  1.00000e+06  2.22591e+03
9.625483938e+00  2.3016468e+03  1.00000e+06  2.22273e+03
9.630296680e+00  2.2974579e+03  1.00000e+06  2.21854e+03
9.635111828e+00  2.2921395e+03  1.00000e+06  2.21322e+03
9.639929384e+00  2.2856394e+03  1.00000e+06  2.20672e+03
9.644749349e+00  2.2780186e+03  1.00000e+06  2.19910e+03
9.649571723e+00  2.2694646e+03  1.00000e+06  2.19054e+03
9.654396509e+00  2.2602688e+03  1.00000e+06  2.18134e+03
9.659223707e+00  2.2507731e+03  1.00000e+06  2.17185e+03
9.664053319e+00  2.2413044e+03  1.00000e+06  2.16238e+03
9.668885346e+00  2.2321169e+03  1.00000e+06  2.15319e+03
9.673719789e+00  2.2233621e+03  1.00000e+06  2.14443e+03
9.678556648e+00  2.2150907e+03  1.00000e+06  2.13616e+03
9.683395927e+00  2.2072844e+03  1.00000e+06  2.12835e+03
9.688237625e+00  2.1999023e+03  1.00000e+06  2.12097e+03
9.693081744e+00  2.1929287e+03  1.00000e+06  2.11399e+03
9.697928284e+00  2.1864133e+03  1.00000e+06  2.10748e+03
9.702777249e+00  2.1804932e+03  1.00000e+06  2.10156e+03
9.707628637e+00  2.1753890e+03  1.00000e+06  2.09645e+03
9.712482452e+00  2.1713608e+03  1.00000e+06  2.09242e+03
9.717338693e+00  2.1686219e+03  1.00000e+06  2.08968e+03
9.722197362e+00  2.1672226e+03  1.00000e+06  2.08828e+03
9.727058461e+00  2.1669462e+03  1.00000e+06  2.08800e+03
9.731921990e+00  2.1672703e+03  1.00000e+06  2.08833e+03
9.736787951e+00  2.1674425e+03  1.00000e+06  2.08850e+03
9.741656345e+00  2.1666778e+03  1.00000e+06  2.08773e+03
9.746527173e+00  2.1644340e+03  1.00000e+06  2.08549e+03
9.751400437e+00  2.1606735e+03  1.00000e+06  2.08173e+03
9.756276137e+00  2.1560093e+03  1.00000e+06  2.07706e+03
9.761154275e+00  2.1516645e+03  1.00000e+06  2.07272e+03
9.766034852e+00  2.1492336e+03  1.00000e+06  2.07028e+03
9.770917870e+00  2.1503098e+03  1.00000e+06  2.07136e+03
9.775803329e+00  2.1560810e+03  1.00000e+06  2.07713e+03
9.780691230e+00  2.1670081e+03  1.00000e+06  2.08805e+03
9.785581576e+00  2.1826722e+03  1.00000e+06  2.10372e+03
9.790474367e+00  2.2018232e+03  1.00000e+06  2.12287e+03
9.795369604e+00  2.2226130e+03  1.00000e+06  2.14366e+03
9.800267289e+00  2.2429553e+03  1.00000e+06  2.16400e+03
9.805167422e+00  2.2609250e+03  1.00000e+06  2.18197e+03
9.810070006e+00  2.2751127e+03  1.00000e+06  2.19615e+03
9.814975041e+00  2.2848572e+03  1.00000e+06  2.20590e+03
9.819882528e+00  2.2903132e+03  1.00000e+06  2.21135e+03
9.824792470e+00  2.2923453e+03  1.00000e+06  2.21338e+03
9.829704866e+00  2.2922853e+03  1.00000e+06  2.21332e+03
9.834619718e+00  2.2916164e+03  1.00000e+06  2.21265e+03
9.839537028e+00  2.2916664e+03  1.00000e+06  2.21270e+03
9.844456797e+00  2.2933764e+03  1.00000e+06  2.21441e+03
9.849379025e+00  2.2971883e+03  1.00000e+06  2.21822e+03
9.854303715e+00  2.3030513e+03  1.00000e+06  2.22408e+03
9.859230867e+00  2.3105175e+03  1.00000e+06  2.23155e+03
9.864160482e+00  2.3188780e+03  1.00000e+06  2.23991e+03
9.869092562e+00  2.3272969e+03  1.00000e+06  2.24832e+03
9.874027109e+00  2.3349174e+03  1.00000e+06  2.25594e+03
9.878964122e+00  2.3409365e+03  1.00000e+06  2.26196e+03
9.883903604e+00  2.3446650e+03  1.00000e+06  2.26569e+03
9.888845556e+00  2.3455878e+03  1.00000e+06  2.26661e+03
9.893789979e+00  2.3434341e+03  1.00000e+06  2.26445e+03
9.898736874e+00  2.3382517e+03  1.00000e+06  2.25927e+03
9.903686242e+00  2.3304574e+03  1.00000e+06  2.25148e+03
9.908638085e+00  2.3208301e+03  1.00000e+06  2.24185e+03
9.913592404e+00  2.3104211e+03  1.00000e+06  2.23144e+03
9.918549200e+00  2.3003712e+03  1.00000e+06  2.22139e+03
9.923508475e+00  2.2916659e+03  1.00000e+06  2.21268e+03
9.928470229e+00  2.2848903e+03  1.00000e+06  2.20590e+03
9.933434464e+00  2.2800628e+03  1.00000e+06  2.20108e+03
9.938401182e+00  2.2766174e+03  1.00000e+06  2.19763e+03
9.943370382e+00  2.2735575e+03  1.00000e+06  2.19457e+03
9.948342067e+00  2.2697468e+03  1.00000e+06  2.19076e+03
9.953316238e+00  2.2642501e+03  1.00000e+06  2.18526e+03
9.958292897e+00  2.2566155e+03  1.00000e+06  2.17762e+03
9.963272043e+00  2.2470122e+03  1.00000e+06  2.16802e+03
9.968253679e+00  2.2361904e+03  1.00000e+06  2.15720e+03
9.973237806e+00  2.2252907e+03  1.00000e+06  2.14629e+03
9.978224425e+00  2.2155767e+03  1.00000e+06  2.13658e+03
9.983213537e+00  2.2081738e+03  1.00000e+06  2.12918e+03
9.988205144e+00  2.2038815e+03  1.00000e+06  2.12488e+03
9.993199246e+00  2.2030863e+03  1.00000e+06  2.12409e+03
9.998195846e+00  2.2057659e+03  1.00000e+06  2.12676e+03
1.000319494e+01  2.2115513e+03  1.00000e+06  2.13255e+03
1.000819654e+01  2.2198040e+03  1.00000e+06  2.14080e+03
1.001320064e+01  2.2296811e+03  1.00000e+06  2.15068e+03
1.001820724e+01  2.2401801e+03  1.00000e+06  2.16117e+03
1.002321634e+01  2.2501759e+03  1.00000e+06  2.17117e+03
1.002822795e+01  2.2584853e+03  1.00000e+06  2.17948e+03
1.003324207e+01  2.2639797e+03  1.00000e+06  2.18497e+03
1.003825869e+01  2.2657581e+03  1.00000e+06  2.18675e+03
1.004327782e+01  2.2633494e+03  1.00000e+06  2.18434e+03
1.004829946e+01  2.2568879e+03  1.00000e+06  2.17788e+03
1.005332360e+01  2.2471885e+03  1.00000e+06  2.16817e+03
1.005835027e+01  2.2356664e+03  1.00000e+06  2.15665e+03
1.006337944e+01  2.2240872e+03  1.00000e+06  2.14507e+03
1.006841113e+01  2.2141896e+03  1.00000e+06  2.13517e+03
1.007344534e+01  2.2072754e+03  1.00000e+06  2.12826e+03
1.007848206e+01  2.2038826e+03  1.00000e+06  2.12486e+03
1.008352130e+01  2.2036422e+03  1.00000e+06  2.12462e+03
1.008856306e+01  2.2053712e+03  1.00000e+06  2.12635e+03
1.009360734e+01  2.2073850e+03  1.00000e+06  2.12836e+03
1.009865415e+01  2.2079476e+03  1.00000e+06  2.12892e+03
1.010370347e+01  2.2057388e+03  1.00000e+06  2.12671e+03
1.010875533e+01  2.2002113e+03  1.00000e+06  2.12119e+03
1.011380970e+01  2.1917395e+03  1.00000e+06  2.11271e+03
1.011886661e+01  2.1815158e+03  1.00000e+06  2.10249e+03
1.012392604e+01  2.1712199e+03  1.00000e+06  2.09219e+03
1.012898800e+01  2.1625500e+03  1.00000e+06  2.08352e+03
1.013405250e+01  2.1567428e+03  1.00000e+06  2.07771e+03
1.013911952e+01  2.1542229e+03  1.00000e+06  2.07519e+03
1.014418908e+01  2.1544871e+03  1.00000e+06  2.07545e+03
1.014926118e+01  2.1562600e+03  1.00000e+06  2.07723e+03
1.015433581e+01  2.1578759e+03  1.00000e+06  2.07884e+03
1.015941298e+01  2.1577683e+03  1.00000e+06  2.07873e+03
1.016449268e+01  2.1549170e+03  1.00000e+06  2.07588e+03
1.016957493e+01  2.1491228e+03  1.00000e+06  2.07008e+03
1.017465972e+01  2.1410402e+03  1.00000e+06  2.06200e+03
1.017974705e+01  2.1319806e+03  1.00000e+06  2.05294e+03
1.018483692e+01  2.1235672e+03  1.00000e+06  2.04453e+03
1.018992934e+01  2.1173563e+03  1.00000e+06  2.03831e+03
1.019502430e+01  2.1145294e+03  1.00000e+06  2.03549e+03
1.020012182e+01  2.1157269e+03  1.00000e+06  2.03668e+03
1.020522188e+01  2.1210380e+03  1.00000e+06  2.04199e+03
1.021032449e+01  2.1301203e+03  1.00000e+06  2.05107e+03
1.021542965e+01  2.1423875e+03  1.00000e+06  2.06334e+03
1.022053737e+01  2.1571957e+03  1.00000e+06  2.07815e+03
1.022564763e+01  2.1739722e+03  1.00000e+06  2.09492e+03
1.023076046e+01  2.1922562e+03  1.00000e+06  2.11321e+03
1.023587584e+01  2.2116577e+03  1.00000e+06  2.13261e+03
1.024099378e+01  2.2317744e+03  1.00000e+06  2.15272e+03
1.024611427e+01  2.2521148e+03  1.00000e+06  2.17306e+03
1.025123733e+01  2.2720748e+03  1.00000e+06  2.19302e+03
1.025636295e+01  2.2909842e+03  1.00000e+06  2.21193e+03
1.026149113e+01  2.3082081e+03  1.00000e+06  2.22915e+03
1.026662188e+01  2.3232643e+03  1.00000e+06  2.24421e+03
1.027175519e+01  2.3359093e+03  1.00000e+06  2.25685e+03
1.027689106e+01  2.3461620e+03  1.00000e+06  2.26710e+03
1.028202951e+01  2.3542558e+03  1.00000e+06  2.27519e+03
1.028717052e+01  2.3605426e+03  1.00000e+06  2.28148e+03
1.029231411e+01  2.3653842e+03  1.00000e+06  2.28632e+03
1.029746027e+01  2.3690696e+03  1.00000e+06  2.29001e+03
1.030260900e+01  2.3717817e+03  1.00000e+06  2.29272e+03
1.030776030e+01  2.3736200e+03  1.00000e+06  2.29455e+03
1.031291418e+01  2.3746568e+03  1.00000e+06  2.29559e+03
1.031807064e+01  2.3750028e+03  1.00000e+06  2.29593e+03
1.032322967e+01  2.3748496e+03  1.00000e+06  2.29578e+03
1.032839129e+01  2.3744714e+03  1.00000e+06  2.29540e+03
1.033355548e+01  2.3741836e+03  1.00000e+06  2.29511e+03
1.033872226e+01  2.3742748e+03  1.00000e+06  2.29520e+03
1.034389162e+01  2.3749384e+03  1.00000e+06  2.29586e+03
1.034906357e+01  2.3762297e+03  1.00000e+06  2.29716e+03
1.035423810e+01  2.3780624e+03  1.00000e+06  2.29899e+03
1.035941522e+01  2.3802454e+03  1.00000e+06  2.30117e+03
1.036459493e+01  2.3825425e+03  1.00000e+06  2.30346e+03
1.036977722e+01  2.3847342e+03  1.00000e+06  2.30566e+03
1.037496211e+01  2.3866603e+03  1.00000e+06  2.30758e+03
1.038014959e+01  2.3882356e+03  1.00000e+06  2.30915e+03
1.038533967e+01  2.3894409e+03  1.00000e+06  2.31036e+03
1.039053234e+01  2.3902985e+03  1.00000e+06  2.31122e+03
1.039572761e+01  2.3908458e+03  1.00000e+06  2.31176e+03
1.040092547e+01  2.3911158e+03  1.00000e+06  2.31203e+03
1.040612593e+01  2.3911296e+03  1.00000e+06  2.31204e+03
1.041132899e+01  2.3908956e+03  1.00000e+06  2.31181e+03
1.041653466e+01  2.3904103e+03  1.00000e+06  2.31132e+03
1.042174293e+01  2.3896544e+03  1.00000e+06  2.31057e+03
1.042695380e+01  2.3885792e+03  1.00000e+06  2.30949e+03
1.043216728e+01  2.3870887e+03  1.00000e+06  2.30800e+03
1.043738336e+01  2.3850213e+03  1.00000e+06  2.30593e+03
1.044260205e+01  2.3821448e+03  1.00000e+06  2.30305e+03
1.044782335e+01  2.3781746e+03  1.00000e+06  2.29908e+03
1.045304726e+01  2.3728207e+03  1.00000e+06  2.29373e+03
1.045827379e+01  2.3658636e+03  1.00000e+06  2.28677e+03
1.046350292e+01  2.3572446e+03  1.00000e+06  2.27815e+03
1.046873468e+01  2.3471478e+03  1.00000e+06  2.26805e+03
1.047396904e+01  2.3360440e+03  1.00000e+06  2.25694e+03
1.047920603e+01  2.3246705e+03  1.00000e+06  2.24557e+03
1.048444563e+01  2.3139350e+03  1.00000e+06  2.23483e+03
1.048968785e+01  2.3047572e+03  1.00000e+06  2.22565e+03
1.049493270e+01  2.2978859e+03  1.00000e+06  2.21878e+03
1.050018016e+01  2.2937463e+03  1.00000e+06  2.21464e+03
1.050543025e+01  2.2923659e+03  1.00000e+06  2.21326e+03
1.051068297e+01  2.2934076e+03  1.00000e+06  2.21430e+03
1.051593831e+01  2.2962977e+03  1.00000e+06  2.21719e+03
1.052119628e+01  2.3004026e+03  1.00000e+06  2.22129e+03
1.052645688e+01  2.3051868e+03  1.00000e+06  2.22608e+03
1.053172011e+01  2.3102938e+03  1.00000e+06  2.23118e+03
1.053698597e+01  2.3155213e+03  1.00000e+06  2.23641e+03
1.054225446e+01  2.3207110e+03  1.00000e+06  2.24160e+03
1.054752559e+01  2.3256085e+03  1.00000e+06  2.24649e+03
1.055279935e+01  2.3297657e+03  1.00000e+06  2.25065e+03
1.055807575e+01  2.3325431e+03  1.00000e+06  2.25343e+03
1.056335479e+01  2.3332290e+03  1.00000e+06  2.25411e+03
1.056863646e+01  2.3312470e+03  1.00000e+06  2.25213e+03
1.057392078e+01  2.3263864e+03  1.00000e+06  2.24727e+03
1.057920774e+01  2.3189735e+03  1.00000e+06  2.23985e+03
1.058449735e+01  2.3099179e+03  1.00000e+06  2.23080e+03
1.058978959e+01  2.3005994e+03  1.00000e+06  2.22148e+03
1.059508449e+01  2.2926103e+03  1.00000e+06  2.21349e+03
1.060038203e+01  2.2874139e+03  1.00000e+06  2.20829e+03
1.060568222e+01  2.2860099e+03  1.00000e+06  2.20689e+03
1.061098506e+01  2.2886969e+03  1.00000e+06  2.20957e+03
1.061629056e+01  2.2949932e+03  1.00000e+06  2.21587e+03
1.062159870e+01  2.3037302e+03  1.00000e+06  2.22460e+03
1.062690950e+01  2.3132823e+03  1.00000e+06  2.23415e+03
1.063222296e+01  2.3218671e+03  1.00000e+06  2.24274e+03
1.063753907e+01  2.3278449e+03  1.00000e+06  2.24871e+03
1.064285784e+01  2.3299721e+03  1.00000e+06  2.25084e+03
1.064817927e+01  2.3275831e+03  1.00000e+06  2.24845e+03
1.065350336e+01  2.3206973e+03  1.00000e+06  2.24156e+03
1.065883011e+01  2.3100414e+03  1.00000e+06  2.23091e+03
1.066415952e+01  2.2969779e+03  1.00000e+06  2.21784e+03
1.066949160e+01  2.2833204e+03  1.00000e+06  2.20418e+03
1.067482635e+01  2.2710445e+03  1.00000e+06  2.19191e+03
1.068016376e+01  2.2619316e+03  1.00000e+06  2.18279e+03
1.068550384e+01  2.2572221e+03  1.00000e+06  2.17808e+03
1.069084659e+01  2.2573735e+03  1.00000e+06  2.17823e+03
1.069619202e+01  2.2619984e+03  1.00000e+06  2.18286e+03
1.070154011e+01  2.2700091e+03  1.00000e+06  2.19087e+03
1.070689088e+01  2.2799257e+03  1.00000e+06  2.20078e+03
1.071224433e+01  2.2902538e+03  1.00000e+06  2.21111e+03
1.071760045e+01  2.2998079e+03  1.00000e+06  2.22066e+03
1.072295925e+01  2.3078880e+03  1.00000e+06  2.22874e+03
1.072832073e+01  2.3142666e+03  1.00000e+06  2.23512e+03
1.073368489e+01  2.3190129e+03  1.00000e+06  2.23986e+03
1.073905173e+01  2.3222395e+03  1.00000e+06  2.24309e+03
1.074442126e+01  2.3238772e+03  1.00000e+06  2.24473e+03
1.074979347e+01  2.3235706e+03  1.00000e+06  2.24442e+03
1.075516837e+01  2.3207350e+03  1.00000e+06  2.24158e+03
1.076054595e+01  2.3147617e+03  1.00000e+06  2.23561e+03
1.076592622e+01  2.3052991e+03  1.00000e+06  2.22614e+03
1.077130919e+01  2.2925152e+03  1.00000e+06  2.21336e+03
1.077669484e+01  2.2772478e+03  1.00000e+06  2.19809e+03
1.078208319e+01  2.2609828e+03  1.00000e+06  2.18182e+03
1.078747423e+01  2.2456548e+03  1.00000e+06  2.16650e+03
1.079286797e+01  2.2333129e+03  1.00000e+06  2.15415e+03
1.079826440e+01  2.2257376e+03  1.00000e+06  2.14658e+03
1.080366353e+01  2.2241062e+03  1.00000e+06  2.14494e+03
1.080906537e+01  2.2287884e+03  1.00000e+06  2.14963e+03
1.081446990e+01  2.2393161e+03  1.00000e+06  2.16015e+03
1.081987713e+01  2.2545221e+03  1.00000e+06  2.17536e+03
1.082528707e+01  2.2727958e+03  1.00000e+06  2.19363e+03
1.083069972e+01  2.2923828e+03  1.00000e+06  2.21322e+03
1.083611507e+01  2.3116525e+03  1.00000e+06  2.23248e+03
1.084153312e+01  2.3292797e+03  1.00000e+06  2.25011e+03
1.084695389e+01  2.3443244e+03  1.00000e+06  2.26515e+03
1.085237737e+01  2.3562233e+03  1.00000e+06  2.27705e+03
1.085780356e+01  2.3647331e+03  1.00000e+06  2.28556e+03
1.086323246e+01  2.3698650e+03  1.00000e+06  2.29069e+03
1.086866407e+01  2.3718395e+03  1.00000e+06  2.29267e+03
1.087409841e+01  2.3710682e+03  1.00000e+06  2.29189e+03
1.087953545e+01  2.3681493e+03  1.00000e+06  2.28897e+03
1.088497522e+01  2.3638490e+03  1.00000e+06  2.28467e+03
1.089041771e+01  2.3590453e+03  1.00000e+06  2.27987e+03
1.089586292e+01  2.3546278e+03  1.00000e+06  2.27545e+03
1.090131085e+01  2.3513686e+03  1.00000e+06  2.27219e+03
1.090676151e+01  2.3498000e+03  1.00000e+06  2.27062e+03
1.091221489e+01  2.3501379e+03  1.00000e+06  2.27096e+03
1.091767099e+01  2.3522800e+03  1.00000e+06  2.27310e+03
1.092312983e+01  2.3558777e+03  1.00000e+06  2.27669e+03
1.092859139e+01  2.3604571e+03  1.00000e+06  2.28127e+03
1.093405569e+01  2.3655463e+03  1.00000e+06  2.28636e+03
1.093952272e+01  2.3707691e+03  1.00000e+06  2.29158e+03
1.094499248e+01  2.3758830e+03  1.00000e+06  2.29670e+03
1.095046498e+01  2.3807647e+03  1.00000e+06  2.30158e+03
1.095594021e+01  2.3853666e+03  1.00000e+06  2.30618e+03
1.096141818e+01  2.3896678e+03  1.00000e+06  2.31048e+03
1.096689889e+01  2.3936426e+03  1.00000e+06  2.31445e+03
1.097238234e+01  2.3972502e+03  1.00000e+06  2.31806e+03
1.097786853e+01  2.4004429e+03  1.00000e+06  2.32125e+03
1.098335746e+01  2.4031802e+03  1.00000e+06  2.32399e+03
1.098884914e+01  2.4054411e+03  1.00000e+06  2.32625e+03
1.099434357e+01  2.4072300e+03  1.00000e+06  2.32803e+03
1.099984074e+01  2.4085733e+03  1.00000e+06  2.32938e+03
1.100534066e+01  2.4095111e+03  1.00000e+06  2.33031e+03
1.101084333e+01  2.4100833e+03  1.00000e+06  2.33088e+03
1.101634875e+01  2.4103128e+03  1.00000e+06  2.33111e+03
1.102185692e+01  2.4101851e+03  1.00000e+06  2.33098e+03
1.102736785e+01  2.4096289e+03  1.00000e+06  2.33043e+03
1.103288154e+01  2.4085025e+03  1.00000e+06  2.32930e+03
1.103839798e+01  2.4065911e+03  1.00000e+06  2.32739e+03
1.104391718e+01  2.4036245e+03  1.00000e+06  2.32442e+03
1.104943913e+01  2.3993194e+03  1.00000e+06  2.32011e+03
1.105496385e+01  2.3934448e+03  1.00000e+06  2.31424e+03
1.106049134e+01  2.3858997e+03  1.00000e+06  2.30669e+03
1.106602158e+01  2.3767827e+03  1.00000e+06  2.29757e+03
1.107155459e+01  2.3664286e+03  1.00000e+06  2.28722e+03
1.107709037e+01  2.3553935e+03  1.00000e+06  2.27618e+03
1.108262892e+01  2.3443823e+03  1.00000e+06  2.26517e+03
1.108817023e+01  2.3341368e+03  1.00000e+06  2.25492e+03
1.109371431e+01  2.3253169e+03  1.00000e+06  2.24610e+03
1.109926117e+01  2.3184122e+03  1.00000e+06  2.23920e+03
1.110481080e+01  2.3137076e+03  1.00000e+06  2.23449e+03
1.111036321e+01  2.3113019e+03  1.00000e+06  2.23209e+03
1.111591839e+01  2.3111537e+03  1.00000e+06  2.23194e+03
1.112147635e+01  2.3131206e+03  1.00000e+06  2.23390e+03
1.112703709e+01  2.3169660e+03  1.00000e+06  2.23775e+03
1.113260061e+01  2.3223332e+03  1.00000e+06  2.24311e+03
1.113816691e+01  2.3287124e+03  1.00000e+06  2.24949e+03
1.114373599e+01  2.3354374e+03  1.00000e+06  2.25621e+03
1.114930786e+01  2.3417399e+03  1.00000e+06  2.26252e+03
1.115488251e+01  2.3468671e+03  1.00000e+06  2.26764e+03
1.116045995e+01  2.3502327e+03  1.00000e+06  2.27101e+03
1.116604018e+01  2.3515551e+03  1.00000e+06  2.27233e+03
1.117162320e+01  2.3509327e+03  1.00000e+06  2.27171e+03
1.117720901e+01  2.3488251e+03  1.00000e+06  2.26960e+03
1.118279762e+01  2.3459418e+03  1.00000e+06  2.26671e+03
1.118838902e+01  2.3430713e+03  1.00000e+06  2.26384e+03
1.119398321e+01  2.3409051e+03  1.00000e+06  2.26167e+03
1.119958020e+01  2.3399060e+03  1.00000e+06  2.26067e+03
1.120517999e+01  2.3402538e+03  1.00000e+06  2.26102e+03
1.121078258e+01  2.3418673e+03  1.00000e+06  2.26263e+03
1.121638797e+01  2.3444748e+03  1.00000e+06  2.26524e+03
1.122199617e+01  2.3476967e+03  1.00000e+06  2.26846e+03
1.122760717e+01  2.3511086e+03  1.00000e+06  2.27187e+03
1.123322097e+01  2.3542774e+03  1.00000e+06  2.27504e+03
1.123883758e+01  2.3567860e+03  1.00000e+06  2.27755e+03
1.124445700e+01  2.3582718e+03  1.00000e+06  2.27903e+03
1.125007923e+01  2.3584915e+03  1.00000e+06  2.27925e+03
1.125570427e+01  2.3574032e+03  1.00000e+06  2.27816e+03
1.126133212e+01  2.3552272e+03  1.00000e+06  2.27598e+03
1.126696279e+01  2.3524465e+03  1.00000e+06  2.27320e+03
1.127259627e+01  2.3497173e+03  1.00000e+06  2.27047e+03
1.127823257e+01  2.3476972e+03  1.00000e+06  2.26845e+03
1.128387168e+01  2.3468390e+03  1.00000e+06  2.26759e+03
1.128951362e+01  2.3472209e+03  1.00000e+06  2.26797e+03
1.129515837e+01  2.3484762e+03  1.00000e+06  2.26923e+03
1.130080595e+01  2.3498581e+03  1.00000e+06  2.27061e+03
1.130645636e+01  2.3504233e+03  1.00000e+06  2.27117e+03
1.131210958e+01  2.3492836e+03  1.00000e+06  2.27003e+03
1.131776564e+01  2.3458445e+03  1.00000e+06  2.26659e+03
1.132342452e+01  2.3399628e+03  1.00000e+06  2.26071e+03
1.132908623e+01  2.3319832e+03  1.00000e+06  2.25273e+03
1.133475078e+01  2.3226484e+03  1.00000e+06  2.24339e+03
1.134041815e+01  2.3129233e+03  1.00000e+06  2.23367e+03
1.134608836e+01  2.3037844e+03  1.00000e+06  2.22453e+03
1.135176141e+01  2.2960376e+03  1.00000e+06  2.21678e+03
1.135743729e+01  2.2902033e+03  1.00000e+06  2.21094e+03
1.136311601e+01  2.2864927e+03  1.00000e+06  2.20723e+03
1.136879756e+01  2.2848631e+03  1.00000e+06  2.20560e+03
1.137448196e+01  2.2851238e+03  1.00000e+06  2.20586e+03
1.138016920e+01  2.2870489e+03  1.00000e+06  2.20779e+03
1.138585929e+01  2.2904567e+03  1.00000e+06  2.21119e+03
1.139155222e+01  2.2952294e+03  1.00000e+06  2.21597e+03
1.139724799e+01  2.3012673e+03  1.00000e+06  2.22200e+03
1.140294662e+01  2.3084034e+03  1.00000e+06  2.22914e+03
1.140864809e+01  2.3163104e+03  1.00000e+06  2.23704e+03
1.141435242e+01  2.3244436e+03  1.00000e+06  2.24518e+03
1.142005959e+01  2.3320444e+03  1.00000e+06  2.25278e+03
1.142576962e+01  2.3382098e+03  1.00000e+06  2.25894e+03
1.143148251e+01  2.3420134e+03  1.00000e+06  2.26274e+03
1.143719825e+01  2.3426503e+03  1.00000e+06  2.26338e+03
1.144291685e+01  2.3395785e+03  1.00000e+06  2.26031e+03
1.144863831e+01  2.3326356e+03  1.00000e+06  2.25336e+03
1.145436262e+01  2.3221169e+03  1.00000e+06  2.24284e+03
1.146008981e+01  2.3088051e+03  1.00000e+06  2.22953e+03
1.146581985e+01  2.2939408e+03  1.00000e+06  2.21466e+03
1.147155276e+01  2.2791228e+03  1.00000e+06  2.19985e+03
1.147728854e+01  2.2661343e+03  1.00000e+06  2.18686e+03
1.148302718e+01  2.2567061e+03  1.00000e+06  2.17743e+03
1.148876869e+01  2.2522503e+03  1.00000e+06  2.17297e+03
1.149451308e+01  2.2536198e+03  1.00000e+06  2.17434e+03
1.150026034e+01  2.2609488e+03  1.00000e+06  2.18167e+03
1.150601047e+01  2.2736208e+03  1.00000e+06  2.19434e+03
1.151176347e+01  2.2903789e+03  1.00000e+06  2.21109e+03
1.151751935e+01  2.3095506e+03  1.00000e+06  2.23027e+03
1.152327811e+01  2.3293317e+03  1.00000e+06  2.25005e+03
1.152903975e+01  2.3480652e+03  1.00000e+06  2.26878e+03
1.153480427e+01  2.3644555e+03  1.00000e+06  2.28517e+03
1.154057167e+01  2.3776896e+03  1.00000e+06  2.29840e+03
1.154634196e+01  2.3874609e+03  1.00000e+06  2.30817e+03
1.155211513e+01  2.3939164e+03  1.00000e+06  2.31463e+03
1.155789119e+01  2.3975545e+03  1.00000e+06  2.31826e+03
1.156367013e+01  2.3990995e+03  1.00000e+06  2.31981e+03
1.156945197e+01  2.3993698e+03  1.00000e+06  2.32008e+03
1.157523669e+01  2.3991510e+03  1.00000e+06  2.31986e+03
1.158102431e+01  2.3990851e+03  1.00000e+06  2.31979e+03
1.158681482e+01  2.3995866e+03  1.00000e+06  2.32029e+03
1.159260823e+01  2.4007999e+03  1.00000e+06  2.32150e+03
1.159840454e+01  2.4026057e+03  1.00000e+06  2.32331e+03
1.160420374e+01  2.4046764e+03  1.00000e+06  2.32538e+03
1.161000584e+01  2.4065696e+03  1.00000e+06  2.32727e+03
1.161581084e+01  2.4078384e+03  1.00000e+06  2.32854e+03
1.162161875e+01  2.4081348e+03  1.00000e+06  2.32883e+03
1.162742956e+01  2.4072858e+03  1.00000e+06  2.32798e+03
1.163324327e+01  2.4053302e+03  1.00000e+06  2.32603e+03
1.163905989e+01  2.4025096e+03  1.00000e+06  2.32321e+03
1.164487942e+01  2.3992219e+03  1.00000e+06  2.31992e+03
1.165070186e+01  2.3959461e+03  1.00000e+06  2.31664e+03
1.165652722e+01  2.3931559e+03  1.00000e+06  2.31385e+03
1.166235548e+01  2.3912399e+03  1.00000e+06  2.31193e+03
1.166818666e+01  2.3904445e+03  1.00000e+06  2.31114e+03
1.167402075e+01  2.3908479e+03  1.00000e+06  2.31154e+03
1.167985776e+01  2.3923674e+03  1.00000e+06  2.31306e+03
1.168569769e+01  2.3947942e+03  1.00000e+06  2.31548e+03
1.169154054e+01  2.3978435e+03  1.00000e+06  2.31853e+03
1.169738631e+01  2.4012102e+03  1.00000e+06  2.32190e+03
1.170323500e+01  2.4046163e+03  1.00000e+06  2.32530e+03
1.170908662e+01  2.4078457e+03  1.00000e+06  2.32853e+03
1.171494116e+01  2.4107602e+03  1.00000e+06  2.33144e+03
1.172079863e+01  2.4132976e+03  1.00000e+06  2.33398e+03
1.172665903e+01  2.4154547e+03  1.00000e+06  2.33614e+03
1.173252236e+01  2.4172614e+03  1.00000e+06  2.33794e+03
1.173838862e+01  2.4187525e+03  1.00000e+06  2.33943e+03
1.174425782e+01  2.4199459e+03  1.00000e+06  2.34063e+03
1.175012995e+01  2.4208322e+03  1.00000e+06  2.34151e+03
1.175600501e+01  2.4213764e+03  1.00000e+06  2.34205e+03
1.176188301e+01  2.4215314e+03  1.00000e+06  2.34221e+03
1.176776396e+01  2.4212539e+03  1.00000e+06  2.34193e+03
1.177364784e+01  2.4205200e+03  1.00000e+06  2.34119e+03
1.177953466e+01  2.4193308e+03  1.00000e+06  2.34000e+03
1.178542443e+01  2.4177112e+03  1.00000e+06  2.33838e+03
1.179131714e+01  2.4157027e+03  1.00000e+06  2.33637e+03
1.179721280e+01  2.4133565e+03  1.00000e+06  2.33403e+03
1.180311141e+01  2.4107306e+03  1.00000e+06  2.33140e+03
1.180901296e+01  2.4078914e+03  1.00000e+06  2.32856e+03
1.181491747e+01  2.4049174e+03  1.00000e+06  2.32559e+03
1.182082493e+01  2.4019004e+03  1.00000e+06  2.32257e+03
1.182673534e+01  2.3989381e+03  1.00000e+06  2.31960e+03
1.183264871e+01  2.3961177e+03  1.00000e+06  2.31678e+03
1.183856503e+01  2.3934876e+03  1.00000e+06  2.31415e+03
1.184448431e+01  2.3910210e+03  1.00000e+06  2.31168e+03
1.185040656e+01  2.3885736e+03  1.00000e+06  2.30924e+03
1.185633176e+01  2.3858466e+03  1.00000e+06  2.30651e+03
1.186225992e+01  2.3823720e+03  1.00000e+06  2.30303e+03
1.186819105e+01  2.3775411e+03  1.00000e+06  2.29820e+03
1.187412515e+01  2.3706954e+03  1.00000e+06  2.29135e+03
1.188006221e+01  2.3612810e+03  1.00000e+06  2.28194e+03
1.188600224e+01  2.3490412e+03  1.00000e+06  2.26970e+03
1.189194525e+01  2.3341961e+03  1.00000e+06  2.25485e+03
1.189789122e+01  2.3175455e+03  1.00000e+06  2.23820e+03
1.190384016e+01  2.3004376e+03  1.00000e+06  2.22109e+03
1.190979208e+01  2.2845870e+03  1.00000e+06  2.20524e+03
1.191574698e+01  2.2717664e+03  1.00000e+06  2.19242e+03
1.192170485e+01  2.2634508e+03  1.00000e+06  2.18410e+03
1.192766571e+01  2.2605069e+03  1.00000e+06  2.18116e+03
1.193362954e+01  2.2630195e+03  1.00000e+06  2.18367e+03
1.193959635e+01  2.2703027e+03  1.00000e+06  2.19095e+03
1.194556615e+01  2.2810845e+03  1.00000e+06  2.20173e+03
1.195153893e+01  2.2938045e+03  1.00000e+06  2.21445e+03
1.195751470e+01  2.3069280e+03  1.00000e+06  2.22757e+03
1.196349346e+01  2.3191900e+03  1.00000e+06  2.23984e+03
1.196947521e+01  2.3297195e+03  1.00000e+06  2.25036e+03
1.197545995e+01  2.3380449e+03  1.00000e+06  2.25869e+03
1.198144768e+01  2.3440263e+03  1.00000e+06  2.26467e+03
1.198743840e+01  2.3477715e+03  1.00000e+06  2.26841e+03
1.199343212e+01  2.3495786e+03  1.00000e+06  2.27022e+03
1.199942883e+01  2.3499111e+03  1.00000e+06  2.27055e+03
1.200542855e+01  2.3493831e+03  1.00000e+06  2.27002e+03
1.201143126e+01  2.3487203e+03  1.00000e+06  2.26936e+03
1.201743698e+01  2.3486795e+03  1.00000e+06  2.26932e+03
1.202344570e+01  2.3499323e+03  1.00000e+06  2.27057e+03
1.202945742e+01  2.3529448e+03  1.00000e+06  2.27358e+03
1.203547215e+01  2.3578877e+03  1.00000e+06  2.27852e+03
1.204148988e+01  2.3646024e+03  1.00000e+06  2.28524e+03
1.204751063e+01  2.3726304e+03  1.00000e+06  2.29326e+03
1.205353439e+01  2.3812897e+03  1.00000e+06  2.30192e+03
1.205956115e+01  2.3897777e+03  1.00000e+06  2.31041e+03
1.206559093e+01  2.3972784e+03  1.00000e+06  2.31791e+03
1.207162373e+01  2.4030601e+03  1.00000e+06  2.32369e+03
1.207765954e+01  2.4065563e+03  1.00000e+06  2.32719e+03
1.208369837e+01  2.4074301e+03  1.00000e+06  2.32806e+03
1.208974022e+01  2.4056166e+03  1.00000e+06  2.32624e+03
1.209578509e+01  2.4013386e+03  1.00000e+06  2.32196e+03
1.210183298e+01  2.3950803e+03  1.00000e+06  2.31571e+03
1.210788390e+01  2.3875142e+03  1.00000e+06  2.30814e+03
1.211393784e+01  2.3793820e+03  1.00000e+06  2.30001e+03
1.211999481e+01  2.3713545e+03  1.00000e+06  2.29198e+03
1.212605481e+01  2.3639095e+03  1.00000e+06  2.28453e+03
1.213211783e+01  2.3572675e+03  1.00000e+06  2.27789e+03
1.213818389e+01  2.3514118e+03  1.00000e+06  2.27203e+03
1.214425298e+01  2.3461818e+03  1.00000e+06  2.26680e+03
1.215032511e+01  2.3414025e+03  1.00000e+06  2.26202e+03
1.215640027e+01  2.3369929e+03  1.00000e+06  2.25761e+03
1.216247847e+01  2.3330152e+03  1.00000e+06  2.25363e+03
1.216855971e+01  2.3296538e+03  1.00000e+06  2.25027e+03
1.217464399e+01  2.3271535e+03  1.00000e+06  2.24777e+03
1.218073132e+01  2.3257579e+03  1.00000e+06  2.24637e+03
1.218682168e+01  2.3256798e+03  1.00000e+06  2.24629e+03
1.219291509e+01  2.3271056e+03  1.00000e+06  2.24772e+03
1.219901155e+01  2.3302051e+03  1.00000e+06  2.25082e+03
1.220511105e+01  2.3351145e+03  1.00000e+06  2.25572e+03
1.221121361e+01  2.3418728e+03  1.00000e+06  2.26248e+03
1.221731922e+01  2.3503279e+03  1.00000e+06  2.27094e+03
1.222342788e+01  2.3600526e+03  1.00000e+06  2.28066e+03
1.222953959e+01  2.3703133e+03  1.00000e+06  2.29092e+03
1.223565436e+01  2.3801175e+03  1.00000e+06  2.30072e+03
1.224177219e+01  2.3883307e+03  1.00000e+06  2.30894e+03
1.224789307e+01  2.3938334e+03  1.00000e+06  2.31444e+03
1.225401702e+01  2.3956786e+03  1.00000e+06  2.31628e+03
1.226014403e+01  2.3932229e+03  1.00000e+06  2.31383e+03
1.226627410e+01  2.3862210e+03  1.00000e+06  2.30682e+03
1.227240724e+01  2.3748857e+03  1.00000e+06  2.29549e+03
1.227854344e+01  2.3599143e+03  1.00000e+06  2.28051e+03
1.228468271e+01  2.3424748e+03  1.00000e+06  2.26307e+03
1.229082505e+01  2.3241358e+03  1.00000e+06  2.24473e+03
1.229697047e+01  2.3067266e+03  1.00000e+06  2.22732e+03
1.230311895e+01  2.2921278e+03  1.00000e+06  2.21272e+03
1.230927051e+01  2.2820168e+03  1.00000e+06  2.20261e+03
1.231542515e+01  2.2776126e+03  1.00000e+06  2.19821e+03
1.232158286e+01  2.2794783e+03  1.00000e+06  2.20007e+03
1.232774365e+01  2.2874287e+03  1.00000e+06  2.20802e+03
1.233390752e+01  2.3005697e+03  1.00000e+06  2.22116e+03
1.234007448e+01  2.3174630e+03  1.00000e+06  2.23805e+03
1.234624451e+01  2.3363780e+03  1.00000e+06  2.25697e+03
1.235241764e+01  2.3555731e+03  1.00000e+06  2.27616e+03
1.235859385e+01  2.3735457e+03  1.00000e+06  2.29413e+03
1.236477314e+01  2.3892045e+03  1.00000e+06  2.30979e+03
1.237095553e+01  2.4019416e+03  1.00000e+06  2.32253e+03
1.237714101e+01  2.4116102e+03  1.00000e+06  2.33220e+03
1.238332958e+01  2.4184305e+03  1.00000e+06  2.33902e+03
1.238952124e+01  2.4228578e+03  1.00000e+06  2.34344e+03
1.239571600e+01  2.4254449e+03  1.00000e+06  2.34603e+03
1.240191386e+01  2.4267246e+03  1.00000e+06  2.34731e+03
1.240811482e+01  2.4271253e+03  1.00000e+06  2.34771e+03
1.241431887e+01  2.4269290e+03  1.00000e+06  2.34751e+03
1.242052603e+01  2.4262708e+03  1.00000e+06  2.34685e+03
1.242673630e+01  2.4251770e+03  1.00000e+06  2.34576e+03
1.243294967e+01  2.4236299e+03  1.00000e+06  2.34421e+03
1.243916614e+01  2.4216426e+03  1.00000e+06  2.34222e+03
1.244538572e+01  2.4193214e+03  1.00000e+06  2.33990e+03
1.245160842e+01  2.4168943e+03  1.00000e+06  2.33747e+03
1.245783422e+01  2.4146919e+03  1.00000e+06  2.33527e+03
1.246406314e+01  2.4130827e+03  1.00000e+06  2.33366e+03
1.247029517e+01  2.4123823e+03  1.00000e+06  2.33296e+03
1.247653032e+01  2.4127665e+03  1.00000e+06  2.33334e+03
1.248276858e+01  2.4142179e+03  1.00000e+06  2.33479e+03
1.248900997e+01  2.4165265e+03  1.00000e+06  2.33710e+03
1.249525447e+01  2.4193411e+03  1.00000e+06  2.33991e+03
1.250150210e+01  2.4222548e+03  1.00000e+06  2.34282e+03
1.250775285e+01  2.4248969e+03  1.00000e+06  2.34546e+03
1.251400673e+01  2.4270032e+03  1.00000e+06  2.34757e+03
1.252026373e+01  2.4284526e+03  1.00000e+06  2.34902e+03
1.252652386e+01  2.4292656e+03  1.00000e+06  2.34983e+03
1.253278712e+01  2.4295744e+03  1.00000e+06  2.35014e+03
1.253905352e+01  2.4295779e+03  1.00000e+06  2.35014e+03
1.254532304e+01  2.4294931e+03  1.00000e+06  2.35006e+03
1.255159570e+01  2.4295143e+03  1.00000e+06  2.35008e+03
1.255787150e+01  2.4297833e+03  1.00000e+06  2.35034e+03
1.256415044e+01  2.4303737e+03  1.00000e+06  2.35093e+03
1.257043251e+01  2.4312869e+03  1.00000e+06  2.35185e+03
1.257671773e+01  2.4324596e+03  1.00000e+06  2.35302e+03
1.258300609e+01  2.4337768e+03  1.00000e+06  2.35433e+03
1.258929759e+01  2.4350881e+03  1.00000e+06  2.35565e+03
1.259559224e+01  2.4362245e+03  1.00000e+06  2.35678e+03
1.260189004e+01  2.4370164e+03  1.00000e+06  2.35757e+03
1.260819098e+01  2.4373122e+03  1.00000e+06  2.35787e+03
1.261449508e+01  2.4370009e+03  1.00000e+06  2.35755e+03
1.262080232e+01  2.4360364e+03  1.00000e+06  2.35659e+03
1.262711273e+01  2.4344577e+03  1.00000e+06  2.35501e+03
1.263342628e+01  2.4323981e+03  1.00000e+06  2.35295e+03
1.263974300e+01  2.4300758e+03  1.00000e+06  2.35063e+03
1.264606287e+01  2.4277637e+03  1.00000e+06  2.34831e+03
1.265238590e+01  2.4257427e+03  1.00000e+06  2.34629e+03
1.265871209e+01  2.4242530e+03  1.00000e+06  2.34480e+03
1.266504145e+01  2.4234561e+03  1.00000e+06  2.34400e+03
1.267137397e+01  2.4234179e+03  1.00000e+06  2.34396e+03
1.267770965e+01  2.4241148e+03  1.00000e+06  2.34466e+03
1.268404851e+01  2.4254520e+03  1.00000e+06  2.34600e+03
1.269039053e+01  2.4272843e+03  1.00000e+06  2.34783e+03
1.269673573e+01  2.4294259e+03  1.00000e+06  2.34997e+03
1.270308410e+01  2.4316486e+03  1.00000e+06  2.35219e+03
1.270943564e+01  2.4336722e+03  1.00000e+06  2.35421e+03
1.271579036e+01  2.4351575e+03  1.00000e+06  2.35570e+03
1.272214825e+01  2.4357122e+03  1.00000e+06  2.35625e+03
1.272850933e+01  2.4349221e+03  1.00000e+06  2.35546e+03
1.273487358e+01  2.4324062e+03  1.00000e+06  2.35294e+03
1.274124102e+01  2.4278950e+03  1.00000e+06  2.34843e+03
1.274761164e+01  2.4213168e+03  1.00000e+06  2.34185e+03
1.275398544e+01  2.4128668e+03  1.00000e+06  2.33340e+03
1.276036244e+01  2.4030312e+03  1.00000e+06  2.32357e+03
1.276674262e+01  2.3925436e+03  1.00000e+06  2.31308e+03
1.277312599e+01  2.3822684e+03  1.00000e+06  2.30280e+03
1.277951255e+01  2.3730336e+03  1.00000e+06  2.29357e+03
1.278590231e+01  2.3654598e+03  1.00000e+06  2.28599e+03
1.279229526e+01  2.3598402e+03  1.00000e+06  2.28037e+03
1.279869141e+01  2.3561111e+03  1.00000e+06  2.27664e+03
1.280509075e+01  2.3539192e+03  1.00000e+06  2.27445e+03
1.281149330e+01  2.3527557e+03  1.00000e+06  2.27328e+03
1.281789905e+01  2.3521016e+03  1.00000e+06  2.27263e+03
1.282430799e+01  2.3515325e+03  1.00000e+06  2.27206e+03
1.283072015e+01  2.3507575e+03  1.00000e+06  2.27128e+03
1.283713551e+01  2.3496005e+03  1.00000e+06  2.27012e+03
1.284355408e+01  2.3479570e+03  1.00000e+06  2.26848e+03
1.284997585e+01  2.3457676e+03  1.00000e+06  2.26629e+03
1.285640084e+01  2.3430300e+03  1.00000e+06  2.26355e+03
1.286282904e+01  2.3398465e+03  1.00000e+06  2.26037e+03
1.286926046e+01  2.3364793e+03  1.00000e+06  2.25700e+03
1.287569509e+01  2.3333761e+03  1.00000e+06  2.25390e+03
1.288213293e+01  2.3311355e+03  1.00000e+06  2.25165e+03
1.288857400e+01  2.3304042e+03  1.00000e+06  2.25092e+03
1.289501829e+01  2.3317229e+03  1.00000e+06  2.25224e+03
1.290146580e+01  2.3353643e+03  1.00000e+06  2.25588e+03
1.290791653e+01  2.3412183e+03  1.00000e+06  2.26173e+03
1.291437049e+01  2.3487691e+03  1.00000e+06  2.26928e+03
1.292082767e+01  2.3571875e+03  1.00000e+06  2.27770e+03
1.292728809e+01  2.3655183e+03  1.00000e+06  2.28603e+03
1.293375173e+01  2.3729107e+03  1.00000e+06  2.29342e+03
1.294021861e+01  2.3788194e+03  1.00000e+06  2.29933e+03
1.294668872e+01  2.3831148e+03  1.00000e+06  2.30363e+03
1.295316206e+01  2.3860723e+03  1.00000e+06  2.30658e+03
1.295963864e+01  2.3882527e+03  1.00000e+06  2.30876e+03
1.296611846e+01  2.3903229e+03  1.00000e+06  2.31083e+03
1.297260152e+01  2.3928754e+03  1.00000e+06  2.31338e+03
1.297908782e+01  2.3962999e+03  1.00000e+06  2.31681e+03
1.298557736e+01  2.4007282e+03  1.00000e+06  2.32123e+03
1.299207015e+01  2.4060515e+03  1.00000e+06  2.32656e+03
1.299856619e+01  2.4119873e+03  1.00000e+06  2.33249e+03
1.300506547e+01  2.4181643e+03  1.00000e+06  2.33867e+03
1.301156800e+01  2.4242016e+03  1.00000e+06  2.34470e+03
1.301807379e+01  2.4297666e+03  1.00000e+06  2.35027e+03
1.302458283e+01  2.4346058e+03  1.00000e+06  2.35511e+03
1.303109512e+01  2.4385523e+03  1.00000e+06  2.35905e+03
1.303761066e+01  2.4415201e+03  1.00000e+06  2.36202e+03
1.304412947e+01  2.4434944e+03  1.00000e+06  2.36399e+03
1.305065153e+01  2.4445248e+03  1.00000e+06  2.36502e+03
1.305717686e+01  2.4447229e+03  1.00000e+06  2.36522e+03
1.306370545e+01  2.4442599e+03  1.00000e+06  2.36476e+03
1.307023730e+01  2.4433572e+03  1.00000e+06  2.36385e+03
1.307677242e+01  2.4422654e+03  1.00000e+06  2.36276e+03
1.308331081e+01  2.4412311e+03  1.00000e+06  2.36172e+03
1.308985246e+01  2.4404599e+03  1.00000e+06  2.36095e+03
1.309639739e+01  2.4400849e+03  1.00000e+06  2.36058e+03
1.310294559e+01  2.4401518e+03  1.00000e+06  2.36064e+03
1.310949706e+01  2.4406256e+03  1.00000e+06  2.36112e+03
1.311605181e+01  2.4414157e+03  1.00000e+06  2.36190e+03
1.312260983e+01  2.4424089e+03  1.00000e+06  2.36290e+03
1.312917114e+01  2.4435015e+03  1.00000e+06  2.36399e+03
1.313573572e+01  2.4446190e+03  1.00000e+06  2.36511e+03
1.314230359e+01  2.4457221e+03  1.00000e+06  2.36621e+03
1.314887474e+01  2.4467996e+03  1.00000e+06  2.36728e+03
1.315544918e+01  2.4478557e+03  1.00000e+06  2.36834e+03
1.316202691e+01  2.4488965e+03  1.00000e+06  2.36938e+03
1.316860792e+01  2.4499207e+03  1.00000e+06  2.37040e+03
1.317519222e+01  2.4509164e+03  1.00000e+06  2.37140e+03
1.318177982e+01  2.4518610e+03  1.00000e+06  2.37234e+03
1.318837071e+01  2.4527252e+03  1.00000e+06  2.37321e+03
1.319496489e+01  2.4534771e+03  1.00000e+06  2.37396e+03
1.320156238e+01  2.4540873e+03  1.00000e+06  2.37457e+03
1.320816316e+01  2.4545331e+03  1.00000e+06  2.37501e+03
1.321476724e+01  2.4548013e+03  1.00000e+06  2.37528e+03
1.322137462e+01  2.4548903e+03  1.00000e+06  2.37537e+03
1.322798531e+01  2.4548097e+03  1.00000e+06  2.37528e+03
1.323459930e+01  2.4545782e+03  1.00000e+06  2.37505e+03
1.324121660e+01  2.4542208e+03  1.00000e+06  2.37469e+03
1.324783721e+01  2.4537650e+03  1.00000e+06  2.37424e+03
1.325446113e+01  2.4532386e+03  1.00000e+06  2.37371e+03
1.326108836e+01  2.4526688e+03  1.00000e+06  2.37314e+03
1.326771890e+01  2.4520814e+03  1.00000e+06  2.37255e+03
1.327435276e+01  2.4515024e+03  1.00000e+06  2.37197e+03
1.328098994e+01  2.4509568e+03  1.00000e+06  2.37143e+03
1.328763044e+01  2.4504675e+03  1.00000e+06  2.37094e+03
1.329427425e+01  2.4500515e+03  1.00000e+06  2.37052e+03
1.330092139e+01  2.4497165e+03  1.00000e+06  2.37018e+03
1.330757185e+01  2.4494572e+03  1.00000e+06  2.36992e+03
1.331422563e+01  2.4492542e+03  1.00000e+06  2.36972e+03
1.332088275e+01  2.4490783e+03  1.00000e+06  2.36954e+03
1.332754319e+01  2.4488987e+03  1.00000e+06  2.36936e+03
1.333420696e+01  2.4486943e+03  1.00000e+06  2.36916e+03
1.334087406e+01  2.4484628e+03  1.00000e+06  2.36892e+03
1.334754450e+01  2.4482221e+03  1.00000e+06  2.36868e+03
1.335421827e+01  2.4480026e+03  1.00000e+06  2.36846e+03
1.336089538e+01  2.4478300e+03  1.00000e+06  2.36829e+03
1.336757583e+01  2.4477078e+03  1.00000e+06  2.36817e+03
1.337425962e+01  2.4476075e+03  1.00000e+06  2.36807e+03
1.338094675e+01  2.4474714e+03  1.00000e+06  2.36793e+03
1.338763722e+01  2.4472310e+03  1.00000e+06  2.36769e+03
1.339433104e+01  2.4468319e+03  1.00000e+06  2.36729e+03
1.340102820e+01  2.4462566e+03  1.00000e+06  2.36671e+03
1.340772872e+01  2.4455364e+03  1.00000e+06  2.36599e+03
1.341443258e+01  2.4447486e+03  1.00000e+06  2.36520e+03
1.342113980e+01  2.4440004e+03  1.00000e+06  2.36445e+03
1.342785037e+01  2.4434077e+03  1.00000e+06  2.36386e+03
1.343456429e+01  2.4430742e+03  1.00000e+06  2.36352e+03
1.344128158e+01  2.4430755e+03  1.00000e+06  2.36353e+03
1.344800222e+01  2.4434507e+03  1.00000e+06  2.36390e+03
1.345472622e+01  2.4441979e+03  1.00000e+06  2.36465e+03
1.346145358e+01  2.4452737e+03  1.00000e+06  2.36572e+03
1.346818431e+01  2.4465952e+03  1.00000e+06  2.36704e+03
1.347491840e+01  2.4480468e+03  1.00000e+06  2.36849e+03
1.348165586e+01  2.4494930e+03  1.00000e+06  2.36994e+03
1.348839669e+01  2.4507999e+03  1.00000e+06  2.37124e+03
1.349514089e+01  2.4518616e+03  1.00000e+06  2.37230e+03
1.350188846e+01  2.4526258e+03  1.00000e+06  2.37307e+03
1.350863940e+01  2.4531101e+03  1.00000e+06  2.37355e+03
1.351539372e+01  2.4534005e+03  1.00000e+06  2.37384e+03
1.352215142e+01  2.4536305e+03  1.00000e+06  2.37407e+03
1.352891249e+01  2.4539452e+03  1.00000e+06  2.37438e+03
1.353567695e+01  2.4544600e+03  1.00000e+06  2.37490e+03
1.354244479e+01  2.4552289e+03  1.00000e+06  2.37567e+03
1.354921601e+01  2.4562314e+03  1.00000e+06  2.37667e+03
1.355599062e+01  2.4573831e+03  1.00000e+06  2.37782e+03
1.356276861e+01  2.4585642e+03  1.00000e+06  2.37900e+03
1.356955000e+01  2.4596567e+03  1.00000e+06  2.38009e+03
1.357633477e+01  2.4605758e+03  1.00000e+06  2.38101e+03
1.358312294e+01  2.4612862e+03  1.00000e+06  2.38172e+03
1.358991450e+01  2.4618008e+03  1.00000e+06  2.38223e+03
1.359670946e+01  2.4621643e+03  1.00000e+06  2.38260e+03
1.360350781e+01  2.4624296e+03  1.00000e+06  2.38286e+03
1.361030957e+01  2.4626363e+03  1.00000e+06  2.38307e+03
1.361711472e+01  2.4627967e+03  1.00000e+06  2.38323e+03
1.362392328e+01  2.4628927e+03  1.00000e+06  2.38332e+03
1.363073524e+01  2.4628811e+03  1.00000e+06  2.38331e+03
1.363755061e+01  2.4627057e+03  1.00000e+06  2.38313e+03
1.364436938e+01  2.4623118e+03  1.00000e+06  2.38274e+03
1.365119157e+01  2.4616599e+03  1.00000e+06  2.38209e+03
1.365801716e+01  2.4607375e+03  1.00000e+06  2.38116e+03
1.366484617e+01  2.4595643e+03  1.00000e+06  2.37999e+03
1.367167860e+01  2.4581924e+03  1.00000e+06  2.37862e+03
1.367851444e+01  2.4566996e+03  1.00000e+06  2.37712e+03
1.368535369e+01  2.4551778e+03  1.00000e+06  2.37560e+03
1.369219637e+01  2.4537193e+03  1.00000e+06  2.37414e+03
1.369904247e+01  2.4524050e+03  1.00000e+06  2.37282e+03
1.370589199e+01  2.4512969e+03  1.00000e+06  2.37172e+03
1.371274494e+01  2.4504373e+03  1.00000e+06  2.37086e+03
1.371960131e+01  2.4498541e+03  1.00000e+06  2.37027e+03
1.372646111e+01  2.4495680e+03  1.00000e+06  2.36998e+03
1.373332434e+01  2.4495972e+03  1.00000e+06  2.37001e+03
1.374019100e+01  2.4499546e+03  1.00000e+06  2.37037e+03
1.374706110e+01  2.4506355e+03  1.00000e+06  2.37105e+03
1.375393463e+01  2.4516004e+03  1.00000e+06  2.37201e+03
1.376081159e+01  2.4527599e+03  1.00000e+06  2.37317e+03
1.376769200e+01  2.4539716e+03  1.00000e+06  2.37438e+03
1.377457585e+01  2.4550563e+03  1.00000e+06  2.37547e+03
1.378146313e+01  2.4558325e+03  1.00000e+06  2.37624e+03
1.378835387e+01  2.4561600e+03  1.00000e+06  2.37657e+03
1.379524804e+01  2.4559815e+03  1.00000e+06  2.37639e+03
1.380214567e+01  2.4553454e+03  1.00000e+06  2.37575e+03
1.380904674e+01  2.4544049e+03  1.00000e+06  2.37481e+03
1.381595126e+01  2.4533890e+03  1.00000e+06  2.37380e+03
1.382285924e+01  2.4525569e+03  1.00000e+06  2.37296e+03
1.382977067e+01  2.4521438e+03  1.00000e+06  2.37255e+03
1.383668555e+01  2.4523141e+03  1.00000e+06  2.37272e+03
1.384360390e+01  2.4531309e+03  1.00000e+06  2.37353e+03
1.385052570e+01  2.4545474e+03  1.00000e+06  2.37495e+03
1.385745096e+01  2.4564208e+03  1.00000e+06  2.37682e+03
1.386437969e+01  2.4585436e+03  1.00000e+06  2.37894e+03
1.387131188e+01  2.4606826e+03  1.00000e+06  2.38108e+03
1.387824753e+01  2.4626174e+03  1.00000e+06  2.38302e+03
1.388518666e+01  2.4641689e+03  1.00000e+06  2.38457e+03
1.389212925e+01  2.4652160e+03  1.00000e+06  2.38561e+03
1.389907531e+01  2.4656991e+03  1.00000e+06  2.38610e+03
1.390602485e+01  2.4656157e+03  1.00000e+06  2.38601e+03
1.391297786e+01  2.4650122e+03  1.00000e+06  2.38541e+03
1.391993435e+01  2.4639740e+03  1.00000e+06  2.38437e+03
1.392689432e+01  2.4626158e+03  1.00000e+06  2.38301e+03
1.393385777e+01  2.4610706e+03  1.00000e+06  2.38146e+03
1.394082470e+01  2.4594776e+03  1.00000e+06  2.37987e+03
1.394779511e+01  2.4579696e+03  1.00000e+06  2.37836e+03
1.395476901e+01  2.4566628e+03  1.00000e+06  2.37705e+03
1.396174639e+01  2.4556501e+03  1.00000e+06  2.37604e+03
1.396872726e+01  2.4549991e+03  1.00000e+06  2.37539e+03
1.397571163e+01  2.4547522e+03  1.00000e+06  2.37514e+03
1.398269948e+01  2.4549279e+03  1.00000e+06  2.37532e+03
1.398969083e+01  2.4555204e+03  1.00000e+06  2.37591e+03
1.399668568e+01  2.4564972e+03  1.00000e+06  2.37688e+03
1.400368402e+01  2.4577969e+03  1.00000e+06  2.37818e+03
1.401068586e+01  2.4593295e+03  1.00000e+06  2.37971e+03
1.401769121e+01  2.4609809e+03  1.00000e+06  2.38137e+03
1.402470005e+01  2.4626236e+03  1.00000e+06  2.38301e+03
1.403171240e+01  2.4641327e+03  1.00000e+06  2.38452e+03
1.403872826e+01  2.4654026e+03  1.00000e+06  2.38578e+03
1.404574762e+01  2.4663619e+03  1.00000e+06  2.38674e+03
1.405277050e+01  2.4669808e+03  1.00000e+06  2.38736e+03
1.405979688e+01  2.4672711e+03  1.00000e+06  2.38765e+03
1.406682678e+01  2.4672759e+03  1.00000e+06  2.38766e+03
1.407386019e+01  2.4670562e+03  1.00000e+06  2.38743e+03
1.408089712e+01  2.4666736e+03  1.00000e+06  2.38705e+03
1.408793757e+01  2.4661770e+03  1.00000e+06  2.38655e+03
1.409498154e+01  2.4655930e+03  1.00000e+06  2.38597e+03
1.410202903e+01  2.4649236e+03  1.00000e+06  2.38530e+03
1.410908005e+01  2.4641499e+03  1.00000e+06  2.38452e+03
1.411613459e+01  2.4632424e+03  1.00000e+06  2.38362e+03
1.412319265e+01  2.4621749e+03  1.00000e+06  2.38255e+03
1.413025425e+01  2.4609381e+03  1.00000e+06  2.38131e+03
1.413731938e+01  2.4595496e+03  1.00000e+06  2.37992e+03
1.414438804e+01  2.4580548e+03  1.00000e+06  2.37843e+03
1.415146023e+01  2.4565210e+03  1.00000e+06  2.37689e+03
1.415853596e+01  2.4550243e+03  1.00000e+06  2.37539e+03
1.416561523e+01  2.4536375e+03  1.00000e+06  2.37401e+03
1.417269804e+01  2.4524216e+03  1.00000e+06  2.37279e+03
1.417978439e+01  2.4514250e+03  1.00000e+06  2.37179e+03
1.418687428e+01  2.4506899e+03  1.00000e+06  2.37106e+03
1.419396771e+01  2.4502602e+03  1.00000e+06  2.37063e+03
1.420106470e+01  2.4501885e+03  1.00000e+06  2.37055e+03
1.420816523e+01  2.4505352e+03  1.00000e+06  2.37090e+03
1.421526931e+01  2.4513590e+03  1.00000e+06  2.37172e+03
1.422237695e+01  2.4526988e+03  1.00000e+06  2.37306e+03
1.422948814e+01  2.4545510e+03  1.00000e+06  2.37491e+03
1.423660288e+01  2.4568486e+03  1.00000e+06  2.37721e+03
1.424372118e+01  2.4594515e+03  1.00000e+06  2.37981e+03
1.425084304e+01  2.4621513e+03  1.00000e+06  2.38251e+03
1.425796846e+01  2.4646959e+03  1.00000e+06  2.38505e+03
1.426509745e+01  2.4668284e+03  1.00000e+06  2.38719e+03
1.427223000e+01  2.4683327e+03  1.00000e+06  2.38869e+03
1.427936611e+01  2.4690750e+03  1.00000e+06  2.38943e+03
1.428650580e+01  2.4690299e+03  1.00000e+06  2.38939e+03
1.429364905e+01  2.4682850e+03  1.00000e+06  2.38864e+03
1.430079587e+01  2.4670205e+03  1.00000e+06  2.38737e+03
1.430794627e+01  2.4654692e+03  1.00000e+06  2.38582e+03
1.431510024e+01  2.4638650e+03  1.00000e+06  2.38422e+03
1.432225779e+01  2.4623937e+03  1.00000e+06  2.38275e+03
1.432941892e+01  2.4611592e+03  1.00000e+06  2.38151e+03
1.433658363e+01  2.4601750e+03  1.00000e+06  2.38053e+03
1.434375192e+01  2.4593812e+03  1.00000e+06  2.37973e+03
1.435092380e+01  2.4586829e+03  1.00000e+06  2.37903e+03
1.435809926e+01  2.4579929e+03  1.00000e+06  2.37834e+03
1.436527831e+01  2.4572659e+03  1.00000e+06  2.37761e+03
1.437246095e+01  2.4565116e+03  1.00000e+06  2.37686e+03
1.437964718e+01  2.4557846e+03  1.00000e+06  2.37613e+03
1.438683700e+01  2.4551577e+03  1.00000e+06  2.37550e+03
1.439403042e+01  2.4546895e+03  1.00000e+06  2.37503e+03
1.440122744e+01  2.4544016e+03  1.00000e+06  2.37475e+03
1.440842805e+01  2.4542705e+03  1.00000e+06  2.37461e+03
1.441563227e+01  2.4542384e+03  1.00000e+06  2.37458e+03
1.442284008e+01  2.4542359e+03  1.00000e+06  2.37458e+03
1.443005150e+01  2.4542072e+03  1.00000e+06  2.37455e+03
1.443726653e+01  2.4541284e+03  1.00000e+06  2.37447e+03
1.444448516e+01  2.4540122e+03  1.00000e+06  2.37435e+03
1.445170740e+01  2.4538989e+03  1.00000e+06  2.37424e+03
1.445893326e+01  2.4538395e+03  1.00000e+06  2.37418e+03
1.446616272e+01  2.4538774e+03  1.00000e+06  2.37421e+03
1.447339581e+01  2.4540366e+03  1.00000e+06  2.37437e+03
1.448063250e+01  2.4543208e+03  1.00000e+06  2.37466e+03
1.448787282e+01  2.4547188e+03  1.00000e+06  2.37505e+03
1.449511676e+01  2.4552147e+03  1.00000e+06  2.37555e+03
1.450236431e+01  2.4557938e+03  1.00000e+06  2.37613e+03
1.450961550e+01  2.4564430e+03  1.00000e+06  2.37678e+03
1.451687030e+01  2.4571442e+03  1.00000e+06  2.37748e+03
1.452412874e+01  2.4578661e+03  1.00000e+06  2.37820e+03
1.453139080e+01  2.4585599e+03  1.00000e+06  2.37889e+03
1.453865650e+01  2.4591625e+03  1.00000e+06  2.37949e+03
1.454592583e+01  2.4596096e+03  1.00000e+06  2.37994e+03
1.455319879e+01  2.4598522e+03  1.00000e+06  2.38018e+03
1.456047539e+01  2.4598705e+03  1.00000e+06  2.38020e+03
1.456775563e+01  2.4596774e+03  1.00000e+06  2.38000e+03
1.457503951e+01  2.4593102e+03  1.00000e+06  2.37964e+03
1.458232703e+01  2.4588149e+03  1.00000e+06  2.37914e+03
1.458961819e+01  2.4582316e+03  1.00000e+06  2.37856e+03
1.459691300e+01  2.4575891e+03  1.00000e+06  2.37791e+03
1.460421145e+01  2.4569106e+03  1.00000e+06  2.37723e+03
1.461151356e+01  2.4562279e+03  1.00000e+06  2.37655e+03
1.461881932e+01  2.4555925e+03  1.00000e+06  2.37591e+03
1.462612873e+01  2.4550791e+03  1.00000e+06  2.37540e+03
1.463344179e+01  2.4547746e+03  1.00000e+06  2.37510e+03
1.464075851e+01  2.4547612e+03  1.00000e+06  2.37508e+03
1.464807889e+01  2.4550984e+03  1.00000e+06  2.37542e+03
1.465540293e+01  2.4558130e+03  1.00000e+06  2.37613e+03
1.466273063e+01  2.4568995e+03  1.00000e+06  2.37722e+03
1.467006200e+01  2.4583265e+03  1.00000e+06  2.37864e+03
1.467739703e+01  2.4600449e+03  1.00000e+06  2.38036e+03
1.468473573e+01  2.4619904e+03  1.00000e+06  2.38231e+03
1.469207809e+01  2.4640792e+03  1.00000e+06  2.38439e+03
1.469942413e+01  2.4662010e+03  1.00000e+06  2.38652e+03
1.470677385e+01  2.4682145e+03  1.00000e+06  2.38853e+03
1.471412723e+01  2.4699517e+03  1.00000e+06  2.39026e+03
1.472148430e+01  2.4712342e+03  1.00000e+06  2.39155e+03
1.472884504e+01  2.4719014e+03  1.00000e+06  2.39221e+03
1.473620946e+01  2.4718418e+03  1.00000e+06  2.39215e+03
1.474357757e+01  2.4710222e+03  1.00000e+06  2.39133e+03
1.475094935e+01  2.4695025e+03  1.00000e+06  2.38981e+03
1.475832483e+01  2.4674320e+03  1.00000e+06  2.38774e+03
1.476570399e+01  2.4650254e+03  1.00000e+06  2.38533e+03
1.477308684e+01  2.4625241e+03  1.00000e+06  2.38283e+03
1.478047339e+01  2.4601525e+03  1.00000e+06  2.38046e+03
1.478786362e+01  2.4580820e+03  1.00000e+06  2.37839e+03
1.479525756e+01  2.4564097e+03  1.00000e+06  2.37671e+03
1.480265518e+01  2.4551569e+03  1.00000e+06  2.37546e+03
1.481005651e+01  2.4542843e+03  1.00000e+06  2.37459e+03
1.481746154e+01  2.4537172e+03  1.00000e+06  2.37402e+03
1.482487027e+01  2.4533738e+03  1.00000e+06  2.37368e+03
1.483228271e+01  2.4531895e+03  1.00000e+06  2.37349e+03
1.483969885e+01  2.4531329e+03  1.00000e+06  2.37343e+03
1.484711870e+01  2.4532113e+03  1.00000e+06  2.37351e+03
1.485454226e+01  2.4534661e+03  1.00000e+06  2.37377e+03
1.486196953e+01  2.4539579e+03  1.00000e+06  2.37426e+03
1.486940051e+01  2.4547465e+03  1.00000e+06  2.37504e+03
1.487683521e+01  2.4558687e+03  1.00000e+06  2.37617e+03
1.488427363e+01  2.4573191e+03  1.00000e+06  2.37762e+03
1.489171577e+01  2.4590395e+03  1.00000e+06  2.37933e+03
1.489916162e+01  2.4609165e+03  1.00000e+06  2.38121e+03
1.490661121e+01  2.4627918e+03  1.00000e+06  2.38309e+03
1.491406451e+01  2.4644815e+03  1.00000e+06  2.38477e+03
1.492152154e+01  2.4658048e+03  1.00000e+06  2.38610e+03
1.492898230e+01  2.4666154e+03  1.00000e+06  2.38691e+03
1.493644680e+01  2.4668322e+03  1.00000e+06  2.38712e+03
1.494391502e+01  2.4664588e+03  1.00000e+06  2.38675e+03
1.495138698e+01  2.4655872e+03  1.00000e+06  2.38588e+03
1.495886267e+01  2.4643808e+03  1.00000e+06  2.38467e+03
1.496634210e+01  2.4630405e+03  1.00000e+06  2.38333e+03
1.497382527e+01  2.4617620e+03  1.00000e+06  2.38205e+03
1.498131218e+01  2.4606978e+03  1.00000e+06  2.38098e+03
1.498880284e+01  2.4599352e+03  1.00000e+06  2.38022e+03
1.499629724e+01  2.4594958e+03  1.00000e+06  2.37978e+03
1.500379539e+01  2.4593545e+03  1.00000e+06  2.37964e+03
1.501129729e+01  2.4594675e+03  1.00000e+06  2.37975e+03
1.501880294e+01  2.4597969e+03  1.00000e+06  2.38008e+03
1.502631234e+01  2.4603216e+03  1.00000e+06  2.38060e+03
1.503382549e+01  2.4610343e+03  1.00000e+06  2.38132e+03
1.504134241e+01  2.4619275e+03  1.00000e+06  2.38221e+03
1.504886308e+01  2.4629793e+03  1.00000e+06  2.38326e+03
1.505638751e+01  2.4641455e+03  1.00000e+06  2.38443e+03
1.506391570e+01  2.4653617e+03  1.00000e+06  2.38564e+03
1.507144766e+01  2.4665511e+03  1.00000e+06  2.38683e+03
1.507898339e+01  2.4676357e+03  1.00000e+06  2.38791e+03
1.508652288e+01  2.4685449e+03  1.00000e+06  2.38882e+03
1.509406614e+01  2.4692218e+03  1.00000e+06  2.38950e+03
1.510161317e+01  2.4696295e+03  1.00000e+06  2.38991e+03
1.510916398e+01  2.4697577e+03  1.00000e+06  2.39003e+03
1.511671856e+01  2.4696306e+03  1.00000e+06  2.38990e+03
1.512427692e+01  2.4693121e+03  1.00000e+06  2.38959e+03
1.513183906e+01  2.4689048e+03  1.00000e+06  2.38918e+03
1.513940498e+01  2.4685400e+03  1.00000e+06  2.38881e+03
1.514697468e+01  2.4683590e+03  1.00000e+06  2.38863e+03
1.515454817e+01  2.4684889e+03  1.00000e+06  2.38876e+03
1.516212544e+01  2.4690168e+03  1.00000e+06  2.38929e+03
1.516970650e+01  2.4699701e+03  1.00000e+06  2.39024e+03
1.517729136e+01  2.4713074e+03  1.00000e+06  2.39158e+03
1.518488000e+01  2.4729242e+03  1.00000e+06  2.39319e+03
1.519247244e+01  2.4746739e+03  1.00000e+06  2.39494e+03
1.520006868e+01  2.4763997e+03  1.00000e+06  2.39667e+03
1.520766871e+01  2.4779687e+03  1.00000e+06  2.39823e+03
1.521527255e+01  2.4792977e+03  1.00000e+06  2.39956e+03
1.522288018e+01  2.4803618e+03  1.00000e+06  2.40063e+03
1.523049162e+01  2.4811828e+03  1.00000e+06  2.40145e+03
1.523810687e+01  2.4818018e+03  1.00000e+06  2.40206e+03
1.524572592e+01  2.4822479e+03  1.00000e+06  2.40251e+03
1.525334879e+01  2.4825154e+03  1.00000e+06  2.40278e+03
1.526097546e+01  2.4825594e+03  1.00000e+06  2.40282e+03
1.526860595e+01  2.4823109e+03  1.00000e+06  2.40257e+03
1.527624025e+01  2.4817069e+03  1.00000e+06  2.40197e+03
1.528387837e+01  2.4807219e+03  1.00000e+06  2.40098e+03
1.529152031e+01  2.4793883e+03  1.00000e+06  2.39965e+03
1.529916607e+01  2.4777985e+03  1.00000e+06  2.39806e+03
1.530681565e+01  2.4760868e+03  1.00000e+06  2.39634e+03
1.531446906e+01  2.4743968e+03  1.00000e+06  2.39465e+03
1.532212630e+01  2.4728474e+03  1.00000e+06  2.39310e+03
1.532978736e+01  2.4715059e+03  1.00000e+06  2.39176e+03
1.533745225e+01  2.4703784e+03  1.00000e+06  2.39063e+03
1.534512098e+01  2.4694166e+03  1.00000e+06  2.38967e+03
1.535279354e+01  2.4685384e+03  1.00000e+06  2.38879e+03
1.536046994e+01  2.4676548e+03  1.00000e+06  2.38791e+03
1.536815017e+01  2.4666948e+03  1.00000e+06  2.38695e+03
1.537583425e+01  2.4656231e+03  1.00000e+06  2.38587e+03
1.538352216e+01  2.4644496e+03  1.00000e+06  2.38470e+03
1.539121393e+01  2.4632279e+03  1.00000e+06  2.38348e+03
1.539890953e+01  2.4620476e+03  1.00000e+06  2.38230e+03
1.540660899e+01  2.4610199e+03  1.00000e+06  2.38127e+03
1.541431229e+01  2.4602601e+03  1.00000e+06  2.38051e+03
1.542201945e+01  2.4598699e+03  1.00000e+06  2.38012e+03
1.542973046e+01  2.4599201e+03  1.00000e+06  2.38017e+03
1.543744532e+01  2.4604387e+03  1.00000e+06  2.38068e+03
1.544516405e+01  2.4614033e+03  1.00000e+06  2.38165e+03
1.545288663e+01  2.4627397e+03  1.00000e+06  2.38298e+03
1.546061307e+01  2.4643266e+03  1.00000e+06  2.38457e+03
1.546834338e+01  2.4660070e+03  1.00000e+06  2.38625e+03
1.547607755e+01  2.4676045e+03  1.00000e+06  2.38785e+03
1.548381559e+01  2.4689455e+03  1.00000e+06  2.38919e+03
1.549155750e+01  2.4698835e+03  1.00000e+06  2.39012e+03
1.549930327e+01  2.4703213e+03  1.00000e+06  2.39056e+03
1.550705293e+01  2.4702281e+03  1.00000e+06  2.39047e+03
1.551480645e+01  2.4696461e+03  1.00000e+06  2.38988e+03
1.552256386e+01  2.4686841e+03  1.00000e+06  2.38892e+03
1.553032514e+01  2.4675000e+03  1.00000e+06  2.38774e+03
1.553809030e+01  2.4662737e+03  1.00000e+06  2.38651e+03
1.554585934e+01  2.4651757e+03  1.00000e+06  2.38541e+03
1.555363227e+01  2.4643393e+03  1.00000e+06  2.38457e+03
1.556140909e+01  2.4638412e+03  1.00000e+06  2.38408e+03
1.556918980e+01  2.4636972e+03  1.00000e+06  2.38393e+03
1.557697439e+01  2.4638720e+03  1.00000e+06  2.38410e+03
1.558476288e+01  2.4643019e+03  1.00000e+06  2.38453e+03
1.559255526e+01  2.4649217e+03  1.00000e+06  2.38515e+03
1.560035154e+01  2.4656870e+03  1.00000e+06  2.38592e+03
1.560815171e+01  2.4665829e+03  1.00000e+06  2.38681e+03
1.561595579e+01  2.4676178e+03  1.00000e+06  2.38785e+03
1.562376377e+01  2.4688012e+03  1.00000e+06  2.38903e+03
1.563157565e+01  2.4701176e+03  1.00000e+06  2.39035e+03
1.563939144e+01  2.4715036e+03  1.00000e+06  2.39173e+03
1.564721113e+01  2.4728401e+03  1.00000e+06  2.39307e+03
1.565503474e+01  2.4739625e+03  1.00000e+06  2.39419e+03
1.566286225e+01  2.4746894e+03  1.00000e+06  2.39491e+03
1.567069369e+01  2.4748609e+03  1.00000e+06  2.39509e+03
1.567852903e+01  2.4743772e+03  1.00000e+06  2.39460e+03
1.568636830e+01  2.4732275e+03  1.00000e+06  2.39345e+03
1.569421148e+01  2.4715008e+03  1.00000e+06  2.39172e+03
1.570205859e+01  2.4693756e+03  1.00000e+06  2.38960e+03
1.570990962e+01  2.4670926e+03  1.00000e+06  2.38731e+03
1.571776457e+01  2.4649145e+03  1.00000e+06  2.38514e+03
1.572562345e+01  2.4630842e+03  1.00000e+06  2.38330e+03
1.573348626e+01  2.4617879e+03  1.00000e+06  2.38201e+03
1.574135301e+01  2.4611319e+03  1.00000e+06  2.38135e+03
1.574922368e+01  2.4611352e+03  1.00000e+06  2.38135e+03
1.575709830e+01  2.4617373e+03  1.00000e+06  2.38195e+03
1.576497685e+01  2.4628179e+03  1.00000e+06  2.38303e+03
1.577285933e+01  2.4642231e+03  1.00000e+06  2.38444e+03
1.578074576e+01  2.4657921e+03  1.00000e+06  2.38601e+03
1.578863614e+01  2.4673820e+03  1.00000e+06  2.38760e+03
1.579653045e+01  2.4688869e+03  1.00000e+06  2.38910e+03
1.580442872e+01  2.4702516e+03  1.00000e+06  2.39046e+03
1.581233093e+01  2.4714775e+03  1.00000e+06  2.39169e+03
1.582023710e+01  2.4726188e+03  1.00000e+06  2.39283e+03
1.582814722e+01  2.4737690e+03  1.00000e+06  2.39398e+03
1.583606129e+01  2.4750364e+03  1.00000e+06  2.39525e+03
1.584397932e+01  2.4765132e+03  1.00000e+06  2.39672e+03
1.585190131e+01  2.4782455e+03  1.00000e+06  2.39845e+03
1.585982726e+01  2.4802107e+03  1.00000e+06  2.40042e+03
1.586775718e+01  2.4823113e+03  1.00000e+06  2.40252e+03
1.587569105e+01  2.4843856e+03  1.00000e+06  2.40459e+03
1.588362890e+01  2.4862336e+03  1.00000e+06  2.40644e+03
1.589157071e+01  2.4876504e+03  1.00000e+06  2.40786e+03
1.589951650e+01  2.4884598e+03  1.00000e+06  2.40866e+03
1.590746626e+01  2.4885412e+03  1.00000e+06  2.40875e+03
1.591541999e+01  2.4878461e+03  1.00000e+06  2.40805e+03
1.592337770e+01  2.4864044e+03  1.00000e+06  2.40661e+03
1.593133939e+01  2.4843216e+03  1.00000e+06  2.40452e+03
1.593930506e+01  2.4817678e+03  1.00000e+06  2.40197e+03
1.594727471e+01  2.4789597e+03  1.00000e+06  2.39916e+03
1.595524835e+01  2.4761361e+03  1.00000e+06  2.39634e+03
1.596322597e+01  2.4735292e+03  1.00000e+06  2.39373e+03
1.597120759e+01  2.4713347e+03  1.00000e+06  2.39153e+03
1.597919319e+01  2.4696872e+03  1.00000e+06  2.38989e+03
1.598718279e+01  2.4686453e+03  1.00000e+06  2.38884e+03
1.599517638e+01  2.4681907e+03  1.00000e+06  2.38839e+03
1.600317397e+01  2.4682413e+03  1.00000e+06  2.38844e+03
1.601117555e+01  2.4686753e+03  1.00000e+06  2.38887e+03
1.601918114e+01  2.4693580e+03  1.00000e+06  2.38955e+03
1.602719073e+01  2.4701656e+03  1.00000e+06  2.39036e+03
1.603520433e+01  2.4709995e+03  1.00000e+06  2.39119e+03
1.604322193e+01  2.4717905e+03  1.00000e+06  2.39198e+03
1.605124354e+01  2.4724952e+03  1.00000e+06  2.39269e+03
1.605926916e+01  2.4730903e+03  1.00000e+06  2.39328e+03
1.606729880e+01  2.4735692e+03  1.00000e+06  2.39376e+03
1.607533245e+01  2.4739421e+03  1.00000e+06  2.39413e+03
1.608337011e+01  2.4742385e+03  1.00000e+06  2.39443e+03
1.609141180e+01  2.4745085e+03  1.00000e+06  2.39470e+03
1.609945750e+01  2.4748174e+03  1.00000e+06  2.39501e+03
1.610750723e+01  2.4752331e+03  1.00000e+06  2.39542e+03
1.611556099e+01  2.4758072e+03  1.00000e+06  2.39599e+03
1.612361877e+01  2.4765549e+03  1.00000e+06  2.39674e+03
1.613168058e+01  2.4774396e+03  1.00000e+06  2.39763e+03
1.613974642e+01  2.4783683e+03  1.00000e+06  2.39855e+03
1.614781629e+01  2.4792030e+03  1.00000e+06  2.39939e+03
1.615589020e+01  2.4797848e+03  1.00000e+06  2.39997e+03
1.616396814e+01  2.4799686e+03  1.00000e+06  2.40015e+03
1.617205013e+01  2.4796582e+03  1.00000e+06  2.39984e+03
1.618013615e+01  2.4788339e+03  1.00000e+06  2.39902e+03
1.618822622e+01  2.4775638e+03  1.00000e+06  2.39775e+03
1.619632033e+01  2.4759958e+03  1.00000e+06  2.39618e+03
1.620441849e+01  2.4743315e+03  1.00000e+06  2.39451e+03
1.621252070e+01  2.4727888e+03  1.00000e+06  2.39297e+03
1.622062696e+01  2.4715623e+03  1.00000e+06  2.39174e+03
1.622873728e+01  2.4707897e+03  1.00000e+06  2.39097e+03
1.623685165e+01  2.4705338e+03  1.00000e+06  2.39071e+03
1.624497007e+01  2.4707789e+03  1.00000e+06  2.39096e+03
1.625309256e+01  2.4714452e+03  1.00000e+06  2.39162e+03
1.626121910e+01  2.4724122e+03  1.00000e+06  2.39259e+03
1.626934971e+01  2.4735494e+03  1.00000e+06  2.39372e+03
1.627748439e+01  2.4747413e+03  1.00000e+06  2.39492e+03
1.628562313e+01  2.4759043e+03  1.00000e+06  2.39608e+03
1.629376594e+01  2.4769877e+03  1.00000e+06  2.39716e+03
1.630191282e+01  2.4779619e+03  1.00000e+06  2.39813e+03
1.631006378e+01  2.4787993e+03  1.00000e+06  2.39897e+03
1.631821881e+01  2.4794578e+03  1.00000e+06  2.39963e+03
1.632637792e+01  2.4798766e+03  1.00000e+06  2.40005e+03
1.633454111e+01  2.4799867e+03  1.00000e+06  2.40016e+03
1.634270838e+01  2.4797335e+03  1.00000e+06  2.39990e+03
1.635087973e+01  2.4791018e+03  1.00000e+06  2.39927e+03
1.635905517e+01  2.4781302e+03  1.00000e+06  2.39830e+03
1.636723470e+01  2.4769095e+03  1.00000e+06  2.39708e+03
1.637541832e+01  2.4755638e+03  1.00000e+06  2.39573e+03
1.638360603e+01  2.4742219e+03  1.00000e+06  2.39439e+03
1.639179783e+01  2.4729892e+03  1.00000e+06  2.39315e+03
1.639999373e+01  2.4719312e+03  1.00000e+06  2.39210e+03
1.640819373e+01  2.4710718e+03  1.00000e+06  2.39124e+03
1.641639782e+01  2.4704055e+03  1.00000e+06  2.39057e+03
1.642460602e+01  2.4699184e+03  1.00000e+06  2.39008e+03
1.643281833e+01  2.4696078e+03  1.00000e+06  2.38977e+03
1.644103474e+01  2.4694959e+03  1.00000e+06  2.38966e+03
1.644925525e+01  2.4696317e+03  1.00000e+06  2.38979e+03
1.645747988e+01  2.4700814e+03  1.00000e+06  2.39024e+03
1.646570862e+01  2.4709085e+03  1.00000e+06  2.39107e+03
1.647394147e+01  2.4721499e+03  1.00000e+06  2.39231e+03
1.648217845e+01  2.4737923e+03  1.00000e+06  2.39395e+03
1.649041953e+01  2.4757568e+03  1.00000e+06  2.39591e+03
1.649866474e+01  2.4778957e+03  1.00000e+06  2.39805e+03
1.650691408e+01  2.4800053e+03  1.00000e+06  2.40016e+03
1.651516753e+01  2.4818535e+03  1.00000e+06  2.40201e+03
1.652342512e+01  2.4832174e+03  1.00000e+06  2.40337e+03
1.653168683e+01  2.4839237e+03  1.00000e+06  2.40408e+03
1.653995267e+01  2.4838830e+03  1.00000e+06  2.40404e+03
1.654822265e+01  2.4831089e+03  1.00000e+06  2.40326e+03
1.655649676e+01  2.4817181e+03  1.00000e+06  2.40187e+03
1.656477501e+01  2.4799102e+03  1.00000e+06  2.40006e+03
1.657305740e+01  2.4779312e+03  1.00000e+06  2.39808e+03
1.658134393e+01  2.4760309e+03  1.00000e+06  2.39618e+03
1.658963460e+01  2.4744234e+03  1.00000e+06  2.39457e+03
1.659792942e+01  2.4732594e+03  1.00000e+06  2.39341e+03
1.660622838e+01  2.4726155e+03  1.00000e+06  2.39276e+03
1.661453149e+01  2.4724980e+03  1.00000e+06  2.39265e+03
1.662283876e+01  2.4728568e+03  1.00000e+06  2.39300e+03
1.663115018e+01  2.4736016e+03  1.00000e+06  2.39375e+03
1.663946575e+01  2.4746173e+03  1.00000e+06  2.39476e+03
1.664778549e+01  2.4757764e+03  1.00000e+06  2.39592e+03
1.665610938e+01  2.4769525e+03  1.00000e+06  2.39710e+03
1.666443743e+01  2.4780367e+03  1.00000e+06  2.39818e+03
1.667276965e+01  2.4789568e+03  1.00000e+06  2.39910e+03
1.668110604e+01  2.4796946e+03  1.00000e+06  2.39984e+03
1.668944659e+01  2.4802951e+03  1.00000e+06  2.40044e+03
1.669779131e+01  2.4808594e+03  1.00000e+06  2.40100e+03
1.670614021e+01  2.4815211e+03  1.00000e+06  2.40166e+03
1.671449328e+01  2.4824102e+03  1.00000e+06  2.40255e+03
1.672285053e+01  2.4836142e+03  1.00000e+06  2.40375e+03
1.673121195e+01  2.4851473e+03  1.00000e+06  2.40529e+03
1.673957756e+01  2.4869372e+03  1.00000e+06  2.40708e+03
1.674794735e+01  2.4888335e+03  1.00000e+06  2.40897e+03
1.675632132e+01  2.4906352e+03  1.00000e+06  2.41077e+03
1.676469948e+01  2.4921318e+03  1.00000e+06  2.41227e+03
1.677308183e+01  2.4931476e+03  1.00000e+06  2.41328e+03
1.678146837e+01  2.4935782e+03  1.00000e+06  2.41371e+03
1.678985911e+01  2.4934117e+03  1.00000e+06  2.41355e+03
1.679825404e+01  2.4927278e+03  1.00000e+06  2.41286e+03
1.680665316e+01  2.4916779e+03  1.00000e+06  2.41181e+03
1.681505649e+01  2.4904508e+03  1.00000e+06  2.41058e+03
1.682346402e+01  2.4892347e+03  1.00000e+06  2.40937e+03
1.683187575e+01  2.4881842e+03  1.00000e+06  2.40832e+03
1.684029169e+01  2.4874006e+03  1.00000e+06  2.40753e+03
1.684871183e+01  2.4869247e+03  1.00000e+06  2.40705e+03
1.685713619e+01  2.4867425e+03  1.00000e+06  2.40687e+03
1.686556476e+01  2.4867968e+03  1.00000e+06  2.40693e+03
1.687399754e+01  2.4870018e+03  1.00000e+06  2.40713e+03
1.688243454e+01  2.4872573e+03  1.00000e+06  2.40738e+03
1.689087576e+01  2.4874615e+03  1.00000e+06  2.40759e+03
1.689932119e+01  2.4875225e+03  1.00000e+06  2.40765e+03
1.690777085e+01  2.4873694e+03  1.00000e+06  2.40749e+03
1.691622474e+01  2.4869625e+03  1.00000e+06  2.40709e+03
1.692468285e+01  2.4863026e+03  1.00000e+06  2.40643e+03
1.693314519e+01  2.4854385e+03  1.00000e+06  2.40556e+03
1.694161177e+01  2.4844670e+03  1.00000e+06  2.40459e+03
1.695008257e+01  2.4835246e+03  1.00000e+06  2.40365e+03
1.695855761e+01  2.4827661e+03  1.00000e+06  2.40289e+03
1.696703689e+01  2.4823336e+03  1.00000e+06  2.40245e+03
1.697552041e+01  2.4823204e+03  1.00000e+06  2.40244e+03
1.698400817e+01  2.4827416e+03  1.00000e+06  2.40286e+03
1.699250017e+01  2.4835198e+03  1.00000e+06  2.40364e+03
1.700099642e+01  2.4844950e+03  1.00000e+06  2.40461e+03
1.700949692e+01  2.4854550e+03  1.00000e+06  2.40557e+03
1.701800167e+01  2.4861807e+03  1.00000e+06  2.40630e+03
1.702651067e+01  2.4864935e+03  1.00000e+06  2.40661e+03
1.703502393e+01  2.4862937e+03  1.00000e+06  2.40641e+03
1.704354144e+01  2.4855802e+03  1.00000e+06  2.40570e+03
1.705206321e+01  2.4844500e+03  1.00000e+06  2.40456e+03
1.706058924e+01  2.4830787e+03  1.00000e+06  2.40319e+03
1.706911954e+01  2.4816874e+03  1.00000e+06  2.40180e+03
1.707765410e+01  2.4805030e+03  1.00000e+06  2.40062e+03
1.708619292e+01  2.4797198e+03  1.00000e+06  2.39983e+03
1.709473602e+01  2.4794676e+03  1.00000e+06  2.39958e+03
1.710328339e+01  2.4797922e+03  1.00000e+06  2.39990e+03
1.711183503e+01  2.4806483e+03  1.00000e+06  2.40076e+03
1.712039095e+01  2.4819092e+03  1.00000e+06  2.40202e+03
1.712895114e+01  2.4833891e+03  1.00000e+06  2.40350e+03
1.713751562e+01  2.4848764e+03  1.00000e+06  2.40499e+03
1.714608438e+01  2.4861731e+03  1.00000e+06  2.40628e+03
1.715465742e+01  2.4871324e+03  1.00000e+06  2.40724e+03
1.716323475e+01  2.4876859e+03  1.00000e+06  2.40779e+03
1.717181636e+01  2.4878543e+03  1.00000e+06  2.40796e+03
1.718040227e+01  2.4877358e+03  1.00000e+06  2.40784e+03
1.718899247e+01  2.4874778e+03  1.00000e+06  2.40758e+03
1.719758697e+01  2.4872347e+03  1.00000e+06  2.40734e+03
1.720618576e+01  2.4871269e+03  1.00000e+06  2.40723e+03
1.721478886e+01  2.4872081e+03  1.00000e+06  2.40731e+03
1.722339625e+01  2.4874524e+03  1.00000e+06  2.40756e+03
1.723200795e+01  2.4877616e+03  1.00000e+06  2.40786e+03
1.724062395e+01  2.4879924e+03  1.00000e+06  2.40809e+03
1.724924426e+01  2.4879943e+03  1.00000e+06  2.40810e+03
1.725786889e+01  2.4876488e+03  1.00000e+06  2.40775e+03
1.726649782e+01  2.4868982e+03  1.00000e+06  2.40700e+03
1.727513107e+01  2.4857570e+03  1.00000e+06  2.40586e+03
1.728376864e+01  2.4843045e+03  1.00000e+06  2.40440e+03
1.729241052e+01  2.4826622e+03  1.00000e+06  2.40276e+03
1.730105672e+01  2.4809638e+03  1.00000e+06  2.40106e+03
1.730970725e+01  2.4793306e+03  1.00000e+06  2.39943e+03
1.731836211e+01  2.4778567e+03  1.00000e+06  2.39795e+03
1.732702129e+01  2.4766077e+03  1.00000e+06  2.39670e+03
1.733568480e+01  2.4756309e+03  1.00000e+06  2.39573e+03
1.734435264e+01  2.4749677e+03  1.00000e+06  2.39506e+03
1.735302482e+01  2.4746629e+03  1.00000e+06  2.39476e+03
1.736170133e+01  2.4747643e+03  1.00000e+06  2.39486e+03
1.737038218e+01  2.4753119e+03  1.00000e+06  2.39540e+03
1.737906737e+01  2.4763201e+03  1.00000e+06  2.39641e+03
1.738775691e+01  2.4777604e+03  1.00000e+06  2.39785e+03
1.739645078e+01  2.4795512e+03  1.00000e+06  2.39964e+03
1.740514901e+01  2.4815601e+03  1.00000e+06  2.40165e+03
1.741385158e+01  2.4836207e+03  1.00000e+06  2.40371e+03
1.742255851e+01  2.4855588e+03  1.00000e+06  2.40565e+03
1.743126979e+01  2.4872220e+03  1.00000e+06  2.40731e+03
1.743998542e+01  2.4885047e+03  1.00000e+06  2.40859e+03
1.744870542e+01  2.4893630e+03  1.00000e+06  2.40945e+03
1.745742977e+01  2.4898167e+03  1.00000e+06  2.40990e+03
1.746615848e+01  2.4899390e+03  1.00000e+06  2.41002e+03
1.747489156e+01  2.4898376e+03  1.00000e+06  2.40992e+03
1.748362901e+01  2.4896292e+03  1.00000e+06  2.40971e+03
1.749237082e+01  2.4894149e+03  1.00000e+06  2.40950e+03
1.750111701e+01  2.4892588e+03  1.00000e+06  2.40934e+03
1.750986757e+01  2.4891761e+03  1.00000e+06  2.40926e+03
1.751862250e+01  2.4891336e+03  1.00000e+06  2.40922e+03
1.752738181e+01  2.4890645e+03  1.00000e+06  2.40915e+03
1.753614550e+01  2.4888929e+03  1.00000e+06  2.40897e+03
1.754491358e+01  2.4885633e+03  1.00000e+06  2.40864e+03
1.755368603e+01  2.4880638e+03  1.00000e+06  2.40814e+03
1.756246288e+01  2.4874342e+03  1.00000e+06  2.40751e+03
1.757124411e+01  2.4867578e+03  1.00000e+06  2.40684e+03
1.758002973e+01  2.4861352e+03  1.00000e+06  2.40621e+03
1.758881974e+01  2.4856519e+03  1.00000e+06  2.40573e+03
1.759761415e+01  2.4853502e+03  1.00000e+06  2.40543e+03
1.760641296e+01  2.4852162e+03  1.00000e+06  2.40529e+03
1.761521617e+01  2.4851873e+03  1.00000e+06  2.40526e+03
1.762402378e+01  2.4851780e+03  1.00000e+06  2.40525e+03
1.763283579e+01  2.4851137e+03  1.00000e+06  2.40519e+03
1.764165221e+01  2.4849620e+03  1.00000e+06  2.40504e+03
1.765047303e+01  2.4847495e+03  1.00000e+06  2.40482e+03
1.765929827e+01  2.4845585e+03  1.00000e+06  2.40463e+03
1.766812792e+01  2.4845057e+03  1.00000e+06  2.40458e+03
1.767696198e+01  2.4847090e+03  1.00000e+06  2.40478e+03
1.768580046e+01  2.4852528e+03  1.00000e+06  2.40532e+03
1.769464336e+01  2.4861606e+03  1.00000e+06  2.40623e+03
1.770349068e+01  2.4873825e+03  1.00000e+06  2.40745e+03
1.771234243e+01  2.4887988e+03  1.00000e+06  2.40887e+03
1.772119860e+01  2.4902393e+03  1.00000e+06  2.41031e+03
1.773005920e+01  2.4915128e+03  1.00000e+06  2.41158e+03
1.773892423e+01  2.4924417e+03  1.00000e+06  2.41251e+03
1.774779369e+01  2.4928942e+03  1.00000e+06  2.41296e+03
1.775666759e+01  2.4928086e+03  1.00000e+06  2.41287e+03
1.776554592e+01  2.4922064e+03  1.00000e+06  2.41227e+03
1.777442870e+01  2.4911891e+03  1.00000e+06  2.41125e+03
1.778331591e+01  2.4899212e+03  1.00000e+06  2.40999e+03
1.779220757e+01  2.4886014e+03  1.00000e+06  2.40866e+03
1.780110367e+01  2.4874259e+03  1.00000e+06  2.40749e+03
1.781000422e+01  2.4865536e+03  1.00000e+06  2.40662e+03
1.781890923e+01  2.4860769e+03  1.00000e+06  2.40614e+03
1.782781868e+01  2.4860083e+03  1.00000e+06  2.40607e+03
1.783673259e+01  2.4862827e+03  1.00000e+06  2.40634e+03
1.784565096e+01  2.4867776e+03  1.00000e+06  2.40684e+03
1.785457378e+01  2.4873463e+03  1.00000e+06  2.40741e+03
1.786350107e+01  2.4878578e+03  1.00000e+06  2.40792e+03
1.787243282e+01  2.4882319e+03  1.00000e+06  2.40829e+03
1.788136903e+01  2.4884636e+03  1.00000e+06  2.40852e+03
1.789030972e+01  2.4886251e+03  1.00000e+06  2.40868e+03
1.789925487e+01  2.4888476e+03  1.00000e+06  2.40890e+03
1.790820450e+01  2.4892821e+03  1.00000e+06  2.40934e+03
1.791715860e+01  2.4900524e+03  1.00000e+06  2.41011e+03
1.792611718e+01  2.4912110e+03  1.00000e+06  2.41127e+03
1.793508024e+01  2.4927139e+03  1.00000e+06  2.41277e+03
1.794404778e+01  2.4944198e+03  1.00000e+06  2.41447e+03
1.795301981e+01  2.4961187e+03  1.00000e+06  2.41617e+03
1.796199632e+01  2.4975786e+03  1.00000e+06  2.41763e+03
1.797097731e+01  2.4986000e+03  1.00000e+06  2.41865e+03
1.797996280e+01  2.4990618e+03  1.00000e+06  2.41911e+03
1.798895278e+01  2.4989459e+03  1.00000e+06  2.41900e+03
1.799794726e+01  2.4983371e+03  1.00000e+06  2.41839e+03
1.800694623e+01  2.4973990e+03  1.00000e+06  2.41745e+03
1.801594971e+01  2.4963347e+03  1.00000e+06  2.41638e+03
1.802495768e+01  2.4953439e+03  1.00000e+06  2.41539e+03
1.803397016e+01  2.4945848e+03  1.00000e+06  2.41463e+03
1.804298715e+01  2.4941485e+03  1.00000e+06  2.41420e+03
1.805200864e+01  2.4940479e+03  1.00000e+06  2.41409e+03
1.806103464e+01  2.4942208e+03  1.00000e+06  2.41427e+03
1.807006516e+01  2.4945468e+03  1.00000e+06  2.41459e+03
1.807910019e+01  2.4948731e+03  1.00000e+06  2.41492e+03
1.808813974e+01  2.4950477e+03  1.00000e+06  2.41509e+03
1.809718381e+01  2.4949528e+03  1.00000e+06  2.41500e+03
1.810623241e+01  2.4945320e+03  1.00000e+06  2.41457e+03
1.811528552e+01  2.4938051e+03  1.00000e+06  2.41385e+03
1.812434316e+01  2.4928668e+03  1.00000e+06  2.41291e+03
1.813340534e+01  2.4918698e+03  1.00000e+06  2.41191e+03
1.814247204e+01  2.4909955e+03  1.00000e+06  2.41104e+03
1.815154327e+01  2.4904191e+03  1.00000e+06  2.41046e+03
1.816061905e+01  2.4902771e+03  1.00000e+06  2.41032e+03
1.816969936e+01  2.4906410e+03  1.00000e+06  2.41068e+03
1.817878421e+01  2.4915054e+03  1.00000e+06  2.41154e+03
1.818787360e+01  2.4927904e+03  1.00000e+06  2.41283e+03
1.819696753e+01  2.4943602e+03  1.00000e+06  2.41440e+03
1.820606602e+01  2.4960530e+03  1.00000e+06  2.41609e+03
1.821516905e+01  2.4977161e+03  1.00000e+06  2.41775e+03
1.822427664e+01  2.4992361e+03  1.00000e+06  2.41927e+03
1.823338877e+01  2.5005551e+03  1.00000e+06  2.42059e+03
1.824250547e+01  2.5016696e+03  1.00000e+06  2.42170e+03
1.825162672e+01  2.5026106e+03  1.00000e+06  2.42264e+03
1.826075253e+01  2.5034148e+03  1.00000e+06  2.42345e+03
1.826988291e+01  2.5040961e+03  1.00000e+06  2.42413e+03
1.827901785e+01  2.5046278e+03  1.00000e+06  2.42466e+03
1.828815736e+01  2.5049417e+03  1.00000e+06  2.42497e+03
1.829730144e+01  2.5049450e+03  1.00000e+06  2.42498e+03
1.830645009e+01  2.5045487e+03  1.00000e+06  2.42458e+03
1.831560332e+01  2.5036983e+03  1.00000e+06  2.42373e+03
1.832476112e+01  2.5023978e+03  1.00000e+06  2.42243e+03
1.833392350e+01  2.5007184e+03  1.00000e+06  2.42075e+03
1.834309046e+01  2.4987897e+03  1.00000e+06  2.41882e+03
1.835226200e+01  2.4967760e+03  1.00000e+06  2.41680e+03
1.836143814e+01  2.4948447e+03  1.00000e+06  2.41487e+03
1.837061885e+01  2.4931365e+03  1.00000e+06  2.41316e+03
1.837980416e+01  2.4917427e+03  1.00000e+06  2.41177e+03
1.838899407e+01  2.4906977e+03  1.00000e+06  2.41072e+03
1.839818856e+01  2.4899825e+03  1.00000e+06  2.41001e+03
1.840738766e+01  2.4895401e+03  1.00000e+06  2.40956e+03
1.841659135e+01  2.4892957e+03  1.00000e+06  2.40932e+03
1.842579965e+01  2.4891767e+03  1.00000e+06  2.40920e+03
1.843501255e+01  2.4891286e+03  1.00000e+06  2.40915e+03
1.844423005e+01  2.4891221e+03  1.00000e+06  2.40914e+03
1.845345217e+01  2.4891510e+03  1.00000e+06  2.40917e+03
1.846267889e+01  2.4892220e+03  1.00000e+06  2.40924e+03
1.847191023e+01  2.4893410e+03  1.00000e+06  2.40936e+03
1.848114619e+01  2.4895021e+03  1.00000e+06  2.40952e+03
1.849038676e+01  2.4896849e+03  1.00000e+06  2.40970e+03
1.849963196e+01  2.4898603e+03  1.00000e+06  2.40988e+03
1.850888177e+01  2.4900027e+03  1.00000e+06  2.41002e+03
1.851813621e+01  2.4901022e+03  1.00000e+06  2.41012e+03
1.852739528e+01  2.4901698e+03  1.00000e+06  2.41019e+03
1.853665898e+01  2.4902340e+03  1.00000e+06  2.41025e+03
1.854592731e+01  2.4903308e+03  1.00000e+06  2.41035e+03
1.855520027e+01  2.4904925e+03  1.00000e+06  2.41051e+03
1.856447787e+01  2.4907407e+03  1.00000e+06  2.41075e+03
1.857376011e+01  2.4910855e+03  1.00000e+06  2.41110e+03
1.858304699e+01  2.4915295e+03  1.00000e+06  2.41154e+03
1.859233851e+01  2.4920706e+03  1.00000e+06  2.41208e+03
1.860163468e+01  2.4927014e+03  1.00000e+06  2.41271e+03
1.861093550e+01  2.4934038e+03  1.00000e+06  2.41341e+03
1.862024097e+01  2.4941422e+03  1.00000e+06  2.41415e+03
1.862955109e+01  2.4948613e+03  1.00000e+06  2.41487e+03
1.863886586e+01  2.4954913e+03  1.00000e+06  2.41550e+03
1.864818530e+01  2.4959611e+03  1.00000e+06  2.41597e+03
1.865750939e+01  2.4962158e+03  1.00000e+06  2.41622e+03
1.866683814e+01  2.4962335e+03  1.00000e+06  2.41624e+03
1.867617156e+01  2.4960342e+03  1.00000e+06  2.41604e+03
1.868550965e+01  2.4956798e+03  1.00000e+06  2.41569e+03
1.869485240e+01  2.4952660e+03  1.00000e+06  2.41527e+03
1.870419983e+01  2.4949091e+03  1.00000e+06  2.41491e+03
1.871355193e+01  2.4947311e+03  1.00000e+06  2.41474e+03
1.872290871e+01  2.4948474e+03  1.00000e+06  2.41485e+03
1.873227016e+01  2.4953554e+03  1.00000e+06  2.41536e+03
1.874163630e+01  2.4963254e+03  1.00000e+06  2.41633e+03
1.875100711e+01  2.4977903e+03  1.00000e+06  2.41779e+03
1.876038262e+01  2.4997366e+03  1.00000e+06  2.41974e+03
1.876976281e+01  2.5020960e+03  1.00000e+06  2.42210e+03
1.877914769e+01  2.5047436e+03  1.00000e+06  2.42474e+03
1.878853726e+01  2.5075024e+03  1.00000e+06  2.42750e+03
1.879793153e+01  2.5101582e+03  1.00000e+06  2.43016e+03
1.880733050e+01  2.5124820e+03  1.00000e+06  2.43248e+03
1.881673416e+01  2.5142578e+03  1.00000e+06  2.43426e+03
1.882614253e+01  2.5153100e+03  1.00000e+06  2.43531e+03
1.883555560e+01  2.5155264e+03  1.00000e+06  2.43552e+03
1.884497338e+01  2.5148721e+03  1.00000e+06  2.43487e+03
1.885439587e+01  2.5133941e+03  1.00000e+06  2.43339e+03
1.886382306e+01  2.5112140e+03  1.00000e+06  2.43121e+03
1.887325498e+01  2.5085126e+03  1.00000e+06  2.42851e+03
1.888269160e+01  2.5055072e+03  1.00000e+06  2.42550e+03
1.889213295e+01  2.5024256e+03  1.00000e+06  2.42242e+03
1.890157902e+01  2.4994817e+03  1.00000e+06  2.41948e+03
1.891102981e+01  2.4968564e+03  1.00000e+06  2.41685e+03
1.892048532e+01  2.4946869e+03  1.00000e+06  2.41468e+03
1.892994556e+01  2.4930669e+03  1.00000e+06  2.41306e+03
1.893941054e+01  2.4920529e+03  1.00000e+06  2.41204e+03
1.894888024e+01  2.4916745e+03  1.00000e+06  2.41167e+03
1.895835468e+01  2.4919400e+03  1.00000e+06  2.41193e+03
1.896783386e+01  2.4928347e+03  1.00000e+06  2.41282e+03
1.897731778e+01  2.4943119e+03  1.00000e+06  2.41430e+03
1.898680643e+01  2.4962800e+03  1.00000e+06  2.41627e+03
1.899629984e+01  2.4985951e+03  1.00000e+06  2.41858e+03
1.900579799e+01  2.5010637e+03  1.00000e+06  2.42105e+03
1.901530089e+01  2.5034613e+03  1.00000e+06  2.42345e+03
1.902480854e+01  2.5055639e+03  1.00000e+06  2.42555e+03
1.903432094e+01  2.5071861e+03  1.00000e+06  2.42717e+03
1.904383810e+01  2.5082156e+03  1.00000e+06  2.42820e+03
1.905336002e+01  2.5086338e+03  1.00000e+06  2.42862e+03
1.906288670e+01  2.5085165e+03  1.00000e+06  2.42850e+03
1.907241814e+01  2.5080114e+03  1.00000e+06  2.42799e+03
1.908195435e+01  2.5072986e+03  1.00000e+06  2.42728e+03
1.909149533e+01  2.5065436e+03  1.00000e+06  2.42653e+03
1.910104108e+01  2.5058557e+03  1.00000e+06  2.42584e+03
1.911059160e+01  2.5052642e+03  1.00000e+06  2.42525e+03
1.912014689e+01  2.5047195e+03  1.00000e+06  2.42470e+03
1.912970697e+01  2.5041202e+03  1.00000e+06  2.42410e+03
1.913927182e+01  2.5033555e+03  1.00000e+06  2.42334e+03
1.914884146e+01  2.5023509e+03  1.00000e+06  2.42233e+03
1.915841588e+01  2.5011007e+03  1.00000e+06  2.42108e+03
1.916799509e+01  2.4996766e+03  1.00000e+06  2.41965e+03
1.917757908e+01  2.4982113e+03  1.00000e+06  2.41819e+03
1.918716787e+01  2.4968621e+03  1.00000e+06  2.41684e+03
1.919676146e+01  2.4957699e+03  1.00000e+06  2.41575e+03
1.920635984e+01  2.4950248e+03  1.00000e+06  2.41500e+03
1.921596302e+01  2.4946497e+03  1.00000e+06  2.41462e+03
1.922557100e+01  2.4946043e+03  1.00000e+06  2.41458e+03
1.923518378e+01  2.4948050e+03  1.00000e+06  2.41478e+03
1.924480138e+01  2.4951521e+03  1.00000e+06  2.41513e+03
1.925442378e+01  2.4955564e+03  1.00000e+06  2.41553e+03
1.926405099e+01  2.4959565e+03  1.00000e+06  2.41593e+03
1.927368301e+01  2.4963272e+03  1.00000e+06  2.41630e+03
1.928331986e+01  2.4966760e+03  1.00000e+06  2.41665e+03
1.929296152e+01  2.4970341e+03  1.00000e+06  2.41701e+03
1.930260800e+01  2.4974427e+03  1.00000e+06  2.41741e+03
1.931225930e+01  2.4979394e+03  1.00000e+06  2.41791e+03
1.932191543e+01  2.4985461e+03  1.00000e+06  2.41852e+03
1.933157639e+01  2.4992613e+03  1.00000e+06  2.41923e+03
1.934124218e+01  2.5000551e+03  1.00000e+06  2.42002e+03
1.935091280e+01  2.5008710e+03  1.00000e+06  2.42084e+03
1.936058825e+01  2.5016308e+03  1.00000e+06  2.42160e+03
1.937026855e+01  2.5022456e+03  1.00000e+06  2.42221e+03
1.937995368e+01  2.5026306e+03  1.00000e+06  2.42260e+03
1.938964366e+01  2.5027228e+03  1.00000e+06  2.42269e+03
1.939933848e+01  2.5025005e+03  1.00000e+06  2.42247e+03
1.940903815e+01  2.5019975e+03  1.00000e+06  2.42196e+03
1.941874267e+01  2.5013090e+03  1.00000e+06  2.42127e+03
1.942845204e+01  2.5005823e+03  1.00000e+06  2.42055e+03
1.943816627e+01  2.4999920e+03  1.00000e+06  2.41995e+03
1.944788535e+01  2.4997042e+03  1.00000e+06  2.41967e+03
1.945760929e+01  2.4998389e+03  1.00000e+06  2.41980e+03
1.946733810e+01  2.5004390e+03  1.00000e+06  2.42040e+03
1.947707177e+01  2.5014586e+03  1.00000e+06  2.42142e+03
1.948681030e+01  2.5027698e+03  1.00000e+06  2.42273e+03
1.949655371e+01  2.5041884e+03  1.00000e+06  2.42415e+03
1.950630198e+01  2.5055109e+03  1.00000e+06  2.42547e+03
1.951605513e+01  2.5065522e+03  1.00000e+06  2.42651e+03
1.952581316e+01  2.5071786e+03  1.00000e+06  2.42714e+03
1.953557607e+01  2.5073263e+03  1.00000e+06  2.42728e+03
1.954534386e+01  2.5070063e+03  1.00000e+06  2.42696e+03
1.955511653e+01  2.5062947e+03  1.00000e+06  2.42625e+03
1.956489409e+01  2.5053126e+03  1.00000e+06  2.42527e+03
1.957467653e+01  2.5042009e+03  1.00000e+06  2.42416e+03
1.958446387e+01  2.5030968e+03  1.00000e+06  2.42305e+03
1.959425610e+01  2.5021150e+03  1.00000e+06  2.42207e+03
1.960405323e+01  2.5013376e+03  1.00000e+06  2.42129e+03
1.961385526e+01  2.5008138e+03  1.00000e+06  2.42077e+03
1.962366219e+01  2.5005642e+03  1.00000e+06  2.42052e+03
1.963347402e+01  2.5005887e+03  1.00000e+06  2.42054e+03
1.964329075e+01  2.5008731e+03  1.00000e+06  2.42082e+03
1.965311240e+01  2.5013907e+03  1.00000e+06  2.42134e+03
1.966293896e+01  2.5020999e+03  1.00000e+06  2.42205e+03
1.967277043e+01  2.5029404e+03  1.00000e+06  2.42289e+03
1.968260681e+01  2.5038319e+03  1.00000e+06  2.42378e+03
1.969244811e+01  2.5046778e+03  1.00000e+06  2.42463e+03
1.970229434e+01  2.5053770e+03  1.00000e+06  2.42533e+03
1.971214549e+01  2.5058394e+03  1.00000e+06  2.42579e+03
1.972200156e+01  2.5060028e+03  1.00000e+06  2.42595e+03
1.973186256e+01  2.5058442e+03  1.00000e+06  2.42579e+03
1.974172849e+01  2.5053840e+03  1.00000e+06  2.42533e+03
1.975159935e+01  2.5046794e+03  1.00000e+06  2.42462e+03
1.976147515e+01  2.5038101e+03  1.00000e+06  2.42375e+03
1.977135589e+01  2.5028605e+03  1.00000e+06  2.42280e+03
1.978124157e+01  2.5019024e+03  1.00000e+06  2.42185e+03
1.979113219e+01  2.5009831e+03  1.00000e+06  2.42093e+03
1.980102776e+01  2.5001210e+03  1.00000e+06  2.42006e+03
1.981092827e+01  2.4993139e+03  1.00000e+06  2.41925e+03
1.982083373e+01  2.4985507e+03  1.00000e+06  2.41847e+03
1.983074415e+01  2.4978352e+03  1.00000e+06  2.41771e+03
1.984065952e+01  2.4972223e+03  1.00000e+06  2.41696e+03
1.985057985e+01  2.4968726e+03  1.00000e+06  2.41625e+03
1.986050514e+01  2.4971490e+03  1.00000e+06  2.41564e+03
1.987043540e+01  2.4987904e+03  1.00000e+06  2.41522e+03
1.988037061e+01  2.5032190e+03  1.00000e+06  2.41509e+03
1.989031080e+01  2.5130501e+03  1.00000e+06  2.41535e+03
1.990025595e+01  2.5328678e+03  1.00000e+06  2.41610e+03
1.991020608e+01  2.5702921e+03  1.00000e+06  2.41738e+03
1.992016119e+01  2.6372722e+03  1.00000e+06  2.41920e+03
1.993012127e+01  2.7514050e+03  1.00000e+06  2.42154e+03
1.994008633e+01  2.9369251e+03  1.00000e+06  2.42432e+03
1.995005637e+01  3.2248996e+03  1.00000e+06  2.42746e+03
1.996003140e+01  3.6521708e+03  1.00000e+06  2.43088e+03
1.997001141e+01  4.2587789e+03  1.00000e+06  2.43449e+03
1.997999642e+01  5.0839719e+03  1.00000e+06  2.43828e+03
1.998998642e+01  6.1613659e+03  1.00000e+06  2.44225e+03
1.999998141e+01  7.5142166e+03  1.00000e+06  2.44645e+03
results_trn.txt
# Wave/freq Total
4.000000000e-01  6.4296398e-01
4.002000000e-01  6.4327356e-01
4.004001000e-01  6.4363481e-01
4.006003000e-01  6.4404355e-01
4.008006002e-01  6.4449351e-01
4.010010005e-01  6.4497732e-01
4.012015010e-01  6.4548733e-01
4.014021018e-01  6.4601650e-01
4.016028028e-01  6.4655885e-01
4.018036042e-01  6.4710969e-01
4.020045060e-01  6.4766563e-01
4.022055083e-01  6.4822439e-01
4.024066110e-01  6.4878450e-01
4.026078143e-01  6.4934511e-01
4.028091182e-01  6.4990570e-01
4.030105228e-01  6.5046602e-01
4.032120280e-01  6.5102590e-01
4.034136341e-01  6.5158526e-01
4.036153409e-01  6.5214406e-01
4.038171485e-01  6.5270225e-01
4.040190571e-01  6.5325982e-01
4.042210666e-01  6.5381674e-01
4.044231772e-01  6.5437300e-01
4.046253888e-01  6.5492860e-01
4.048277015e-01  6.5548355e-01
4.050301153e-01  6.5603784e-01
4.052326304e-01  6.5659148e-01
4.054352467e-01  6.5714450e-01
4.056379643e-01  6.5769691e-01
4.058407833e-01  6.5824870e-01
4.060437037e-01  6.5879988e-01
4.062467255e-01  6.5935043e-01
4.064498489e-01  6.5990033e-01
4.066530738e-01  6.6044959e-01
4.068564004e-01  6.6099818e-01
4.070598286e-01  6.6154612e-01
4.072633585e-01  6.6209340e-01
4.074669902e-01  6.6264002e-01
4.076707237e-01  6.6318598e-01
4.078745590e-01  6.6373126e-01
4.080784963e-01  6.6427585e-01
4.082825355e-01  6.6481971e-01
4.084866768e-01  6.6536282e-01
4.086909201e-01  6.6590518e-01
4.088952656e-01  6.6644676e-01
4.090997132e-01  6.6698759e-01
4.093042631e-01  6.6752766e-01
4.095089152e-01  6.6806701e-01
4.097136697e-01  6.6860563e-01
4.099185265e-01  6.6914356e-01
4.101234858e-01  6.6968081e-01
4.103285475e-01  6.7021738e-01
4.105337118e-01  6.7075328e-01
4.107389787e-01  6.7128851e-01
4.109443481e-01  6.7182309e-01
4.111498203e-01  6.7235702e-01
4.113553952e-01  6.7289029e-01
4.115610729e-01  6.7342291e-01
4.117668535e-01  6.7395488e-01
4.119727369e-01  6.7448620e-01
4.121787233e-01  6.7501685e-01
4.123848126e-01  6.7554680e-01
4.125910050e-01  6.7607604e-01
4.127973005e-01  6.7660453e-01
4.130036992e-01  6.7713225e-01
4.132102010e-01  6.7765920e-01
4.134168061e-01  6.7818538e-01
4.136235145e-01  6.7871083e-01
4.138303263e-01  6.7923560e-01
4.140372415e-01  6.7975973e-01
4.142442601e-01  6.8028326e-01
4.144513822e-01  6.8080623e-01
4.146586079e-01  6.8132862e-01
4.148659372e-01  6.8185041e-01
4.150733702e-01  6.8237155e-01
4.152809069e-01  6.8289201e-01
4.154885473e-01  6.8341178e-01
4.156962916e-01  6.8393084e-01
4.159041397e-01  6.8444926e-01
4.161120918e-01  6.8496709e-01
4.163201478e-01  6.8548440e-01
4.165283079e-01  6.8600123e-01
4.167365721e-01  6.8651763e-01
4.169449404e-01  6.8703359e-01
4.171534128e-01  6.8754906e-01
4.173619895e-01  6.8806401e-01
4.175706705e-01  6.8857838e-01
4.177794559e-01  6.8909212e-01
4.179883456e-01  6.8960519e-01
4.181973398e-01  6.9011756e-01
4.184064384e-01  6.9062923e-01
4.186156417e-01  6.9114020e-01
4.188249495e-01  6.9165047e-01
4.190343619e-01  6.9216005e-01
4.192438791e-01  6.9266896e-01
4.194535011e-01  6.9317720e-01
4.196632278e-01  6.9368478e-01
4.198730594e-01  6.9419171e-01
4.200829960e-01  6.9469798e-01
4.202930375e-01  6.9520359e-01
4.205031840e-01  6.9570855e-01
4.207134356e-01  6.9621286e-01
4.209237923e-01  6.9671653e-01
4.211342542e-01  6.9721957e-01
4.213448213e-01  6.9772199e-01
4.215554937e-01  6.9822382e-01
4.217662715e-01  6.9872504e-01
4.219771546e-01  6.9922568e-01
4.221881432e-01  6.9972572e-01
4.223992373e-01  7.0022517e-01
4.226104369e-01  7.0072400e-01
4.228217421e-01  7.0122220e-01
4.230331530e-01  7.0171977e-01
4.232446695e-01  7.0221670e-01
4.234562919e-01  7.0271297e-01
4.236680200e-01  7.0320859e-01
4.238798540e-01  7.0370356e-01
4.240917940e-01  7.0419787e-01
4.243038399e-01  7.0469152e-01
4.245159918e-01  7.0518454e-01
4.247282498e-01  7.0567691e-01
4.249406139e-01  7.0616866e-01
4.251530842e-01  7.0665980e-01
4.253656607e-01  7.0715034e-01
4.255783436e-01  7.0764029e-01
4.257911327e-01  7.0812968e-01
4.260040283e-01  7.0861851e-01
4.262170303e-01  7.0910677e-01
4.264301388e-01  7.0959445e-01
4.266433539e-01  7.1008152e-01
4.268566756e-01  7.1056796e-01
4.270701039e-01  7.1105373e-01
4.272836390e-01  7.1153879e-01
4.274972808e-01  7.1202313e-01
4.277110294e-01  7.1250673e-01
4.279248850e-01  7.1298957e-01
4.281388474e-01  7.1347168e-01
4.283529168e-01  7.1395307e-01
4.285670933e-01  7.1443374e-01
4.287813768e-01  7.1491373e-01
4.289957675e-01  7.1539305e-01
4.292102654e-01  7.1587171e-01
4.294248705e-01  7.1634974e-01
4.296395830e-01  7.1682712e-01
4.298544028e-01  7.1730388e-01
4.300693300e-01  7.1777999e-01
4.302843646e-01  7.1825548e-01
4.304995068e-01  7.1873032e-01
4.307147566e-01  7.1920453e-01
4.309301139e-01  7.1967810e-01
4.311455790e-01  7.2015104e-01
4.313611518e-01  7.2062336e-01
4.315768324e-01  7.2109507e-01
4.317926208e-01  7.2156616e-01
4.320085171e-01  7.2203663e-01
4.322245213e-01  7.2250648e-01
4.324406336e-01  7.2297571e-01
4.326568539e-01  7.2344432e-01
4.328731823e-01  7.2391230e-01
4.330896189e-01  7.2437965e-01
4.333061637e-01  7.2484636e-01
4.335228168e-01  7.2531242e-01
4.337395782e-01  7.2577783e-01
4.339564480e-01  7.2624256e-01
4.341734263e-01  7.2670659e-01
4.343905130e-01  7.2716990e-01
4.346077082e-01  7.2763248e-01
4.348250121e-01  7.2809432e-01
4.350424246e-01  7.2855543e-01
4.352599458e-01  7.2901583e-01
4.354775758e-01  7.2947554e-01
4.356953146e-01  7.2993460e-01
4.359131622e-01  7.3039303e-01
4.361311188e-01  7.3085082e-01
4.363491844e-01  7.3130793e-01
4.365673589e-01  7.3176430e-01
4.367856426e-01  7.3221982e-01
4.370040354e-01  7.3267434e-01
4.372225375e-01  7.3312773e-01
4.374411487e-01  7.3357991e-01
4.376598693e-01  7.3403083e-01
4.378786992e-01  7.3448055e-01
4.380976386e-01  7.3492922e-01
4.383166874e-01  7.3537707e-01
4.385358458e-01  7.3582437e-01
4.387551137e-01  7.3627132e-01
4.389744912e-01  7.3671806e-01
4.391939785e-01  7.3716452e-01
4.394135755e-01  7.3761050e-01
4.396332823e-01  7.3805560e-01
4.398530989e-01  7.3849933e-01
4.400730254e-01  7.3894114e-01
4.402930620e-01  7.3938057e-01
4.405132085e-01  7.3981726e-01
4.407334651e-01  7.4025105e-01
4.409538318e-01  7.4068202e-01
4.411743087e-01  7.4111053e-01
4.413948959e-01  7.4153725e-01
4.416155933e-01  7.4196312e-01
4.418364011e-01  7.4238930e-01
4.420573193e-01  7.4281704e-01
4.422783480e-01  7.4324743e-01
4.424994872e-01  7.4368126e-01
4.427207369e-01  7.4411884e-01
4.429420973e-01  7.4455991e-01
4.431635683e-01  7.4500375e-01
4.433851501e-01  7.4544933e-01
4.436068427e-01  7.4589551e-01
4.438286461e-01  7.4634128e-01
4.440505604e-01  7.4678583e-01
4.442725857e-01  7.4722866e-01
4.444947220e-01  7.4766948e-01
4.447169694e-01  7.4810821e-01
4.449393279e-01  7.4854485e-01
4.451617975e-01  7.4897948e-01
4.453843784e-01  7.4941222e-01
4.456070706e-01  7.4984325e-01
4.458298741e-01  7.5027279e-01
4.460527891e-01  7.5070113e-01
4.462758155e-01  7.5112858e-01
4.464989534e-01  7.5155543e-01
4.467222029e-01  7.5198193e-01
4.469455640e-01  7.5240825e-01
4.471690367e-01  7.5283445e-01
4.473926213e-01  7.5326052e-01
4.476163176e-01  7.5368642e-01
4.478401257e-01  7.5411205e-01
4.480640458e-01  7.5453735e-01
4.482880778e-01  7.5496231e-01
4.485122219e-01  7.5538692e-01
4.487364780e-01  7.5581118e-01
4.489608462e-01  7.5623512e-01
4.491853266e-01  7.5665874e-01
4.494099193e-01  7.5708201e-01
4.496346243e-01  7.5750493e-01
4.498594416e-01  7.5792744e-01
4.500843713e-01  7.5834953e-01
4.503094135e-01  7.5877114e-01
4.505345682e-01  7.5919226e-01
4.507598355e-01  7.5961286e-01
4.509852154e-01  7.6003295e-01
4.512107080e-01  7.6045254e-01
4.514363133e-01  7.6087170e-01
4.516620315e-01  7.6129045e-01
4.518878625e-01  7.6170884e-01
4.521138064e-01  7.6212688e-01
4.523398633e-01  7.6254454e-01
4.525660333e-01  7.6296176e-01
4.527923163e-01  7.6337848e-01
4.530187125e-01  7.6379461e-01
4.532452218e-01  7.6421011e-01
4.534718444e-01  7.6462493e-01
4.536985803e-01  7.6503906e-01
4.539254296e-01  7.6545249e-01
4.541523924e-01  7.6586522e-01
4.543794685e-01  7.6627727e-01
4.546066583e-01  7.6668867e-01
4.548339616e-01  7.6709946e-01
4.550613786e-01  7.6750967e-01
4.552889093e-01  7.6791932e-01
4.555165537e-01  7.6832840e-01
4.557443120e-01  7.6873689e-01
4.559721842e-01  7.6914475e-01
4.562001703e-01  7.6955191e-01
4.564282703e-01  7.6995831e-01
4.566564845e-01  7.7036389e-01
4.568848127e-01  7.7076863e-01
4.571132551e-01  7.7117248e-01
4.573418118e-01  7.7157545e-01
4.575704827e-01  7.7197752e-01
4.577992679e-01  7.7237873e-01
4.580281675e-01  7.7277908e-01
4.582571816e-01  7.7317860e-01
4.584863102e-01  7.7357734e-01
4.587155534e-01  7.7397530e-01
4.589449111e-01  7.7437253e-01
4.591743836e-01  7.7476902e-01
4.594039708e-01  7.7516480e-01
4.596336728e-01  7.7555988e-01
4.598634896e-01  7.7595426e-01
4.600934214e-01  7.7634795e-01
4.603234681e-01  7.7674095e-01
4.605536298e-01  7.7713327e-01
4.607839066e-01  7.7752490e-01
4.610142986e-01  7.7791586e-01
4.612448057e-01  7.7830615e-01
4.614754281e-01  7.7869578e-01
4.617061658e-01  7.7908478e-01
4.619370189e-01  7.7947317e-01
4.621679874e-01  7.7986098e-01
4.623990714e-01  7.8024822e-01
4.626302710e-01  7.8063493e-01
4.628615861e-01  7.8102107e-01
4.630930169e-01  7.8140664e-01
4.633245634e-01  7.8179156e-01
4.635562257e-01  7.8217576e-01
4.637880038e-01  7.8255912e-01
4.640198978e-01  7.8294150e-01
4.642519077e-01  7.8332279e-01
4.644840337e-01  7.8370289e-01
4.647162757e-01  7.8408176e-01
4.649486338e-01  7.8445947e-01
4.651811082e-01  7.8483618e-01
4.654136987e-01  7.8521216e-01
4.656464056e-01  7.8558774e-01
4.658792288e-01  7.8596323e-01
4.661121684e-01  7.8633889e-01
4.663452245e-01  7.8671478e-01
4.665783971e-01  7.8709082e-01
4.668116863e-01  7.8746672e-01
4.670450921e-01  7.8784207e-01
4.672786147e-01  7.8821642e-01
4.675122540e-01  7.8858940e-01
4.677460101e-01  7.8896078e-01
4.679798831e-01  7.8933053e-01
4.682138731e-01  7.8969886e-01
4.684479800e-01  7.9006615e-01
4.686822040e-01  7.9043288e-01
4.689165451e-01  7.9079957e-01
4.691510034e-01  7.9116666e-01
4.693855789e-01  7.9153446e-01
4.696202716e-01  7.9190308e-01
4.698550818e-01  7.9227248e-01
4.700900093e-01  7.9264244e-01
4.703250543e-01  7.9301260e-01
4.705602169e-01  7.9338252e-01
4.707954970e-01  7.9375174e-01
4.710308947e-01  7.9411981e-01
4.712664102e-01  7.9448639e-01
4.715020434e-01  7.9485126e-01
4.717377944e-01  7.9521437e-01
4.719736633e-01  7.9557589e-01
4.722096501e-01  7.9593612e-01
4.724457549e-01  7.9629549e-01
4.726819778e-01  7.9665444e-01
4.729183188e-01  7.9701335e-01
4.731547780e-01  7.9737249e-01
4.733913554e-01  7.9773195e-01
4.736280510e-01  7.9809168e-01
4.738648651e-01  7.9845149e-01
4.741017975e-01  7.9881115e-01
4.743388484e-01  7.9917042e-01
4.745760178e-01  7.9952909e-01
4.748133058e-01  7.9988705e-01
4.750507125e-01  8.0024428e-01
4.752882378e-01  8.0060083e-01
4.755258819e-01  8.0095681e-01
4.757636449e-01  8.0131233e-01
4.760015267e-01  8.0166752e-01
4.762395275e-01  8.0202245e-01
4.764776472e-01  8.0237718e-01
4.767158861e-01  8.0273167e-01
4.769542440e-01  8.0308588e-01
4.771927211e-01  8.0343970e-01
4.774313175e-01  8.0379304e-01
4.776700331e-01  8.0414580e-01
4.779088682e-01  8.0449788e-01
4.781478226e-01  8.0484924e-01
4.783868965e-01  8.0519983e-01
4.786260900e-01  8.0554964e-01
4.788654030e-01  8.0589869e-01
4.791048357e-01  8.0624703e-01
4.793443881e-01  8.0659475e-01
4.795840603e-01  8.0694197e-01
4.798238523e-01  8.0728882e-01
4.800637643e-01  8.0763541e-01
4.803037962e-01  8.0798184e-01
4.805439481e-01  8.0832810e-01
4.807842200e-01  8.0867413e-01
4.810246121e-01  8.0901979e-01
4.812651244e-01  8.0936486e-01
4.815057570e-01  8.0970911e-01
4.817465099e-01  8.1005226e-01
4.819873831e-01  8.1039403e-01
4.822283768e-01  8.1073416e-01
4.824694910e-01  8.1107241e-01
4.827107258e-01  8.1140858e-01
4.829520811e-01  8.1174260e-01
4.831935572e-01  8.1207453e-01
4.834351539e-01  8.1240463e-01
4.836768715e-01  8.1273335e-01
4.839187100e-01  8.1306133e-01
4.841606693e-01  8.1338926e-01
4.844027496e-01  8.1371782e-01
4.846449510e-01  8.1404754e-01
4.848872735e-01  8.1437872e-01
4.851297171e-01  8.1471138e-01
4.853722820e-01  8.1504534e-01
4.856149681e-01  8.1538027e-01
4.858577756e-01  8.1571578e-01
4.861007045e-01  8.1605156e-01
4.863437549e-01  8.1638734e-01
4.865869267e-01  8.1672292e-01
4.868302202e-01  8.1705815e-01
4.870736353e-01  8.1739283e-01
4.873171721e-01  8.1772674e-01
4.875608307e-01  8.1805964e-01
4.878046111e-01  8.1839129e-01
4.880485134e-01  8.1872154e-01
4.882925377e-01  8.1905032e-01
4.885366840e-01  8.1937772e-01
4.887809523e-01  8.1970390e-01
4.890253428e-01  8.2002909e-01
4.892698554e-01  8.2035354e-01
4.895144904e-01  8.2067741e-01
4.897592476e-01  8.2100080e-01
4.900041272e-01  8.2132375e-01
4.902491293e-01  8.2164621e-01
4.904942539e-01  8.2196811e-01
4.907395010e-01  8.2228937e-01
4.909848708e-01  8.2260992e-01
4.912303632e-01  8.2292969e-01
4.914759784e-01  8.2324864e-01
4.917217164e-01  8.2356673e-01
4.919675772e-01  8.2388398e-01
4.922135610e-01  8.2420041e-01
4.924596678e-01  8.2451610e-01
4.927058976e-01  8.2483118e-01
4.929522506e-01  8.2514579e-01
4.931987267e-01  8.2546011e-01
4.934453261e-01  8.2577430e-01
4.936920487e-01  8.2608847e-01
4.939388947e-01  8.2640269e-01
4.941858642e-01  8.2671691e-01
4.944329571e-01  8.2703102e-01
4.946801736e-01  8.2734480e-01
4.949275137e-01  8.2765795e-01
4.951749774e-01  8.2797009e-01
4.954225649e-01  8.2828077e-01
4.956702762e-01  8.2858952e-01
4.959181114e-01  8.2889586e-01
4.961660704e-01  8.2919938e-01
4.964141534e-01  8.2949986e-01
4.966623605e-01  8.2979737e-01
4.969106917e-01  8.3009233e-01
4.971591470e-01  8.3038558e-01
4.974077266e-01  8.3067823e-01
4.976564305e-01  8.3097149e-01
4.979052587e-01  8.3126642e-01
4.981542113e-01  8.3156366e-01
4.984032884e-01  8.3186327e-01
4.986524901e-01  8.3216460e-01
4.989018163e-01  8.3246639e-01
4.991512672e-01  8.3276692e-01
4.994008429e-01  8.3306421e-01
4.996505433e-01  8.3335629e-01
4.999003686e-01  8.3364136e-01
5.001503187e-01  8.3391798e-01
5.004003939e-01  8.3418517e-01
5.006505941e-01  8.3444233e-01
5.009009194e-01  8.3468921e-01
5.011513699e-01  8.3492582e-01
5.014019455e-01  8.3515244e-01
5.016526465e-01  8.3536980e-01
5.019034728e-01  8.3557945e-01
5.021544246e-01  8.3578416e-01
5.024055018e-01  8.3598822e-01
5.026567045e-01  8.3619737e-01
5.029080329e-01  8.3641819e-01
5.031594869e-01  8.3665706e-01
5.034110666e-01  8.3691897e-01
5.036627722e-01  8.3720639e-01
5.039146036e-01  8.3751874e-01
5.041665609e-01  8.3785243e-01
5.044186442e-01  8.3820157e-01
5.046708535e-01  8.3855907e-01
5.049231889e-01  8.3891780e-01
5.051756505e-01  8.3927157e-01
5.054282383e-01  8.3961576e-01
5.056809524e-01  8.3994760e-01
5.059337929e-01  8.4026613e-01
5.061867598e-01  8.4057195e-01
5.064398532e-01  8.4086682e-01
5.066930731e-01  8.4115324e-01
5.069464197e-01  8.4143396e-01
5.071998929e-01  8.4171158e-01
5.074534928e-01  8.4198818e-01
5.077072196e-01  8.4226516e-01
5.079610732e-01  8.4254319e-01
5.082150537e-01  8.4282233e-01
5.084691612e-01  8.4310229e-01
5.087233958e-01  8.4338263e-01
5.089777575e-01  8.4366300e-01
5.092322464e-01  8.4394320e-01
5.094868625e-01  8.4422319e-01
5.097416059e-01  8.4450303e-01
5.099964767e-01  8.4478279e-01
5.102514750e-01  8.4506246e-01
5.105066007e-01  8.4534198e-01
5.107618540e-01  8.4562124e-01
5.110172349e-01  8.4590022e-01
5.112727436e-01  8.4617910e-01
5.115283799e-01  8.4645826e-01
5.117841441e-01  8.4673832e-01
5.120400362e-01  8.4702000e-01
5.122960562e-01  8.4730404e-01
5.125522042e-01  8.4759098e-01
5.128084803e-01  8.4788112e-01
5.130648846e-01  8.4817443e-01
5.133214170e-01  8.4847059e-01
5.135780777e-01  8.4876904e-01
5.138348668e-01  8.4906905e-01
5.140917842e-01  8.4936982e-01
5.143488301e-01  8.4967061e-01
5.146060045e-01  8.4997083e-01
5.148633075e-01  8.5027010e-01
5.151207392e-01  8.5056830e-01
5.153782995e-01  8.5086552e-01
5.156359887e-01  8.5116195e-01
5.158938067e-01  8.5145774e-01
5.161517536e-01  8.5175296e-01
5.164098295e-01  8.5204753e-01
5.166680344e-01  8.5234129e-01
5.169263684e-01  8.5263403e-01
5.171848316e-01  8.5292563e-01
5.174434240e-01  8.5321607e-01
5.177021457e-01  8.5350542e-01
5.179609968e-01  8.5379381e-01
5.182199773e-01  8.5408134e-01
5.184790873e-01  8.5436803e-01
5.187383268e-01  8.5465381e-01
5.189976960e-01  8.5493851e-01
5.192571948e-01  8.5522193e-01
5.195168234e-01  8.5550389e-01
5.197765818e-01  8.5578426e-01
5.200364701e-01  8.5606300e-01
5.202964884e-01  8.5634014e-01
5.205566366e-01  8.5661576e-01
5.208169149e-01  8.5688997e-01
5.210773234e-01  8.5716286e-01
5.213378620e-01  8.5743450e-01
5.215985310e-01  8.5770494e-01
5.218593302e-01  8.5797424e-01
5.221202599e-01  8.5824248e-01
5.223813200e-01  8.5850983e-01
5.226425107e-01  8.5877650e-01
5.229038320e-01  8.5904278e-01
5.231652839e-01  8.5930894e-01
5.234268665e-01  8.5957519e-01
5.236885799e-01  8.5984165e-01
5.239504242e-01  8.6010827e-01
5.242123994e-01  8.6037490e-01
5.244745056e-01  8.6064128e-01
5.247367429e-01  8.6090715e-01
5.249991113e-01  8.6117221e-01
5.252616108e-01  8.6143624e-01
5.255242416e-01  8.6169905e-01
5.257870037e-01  8.6196054e-01
5.260498973e-01  8.6222067e-01
5.263129222e-01  8.6247949e-01
5.265760787e-01  8.6273712e-01
5.268393667e-01  8.6299373e-01
5.271027864e-01  8.6324950e-01
5.273663378e-01  8.6350456e-01
5.276300209e-01  8.6375895e-01
5.278938360e-01  8.6401263e-01
5.281577829e-01  8.6426543e-01
5.284218618e-01  8.6451719e-01
5.286860727e-01  8.6476774e-01
5.289504157e-01  8.6501702e-01
5.292148909e-01  8.6526507e-01
5.294794984e-01  8.6551210e-01
5.297442381e-01  8.6575837e-01
5.300091103e-01  8.6600418e-01
5.302741148e-01  8.6624982e-01
5.305392519e-01  8.6649545e-01
5.308045215e-01  8.6674117e-01
5.310699238e-01  8.6698699e-01
5.313354587e-01  8.6723287e-01
5.316011264e-01  8.6747881e-01
5.318669270e-01  8.6772479e-01
5.321328605e-01  8.6797082e-01
5.323989269e-01  8.6821689e-01
5.326651264e-01  8.6846290e-01
5.329314589e-01  8.6870871e-01
5.331979247e-01  8.6895404e-01
5.334645236e-01  8.6919858e-01
5.337312559e-01  8.6944200e-01
5.339981215e-01  8.6968395e-01
5.342651206e-01  8.6992412e-01
5.345322531e-01  8.7016223e-01
5.347995193e-01  8.7039808e-01
5.350669190e-01  8.7063157e-01
5.353344525e-01  8.7086275e-01
5.356021197e-01  8.7109186e-01
5.358699208e-01  8.7131934e-01
5.361378557e-01  8.7154575e-01
5.364059247e-01  8.7177163e-01
5.366741276e-01  8.7199737e-01
5.369424647e-01  8.7222298e-01
5.372109359e-01  8.7244808e-01
5.374795414e-01  8.7267185e-01
5.377482811e-01  8.7289325e-01
5.380171553e-01  8.7311116e-01
5.382861639e-01  8.7332475e-01
5.385553069e-01  8.7353360e-01
5.388245846e-01  8.7373799e-01
5.390939969e-01  8.7393888e-01
5.393635439e-01  8.7413787e-01
5.396332257e-01  8.7433703e-01
5.399030423e-01  8.7453852e-01
5.401729938e-01  8.7474429e-01
5.404430803e-01  8.7495562e-01
5.407133018e-01  8.7517290e-01
5.409836585e-01  8.7539555e-01
5.412541503e-01  8.7562219e-01
5.415247774e-01  8.7585103e-01
5.417955398e-01  8.7608033e-01
5.420664375e-01  8.7630884e-01
5.423374708e-01  8.7653609e-01
5.426086395e-01  8.7676238e-01
5.428799438e-01  8.7698861e-01
5.431513838e-01  8.7721591e-01
5.434229595e-01  8.7744524e-01
5.436946710e-01  8.7767705e-01
5.439665183e-01  8.7791114e-01
5.442385016e-01  8.7814664e-01
5.445106208e-01  8.7838232e-01
5.447828761e-01  8.7861685e-01
5.450552676e-01  8.7884919e-01
5.453277952e-01  8.7907880e-01
5.456004591e-01  8.7930576e-01
5.458732593e-01  8.7953063e-01
5.461461960e-01  8.7975422e-01
5.464192690e-01  8.7997727e-01
5.466924787e-01  8.8020025e-01
5.469658249e-01  8.8042318e-01
5.472393078e-01  8.8064566e-01
5.475129275e-01  8.8086693e-01
5.477866840e-01  8.8108615e-01
5.480605773e-01  8.8130259e-01
5.483346076e-01  8.8151592e-01
5.486087749e-01  8.8172639e-01
5.488830793e-01  8.8193492e-01
5.491575208e-01  8.8214304e-01
5.494320996e-01  8.8235258e-01
5.497068156e-01  8.8256536e-01
5.499816690e-01  8.8278272e-01
5.502566599e-01  8.8300523e-01
5.505317882e-01  8.8323253e-01
5.508070541e-01  8.8346344e-01
5.510824576e-01  8.8369623e-01
5.513579988e-01  8.8392901e-01
5.516336778e-01  8.8416015e-01
5.519094947e-01  8.8438854e-01
5.521854494e-01  8.8461374e-01
5.524615422e-01  8.8483594e-01
5.527377729e-01  8.8505580e-01
5.530141418e-01  8.8527419e-01
5.532906489e-01  8.8549205e-01
5.535672942e-01  8.8571017e-01
5.538440779e-01  8.8592913e-01
5.541209999e-01  8.8614930e-01
5.543980604e-01  8.8637081e-01
5.546752594e-01  8.8659364e-01
5.549525971e-01  8.8681761e-01
5.552300734e-01  8.8704246e-01
5.555076884e-01  8.8726788e-01
5.557854422e-01  8.8749356e-01
5.560633350e-01  8.8771922e-01
5.563413666e-01  8.8794463e-01
5.566195373e-01  8.8816963e-01
5.568978471e-01  8.8839407e-01
5.571762960e-01  8.8861783e-01
5.574548841e-01  8.8884080e-01
5.577336116e-01  8.8906292e-01
5.580124784e-01  8.8928415e-01
5.582914846e-01  8.8950451e-01
5.585706304e-01  8.8972407e-01
5.588499157e-01  8.8994292e-01
5.591293407e-01  8.9016115e-01
5.594089053e-01  8.9037883e-01
5.596886098e-01  8.9059605e-01
5.599684541e-01  8.9081284e-01
5.602484383e-01  8.9102928e-01
5.605285625e-01  8.9124543e-01
5.608088268e-01  8.9146134e-01
5.610892312e-01  8.9167703e-01
5.613697758e-01  8.9189247e-01
5.616504607e-01  8.9210752e-01
5.619312860e-01  8.9232197e-01
5.622122516e-01  8.9253549e-01
5.624933577e-01  8.9274771e-01
5.627746044e-01  8.9295812e-01
5.630559917e-01  8.9316613e-01
5.633375197e-01  8.9337103e-01
5.636191885e-01  8.9357188e-01
5.639009981e-01  8.9376751e-01
5.641829486e-01  8.9395641e-01
5.644650400e-01  8.9413671e-01
5.647472725e-01  8.9430608e-01
5.650296462e-01  8.9446186e-01
5.653121610e-01  8.9460116e-01
5.655948171e-01  8.9472130e-01
5.658776145e-01  8.9482039e-01
5.661605533e-01  8.9489819e-01
5.664436336e-01  8.9495702e-01
5.667268554e-01  8.9500242e-01
5.670102188e-01  8.9504332e-01
5.672937239e-01  8.9509134e-01
5.675773708e-01  8.9515923e-01
5.678611595e-01  8.9525876e-01
5.681450901e-01  8.9539843e-01
5.684291626e-01  8.9558179e-01
5.687133772e-01  8.9580676e-01
5.689977339e-01  8.9606614e-01
5.692822327e-01  8.9634919e-01
5.695668739e-01  8.9664369e-01
5.698516573e-01  8.9693809e-01
5.701365831e-01  8.9722305e-01
5.704216514e-01  8.9749246e-01
5.707068622e-01  8.9774353e-01
5.709922157e-01  8.9797643e-01
5.712777118e-01  8.9819346e-01
5.715633506e-01  8.9839816e-01
5.718491323e-01  8.9859440e-01
5.721350569e-01  8.9878575e-01
5.724211244e-01  8.9897508e-01
5.727073350e-01  8.9916440e-01
5.729936886e-01  8.9935490e-01
5.732801855e-01  8.9954707e-01
5.735668256e-01  8.9974074e-01
5.738536090e-01  8.9993517e-01
5.741405358e-01  9.0012911e-01
5.744276061e-01  9.0032084e-01
5.747148199e-01  9.0050840e-01
5.750021773e-01  9.0068988e-01
5.752896784e-01  9.0086385e-01
5.755773232e-01  9.0102971e-01
5.758651119e-01  9.0118794e-01
5.761530444e-01  9.0134009e-01
5.764411209e-01  9.0148848e-01
5.767293415e-01  9.0163558e-01
5.770177062e-01  9.0178327e-01
5.773062150e-01  9.0193219e-01
5.775948681e-01  9.0208136e-01
5.778836656e-01  9.0222823e-01
5.781726074e-01  9.0236931e-01
5.784616937e-01  9.0250113e-01
5.787509245e-01  9.0262149e-01
5.790403000e-01  9.0273045e-01
5.793298202e-01  9.0283097e-01
5.796194851e-01  9.0292870e-01
5.799092948e-01  9.0303110e-01
5.801992495e-01  9.0314598e-01
5.804893491e-01  9.0327984e-01
5.807795938e-01  9.0343660e-01
5.810699836e-01  9.0361693e-01
5.813605185e-01  9.0381841e-01
5.816511988e-01  9.0403627e-01
5.819420244e-01  9.0426434e-01
5.822329954e-01  9.0449584e-01
5.825241119e-01  9.0472370e-01
5.828153740e-01  9.0494045e-01
5.831067817e-01  9.0513782e-01
5.833983350e-01  9.0530647e-01
5.836900342e-01  9.0543597e-01
5.839818792e-01  9.0551544e-01
5.842738702e-01  9.0553451e-01
5.845660071e-01  9.0548462e-01
5.848582901e-01  9.0536024e-01
5.851507193e-01  9.0515970e-01
5.854432946e-01  9.0488550e-01
5.857360163e-01  9.0454429e-01
5.860288843e-01  9.0414653e-01
5.863218987e-01  9.0370625e-01
5.866150597e-01  9.0324080e-01
5.869083672e-01  9.0277031e-01
5.872018214e-01  9.0231665e-01
5.874954223e-01  9.0190149e-01
5.877891700e-01  9.0154409e-01
5.880830646e-01  9.0125926e-01
5.883771061e-01  9.0105654e-01
5.886712947e-01  9.0094091e-01
5.889656303e-01  9.0091466e-01
5.892601131e-01  9.0097964e-01
5.895547432e-01  9.0113861e-01
5.898495206e-01  9.0139504e-01
5.901444453e-01  9.0175121e-01
5.904395175e-01  9.0220554e-01
5.907347373e-01  9.0274988e-01
5.910301047e-01  9.0336783e-01
5.913256197e-01  9.0403457e-01
5.916212825e-01  9.0471849e-01
5.919170932e-01  9.0538431e-01
5.922130517e-01  9.0599738e-01
5.925091582e-01  9.0652863e-01
5.928054128e-01  9.0695890e-01
5.931018155e-01  9.0728206e-01
5.933983664e-01  9.0750559e-01
5.936950656e-01  9.0764849e-01
5.939919132e-01  9.0773673e-01
5.942889091e-01  9.0779751e-01
5.945860536e-01  9.0785385e-01
5.948833466e-01  9.0792091e-01
5.951807883e-01  9.0800484e-01
5.954783787e-01  9.0810388e-01
5.957761179e-01  9.0821093e-01
5.960740059e-01  9.0831644e-01
5.963720429e-01  9.0841092e-01
5.966702289e-01  9.0848676e-01
5.969685640e-01  9.0853937e-01
5.972670483e-01  9.0856815e-01
5.975656819e-01  9.0857705e-01
5.978644647e-01  9.0857476e-01
5.981633969e-01  9.0857401e-01
5.984624786e-01  9.0858993e-01
5.987617099e-01  9.0863748e-01
5.990610907e-01  9.0872865e-01
5.993606213e-01  9.0887012e-01
5.996603016e-01  9.0906213e-01
5.999601317e-01  9.0929885e-01
6.002601118e-01  9.0956991e-01
6.005602418e-01  9.0986279e-01
6.008605220e-01  9.1016504e-01
6.011609522e-01  9.1046600e-01
6.014615327e-01  9.1075782e-01
6.017622635e-01  9.1103565e-01
6.020631446e-01  9.1129742e-01
6.023641762e-01  9.1154358e-01
6.026653583e-01  9.1177671e-01
6.029666909e-01  9.1200141e-01
6.032681743e-01  9.1222407e-01
6.035698084e-01  9.1245243e-01
6.038715933e-01  9.1269467e-01
6.041735291e-01  9.1295806e-01
6.044756158e-01  9.1324741e-01
6.047778537e-01  9.1356371e-01
6.050802426e-01  9.1390350e-01
6.053827827e-01  9.1425925e-01
6.056854741e-01  9.1462082e-01
6.059883168e-01  9.1497753e-01
6.062913110e-01  9.1532036e-01
6.065944566e-01  9.1564362e-01
6.068977539e-01  9.1594572e-01
6.072012027e-01  9.1622889e-01
6.075048033e-01  9.1649804e-01
6.078085557e-01  9.1675922e-01
6.081124600e-01  9.1701808e-01
6.084165163e-01  9.1727873e-01
6.087207245e-01  9.1754326e-01
6.090250849e-01  9.1781171e-01
6.093295974e-01  9.1808260e-01
6.096342622e-01  9.1835357e-01
6.099390793e-01  9.1862224e-01
6.102440489e-01  9.1888681e-01
6.105491709e-01  9.1914657e-01
6.108544455e-01  9.1940197e-01
6.111598727e-01  9.1965439e-01
6.114654527e-01  9.1990564e-01
6.117711854e-01  9.2015742e-01
6.120770710e-01  9.2041079e-01
6.123831095e-01  9.2066608e-01
6.126893011e-01  9.2092290e-01
6.129956457e-01  9.2118053e-01
6.133021435e-01  9.2143832e-01
6.136087946e-01  9.2169598e-01
6.139155990e-01  9.2195361e-01
6.142225568e-01  9.2221147e-01
6.145296681e-01  9.2246959e-01
6.148369329e-01  9.2272738e-01
6.151443514e-01  9.2298337e-01
6.154519236e-01  9.2323534e-01
6.157596495e-01  9.2348057e-01
6.160675294e-01  9.2371636e-01
6.163755631e-01  9.2394056e-01
6.166837509e-01  9.2415194e-01
6.169920928e-01  9.2435032e-01
6.173005888e-01  9.2453648e-01
6.176092391e-01  9.2471189e-01
6.179180437e-01  9.2487830e-01
6.182270028e-01  9.2503741e-01
6.185361163e-01  9.2519061e-01
6.188453843e-01  9.2533892e-01
6.191548070e-01  9.2548296e-01
6.194643844e-01  9.2562308e-01
6.197741166e-01  9.2575952e-01
6.200840037e-01  9.2589244e-01
6.203940457e-01  9.2602204e-01
6.207042427e-01  9.2614850e-01
6.210145948e-01  9.2627192e-01
6.213251021e-01  9.2639213e-01
6.216357647e-01  9.2650854e-01
6.219465825e-01  9.2662002e-01
6.222575558e-01  9.2672494e-01
6.225686846e-01  9.2682133e-01
6.228799689e-01  9.2690736e-01
6.231914089e-01  9.2698174e-01
6.235030046e-01  9.2704417e-01
6.238147561e-01  9.2709569e-01
6.241266635e-01  9.2713876e-01
6.244387268e-01  9.2717717e-01
6.247509462e-01  9.2721587e-01
6.250633217e-01  9.2726068e-01
6.253758533e-01  9.2731790e-01
6.256885413e-01  9.2739376e-01
6.260013855e-01  9.2749374e-01
6.263143862e-01  9.2762166e-01
6.266275434e-01  9.2777887e-01
6.269408572e-01  9.2796364e-01
6.272543276e-01  9.2817105e-01
6.275679548e-01  9.2839347e-01
6.278817388e-01  9.2862161e-01
6.281956796e-01  9.2884584e-01
6.285097775e-01  9.2905745e-01
6.288240324e-01  9.2924971e-01
6.291384444e-01  9.2941846e-01
6.294530136e-01  9.2956230e-01
6.297677401e-01  9.2968244e-01
6.300826240e-01  9.2978238e-01
6.303976653e-01  9.2986740e-01
6.307128641e-01  9.2994397e-01
6.310282206e-01  9.3001895e-01
6.313437347e-01  9.3009890e-01
6.316594065e-01  9.3018924e-01
6.319752362e-01  9.3029369e-01
6.322912239e-01  9.3041389e-01
6.326073695e-01  9.3054934e-01
6.329236732e-01  9.3069761e-01
6.332401350e-01  9.3085475e-01
6.335567551e-01  9.3101578e-01
6.338735334e-01  9.3117522e-01
6.341904702e-01  9.3132766e-01
6.345075654e-01  9.3146817e-01
6.348248192e-01  9.3159279e-01
6.351422316e-01  9.3169885e-01
6.354598027e-01  9.3178529e-01
6.357775327e-01  9.3185285e-01
6.360954214e-01  9.3190417e-01
6.364134691e-01  9.3194363e-01
6.367316759e-01  9.3197707e-01
6.370500417e-01  9.3201119e-01
6.373685667e-01  9.3205275e-01
6.376872510e-01  9.3210759e-01
6.380060946e-01  9.3217964e-01
6.383250977e-01  9.3227025e-01
6.386442602e-01  9.3237778e-01
6.389635824e-01  9.3249784e-01
6.392830641e-01  9.3262388e-01
6.396027057e-01  9.3274819e-01
6.399225070e-01  9.3286275e-01
6.402424683e-01  9.3295996e-01
6.405625895e-01  9.3303284e-01
6.408828708e-01  9.3307497e-01
6.412033122e-01  9.3308022e-01
6.415239139e-01  9.3304257e-01
6.418446759e-01  9.3295629e-01
6.421655982e-01  9.3281638e-01
6.424866810e-01  9.3261935e-01
6.428079243e-01  9.3236386e-01
6.431293283e-01  9.3205134e-01
6.434508930e-01  9.3168628e-01
6.437726184e-01  9.3127643e-01
6.440945047e-01  9.3083303e-01
6.444165520e-01  9.3037108e-01
6.447387603e-01  9.2990950e-01
6.450611296e-01  9.2947085e-01
6.453836602e-01  9.2908033e-01
6.457063520e-01  9.2876369e-01
6.460292052e-01  9.2854453e-01
6.463522198e-01  9.2844135e-01
6.466753959e-01  9.2846504e-01
6.469987336e-01  9.2861746e-01
6.473222330e-01  9.2889128e-01
6.476458941e-01  9.2927077e-01
6.479697170e-01  9.2973312e-01
6.482937019e-01  9.3025000e-01
6.486178488e-01  9.3078928e-01
6.489421577e-01  9.3131728e-01
6.492666288e-01  9.3180204e-01
6.495912621e-01  9.3221764e-01
6.499160577e-01  9.3254868e-01
6.502410157e-01  9.3279379e-01
6.505661362e-01  9.3296633e-01
6.508914193e-01  9.3309165e-01
6.512168650e-01  9.3320093e-01
6.515424734e-01  9.3332348e-01
6.518682447e-01  9.3347955e-01
6.521941788e-01  9.3367605e-01
6.525202759e-01  9.3390622e-01
6.528465360e-01  9.3415286e-01
6.531729593e-01  9.3439380e-01
6.534995458e-01  9.3460740e-01
6.538262956e-01  9.3477674e-01
6.541532087e-01  9.3489166e-01
6.544802853e-01  9.3494886e-01
6.548075254e-01  9.3495108e-01
6.551349292e-01  9.3490594e-01
6.554624967e-01  9.3482516e-01
6.557902279e-01  9.3472392e-01
6.561181230e-01  9.3462011e-01
6.564461821e-01  9.3453280e-01
6.567744052e-01  9.3448010e-01
6.571027924e-01  9.3447653e-01
6.574313438e-01  9.3453078e-01
6.577600595e-01  9.3464446e-01
6.580889395e-01  9.3481230e-01
6.584179840e-01  9.3502366e-01
6.587471930e-01  9.3526467e-01
6.590765666e-01  9.3552053e-01
6.594061048e-01  9.3577714e-01
6.597358079e-01  9.3602216e-01
6.600656758e-01  9.3624563e-01
6.603957086e-01  9.3644048e-01
6.607259065e-01  9.3660305e-01
6.610562694e-01  9.3673375e-01
6.613867976e-01  9.3683737e-01
6.617174910e-01  9.3692263e-01
6.620483497e-01  9.3700104e-01
6.623793739e-01  9.3708492e-01
6.627105636e-01  9.3718518e-01
6.630419189e-01  9.3730954e-01
6.633734398e-01  9.3746150e-01
6.637051265e-01  9.3764048e-01
6.640369791e-01  9.3784275e-01
6.643689976e-01  9.3806290e-01
6.647011821e-01  9.3829522e-01
6.650335327e-01  9.3853458e-01
6.653660494e-01  9.3877682e-01
6.656987325e-01  9.3901856e-01
6.660315818e-01  9.3925690e-01
6.663645976e-01  9.3948921e-01
6.666977799e-01  9.3971313e-01
6.670311288e-01  9.3992711e-01
6.673646444e-01  9.4013087e-01
6.676983267e-01  9.4032601e-01
6.680321759e-01  9.4051600e-01
6.683661920e-01  9.4070587e-01
6.687003751e-01  9.4090134e-01
6.690347252e-01  9.4110768e-01
6.693692426e-01  9.4132871e-01
6.697039272e-01  9.4156602e-01
6.700387792e-01  9.4181884e-01
6.703737986e-01  9.4208430e-01
6.707089855e-01  9.4235823e-01
6.710443400e-01  9.4263611e-01
6.713798621e-01  9.4291394e-01
6.717155521e-01  9.4318880e-01
6.720514098e-01  9.4345898e-01
6.723874355e-01  9.4372373e-01
6.727236293e-01  9.4398273e-01
6.730599911e-01  9.4423562e-01
6.733965211e-01  9.4448167e-01
6.737332193e-01  9.4471972e-01
6.740700859e-01  9.4494837e-01
6.744071210e-01  9.4516629e-01
6.747443246e-01  9.4537259e-01
6.750816967e-01  9.4556702e-01
6.754192376e-01  9.4575009e-01
6.757569472e-01  9.4592285e-01
6.760948257e-01  9.4608665e-01
6.764328731e-01  9.4624277e-01
6.767710895e-01  9.4639207e-01
6.771094750e-01  9.4653486e-01
6.774480298e-01  9.4667093e-01
6.777867538e-01  9.4679979e-01
6.781256472e-01  9.4692095e-01
6.784647100e-01  9.4703430e-01
6.788039424e-01  9.4714029e-01
6.791433443e-01  9.4724007e-01
6.794829160e-01  9.4733543e-01
6.798226575e-01  9.4742865e-01
6.801625688e-01  9.4752221e-01
6.805026501e-01  9.4761845e-01
6.808429014e-01  9.4771924e-01
6.811833228e-01  9.4782577e-01
6.815239145e-01  9.4793833e-01
6.818646765e-01  9.4805644e-01
6.822056088e-01  9.4817891e-01
6.825467116e-01  9.4830400e-01
6.828879850e-01  9.4842961e-01
6.832294290e-01  9.4855329e-01
6.835710437e-01  9.4867225e-01
6.839128292e-01  9.4878340e-01
6.842547856e-01  9.4888331e-01
6.845969130e-01  9.4896837e-01
6.849392115e-01  9.4903470e-01
6.852816811e-01  9.4907823e-01
6.856243219e-01  9.4909410e-01
6.859671341e-01  9.4907597e-01
6.863101176e-01  9.4901494e-01
6.866532727e-01  9.4889821e-01
6.869965993e-01  9.4870790e-01
6.873400976e-01  9.4841993e-01
6.876837677e-01  9.4800342e-01
6.880276096e-01  9.4742098e-01
6.883716234e-01  9.4663058e-01
6.887158092e-01  9.4558987e-01
6.890601671e-01  9.4426411e-01
6.894046972e-01  9.4263772e-01
6.897493995e-01  9.4072825e-01
6.900942742e-01  9.3859933e-01
6.904393213e-01  9.3636742e-01
6.907845410e-01  9.3419710e-01
6.911299333e-01  9.3228204e-01
6.914754982e-01  9.3081341e-01
6.918212360e-01  9.2994255e-01
6.921671466e-01  9.2974849e-01
6.925132302e-01  9.3022046e-01
6.928594868e-01  9.3126119e-01
6.932059165e-01  9.3271007e-01
6.935525195e-01  9.3437889e-01
6.938992958e-01  9.3608931e-01
6.942462454e-01  9.3770206e-01
6.945933685e-01  9.3913175e-01
6.949406652e-01  9.4034626e-01
6.952881356e-01  9.4135453e-01
6.956357796e-01  9.4218858e-01
6.959835975e-01  9.4288580e-01
6.963315893e-01  9.4347618e-01
6.966797551e-01  9.4397623e-01
6.970280950e-01  9.4438934e-01
6.973766090e-01  9.4471055e-01
6.977252973e-01  9.4493272e-01
6.980741600e-01  9.4505190e-01
6.984231971e-01  9.4507001e-01
6.987724087e-01  9.4499473e-01
6.991217949e-01  9.4483731e-01
6.994713558e-01  9.4460994e-01
6.998210914e-01  9.4432422e-01
7.001710020e-01  9.4399133e-01
7.005210875e-01  9.4362396e-01
7.008713480e-01  9.4323871e-01
7.012217837e-01  9.4285700e-01
7.015723946e-01  9.4250381e-01
7.019231808e-01  9.4220382e-01
7.022741424e-01  9.4197634e-01
7.026252795e-01  9.4183106e-01
7.029765921e-01  9.4176605e-01
7.033280804e-01  9.4176904e-01
7.036797444e-01  9.4182100e-01
7.040315843e-01  9.4190088e-01
7.043836001e-01  9.4198962e-01
7.047357919e-01  9.4207274e-01
7.050881598e-01  9.4214101e-01
7.054407039e-01  9.4218966e-01
7.057934242e-01  9.4221659e-01
7.061463209e-01  9.4222030e-01
7.064993941e-01  9.4219811e-01
7.068526438e-01  9.4214497e-01
7.072060701e-01  9.4205322e-01
7.075596731e-01  9.4191330e-01
7.079134530e-01  9.4171498e-01
7.082674097e-01  9.4144857e-01
7.086215434e-01  9.4110563e-01
7.089758542e-01  9.4067876e-01
7.093303421e-01  9.4016177e-01
7.096850073e-01  9.3954888e-01
7.100398498e-01  9.3883502e-01
7.103948697e-01  9.3801545e-01
7.107500671e-01  9.3708366e-01
7.111054422e-01  9.3602566e-01
7.114609949e-01  9.3480990e-01
7.118167254e-01  9.3337333e-01
7.121726338e-01  9.3160830e-01
7.125287201e-01  9.2935574e-01
7.128849844e-01  9.2641305e-01
7.132414269e-01  9.2256201e-01
7.135980476e-01  9.1761866e-01
7.139548467e-01  9.1149825e-01
7.143118241e-01  9.0428057e-01
7.146689800e-01  8.9625395e-01
7.150263145e-01  8.8791633e-01
7.153838277e-01  8.7992047e-01
7.157415196e-01  8.7296758e-01
7.160993903e-01  8.6767239e-01
7.164574400e-01  8.6443719e-01
7.168156687e-01  8.6337282e-01
7.171740766e-01  8.6429118e-01
7.175326636e-01  8.6676975e-01
7.178914299e-01  8.7026570e-01
7.182503757e-01  8.7424248e-01
7.186095008e-01  8.7827201e-01
7.189688056e-01  8.8208862e-01
7.193282900e-01  8.8558933e-01
7.196879541e-01  8.8879172e-01
7.200477981e-01  8.9177123e-01
7.204078220e-01  8.9460068e-01
7.207680259e-01  8.9730896e-01
7.211284099e-01  8.9986702e-01
7.214889742e-01  9.0219920e-01
7.218497186e-01  9.0421043e-01
7.222106435e-01  9.0581753e-01
7.225717488e-01  9.0697324e-01
7.229330347e-01  9.0767753e-01
7.232945012e-01  9.0797510e-01
7.236561485e-01  9.0794393e-01
7.240179765e-01  9.0767990e-01
7.243799855e-01  9.0728434e-01
7.247421755e-01  9.0685307e-01
7.251045466e-01  9.0646842e-01
7.254670989e-01  9.0619051e-01
7.258298324e-01  9.0604770e-01
7.261927473e-01  9.0602858e-01
7.265558437e-01  9.0608035e-01
7.269191216e-01  9.0611796e-01
7.272825812e-01  9.0604526e-01
7.276462225e-01  9.0578374e-01
7.280100456e-01  9.0530033e-01
7.283740506e-01  9.0462444e-01
7.287382377e-01  9.0384735e-01
7.291026068e-01  9.0310335e-01
7.294671581e-01  9.0253765e-01
7.298318917e-01  9.0227128e-01
7.301968076e-01  9.0237237e-01
7.305619060e-01  9.0284039e-01
7.309271870e-01  9.0360640e-01
7.312926505e-01  9.0454625e-01
7.316582969e-01  9.0550388e-01
7.320241260e-01  9.0631830e-01
7.323901381e-01  9.0685036e-01
7.327563332e-01  9.0700481e-01
7.331227113e-01  9.0674462e-01
7.334892727e-01  9.0609598e-01
7.338560173e-01  9.0514269e-01
7.342229453e-01  9.0401123e-01
7.345900568e-01  9.0284896e-01
7.349573518e-01  9.0179978e-01
7.353248305e-01  9.0098197e-01
7.356924929e-01  9.0047331e-01
7.360603392e-01  9.0030552e-01
7.364283693e-01  9.0046853e-01
7.367965835e-01  9.0092191e-01
7.371649818e-01  9.0160919e-01
7.375335643e-01  9.0247111e-01
7.379023311e-01  9.0345429e-01
7.382712822e-01  9.0451506e-01
7.386404179e-01  9.0561943e-01
7.390097381e-01  9.0674158e-01
7.393792430e-01  9.0786287e-01
7.397489326e-01  9.0897239e-01
7.401188071e-01  9.1006746e-01
7.404888665e-01  9.1115324e-01
7.408591109e-01  9.1223991e-01
7.412295404e-01  9.1333827e-01
7.416001552e-01  9.1445561e-01
7.419709553e-01  9.1559393e-01
7.423419408e-01  9.1675143e-01
7.427131117e-01  9.1792588e-01
7.430844683e-01  9.1911748e-01
7.434560105e-01  9.2032860e-01
7.438277385e-01  9.2156089e-01
7.441996524e-01  9.2281072e-01
7.445717522e-01  9.2406630e-01
7.449440381e-01  9.2530781e-01
7.453165101e-01  9.2651114e-01
7.456891684e-01  9.2765359e-01
7.460620130e-01  9.2871925e-01
7.464350440e-01  9.2970254e-01
7.468082615e-01  9.3060810e-01
7.471816656e-01  9.3144824e-01
7.475552565e-01  9.3223828e-01
7.479290341e-01  9.3299225e-01
7.483029986e-01  9.3372057e-01
7.486771501e-01  9.3443025e-01
7.490514887e-01  9.3512725e-01
7.494260144e-01  9.3581912e-01
7.498007274e-01  9.3651641e-01
7.501756278e-01  9.3723197e-01
7.505507156e-01  9.3797877e-01
7.509259910e-01  9.3876713e-01
7.513014540e-01  9.3960265e-01
7.516771047e-01  9.4048511e-01
7.520529432e-01  9.4140869e-01
7.524289697e-01  9.4236333e-01
7.528051842e-01  9.4333719e-01
7.531815868e-01  9.4431980e-01
7.535581776e-01  9.4530508e-01
7.539349567e-01  9.4629278e-01
7.543119241e-01  9.4728780e-01
7.546890801e-01  9.4829720e-01
7.550664246e-01  9.4932626e-01
7.554439579e-01  9.5037524e-01
7.558216798e-01  9.5143818e-01
7.561995907e-01  9.5250406e-01
7.565776905e-01  9.5355964e-01
7.569559793e-01  9.5459264e-01
7.573344573e-01  9.5559410e-01
7.577131245e-01  9.5655921e-01
7.580919811e-01  9.5748657e-01
7.584710271e-01  9.5837655e-01
7.588502626e-01  9.5922924e-01
7.592296877e-01  9.6004287e-01
7.596093026e-01  9.6081318e-01
7.599891072e-01  9.6153368e-01
7.603691018e-01  9.6219679e-01
7.607492863e-01  9.6279545e-01
7.611296610e-01  9.6332462e-01
7.615102258e-01  9.6378235e-01
7.618909809e-01  9.6417016e-01
7.622719264e-01  9.6449275e-01
7.626530624e-01  9.6475717e-01
7.630343889e-01  9.6497188e-01
7.634159061e-01  9.6514594e-01
7.637976141e-01  9.6528845e-01
7.641795129e-01  9.6540808e-01
7.645616026e-01  9.6551277e-01
7.649438834e-01  9.6560932e-01
7.653263554e-01  9.6570302e-01
7.657090185e-01  9.6579756e-01
7.660918730e-01  9.6589517e-01
7.664749190e-01  9.6599709e-01
7.668581564e-01  9.6610392e-01
7.672415855e-01  9.6621594e-01
7.676252063e-01  9.6633296e-01
7.680090189e-01  9.6645419e-01
7.683930234e-01  9.6657814e-01
7.687772199e-01  9.6670290e-01
7.691616085e-01  9.6682660e-01
7.695461894e-01  9.6694799e-01
7.699309624e-01  9.6706673e-01
7.703159279e-01  9.6718323e-01
7.707010859e-01  9.6729820e-01
7.710864364e-01  9.6741201e-01
7.714719797e-01  9.6752417e-01
7.718577156e-01  9.6763307e-01
7.722436445e-01  9.6773599e-01
7.726297663e-01  9.6782917e-01
7.730160812e-01  9.6790805e-01
7.734025892e-01  9.6796731e-01
7.737892905e-01  9.6800114e-01
7.741761852e-01  9.6800342e-01
7.745632733e-01  9.6796824e-01
7.749505549e-01  9.6789061e-01
7.753380302e-01  9.6776739e-01
7.757256992e-01  9.6759812e-01
7.761135621e-01  9.6738582e-01
7.765016188e-01  9.6713711e-01
7.768898697e-01  9.6686186e-01
7.772783146e-01  9.6657199e-01
7.776669537e-01  9.6627983e-01
7.780557872e-01  9.6599625e-01
7.784448151e-01  9.6572892e-01
7.788340375e-01  9.6548117e-01
7.792234545e-01  9.6525162e-01
7.796130663e-01  9.6503460e-01
7.800028728e-01  9.6482135e-01
7.803928742e-01  9.6460149e-01
7.807830707e-01  9.6436487e-01
7.811734622e-01  9.6410323e-01
7.815640489e-01  9.6381166e-01
7.819548310e-01  9.6348958e-01
7.823458084e-01  9.6314109e-01
7.827369813e-01  9.6277457e-01
7.831283498e-01  9.6240185e-01
7.835199139e-01  9.6203713e-01
7.839116739e-01  9.6169606e-01
7.843036297e-01  9.6139492e-01
7.846957816e-01  9.6114981e-01
7.850881294e-01  9.6097518e-01
7.854806735e-01  9.6088172e-01
7.858734139e-01  9.6087378e-01
7.862663506e-01  9.6094735e-01
7.866594837e-01  9.6108966e-01
7.870528135e-01  9.6128106e-01
7.874463399e-01  9.6149893e-01
7.878400631e-01  9.6172239e-01
7.882339831e-01  9.6193625e-01
7.886281001e-01  9.6213271e-01
7.890224141e-01  9.6231059e-01
7.894169253e-01  9.6247261e-01
7.898116338e-01  9.6262216e-01
7.902065396e-01  9.6276068e-01
7.906016429e-01  9.6288639e-01
7.909969437e-01  9.6299432e-01
7.913924422e-01  9.6307697e-01
7.917881384e-01  9.6312508e-01
7.921840325e-01  9.6312826e-01
7.925801245e-01  9.6307584e-01
7.929764145e-01  9.6295813e-01
7.933729028e-01  9.6276848e-01
7.937695892e-01  9.6250568e-01
7.941664740e-01  9.6217577e-01
7.945635572e-01  9.6179242e-01
7.949608390e-01  9.6137530e-01
7.953583194e-01  9.6094663e-01
7.957559986e-01  9.6052705e-01
7.961538766e-01  9.6013222e-01
7.965519535e-01  9.5977109e-01
7.969502295e-01  9.5944612e-01
7.973487046e-01  9.5915522e-01
7.977473790e-01  9.5889366e-01
7.981462527e-01  9.5865546e-01
7.985453258e-01  9.5843335e-01
7.989445985e-01  9.5821782e-01
7.993440708e-01  9.5799570e-01
7.997437428e-01  9.5774932e-01
8.001436147e-01  9.5745677e-01
8.005436865e-01  9.5709307e-01
8.009439583e-01  9.5663213e-01
8.013444303e-01  9.5604822e-01
8.017451025e-01  9.5531679e-01
8.021459751e-01  9.5441358e-01
8.025470480e-01  9.5331251e-01
8.029483216e-01  9.5198235e-01
8.033497957e-01  9.5038347e-01
8.037514706e-01  9.4846561e-01
8.041533464e-01  9.4616786e-01
8.045554230e-01  9.4342053e-01
8.049577007e-01  9.4015008e-01
8.053601796e-01  9.3628556e-01
8.057628597e-01  9.3176766e-01
8.061657411e-01  9.2656077e-01
8.065688240e-01  9.2066748e-01
8.069721084e-01  9.1414399e-01
8.073755945e-01  9.0711251e-01
8.077792822e-01  8.9976504e-01
8.081831719e-01  8.9235390e-01
8.085872635e-01  8.8516683e-01
8.089915571e-01  8.7849049e-01
8.093960529e-01  8.7257023e-01
8.098007509e-01  8.6757715e-01
8.102056513e-01  8.6359328e-01
8.106107541e-01  8.6061917e-01
8.110160595e-01  8.5860137e-01
8.114215675e-01  8.5746935e-01
8.118272783e-01  8.5716692e-01
8.122331919e-01  8.5766587e-01
8.126393085e-01  8.5895702e-01
8.130456282e-01  8.6102403e-01
8.134521510e-01  8.6381252e-01
8.138588771e-01  8.6720885e-01
8.142658065e-01  8.7103784e-01
8.146729394e-01  8.7507939e-01
8.150802759e-01  8.7909694e-01
8.154878160e-01  8.8286763e-01
8.158955599e-01  8.8620578e-01
8.163035077e-01  8.8897638e-01
8.167116595e-01  8.9109953e-01
8.171200153e-01  8.9254891e-01
8.175285753e-01  8.9334577e-01
8.179373396e-01  8.9354928e-01
8.183463083e-01  8.9324150e-01
8.187554814e-01  8.9250956e-01
8.191648592e-01  8.9142887e-01
8.195744416e-01  8.9005577e-01
8.199842288e-01  8.8843576e-01
8.203942209e-01  8.8662829e-01
8.208044180e-01  8.8473906e-01
8.212148202e-01  8.8294550e-01
8.216254277e-01  8.8149633e-01
8.220362404e-01  8.8067750e-01
8.224472585e-01  8.8074759e-01
8.228584821e-01  8.8186101e-01
8.232699114e-01  8.8400563e-01
8.236815463e-01  8.8697775e-01
8.240933871e-01  8.9040489e-01
8.245054338e-01  8.9381187e-01
8.249176865e-01  8.9671076e-01
8.253301453e-01  8.9869127e-01
8.257428104e-01  8.9949016e-01
8.261556818e-01  8.9902799e-01
8.265687597e-01  8.9741125e-01
8.269820440e-01  8.9490426e-01
8.273955351e-01  8.9188020e-01
8.278092328e-01  8.8876009e-01
8.282231374e-01  8.8594912e-01
8.286372490e-01  8.8378045e-01
8.290515676e-01  8.8247453e-01
8.294660934e-01  8.8212048e-01
8.298808265e-01  8.8268086e-01
8.302957669e-01  8.8401520e-01
8.307109148e-01  8.8591262e-01
8.311262702e-01  8.8812494e-01
8.315418334e-01  8.9039475e-01
8.319576043e-01  8.9247826e-01
8.323735831e-01  8.9416740e-01
8.327897699e-01  8.9531388e-01
8.332061648e-01  8.9585456e-01
8.336227678e-01  8.9582965e-01
8.340395792e-01  8.9538385e-01
8.344565990e-01  8.9474301e-01
8.348738273e-01  8.9416635e-01
8.352912642e-01  8.9388545e-01
8.357089099e-01  8.9404764e-01
8.361267643e-01  8.9468118e-01
8.365448277e-01  8.9569435e-01
8.369631001e-01  8.9690779e-01
8.373815817e-01  8.9810909e-01
8.378002725e-01  8.9911319e-01
8.382191726e-01  8.9980816e-01
8.386382822e-01  9.0017655e-01
8.390576013e-01  9.0028701e-01
8.394771301e-01  9.0026272e-01
8.398968687e-01  9.0023924e-01
8.403168171e-01  9.0032521e-01
8.407369755e-01  9.0057749e-01
8.411573440e-01  9.0099612e-01
8.415779227e-01  9.0153644e-01
8.419987116e-01  9.0213206e-01
8.424197110e-01  9.0271960e-01
8.428409209e-01  9.0325738e-01
8.432623413e-01  9.0373434e-01
8.436839725e-01  9.0416850e-01
8.441058145e-01  9.0459795e-01
8.445278674e-01  9.0506820e-01
8.449501313e-01  9.0562001e-01
8.453726064e-01  9.0628144e-01
8.457952927e-01  9.0706448e-01
8.462181903e-01  9.0796790e-01
8.466412994e-01  9.0898358e-01
8.470646201e-01  9.1010408e-01
8.474881524e-01  9.1132874e-01
8.479118965e-01  9.1266622e-01
8.483358524e-01  9.1413147e-01
8.487600203e-01  9.1573908e-01
8.491844003e-01  9.1749440e-01
8.496089925e-01  9.1938565e-01
8.500337970e-01  9.2138045e-01
8.504588139e-01  9.2342804e-01
8.508840433e-01  9.2546773e-01
8.513094854e-01  9.2744131e-01
8.517351401e-01  9.2930538e-01
8.521610077e-01  9.3104070e-01
8.525870882e-01  9.3265520e-01
8.530133817e-01  9.3418034e-01
8.534398884e-01  9.3566336e-01
8.538666084e-01  9.3715723e-01
8.542935417e-01  9.3871234e-01
8.547206884e-01  9.4037071e-01
8.551480488e-01  9.4216192e-01
8.555756228e-01  9.4410061e-01
8.560034106e-01  9.4618331e-01
8.564314123e-01  9.4838599e-01
8.568596280e-01  9.5066341e-01
8.572880578e-01  9.5295215e-01
8.577167019e-01  9.5517843e-01
8.581455602e-01  9.5726910e-01
8.585746330e-01  9.5916371e-01
8.590039203e-01  9.6082392e-01
8.594334223e-01  9.6223833e-01
8.598631390e-01  9.6342114e-01
8.602930706e-01  9.6440617e-01
8.607232171e-01  9.6523768e-01
8.611535787e-01  9.6596074e-01
8.615841555e-01  9.6661331e-01
8.620149476e-01  9.6722165e-01
8.624459550e-01  9.6779990e-01
8.628771780e-01  9.6835241e-01
8.633086166e-01  9.6887846e-01
8.637402709e-01  9.6937596e-01
8.641721411e-01  9.6984348e-01
8.646042271e-01  9.7027985e-01
8.650365292e-01  9.7068227e-01
8.654690475e-01  9.7104462e-01
8.659017820e-01  9.7135767e-01
8.663347329e-01  9.7161121e-01
8.667679003e-01  9.7179770e-01
8.672012842e-01  9.7191574e-01
8.676348849e-01  9.7197198e-01
8.680687023e-01  9.7198078e-01
8.685027367e-01  9.7196202e-01
8.689369880e-01  9.7193772e-01
8.693714565e-01  9.7192840e-01
8.698061423e-01  9.7195012e-01
8.702410453e-01  9.7201222e-01
8.706761659e-01  9.7211639e-01
8.711115039e-01  9.7225689e-01
8.715470597e-01  9.7242214e-01
8.719828332e-01  9.7259750e-01
8.724188246e-01  9.7276870e-01
8.728550340e-01  9.7292525e-01
8.732914616e-01  9.7306297e-01
8.737281073e-01  9.7318482e-01
8.741649714e-01  9.7329980e-01
8.746020538e-01  9.7342017e-01
8.750393549e-01  9.7355776e-01
8.754768745e-01  9.7372038e-01
8.759146130e-01  9.7390942e-01
8.763525703e-01  9.7411915e-01
8.767907466e-01  9.7433773e-01
8.772291419e-01  9.7454953e-01
8.776677565e-01  9.7473804e-01
8.781065904e-01  9.7488881e-01
8.785456437e-01  9.7499192e-01
8.789849165e-01  9.7504377e-01
8.794244090e-01  9.7504770e-01
8.798641212e-01  9.7501340e-01
8.803040532e-01  9.7495409e-01
8.807442053e-01  9.7488233e-01
8.811845774e-01  9.7480425e-01
8.816251697e-01  9.7471342e-01
8.820659822e-01  9.7458588e-01
8.825070152e-01  9.7437737e-01
8.829482687e-01  9.7402409e-01
8.833897429e-01  9.7344628e-01
8.838314377e-01  9.7255501e-01
8.842733535e-01  9.7125925e-01
8.847154901e-01  9.6947193e-01
8.851578479e-01  9.6711127e-01
8.856004268e-01  9.6409621e-01
8.860432270e-01  9.6033610e-01
8.864862486e-01  9.5571830e-01
8.869294918e-01  9.5009953e-01
8.873729565e-01  9.4331179e-01
8.878166430e-01  9.3518879e-01
8.882605513e-01  9.2561793e-01
8.887046816e-01  9.1460844e-01
8.891490339e-01  9.0236054e-01
8.895936084e-01  8.8930748e-01
8.900384052e-01  8.7610659e-01
8.904834244e-01  8.6356416e-01
8.909286662e-01  8.5250321e-01
8.913741305e-01  8.4360262e-01
8.918198176e-01  8.3725419e-01
8.922657275e-01  8.3348095e-01
8.927118603e-01  8.3194447e-01
8.931582163e-01  8.3203854e-01
8.936047954e-01  8.3304131e-01
8.940515978e-01  8.3428063e-01
8.944986236e-01  8.3526850e-01
8.949458729e-01  8.3577463e-01
8.953933458e-01  8.3583020e-01
8.958410425e-01  8.3567270e-01
8.962889630e-01  8.3565517e-01
8.967371075e-01  8.3614688e-01
8.971854760e-01  8.3744947e-01
8.976340688e-01  8.3974361e-01
8.980828858e-01  8.4307261e-01
8.985319273e-01  8.4735900e-01
8.989811932e-01  8.5244244e-01
8.994306838e-01  8.5812457e-01
8.998803992e-01  8.6420582e-01
9.003303394e-01  8.7050485e-01
9.007805045e-01  8.7685921e-01
9.012308948e-01  8.8311292e-01
9.016815102e-01  8.8910299e-01
9.021323510e-01  8.9465225e-01
9.025834172e-01  8.9957752e-01
9.030347089e-01  9.0370942e-01
9.034862262e-01  9.0691902e-01
9.039379693e-01  9.0914190e-01
9.043899383e-01  9.1039102e-01
9.048421333e-01  9.1075554e-01
9.052945544e-01  9.1038620e-01
9.057472016e-01  9.0946907e-01
9.062000752e-01  9.0819670e-01
9.066531753e-01  9.0673861e-01
9.071065019e-01  9.0521925e-01
9.075600551e-01  9.0370290e-01
9.080138351e-01  9.0218961e-01
9.084678421e-01  9.0062013e-01
9.089220760e-01  8.9889040e-01
9.093765370e-01  8.9687297e-01
9.098312253e-01  8.9444350e-01
9.102861409e-01  8.9150769e-01
9.107412840e-01  8.8802279e-01
9.111966546e-01  8.8400737e-01
9.116522529e-01  8.7953648e-01
9.121080791e-01  8.7472082e-01
9.125641331e-01  8.6967912e-01
9.130204152e-01  8.6451261e-01
9.134769254e-01  8.5929327e-01
9.139336638e-01  8.5406990e-01
9.143906307e-01  8.4888836e-01
9.148478260e-01  8.4381573e-01
9.153052499e-01  8.3895624e-01
9.157629025e-01  8.3445078e-01
9.162207840e-01  8.3045963e-01
9.166788944e-01  8.2713320e-01
9.171372338e-01  8.2457995e-01
9.175958024e-01  8.2283853e-01
9.180546003e-01  8.2185930e-01
9.185136276e-01  8.2149540e-01
9.189728844e-01  8.2150408e-01
9.194323709e-01  8.2155546e-01
9.198920871e-01  8.2124896e-01
9.203520331e-01  8.2013389e-01
9.208122091e-01  8.1773175e-01
9.212726152e-01  8.1355267e-01
9.217332515e-01  8.0710508e-01
9.221941182e-01  7.9789670e-01
9.226552152e-01  7.8543721e-01
9.231165428e-01  7.6925909e-01
9.235781011e-01  7.4897405e-01
9.240398902e-01  7.2437512e-01
9.245019101e-01  6.9557314e-01
9.249641611e-01  6.6313090e-01
9.254266431e-01  6.2814254e-01
9.258893565e-01  5.9220549e-01
9.263523011e-01  5.5725838e-01
9.268154773e-01  5.2530053e-01
9.272788850e-01  4.9805408e-01
9.277425245e-01  4.7665580e-01
9.282063957e-01  4.6146534e-01
9.286704989e-01  4.5204559e-01
9.291348342e-01  4.4731834e-01
9.295994016e-01  4.4585069e-01
9.300642013e-01  4.4618828e-01
9.305292334e-01  4.4714717e-01
9.309944980e-01  4.4799518e-01
9.314599953e-01  4.4848937e-01
9.319257253e-01  4.4878533e-01
9.323916881e-01  4.4926533e-01
9.328578840e-01  4.5035133e-01
9.333243129e-01  4.5235946e-01
9.337909751e-01  4.5542942e-01
9.342578706e-01  4.5953047e-01
9.347249995e-01  4.6452064e-01
9.351923620e-01  4.7022136e-01
9.356599582e-01  4.7647699e-01
9.361277881e-01  4.8318012e-01
9.365958520e-01  4.9026285e-01
9.370641500e-01  4.9766529e-01
9.375326820e-01  5.0530359e-01
9.380014484e-01  5.1305092e-01
9.384704491e-01  5.2074166e-01
9.389396843e-01  5.2819493e-01
9.394091542e-01  5.3524661e-01
9.398788588e-01  5.4177410e-01
9.403487982e-01  5.4770195e-01
9.408189726e-01  5.5298683e-01
9.412893821e-01  5.5759208e-01
9.417600268e-01  5.6146572e-01
9.422309068e-01  5.6453794e-01
9.427020222e-01  5.6673975e-01
9.431733732e-01  5.6803755e-01
9.436449599e-01  5.6846783e-01
9.441167824e-01  5.6815495e-01
9.445888408e-01  5.6730314e-01
9.450611352e-01  5.6616356e-01
9.455336658e-01  5.6498638e-01
9.460064326e-01  5.6397412e-01
9.464794358e-01  5.6324987e-01
9.469526755e-01  5.6285114e-01
9.474261519e-01  5.6274878e-01
9.478998650e-01  5.6288348e-01
9.483738149e-01  5.6320643e-01
9.488480018e-01  5.6370773e-01
9.493224258e-01  5.6442194e-01
9.497970870e-01  5.6540589e-01
9.502719856e-01  5.6669499e-01
9.507471216e-01  5.6825406e-01
9.512224951e-01  5.6994180e-01
9.516981064e-01  5.7150517e-01
9.521739554e-01  5.7261358e-01
9.526500424e-01  5.7292595e-01
9.531263674e-01  5.7217391e-01
9.536029306e-01  5.7023447e-01
9.540797321e-01  5.6717274e-01
9.545567719e-01  5.6324009e-01
9.550340503e-01  5.5882970e-01
9.555115673e-01  5.5440439e-01
9.559893231e-01  5.5041564e-01
9.564673178e-01  5.4723238e-01
9.569455514e-01  5.4509326e-01
9.574240242e-01  5.4408826e-01
9.579027362e-01  5.4416697e-01
9.583816876e-01  5.4516873e-01
9.588608784e-01  5.4685976e-01
9.593403089e-01  5.4897049e-01
9.598199790e-01  5.5122492e-01
9.602998890e-01  5.5335974e-01
9.607800390e-01  5.5514335e-01
9.612604290e-01  5.5639919e-01
9.617410592e-01  5.5703648e-01
9.622219297e-01  5.5708185e-01
9.627030407e-01  5.5669511e-01
9.631843922e-01  5.5615333e-01
9.636659844e-01  5.5579750e-01
9.641478174e-01  5.5595174e-01
9.646298913e-01  5.5683586e-01
9.651122063e-01  5.5850046e-01
9.655947624e-01  5.6080372e-01
9.660775597e-01  5.6343609e-01
9.665605985e-01  5.6598532e-01
9.670438788e-01  5.6802319e-01
9.675274008e-01  5.6919511e-01
9.680111645e-01  5.6929319e-01
9.684951700e-01  5.6830237e-01
9.689794176e-01  5.6641120e-01
9.694639073e-01  5.6398662e-01
9.699486393e-01  5.6151502e-01
9.704336136e-01  5.5952093e-01
9.709188304e-01  5.5847803e-01
9.714042898e-01  5.5873418e-01
9.718899920e-01  5.6046794e-01
9.723759370e-01  5.6368765e-01
9.728621249e-01  5.6826787e-01
9.733485560e-01  5.7400646e-01
9.738352303e-01  5.8067614e-01
9.743221479e-01  5.8805306e-01
9.748093090e-01  5.9591406e-01
9.752967136e-01  6.0401205e-01
9.757843620e-01  6.1204816e-01
9.762722542e-01  6.1966125e-01
9.767603903e-01  6.2644364e-01
9.772487705e-01  6.3198609e-01
9.777373949e-01  6.3593843e-01
9.782262636e-01  6.3807321e-01
9.787153767e-01  6.3833897e-01
9.792047344e-01  6.3688814e-01
9.796943368e-01  6.3407360e-01
9.801841839e-01  6.3041031e-01
9.806742760e-01  6.2650295e-01
9.811646132e-01  6.2295616e-01
9.816551955e-01  6.2028381e-01
9.821460231e-01  6.1884093e-01
9.826370961e-01  6.1879276e-01
9.831284146e-01  6.2012868e-01
9.836199788e-01  6.2270803e-01
9.841117888e-01  6.2632003e-01
9.846038447e-01  6.3073609e-01
9.850961466e-01  6.3573841e-01
9.855886947e-01  6.4112139e-01
9.860814891e-01  6.4667621e-01
9.865745298e-01  6.5217389e-01
9.870678171e-01  6.5736513e-01
9.875613510e-01  6.6200080e-01
9.880551316e-01  6.6587215e-01
9.885491592e-01  6.6885302e-01
9.890434338e-01  6.7092976e-01
9.895379555e-01  6.7220500e-01
9.900327245e-01  6.7287582e-01
9.905277409e-01  6.7319328e-01
9.910230047e-01  6.7341990e-01
9.915185162e-01  6.7379672e-01
9.920142755e-01  6.7452789e-01
9.925102826e-01  6.7578056e-01
9.930065378e-01  6.7769391e-01
9.935030410e-01  6.8038644e-01
9.939997926e-01  6.8395458e-01
9.944967924e-01  6.8845946e-01
9.949940408e-01  6.9390566e-01
9.954915379e-01  7.0022005e-01
9.959892836e-01  7.0724239e-01
9.964872783e-01  7.1473394e-01
9.969855219e-01  7.2240769e-01
9.974840147e-01  7.2997321e-01
9.979827567e-01  7.3718550e-01
9.984817481e-01  7.4388238e-01
9.989809889e-01  7.5000400e-01
9.994804794e-01  7.5559096e-01
9.999802197e-01  7.6076632e-01
1.000480210e+00  7.6570989e-01
1.000980450e+00  7.7063051e-01
1.001480940e+00  7.7574001e-01
1.001981681e+00  7.8122898e-01
1.002482671e+00  7.8724336e-01
1.002983913e+00  7.9386319e-01
1.003485405e+00  8.0108612e-01
1.003987147e+00  8.0882249e-01
1.004489141e+00  8.1690380e-01
1.004991386e+00  8.2510752e-01
1.005493881e+00  8.3319297e-01
1.005996628e+00  8.4094214e-01
1.006499627e+00  8.4819602e-01
1.007002876e+00  8.5487740e-01
1.007506378e+00  8.6099527e-01
1.008010131e+00  8.6663244e-01
1.008514136e+00  8.7191930e-01
1.009018393e+00  8.7700428e-01
1.009522902e+00  8.8202654e-01
1.010027664e+00  8.8709656e-01
1.010532678e+00  8.9228433e-01
1.011037944e+00  8.9761346e-01
1.011543463e+00  9.0305968e-01
1.012049235e+00  9.0855306e-01
1.012555259e+00  9.1398464e-01
1.013061537e+00  9.1921906e-01
1.013568068e+00  9.2411119e-01
1.014074852e+00  9.2852655e-01
1.014581889e+00  9.3236096e-01
1.015089180e+00  9.3555698e-01
1.015596725e+00  9.3811302e-01
1.016104523e+00  9.4008488e-01
1.016612575e+00  9.4157750e-01
1.017120882e+00  9.4272895e-01
1.017629442e+00  9.4368887e-01
1.018138257e+00  9.4459622e-01
1.018647326e+00  9.4556167e-01
1.019156649e+00  9.4665803e-01
1.019666228e+00  9.4791990e-01
1.020176061e+00  9.4934971e-01
1.020686149e+00  9.5092682e-01
1.021196492e+00  9.5261535e-01
1.021707090e+00  9.5437006e-01
1.022217944e+00  9.5614015e-01
1.022729053e+00  9.5787389e-01
1.023240417e+00  9.5952468e-01
1.023752038e+00  9.6105800e-01
1.024263914e+00  9.6245704e-01
1.024776045e+00  9.6372423e-01
1.025288434e+00  9.6487711e-01
1.025801078e+00  9.6593935e-01
1.026313978e+00  9.6693003e-01
1.026827135e+00  9.6785518e-01
1.027340549e+00  9.6870475e-01
1.027854219e+00  9.6945661e-01
1.028368146e+00  9.7008593e-01
1.028882330e+00  9.7057636e-01
1.029396771e+00  9.7092901e-01
1.029911470e+00  9.7116584e-01
1.030426426e+00  9.7132671e-01
1.030941639e+00  9.7146109e-01
1.031457110e+00  9.7161768e-01
1.031972838e+00  9.7183467e-01
1.032488825e+00  9.7213282e-01
1.033005069e+00  9.7251291e-01
1.033521572e+00  9.7295643e-01
1.034038332e+00  9.7342953e-01
1.034555351e+00  9.7388859e-01
1.035072629e+00  9.7428641e-01
1.035590165e+00  9.7457845e-01
1.036107961e+00  9.7472844e-01
1.036626015e+00  9.7471294e-01
1.037144328e+00  9.7452442e-01
1.037662900e+00  9.7417234e-01
1.038181731e+00  9.7368151e-01
1.038700822e+00  9.7308769e-01
1.039220172e+00  9.7243110e-01
1.039739783e+00  9.7174931e-01
1.040259652e+00  9.7107151e-01
1.040779782e+00  9.7041593e-01
1.041300172e+00  9.6979052e-01
1.041820822e+00  9.6919647e-01
1.042341733e+00  9.6863235e-01
1.042862903e+00  9.6809738e-01
1.043384335e+00  9.6759228e-01
1.043906027e+00  9.6711835e-01
1.044427980e+00  9.6667557e-01
1.044950194e+00  9.6626088e-01
1.045472669e+00  9.6586744e-01
1.045995406e+00  9.6548510e-01
1.046518403e+00  9.6510150e-01
1.047041662e+00  9.6470366e-01
1.047565183e+00  9.6427971e-01
1.048088966e+00  9.6382088e-01
1.048613010e+00  9.6332353e-01
1.049137317e+00  9.6279114e-01
1.049661886e+00  9.6223506e-01
1.050186716e+00  9.6167364e-01
1.050711810e+00  9.6112913e-01
1.051237166e+00  9.6062288e-01
1.051762784e+00  9.6017002e-01
1.052288666e+00  9.5977488e-01
1.052814810e+00  9.5942857e-01
1.053341217e+00  9.5910954e-01
1.053867888e+00  9.5878737e-01
1.054394822e+00  9.5842914e-01
1.054922019e+00  9.5800770e-01
1.055449480e+00  9.5750971e-01
1.055977205e+00  9.5694136e-01
1.056505194e+00  9.5632930e-01
1.057033446e+00  9.5571534e-01
1.057561963e+00  9.5514547e-01
1.058090744e+00  9.5465609e-01
1.058619789e+00  9.5426201e-01
1.059149099e+00  9.5395066e-01
1.059678674e+00  9.5368461e-01
1.060208513e+00  9.5341200e-01
1.060738617e+00  9.5308095e-01
1.061268987e+00  9.5265299e-01
1.061799621e+00  9.5211112e-01
1.062330521e+00  9.5146045e-01
1.062861686e+00  9.5072243e-01
1.063393117e+00  9.4992496e-01
1.063924814e+00  9.4909263e-01
1.064456776e+00  9.4823961e-01
1.064989005e+00  9.4736737e-01
1.065521499e+00  9.4646739e-01
1.066054260e+00  9.4552755e-01
1.066587287e+00  9.4454071e-01
1.067120581e+00  9.4351300e-01
1.067654141e+00  9.4246983e-01
1.068187968e+00  9.4145743e-01
1.068722062e+00  9.4053867e-01
1.069256423e+00  9.3978303e-01
1.069791051e+00  9.3925141e-01
1.070325947e+00  9.3897950e-01
1.070861110e+00  9.3896351e-01
1.071396540e+00  9.3915392e-01
1.071932238e+00  9.3946011e-01
1.072468205e+00  9.3976706e-01
1.073004439e+00  9.3996007e-01
1.073540941e+00  9.3995097e-01
1.074077711e+00  9.3969790e-01
1.074614750e+00  9.3921204e-01
1.075152058e+00  9.3854944e-01
1.075689634e+00  9.3779056e-01
1.076227478e+00  9.3701453e-01
1.076765592e+00  9.3627644e-01
1.077303975e+00  9.3559438e-01
1.077842627e+00  9.3494799e-01
1.078381548e+00  9.3428660e-01
1.078920739e+00  9.3354051e-01
1.079460199e+00  9.3262986e-01
1.079999930e+00  9.3146787e-01
1.080539929e+00  9.2995956e-01
1.081080199e+00  9.2799889e-01
1.081620740e+00  9.2546983e-01
1.082161550e+00  9.2225358e-01
1.082702631e+00  9.1824013e-01
1.083243982e+00  9.1334302e-01
1.083785604e+00  9.0750922e-01
1.084327497e+00  9.0071937e-01
1.084869661e+00  8.9297739e-01
1.085412095e+00  8.8428839e-01
1.085954801e+00  8.7463535e-01
1.086497779e+00  8.6396118e-01
1.087041028e+00  8.5216547e-01
1.087584548e+00  8.3912113e-01
1.088128341e+00  8.2470772e-01
1.088672405e+00  8.0885244e-01
1.089216741e+00  7.9156968e-01
1.089761349e+00  7.7298905e-01
1.090306230e+00  7.5336501e-01
1.090851383e+00  7.3307085e-01
1.091396809e+00  7.1257428e-01
1.091942507e+00  6.9240090e-01
1.092488478e+00  6.7308444e-01
1.093034723e+00  6.5511101e-01
1.093581240e+00  6.3885940e-01
1.094128031e+00  6.2455029e-01
1.094675095e+00  6.1221218e-01
1.095222432e+00  6.0167837e-01
1.095770043e+00  5.9262003e-01
1.096317928e+00  5.8461357e-01
1.096866087e+00  5.7723203e-01
1.097414520e+00  5.7013417e-01
1.097963228e+00  5.6313189e-01
1.098512209e+00  5.5621105e-01
1.099061465e+00  5.4950161e-01
1.099610996e+00  5.4320612e-01
1.100160802e+00  5.3751370e-01
1.100710882e+00  5.3252790e-01
1.101261237e+00  5.2823330e-01
1.101811868e+00  5.2450511e-01
1.102362774e+00  5.2115008e-01
1.102913955e+00  5.1795564e-01
1.103465412e+00  5.1472548e-01
1.104017145e+00  5.1129160e-01
1.104569154e+00  5.0750546e-01
1.105121438e+00  5.0322730e-01
1.105673999e+00  4.9832357e-01
1.106226836e+00  4.9268583e-01
1.106779949e+00  4.8626298e-01
1.107333339e+00  4.7909382e-01
1.107887006e+00  4.7132558e-01
1.108440950e+00  4.6320386e-01
1.108995170e+00  4.5503912e-01
1.109549668e+00  4.4715807e-01
1.110104442e+00  4.3985650e-01
1.110659495e+00  4.3336647e-01
1.111214824e+00  4.2784327e-01
1.111770432e+00  4.2336635e-01
1.112326317e+00  4.1995081e-01
1.112882480e+00  4.1756039e-01
1.113438921e+00  4.1611823e-01
1.113995641e+00  4.1551994e-01
1.114552639e+00  4.1564273e-01
1.115109915e+00  4.1635476e-01
1.115667470e+00  4.1751964e-01
1.116225304e+00  4.1900068e-01
1.116783416e+00  4.2066539e-01
1.117341808e+00  4.2239806e-01
1.117900479e+00  4.2411623e-01
1.118459429e+00  4.2579080e-01
1.119018659e+00  4.2745722e-01
1.119578168e+00  4.2921189e-01
1.120137957e+00  4.3119173e-01
1.120698026e+00  4.3353634e-01
1.121258375e+00  4.3634821e-01
1.121819005e+00  4.3965513e-01
1.122379914e+00  4.4338802e-01
1.122941104e+00  4.4737423e-01
1.123502575e+00  4.5134724e-01
1.124064326e+00  4.5496409e-01
1.124626358e+00  4.5783037e-01
1.125188671e+00  4.5952619e-01
1.125751266e+00  4.5963615e-01
1.126314141e+00  4.5778390e-01
1.126877298e+00  4.5366986e-01
1.127440737e+00  4.4711107e-01
1.128004457e+00  4.3807382e-01
1.128568459e+00  4.2669852e-01
1.129132744e+00  4.1331276e-01
1.129697310e+00  3.9843337e-01
1.130262159e+00  3.8275527e-01
1.130827290e+00  3.6712512e-01
1.131392703e+00  3.5249320e-01
1.131958400e+00  3.3983814e-01
1.132524379e+00  3.3006771e-01
1.133090641e+00  3.2390565e-01
1.133657186e+00  3.2179184e-01
1.134224015e+00  3.2381599e-01
1.134791127e+00  3.2970467e-01
1.135358523e+00  3.3885553e-01
1.135926202e+00  3.5040740e-01
1.136494165e+00  3.6332072e-01
1.137062412e+00  3.7645694e-01
1.137630943e+00  3.8866014e-01
1.138199759e+00  3.9885419e-01
1.138768859e+00  4.0616541e-01
1.139338243e+00  4.1006502e-01
1.139907912e+00  4.1049776e-01
1.140477866e+00  4.0795047e-01
1.141048105e+00  4.0341758e-01
1.141618629e+00  3.9824564e-01
1.142189438e+00  3.9388549e-01
1.142760533e+00  3.9160907e-01
1.143331913e+00  3.9226887e-01
1.143903579e+00  3.9616147e-01
1.144475531e+00  4.0302048e-01
1.145047769e+00  4.1212504e-01
1.145620293e+00  4.2247500e-01
1.146193103e+00  4.3297863e-01
1.146766200e+00  4.4260879e-01
1.147339583e+00  4.5051221e-01
1.147913252e+00  4.5607152e-01
1.148487209e+00  4.5894162e-01
1.149061453e+00  4.5906788e-01
1.149635983e+00  4.5669124e-01
1.150210801e+00  4.5232746e-01
1.150785907e+00  4.4670702e-01
1.151361300e+00  4.4067410e-01
1.151936980e+00  4.3505653e-01
1.152512949e+00  4.3053463e-01
1.153089205e+00  4.2754605e-01
1.153665750e+00  4.2624924e-01
1.154242583e+00  4.2654843e-01
1.154819704e+00  4.2816426e-01
1.155397114e+00  4.3071830e-01
1.155974813e+00  4.3380530e-01
1.156552800e+00  4.3703995e-01
1.157131076e+00  4.4007493e-01
1.157709642e+00  4.4260470e-01
1.158288497e+00  4.4436307e-01
1.158867641e+00  4.4512493e-01
1.159447075e+00  4.4471509e-01
1.160026798e+00  4.4302428e-01
1.160606812e+00  4.4002937e-01
1.161187115e+00  4.3581380e-01
1.161767709e+00  4.3057912e-01
1.162348593e+00  4.2464005e-01
1.162929767e+00  4.1839884e-01
1.163511232e+00  4.1229973e-01
1.164092987e+00  4.0677013e-01
1.164675034e+00  4.0216490e-01
1.165257371e+00  3.9872718e-01
1.165840000e+00  3.9657375e-01
1.166422920e+00  3.9570372e-01
1.167006131e+00  3.9602015e-01
1.167589635e+00  3.9734987e-01
1.168173429e+00  3.9945336e-01
1.168757516e+00  4.0202356e-01
1.169341895e+00  4.0468737e-01
1.169926566e+00  4.0702532e-01
1.170511529e+00  4.0862119e-01
1.171096785e+00  4.0913725e-01
1.171682333e+00  4.0840188e-01
1.172268174e+00  4.0647652e-01
1.172854308e+00  4.0368196e-01
1.173440736e+00  4.0056494e-01
1.174027456e+00  3.9781141e-01
1.174614470e+00  3.9612414e-01
1.175201777e+00  3.9609330e-01
1.175789378e+00  3.9809202e-01
1.176377273e+00  4.0221742e-01
1.176965461e+00  4.0828473e-01
1.177553944e+00  4.1587157e-01
1.178142721e+00  4.2439612e-01
1.178731792e+00  4.3321120e-01
1.179321158e+00  4.4169735e-01
1.179910819e+00  4.4934152e-01
1.180500774e+00  4.5579340e-01
1.181091025e+00  4.6089459e-01
1.181681570e+00  4.6468139e-01
1.182272411e+00  4.6736167e-01
1.182863547e+00  4.6927752e-01
1.183454979e+00  4.7085386e-01
1.184046706e+00  4.7254702e-01
1.184638730e+00  4.7479305e-01
1.185231049e+00  4.7796128e-01
1.185823665e+00  4.8231750e-01
1.186416576e+00  4.8800179e-01
1.187009785e+00  4.9502203e-01
1.187603290e+00  5.0326651e-01
1.188197091e+00  5.1253217e-01
1.188791190e+00  5.2255814e-01
1.189385585e+00  5.3305966e-01
1.189980278e+00  5.4375619e-01
1.190575268e+00  5.5439245e-01
1.191170556e+00  5.6475507e-01
1.191766141e+00  5.7468336e-01
1.192362024e+00  5.8407712e-01
1.192958205e+00  5.9289809e-01
1.193554684e+00  6.0116270e-01
1.194151462e+00  6.0892955e-01
1.194748537e+00  6.1628452e-01
1.195345912e+00  6.2332813e-01
1.195943585e+00  6.3016690e-01
1.196541556e+00  6.3690727e-01
1.197139827e+00  6.4364907e-01
1.197738397e+00  6.5047887e-01
1.198337266e+00  6.5746650e-01
1.198936435e+00  6.6466966e-01
1.199535903e+00  6.7214561e-01
1.200135671e+00  6.7996293e-01
1.200735739e+00  6.8820040e-01
1.201336107e+00  6.9692386e-01
1.201936775e+00  7.0614283e-01
1.202537743e+00  7.1576627e-01
1.203139012e+00  7.2558078e-01
1.203740582e+00  7.3527318e-01
1.204342452e+00  7.4449647e-01
1.204944623e+00  7.5295782e-01
1.205547095e+00  7.6049578e-01
1.206149869e+00  7.6711374e-01
1.206752944e+00  7.7296103e-01
1.207356320e+00  7.7826814e-01
1.207959999e+00  7.8327066e-01
1.208563979e+00  7.8814550e-01
1.209168261e+00  7.9298446e-01
1.209772845e+00  7.9780312e-01
1.210377731e+00  8.0257318e-01
1.210982920e+00  8.0725833e-01
1.211588411e+00  8.1183562e-01
1.212194206e+00  8.1629511e-01
1.212800303e+00  8.2061843e-01
1.213406703e+00  8.2475183e-01
1.214013406e+00  8.2858870e-01
1.214620413e+00  8.3197812e-01
1.215227723e+00  8.3476307e-01
1.215835337e+00  8.3683668e-01
1.216443255e+00  8.3819646e-01
1.217051476e+00  8.3896791e-01
1.217660002e+00  8.3938493e-01
1.218268832e+00  8.3973025e-01
1.218877966e+00  8.4025658e-01
1.219487405e+00  8.4112075e-01
1.220097149e+00  8.4235427e-01
1.220707198e+00  8.4387801e-01
1.221317551e+00  8.4554984e-01
1.221928210e+00  8.4721928e-01
1.222539174e+00  8.4876821e-01
1.223150444e+00  8.5012461e-01
1.223762019e+00  8.5125347e-01
1.224373900e+00  8.5213904e-01
1.224986087e+00  8.5277201e-01
1.225598580e+00  8.5315018e-01
1.226211379e+00  8.5328810e-01
1.226824485e+00  8.5322799e-01
1.227437897e+00  8.5304284e-01
1.228051616e+00  8.5282962e-01
1.228665642e+00  8.5269423e-01
1.229279975e+00  8.5273530e-01
1.229894615e+00  8.5302962e-01
1.230509562e+00  8.5362056e-01
1.231124817e+00  8.5450948e-01
1.231740379e+00  8.5565256e-01
1.232356250e+00  8.5696576e-01
1.232972428e+00  8.5834033e-01
1.233588914e+00  8.5966705e-01
1.234205708e+00  8.6085961e-01
1.234822811e+00  8.6187017e-01
1.235440223e+00  8.6268990e-01
1.236057943e+00  8.6333780e-01
1.236675972e+00  8.6384737e-01
1.237294310e+00  8.6425977e-01
1.237912957e+00  8.6462729e-01
1.238531913e+00  8.6502146e-01
1.239151179e+00  8.6553452e-01
1.239770755e+00  8.6626698e-01
1.240390640e+00  8.6730116e-01
1.241010836e+00  8.6867066e-01
1.241631341e+00  8.7033932e-01
1.242252157e+00  8.7220084e-01
1.242873283e+00  8.7410182e-01
1.243494719e+00  8.7588062e-01
1.244116467e+00  8.7740879e-01
1.244738525e+00  8.7862035e-01
1.245360894e+00  8.7952189e-01
1.245983575e+00  8.8018178e-01
1.246606566e+00  8.8070571e-01
1.247229870e+00  8.8120832e-01
1.247853485e+00  8.8178899e-01
1.248477411e+00  8.8251708e-01
1.249101650e+00  8.8342720e-01
1.249726201e+00  8.8452269e-01
1.250351064e+00  8.8578338e-01
1.250976240e+00  8.8717500e-01
1.251601728e+00  8.8865590e-01
1.252227529e+00  8.9017927e-01
1.252853642e+00  8.9169050e-01
1.253480069e+00  8.9312300e-01
1.254106809e+00  8.9439661e-01
1.254733863e+00  8.9542348e-01
1.255361229e+00  8.9612169e-01
1.255988910e+00  8.9643109e-01
1.256616905e+00  8.9632478e-01
1.257245213e+00  8.9580914e-01
1.257873836e+00  8.9491309e-01
1.258502773e+00  8.9367160e-01
1.259132024e+00  8.9211227e-01
1.259761590e+00  8.9025057e-01
1.260391471e+00  8.8809341e-01
1.261021666e+00  8.8564749e-01
1.261652177e+00  8.8292605e-01
1.262283003e+00  8.7995084e-01
1.262914145e+00  8.7675159e-01
1.263545602e+00  8.7336334e-01
1.264177375e+00  8.6982438e-01
1.264809463e+00  8.6617278e-01
1.265441868e+00  8.6243892e-01
1.266074589e+00  8.5863402e-01
1.266707626e+00  8.5473920e-01
1.267340980e+00  8.5070215e-01
1.267974651e+00  8.4644902e-01
1.268608638e+00  8.4191168e-01
1.269242942e+00  8.3706432e-01
1.269877564e+00  8.3195643e-01
1.270512503e+00  8.2672715e-01
1.271147759e+00  8.2158965e-01
1.271783333e+00  8.1678809e-01
1.272419224e+00  8.1253409e-01
1.273055434e+00  8.0894464e-01
1.273691962e+00  8.0600069e-01
1.274328808e+00  8.0354328e-01
1.274965972e+00  8.0131320e-01
1.275603455e+00  7.9902209e-01
1.276241257e+00  7.9643403e-01
1.276879377e+00  7.9342697e-01
1.277517817e+00  7.9001350e-01
1.278156576e+00  7.8630988e-01
1.278795654e+00  7.8246932e-01
1.279435052e+00  7.7860468e-01
1.280074770e+00  7.7473577e-01
1.280714807e+00  7.7078320e-01
1.281355164e+00  7.6661047e-01
1.281995842e+00  7.6209501e-01
1.282636840e+00  7.5719669e-01
1.283278158e+00  7.5199459e-01
1.283919797e+00  7.4667826e-01
1.284561757e+00  7.4149793e-01
1.285204038e+00  7.3669568e-01
1.285846640e+00  7.3244460e-01
1.286489564e+00  7.2881760e-01
1.287132808e+00  7.2579612e-01
1.287776375e+00  7.2331137e-01
1.288420263e+00  7.2130032e-01
1.289064473e+00  7.1975217e-01
1.289709005e+00  7.1872745e-01
1.290353860e+00  7.1834062e-01
1.290999037e+00  7.1871506e-01
1.291644536e+00  7.1992437e-01
1.292290359e+00  7.2193979e-01
1.292936504e+00  7.2459608e-01
1.293582972e+00  7.2758318e-01
1.294229763e+00  7.3046266e-01
1.294876878e+00  7.3271186e-01
1.295524317e+00  7.3379705e-01
1.296172079e+00  7.3327169e-01
1.296820165e+00  7.3088607e-01
1.297468575e+00  7.2667945e-01
1.298117309e+00  7.2101763e-01
1.298766368e+00  7.1455377e-01
1.299415751e+00  7.0810877e-01
1.300065459e+00  7.0250581e-01
1.300715492e+00  6.9840645e-01
1.301365850e+00  6.9619838e-01
1.302016532e+00  6.9596203e-01
1.302667541e+00  6.9751216e-01
1.303318875e+00  7.0048725e-01
1.303970534e+00  7.0444776e-01
1.304622519e+00  7.0895625e-01
1.305274830e+00  7.1362045e-01
1.305927468e+00  7.1810455e-01
1.306580432e+00  7.2211722e-01
1.307233722e+00  7.2539128e-01
1.307887339e+00  7.2766910e-01
1.308541282e+00  7.2870427e-01
1.309195553e+00  7.2828277e-01
1.309850151e+00  7.2626435e-01
1.310505076e+00  7.2263211e-01
1.311160328e+00  7.1753294e-01
1.311815909e+00  7.1128999e-01
1.312471817e+00  7.0437002e-01
1.313128052e+00  6.9731151e-01
1.313784616e+00  6.9062679e-01
1.314441509e+00  6.8470888e-01
1.315098730e+00  6.7976586e-01
1.315756279e+00  6.7579944e-01
1.316414157e+00  6.7261960e-01
1.317072364e+00  6.6988327e-01
1.317730900e+00  6.6713722e-01
1.318389766e+00  6.6386181e-01
1.319048961e+00  6.5951603e-01
1.319708485e+00  6.5359292e-01
1.320368339e+00  6.4568318e-01
1.321028524e+00  6.3553572e-01
1.321689038e+00  6.2309005e-01
1.322349882e+00  6.0846211e-01
1.323011057e+00  5.9188012e-01
1.323672563e+00  5.7358808e-01
1.324334399e+00  5.5375134e-01
1.324996566e+00  5.3240047e-01
1.325659065e+00  5.0943716e-01
1.326321894e+00  4.8470054e-01
1.326985055e+00  4.5807059e-01
1.327648548e+00  4.2957174e-01
1.328312372e+00  3.9944008e-01
1.328976528e+00  3.6813158e-01
1.329641016e+00  3.3626879e-01
1.330305837e+00  3.0454617e-01
1.330970990e+00  2.7362865e-01
1.331636475e+00  2.4407643e-01
1.332302293e+00  2.1631842e-01
1.332968445e+00  1.9067042e-01
1.333634929e+00  1.6737402e-01
1.334301746e+00  1.4662492e-01
1.334968897e+00  1.2856750e-01
1.335636382e+00  1.1325552e-01
1.336304200e+00  1.0060233e-01
1.336972352e+00  9.0351267e-02
1.337640838e+00  8.2091416e-02
1.338309658e+00  7.5322652e-02
1.338978813e+00  6.9548947e-02
1.339648303e+00  6.4371171e-02
1.340318127e+00  5.9544534e-02
1.340988286e+00  5.4988487e-02
1.341658780e+00  5.0750286e-02
1.342329609e+00  4.6942647e-02
1.343000774e+00  4.3677530e-02
1.343672275e+00  4.1019446e-02
1.344344111e+00  3.8963518e-02
1.345016283e+00  3.7440459e-02
1.345688791e+00  3.6336038e-02
1.346361635e+00  3.5516567e-02
1.347034816e+00  3.4851499e-02
1.347708334e+00  3.4230632e-02
1.348382188e+00  3.3575228e-02
1.349056379e+00  3.2844357e-02
1.349730907e+00  3.2035357e-02
1.350405772e+00  3.1178112e-02
1.351080975e+00  3.0322340e-02
1.351756516e+00  2.9520616e-02
1.352432394e+00  2.8811836e-02
1.353108610e+00  2.8209801e-02
1.353785165e+00  2.7702517e-02
1.354462057e+00  2.7261273e-02
1.355139288e+00  2.6856964e-02
1.355816858e+00  2.6476578e-02
1.356494766e+00  2.6134553e-02
1.357173014e+00  2.5874415e-02
1.357851600e+00  2.5761181e-02
1.358530526e+00  2.5867074e-02
1.359209791e+00  2.6254856e-02
1.359889396e+00  2.6962728e-02
1.360569341e+00  2.7993121e-02
1.361249626e+00  2.9308006e-02
1.361930250e+00  3.0830785e-02
1.362611215e+00  3.2454384e-02
1.363292521e+00  3.4053664e-02
1.363974167e+00  3.5499750e-02
1.364656154e+00  3.6673338e-02
1.365338482e+00  3.7476062e-02
1.366021152e+00  3.7839401e-02
1.366704162e+00  3.7732393e-02
1.367387514e+00  3.7167580e-02
1.368071208e+00  3.6203901e-02
1.368755244e+00  3.4943632e-02
1.369439621e+00  3.3520801e-02
1.370124341e+00  3.2081889e-02
1.370809403e+00  3.0763011e-02
1.371494808e+00  2.9670179e-02
1.372180555e+00  2.8869282e-02
1.372866646e+00  2.8388174e-02
1.373553079e+00  2.8228713e-02
1.374239856e+00  2.8381931e-02
1.374926976e+00  2.8837769e-02
1.375614439e+00  2.9585945e-02
1.376302246e+00  3.0607820e-02
1.376990397e+00  3.1864716e-02
1.377678893e+00  3.3291620e-02
1.378367732e+00  3.4801139e-02
1.379056916e+00  3.6299156e-02
1.379746444e+00  3.7708731e-02
1.380436318e+00  3.8992522e-02
1.381126536e+00  4.0167011e-02
1.381817099e+00  4.1301414e-02
1.382508008e+00  4.2500982e-02
1.383199262e+00  4.3877281e-02
1.383890861e+00  4.5512969e-02
1.384582807e+00  4.7429722e-02
1.385275098e+00  4.9569164e-02
1.385967736e+00  5.1792676e-02
1.386660719e+00  5.3902878e-02
1.387354050e+00  5.5681411e-02
1.388047727e+00  5.6934052e-02
1.388741751e+00  5.7529713e-02
1.389436122e+00  5.7422487e-02
1.390130840e+00  5.6651868e-02
1.390825905e+00  5.5324111e-02
1.391521318e+00  5.3583023e-02
1.392217079e+00  5.1581358e-02
1.392913187e+00  4.9460467e-02
1.393609644e+00  4.7340953e-02
1.394306449e+00  4.5322182e-02
1.395003602e+00  4.3485054e-02
1.395701104e+00  4.1892951e-02
1.396398954e+00  4.0587593e-02
1.397097154e+00  3.9581119e-02
1.397795702e+00  3.8847457e-02
1.398494600e+00  3.8317686e-02
1.399193847e+00  3.7883775e-02
1.399893444e+00  3.7411832e-02
1.400593391e+00  3.6762758e-02
1.401293688e+00  3.5816422e-02
1.401994335e+00  3.4493827e-02
1.402695332e+00  3.2772922e-02
1.403396679e+00  3.0695655e-02
1.404098378e+00  2.8364042e-02
1.404800427e+00  2.5926785e-02
1.405502827e+00  2.3557646e-02
1.406205579e+00  2.1428241e-02
1.406908681e+00  1.9680924e-02
1.407612136e+00  1.8407045e-02
1.408315942e+00  1.7634976e-02
1.409020100e+00  1.7332179e-02
1.409724610e+00  1.7418087e-02
1.410429472e+00  1.7783914e-02
1.411134687e+00  1.8312311e-02
1.411840254e+00  1.8892079e-02
1.412546174e+00  1.9426130e-02
1.413252447e+00  1.9834803e-02
1.413959074e+00  2.0057874e-02
1.414666053e+00  2.0058311e-02
1.415373386e+00  1.9827153e-02
1.416081073e+00  1.9386335e-02
1.416789113e+00  1.8786385e-02
1.417497508e+00  1.8096243e-02
1.418206257e+00  1.7388074e-02
1.418915360e+00  1.6721783e-02
1.419624817e+00  1.6135530e-02
1.420334630e+00  1.5645822e-02
1.421044797e+00  1.5256769e-02
1.421755320e+00  1.4974601e-02
1.422466197e+00  1.4820533e-02
1.423177430e+00  1.4835954e-02
1.423889019e+00  1.5075994e-02
1.424600964e+00  1.5591996e-02
1.425313264e+00  1.6406756e-02
1.426025921e+00  1.7490641e-02
1.426738934e+00  1.8748298e-02
1.427452303e+00  2.0023895e-02
1.428166029e+00  2.1127839e-02
1.428880112e+00  2.1880040e-02
1.429594552e+00  2.2157488e-02
1.430309350e+00  2.1929439e-02
1.431024504e+00  2.1267447e-02
1.431740017e+00  2.0326022e-02
1.432455887e+00  1.9300538e-02
1.433172115e+00  1.8377485e-02
1.433888701e+00  1.7693030e-02
1.434605645e+00  1.7311257e-02
1.435322948e+00  1.7225107e-02
1.436040609e+00  1.7374337e-02
1.436758630e+00  1.7670913e-02
1.437477009e+00  1.8023785e-02
1.438195747e+00  1.8354719e-02
1.438914845e+00  1.8607625e-02
1.439634303e+00  1.8750983e-02
1.440354120e+00  1.8779560e-02
1.441074297e+00  1.8718803e-02
1.441794834e+00  1.8631236e-02
1.442515731e+00  1.8621702e-02
1.443236989e+00  1.8835380e-02
1.443958608e+00  1.9444514e-02
1.444680587e+00  2.0622547e-02
1.445402927e+00  2.2511166e-02
1.446125629e+00  2.5186252e-02
1.446848692e+00  2.8633104e-02
1.447572116e+00  3.2734630e-02
1.448295902e+00  3.7276350e-02
1.449020050e+00  4.1967685e-02
1.449744560e+00  4.6478530e-02
1.450469432e+00  5.0486939e-02
1.451194667e+00  5.3730820e-02
1.451920264e+00  5.6052481e-02
1.452646224e+00  5.7422989e-02
1.453372548e+00  5.7936694e-02
1.454099234e+00  5.7774869e-02
1.454826283e+00  5.7149244e-02
1.455553697e+00  5.6244322e-02
1.456281473e+00  5.5179175e-02
1.457009614e+00  5.4001011e-02
1.457738119e+00  5.2709134e-02
1.458466988e+00  5.1295477e-02
1.459196222e+00  4.9780457e-02
1.459925820e+00  4.8228016e-02
1.460655783e+00  4.6733805e-02
1.461386110e+00  4.5395096e-02
1.462116804e+00  4.4278794e-02
1.462847862e+00  4.3405548e-02
1.463579286e+00  4.2757051e-02
1.464311076e+00  4.2305083e-02
1.465043231e+00  4.2045979e-02
1.465775753e+00  4.2024514e-02
1.466508641e+00  4.2332911e-02
1.467241895e+00  4.3082435e-02
1.467975516e+00  4.4358077e-02
1.468709504e+00  4.6172883e-02
1.469443858e+00  4.8444964e-02
1.470178580e+00  5.1006826e-02
1.470913670e+00  5.3647389e-02
1.471649126e+00  5.6170760e-02
1.472384951e+00  5.8450125e-02
1.473121143e+00  6.0454283e-02
1.473857704e+00  6.2238685e-02
1.474594633e+00  6.3908975e-02
1.475331930e+00  6.5575069e-02
1.476069596e+00  6.7317971e-02
1.476807631e+00  6.9181906e-02
1.477546035e+00  7.1189254e-02
1.478284808e+00  7.3364989e-02
1.479023950e+00  7.5753163e-02
1.479763462e+00  7.8412295e-02
1.480503344e+00  8.1388559e-02
1.481243596e+00  8.4677261e-02
1.481984217e+00  8.8188151e-02
1.482725209e+00  9.1731663e-02
1.483466572e+00  9.5036078e-02
1.484208305e+00  9.7796557e-02
1.484950409e+00  9.9743707e-02
1.485692885e+00  1.0071241e-01
1.486435731e+00  1.0068900e-01
1.487178949e+00  9.9820411e-02
1.487922538e+00  9.8383450e-02
1.488666500e+00  9.6726621e-02
1.489410833e+00  9.5203016e-02
1.490155538e+00  9.4116678e-02
1.490900616e+00  9.3690581e-02
1.491646066e+00  9.4056785e-02
1.492391890e+00  9.5261618e-02
1.493138085e+00  9.7277387e-02
1.493884655e+00  1.0001811e-01
1.494631597e+00  1.0336083e-01
1.495378913e+00  1.0717423e-01
1.496126602e+00  1.1134976e-01
1.496874665e+00  1.1582736e-01
1.497623103e+00  1.2060423e-01
1.498371914e+00  1.2572125e-01
1.499121100e+00  1.3122933e-01
1.499870661e+00  1.3715059e-01
1.500620596e+00  1.4344919e-01
1.501370906e+00  1.5002412e-01
1.502121592e+00  1.5672575e-01
1.502872653e+00  1.6338518e-01
1.503624089e+00  1.6984822e-01
1.504375901e+00  1.7600143e-01
1.505128089e+00  1.8178925e-01
1.505880653e+00  1.8722353e-01
1.506633593e+00  1.9238602e-01
1.507386910e+00  1.9741857e-01
1.508140604e+00  2.0249671e-01
1.508894674e+00  2.0778242e-01
1.509649121e+00  2.1336288e-01
1.510403946e+00  2.1919714e-01
1.511159148e+00  2.2509775e-01
1.511914727e+00  2.3076630e-01
1.512670685e+00  2.3588229e-01
1.513427020e+00  2.4022011e-01
1.514183734e+00  2.4375219e-01
1.514940825e+00  2.4669244e-01
1.515698296e+00  2.4946179e-01
1.516456145e+00  2.5258235e-01
1.517214373e+00  2.5653700e-01
1.517972980e+00  2.6164300e-01
1.518731967e+00  2.6797959e-01
1.519491333e+00  2.7538780e-01
1.520251078e+00  2.8353386e-01
1.521011204e+00  2.9200735e-01
1.521771710e+00  3.0041844e-01
1.522532595e+00  3.0846216e-01
1.523293862e+00  3.1593179e-01
1.524055509e+00  3.2269244e-01
1.524817536e+00  3.2863724e-01
1.525579945e+00  3.3366327e-01
1.526342735e+00  3.3769102e-01
1.527105906e+00  3.4072240e-01
1.527869459e+00  3.4290652e-01
1.528633394e+00  3.4456572e-01
1.529397711e+00  3.4615489e-01
1.530162410e+00  3.4815898e-01
1.530927491e+00  3.5097169e-01
1.531692955e+00  3.5481459e-01
1.532458801e+00  3.5972947e-01
1.533225031e+00  3.6564279e-01
1.533991643e+00  3.7245263e-01
1.534758639e+00  3.8008392e-01
1.535526018e+00  3.8847995e-01
1.536293781e+00  3.9754464e-01
1.537061928e+00  4.0708244e-01
1.537830459e+00  4.1679039e-01
1.538599374e+00  4.2632192e-01
1.539368674e+00  4.3539536e-01
1.540138358e+00  4.4388858e-01
1.540908428e+00  4.5186313e-01
1.541678882e+00  4.5949598e-01
1.542449721e+00  4.6694865e-01
1.543220946e+00  4.7424101e-01
1.543992556e+00  4.8119720e-01
1.544764553e+00  4.8749572e-01
1.545536935e+00  4.9280461e-01
1.546309704e+00  4.9694039e-01
1.547082858e+00  4.9997297e-01
1.547856400e+00  5.0222274e-01
1.548630328e+00  5.0414524e-01
1.549404643e+00  5.0614701e-01
1.550179345e+00  5.0841239e-01
1.550954435e+00  5.1081907e-01
1.551729912e+00  5.1298836e-01
1.552505777e+00  5.1445586e-01
1.553282030e+00  5.1489873e-01
1.554058671e+00  5.1432605e-01
1.554835701e+00  5.1315327e-01
1.555613118e+00  5.1212463e-01
1.556390925e+00  5.1211524e-01
1.557169120e+00  5.1388596e-01
1.557947705e+00  5.1788605e-01
1.558726679e+00  5.2417029e-01
1.559506042e+00  5.3244402e-01
1.560285795e+00  5.4220175e-01
1.561065938e+00  5.5288876e-01
1.561846471e+00  5.6402123e-01
1.562627394e+00  5.7523005e-01
1.563408708e+00  5.8623452e-01
1.564190412e+00  5.9678502e-01
1.564972508e+00  6.0661686e-01
1.565754994e+00  6.1544802e-01
1.566537871e+00  6.2302023e-01
1.567321140e+00  6.2916150e-01
1.568104801e+00  6.3383380e-01
1.568888853e+00  6.3714233e-01
1.569673298e+00  6.3929686e-01
1.570458134e+00  6.4054300e-01
1.571243363e+00  6.4109522e-01
1.572028985e+00  6.4110224e-01
1.572815000e+00  6.4066138e-01
1.573601407e+00  6.3987130e-01
1.574388208e+00  6.3889428e-01
1.575175402e+00  6.3799036e-01
1.575962990e+00  6.3750071e-01
1.576750971e+00  6.3778129e-01
1.577539347e+00  6.3911411e-01
1.578328116e+00  6.4163343e-01
1.579117280e+00  6.4529248e-01
1.579906839e+00  6.4988191e-01
1.580696792e+00  6.5508157e-01
1.581487141e+00  6.6052319e-01
1.582277884e+00  6.6584047e-01
1.583069023e+00  6.7069926e-01
1.583860558e+00  6.7481275e-01
1.584652488e+00  6.7795499e-01
1.585444814e+00  6.7998358e-01
1.586237537e+00  6.8087095e-01
1.587030655e+00  6.8073280e-01
1.587824171e+00  6.7983836e-01
1.588618083e+00  6.7858657e-01
1.589412392e+00  6.7744634e-01
1.590207098e+00  6.7687076e-01
1.591002202e+00  6.7720997e-01
1.591797703e+00  6.7864834e-01
1.592593602e+00  6.8118220e-01
1.593389898e+00  6.8463893e-01
1.594186593e+00  6.8872533e-01
1.594983687e+00  6.9308299e-01
1.595781178e+00  6.9733660e-01
1.596579069e+00  7.0113125e-01
1.597377359e+00  7.0416447e-01
1.598176047e+00  7.0622184e-01
1.598975135e+00  7.0721469e-01
1.599774623e+00  7.0720893e-01
1.600574510e+00  7.0642755e-01
1.601374797e+00  7.0521346e-01
1.602175485e+00  7.0395687e-01
1.602976573e+00  7.0300686e-01
1.603778061e+00  7.0259560e-01
1.604579950e+00  7.0280087e-01
1.605382240e+00  7.0355413e-01
1.606184931e+00  7.0468829e-01
1.606988023e+00  7.0600167e-01
1.607791517e+00  7.0731754e-01
1.608595413e+00  7.0852223e-01
1.609399711e+00  7.0957726e-01
1.610204411e+00  7.1050879e-01
1.611009513e+00  7.1138304e-01
1.611815018e+00  7.1227877e-01
1.612620925e+00  7.1326211e-01
1.613427236e+00  7.1437265e-01
1.614233949e+00  7.1562043e-01
1.615041066e+00  7.1699325e-01
1.615848587e+00  7.1846881e-01
1.616656511e+00  7.2002420e-01
1.617464839e+00  7.2163750e-01
1.618273572e+00  7.2327977e-01
1.619082709e+00  7.2490141e-01
1.619892250e+00  7.2642056e-01
1.620702196e+00  7.2771820e-01
1.621512547e+00  7.2864630e-01
1.622323303e+00  7.2904561e-01
1.623134465e+00  7.2877180e-01
1.623946032e+00  7.2772465e-01
1.624758005e+00  7.2587758e-01
1.625570384e+00  7.2330204e-01
1.626383170e+00  7.2017927e-01
1.627196361e+00  7.1679100e-01
1.628009959e+00  7.1348446e-01
1.628823964e+00  7.1061393e-01
1.629638376e+00  7.0847298e-01
1.630453195e+00  7.0723783e-01
1.631268422e+00  7.0693721e-01
1.632084056e+00  7.0745783e-01
1.632900098e+00  7.0857856e-01
1.633716548e+00  7.1001644e-01
1.634533407e+00  7.1147076e-01
1.635350673e+00  7.1265560e-01
1.636168349e+00  7.1332320e-01
1.636986433e+00  7.1328155e-01
1.637804926e+00  7.1241200e-01
1.638623829e+00  7.1068452e-01
1.639443140e+00  7.0816231e-01
1.640262862e+00  7.0499325e-01
1.641082993e+00  7.0138647e-01
1.641903535e+00  6.9758185e-01
1.642724487e+00  6.9382237e-01
1.643545849e+00  6.9033284e-01
1.644367622e+00  6.8730619e-01
1.645189806e+00  6.8489176e-01
1.646012401e+00  6.8317920e-01
1.646835407e+00  6.8217877e-01
1.647658824e+00  6.8180517e-01
1.648482654e+00  6.8187229e-01
1.649306895e+00  6.8210880e-01
1.650131549e+00  6.8219420e-01
1.650956614e+00  6.8180858e-01
1.651782093e+00  6.8068473e-01
1.652607984e+00  6.7864853e-01
1.653434288e+00  6.7564018e-01
1.654261005e+00  6.7171454e-01
1.655088135e+00  6.6702523e-01
1.655915680e+00  6.6180200e-01
1.656743637e+00  6.5632797e-01
1.657572009e+00  6.5092161e-01
1.658400795e+00  6.4591811e-01
1.659229996e+00  6.4164581e-01
1.660059611e+00  6.3839065e-01
1.660889640e+00  6.3635031e-01
1.661720085e+00  6.3558713e-01
1.662550945e+00  6.3599679e-01
1.663382221e+00  6.3730595e-01
1.664213912e+00  6.3911010e-01
1.665046019e+00  6.4094582e-01
1.665878542e+00  6.4238263e-01
1.666711481e+00  6.4310975e-01
1.667544837e+00  6.4299695e-01
1.668378609e+00  6.4211171e-01
1.669212799e+00  6.4069148e-01
1.670047405e+00  6.3907988e-01
1.670882429e+00  6.3764856e-01
1.671717870e+00  6.3672260e-01
1.672553729e+00  6.3652770e-01
1.673390006e+00  6.3716470e-01
1.674226701e+00  6.3860584e-01
1.675063814e+00  6.4070850e-01
1.675901346e+00  6.4323634e-01
1.676739297e+00  6.4588981e-01
1.677577666e+00  6.4834354e-01
1.678416455e+00  6.5028880e-01
1.679255663e+00  6.5147498e-01
1.680095291e+00  6.5173925e-01
1.680935339e+00  6.5101687e-01
1.681775806e+00  6.4933365e-01
1.682616694e+00  6.4678822e-01
1.683458003e+00  6.4353277e-01
1.684299732e+00  6.3975830e-01
1.685141882e+00  6.3568169e-01
1.685984452e+00  6.3152788e-01
1.686827445e+00  6.2750293e-01
1.687670858e+00  6.2376194e-01
1.688514694e+00  6.2038203e-01
1.689358951e+00  6.1735326e-01
1.690203631e+00  6.1459345e-01
1.691048732e+00  6.1198544e-01
1.691894257e+00  6.0942351e-01
1.692740204e+00  6.0685794e-01
1.693586574e+00  6.0432178e-01
1.694433367e+00  6.0193332e-01
1.695280584e+00  5.9987128e-01
1.696128224e+00  5.9832798e-01
1.696976288e+00  5.9745054e-01
1.697824777e+00  5.9728579e-01
1.698673689e+00  5.9774518e-01
1.699523026e+00  5.9860418e-01
1.700372787e+00  5.9953870e-01
1.701222974e+00  6.0019297e-01
1.702073585e+00  6.0025441e-01
1.702924622e+00  5.9951341e-01
1.703776084e+00  5.9788674e-01
1.704627972e+00  5.9539776e-01
1.705480286e+00  5.9212555e-01
1.706333027e+00  5.8814546e-01
1.707186193e+00  5.8348644e-01
1.708039786e+00  5.7811676e-01
1.708893806e+00  5.7196237e-01
1.709748253e+00  5.6493809e-01
1.710603127e+00  5.5698160e-01
1.711458429e+00  5.4807300e-01
1.712314158e+00  5.3824329e-01
1.713170315e+00  5.2757091e-01
1.714026900e+00  5.1617415e-01
1.714883914e+00  5.0419801e-01
1.715741355e+00  4.9179411e-01
1.716599226e+00  4.7909462e-01
1.717457526e+00  4.6618970e-01
1.718316255e+00  4.5311737e-01
1.719175413e+00  4.3987661e-01
1.720035000e+00  4.2645920e-01
1.720895018e+00  4.1289000e-01
1.721755465e+00  3.9925568e-01
1.722616343e+00  3.8570906e-01
1.723477651e+00  3.7244841e-01
1.724339390e+00  3.5968067e-01
1.725201560e+00  3.4758754e-01
1.726064161e+00  3.3630385e-01
1.726927193e+00  3.2591550e-01
1.727790656e+00  3.1646925e-01
1.728654552e+00  3.0798722e-01
1.729518879e+00  3.0047717e-01
1.730383638e+00  2.9393492e-01
1.731248830e+00  2.8834028e-01
1.732114455e+00  2.8365029e-01
1.732980512e+00  2.7979360e-01
1.733847002e+00  2.7666421e-01
1.734713926e+00  2.7411597e-01
1.735581282e+00  2.7195693e-01
1.736449073e+00  2.6994526e-01
1.737317298e+00  2.6779152e-01
1.738185956e+00  2.6517380e-01
1.739055049e+00  2.6176738e-01
1.739924577e+00  2.5729235e-01
1.740794539e+00  2.5156962e-01
1.741664936e+00  2.4457430e-01
1.742535769e+00  2.3646998e-01
1.743407037e+00  2.2760668e-01
1.744278740e+00  2.1847347e-01
1.745150880e+00  2.0961339e-01
1.746023455e+00  2.0151730e-01
1.746896467e+00  1.9452953e-01
1.747769915e+00  1.8879051e-01
1.748643800e+00  1.8423614e-01
1.749518122e+00  1.8064995e-01
1.750392881e+00  1.7775082e-01
1.751268077e+00  1.7528305e-01
1.752143711e+00  1.7308001e-01
1.753019783e+00  1.7107917e-01
1.753896293e+00  1.6928895e-01
1.754773241e+00  1.6772416e-01
1.755650628e+00  1.6633931e-01
1.756528453e+00  1.6499011e-01
1.757406717e+00  1.6343988e-01
1.758285421e+00  1.6140717e-01
1.759164564e+00  1.5863370e-01
1.760044146e+00  1.5494629e-01
1.760924168e+00  1.5029087e-01
1.761804630e+00  1.4473553e-01
1.762685532e+00  1.3845124e-01
1.763566875e+00  1.3168280e-01
1.764448658e+00  1.2472020e-01
1.765330883e+00  1.1786779e-01
1.766213548e+00  1.1140903e-01
1.767096655e+00  1.0556579e-01
1.767980203e+00  1.0046284e-01
1.768864193e+00  9.6113020e-02
1.769748626e+00  9.2434573e-02
1.770633500e+00  8.9297435e-02
1.771518817e+00  8.6580099e-02
1.772404576e+00  8.4212022e-02
1.773290778e+00  8.2181314e-02
1.774177424e+00  8.0503876e-02
1.775064512e+00  7.9172911e-02
1.775952045e+00  7.8113677e-02
1.776840021e+00  7.7171055e-02
1.777728441e+00  7.6139063e-02
1.778617305e+00  7.4821930e-02
1.779506614e+00  7.3105131e-02
1.780396367e+00  7.1002920e-02
1.781286565e+00  6.8663884e-02
1.782177208e+00  6.6326625e-02
1.783068297e+00  6.4239951e-02
1.783959831e+00  6.2577314e-02
1.784851811e+00  6.1375767e-02
1.785744237e+00  6.0524618e-02
1.786637109e+00  5.9809193e-02
1.787530428e+00  5.8992576e-02
1.788424193e+00  5.7903118e-02
1.789318405e+00  5.6493757e-02
1.790213064e+00  5.4850407e-02
1.791108171e+00  5.3147149e-02
1.792003725e+00  5.1570633e-02
1.792899727e+00  5.0242470e-02
1.793796176e+00  4.9172445e-02
1.794693075e+00  4.8257087e-02
1.795590421e+00  4.7321338e-02
1.796488216e+00  4.6183727e-02
1.797386460e+00  4.4717772e-02
1.798285154e+00  4.2887359e-02
1.799184296e+00  4.0745989e-02
1.800083888e+00  3.8408505e-02
1.800983930e+00  3.6011721e-02
1.801884422e+00  3.3685233e-02
1.802785364e+00  3.1540954e-02
1.803686757e+00  2.9679660e-02
1.804588601e+00  2.8200762e-02
1.805490895e+00  2.7201153e-02
1.806393640e+00  2.6756610e-02
1.807296837e+00  2.6889478e-02
1.808200486e+00  2.7536933e-02
1.809104586e+00  2.8535987e-02
1.810009138e+00  2.9637155e-02
1.810914143e+00  3.0547801e-02
1.811819600e+00  3.0996793e-02
1.812725509e+00  3.0801464e-02
1.813631872e+00  2.9917242e-02
1.814538688e+00  2.8453386e-02
1.815445958e+00  2.6648369e-02
1.816353681e+00  2.4811259e-02
1.817261857e+00  2.3245970e-02
1.818170488e+00  2.2179825e-02
1.819079574e+00  2.1717442e-02
1.819989113e+00  2.1830148e-02
1.820899108e+00  2.2380767e-02
1.821809557e+00  2.3171893e-02
1.822720462e+00  2.3999893e-02
1.823631822e+00  2.4697122e-02
1.824543638e+00  2.5152822e-02
1.825455910e+00  2.5312595e-02
1.826368638e+00  2.5164605e-02
1.827281822e+00  2.4723984e-02
1.828195463e+00  2.4023208e-02
1.829109561e+00  2.3109838e-02
1.830024116e+00  2.2047688e-02
1.830939128e+00  2.0915221e-02
1.831854597e+00  1.9797525e-02
1.832770525e+00  1.8772441e-02
1.833686910e+00  1.7894995e-02
1.834603753e+00  1.7186201e-02
1.835521055e+00  1.6629788e-02
1.836438816e+00  1.6178049e-02
1.837357035e+00  1.5766058e-02
1.838275714e+00  1.5329687e-02
1.839194852e+00  1.4823165e-02
1.840114449e+00  1.4231599e-02
1.841034506e+00  1.3575250e-02
1.841955024e+00  1.2904808e-02
1.842876001e+00  1.2288802e-02
1.843797439e+00  1.1796931e-02
1.844719338e+00  1.1483425e-02
1.845641697e+00  1.1374069e-02
1.846564518e+00  1.1459258e-02
1.847487801e+00  1.1693829e-02
1.848411544e+00  1.2003365e-02
1.849335750e+00  1.2295060e-02
1.850260418e+00  1.2472414e-02
1.851185548e+00  1.2450919e-02
1.852111141e+00  1.2173238e-02
1.853037197e+00  1.1620802e-02
1.853963715e+00  1.0819522e-02
1.854890697e+00  9.8373548e-03
1.855818142e+00  8.7734402e-03
1.856746052e+00  7.7404966e-03
1.857674425e+00  6.8445331e-03
1.858603262e+00  6.1666550e-03
1.859532563e+00  5.7514085e-03
1.860462330e+00  5.6035310e-03
1.861392561e+00  5.6929869e-03
1.862323257e+00  5.9658138e-03
1.863254419e+00  6.3570194e-03
1.864186046e+00  6.8026863e-03
1.865118139e+00  7.2489056e-03
1.866050698e+00  7.6565738e-03
1.866983723e+00  8.0020986e-03
1.867917215e+00  8.2757788e-03
1.868851174e+00  8.4790195e-03
1.869785599e+00  8.6229871e-03
1.870720492e+00  8.7289877e-03
1.871655853e+00  8.8301126e-03
1.872591680e+00  8.9724352e-03
1.873527976e+00  9.2126873e-03
1.874464740e+00  9.6108987e-03
1.875401973e+00  1.0217883e-02
1.876339674e+00  1.1060664e-02
1.877277843e+00  1.2130345e-02
1.878216482e+00  1.3376985e-02
1.879155591e+00  1.4714510e-02
1.880095168e+00  1.6035063e-02
1.881035216e+00  1.7229416e-02
1.881975734e+00  1.8208413e-02
1.882916722e+00  1.8919875e-02
1.883858180e+00  1.9358367e-02
1.884800109e+00  1.9566359e-02
1.885742509e+00  1.9627453e-02
1.886685380e+00  1.9653389e-02
1.887628723e+00  1.9765900e-02
1.888572537e+00  2.0075869e-02
1.889516824e+00  2.0662782e-02
1.890461582e+00  2.1559316e-02
1.891406813e+00  2.2745171e-02
1.892352516e+00  2.4153097e-02
1.893298692e+00  2.5686409e-02
1.894245342e+00  2.7244051e-02
1.895192464e+00  2.8746101e-02
1.896140061e+00  3.0153618e-02
1.897088131e+00  3.1479679e-02
1.898036675e+00  3.2788661e-02
1.898985693e+00  3.4185280e-02
1.899935186e+00  3.5793570e-02
1.900885154e+00  3.7727518e-02
1.901835596e+00  4.0057272e-02
1.902786514e+00  4.2778889e-02
1.903737907e+00  4.5798614e-02
1.904689776e+00  4.8941485e-02
1.905642121e+00  5.1985954e-02
1.906594942e+00  5.4716684e-02
1.907548240e+00  5.6976667e-02
1.908502014e+00  5.8697744e-02
1.909456265e+00  5.9898603e-02
1.910410993e+00  6.0650842e-02
1.911366198e+00  6.1031211e-02
1.912321881e+00  6.1082009e-02
1.913278042e+00  6.0797596e-02
1.914234681e+00  6.0140942e-02
1.915191799e+00  5.9079994e-02
1.916149395e+00  5.7624756e-02
1.917107469e+00  5.5847615e-02
1.918066023e+00  5.3877406e-02
1.919025056e+00  5.1869848e-02
1.919984569e+00  4.9965311e-02
1.920944561e+00  4.8248778e-02
1.921905033e+00  4.6725272e-02
1.922865986e+00  4.5317037e-02
1.923827419e+00  4.3883429e-02
1.924789332e+00  4.2257259e-02
1.925751727e+00  4.0287659e-02
1.926714603e+00  3.7878673e-02
1.927677960e+00  3.5013652e-02
1.928641799e+00  3.1760018e-02
1.929606120e+00  2.8254271e-02
1.930570923e+00  2.4673376e-02
1.931536209e+00  2.1201114e-02
1.932501977e+00  1.7999256e-02
1.933468228e+00  1.5189300e-02
1.934434962e+00  1.2847343e-02
1.935402179e+00  1.1008801e-02
1.936369880e+00  9.6774450e-03
1.937338065e+00  8.8351162e-03
1.938306734e+00  8.4478696e-03
1.939275888e+00  8.4689667e-03
1.940245526e+00  8.8400435e-03
1.941215648e+00  9.4919373e-03
1.942186256e+00  1.0345825e-02
1.943157349e+00  1.1314989e-02
1.944128928e+00  1.2306789e-02
1.945100993e+00  1.3226048e-02
1.946073543e+00  1.3979737e-02
1.947046580e+00  1.4485586e-02
1.948020103e+00  1.4683739e-02
1.948994113e+00  1.4548495e-02
1.949968610e+00  1.4097292e-02
1.950943595e+00  1.3391181e-02
1.951919066e+00  1.2525554e-02
1.952895026e+00  1.1612240e-02
1.953871473e+00  1.0758157e-02
1.954848409e+00  1.0046611e-02
1.955825833e+00  9.5262453e-03
1.956803746e+00  9.2093704e-03
1.957782148e+00  9.0782513e-03
1.958761039e+00  9.0958389e-03
1.959740420e+00  9.2178400e-03
1.960720290e+00  9.4034248e-03
1.961700650e+00  9.6230995e-03
1.962681500e+00  9.8623947e-03
1.963662841e+00  1.0120262e-02
1.964644673e+00  1.0401997e-02
1.965626995e+00  1.0708500e-02
1.966609808e+00  1.1025566e-02
1.967593113e+00  1.1318141e-02
1.968576910e+00  1.1533114e-02
1.969561198e+00  1.1610905e-02
1.970545979e+00  1.1502114e-02
1.971531252e+00  1.1183295e-02
1.972517017e+00  1.0665971e-02
1.973503276e+00  9.9960426e-03
1.974490028e+00  9.2446697e-03
1.975477273e+00  8.4942997e-03
1.976465011e+00  7.8246105e-03
1.977453244e+00  7.3014928e-03
1.978441970e+00  6.9695381e-03
1.979431191e+00  6.8482713e-03
1.980420907e+00  6.9306409e-03
1.981411117e+00  7.1847476e-03
1.982401823e+00  7.5595459e-03
1.983393024e+00  7.9951458e-03
1.984384720e+00  8.4367811e-03
1.985376913e+00  8.8487996e-03
1.986369601e+00  9.2246810e-03
1.987362786e+00  9.5886219e-03
1.988356467e+00  9.9883637e-03
1.989350646e+00  1.0480407e-02
1.990345321e+00  1.1112553e-02
1.991340494e+00  1.1908702e-02
1.992336164e+00  1.2860290e-02
1.993332332e+00  1.3926020e-02
1.994328998e+00  1.5039887e-02
1.995326163e+00  1.6125539e-02
1.996323826e+00  1.7112917e-02
1.997321988e+00  1.7953542e-02
1.998320649e+00  1.8630473e-02
1.999319809e+00  1.9160793e-02
2.000319469e+00  1.9590293e-02
2.001319629e+00  1.9983050e-02
2.002320288e+00  2.0410433e-02
2.003321449e+00  2.0941690e-02
2.004323109e+00  2.1638109e-02
2.005325271e+00  2.2549072e-02
2.006327933e+00  2.3707281e-02
2.007331097e+00  2.5122667e-02
2.008334763e+00  2.6777729e-02
2.009338930e+00  2.8628893e-02
2.010343600e+00  3.0618975e-02
2.011348772e+00  3.2698829e-02
2.012354446e+00  3.4851626e-02
2.013360623e+00  3.7105473e-02
2.014367304e+00  3.9524017e-02
2.015374487e+00  4.2173685e-02
2.016382174e+00  4.5077150e-02
2.017390366e+00  4.8176976e-02
2.018399061e+00  5.1328328e-02
2.019408260e+00  5.4332582e-02
2.020417964e+00  5.7003598e-02
2.021428173e+00  5.9242943e-02
2.022438887e+00  6.1092692e-02
2.023450107e+00  6.2743508e-02
2.024461832e+00  6.4491725e-02
2.025474063e+00  6.6660381e-02
2.026486800e+00  6.9512849e-02
2.027500043e+00  7.3187066e-02
2.028513793e+00  7.7669794e-02
2.029528050e+00  8.2810322e-02
2.030542814e+00  8.8364985e-02
2.031558086e+00  9.4055284e-02
2.032573865e+00  9.9626185e-02
2.033590152e+00  1.0489829e-01
2.034606947e+00  1.0980989e-01
2.035624250e+00  1.1444467e-01
2.036642062e+00  1.1903398e-01
2.037660383e+00  1.2392392e-01
2.038679214e+00  1.2950299e-01
2.039698553e+00  1.3610033e-01
2.040718402e+00  1.4387943e-01
2.041738762e+00  1.5276375e-01
2.042759631e+00  1.6242403e-01
2.043781011e+00  1.7233928e-01
2.044802901e+00  1.8192054e-01
2.045825303e+00  1.9065828e-01
2.046848215e+00  1.9824540e-01
2.047871640e+00  2.0463507e-01
2.048895575e+00  2.1001493e-01
2.049920023e+00  2.1471070e-01
2.050944983e+00  2.1905853e-01
2.051970456e+00  2.2329277e-01
2.052996441e+00  2.2748908e-01
2.054022939e+00  2.3157670e-01
2.055049951e+00  2.3540621e-01
2.056077476e+00  2.3883863e-01
2.057105514e+00  2.4181639e-01
2.058134067e+00  2.4438917e-01
2.059163134e+00  2.4668582e-01
2.060192716e+00  2.4885250e-01
2.061222812e+00  2.5098534e-01
2.062253423e+00  2.5309042e-01
2.063284550e+00  2.5508640e-01
2.064316192e+00  2.5684708e-01
2.065348350e+00  2.5826116e-01
2.066381025e+00  2.5928209e-01
2.067414215e+00  2.5994738e-01
2.068447922e+00  2.6036245e-01
2.069482146e+00  2.6066097e-01
2.070516887e+00  2.6096111e-01
2.071552146e+00  2.6133558e-01
2.072587922e+00  2.6180279e-01
2.073624216e+00  2.6233595e-01
2.074661028e+00  2.6288136e-01
2.075698358e+00  2.6337595e-01
2.076736208e+00  2.6376001e-01
2.077774576e+00  2.6398633e-01
2.078813463e+00  2.6402990e-01
2.079852870e+00  2.6389884e-01
2.080892796e+00  2.6364374e-01
2.081933243e+00  2.6336035e-01
2.082974209e+00  2.6318045e-01
2.084015696e+00  2.6324917e-01
2.085057704e+00  2.6369487e-01
2.086100233e+00  2.6460152e-01
2.087143283e+00  2.6599118e-01
2.088186855e+00  2.6782302e-01
2.089230948e+00  2.7000502e-01
2.090275564e+00  2.7241174e-01
2.091320701e+00  2.7489868e-01
2.092366362e+00  2.7731006e-01
2.093412545e+00  2.7948148e-01
2.094459251e+00  2.8124608e-01
2.095506481e+00  2.8244961e-01
2.096554234e+00  2.8297718e-01
2.097602511e+00  2.8278549e-01
2.098651312e+00  2.8192757e-01
2.099700638e+00  2.8055845e-01
2.100750488e+00  2.7891580e-01
2.101800864e+00  2.7727887e-01
2.102851764e+00  2.7591700e-01
2.103903190e+00  2.7504042e-01
2.104955142e+00  2.7476431e-01
2.106007619e+00  2.7509215e-01
2.107060623e+00  2.7591785e-01
2.108114153e+00  2.7704758e-01
2.109168210e+00  2.7823674e-01
2.110222794e+00  2.7923824e-01
2.111277906e+00  2.7985336e-01
2.112333545e+00  2.7997344e-01
2.113389712e+00  2.7960017e-01
2.114446406e+00  2.7883855e-01
2.115503630e+00  2.7786109e-01
2.116561381e+00  2.7685632e-01
2.117619662e+00  2.7597672e-01
2.118678472e+00  2.7530289e-01
2.119737811e+00  2.7483619e-01
2.120797680e+00  2.7451984e-01
2.121858079e+00  2.7428032e-01
2.122919008e+00  2.7407258e-01
2.123980467e+00  2.7391097e-01
2.125042458e+00  2.7387321e-01
2.126104979e+00  2.7407427e-01
2.127168031e+00  2.7461916e-01
2.128231615e+00  2.7555295e-01
2.129295731e+00  2.7682757e-01
2.130360379e+00  2.7830066e-01
2.131425559e+00  2.7976809e-01
2.132491272e+00  2.8102073e-01
2.133557518e+00  2.8190409e-01
2.134624296e+00  2.8236125e-01
2.135691609e+00  2.8244407e-01
2.136759454e+00  2.8229053e-01
2.137827834e+00  2.8207517e-01
2.138896748e+00  2.8195060e-01
2.139966196e+00  2.8199582e-01
2.141036180e+00  2.8218889e-01
2.142106698e+00  2.8240894e-01
2.143177751e+00  2.8246835e-01
2.144249340e+00  2.8216455e-01
2.145321465e+00  2.8133724e-01
2.146394125e+00  2.7991513e-01
2.147467322e+00  2.7794049e-01
2.148541056e+00  2.7556397e-01
2.149615327e+00  2.7301253e-01
2.150690134e+00  2.7053971e-01
2.151765479e+00  2.6837090e-01
2.152841362e+00  2.6666029e-01
2.153917783e+00  2.6546905e-01
2.154994742e+00  2.6476866e-01
2.156072239e+00  2.6446637e-01
2.157150275e+00  2.6444078e-01
2.158228850e+00  2.6457650e-01
2.159307965e+00  2.6478778e-01
2.160387619e+00  2.6502554e-01
2.161467812e+00  2.6526879e-01
2.162548546e+00  2.6550499e-01
2.163629821e+00  2.6570682e-01
2.164711636e+00  2.6581429e-01
2.165793991e+00  2.6572876e-01
2.166876888e+00  2.6532382e-01
2.167960327e+00  2.6447254e-01
2.169044307e+00  2.6308517e-01
2.170128829e+00  2.6114740e-01
2.171213893e+00  2.5874632e-01
2.172299500e+00  2.5607296e-01
2.173385650e+00  2.5339571e-01
2.174472343e+00  2.5100675e-01
2.175559579e+00  2.4915492e-01
2.176647359e+00  2.4798476e-01
2.177735683e+00  2.4750412e-01
2.178824551e+00  2.4759373e-01
2.179913963e+00  2.4805629e-01
2.181003920e+00  2.4868689e-01
2.182094422e+00  2.4933665e-01
2.183185469e+00  2.4994287e-01
2.184277062e+00  2.5051736e-01
2.185369200e+00  2.5110038e-01
2.186461885e+00  2.5170630e-01
2.187555116e+00  2.5228599e-01
2.188648893e+00  2.5272369e-01
2.189743218e+00  2.5286589e-01
2.190838089e+00  2.5256815e-01
2.191933508e+00  2.5173823e-01
2.193029475e+00  2.5035973e-01
2.194125990e+00  2.4849127e-01
2.195223053e+00  2.4624703e-01
2.196320664e+00  2.4377118e-01
2.197418825e+00  2.4121553e-01
2.198517534e+00  2.3872546e-01
2.199616793e+00  2.3643206e-01
2.200716601e+00  2.3444480e-01
2.201816960e+00  2.3284208e-01
2.202917868e+00  2.3165838e-01
2.204019327e+00  2.3087228e-01
2.205121337e+00  2.3039882e-01
2.206223897e+00  2.3008937e-01
2.207327009e+00  2.2974127e-01
2.208430673e+00  2.2911631e-01
2.209534888e+00  2.2797018e-01
2.210639656e+00  2.2609182e-01
2.211744975e+00  2.2334872e-01
2.212850848e+00  2.1972931e-01
2.213957273e+00  2.1536790e-01
2.215064252e+00  2.1053966e-01
2.216171784e+00  2.0561970e-01
2.217279870e+00  2.0101240e-01
2.218388510e+00  1.9707066e-01
2.219497704e+00  1.9402869e-01
2.220607453e+00  1.9196763e-01
2.221717757e+00  1.9082108e-01
2.222828616e+00  1.9041226e-01
2.223940030e+00  1.9050615e-01
2.225052000e+00  1.9085751e-01
2.226164526e+00  1.9124495e-01
2.227277608e+00  1.9148944e-01
2.228391247e+00  1.9146269e-01
2.229505443e+00  1.9109081e-01
2.230620195e+00  1.9035621e-01
2.231735505e+00  1.8929565e-01
2.232851373e+00  1.8799175e-01
2.233967799e+00  1.8655845e-01
2.235084783e+00  1.8512353e-01
2.236202325e+00  1.8381106e-01
2.237320426e+00  1.8272718e-01
2.238439087e+00  1.8194785e-01
2.239558306e+00  1.8150721e-01
2.240678085e+00  1.8138673e-01
2.241798424e+00  1.8150916e-01
2.242919324e+00  1.8174308e-01
2.244040783e+00  1.8192259e-01
2.245162804e+00  1.8188126e-01
2.246285385e+00  1.8149238e-01
2.247408528e+00  1.8070362e-01
2.248532232e+00  1.7955308e-01
2.249656498e+00  1.7815902e-01
2.250781326e+00  1.7668284e-01
2.251906717e+00  1.7527528e-01
2.253032670e+00  1.7402152e-01
2.254159187e+00  1.7290449e-01
2.255286266e+00  1.7180126e-01
2.256413909e+00  1.7051650e-01
2.257542116e+00  1.6884491e-01
2.258670887e+00  1.6664208e-01
2.259800223e+00  1.6388100e-01
2.260930123e+00  1.6067530e-01
2.262060588e+00  1.5726146e-01
2.263191618e+00  1.5394921e-01
2.264323214e+00  1.5105409e-01
2.265455376e+00  1.4883254e-01
2.266588103e+00  1.4743273e-01
2.267721397e+00  1.4686961e-01
2.268855258e+00  1.4702508e-01
2.269989686e+00  1.4767237e-01
2.271124681e+00  1.4852187e-01
2.272260243e+00  1.4928002e-01
2.273396373e+00  1.4971060e-01
2.274533071e+00  1.4968177e-01
2.275670338e+00  1.4918285e-01
2.276808173e+00  1.4830234e-01
2.277946577e+00  1.4717045e-01
2.279085550e+00  1.4588267e-01
2.280225093e+00  1.4442793e-01
2.281365206e+00  1.4264611e-01
2.282505888e+00  1.4023066e-01
2.283647141e+00  1.3677924e-01
2.284788965e+00  1.3188266e-01
2.285931359e+00  1.2523142e-01
2.287074325e+00  1.1671354e-01
2.288217862e+00  1.0647813e-01
2.289361971e+00  9.4946393e-02
2.290506652e+00  8.2763362e-02
2.291651905e+00  7.0700509e-02
2.292797731e+00  5.9531439e-02
2.293944130e+00  4.9911269e-02
2.295091102e+00  4.2287378e-02
2.296238648e+00  3.6858626e-02
2.297386767e+00  3.3586122e-02
2.298535461e+00  3.2243250e-02
2.299684728e+00  3.2486331e-02
2.300834571e+00  3.3926057e-02
2.301984988e+00  3.6183763e-02
2.303135980e+00  3.8927477e-02
2.304287548e+00  4.1886960e-02
2.305439692e+00  4.4854437e-02
2.306592412e+00  4.7677051e-02
2.307745708e+00  5.0246803e-02
2.308899581e+00  5.2491099e-02
2.310054031e+00  5.4361614e-02
2.311209058e+00  5.5821399e-02
2.312364662e+00  5.6829436e-02
2.313520845e+00  5.7327085e-02
2.314677605e+00  5.7232385e-02
2.315834944e+00  5.6450528e-02
2.316992861e+00  5.4901714e-02
2.318151358e+00  5.2561206e-02
2.319310434e+00  4.9498151e-02
2.320470089e+00  4.5896404e-02
2.321630324e+00  4.2045713e-02
2.322791139e+00  3.8301415e-02
2.323952535e+00  3.5022939e-02
2.325114511e+00  3.2509538e-02
2.326277068e+00  3.0951645e-02
2.327440207e+00  3.0410184e-02
2.328603927e+00  3.0825217e-02
2.329768229e+00  3.2046711e-02
2.330933113e+00  3.3874908e-02
2.332098579e+00  3.6098967e-02
2.333264629e+00  3.8525617e-02
2.334431261e+00  4.0996046e-02
2.335598477e+00  4.3391388e-02
2.336766276e+00  4.5630986e-02
2.337934659e+00  4.7665798e-02
2.339103626e+00  4.9470491e-02
2.340273178e+00  5.1035657e-02
2.341443315e+00  5.2362086e-02
2.342614036e+00  5.3458214e-02
2.343785343e+00  5.4340433e-02
2.344957236e+00  5.5034490e-02
2.346129715e+00  5.5574880e-02
2.347302779e+00  5.5998807e-02
2.348476431e+00  5.6334374e-02
2.349650669e+00  5.6585608e-02
2.350825494e+00  5.6721062e-02
2.352000907e+00  5.6672645e-02
2.353176908e+00  5.6348311e-02
2.354353496e+00  5.5656402e-02
2.355530673e+00  5.4533710e-02
2.356708438e+00  5.2967700e-02
2.357886792e+00  5.1005219e-02
2.359065736e+00  4.8746000e-02
2.360245269e+00  4.6324416e-02
2.361425391e+00  4.3886781e-02
2.362606104e+00  4.1571222e-02
2.363787407e+00  3.9493813e-02
2.364969301e+00  3.7741771e-02
2.366151785e+00  3.6371303e-02
2.367334861e+00  3.5407133e-02
2.368518529e+00  3.4842001e-02
2.369702788e+00  3.4635960e-02
2.370887639e+00  3.4717513e-02
2.372073083e+00  3.4988448e-02
2.373259120e+00  3.5333440e-02
2.374445749e+00  3.5634252e-02
2.375632972e+00  3.5786192e-02
2.376820789e+00  3.5714047e-02
2.378009199e+00  3.5384134e-02
2.379198204e+00  3.4810565e-02
2.380387803e+00  3.4054050e-02
2.381577997e+00  3.3213077e-02
2.382768786e+00  3.2408349e-02
2.383960170e+00  3.1762971e-02
2.385152150e+00  3.1381573e-02
2.386344726e+00  3.1333426e-02
2.387537899e+00  3.1641906e-02
2.388731668e+00  3.2282620e-02
2.389926033e+00  3.3188428e-02
2.391120996e+00  3.4259438e-02
2.392316557e+00  3.5375489e-02
2.393512715e+00  3.6410152e-02
2.394709471e+00  3.7245490e-02
2.395906826e+00  3.7787117e-02
2.397104780e+00  3.7977080e-02
2.398303332e+00  3.7801799e-02
2.399502484e+00  3.7291605e-02
2.400702235e+00  3.6511825e-02
2.401902586e+00  3.5547553e-02
2.403103537e+00  3.4487026e-02
2.404305089e+00  3.3408172e-02
2.405507242e+00  3.2370967e-02
2.406709995e+00  3.1415425e-02
2.407913350e+00  3.0562500e-02
2.409117307e+00  2.9816115e-02
2.410321866e+00  2.9164202e-02
2.411527027e+00  2.8580154e-02
2.412732790e+00  2.8025942e-02
2.413939156e+00  2.7458378e-02
2.415146126e+00  2.6838272e-02
2.416353699e+00  2.6140044e-02
2.417561876e+00  2.5358422e-02
2.418770657e+00  2.4508940e-02
2.419980042e+00  2.3621105e-02
2.421190032e+00  2.2726346e-02
2.422400627e+00  2.1845007e-02
2.423611828e+00  2.0977447e-02
2.424823633e+00  2.0103037e-02
2.426036045e+00  1.9187887e-02
2.427249063e+00  1.8198506e-02
2.428462688e+00  1.7116012e-02
2.429676919e+00  1.5945441e-02
2.430891758e+00  1.4716633e-02
2.432107204e+00  1.3476063e-02
2.433323257e+00  1.2273665e-02
2.434539919e+00  1.1149647e-02
2.435757189e+00  1.0126491e-02
2.436975067e+00  9.2088272e-03
2.438193555e+00  8.3897777e-03
2.439412652e+00  7.6600889e-03
2.440632358e+00  7.0154743e-03
2.441852674e+00  6.4591125e-03
2.443073600e+00  5.9991337e-03
2.444295137e+00  5.6432665e-03
2.445517285e+00  5.3937144e-03
2.446740043e+00  5.2441328e-03
2.447963413e+00  5.1795171e-03
2.449187395e+00  5.1781979e-03
2.450411989e+00  5.2145736e-03
2.451637195e+00  5.2618231e-03
2.452863013e+00  5.2942168e-03
2.454089445e+00  5.2893465e-03
2.455316490e+00  5.2297303e-03
2.456544148e+00  5.1038928e-03
2.457772420e+00  4.9065151e-03
2.459001306e+00  4.6376199e-03
2.460230807e+00  4.3017447e-03
2.461460922e+00  3.9074782e-03
2.462691653e+00  3.4676196e-03
2.463922999e+00  2.9995369e-03
2.465154960e+00  2.5247509e-03
2.466387538e+00  2.0672750e-03
2.467620731e+00  1.6507044e-03
2.468854542e+00  1.2948964e-03
2.470088969e+00  1.0133707e-03
2.471324013e+00  8.1218344e-04
2.472559675e+00  6.9037816e-04
2.473795955e+00  6.4148503e-04
2.475032853e+00  6.5515481e-04
2.476270370e+00  7.1828888e-04
2.477508505e+00  8.1553401e-04
2.478747259e+00  9.2958608e-04
2.479986633e+00  1.0419135e-03
2.481226626e+00  1.1344286e-03
2.482467239e+00  1.1920034e-03
2.483708473e+00  1.2051231e-03
2.484950327e+00  1.1717141e-03
2.486192802e+00  1.0972395e-03
2.487435899e+00  9.9290420e-04
2.488679617e+00  8.7252443e-04
2.489923957e+00  7.4921046e-04
2.491168919e+00  6.3284956e-04
2.492414503e+00  5.2913036e-04
2.493660710e+00  4.3993160e-04
2.494907541e+00  3.6458431e-04
2.496154994e+00  3.0127067e-04
2.497403072e+00  2.4805658e-04
2.498651773e+00  2.0336641e-04
2.499901099e+00  1.6602090e-04
2.501151050e+00  1.3507315e-04
2.502401625e+00  1.0965083e-04
2.503652826e+00  8.8885034e-05
2.504904653e+00  7.1939094e-05
2.506157105e+00  5.8066480e-05
2.507410183e+00  4.6656771e-05
2.508663889e+00  3.7247858e-05
2.509918221e+00  2.9503039e-05
2.511173180e+00  2.3188549e-05
2.512428766e+00  1.8105003e-05
2.513684981e+00  1.4092287e-05
2.514941823e+00  1.1007638e-05
2.516199294e+00  8.7270540e-06
2.517457394e+00  7.1501338e-06
2.518716122e+00  6.2000453e-06
2.519975480e+00  5.8192196e-06
2.521235468e+00  5.9469081e-06
2.522496086e+00  6.5053661e-06
2.523757334e+00  7.3842333e-06
2.525019213e+00  8.4381118e-06
2.526281722e+00  9.4995929e-06
2.527544863e+00  1.0405977e-05
2.528808636e+00  1.1027322e-05
2.530073040e+00  1.1291337e-05
2.531338076e+00  1.1190395e-05
2.532603745e+00  1.0771402e-05
2.533870047e+00  1.0112449e-05
2.535136982e+00  9.2960962e-06
2.536404551e+00  8.3901207e-06
2.537672753e+00  7.4408189e-06
2.538941589e+00  6.4784297e-06
2.540211060e+00  5.5289268e-06
2.541481166e+00  4.6245486e-06
2.542751906e+00  3.8083443e-06
2.544023282e+00  3.1302902e-06
2.545295294e+00  2.6386592e-06
2.546567942e+00  2.3690809e-06
2.547841226e+00  2.3353499e-06
2.549115146e+00  2.5244633e-06
2.550389704e+00  2.8973228e-06
2.551664899e+00  3.3961132e-06
2.552940731e+00  3.9578639e-06
2.554217201e+00  4.5324735e-06
2.555494310e+00  5.1022193e-06
2.556772057e+00  5.6944839e-06
2.558050443e+00  6.3824250e-06
2.559329468e+00  7.2703385e-06
2.560609133e+00  8.4657421e-06
2.561889438e+00  1.0046727e-05
2.563170382e+00  1.2037954e-05
2.564451968e+00  1.4406096e-05
2.565734194e+00  1.7078689e-05
2.567017061e+00  1.9977870e-05
2.568300569e+00  2.3051095e-05
2.569584720e+00  2.6278909e-05
2.570869512e+00  2.9649022e-05
2.572154947e+00  3.3104276e-05
2.573441024e+00  3.6488700e-05
2.574727745e+00  3.9525668e-05
2.576015108e+00  4.1848744e-05
2.577303116e+00  4.3085491e-05
2.578591768e+00  4.2966544e-05
2.579881063e+00  4.1417765e-05
2.581171004e+00  3.8599007e-05
2.582461590e+00  3.4874544e-05
2.583752820e+00  3.0728790e-05
2.585044697e+00  2.6658856e-05
2.586337219e+00  2.3086166e-05
2.587630388e+00  2.0302942e-05
2.588924203e+00  1.8463851e-05
2.590218665e+00  1.7609902e-05
2.591513774e+00  1.7709264e-05
2.592809531e+00  1.8703128e-05
2.594105936e+00  2.0551728e-05
2.595402989e+00  2.3277045e-05
2.596700690e+00  2.6994100e-05
2.597999041e+00  3.1912336e-05
2.599298040e+00  3.8287940e-05
2.600597689e+00  4.6315593e-05
2.601897988e+00  5.5975307e-05
2.603198937e+00  6.6881261e-05
2.604500537e+00  7.8200171e-05
2.605802787e+00  8.8700471e-05
2.607105688e+00  9.6954293e-05
2.608409241e+00  1.0165101e-04
2.609713446e+00  1.0194290e-04
2.611018302e+00  9.7663617e-05
2.612323812e+00  8.9420254e-05
2.613629974e+00  7.8450641e-05
2.614936789e+00  6.6369054e-05
2.616244257e+00  5.4894098e-05
2.617552379e+00  4.5681398e-05
2.618861155e+00  4.0332191e-05
2.620170586e+00  4.0570502e-05
2.621480671e+00  4.8496672e-05
2.622791411e+00  6.6760157e-05
2.624102807e+00  9.8466289e-05
2.625414859e+00  1.4667827e-04
2.626727566e+00  2.1347562e-04
2.628040930e+00  2.9872423e-04
2.629354950e+00  3.9891620e-04
2.630669628e+00  5.0657147e-04
2.631984962e+00  6.1065648e-04
2.633300955e+00  6.9823234e-04
2.634617605e+00  7.5706022e-04
2.635934914e+00  7.7849055e-04
2.637252882e+00  7.5972324e-04
2.638571508e+00  7.0464967e-04
2.639890794e+00  6.2298183e-04
2.641210739e+00  5.2798541e-04
2.642531345e+00  4.3358971e-04
2.643852610e+00  3.5177896e-04
2.645174537e+00  2.9091450e-04
2.646497124e+00  2.5518276e-04
2.647820372e+00  2.4493415e-04
2.649144283e+00  2.5746656e-04
2.650468855e+00  2.8785352e-04
2.651794089e+00  3.2963496e-04
2.653119986e+00  3.7541948e-04
2.654446546e+00  4.1755824e-04
2.655773770e+00  4.4899625e-04
2.657101656e+00  4.6424313e-04
2.658430207e+00  4.6024212e-04
2.659759422e+00  4.3685706e-04
2.661089302e+00  3.9678013e-04
2.662419847e+00  3.4485001e-04
2.663751057e+00  2.8696288e-04
2.665082932e+00  2.2890721e-04
2.666415474e+00  1.7536924e-04
2.667748681e+00  1.2940468e-04
2.669082556e+00  9.2342527e-05
2.670417097e+00  6.4070314e-05
2.671752306e+00  4.3521146e-05
2.673088182e+00  2.9186722e-05
2.674424726e+00  1.9527796e-05
2.675761938e+00  1.3224013e-05
2.677099819e+00  9.2682600e-06
2.678438369e+00  6.9510639e-06
2.679777588e+00  5.7849310e-06
2.681117477e+00  5.4218147e-06
2.682458036e+00  5.5856018e-06
2.683799265e+00  6.0343826e-06
2.685141164e+00  6.5517236e-06
2.686483735e+00  6.9587568e-06
2.687826977e+00  7.1248942e-06
2.689170890e+00  6.9890418e-06
2.690515476e+00  6.5595231e-06
2.691860734e+00  5.8975089e-06
2.693206664e+00  5.0967302e-06
2.694553267e+00  4.2550469e-06
2.695900544e+00  3.4524797e-06
2.697248494e+00  2.7396686e-06
2.698597118e+00  2.1374611e-06
2.699946417e+00  1.6445576e-06
2.701296390e+00  1.2475297e-06
2.702647038e+00  9.2998280e-07
2.703998362e+00  6.7758227e-07
2.705350361e+00  4.7954632e-07
2.706703036e+00  3.2784519e-07
2.708056388e+00  2.1577073e-07
2.709410416e+00  1.3696476e-07
2.710765121e+00  8.5255204e-08
2.712120504e+00  5.5099055e-08
2.713476564e+00  4.2231342e-08
2.714833302e+00  4.4123386e-08
2.716190719e+00  6.0040350e-08
2.717548814e+00  9.0844843e-08
2.718907589e+00  1.3788868e-07
2.720267042e+00  2.0223798e-07
2.721627176e+00  2.8356728e-07
2.722987990e+00  3.7960278e-07
2.724349484e+00  4.8648901e-07
2.725711658e+00  6.0033655e-07
2.727074514e+00  7.1983563e-07
2.728438051e+00  8.4917124e-07
2.729802270e+00  1.0001003e-06
2.731167172e+00  1.1917465e-06
2.732532755e+00  1.4472282e-06
2.733899021e+00  1.7870352e-06
2.735265971e+00  2.2205339e-06
2.736633604e+00  2.7380227e-06
2.738001921e+00  3.3063412e-06
2.739370922e+00  3.8704825e-06
2.740740607e+00  4.3620478e-06
2.742110978e+00  4.7131126e-06
2.743482033e+00  4.8719290e-06
2.744853774e+00  4.8159289e-06
2.746226201e+00  4.5573154e-06
2.747599314e+00  4.1404392e-06
2.748973114e+00  3.6306179e-06
2.750347600e+00  3.0989430e-06
2.751722774e+00  2.6077679e-06
2.753098635e+00  2.2014285e-06
2.754475185e+00  1.9046360e-06
2.755852422e+00  1.7281800e-06
2.757230349e+00  1.6790058e-06
2.758608964e+00  1.7701682e-06
2.759988268e+00  2.0259903e-06
2.761368262e+00  2.4790887e-06
2.762748946e+00  3.1585256e-06
2.764130321e+00  4.0716555e-06
2.765512386e+00  5.1854905e-06
2.766895142e+00  6.4152883e-06
2.768278590e+00  7.6272077e-06
2.769662729e+00  8.6580069e-06
2.771047561e+00  9.3484996e-06
2.772433084e+00  9.5815771e-06
2.773819301e+00  9.3123987e-06
2.775206210e+00  8.5804266e-06
2.776593814e+00  7.4991171e-06
2.777982111e+00  6.2274144e-06
2.779371102e+00  4.9330881e-06
2.780760787e+00  3.7596452e-06
2.782151168e+00  2.8067317e-06
2.783542243e+00  2.1212329e-06
2.784934014e+00  1.7083067e-06
2.786326481e+00  1.5441940e-06
2.787719644e+00  1.5947350e-06
2.789113504e+00  1.8343327e-06
2.790508061e+00  2.2663179e-06
2.791903315e+00  2.9460099e-06
2.793299267e+00  4.0061081e-06
2.794695916e+00  5.6790773e-06
2.796093264e+00  8.3051272e-06
2.797491311e+00  1.2308844e-05
2.798890057e+00  1.8128613e-05
2.800289502e+00  2.6093366e-05
2.801689646e+00  3.6262723e-05
2.803090491e+00  4.8273752e-05
2.804492036e+00  6.1255719e-05
2.805894282e+00  7.3874097e-05
2.807297230e+00  8.4529899e-05
2.808700878e+00  9.1685631e-05
2.810105229e+00  9.4230480e-05
2.811510281e+00  9.1767259e-05
2.812916036e+00  8.4720565e-05
2.814322494e+00  7.4226796e-05
2.815729656e+00  6.1845685e-05
2.817137521e+00  4.9193548e-05
2.818546089e+00  3.7614980e-05
2.819955362e+00  2.7979530e-05
2.821365340e+00  2.0633022e-05
2.822776023e+00  1.5478260e-05
2.824187411e+00  1.2128112e-05
2.825599504e+00  1.0071072e-05
2.827012304e+00  8.8065761e-06
2.828425810e+00  7.9309321e-06
2.829840023e+00  7.1736498e-06
2.831254943e+00  6.3952109e-06
2.832670571e+00  5.5600968e-06
2.834086906e+00  4.6987274e-06
2.835503949e+00  3.8698833e-06
2.836921701e+00  3.1315210e-06
2.838340162e+00  2.5244226e-06
2.839759332e+00  2.0683357e-06
2.841179212e+00  1.7700711e-06
2.842599802e+00  1.6296400e-06
2.844021101e+00  1.6518552e-06
2.845443112e+00  1.8476139e-06
2.846865834e+00  2.2292841e-06
2.848289267e+00  2.8004295e-06
2.849713411e+00  3.5433996e-06
2.851138268e+00  4.4099954e-06
2.852563837e+00  5.3198903e-06
2.853990119e+00  6.1693435e-06
2.855417114e+00  6.8497791e-06
2.856844823e+00  7.2716222e-06
2.858273245e+00  7.3865705e-06
2.859702382e+00  7.2009792e-06
2.861132233e+00  6.7754466e-06
2.862562799e+00  6.2101132e-06
2.863994080e+00  5.6195738e-06
2.865426077e+00  5.1046245e-06
2.866858790e+00  4.7289601e-06
2.868292220e+00  4.5070793e-06
2.869726366e+00  4.4063219e-06
2.871161229e+00  4.3614396e-06
2.872596810e+00  4.2967378e-06
2.874033108e+00  4.1487320e-06
2.875470125e+00  3.8828104e-06
2.876907860e+00  3.4997206e-06
2.878346314e+00  3.0314782e-06
2.879785487e+00  2.5296259e-06
2.881225379e+00  2.0506446e-06
2.882665992e+00  1.6431346e-06
2.884107325e+00  1.3396536e-06
2.885549379e+00  1.1537972e-06
2.886992154e+00  1.0814165e-06
2.888435650e+00  1.1042560e-06
2.889879867e+00  1.1943811e-06
2.891324807e+00  1.3189204e-06
2.892770470e+00  1.4446998e-06
2.894216855e+00  1.5424889e-06
2.895663963e+00  1.5907253e-06
2.897111795e+00  1.5779064e-06
2.898560351e+00  1.5032270e-06
2.900009631e+00  1.3753034e-06
2.901459636e+00  1.2093768e-06
2.902910366e+00  1.0236871e-06
2.904361821e+00  8.3617359e-07
2.905814002e+00  6.6162777e-07
2.907266909e+00  5.1052533e-07
2.908720543e+00  3.8890278e-07
2.910174903e+00  2.9948247e-07
2.911629990e+00  2.4373637e-07
2.913085805e+00  2.2465099e-07
2.914542348e+00  2.4994650e-07
2.915999619e+00  3.3534695e-07
2.917457619e+00  5.0715700e-07
2.918916348e+00  8.0298798e-07
2.920375806e+00  1.2691030e-06
2.921835994e+00  1.9530402e-06
2.923296912e+00  2.8911706e-06
2.924758561e+00  4.0926333e-06
2.926220940e+00  5.5235468e-06
2.927684050e+00  7.0972619e-06
2.929147892e+00  8.6769077e-06
2.930612466e+00  1.0093095e-05
2.932077773e+00  1.1175608e-05
2.933543811e+00  1.1792155e-05
2.935010583e+00  1.1883082e-05
2.936478089e+00  1.1481454e-05
2.937946328e+00  1.0711734e-05
2.939415301e+00  9.7671088e-06
2.940885009e+00  8.8720766e-06
2.942355451e+00  8.2396823e-06
2.943826629e+00  8.0339295e-06
2.945298542e+00  8.3428154e-06
2.946771191e+00  9.1650488e-06
2.948244577e+00  1.0410843e-05
2.949718699e+00  1.1915835e-05
2.951193559e+00  1.3467135e-05
2.952669155e+00  1.4840602e-05
2.954145490e+00  1.5843630e-05
2.955622563e+00  1.6355892e-05
2.957100374e+00  1.6357432e-05
2.958578924e+00  1.5934856e-05
2.960058214e+00  1.5261823e-05
2.961538243e+00  1.4557587e-05
2.963019012e+00  1.4035418e-05
2.964500521e+00  1.3854363e-05
2.965982772e+00  1.4089837e-05
2.967465763e+00  1.4727225e-05
2.968949496e+00  1.5678842e-05
2.970433971e+00  1.6816392e-05
2.971919188e+00  1.8006829e-05
2.973405147e+00  1.9148928e-05
2.974891850e+00  2.0201725e-05
2.976379296e+00  2.1207188e-05
2.977867485e+00  2.2304447e-05
2.979356419e+00  2.3729941e-05
2.980846097e+00  2.5799873e-05
2.982336520e+00  2.8848504e-05
2.983827689e+00  3.3166390e-05
2.985319602e+00  3.8912644e-05
2.986812262e+00  4.6058178e-05
2.988305668e+00  5.4381884e-05
2.989799821e+00  6.3544162e-05
2.991294721e+00  7.3233435e-05
2.992790368e+00  8.3361492e-05
2.994286764e+00  9.4258366e-05
2.995783907e+00  1.0680359e-04
2.997281799e+00  1.2242342e-04
2.998780440e+00  1.4289343e-04
3.000279830e+00  1.6991775e-04
3.001779970e+00  2.0452291e-04
3.003280860e+00  2.4639674e-04
3.004782500e+00  2.9339291e-04
3.006284892e+00  3.4142218e-04
3.007788034e+00  3.8493785e-04
3.009291928e+00  4.1795087e-04
3.010796574e+00  4.3536617e-04
3.012301972e+00  4.3425129e-04
3.013808123e+00  4.1463488e-04
3.015315027e+00  3.7960439e-04
3.016822685e+00  3.3472665e-04
3.018331096e+00  2.8703318e-04
3.019840262e+00  2.4390751e-04
3.021350182e+00  2.1214575e-04
3.022860857e+00  1.9731000e-04
3.024372288e+00  2.0323622e-04
3.025884474e+00  2.3173395e-04
3.027397416e+00  2.8221282e-04
3.028911115e+00  3.5144089e-04
3.030425570e+00  4.3359209e-04
3.031940783e+00  5.2084044e-04
3.033456753e+00  6.0465802e-04
3.034973482e+00  6.7774138e-04
3.036490968e+00  7.3602614e-04
3.038009214e+00  7.8051040e-04
3.039528219e+00  8.1783900e-04
3.041047983e+00  8.5943900e-04
3.042568507e+00  9.1903670e-04
3.044089791e+00  1.0092718e-03
3.045611836e+00  1.1382253e-03
3.047134642e+00  1.3074648e-03
3.048658209e+00  1.5124672e-03
3.050182538e+00  1.7455189e-03
3.051707629e+00  2.0002614e-03
3.053233483e+00  2.2758894e-03
3.054760100e+00  2.5790226e-03
3.056287480e+00  2.9221062e-03
3.057815624e+00  3.3187754e-03
3.059344532e+00  3.7781395e-03
3.060874204e+00  4.3004534e-03
3.062404641e+00  4.8757865e-03
3.063935843e+00  5.4855131e-03
3.065467811e+00  6.1049123e-03
3.067000545e+00  6.7044337e-03
3.068534045e+00  7.2494746e-03
3.070068312e+00  7.6990319e-03
3.071603347e+00  8.0074395e-03
3.073139148e+00  8.1306551e-03
3.074675718e+00  8.0382145e-03
3.076213056e+00  7.7281397e-03
3.077751162e+00  7.2401344e-03
3.079290038e+00  6.6624868e-03
3.080829683e+00  6.1297698e-03
3.082370098e+00  5.8109166e-03
3.083911283e+00  5.8886611e-03
3.085453238e+00  6.5319649e-03
3.086995965e+00  7.8633942e-03
3.088539463e+00  9.9242866e-03
3.090083733e+00  1.2644624e-02
3.091628774e+00  1.5827060e-02
3.093174589e+00  1.9155940e-02
3.094721176e+00  2.2238056e-02
3.096268537e+00  2.4672956e-02
3.097816671e+00  2.6137773e-02
3.099365579e+00  2.6463647e-02
3.100915262e+00  2.5680101e-02
3.102465720e+00  2.4012732e-02
3.104016953e+00  2.1834534e-02
3.105568961e+00  1.9587679e-02
3.107121746e+00  1.7699331e-02
3.108675306e+00  1.6514764e-02
3.110229644e+00  1.6259533e-02
3.111784759e+00  1.7029749e-02
3.113340651e+00  1.8800020e-02
3.114897322e+00  2.1435774e-02
3.116454770e+00  2.4704158e-02
3.118012998e+00  2.8285621e-02
3.119572004e+00  3.1797151e-02
3.121131790e+00  3.4835182e-02
3.122692356e+00  3.7038664e-02
3.124253702e+00  3.8159270e-02
3.125815829e+00  3.8117038e-02
3.127378737e+00  3.7020596e-02
3.128942426e+00  3.5142244e-02
3.130506898e+00  3.2854540e-02
3.132072151e+00  3.0548696e-02
3.133638187e+00  2.8559976e-02
3.135205006e+00  2.7117799e-02
3.136772609e+00  2.6329857e-02
3.138340995e+00  2.6195964e-02
3.139910166e+00  2.6641472e-02
3.141480121e+00  2.7557497e-02
3.143050861e+00  2.8838798e-02
3.144622386e+00  3.0411187e-02
3.146194697e+00  3.2244992e-02
3.147767795e+00  3.4351453e-02
3.149341679e+00  3.6763561e-02
3.150916349e+00  3.9504362e-02
3.152491808e+00  4.2551587e-02
3.154068053e+00  4.5810389e-02
3.155645088e+00  4.9106478e-02
3.157222910e+00  5.2209319e-02
3.158801521e+00  5.4881290e-02
3.160380922e+00  5.6942645e-02
3.161961113e+00  5.8331208e-02
3.163542093e+00  5.9136126e-02
3.165123864e+00  5.9591668e-02
3.166706426e+00  6.0030052e-02
3.168289779e+00  6.0803166e-02
3.169873924e+00  6.2192252e-02
3.171458861e+00  6.4328607e-02
3.173044591e+00  6.7145055e-02
3.174631113e+00  7.0371844e-02
3.176218429e+00  7.3580612e-02
3.177806538e+00  7.6265473e-02
3.179395441e+00  7.7942431e-02
3.180985139e+00  7.8240192e-02
3.182575631e+00  7.6964153e-02
3.184166919e+00  7.4121189e-02
3.185759003e+00  6.9910132e-02
3.187351882e+00  6.4688150e-02
3.188945558e+00  5.8924471e-02
3.190540031e+00  5.3152504e-02
3.192135301e+00  4.7920246e-02
3.193731369e+00  4.3741625e-02
3.195328234e+00  4.1047895e-02
3.196925898e+00  4.0141348e-02
3.198524361e+00  4.1159361e-02
3.200123623e+00  4.4055617e-02
3.201723685e+00  4.8604640e-02
3.203324547e+00  5.4431615e-02
3.204926209e+00  6.1064472e-02
3.206528673e+00  6.7995991e-02
3.208131937e+00  7.4744626e-02
3.209736003e+00  8.0902159e-02
3.211340871e+00  8.6163046e-02
3.212946541e+00  9.0336796e-02
3.214553015e+00  9.3346449e-02
3.216160291e+00  9.5218268e-02
3.217768371e+00  9.6063708e-02
3.219377255e+00  9.6054331e-02
3.220986944e+00  9.5391528e-02
3.222597437e+00  9.4275242e-02
3.224208736e+00  9.2883062e-02
3.225820841e+00  9.1360431e-02
3.227433751e+00  8.9826586e-02
3.229047468e+00  8.8387669e-02
3.230661992e+00  8.7149816e-02
3.232277323e+00  8.6225492e-02
3.233893461e+00  8.5731251e-02
3.235510408e+00  8.5781918e-02
3.237128163e+00  8.6482852e-02
3.238746727e+00  8.7922465e-02
3.240366101e+00  9.0161498e-02
3.241986284e+00  9.3214270e-02
3.243607277e+00  9.7024386e-02
3.245229080e+00  1.0143986e-01
3.246851695e+00  1.0620297e-01
3.248475121e+00  1.1096305e-01
3.250099358e+00  1.1531839e-01
3.251724408e+00  1.1887715e-01
3.253350270e+00  1.2132085e-01
3.254976945e+00  1.2245038e-01
3.256604434e+00  1.2220349e-01
3.258232736e+00  1.2064707e-01
3.259861852e+00  1.1795384e-01
3.261491783e+00  1.1437742e-01
3.263122529e+00  1.1023221e-01
3.264754091e+00  1.0587256e-01
3.266386468e+00  1.0166408e-01
3.268019661e+00  9.7943622e-02
3.269653671e+00  9.4972014e-02
3.271288497e+00  9.2892665e-02
3.272924142e+00  9.1711325e-02
3.274560604e+00  9.1300385e-02
3.276197884e+00  9.1427129e-02
3.277835983e+00  9.1794688e-02
3.279474901e+00  9.2087552e-02
3.281114638e+00  9.2015461e-02
3.282755196e+00  9.1353108e-02
3.284396573e+00  8.9972429e-02
3.286038772e+00  8.7861504e-02
3.287681791e+00  8.5123210e-02
3.289325632e+00  8.1949240e-02
3.290970295e+00  7.8573521e-02
3.292615780e+00  7.5219954e-02
3.294262088e+00  7.2058105e-02
3.295909219e+00  6.9184194e-02
3.297557173e+00  6.6631207e-02
3.299205952e+00  6.4404800e-02
3.300855555e+00  6.2529312e-02
3.302505983e+00  6.1087229e-02
3.304157236e+00  6.0239869e-02
3.305809314e+00  6.0220000e-02
3.307462219e+00  6.1296490e-02
3.309115950e+00  6.3717250e-02
3.310770508e+00  6.7638815e-02
3.312425893e+00  7.3059826e-02
3.314082106e+00  7.9774340e-02
3.315739147e+00  8.7363767e-02
3.317397017e+00  9.5236075e-02
3.319055716e+00  1.0270654e-01
3.320715243e+00  1.0910174e-01
3.322375601e+00  1.1386042e-01
3.324036789e+00  1.1660529e-01
3.325698807e+00  1.1717592e-01
3.327361657e+00  1.1562615e-01
3.329025337e+00  1.1219855e-01
3.330689850e+00  1.0728850e-01
3.332355195e+00  1.0140234e-01
3.334021373e+00  9.5105866e-02
3.335688383e+00  8.8958502e-02
3.337356227e+00  8.3435652e-02
3.339024906e+00  7.8856138e-02
3.340694418e+00  7.5335858e-02
3.342364765e+00  7.2791914e-02
3.344035948e+00  7.1003051e-02
3.345707966e+00  6.9712787e-02
3.347380820e+00  6.8741766e-02
3.349054510e+00  6.8067962e-02
3.350729037e+00  6.7842207e-02
3.352404402e+00  6.8330111e-02
3.354080604e+00  6.9801039e-02
3.355757644e+00  7.2402145e-02
3.357435523e+00  7.6063918e-02
3.359114241e+00  8.0469957e-02
3.360793798e+00  8.5101223e-02
3.362474195e+00  8.9343407e-02
3.364155432e+00  9.2623951e-02
3.365837510e+00  9.4540681e-02
3.367520428e+00  9.4945436e-02
3.369204189e+00  9.3965133e-02
3.370888791e+00  9.1956307e-02
3.372574235e+00  8.9412221e-02
3.374260522e+00  8.6850558e-02
3.375947653e+00  8.4708138e-02
3.377635626e+00  8.3265889e-02
3.379324444e+00  8.2611432e-02
3.381014106e+00  8.2640690e-02
3.382704613e+00  8.3095250e-02
3.384395966e+00  8.3628416e-02
3.386088164e+00  8.3890623e-02
3.387781208e+00  8.3619794e-02
3.389475098e+00  8.2713920e-02
3.391169836e+00  8.1264841e-02
3.392865421e+00  7.9539202e-02
3.394561854e+00  7.7908225e-02
3.396259135e+00  7.6742587e-02
3.397957264e+00  7.6306679e-02
3.399656243e+00  7.6683838e-02
3.401356071e+00  7.7758251e-02
3.403056749e+00  7.9261528e-02
3.404758277e+00  8.0870316e-02
3.406460656e+00  8.2324360e-02
3.408163887e+00  8.3522181e-02
3.409867969e+00  8.4561351e-02
3.411572903e+00  8.5704371e-02
3.413278689e+00  8.7282074e-02
3.414985328e+00  8.9567411e-02
3.416692821e+00  9.2666181e-02
3.418401168e+00  9.6461513e-02
3.420110368e+00  1.0063126e-01
3.421820423e+00  1.0472847e-01
3.423531334e+00  1.0829469e-01
3.425243099e+00  1.1097025e-01
3.426955721e+00  1.1256878e-01
3.428669199e+00  1.1310083e-01
3.430383533e+00  1.1274850e-01
3.432098725e+00  1.1180561e-01
3.433814774e+00  1.1060899e-01
3.435531682e+00  1.0947891e-01
3.437249448e+00  1.0867960e-01
3.438968072e+00  1.0840276e-01
3.440687556e+00  1.0876365e-01
3.442407900e+00  1.0980543e-01
3.444129104e+00  1.1150619e-01
3.445851169e+00  1.1379263e-01
3.447574094e+00  1.1655750e-01
3.449297881e+00  1.1968283e-01
3.451022530e+00  1.2305703e-01
3.452748041e+00  1.2658229e-01
3.454474415e+00  1.3016689e-01
3.456201653e+00  1.3370910e-01
3.457929753e+00  1.3708191e-01
3.459658718e+00  1.4012786e-01
3.461388548e+00  1.4267038e-01
3.463119242e+00  1.4453902e-01
3.464850802e+00  1.4560287e-01
3.466583227e+00  1.4580323e-01
3.468316519e+00  1.4517478e-01
3.470050677e+00  1.4384446e-01
3.471785702e+00  1.4200578e-01
3.473521595e+00  1.3987206e-01
3.475258356e+00  1.3762701e-01
3.476995985e+00  1.3539485e-01
3.478734483e+00  1.3325218e-01
3.480473850e+00  1.3128283e-01
3.482214087e+00  1.2966087e-01
3.483955194e+00  1.2872080e-01
3.485697172e+00  1.2897262e-01
3.487440020e+00  1.3103357e-01
3.489183740e+00  1.3547614e-01
3.490928332e+00  1.4263247e-01
3.492673796e+00  1.5241968e-01
3.494420133e+00  1.6425971e-01
3.496167343e+00  1.7713913e-01
3.497915427e+00  1.8981135e-01
3.499664385e+00  2.0108570e-01
3.501414217e+00  2.1011555e-01
3.503164924e+00  2.1658778e-01
3.504916507e+00  2.2075297e-01
3.506668965e+00  2.2329291e-01
3.508422299e+00  2.2508136e-01
3.510176510e+00  2.2692267e-01
3.511931599e+00  2.2936055e-01
3.513687565e+00  2.3260175e-01
3.515444408e+00  2.3655961e-01
3.517202131e+00  2.4096743e-01
3.518960732e+00  2.4549946e-01
3.520720212e+00  2.4984002e-01
3.522480572e+00  2.5368312e-01
3.524241812e+00  2.5668421e-01
3.526003933e+00  2.5842173e-01
3.527766935e+00  2.5842557e-01
3.529530819e+00  2.5629872e-01
3.531295584e+00  2.5190794e-01
3.533061232e+00  2.4556424e-01
3.534827763e+00  2.3810534e-01
3.536595176e+00  2.3081346e-01
3.538363474e+00  2.2516424e-01
3.540132656e+00  2.2247077e-01
3.541902722e+00  2.2353340e-01
3.543673673e+00  2.2840692e-01
3.545445510e+00  2.3636508e-01
3.547218233e+00  2.4606885e-01
3.548991842e+00  2.5588818e-01
3.550766338e+00  2.6427897e-01
3.552541721e+00  2.7010985e-01
3.554317992e+00  2.7285916e-01
3.556095151e+00  2.7265012e-01
3.557873199e+00  2.7014215e-01
3.559652135e+00  2.6633256e-01
3.561431961e+00  2.6233743e-01
3.563212677e+00  2.5920192e-01
3.564994284e+00  2.5777020e-01
3.566776781e+00  2.5861200e-01
3.568560169e+00  2.6199340e-01
3.570344449e+00  2.6787604e-01
3.572129621e+00  2.7594347e-01
3.573915686e+00  2.8564802e-01
3.575702644e+00  2.9628490e-01
3.577490495e+00  3.0707771e-01
3.579279241e+00  3.1727009e-01
3.581068880e+00  3.2620412e-01
3.582859415e+00  3.3339014e-01
3.584650844e+00  3.3856251e-01
3.586443170e+00  3.4172470e-01
3.588236391e+00  3.4316835e-01
3.590030510e+00  3.4344977e-01
3.591825525e+00  3.4330208e-01
3.593621438e+00  3.4348766e-01
3.595418248e+00  3.4461678e-01
3.597215958e+00  3.4698943e-01
3.599014565e+00  3.5051907e-01
3.600814073e+00  3.5477062e-01
3.602614480e+00  3.5910674e-01
3.604415787e+00  3.6288803e-01
3.606217995e+00  3.6566033e-01
3.608021104e+00  3.6726069e-01
3.609825114e+00  3.6781662e-01
3.611630027e+00  3.6765389e-01
3.613435842e+00  3.6715981e-01
3.615242560e+00  3.6665958e-01
3.617050181e+00  3.6634450e-01
3.618858706e+00  3.6626542e-01
3.620668136e+00  3.6638309e-01
3.622478470e+00  3.6665046e-01
3.624289709e+00  3.6709855e-01
3.626101854e+00  3.6789947e-01
3.627914905e+00  3.6938055e-01
3.629728862e+00  3.7197270e-01
3.631543727e+00  3.7609229e-01
3.633359499e+00  3.8197988e-01
3.635176178e+00  3.8954658e-01
3.636993766e+00  3.9828881e-01
3.638812263e+00  4.0732097e-01
3.640631669e+00  4.1553403e-01
3.642451985e+00  4.2184345e-01
3.644273211e+00  4.2544884e-01
3.646095348e+00  4.2602656e-01
3.647918395e+00  4.2379975e-01
3.649742355e+00  4.1947107e-01
3.651567226e+00  4.1405465e-01
3.653393009e+00  4.0865815e-01
3.655219706e+00  4.0427858e-01
3.657047316e+00  4.0164601e-01
3.658875840e+00  4.0113866e-01
3.660705277e+00  4.0276557e-01
3.662535630e+00  4.0621040e-01
3.664366898e+00  4.1092225e-01
3.666199081e+00  4.1624067e-01
3.668032181e+00  4.2153204e-01
3.669866197e+00  4.2631552e-01
3.671701130e+00  4.3034625e-01
3.673536981e+00  4.3363464e-01
3.675373749e+00  4.3639516e-01
3.677211436e+00  4.3893995e-01
3.679050042e+00  4.4154996e-01
3.680889567e+00  4.4436436e-01
3.682730012e+00  4.4732491e-01
3.684571377e+00  4.5018774e-01
3.686413662e+00  4.5259603e-01
3.688256869e+00  4.5418755e-01
3.690100997e+00  4.5470091e-01
3.691946048e+00  4.5405345e-01
3.693792021e+00  4.5237172e-01
3.695638917e+00  4.4997284e-01
3.697486736e+00  4.4730789e-01
3.699335480e+00  4.4488475e-01
3.701185148e+00  4.4319229e-01
3.703035740e+00  4.4263194e-01
3.704887258e+00  4.4346762e-01
3.706739702e+00  4.4578791e-01
3.708593071e+00  4.4948670e-01
3.710447368e+00  4.5426718e-01
3.712302592e+00  4.5967626e-01
3.714158743e+00  4.6517196e-01
3.716015822e+00  4.7021368e-01
3.717873830e+00  4.7435238e-01
3.719732767e+00  4.7729463e-01
3.721592634e+00  4.7892065e-01
3.723453430e+00  4.7925684e-01
3.725315157e+00  4.7841914e-01
3.727177814e+00  4.7655555e-01
3.729041403e+00  4.7380977e-01
3.730905924e+00  4.7031571e-01
3.732771377e+00  4.6621370e-01
3.734637762e+00  4.6167299e-01
3.736505081e+00  4.5690174e-01
3.738373334e+00  4.5213855e-01
3.740242521e+00  4.4762864e-01
3.742112642e+00  4.4359558e-01
3.743983698e+00  4.4022166e-01
3.745855690e+00  4.3764132e-01
3.747728618e+00  4.3594773e-01
3.749602482e+00  4.3520681e-01
3.751477283e+00  4.3547039e-01
3.753353022e+00  4.3678113e-01
3.755229699e+00  4.3916732e-01
3.757107313e+00  4.4262491e-01
3.758985867e+00  4.4709071e-01
3.760865360e+00  4.5241539e-01
3.762745793e+00  4.5834418e-01
3.764627166e+00  4.6451600e-01
3.766509479e+00  4.7048879e-01
3.768392734e+00  4.7579208e-01
3.770276930e+00  4.7999858e-01
3.772162069e+00  4.8280212e-01
3.774048150e+00  4.8407838e-01
3.775935174e+00  4.8391162e-01
3.777823141e+00  4.8256965e-01
3.779712053e+00  4.8043376e-01
3.781601909e+00  4.7789592e-01
3.783492710e+00  4.7525907e-01
3.785384456e+00  4.7266686e-01
3.787277149e+00  4.7008592e-01
3.789170787e+00  4.6734570e-01
3.791065372e+00  4.6421873e-01
3.792960905e+00  4.6051822e-01
3.794857386e+00  4.5618196e-01
3.796754814e+00  4.5131917e-01
3.798653192e+00  4.4620618e-01
3.800552518e+00  4.4123180e-01
3.802452795e+00  4.3680726e-01
3.804354021e+00  4.3326591e-01
3.806256198e+00  4.3078586e-01
3.808159326e+00  4.2935867e-01
3.810063406e+00  4.2881413e-01
3.811968437e+00  4.2888769e-01
3.813874422e+00  4.2930545e-01
3.815781359e+00  4.2985423e-01
3.817689250e+00  4.3041706e-01
3.819598094e+00  4.3097028e-01
3.821507893e+00  4.3155709e-01
3.823418647e+00  4.3225564e-01
3.825330357e+00  4.3315785e-01
3.827243022e+00  4.3435833e-01
3.829156643e+00  4.3594598e-01
3.831071222e+00  4.3798732e-01
3.832986757e+00  4.4049843e-01
3.834903251e+00  4.4341385e-01
3.836820702e+00  4.4657102e-01
3.838739112e+00  4.4972346e-01
3.840658482e+00  4.5258979e-01
3.842578811e+00  4.5492496e-01
3.844500101e+00  4.5659013e-01
3.846422351e+00  4.5759405e-01
3.848345562e+00  4.5809089e-01
3.850269735e+00  4.5833222e-01
3.852194870e+00  4.5859250e-01
3.854120967e+00  4.5909306e-01
3.856048027e+00  4.5994879e-01
3.857976051e+00  4.6114899e-01
3.859905040e+00  4.6256947e-01
3.861834992e+00  4.6400170e-01
3.863765910e+00  4.6518693e-01
3.865697792e+00  4.6584622e-01
3.867630641e+00  4.6570974e-01
3.869564457e+00  4.6455373e-01
3.871499239e+00  4.6225001e-01
3.873434989e+00  4.5882201e-01
3.875371706e+00  4.5448870e-01
3.877309392e+00  4.4967179e-01
3.879248047e+00  4.4494554e-01
3.881187671e+00  4.4093228e-01
3.883128264e+00  4.3816819e-01
3.885069829e+00  4.3698374e-01
3.887012364e+00  4.3744113e-01
3.888955870e+00  4.3935123e-01
3.890900348e+00  4.4235924e-01
3.892845798e+00  4.4606032e-01
3.894792221e+00  4.5009852e-01
3.896739617e+00  4.5421596e-01
3.898687987e+00  4.5824728e-01
3.900637331e+00  4.6208076e-01
3.902587649e+00  4.6562008e-01
3.904538943e+00  4.6877219e-01
3.906491213e+00  4.7146625e-01
3.908444458e+00  4.7368689e-01
3.910398680e+00  4.7549516e-01
3.912353880e+00  4.7701732e-01
3.914310057e+00  4.7839906e-01
3.916267212e+00  4.7973937e-01
3.918225345e+00  4.8103416e-01
3.920184458e+00  4.8215196e-01
3.922144550e+00  4.8285647e-01
3.924105622e+00  4.8286796e-01
3.926067675e+00  4.8194534e-01
3.928030709e+00  4.7996408e-01
3.929994724e+00  4.7696794e-01
3.931959722e+00  4.7318343e-01
3.933925702e+00  4.6899575e-01
3.935892665e+00  4.6489156e-01
3.937860611e+00  4.6137880e-01
3.939829541e+00  4.5889893e-01
3.941799456e+00  4.5774531e-01
3.943770356e+00  4.5800410e-01
3.945742241e+00  4.5953078e-01
3.947715112e+00  4.6196849e-01
3.949688970e+00  4.6480675e-01
3.951663814e+00  4.6746795e-01
3.953639646e+00  4.6940422e-01
3.955616466e+00  4.7018337e-01
3.957594274e+00  4.6954809e-01
3.959573071e+00  4.6744393e-01
3.961552858e+00  4.6401439e-01
3.963533634e+00  4.5957484e-01
3.965515401e+00  4.5457261e-01
3.967498159e+00  4.4954038e-01
3.969481908e+00  4.4504288e-01
3.971466649e+00  4.4161519e-01
3.973452382e+00  4.3969208e-01
3.975439108e+00  4.3953268e-01
3.977426828e+00  4.4115343e-01
3.979415541e+00  4.4428999e-01
3.981405249e+00  4.4840860e-01
3.983395952e+00  4.5278451e-01
3.985387650e+00  4.5664269e-01
3.987380343e+00  4.5933761e-01
3.989374034e+00  4.6052370e-01
3.991368721e+00  4.6025925e-01
3.993364405e+00  4.5899621e-01
3.995361087e+00  4.5744341e-01
3.997358768e+00  4.5633513e-01
3.999357447e+00  4.5617550e-01
4.001357126e+00  4.5704550e-01
4.003357804e+00  4.5854141e-01
4.005359483e+00  4.5987107e-01
4.007362163e+00  4.6007821e-01
4.009365844e+00  4.5832916e-01
4.011370527e+00  4.5417378e-01
4.013376212e+00  4.4770850e-01
4.015382900e+00  4.3959494e-01
4.017390592e+00  4.3092894e-01
4.019399287e+00  4.2299277e-01
4.021408987e+00  4.1695130e-01
4.023419691e+00  4.1357303e-01
4.025431401e+00  4.1304922e-01
4.027444117e+00  4.1496002e-01
4.029457839e+00  4.1839473e-01
4.031472568e+00  4.2218812e-01
4.033488304e+00  4.2520376e-01
4.035505048e+00  4.2658637e-01
4.037522801e+00  4.2592077e-01
4.039541562e+00  4.2327010e-01
4.041561333e+00  4.1910084e-01
4.043582114e+00  4.1412926e-01
4.045603905e+00  4.0913801e-01
4.047626707e+00  4.0480634e-01
4.049650520e+00  4.0158516e-01
4.051675345e+00  3.9962504e-01
4.053701183e+00  3.9875433e-01
4.055728033e+00  3.9849833e-01
4.057755897e+00  3.9813705e-01
4.059784775e+00  3.9681128e-01
4.061814668e+00  3.9367718e-01
4.063845575e+00  3.8810114e-01
4.065877498e+00  3.7985425e-01
4.067910437e+00  3.6924751e-01
4.069944392e+00  3.5714612e-01
4.071979364e+00  3.4483090e-01
4.074015354e+00  3.3372330e-01
4.076052361e+00  3.2504149e-01
4.078090388e+00  3.1948403e-01
4.080129433e+00  3.1703835e-01
4.082169498e+00  3.1697922e-01
4.084210582e+00  3.1806152e-01
4.086252688e+00  3.1885521e-01
4.088295814e+00  3.1812304e-01
4.090339962e+00  3.1513054e-01
4.092385132e+00  3.0979531e-01
4.094431324e+00  3.0264330e-01
4.096478540e+00  2.9459314e-01
4.098526779e+00  2.8664930e-01
4.100576043e+00  2.7960342e-01
4.102626331e+00  2.7383182e-01
4.104677644e+00  2.6923427e-01
4.106729983e+00  2.6531566e-01
4.108783348e+00  2.6136604e-01
4.110837739e+00  2.5667547e-01
4.112893158e+00  2.5072547e-01
4.114949605e+00  2.4331195e-01
4.117007080e+00  2.3458379e-01
4.119065583e+00  2.2500364e-01
4.121125116e+00  2.1525050e-01
4.123185678e+00  2.0608931e-01
4.125247271e+00  1.9823235e-01
4.127309895e+00  1.9221652e-01
4.129373550e+00  1.8830949e-01
4.131438237e+00  1.8645918e-01
4.133503956e+00  1.8629171e-01
4.135570708e+00  1.8716177e-01
4.137638493e+00  1.8824856e-01
4.139707312e+00  1.8868934e-01
4.141777166e+00  1.8772564e-01
4.143848055e+00  1.8483109e-01
4.145919979e+00  1.7979338e-01
4.147992939e+00  1.7272689e-01
4.150066935e+00  1.6401740e-01
4.152141969e+00  1.5422049e-01
4.154218040e+00  1.4394986e-01
4.156295149e+00  1.3378727e-01
4.158373296e+00  1.2422888e-01
4.160452483e+00  1.1566433e-01
4.162532709e+00  1.0837069e-01
4.164613975e+00  1.0250383e-01
4.166696282e+00  9.8083703e-02
4.168779631e+00  9.4987430e-02
4.170864020e+00  9.2967025e-02
4.172949452e+00  9.1702384e-02
4.175035927e+00  9.0880066e-02
4.177123445e+00  9.0270970e-02
4.179212007e+00  8.9772268e-02
4.181301613e+00  8.9394243e-02
4.183392264e+00  8.9196464e-02
4.185483960e+00  8.9202096e-02
4.187576702e+00  8.9330437e-02
4.189670490e+00  8.9382452e-02
4.191765325e+00  8.9081262e-02
4.193861208e+00  8.8153170e-02
4.195958139e+00  8.6412234e-02
4.198056118e+00  8.3814034e-02
4.200155146e+00  8.0465137e-02
4.202255223e+00  7.6591028e-02
4.204356351e+00  7.2482121e-02
4.206458529e+00  6.8438470e-02
4.208561758e+00  6.4726124e-02
4.210666039e+00  6.1547420e-02
4.212771372e+00  5.9020424e-02
4.214877758e+00  5.7166068e-02
4.216985197e+00  5.5903327e-02
4.219093689e+00  5.5058390e-02
4.221203236e+00  5.4391123e-02
4.223313838e+00  5.3637169e-02
4.225425495e+00  5.2554668e-02
4.227538207e+00  5.0968177e-02
4.229651977e+00  4.8797251e-02
4.231766803e+00  4.6067193e-02
4.233882686e+00  4.2900749e-02
4.235999627e+00  3.9495414e-02
4.238117627e+00  3.6090191e-02
4.240236686e+00  3.2926839e-02
4.242356804e+00  3.0212167e-02
4.244477983e+00  2.8088491e-02
4.246600222e+00  2.6615486e-02
4.248723522e+00  2.5767882e-02
4.250847884e+00  2.5447766e-02
4.252973307e+00  2.5507918e-02
4.255099794e+00  2.5781242e-02
4.257227344e+00  2.6109283e-02
4.259355958e+00  2.6365739e-02
4.261485636e+00  2.6469327e-02
4.263616379e+00  2.6385972e-02
4.265748187e+00  2.6121164e-02
4.267881061e+00  2.5706612e-02
4.270015001e+00  2.5184827e-02
4.272150009e+00  2.4596259e-02
4.274286084e+00  2.3970978e-02
4.276423227e+00  2.3324660e-02
4.278561438e+00  2.2659009e-02
4.280700719e+00  2.1964883e-02
4.282841070e+00  2.1227614e-02
4.284982490e+00  2.0433266e-02
4.287124981e+00  1.9574680e-02
4.289268544e+00  1.8656315e-02
4.291413178e+00  1.7696292e-02
4.293558885e+00  1.6725954e-02
4.295705664e+00  1.5786352e-02
4.297853517e+00  1.4923269e-02
4.300002444e+00  1.4181216e-02
4.302152445e+00  1.3597626e-02
4.304303521e+00  1.3197867e-02
4.306455673e+00  1.2991157e-02
4.308608901e+00  1.2967365e-02
4.310763205e+00  1.3095069e-02
4.312918587e+00  1.3321290e-02
4.315075046e+00  1.3573652e-02
4.317232584e+00  1.3766551e-02
4.319391200e+00  1.3811094e-02
4.321550896e+00  1.3628357e-02
4.323711671e+00  1.3162815e-02
4.325873527e+00  1.2393368e-02
4.328036464e+00  1.1338358e-02
4.330200482e+00  1.0053216e-02
4.332365582e+00  8.6209249e-03
4.334531765e+00  7.1379017e-03
4.336699031e+00  5.6984354e-03
4.338867380e+00  4.3812678e-03
4.341036814e+00  3.2408388e-03
4.343207332e+00  2.3042350e-03
4.345378936e+00  1.5734084e-03
4.347551625e+00  1.0309794e-03
4.349725401e+00  6.4776799e-04
4.351900264e+00  3.8996528e-04
4.354076214e+00  2.2478870e-04
4.356253252e+00  1.2397313e-04
4.358431379e+00  6.5379074e-05
4.360610595e+00  3.2947403e-05
4.362790900e+00  1.5848778e-05
4.364972295e+00  7.2686136e-06
4.367154781e+00  3.1784435e-06
4.369338359e+00  1.3215742e-06
4.371523028e+00  5.2208383e-07
4.373708790e+00  1.8744376e-07
4.375895644e+00  6.5813871e-08
4.378083592e+00  1.8533386e-08
4.380272634e+00  5.5397046e-09
4.382462770e+00  3.5968522e-10
4.384654001e+00  1.5164831e-10
4.386846328e+00  8.1376493e-11
4.389039751e+00  4.3348430e-11
4.391234271e+00  2.3052236e-11
4.393429888e+00  1.2223961e-11
4.395626603e+00  6.4636803e-12
4.397824417e+00  3.3780115e-12
4.400023329e+00  1.7890434e-12
4.402223341e+00  9.4073152e-13
4.404424452e+00  4.9253270e-13
4.406626664e+00  2.5989511e-13
4.408829978e+00  1.3697940e-13
4.411034393e+00  7.2580178e-14
4.413239910e+00  3.8781766e-14
4.415446530e+00  2.1475807e-14
4.417654253e+00  1.2419513e-14
4.419863080e+00  7.3608689e-15
4.422073012e+00  4.5134971e-15
4.424284048e+00  2.8078232e-15
4.426496190e+00  1.7450777e-15
4.428709438e+00  1.0622542e-15
4.430923793e+00  6.2454580e-16
4.433139255e+00  3.5920228e-16
4.435355825e+00  1.9789920e-16
4.437573503e+00  1.0472777e-16
4.439792289e+00  5.2979932e-17
4.442012186e+00  2.5619892e-17
4.444233192e+00  1.1799540e-17
4.446455308e+00  5.1982680e-18
4.448678536e+00  2.1798041e-18
4.450902875e+00  8.6947570e-19
4.453128327e+00  3.1883775e-19
4.455354891e+00  1.1389911e-19
4.457582568e+00  2.8726597e-20
4.459811359e+00  9.4176616e-21
4.462041265e+00  1.1663913e-21
4.464272286e+00  3.4748143e-22
4.466504422e+00  1.7977918e-23
4.468737674e+00  9.0682542e-24
4.470972043e+00  4.4640895e-24
4.473207529e+00  3.3197958e-24
4.475444133e+00  2.4236741e-24
4.477681855e+00  1.7275516e-24
4.479920696e+00  1.2067129e-24
4.482160656e+00  8.3724337e-25
4.484401736e+00  5.9172790e-25
4.486643937e+00  4.5004525e-25
4.488887259e+00  3.8794967e-25
4.491131703e+00  4.0313600e-25
4.493377269e+00  5.3369791e-25
4.495623957e+00  8.9148498e-25
4.497871769e+00  1.7298818e-24
4.500120705e+00  3.5530523e-24
4.502370766e+00  7.2757124e-24
4.504621951e+00  1.4421838e-23
4.506874262e+00  2.7314435e-23
4.509127699e+00  4.9159109e-23
4.511382263e+00  8.3879603e-23
4.513637954e+00  1.3556020e-22
4.515894773e+00  2.0742361e-22
4.518152720e+00  3.0044415e-22
4.520411797e+00  4.1192884e-22
4.522672003e+00  5.3459594e-22
4.524933339e+00  6.5671134e-22
4.527195805e+00  7.6361210e-22
4.529459403e+00  8.4047766e-22
4.531724133e+00  8.7567126e-22
4.533989995e+00  8.6362344e-22
4.536256990e+00  8.0627510e-22
4.538525119e+00  7.1256563e-22
4.540794381e+00  5.9615172e-22
4.543064778e+00  4.7466002e-22
4.545336311e+00  3.6139524e-22
4.547608979e+00  2.8918323e-22
4.549882783e+00  3.4323376e-22
4.552157725e+00  5.8889563e-22
4.554433804e+00  1.3283332e-21
4.556711020e+00  3.2090374e-21
4.558989376e+00  7.5486840e-21
4.561268871e+00  1.6989607e-20
4.563549505e+00  3.6388442e-20
4.565831280e+00  7.4046417e-20
4.568114195e+00  1.4310977e-19
4.570398253e+00  2.6264978e-19
4.572683452e+00  4.5770048e-19
4.574969793e+00  7.5728487e-19
4.577257278e+00  1.1896261e-18
4.579545907e+00  1.7744349e-18
4.581835680e+00  2.5133982e-18
4.584126598e+00  3.3815895e-18
4.586418661e+00  4.3231427e-18
4.588711870e+00  5.2536947e-18
4.591006226e+00  6.0737180e-18
4.593301729e+00  6.6876536e-18
4.595598380e+00  7.0272361e-18
4.597896179e+00  7.0729673e-18
4.600195128e+00  6.8672128e-18
4.602495225e+00  6.5207849e-18
4.604796473e+00  1.4347418e-17
4.607098871e+00  2.1239453e-16
4.609402420e+00  6.1091683e-16
4.611707122e+00  1.8855157e-14
4.614012975e+00  4.8729828e-13
4.616319982e+00  1.4298306e-12
4.618628142e+00  3.9915109e-12
4.620937456e+00  1.0491675e-11
4.623247924e+00  2.6082755e-11
4.625559548e+00  6.1374315e-11
4.627872328e+00  1.3673621e-10
4.630186264e+00  2.8830755e-10
4.632501358e+00  5.7543720e-10
4.634817608e+00  1.0872403e-09
4.637135017e+00  1.9447202e-09
4.639453584e+00  3.2931907e-09
4.641773311e+00  5.2801191e-09
4.644094198e+00  8.0165459e-09
4.646416245e+00  1.1526939e-08
4.648739453e+00  1.5700471e-08
4.651063823e+00  2.0262934e-08
4.653389355e+00  2.4788109e-08
4.655716049e+00  2.8757608e-08
4.658043908e+00  3.1661033e-08
4.660372929e+00  3.3110288e-08
4.662703116e+00  3.2931957e-08
4.665034467e+00  3.1206317e-08
4.667366985e+00  2.8240130e-08
4.669700668e+00  2.4484041e-08
4.672035519e+00  2.0424836e-08
4.674371536e+00  1.6487140e-08
4.676708722e+00  1.2972368e-08
4.679047076e+00  1.0042247e-08
4.681386600e+00  7.7399982e-09
4.683727293e+00  6.0310816e-09
4.686069157e+00  4.8454289e-09
4.688412191e+00  4.1090967e-09
4.690756398e+00  3.7614418e-09
4.693101776e+00  3.7600720e-09
4.695448327e+00  4.0782429e-09
4.697796051e+00  4.6985218e-09
4.700144949e+00  5.6042447e-09
4.702495021e+00  6.7686726e-09
4.704846269e+00  8.1421308e-09
4.707198692e+00  9.6397089e-09
4.709552291e+00  1.1134688e-08
4.711907067e+00  1.2464621e-08
4.714263021e+00  1.3451070e-08
4.716620153e+00  1.3934553e-08
4.718978463e+00  1.3812050e-08
4.721337952e+00  1.3066176e-08
4.723698621e+00  1.1774179e-08
4.726060470e+00  1.0092432e-08
4.728423500e+00  8.2209037e-09
4.730787712e+00  6.3597326e-09
4.733153106e+00  4.6713266e-09
4.735519683e+00  3.2581050e-09
4.737887442e+00  2.1589043e-09
4.740256386e+00  1.3605196e-09
4.742626514e+00  8.1694405e-10
4.744997828e+00  4.6890896e-10
4.747370326e+00  2.5872020e-10
4.749744012e+00  1.3863014e-10
4.752118884e+00  7.3546911e-11
4.754494943e+00  4.0035968e-11
4.756872191e+00  2.3640343e-11
4.759250627e+00  1.6048882e-11
4.761630252e+00  1.2794219e-11
4.764011067e+00  1.1579555e-11
4.766393073e+00  1.1371438e-11
4.768776269e+00  1.1787892e-11
4.771160657e+00  1.3063907e-11
4.773546238e+00  1.5389561e-11
4.775933011e+00  1.9176865e-11
4.778320977e+00  2.4750800e-11
4.780710138e+00  3.2200459e-11
4.783100493e+00  4.1249535e-11
4.785492043e+00  5.1196473e-11
4.787884789e+00  6.0961027e-11
4.790278731e+00  6.9250194e-11
4.792673871e+00  7.4820375e-11
4.795070208e+00  7.6763240e-11
4.797467743e+00  7.4728114e-11
4.799866477e+00  6.9006025e-11
4.802266410e+00  6.0447335e-11
4.804667543e+00  5.0243400e-11
4.807069877e+00  3.9648308e-11
4.809473412e+00  2.9728725e-11
4.811878149e+00  2.1207032e-11
4.814284088e+00  1.4420466e-11
4.816691230e+00  9.3768291e-12
4.819099575e+00  5.8637480e-12
4.821509125e+00  3.5652803e-12
4.823919880e+00  2.1550296e-12
4.826331840e+00  1.3519608e-12
4.828745006e+00  9.4196904e-13
4.831159378e+00  7.7571501e-13
4.833574958e+00  7.5481861e-13
4.835991745e+00  8.1555364e-13
4.838409741e+00  9.1558191e-13
4.840828946e+00  1.0254114e-12
4.843249360e+00  1.1245381e-12
4.845670985e+00  1.2000451e-12
4.848093821e+00  1.2482637e-12
4.850517867e+00  1.2713799e-12
4.852943126e+00  1.2784701e-12
4.855369598e+00  1.2818828e-12
4.857797283e+00  1.2940903e-12
4.860226181e+00  1.3245559e-12
4.862656295e+00  1.3775030e-12
4.865087623e+00  1.4506918e-12
4.867520166e+00  1.5355125e-12
4.869953927e+00  1.6183585e-12
4.872388904e+00  1.6831604e-12
4.874825098e+00  1.7146416e-12
4.877262511e+00  1.7016112e-12
4.879701142e+00  1.6394363e-12
4.882140992e+00  1.5309661e-12
4.884582063e+00  1.3856402e-12
4.887024354e+00  1.2170933e-12
4.889467866e+00  1.0400580e-12
4.891912600e+00  8.6751867e-13
4.894358556e+00  7.0885353e-13
4.896805736e+00  5.6925859e-13
4.899254138e+00  4.5028443e-13
4.901703765e+00  3.5097734e-13
4.904154617e+00  2.6916819e-13
4.906606695e+00  2.0243847e-13
4.909059998e+00  1.4864765e-13
4.911514528e+00  1.0604489e-13
4.913970285e+00  7.3153030e-14
4.916427270e+00  4.8593910e-14
4.918885484e+00  3.0987659e-14
4.921344927e+00  1.8960827e-14
4.923805599e+00  1.1178946e-14
4.926267502e+00  6.5263924e-15
4.928730636e+00  4.1815276e-15
4.931195001e+00  3.7750405e-15
4.933660599e+00  5.4630559e-15
4.936127429e+00  1.0157607e-14
4.938595493e+00  1.9907982e-14
4.941064790e+00  3.8322856e-14
4.943535323e+00  7.1117247e-14
4.946007090e+00  1.2663300e-13
4.948480094e+00  2.1603920e-13
4.950954334e+00  3.5304021e-13
4.953429811e+00  5.5274950e-13
4.955906526e+00  8.2967128e-13
4.958384479e+00  1.1948753e-12
4.960863672e+00  1.6527300e-12
4.963344103e+00  2.1976807e-12
4.965825776e+00  2.8117245e-12
4.968308688e+00  3.4632575e-12
4.970792843e+00  4.1079733e-12
4.973278239e+00  4.6924627e-12
4.975764878e+00  5.1606929e-12
4.978252761e+00  5.4628341e-12
4.980741887e+00  5.5647756e-12
4.983232258e+00  5.4558245e-12
4.985723874e+00  5.1519987e-12
4.988216736e+00  4.6933903e-12
4.990710844e+00  4.1360313e-12
4.993206200e+00  3.5406294e-12
4.995702803e+00  2.9615969e-12
4.998200654e+00  2.4392628e-12
5.000699755e+00  1.9969591e-12
5.003200105e+00  1.6423887e-12
5.005701705e+00  1.3717851e-12
5.008204556e+00  1.1748172e-12
5.010708658e+00  1.0389533e-12
5.013214012e+00  9.5207960e-13
5.015720619e+00  9.0462236e-13
5.018228479e+00  8.9498171e-13
5.020737594e+00  9.2480893e-13
5.023247962e+00  1.0073567e-12
5.025759586e+00  1.1821074e-12
5.028272466e+00  1.5307620e-12
5.030786602e+00  2.2200462e-12
5.033301996e+00  3.5694662e-12
5.035818647e+00  6.1615243e-12
5.038336556e+00  1.0947625e-11
5.040855724e+00  1.9480093e-11
5.043376152e+00  3.4308700e-11
5.045897840e+00  5.9275318e-11
5.048420789e+00  9.9046721e-11
5.050945000e+00  1.6137390e-10
5.053470472e+00  2.5807895e-10
5.055997207e+00  4.0876726e-10
5.058525206e+00  6.4729022e-10
5.061054469e+00  1.0318935e-09
5.063584996e+00  1.6588273e-09
5.066116788e+00  2.6771774e-09
5.068649847e+00  4.3001482e-09
5.071184172e+00  6.7994693e-09
5.073719764e+00  1.0481491e-08
5.076256624e+00  1.5627140e-08
5.078794752e+00  2.2404127e-08
5.081334149e+00  3.0766321e-08
5.083874816e+00  4.0373971e-08
5.086416754e+00  5.0576914e-08
5.088959962e+00  6.0493758e-08
5.091504442e+00  6.9190894e-08
5.094050194e+00  7.5921980e-08
5.096597219e+00  8.0358327e-08
5.099145518e+00  8.2712170e-08
5.101695091e+00  8.3655571e-08
5.104245938e+00  8.4181573e-08
5.106798061e+00  8.5302770e-08
5.109351460e+00  8.7873910e-08
5.111906136e+00  9.2643260e-08
5.114462089e+00  1.0063624e-07
5.117019320e+00  1.1387044e-07
5.119577830e+00  1.3622817e-07
5.122137619e+00  1.7418116e-07
5.124698688e+00  2.3694058e-07
5.127261037e+00  3.3559642e-07
5.129824667e+00  4.8096444e-07
5.132389580e+00  6.8022500e-07
5.134955775e+00  9.3297873e-07
5.137523252e+00  1.2279387e-06
5.140092014e+00  1.5415766e-06
5.142662060e+00  1.8402448e-06
5.145233391e+00  2.0857100e-06
5.147806008e+00  2.2433006e-06
5.150379911e+00  2.2903763e-06
5.152955101e+00  2.2225043e-06
5.155531578e+00  2.0553535e-06
5.158109344e+00  1.8218063e-06
5.160688399e+00  1.5653951e-06
5.163268743e+00  1.3321887e-06
5.165850377e+00  1.1632318e-06
5.168433303e+00  1.0887978e-06
5.171017519e+00  1.1246768e-06
5.173603028e+00  1.2701341e-06
5.176189829e+00  1.5073237e-06
5.178777924e+00  1.8026226e-06
5.181367313e+00  2.1102065e-06
5.183957997e+00  2.3792100e-06
5.186549976e+00  2.5629636e-06
5.189143251e+00  2.6289180e-06
5.191737823e+00  2.5664805e-06
5.194333692e+00  2.3905949e-06
5.196930858e+00  2.1398737e-06
5.199529324e+00  1.8711277e-06
5.202129088e+00  1.6515466e-06
5.204730153e+00  1.5512129e-06
5.207332518e+00  1.6365583e-06
5.209936184e+00  1.9639579e-06
5.212541152e+00  2.5724173e-06
5.215147423e+00  3.4745791e-06
5.217754997e+00  4.6477989e-06
5.220363874e+00  6.0290803e-06
5.222974056e+00  7.5178693e-06
5.225585543e+00  8.9889238e-06
5.228198336e+00  1.0313270e-05
5.230812435e+00  1.1381360e-05
5.233427841e+00  1.2120485e-05
5.236044555e+00  1.2501574e-05
5.238662578e+00  1.2534115e-05
5.241281909e+00  1.2254035e-05
5.243902550e+00  1.1712870e-05
5.246524501e+00  1.0967095e-05
5.249147763e+00  1.0081820e-05
5.251772337e+00  9.1337185e-06
5.254398223e+00  8.2176613e-06
5.257025422e+00  7.4557906e-06
5.259653935e+00  7.0044714e-06
5.262283762e+00  7.0737471e-06
5.264914904e+00  7.9495325e-06
5.267547361e+00  1.0018600e-05
5.270181135e+00  1.3784296e-05
5.272816226e+00  1.9855763e-05
5.275452634e+00  2.8888655e-05
5.278090360e+00  4.1478863e-05
5.280729405e+00  5.8007679e-05
5.283369770e+00  7.8479591e-05
5.286011455e+00  1.0240185e-04
5.288654461e+00  1.2875693e-04
5.291298788e+00  1.5609441e-04
5.293944437e+00  1.8272791e-04
5.296591410e+00  2.0698227e-04
5.299239705e+00  2.2742048e-04
5.301889325e+00  2.4299540e-04
5.304540270e+00  2.5310832e-04
5.307192540e+00  2.5758864e-04
5.309846136e+00  2.5662513e-04
5.312501059e+00  2.5067164e-04
5.315157310e+00  2.4034171e-04
5.317814888e+00  2.2630652e-04
5.320473796e+00  2.0921964e-04
5.323134033e+00  1.8969463e-04
5.325795600e+00  1.6834360e-04
5.328458498e+00  1.4585202e-04
5.331122727e+00  1.2303786e-04
5.333788288e+00  1.0084320e-04
5.336455182e+00  8.0239448e-05
5.339123410e+00  6.2072045e-05
5.341792972e+00  4.6905977e-05
5.344463868e+00  3.4933276e-05
5.347136100e+00  2.5975975e-05
5.349809668e+00  1.9579115e-05
5.352484573e+00  1.5155374e-05
5.355160815e+00  1.2136314e-05
5.357838396e+00  1.0081330e-05
5.360517315e+00  8.7388120e-06
5.363197573e+00  8.0479816e-06
5.365879172e+00  8.0975629e-06
5.368562112e+00  9.0593892e-06
5.371246393e+00  1.1101209e-05
5.373932016e+00  1.4302360e-05
5.376618982e+00  1.8577236e-05
5.379307292e+00  2.3626302e-05
5.381996945e+00  2.8934533e-05
5.384687944e+00  3.3832343e-05
5.387380288e+00  3.7609006e-05
5.390073978e+00  3.9665020e-05
5.392769015e+00  3.9650552e-05
5.395465399e+00  3.7549817e-05
5.398163132e+00  3.3681331e-05
5.400862214e+00  2.8613675e-05
5.403562645e+00  2.3026527e-05
5.406264426e+00  1.7563072e-05
5.408967558e+00  1.2717183e-05
5.411672042e+00  8.7802243e-06
5.414377878e+00  5.8477831e-06
5.417085067e+00  3.8669786e-06
5.419793609e+00  2.7000129e-06
5.422503506e+00  2.1792344e-06
5.425214758e+00  2.1431786e-06
5.427927365e+00  2.4522506e-06
5.430641329e+00  2.9909421e-06
5.433356650e+00  3.6661024e-06
5.436073328e+00  4.4088881e-06
5.438791365e+00  5.1826856e-06
5.441510760e+00  5.9940214e-06
5.444231516e+00  6.8981527e-06
5.446953632e+00  7.9905727e-06
5.449677108e+00  9.3798181e-06
5.452401947e+00  1.1143202e-05
5.455128148e+00  1.3278266e-05
5.457855712e+00  1.5668793e-05
5.460584640e+00  1.8081726e-05
5.463314932e+00  2.0204691e-05
5.466046590e+00  2.1717371e-05
5.468779613e+00  2.2375225e-05
5.471514003e+00  2.2076490e-05
5.474249760e+00  2.0887895e-05
5.476986885e+00  1.9019966e-05
5.479725378e+00  1.6762404e-05
5.482465241e+00  1.4404726e-05
5.485206473e+00  1.2170558e-05
5.487949077e+00  1.0185129e-05
5.490693051e+00  8.4798222e-06
5.493438398e+00  7.0231453e-06
5.496185117e+00  5.7601426e-06
5.498933209e+00  4.6439325e-06
5.501682676e+00  3.6508376e-06
5.504433517e+00  2.7794287e-06
5.507185734e+00  2.0398703e-06
5.509939327e+00  1.4416479e-06
5.512694297e+00  9.8507177e-07
5.515450644e+00  6.5871401e-07
5.518208369e+00  4.4169298e-07
5.520967473e+00  3.0835238e-07
5.523727957e+00  2.3301016e-07
5.526489821e+00  1.9332055e-07
5.529253066e+00  1.7243557e-07
5.532017692e+00  1.5859228e-07
5.534783701e+00  1.4517192e-07
5.537551093e+00  1.2936293e-07
5.540319869e+00  1.1106164e-07
5.543090029e+00  9.1764407e-08
5.545861574e+00  7.3788451e-08
5.548634504e+00  5.9875145e-08
5.551408822e+00  5.3362006e-08
5.554184526e+00  5.8581845e-08
5.556961618e+00  8.1762944e-08
5.559740099e+00  1.3180036e-07
5.562519969e+00  2.2052372e-07
5.565301229e+00  3.6190115e-07
5.568083880e+00  5.6967921e-07
5.570867922e+00  8.5334582e-07
5.573653356e+00  1.2131207e-06
5.576440182e+00  1.6373336e-06
5.579228403e+00  2.0953168e-06
5.582018017e+00  2.5476026e-06
5.584809026e+00  2.9532076e-06
5.587601430e+00  3.2894508e-06
5.590395231e+00  3.5787522e-06
5.593190429e+00  3.9219020e-06
5.595987024e+00  4.5353869e-06
5.598785017e+00  5.7877807e-06
5.601584410e+00  8.2248150e-06
5.604385202e+00  1.2564748e-05
5.607187395e+00  1.9638738e-05
5.609990988e+00  3.0252347e-05
5.612795984e+00  4.4961867e-05
5.615602382e+00  6.3795328e-05
5.618410183e+00  8.5993388e-05
5.621219388e+00  1.0987833e-04
5.624029998e+00  1.3295374e-04
5.626842013e+00  1.5227883e-04
5.629655434e+00  1.6506092e-04
5.632470261e+00  1.6930841e-04
5.635286497e+00  1.6433498e-04
5.638104140e+00  1.5093914e-04
5.640923192e+00  1.3119380e-04
5.643743654e+00  1.0792177e-04
5.646565525e+00  8.4038984e-05
5.649388808e+00  6.1974269e-05
5.652213503e+00  4.3317427e-05
5.655039609e+00  2.8743811e-05
5.657867129e+00  1.8165119e-05
5.660696063e+00  1.0999847e-05
5.663526411e+00  6.4545740e-06
5.666358174e+00  3.7418383e-06
5.669191353e+00  2.2067210e-06
5.672025949e+00  1.3709893e-06
5.674861962e+00  9.2192782e-07
5.677699393e+00  6.7480625e-07
5.680538242e+00  5.3047830e-07
5.683378511e+00  4.3990071e-07
5.686220201e+00  3.7955068e-07
5.689063311e+00  3.3701349e-07
5.691907842e+00  3.0354455e-07
5.694753796e+00  2.7513470e-07
5.697601173e+00  2.4596934e-07
5.700449974e+00  2.1427957e-07
5.703300199e+00  1.8042268e-07
5.706151849e+00  1.4648013e-07
5.709004925e+00  1.1568350e-07
5.711859427e+00  9.1977220e-08
5.714715357e+00  8.0070722e-08
5.717572715e+00  8.6099069e-08
5.720431501e+00  1.1873455e-07
5.723291717e+00  1.9031004e-07
5.726153363e+00  3.1722566e-07
5.729016439e+00  5.1883090e-07
5.731880948e+00  8.1408654e-07
5.734746888e+00  1.2158647e-06
5.737614261e+00  1.7237802e-06
5.740483069e+00  2.3176206e-06
5.743353310e+00  2.9542604e-06
5.746224987e+00  3.5707222e-06
5.749098099e+00  4.0944114e-06
5.751972648e+00  4.4588442e-06
5.754848635e+00  4.6205743e-06
5.757726059e+00  4.5714807e-06
5.760604922e+00  4.3417165e-06
5.763485224e+00  3.9916886e-06
5.766366967e+00  3.5955008e-06
5.769250151e+00  3.2215237e-06
5.772134776e+00  2.9166350e-06
5.775020843e+00  2.6989427e-06
5.777908353e+00  2.5602995e-06
5.780797308e+00  2.4762194e-06
5.783687706e+00  2.4184314e-06
5.786579550e+00  2.3650549e-06
5.789472840e+00  2.3051379e-06
5.792367576e+00  2.2371203e-06
5.795263760e+00  2.1633730e-06
5.798161392e+00  2.0843220e-06
5.801060473e+00  1.9952194e-06
5.803961003e+00  1.8868767e-06
5.806862983e+00  1.7496790e-06
5.809766415e+00  1.5785083e-06
5.812671298e+00  1.3762057e-06
5.815577634e+00  1.1540390e-06
5.818485423e+00  9.2938066e-07
5.821394665e+00  7.2147379e-07
5.824305363e+00  5.4761662e-07
5.827217515e+00  4.2050514e-07
5.830131124e+00  3.4738364e-07
5.833046190e+00  3.3047061e-07
5.835962713e+00  3.6778347e-07
5.838880694e+00  4.5361583e-07
5.841800134e+00  5.7843216e-07
5.844721035e+00  7.2854432e-07
5.847643395e+00  8.8625586e-07
5.850567217e+00  1.0311372e-06
5.853492500e+00  1.1427002e-06
5.856419247e+00  1.2039804e-06
5.859347456e+00  1.2050443e-06
5.862277130e+00  1.1452482e-06
5.865208268e+00  1.0333337e-06
5.868140873e+00  8.8531609e-07
5.871074943e+00  7.2074136e-07
5.874010481e+00  5.5852103e-07
5.876947486e+00  4.1365525e-07
5.879885960e+00  2.9553944e-07
5.882825903e+00  2.0805821e-07
5.885767315e+00  1.5101458e-07
5.888710199e+00  1.2214331e-07
5.891654554e+00  1.1895366e-07
5.894600381e+00  1.3985257e-07
5.897547682e+00  1.8429004e-07
5.900496456e+00  2.5199580e-07
5.903446704e+00  3.4156501e-07
5.906398427e+00  4.4893972e-07
5.909351626e+00  5.6639016e-07
5.912306302e+00  6.8258350e-07
5.915262455e+00  7.8413180e-07
5.918220087e+00  8.5808030e-07
5.921179197e+00  8.9539067e-07
5.924139786e+00  8.9361644e-07
5.927101856e+00  8.5829356e-07
5.930065407e+00  8.0252588e-07
5.933030440e+00  7.4495081e-07
5.935996955e+00  7.0753655e-07
5.938964953e+00  7.1232296e-07
5.941934436e+00  7.8197727e-07
5.944905403e+00  9.4004835e-07
5.947877856e+00  1.2128751e-06
5.950851795e+00  1.6310758e-06
5.953827221e+00  2.2306369e-06
5.956804134e+00  3.0529115e-06
5.959782536e+00  4.1454630e-06
5.962762428e+00  5.5649278e-06
5.965743809e+00  7.3816706e-06
5.968726681e+00  9.6825583e-06
5.971711044e+00  1.2564744e-05
5.974696900e+00  1.6112798e-05
5.977684248e+00  2.0356429e-05
5.980673090e+00  2.5216258e-05
5.983663427e+00  3.0456609e-05
5.986655258e+00  3.5670382e-05
5.989648586e+00  4.0315623e-05
5.992643410e+00  4.3806312e-05
5.995639732e+00  4.5636927e-05
5.998637552e+00  4.5503207e-05
6.001636871e+00  4.3378899e-05
6.004637689e+00  3.9523131e-05
6.007640008e+00  3.4417724e-05
6.010643828e+00  2.8657833e-05
6.013649150e+00  2.2831640e-05
6.016655974e+00  1.7422800e-05
6.019664302e+00  1.2755190e-05
6.022674135e+00  8.9827480e-06
6.025685472e+00  6.1172534e-06
6.028698314e+00  4.0751077e-06
6.031712663e+00  2.7256459e-06
6.034728520e+00  1.9414808e-06
6.037745884e+00  1.6335232e-06
6.040764757e+00  1.7805467e-06
6.043785139e+00  2.4523135e-06
6.046807032e+00  3.8290259e-06
6.049830435e+00  6.2134570e-06
6.052855351e+00  1.0027646e-05
6.055881778e+00  1.5780778e-05
6.058909719e+00  2.4002727e-05
6.061939174e+00  3.5113424e-05
6.064970144e+00  4.9312435e-05
6.068002629e+00  6.6369791e-05
6.071036630e+00  8.5635947e-05
6.074072148e+00  1.0608378e-04
6.077109184e+00  1.2658455e-04
6.080147739e+00  1.4651856e-04
6.083187813e+00  1.6657948e-04
6.086229407e+00  1.8978088e-04
6.089272522e+00  2.2243214e-04
6.092317158e+00  2.7477808e-04
6.095363316e+00  3.6089993e-04
6.098410998e+00  4.9746203e-04
6.101460204e+00  7.0102579e-04
6.104510934e+00  9.8399259e-04
6.107563189e+00  1.3497647e-03
6.110616971e+00  1.7882890e-03
6.113672279e+00  2.2735230e-03
6.116729115e+00  2.7642560e-03
6.119787480e+00  3.2089989e-03
6.122847374e+00  3.5544323e-03
6.125908797e+00  3.7556019e-03
6.128971752e+00  3.7852092e-03
6.132036238e+00  3.6393743e-03
6.135102256e+00  3.3382226e-03
6.138169807e+00  2.9212071e-03
6.141238892e+00  2.4386401e-03
6.144309511e+00  1.9418925e-03
6.147381666e+00  1.4747907e-03
6.150455357e+00  1.0681044e-03
6.153530584e+00  7.3776061e-04
6.156607350e+00  4.8637676e-04
6.159685653e+00  3.0689314e-04
6.162765496e+00  1.8696597e-04
6.165846879e+00  1.1280593e-04
6.168929802e+00  7.2093329e-05
6.172014267e+00  5.5532977e-05
6.175100274e+00  5.7407974e-05
6.178187825e+00  7.5429050e-05
6.181276919e+00  1.1021437e-04
6.184367557e+00  1.6464836e-04
6.187459741e+00  2.4328978e-04
6.190553471e+00  3.5184182e-04
6.193648747e+00  4.9672587e-04
6.196745572e+00  6.8432976e-04
6.199843945e+00  9.1986357e-04
6.202943867e+00  1.2052754e-03
6.206045338e+00  1.5363482e-03
6.209148361e+00  1.8996726e-03
6.212252935e+00  2.2706906e-03
6.215359062e+00  2.6144872e-03
6.218466741e+00  2.8902610e-03
6.221575975e+00  3.0592323e-03
6.224686763e+00  3.0942377e-03
6.227799106e+00  2.9877482e-03
6.230913006e+00  2.7557780e-03
6.234028462e+00  2.4359440e-03
6.237145476e+00  2.0803805e-03
6.240264049e+00  1.7458540e-03
6.243384181e+00  1.4842428e-03
6.246505873e+00  1.3358903e-03
6.249629126e+00  1.3269406e-03
6.252753941e+00  1.4702404e-03
6.255880318e+00  1.7682508e-03
6.259008258e+00  2.2162099e-03
6.262137762e+00  2.8039394e-03
6.265268831e+00  3.5152163e-03
6.268401465e+00  4.3249685e-03
6.271535666e+00  5.1953326e-03
6.274671434e+00  6.0729079e-03
6.277808770e+00  6.8899613e-03
6.280947674e+00  7.5717119e-03
6.284088148e+00  8.0496281e-03
6.287230192e+00  8.2779855e-03
6.290373807e+00  8.2483156e-03
6.293518994e+00  7.9960173e-03
6.296665753e+00  7.5950425e-03
6.299814086e+00  7.1410703e-03
6.302963993e+00  6.7274005e-03
6.306115475e+00  6.4211728e-03
6.309268533e+00  6.2474008e-03
6.312423167e+00  6.1857421e-03
6.315579379e+00  6.1805092e-03
6.318737168e+00  6.1601212e-03
6.321896537e+00  6.0594372e-03
6.325057485e+00  5.8380451e-03
6.328220014e+00  5.4894739e-03
6.331384124e+00  5.0396216e-03
6.334549816e+00  4.5361310e-03
6.337717091e+00  4.0330580e-03
6.340885950e+00  3.5759118e-03
6.344056393e+00  3.1913351e-03
6.347228421e+00  2.8837157e-03
6.350402035e+00  2.6384876e-03
6.353577236e+00  2.4300001e-03
6.356754025e+00  2.2311086e-03
6.359932402e+00  2.0212151e-03
6.363112368e+00  1.7910547e-03
6.366293924e+00  1.5433406e-03
6.369477071e+00  1.2899214e-03
6.372661810e+00  1.0468727e-03
6.375848140e+00  8.2934887e-04
6.379036064e+00  6.4769327e-04
6.382225583e+00  5.0563579e-04
6.385416695e+00  4.0066662e-04
6.388609404e+00  3.2591354e-04
6.391803708e+00  2.7268083e-04
6.394999610e+00  2.3283129e-04
6.398197110e+00  2.0022822e-04
6.401396209e+00  1.7126382e-04
6.404596907e+00  1.4453477e-04
6.407799205e+00  1.2003411e-04
6.411003105e+00  9.8284355e-05
6.414208606e+00  7.9712654e-05
6.417415711e+00  6.4338145e-05
6.420624418e+00  5.1802892e-05
6.423834731e+00  4.1554715e-05
6.427046648e+00  3.3048179e-05
6.430260171e+00  2.5871969e-05
6.433475301e+00  1.9800230e-05
6.436692039e+00  1.4727384e-05
6.439910385e+00  1.0609433e-05
6.443130340e+00  7.3958098e-06
6.446351905e+00  4.9986556e-06
6.449575081e+00  3.2924454e-06
6.452799869e+00  2.1317130e-06
6.456026269e+00  1.3728479e-06
6.459254282e+00  8.9171266e-07
6.462483909e+00  5.9134814e-07
6.465715151e+00  4.0280812e-07
6.468948009e+00  2.8047384e-07
6.472182483e+00  1.9726990e-07
6.475418574e+00  1.3803344e-07
6.478656283e+00  9.4713217e-08
6.481895611e+00  6.3004049e-08
6.485136559e+00  4.0200366e-08
6.488379127e+00  2.4572302e-08
6.491623317e+00  1.4331238e-08
6.494869129e+00  7.9425002e-09
6.498116563e+00  4.1749416e-09
6.501365622e+00  2.0793827e-09
6.504616304e+00  9.7619694e-10
6.507868612e+00  4.3684782e-10
6.511122547e+00  1.8494564e-10
6.514378108e+00  7.4079143e-11
6.517635297e+00  2.8071673e-11
6.520894115e+00  1.0063879e-11
6.524154562e+00  3.4129840e-12
6.527416639e+00  1.3443239e-15
6.530680347e+00  5.2774699e-16
6.533945688e+00  5.9763475e-16
6.537212660e+00  6.4523188e-16
6.540481267e+00  6.6208315e-16
6.543751507e+00  6.4583086e-16
6.547023383e+00  6.0060180e-16
6.550296895e+00  5.3593619e-16
6.553572043e+00  4.6452005e-16
6.556848829e+00  3.9924881e-16
6.560127254e+00  3.5054169e-16
6.563407317e+00  3.2453168e-16
6.566689021e+00  3.2239509e-16
6.569972366e+00  3.4083963e-16
6.573257352e+00  3.7342152e-16
6.576543980e+00  4.1224535e-16
6.579832252e+00  4.4959111e-16
6.583122169e+00  4.7911906e-16
6.586413730e+00  4.9648187e-16
6.589706936e+00  4.9937984e-16
6.593001790e+00  4.8726789e-16
6.596298291e+00  4.6097411e-16
6.599596440e+00  4.2241511e-16
6.602896238e+00  3.7443915e-16
6.606197686e+00  3.2069252e-16
6.609500785e+00  2.6536614e-16
6.612805536e+00  2.1276920e-16
6.616111938e+00  1.6673410e-16
6.619419994e+00  1.3007974e-16
6.622729704e+00  1.0421555e-16
6.626041069e+00  8.9561555e-17
6.629354090e+00  8.5045502e-17
6.632668767e+00  8.9415717e-17
6.635985101e+00  1.0339566e-16
6.639303094e+00  1.3212963e-16
6.642622745e+00  1.9033118e-16
6.645944057e+00  3.1020881e-16
6.649267029e+00  5.5292064e-16
6.652591662e+00  1.0230085e-15
6.655917958e+00  1.8828576e-15
6.659245917e+00  3.3607677e-15
6.662575540e+00  5.7427485e-15
6.665906828e+00  9.3370495e-15
6.669239781e+00  1.4404632e-14
6.672574401e+00  2.1060028e-14
6.675910688e+00  2.9163680e-14
6.679248644e+00  3.8242737e-14
6.682588268e+00  4.7482683e-14
6.685929562e+00  5.5820047e-14
6.689272527e+00  2.4253423e-13
6.692617163e+00  5.9740768e-13
6.695963472e+00  1.5491538e-12
6.699311453e+00  3.9775610e-12
6.702661109e+00  9.8317492e-12
6.706012440e+00  2.3138818e-11
6.709365446e+00  5.1638431e-11
6.712720129e+00  1.0911471e-10
6.716076489e+00  2.1819292e-10
6.719434527e+00  4.1282131e-10
6.722794244e+00  7.3895482e-10
6.726155641e+00  1.2514033e-09
6.729518719e+00  2.0049173e-09
6.732883478e+00  3.0388835e-09
6.736249920e+00  4.3576218e-09
6.739618045e+00  5.9115689e-09
6.742987854e+00  7.5870620e-09
6.746359348e+00  9.2121745e-09
6.749732528e+00  1.0582013e-08
6.753107394e+00  1.1499848e-08
6.756483948e+00  1.1823158e-08
6.759862190e+00  1.1499859e-08
6.763242121e+00  1.0582035e-08
6.766623742e+00  9.2122027e-09
6.770007054e+00  7.5870931e-09
6.773392057e+00  5.9115990e-09
6.776778753e+00  4.3576481e-09
6.780167143e+00  3.0389040e-09
6.783557226e+00  2.0049310e-09
6.786949005e+00  1.2514097e-09
6.790342479e+00  7.3895374e-10
6.793737651e+00  4.1281229e-10
6.797134519e+00  2.1817532e-10
6.800533087e+00  1.0908782e-10
6.803933353e+00  5.1601767e-11
6.807335320e+00  2.3092477e-11
6.810738988e+00  9.7767410e-12
6.814144357e+00  3.9159339e-12
6.817551429e+00  1.5203469e-12
6.820960205e+00  3.6665783e-12
6.824370685e+00  9.9638494e-12
6.827782870e+00  2.7334373e-11
6.831196762e+00  7.2270663e-11
6.834612360e+00  1.8082325e-10
6.838029666e+00  4.2821543e-10
6.841448681e+00  9.5953031e-10
6.844869406e+00  2.0347320e-09
6.848291840e+00  4.0833174e-09
6.851715986e+00  7.7550177e-09
6.855141844e+00  1.3938747e-08
6.858569415e+00  2.3710737e-08
6.861998700e+00  3.8173129e-08
6.865429699e+00  5.8166822e-08
6.868862414e+00  8.3890799e-08
6.872296845e+00  1.1452367e-07
6.875732994e+00  1.4799388e-07
6.879170860e+00  1.8104720e-07
6.882610446e+00  2.0969102e-07
6.886051751e+00  2.2996348e-07
6.889494777e+00  2.3883255e-07
6.892939524e+00  2.3494475e-07
6.896385994e+00  2.1896740e-07
6.899834187e+00  1.9340434e-07
6.903284104e+00  1.6195415e-07
6.906735746e+00  1.2863690e-07
6.910189114e+00  9.6972091e-08
6.913644208e+00  6.9431559e-08
6.917101030e+00  4.7259368e-08
6.920559581e+00  3.0613319e-08
6.924019861e+00  1.8896427e-08
6.927481871e+00  1.1131152e-08
6.930945612e+00  6.2681396e-09
6.934411084e+00  3.3813320e-09
6.937878290e+00  1.7527189e-09
6.941347229e+00  8.7819365e-10
6.944817903e+00  4.3163202e-10
6.948290312e+00  2.1628903e-10
6.951764457e+00  1.2040944e-10
6.955240339e+00  8.3665488e-11
6.958717959e+00  7.4761429e-11
6.962197318e+00  7.6962449e-11
6.965678417e+00  8.4805116e-11
6.969161256e+00  9.2752721e-11
6.972645837e+00  9.8833782e-11
6.976132160e+00  1.0235368e-10
6.979620226e+00  1.0302756e-10
6.983110036e+00  1.0090039e-10
6.986601591e+00  9.6034941e-11
6.990094892e+00  8.8675920e-11
6.993589939e+00  7.9217307e-11
6.997086734e+00  6.8238291e-11
7.000585277e+00  5.6485766e-11
7.004085570e+00  4.4787897e-11
7.007587613e+00  3.3922113e-11
7.011091407e+00  2.4485413e-11
7.014596952e+00  1.6812912e-11
7.018104251e+00  1.0966864e-11
7.021613303e+00  6.7885398e-12
7.025124110e+00  3.9848308e-12
7.028636672e+00  2.2171418e-12
7.032150990e+00  1.1691645e-12
7.035667065e+00  5.8451951e-13
7.039184899e+00  2.7736185e-13
7.042704491e+00  1.2492679e-13
7.046225844e+00  5.4114996e-14
7.049748957e+00  2.2916702e-14
7.053273831e+00  1.0135656e-14
7.056800468e+00  5.6529975e-15
7.060328868e+00  5.0863301e-15
7.063859033e+00  6.5122590e-15
7.067390962e+00  1.0338002e-14
7.070924658e+00  1.5949078e-14
7.074460120e+00  2.3534368e-14
7.077997350e+00  3.3006860e-14
7.081536349e+00  4.3893794e-14
7.085077117e+00  5.5298840e-14
7.088619655e+00  6.5979196e-14
7.092163965e+00  7.4552092e-14
7.095710047e+00  7.9785873e-14
7.099257902e+00  8.0899510e-14
7.102807531e+00  3.1544156e-12
7.106358935e+00  7.5622923e-11
7.109912115e+00  2.3001214e-10
7.113467071e+00  6.3905944e-10
7.117023804e+00  1.6807143e-09
7.120582316e+00  4.1837484e-09
7.124142607e+00  9.8569391e-09
7.127704678e+00  2.1979507e-08
7.131268531e+00  4.6386375e-08
7.134834165e+00  9.2652657e-08
7.138401582e+00  1.7515363e-07
7.141970783e+00  3.1338157e-07
7.145541768e+00  5.3066498e-07
7.149114539e+00  8.5047195e-07
7.152689096e+00  1.2900080e-06
7.156265441e+00  1.8519030e-06
7.159843574e+00  2.5161608e-06
7.163423496e+00  3.2355948e-06
7.167005207e+00  3.9379209e-06
7.170588710e+00  4.5360605e-06
7.174174004e+00  4.9452910e-06
7.177761091e+00  5.1027998e-06
7.181349972e+00  4.9834678e-06
7.184940647e+00  4.6064282e-06
7.188533117e+00  4.0300446e-06
7.192127384e+00  3.3371209e-06
7.195723447e+00  2.6154986e-06
7.199321309e+00  1.9402679e-06
7.202920970e+00  1.3623792e-06
7.206522430e+00  9.0545775e-07
7.210125691e+00  5.6960959e-07
7.213730754e+00  3.3918049e-07
7.217337620e+00  1.9117684e-07
7.220946288e+00  1.0199973e-07
7.224556762e+00  5.1515388e-08
7.228169040e+00  2.4631203e-08
7.231783125e+00  1.1153726e-08
7.235399016e+00  4.7909311e-09
7.239016716e+00  1.9677386e-09
7.242636224e+00  8.5286984e-10
7.246257542e+00  5.4757545e-10
7.249880671e+00  7.7854287e-10
7.253505611e+00  1.6727173e-09
7.257132364e+00  3.8965649e-09
7.260760930e+00  8.7493415e-09
7.264391311e+00  1.8762352e-08
7.268023506e+00  3.8337235e-08
7.271657518e+00  7.4537303e-08
7.275293347e+00  1.3776752e-07
7.278930993e+00  2.4190753e-07
7.282570459e+00  4.0332230e-07
7.286211744e+00  6.3821242e-07
7.289854850e+00  9.5813330e-07
7.293499777e+00  1.3642483e-06
7.297146527e+00  1.8418110e-06
7.300795101e+00  2.3570786e-06
7.304445498e+00  2.8588272e-06
7.308097721e+00  3.2855395e-06
7.311751770e+00  3.5773535e-06
7.315407646e+00  3.6897329e-06
7.319065350e+00  3.6045942e-06
7.322724882e+00  3.3350667e-06
7.326386245e+00  2.9221640e-06
7.330049438e+00  2.4245316e-06
7.333714462e+00  1.9048075e-06
7.337381320e+00  1.4169557e-06
7.341050010e+00  9.9800136e-07
7.344720535e+00  6.6553692e-07
7.348392896e+00  4.2023615e-07
7.352067092e+00  2.5127661e-07
7.355743126e+00  1.4233752e-07
7.359420997e+00  7.6467608e-08
7.363100708e+00  3.9080588e-08
7.366782258e+00  1.9161055e-08
7.370465649e+00  9.2149527e-09
7.374150882e+00  4.5831683e-09
7.377837957e+00  2.5958067e-09
7.381526876e+00  1.8352863e-09
7.385217640e+00  1.6053887e-09
7.388910249e+00  1.5882014e-09
7.392604704e+00  1.6361232e-09
7.396301006e+00  1.7339954e-09
7.399999157e+00  1.8338718e-09
7.403699156e+00  1.9177292e-09
7.407401006e+00  1.9712867e-09
7.411104706e+00  1.9799424e-09
7.414810259e+00  1.9342049e-09
7.418517664e+00  1.8337167e-09
7.422226923e+00  1.6879451e-09
7.425938036e+00  1.5135363e-09
7.429651005e+00  1.3305047e-09
7.433365831e+00  1.1605605e-09
7.437082514e+00  1.0179405e-09
7.440801055e+00  9.4371438e-10
7.444521455e+00  9.7606852e-10
7.448243716e+00  1.2346064e-09
7.451967838e+00  1.9628441e-09
7.455693822e+00  3.6453161e-09
7.459421669e+00  7.1869906e-09
7.463151380e+00  1.4168033e-08
7.466882955e+00  2.7156130e-08
7.470616397e+00  5.0005491e-08
7.474351705e+00  8.7999589e-08
7.478088881e+00  1.4762823e-07
7.481827925e+00  2.3577516e-07
7.485568839e+00  3.5818509e-07
7.489311624e+00  5.1731035e-07
7.493056279e+00  7.0997575e-07
7.496802808e+00  9.2562398e-07
7.500551209e+00  1.1460312e-06
7.504301485e+00  1.3471477e-06
7.508053635e+00  1.5030963e-06
7.511807662e+00  1.5915271e-06
7.515563566e+00  1.5988417e-06
7.519321348e+00  1.5236124e-06
7.523081008e+00  1.3770171e-06
7.526842549e+00  1.1801109e-06
7.530605970e+00  9.5885467e-07
7.534371273e+00  7.3852023e-07
7.538138459e+00  5.3912658e-07
7.541907528e+00  3.7298076e-07
7.545678482e+00  2.4451723e-07
7.549451321e+00  1.5189862e-07
7.553226047e+00  8.9439211e-08
7.557002660e+00  4.9993614e-08
7.560781161e+00  2.6699877e-08
7.564561552e+00  1.4024202e-08
7.568343832e+00  8.0981233e-09
7.572128004e+00  6.6813573e-09
7.575914068e+00  8.9720773e-09
7.579702025e+00  1.5431702e-08
7.583491876e+00  2.7689762e-08
7.587283622e+00  4.8500448e-08
7.591077264e+00  8.1657607e-08
7.594872803e+00  1.3170361e-07
7.598670239e+00  2.0334648e-07
7.602469574e+00  3.0038923e-07
7.606270809e+00  4.2434462e-07
7.610073944e+00  5.7288838e-07
7.613878981e+00  7.3864464e-07
7.617685921e+00  9.0890302e-07
7.621494764e+00  1.0667632e-06
7.625305511e+00  1.1938478e-06
7.629118164e+00  1.2741469e-06
7.632932723e+00  1.2979927e-06
7.636749189e+00  1.2648794e-06
7.640567564e+00  1.1840557e-06
7.644387848e+00  1.0725000e-06
7.648210042e+00  9.5078422e-07
7.652034147e+00  8.3807773e-07
7.655860164e+00  7.4780931e-07
7.659688094e+00  6.8522152e-07
7.663517938e+00  6.4735722e-07
7.667349697e+00  6.2521411e-07
7.671183372e+00  6.0718213e-07
7.675018963e+00  5.8261963e-07
7.678856473e+00  5.4455398e-07
7.682695901e+00  4.9090957e-07
7.686537249e+00  4.2419597e-07
7.690380518e+00  3.5004914e-07
7.694225708e+00  2.7527432e-07
7.698072821e+00  2.0604240e-07
7.701921857e+00  1.4669578e-07
7.705772818e+00  9.9309236e-08
7.709625705e+00  6.3912249e-08
7.713480517e+00  3.9100150e-08
7.717337258e+00  2.2753129e-08
7.721195926e+00  1.2621861e-08
7.725056524e+00  6.7518556e-09
7.728919053e+00  3.6710071e-09
7.732783512e+00  2.4417729e-09
7.736649904e+00  2.7083917e-09
7.740518229e+00  4.7009696e-09
7.744388488e+00  9.1555983e-09
7.748260682e+00  1.7827328e-08
7.752134813e+00  3.3714778e-08
7.756010880e+00  6.1768245e-08
7.759888885e+00  1.1001341e-07
7.763768830e+00  1.9138875e-07
7.767650714e+00  3.2552046e-07
7.771534540e+00  5.4244480e-07
7.775420307e+00  8.8490913e-07
7.779308017e+00  1.4096855e-06
7.783197671e+00  2.1853266e-06
7.787089270e+00  3.2847717e-06
7.790982815e+00  4.7725113e-06
7.794878306e+00  6.6884692e-06
7.798775745e+00  9.0332697e-06
7.802675133e+00  1.1760456e-05
7.806576471e+00  1.4779172e-05
7.810479759e+00  1.7966036e-05
7.814384999e+00  2.1179794e-05
7.818292191e+00  2.4270447e-05
7.822201337e+00  2.7078189e-05
7.826112438e+00  2.9425726e-05
7.830025494e+00  3.1115311e-05
7.833940507e+00  3.1943304e-05
7.837857477e+00  3.1737483e-05
7.841776406e+00  3.0408702e-05
7.845697294e+00  2.7996806e-05
7.849620143e+00  2.4688522e-05
7.853544953e+00  2.0794832e-05
7.857471725e+00  1.6692157e-05
7.861400461e+00  1.2746931e-05
7.865331161e+00  9.2486228e-06
7.869263827e+00  6.3707084e-06
7.873198459e+00  4.1662278e-06
7.877135058e+00  2.5915373e-06
7.881073626e+00  1.5443318e-06
7.885014162e+00  9.0162419e-07
7.888956669e+00  5.4796194e-07
7.892901148e+00  3.9052887e-07
7.896847598e+00  3.6271953e-07
7.900796022e+00  4.2033254e-07
7.904746420e+00  5.3460197e-07
7.908698793e+00  6.8499987e-07
7.912653143e+00  8.5438632e-07
7.916609469e+00  1.0260723e-06
7.920567774e+00  1.1837026e-06
7.924528058e+00  1.3124172e-06
7.928490322e+00  1.4015895e-06
7.932454567e+00  1.4468927e-06
7.936420794e+00  1.4538788e-06
7.940389005e+00  1.4403325e-06
7.944359199e+00  1.4382608e-06
7.948331379e+00  1.4944522e-06
7.952305545e+00  1.6683645e-06
7.956281697e+00  2.0258465e-06
7.960259838e+00  2.6275958e-06
7.964239968e+00  3.5126865e-06
7.968222088e+00  4.6798834e-06
7.972206199e+00  6.0720929e-06
7.976192302e+00  7.5707883e-06
7.980180398e+00  9.0061611e-06
7.984170489e+00  1.0184490e-05
7.988162574e+00  1.0927836e-05
7.992156655e+00  1.1115306e-05
7.996152734e+00  1.0712780e-05
8.000150810e+00  9.7827540e-06
8.004150885e+00  8.4710343e-06
8.008152961e+00  6.9644710e-06
8.012157037e+00  5.4723124e-06
8.016163116e+00  4.1983010e-06
8.020171197e+00  3.3532417e-06
8.024181283e+00  3.2065257e-06
8.028193374e+00  4.1821826e-06
8.032207470e+00  6.9934292e-06
8.036223574e+00  1.2792794e-05
8.040241686e+00  2.3289358e-05
8.044261807e+00  4.0754769e-05
8.048283938e+00  6.7821227e-05
8.052308079e+00  1.0699153e-04
8.056334234e+00  1.5985625e-04
8.060362401e+00  2.2614455e-04
8.064392582e+00  3.0288643e-04
8.068424778e+00  3.8405665e-04
8.072458991e+00  4.6102515e-04
8.076495220e+00  5.2391746e-04
8.080533468e+00  5.6364720e-04
8.084573734e+00  5.7406105e-04
8.088616021e+00  5.5350286e-04
8.092660329e+00  5.0524957e-04
8.096706659e+00  4.3666147e-04
8.100755013e+00  3.5734949e-04
8.104805390e+00  2.7698652e-04
8.108857793e+00  2.0344306e-04
8.112912222e+00  1.4171576e-04
8.116968678e+00  9.3770143e-05
8.121027162e+00  5.9102672e-05
8.125087676e+00  3.5661758e-05
8.129150220e+00  2.0773209e-05
8.133214795e+00  1.1838091e-05
8.137281402e+00  6.7240584e-06
8.141350043e+00  3.8885551e-06
8.145420718e+00  2.3278834e-06
8.149493428e+00  1.4481000e-06
8.153568175e+00  9.2664038e-07
8.157644959e+00  6.0034219e-07
8.161723782e+00  3.8972605e-07
8.165804643e+00  2.5440598e-07
8.169887546e+00  1.7165853e-07
8.173972490e+00  1.3215070e-07
8.178059476e+00  1.2261121e-07
8.182148506e+00  1.3884644e-07
8.186239580e+00  1.8000327e-07
8.190332700e+00  2.4883298e-07
8.194427866e+00  3.5284746e-07
8.198525080e+00  5.0694514e-07
8.202624342e+00  7.3923764e-07
8.206725655e+00  1.1273660e-06
8.210829017e+00  1.7648539e-06
8.214934432e+00  2.8291409e-06
8.219041899e+00  4.6619374e-06
8.223151420e+00  7.8877343e-06
8.227262996e+00  1.3670879e-05
8.231376627e+00  2.4161917e-05
8.235492316e+00  4.3182135e-05
8.239610062e+00  7.7130226e-05
8.243729867e+00  1.3593316e-04
8.247851732e+00  2.3363304e-04
8.251975658e+00  3.8797136e-04
8.256101645e+00  6.1825490e-04
8.260229696e+00  9.4104917e-04
8.264359811e+00  1.3639567e-03
8.268491991e+00  1.8787916e-03
8.272626237e+00  2.4564661e-03
8.276762550e+00  3.0462603e-03
8.280900931e+00  3.5813605e-03
8.285041382e+00  3.9905925e-03
8.289183903e+00  4.2137701e-03
8.293328494e+00  4.2161643e-03
8.297475159e+00  3.9973129e-03
8.301623896e+00  3.5911026e-03
8.305774708e+00  3.0571163e-03
8.309927596e+00  2.4663021e-03
8.314082559e+00  1.8857076e-03
8.318239601e+00  1.3668053e-03
8.322398720e+00  9.3973166e-04
8.326559920e+00  6.1427837e-04
8.330723200e+00  3.8513349e-04
8.334888561e+00  2.3941717e-04
8.339056006e+00  1.6430284e-04
8.343225534e+00  1.5359760e-04
8.347397146e+00  2.1298180e-04
8.351570845e+00  3.6387141e-04
8.355746630e+00  6.4545963e-04
8.359924504e+00  1.1136467e-03
8.364104466e+00  1.8348840e-03
8.368286518e+00  2.8731467e-03
8.372470662e+00  4.2699245e-03
8.376656897e+00  6.0201824e-03
8.380845225e+00  8.0509601e-03
8.385035648e+00  1.0211637e-02
8.389228166e+00  1.2283936e-02
8.393422780e+00  1.4014899e-02
8.397619491e+00  1.5167560e-02
8.401818301e+00  1.5576513e-02
8.406019210e+00  1.5191402e-02
8.410222220e+00  1.4094095e-02
8.414427331e+00  1.2483787e-02
8.418634544e+00  1.0635023e-02
8.422843862e+00  8.8417661e-03
8.427055284e+00  7.3629442e-03
8.431268811e+00  6.3813802e-03
8.435484446e+00  5.9814708e-03
8.439702188e+00  6.1451206e-03
8.443922039e+00  6.7625948e-03
8.448144000e+00  7.6548853e-03
8.452368072e+00  8.6049853e-03
8.456594256e+00  9.3950372e-03
8.460822553e+00  9.8443296e-03
8.465052965e+00  9.8408272e-03
8.469285491e+00  9.3585384e-03
8.473520134e+00  8.4558478e-03
8.477756894e+00  7.2553455e-03
8.481995772e+00  5.9114845e-03
8.486236770e+00  4.5756481e-03
8.490479889e+00  3.3684619e-03
8.494725128e+00  2.3649921e-03
8.498972491e+00  1.5934108e-03
8.503221977e+00  1.0446627e-03
8.507473588e+00  6.8692689e-04
8.511727325e+00  4.8031678e-04
8.515983189e+00  3.8849821e-04
8.520241180e+00  3.8595169e-04
8.524501301e+00  4.6108684e-04
8.528763552e+00  6.1565946e-04
8.533027933e+00  8.6111395e-04
8.537294447e+00  1.2122942e-03
8.541563095e+00  1.6793649e-03
8.545833876e+00  2.2595067e-03
8.550106793e+00  2.9307166e-03
8.554381846e+00  3.6502867e-03
8.558659037e+00  4.3593076e-03
8.562938367e+00  4.9930191e-03
8.567219836e+00  5.4940178e-03
8.571503446e+00  5.8242462e-03
8.575789198e+00  5.9715091e-03
8.580077092e+00  5.9485426e-03
8.584367131e+00  5.7855310e-03
8.588659314e+00  5.5195379e-03
8.592953644e+00  5.1851372e-03
8.597250121e+00  4.8093056e-03
8.601548746e+00  4.4111319e-03
8.605849520e+00  4.0045796e-03
8.610152445e+00  3.6015571e-03
8.614457521e+00  3.2130822e-03
8.618764750e+00  2.8485185e-03
8.623074132e+00  2.5137059e-03
8.627385669e+00  2.2100359e-03
8.631699362e+00  1.9355222e-03
8.636015212e+00  1.6877484e-03
8.640333220e+00  1.4675697e-03
8.644653386e+00  1.2820555e-03
8.648975713e+00  1.1455537e-03
8.653300201e+00  1.0786076e-03
8.657626851e+00  1.1044332e-03
8.661955664e+00  1.2442483e-03
8.666286642e+00  1.5114058e-03
8.670619785e+00  1.9059429e-03
8.674955095e+00  2.4109064e-03
8.679292573e+00  2.9926601e-03
8.683632219e+00  3.6069357e-03
8.687974035e+00  4.2112740e-03
8.692318022e+00  4.7816168e-03
8.696664181e+00  5.3286851e-03
8.701012513e+00  5.9073519e-03
8.705363020e+00  6.6130754e-03
8.709715701e+00  7.5620020e-03
8.714070559e+00  8.8569114e-03
8.718427594e+00  1.0547224e-02
8.722786808e+00  1.2595595e-02
8.727148201e+00  1.4864796e-02
8.731511776e+00  1.7132753e-02
8.735877531e+00  1.9135257e-02
8.740245470e+00  2.0624800e-02
8.744615593e+00  2.1427078e-02
8.748987901e+00  2.1476912e-02
8.753362395e+00  2.0823243e-02
8.757739076e+00  1.9604974e-02
8.762117945e+00  1.8009907e-02
8.766499004e+00  1.6232816e-02
8.770882254e+00  1.4445028e-02
8.775267695e+00  1.2779100e-02
8.779655329e+00  1.1325181e-02
8.784045157e+00  1.0132025e-02
8.788437179e+00  9.2094883e-03
8.792831398e+00  8.5319050e-03
8.797227813e+00  8.0463781e-03
8.801626427e+00  7.6880039e-03
8.806027241e+00  7.4005359e-03
8.810430254e+00  7.1573157e-03
8.814835469e+00  6.9742326e-03
8.819242887e+00  6.9101871e-03
8.823652508e+00  7.0559676e-03
8.828064335e+00  7.5154990e-03
8.832478367e+00  8.3874232e-03
8.836894606e+00  9.7528913e-03
8.841313053e+00  1.1670745e-02
8.845733710e+00  1.4177795e-02
8.850156577e+00  1.7287724e-02
8.854581655e+00  2.0982963e-02
8.859008946e+00  2.5197309e-02
8.863438450e+00  2.9792996e-02
8.867870170e+00  3.4541082e-02
8.872304105e+00  3.9117501e-02
8.876740257e+00  4.3125772e-02
8.881178627e+00  4.6149218e-02
8.885619216e+00  4.7825427e-02
8.890062026e+00  4.7924634e-02
8.894507057e+00  4.6408125e-02
8.898954310e+00  4.3446732e-02
8.903403787e+00  3.9391705e-02
8.907855489e+00  3.4705956e-02
8.912309417e+00  2.9876870e-02
8.916765572e+00  2.5335216e-02
8.921223955e+00  2.1399421e-02
8.925684567e+00  1.8252855e-02
8.930147409e+00  1.5949937e-02
8.934612483e+00  1.4441640e-02
8.939079789e+00  1.3611404e-02
8.943549329e+00  1.3316227e-02
8.948021103e+00  1.3430938e-02
8.952495114e+00  1.3892023e-02
8.956971361e+00  1.4733507e-02
8.961449847e+00  1.6100971e-02
8.965930572e+00  1.8229890e-02
8.970413537e+00  2.1380485e-02
8.974898744e+00  2.5738187e-02
8.979386194e+00  3.1303986e-02
8.983875887e+00  3.7813559e-02
8.988367825e+00  4.4723413e-02
8.992862008e+00  5.1285374e-02
8.997358439e+00  5.6702952e-02
9.001857119e+00  6.0325730e-02
9.006358047e+00  6.1818484e-02
9.010861226e+00  6.1246414e-02
9.015366657e+00  5.9042905e-02
9.019874340e+00  5.5873434e-02
9.024384277e+00  5.2449517e-02
9.028896470e+00  4.9362083e-02
9.033410918e+00  4.6991083e-02
9.037927623e+00  4.5506767e-02
9.042446587e+00  4.4940001e-02
9.046967810e+00  4.5268077e-02
9.051491294e+00  4.6469025e-02
9.056017040e+00  4.8521162e-02
9.060545048e+00  5.1359392e-02
9.065075321e+00  5.4824517e-02
9.069607859e+00  5.8643329e-02
9.074142663e+00  6.2458546e-02
9.078679734e+00  6.5900107e-02
9.083219074e+00  6.8669316e-02
9.087760683e+00  7.0598155e-02
9.092304564e+00  7.1661130e-02
9.096850716e+00  7.1938517e-02
9.101399141e+00  7.1550231e-02
9.105949841e+00  7.0594264e-02
9.110502816e+00  6.9121765e-02
9.115058067e+00  6.7163565e-02
9.119615596e+00  6.4802241e-02
9.124175404e+00  6.2263182e-02
9.128737492e+00  5.9987819e-02
9.133301860e+00  5.8653936e-02
9.137868511e+00  5.9122909e-02
9.142437446e+00  6.2313952e-02
9.147008664e+00  6.9021564e-02
9.151582169e+00  7.9709557e-02
9.156157960e+00  9.4321259e-02
9.160736039e+00  1.1215241e-01
9.165316407e+00  1.3183115e-01
9.169899065e+00  1.5143727e-01
9.174484014e+00  1.6876550e-01
9.179071256e+00  1.8169653e-01
9.183660792e+00  1.8859812e-01
9.188252622e+00  1.8865375e-01
9.192846749e+00  1.8202263e-01
9.197443172e+00  1.6977935e-01
9.202041894e+00  1.5365083e-01
9.206642915e+00  1.3562871e-01
9.211246236e+00  1.1757599e-01
9.215851859e+00  1.0093337e-01
9.220459785e+00  8.6588709e-02
9.225070015e+00  7.4909821e-02
9.229682550e+00  6.5884575e-02
9.234297391e+00  5.9294935e-02
9.238914540e+00  5.4858328e-02
9.243533997e+00  5.2304856e-02
9.248155764e+00  5.1397784e-02
9.252779842e+00  5.1925547e-02
9.257406232e+00  5.3697164e-02
9.262034935e+00  5.6557540e-02
9.266665953e+00  6.0416401e-02
9.271299286e+00  6.5270502e-02
9.275934935e+00  7.1206290e-02
9.280572903e+00  7.8374089e-02
9.285213189e+00  8.6942354e-02
9.289855796e+00  9.7041807e-02
9.294500724e+00  1.0870583e-01
9.299147974e+00  1.2180709e-01
9.303797548e+00  1.3599505e-01
9.308449447e+00  1.5064860e-01
9.313103672e+00  1.6487098e-01
9.317760223e+00  1.7755358e-01
9.322419104e+00  1.8751856e-01
9.327080313e+00  1.9371725e-01
9.331743853e+00  1.9543542e-01
9.336409725e+00  1.9244717e-01
9.341077930e+00  1.8507088e-01
9.345748469e+00  1.7411398e-01
9.350421343e+00  1.6072335e-01
9.355096554e+00  1.4618426e-01
9.359774102e+00  1.3171958e-01
9.364453989e+00  1.1833428e-01
9.369136216e+00  1.0673368e-01
9.373820784e+00  9.7315274e-02
9.378507695e+00  9.0212433e-02
9.383196949e+00  8.5350016e-02
9.387888547e+00  8.2479778e-02
9.392582491e+00  8.1186132e-02
9.397278783e+00  8.0884135e-02
9.401977422e+00  8.0845920e-02
9.406678411e+00  8.0291241e-02
9.411381750e+00  7.8537051e-02
9.416087441e+00  7.5167465e-02
9.420795485e+00  7.0159426e-02
9.425505882e+00  6.3907770e-02
9.430218635e+00  5.7126067e-02
9.434933745e+00  5.0655822e-02
9.439651211e+00  4.5246044e-02
9.444371037e+00  4.1382342e-02
9.449093222e+00  3.9216379e-02
9.453817769e+00  3.8615014e-02
9.458544678e+00  3.9305056e-02
9.463273950e+00  4.1058694e-02
9.468005587e+00  4.3858585e-02
9.472739590e+00  4.7990540e-02
9.477475960e+00  5.4036774e-02
9.482214698e+00  6.2765294e-02
9.486955805e+00  7.4940619e-02
9.491699283e+00  9.1094758e-02
9.496445133e+00  1.1130857e-01
9.501193355e+00  1.3505299e-01
9.505943952e+00  1.6113340e-01
9.510696924e+00  1.8776520e-01
9.515452272e+00  2.1278018e-01
9.520209999e+00  2.3393769e-01
9.524970104e+00  2.4927857e-01
9.529732589e+00  2.5744642e-01
9.534497455e+00  2.5789806e-01
9.539264704e+00  2.5095429e-01
9.544034336e+00  2.3768316e-01
9.548806353e+00  2.1965744e-01
9.553580756e+00  1.9865952e-01
9.558357547e+00  1.7641413e-01
9.563136726e+00  1.5440385e-01
9.567918294e+00  1.3378366e-01
9.572702253e+00  1.1537416e-01
9.577488604e+00  9.9693814e-02
9.582277348e+00  8.6996215e-02
9.587068487e+00  7.7299700e-02
9.591862021e+00  7.0417457e-02
9.596657952e+00  6.6004415e-02
9.601456281e+00  6.3630349e-02
9.606257009e+00  6.2870716e-02
9.611060138e+00  6.3393831e-02
9.615865668e+00  6.5019752e-02
9.620673601e+00  6.7734042e-02
9.625483938e+00  7.1656577e-02
9.630296680e+00  7.6972186e-02
9.635111828e+00  8.3844942e-02
9.639929384e+00  9.2337584e-02
9.644749349e+00  1.0235838e-01
9.649571723e+00  1.1364921e-01
9.654396509e+00  1.2581927e-01
9.659223707e+00  1.3841777e-01
9.664053319e+00  1.5101863e-01
9.668885346e+00  1.6329306e-01
9.673719789e+00  1.7504588e-01
9.678556648e+00  1.8621195e-01
9.683395927e+00  1.9681720e-01
9.688237625e+00  2.0692218e-01
9.693081744e+00  2.1656043e-01
9.697928284e+00  2.2568385e-01
9.702777249e+00  2.3412635e-01
9.707628637e+00  2.4160129e-01
9.712482452e+00  2.4775515e-01
9.717338693e+00  2.5228362e-01
9.722197362e+00  2.5509276e-01
9.727058461e+00  2.5644640e-01
9.731921990e+00  2.5702203e-01
9.736787951e+00  2.5780915e-01
9.741656345e+00  2.5983907e-01
9.746527173e+00  2.6380965e-01
9.751400437e+00  2.6973280e-01
9.756276137e+00  2.7674438e-01
9.761154275e+00  2.8317239e-01
9.766034852e+00  2.8687069e-01
9.770917870e+00  2.8572825e-01
9.775803329e+00  2.7820824e-01
9.780691230e+00  2.6376238e-01
9.785581576e+00  2.4301071e-01
9.790474367e+00  2.1764971e-01
9.795369604e+00  1.9012249e-01
9.800267289e+00  1.6313852e-01
9.805167422e+00  1.3915849e-01
9.810070006e+00  1.1995612e-01
9.814975041e+00  1.0634579e-01
9.819882528e+00  9.8123675e-02
9.824792470e+00  9.4220932e-02
9.829704866e+00  9.3018911e-02
9.834619718e+00  9.2741509e-02
9.839537028e+00  9.1826759e-02
9.844456797e+00  8.9196554e-02
9.849379025e+00  8.4377450e-02
9.854303715e+00  7.7475235e-02
9.859230867e+00  6.9043291e-02
9.864160482e+00  5.9907311e-02
9.869092562e+00  5.1000447e-02
9.874027109e+00  4.3241103e-02
9.878964122e+00  3.7455965e-02
9.883903604e+00  3.4328890e-02
9.888845556e+00  3.4351100e-02
9.893789979e+00  3.7757360e-02
9.898736874e+00  4.4452752e-02
9.903686242e+00  5.3957933e-02
9.908638085e+00  6.5412983e-02
9.913592404e+00  7.7670658e-02
9.918549200e+00  8.9493151e-02
9.923508475e+00  9.9821474e-02
9.928470229e+00  1.0804713e-01
9.933434464e+00  1.1419660e-01
9.938401182e+00  1.1894859e-01
9.943370382e+00  1.2345597e-01
9.948342067e+00  1.2901207e-01
9.953316238e+00  1.3665966e-01
9.958292897e+00  1.4686765e-01
9.963272043e+00  1.5937317e-01
9.968253679e+00  1.7322920e-01
9.973237806e+00  1.8702566e-01
9.978224425e+00  1.9920398e-01
9.983213537e+00  2.0836822e-01
9.988205144e+00  2.1351806e-01
9.993199246e+00  2.1416833e-01
9.998195846e+00  2.1035967e-01
1.000319494e+01  2.0259624e-01
1.000819654e+01  1.9175356e-01
1.001320064e+01  1.7898978e-01
1.001820724e+01  1.6567244e-01
1.002321634e+01  1.5330927e-01
1.002822795e+01  1.4344827e-01
1.003324207e+01  1.3752230e-01
1.003825869e+01  1.3662686e-01
1.004327782e+01  1.4126797e-01
1.004829946e+01  1.5114977e-01
1.005332360e+01  1.6509304e-01
1.005835027e+01  1.8115615e-01
1.006337944e+01  1.9697475e-01
1.006841113e+01  2.1026625e-01
1.007344534e+01  2.1937344e-01
1.007848206e+01  2.2369250e-01
1.008352130e+01  2.2384916e-01
1.008856306e+01  2.2155395e-01
1.009360734e+01  2.1916030e-01
1.009865415e+01  2.1904123e-01
1.010370347e+01  2.2294992e-01
1.010875533e+01  2.3154090e-01
1.011380970e+01  2.4418467e-01
1.011886661e+01  2.5913294e-01
1.012392604e+01  2.7399405e-01
1.012898800e+01  2.8639408e-01
1.013405250e+01  2.9464271e-01
1.013911952e+01  2.9821029e-01
1.014418908e+01  2.9787153e-01
1.014926118e+01  2.9546940e-01
1.015433581e+01  2.9336686e-01
1.015941298e+01  2.9375615e-01
1.016449268e+01  2.9803449e-01
1.016957493e+01  3.0642891e-01
1.017465972e+01  3.1796144e-01
1.017974705e+01  3.3073609e-01
1.018483692e+01  3.4243038e-01
1.018992934e+01  3.5083365e-01
1.019502430e+01  3.5428291e-01
1.020012182e+01  3.5190097e-01
1.020522188e+01  3.4361334e-01
1.021032449e+01  3.2998226e-01
1.021542965e+01  3.1194134e-01
1.022053737e+01  2.9052718e-01
1.022564763e+01  2.6668663e-01
1.023076046e+01  2.4119964e-01
1.023587584e+01  2.1471299e-01
1.024099378e+01  1.8783290e-01
1.024611427e+01  1.6121658e-01
1.025123733e+01  1.3560418e-01
1.025636295e+01  1.1177282e-01
1.026149113e+01  9.0428789e-02
1.026662188e+01  7.2083660e-02
1.027175519e+01  5.6965869e-02
1.027689106e+01  4.5000075e-02
1.028202951e+01  3.5862290e-02
1.028717052e+01  2.9086045e-02
1.029231411e+01  2.4181297e-02
1.029746027e+01  2.0727484e-02
1.030260900e+01  1.8416750e-02
1.030776030e+01  1.7041876e-02
1.031291418e+01  1.6448261e-02
1.031807064e+01  1.6474517e-02
1.032322967e+01  1.6910908e-02
1.032839129e+01  1.7493176e-02
1.033355548e+01  1.7933951e-02
1.033872226e+01  1.7979054e-02
1.034389162e+01  1.7463926e-02
1.034906357e+01  1.6348912e-02
1.035423810e+01  1.4720748e-02
1.035941522e+01  1.2758865e-02
1.036459493e+01  1.0682045e-02
1.036977722e+01  8.6941146e-03
1.037496211e+01  6.9461377e-03
1.038014959e+01  5.5225318e-03
1.038533967e+01  4.4488861e-03
1.039053234e+01  3.7126895e-03
1.039572761e+01  3.2854037e-03
1.040092547e+01  3.1392712e-03
1.040612593e+01  3.2542261e-03
1.041132899e+01  3.6205172e-03
1.041653466e+01  4.2419768e-03
1.042174293e+01  5.1446304e-03
1.042695380e+01  6.3934700e-03
1.043216728e+01  8.1133214e-03
1.043738336e+01  1.0506390e-02
1.044260205e+01  1.3853042e-02
1.044782335e+01  1.8487006e-02
1.045304726e+01  2.4736191e-02
1.045827379e+01  3.2833351e-02
1.046350292e+01  4.2812618e-02
1.046873468e+01  5.4419909e-02
1.047396904e+01  6.7071188e-02
1.047920603e+01  7.9887138e-02
1.048444563e+01  9.1814120e-02
1.048968785e+01  1.0181221e-01
1.049493270e+01  1.0906444e-01
1.050018016e+01  1.1314431e-01
1.050543025e+01  1.1408765e-01
1.051068297e+01  1.1234173e-01
1.051593831e+01  1.0860933e-01
1.052119628e+01  1.0364298e-01
1.052645688e+01  9.8066371e-02
1.053172011e+01  9.2288246e-02
1.053698597e+01  8.6536391e-02
1.054225446e+01  8.0988531e-02
1.054752559e+01  7.5934072e-02
1.055279935e+01  7.1885395e-02
1.055807575e+01  6.9574605e-02
1.056335479e+01  6.9815040e-02
1.056863646e+01  7.3259881e-02
1.057392078e+01  8.0131073e-02
1.057920774e+01  9.0012928e-02
1.058449735e+01  1.0179193e-01
1.058978959e+01  1.1378626e-01
1.059508449e+01  1.2405322e-01
1.060038203e+01  1.3080536e-01
1.060568222e+01  1.3282477e-01
1.061098506e+01  1.2976183e-01
1.061629056e+01  1.2223775e-01
1.062159870e+01  1.1173024e-01
1.062690950e+01  1.0028474e-01
1.063222296e+01  9.0135889e-02
1.063753907e+01  8.3328031e-02
1.064285784e+01  8.1396955e-02
1.064817927e+01  8.5142012e-02
1.065350336e+01  9.4495218e-02
1.065883011e+01  1.0849539e-01
1.066415952e+01  1.2538197e-01
1.066949160e+01  1.4282973e-01
1.067482635e+01  1.5831777e-01
1.068016376e+01  1.6958412e-01
1.068550384e+01  1.7506827e-01
1.069084659e+01  1.7421957e-01
1.069619202e+01  1.6757415e-01
1.070154011e+01  1.5656717e-01
1.070689088e+01  1.4313467e-01
1.071224433e+01  1.2923100e-01
1.071760045e+01  1.1641547e-01
1.072295925e+01  1.0562848e-01
1.072832073e+01  9.7208176e-02
1.073368489e+01  9.1109829e-02
1.073905173e+01  8.7220633e-02
1.074442126e+01  8.5636622e-02
1.074979347e+01  8.6790084e-02
1.075516837e+01  9.1375487e-02
1.076054595e+01  1.0009479e-01
1.076592622e+01  1.1330822e-01
1.077130919e+01  1.3070987e-01
1.077669484e+01  1.5114394e-01
1.078208319e+01  1.7263714e-01
1.078747423e+01  1.9265987e-01
1.079286797e+01  2.0856115e-01
1.079826440e+01  2.1806871e-01
1.080366353e+01  2.1972601e-01
1.080906537e+01  2.1315546e-01
1.081446990e+01  1.9908677e-01
1.081987713e+01  1.7915784e-01
1.082528707e+01  1.5555754e-01
1.083069972e+01  1.3061387e-01
1.083611507e+01  1.0643140e-01
1.084153312e+01  8.4652252e-02
1.084695389e+01  6.6362653e-02
1.085237737e+01  5.2123478e-02
1.085780356e+01  4.2071642e-02
1.086323246e+01  3.6035476e-02
1.086866407e+01  3.3622481e-02
1.087409841e+01  3.4265716e-02
1.087953545e+01  3.7242114e-02
1.088497522e+01  4.1692475e-02
1.089041771e+01  4.6671953e-02
1.089586292e+01  5.1243199e-02
1.090131085e+01  5.4599865e-02
1.090676151e+01  5.6186349e-02
1.091221489e+01  5.5774370e-02
1.091767099e+01  5.3466572e-02
1.092312983e+01  4.9625172e-02
1.092859139e+01  4.4751241e-02
1.093405569e+01  3.9355366e-02
1.093952272e+01  3.3860675e-02
1.094499248e+01  2.8560171e-02
1.095046498e+01  2.3625047e-02
1.095594021e+01  1.9142171e-02
1.096141818e+01  1.5156195e-02
1.096689889e+01  1.1696024e-02
1.097238234e+01  8.7816234e-03
1.097786853e+01  6.4166227e-03
1.098335746e+01  4.5795435e-03
1.098884914e+01  3.2206606e-03
1.099434357e+01  2.2688322e-03
1.099984074e+01  1.6463896e-03
1.100534066e+01  1.2865132e-03
1.101084333e+01  1.1500948e-03
1.101634875e+01  1.2395309e-03
1.102185692e+01  1.6109892e-03
1.102736785e+01  2.3841979e-03
1.103288154e+01  3.7469773e-03
1.103839798e+01  5.9523545e-03
1.104391718e+01  9.2991751e-03
1.104943913e+01  1.4090751e-02
1.105496385e+01  2.0570790e-02
1.106049134e+01  2.8845707e-02
1.106602158e+01  3.8812414e-02
1.107155459e+01  5.0117311e-02
1.107709037e+01  6.2168016e-02
1.108262892e+01  7.4204846e-02
1.108817023e+01  8.5416899e-02
1.109371431e+01  9.5067786e-02
1.109926117e+01  1.0259482e-01
1.110481080e+01  1.0765309e-01
1.111036321e+01  1.1010550e-01
1.111591839e+01  1.0998309e-01
1.112147635e+01  1.0744953e-01
1.112703709e+01  1.0279401e-01
1.113260061e+01  9.6453035e-02
1.113816691e+01  8.9034253e-02
1.114373599e+01  8.1306370e-02
1.114930786e+01  7.4128959e-02
1.115488251e+01  6.8322116e-02
1.116045995e+01  6.4506387e-02
1.116604018e+01  6.2962564e-02
1.117162320e+01  6.3561146e-02
1.117720901e+01  6.5790341e-02
1.118279762e+01  6.8878749e-02
1.118838902e+01  7.1977011e-02
1.119398321e+01  7.4343307e-02
1.119958020e+01  7.5479892e-02
1.120517999e+01  7.5189642e-02
1.121078258e+01  7.3552189e-02
1.121638797e+01  7.0849324e-02
1.122199617e+01  6.7478623e-02
1.122760717e+01  6.3886806e-02
1.123322097e+01  6.0531543e-02
1.123883758e+01  5.7855091e-02
1.124445700e+01  5.6243577e-02
1.125007923e+01  5.5958046e-02
1.125570427e+01  5.7048519e-02
1.126133212e+01  5.9290585e-02
1.126696279e+01  6.2186552e-02
1.127259627e+01  6.5061721e-02
1.127823257e+01  6.7246408e-02
1.128387168e+01  6.8293257e-02
1.128951362e+01  6.8154894e-02
1.129515837e+01  6.7253456e-02
1.130080595e+01  6.6408161e-02
1.130645636e+01  6.6634837e-02
1.131210958e+01  6.8876090e-02
1.131776564e+01  7.3744919e-02
1.132342452e+01  8.1356593e-02
1.132908623e+01  9.1291557e-02
1.133475078e+01  1.0269327e-01
1.134041815e+01  1.1446171e-01
1.134608836e+01  1.2548371e-01
1.135176141e+01  1.3483653e-01
1.135743729e+01  1.4191679e-01
1.136311601e+01  1.4647181e-01
1.136879756e+01  1.4854087e-01
1.137448196e+01  1.4833849e-01
1.138016920e+01  1.4612733e-01
1.138585929e+01  1.4212753e-01
1.139155222e+01  1.3649395e-01
1.139724799e+01  1.2936764e-01
1.140294662e+01  1.2097537e-01
1.140864809e+01  1.1173590e-01
1.141435242e+01  1.0232556e-01
1.142005959e+01  9.3671555e-02
1.142576962e+01  8.6868202e-02
1.143148251e+01  8.3033871e-02
1.143719825e+01  8.3139883e-02
1.144291685e+01  8.7842283e-02
1.144863831e+01  9.7338734e-02
1.145436262e+01  1.1126531e-01
1.146008981e+01  1.2864750e-01
1.146581985e+01  1.4792388e-01
1.147155276e+01  1.6706342e-01
1.147728854e+01  1.8378857e-01
1.148302718e+01  1.9588888e-01
1.148876869e+01  2.0157790e-01
1.149451308e+01  1.9981399e-01
1.150026034e+01  1.9050354e-01
1.150601047e+01  1.7452483e-01
1.151176347e+01  1.5355965e-01
1.151751935e+01  1.2977678e-01
1.152327811e+01  1.0545035e-01
1.152903975e+01  8.2604936e-02
1.153480427e+01  6.2760415e-02
1.154057167e+01  4.6810847e-02
1.154634196e+01  3.5030138e-02
1.155211513e+01  2.7169678e-02
1.155789119e+01  2.2605408e-02
1.156367013e+01  2.0497497e-02
1.156945197e+01  1.9940895e-02
1.157523669e+01  2.0094842e-02
1.158102431e+01  2.0285334e-02
1.158681482e+01  2.0074202e-02
1.159260823e+01  1.9287650e-02
1.159840454e+01  1.8000162e-02
1.160420374e+01  1.6477373e-02
1.161000584e+01  1.5088682e-02
1.161581084e+01  1.4208205e-02
1.162161875e+01  1.4124882e-02
1.162742956e+01  1.4977770e-02
1.163324327e+01  1.6726000e-02
1.163905989e+01  1.9157224e-02
1.164487942e+01  2.1927990e-02
1.165070186e+01  2.4627721e-02
1.165652722e+01  2.6852030e-02
1.166235548e+01  2.8270109e-02
1.166818666e+01  2.8673566e-02
1.167402075e+01  2.7998762e-02
1.167985776e+01  2.6321511e-02
1.168569769e+01  2.3829176e-02
1.169154054e+01  2.0779441e-02
1.169738631e+01  1.7455383e-02
1.170323500e+01  1.4125211e-02
1.170908662e+01  1.1012327e-02
1.171494116e+01  8.2780653e-03
1.172079863e+01  6.0172219e-03
1.172665903e+01  4.2649493e-03
1.173252236e+01  3.0106989e-03
1.173838862e+01  2.2155736e-03
1.174425782e+01  1.8285919e-03
1.175012995e+01  1.7992786e-03
1.175600501e+01  2.0850098e-03
1.176188301e+01  2.6535266e-03
1.176776396e+01  3.4825811e-03
1.177364784e+01  4.5584298e-03
1.177953466e+01  5.8748227e-03
1.178542443e+01  7.4321242e-03
1.179131714e+01  9.2352864e-03
1.179721280e+01  1.1288986e-02
1.180311141e+01  1.3590139e-02
1.180901296e+01  1.6119080e-02
1.181491747e+01  1.8833032e-02
1.182082493e+01  2.1665714e-02
1.182673534e+01  2.4537911e-02
1.183264871e+01  2.7379669e-02
1.183856503e+01  3.0165359e-02
1.184448431e+01  3.2959662e-02
1.185040656e+01  3.5968759e-02
1.185633176e+01  3.9583363e-02
1.186225992e+01  4.4392220e-02
1.186819105e+01  5.1140444e-02
1.187412515e+01  6.0611585e-02
1.188006221e+01  7.3434511e-02
1.188600224e+01  8.9846834e-02
1.189194525e+01  1.0947848e-01
1.189789122e+01  1.3123372e-01
1.190384016e+01  1.5333947e-01
1.190979208e+01  1.7358268e-01
1.191574698e+01  1.8970285e-01
1.192170485e+01  1.9984428e-01
1.192766571e+01  2.0294805e-01
1.193362954e+01  1.9896822e-01
1.193959635e+01  1.8885235e-01
1.194556615e+01  1.7429767e-01
1.195153893e+01  1.5736412e-01
1.195751470e+01  1.4006461e-01
1.196349346e+01  1.2404454e-01
1.196947521e+01  1.1041600e-01
1.197545995e+01  9.9746634e-02
1.198144768e+01  9.2150042e-02
1.198743840e+01  8.7406156e-02
1.199343212e+01  8.5057658e-02
1.199942883e+01  8.4468722e-02
1.200542855e+01  8.4866626e-02
1.201143126e+01  8.5399649e-02
1.201743698e+01  8.5230943e-02
1.202344570e+01  8.3660149e-02
1.202945742e+01  8.0241257e-02
1.203547215e+01  7.4860875e-02
1.204148988e+01  6.7753185e-02
1.204751063e+01  5.9449754e-02
1.205353439e+01  5.0683950e-02
1.205956115e+01  4.2277864e-02
1.206559093e+01  3.5033761e-02
1.207162373e+01  2.9645654e-02
1.207765954e+01  2.6631919e-02
1.208369837e+01  2.6285289e-02
1.208974022e+01  2.8639326e-02
1.209578509e+01  3.3456340e-02
1.210183298e+01  4.0250968e-02
1.210788390e+01  4.8359737e-02
1.211393784e+01  5.7055769e-02
1.211999481e+01  6.5687022e-02
1.212605481e+01  7.3796882e-02
1.213211783e+01  8.1183700e-02
1.213818389e+01  8.7874122e-02
1.214425298e+01  9.4020637e-02
1.215032511e+01  9.9766562e-02
1.215640027e+01  1.0513810e-01
1.216247847e+01  1.1000443e-01
1.216855971e+01  1.1411330e-01
1.217464399e+01  1.1716710e-01
1.218073132e+01  1.1889392e-01
1.218682168e+01  1.1907688e-01
1.219291509e+01  1.1754365e-01
1.219901155e+01  1.1414678e-01
1.220511105e+01  1.0877514e-01
1.221121361e+01  1.0141614e-01
1.221731922e+01  9.2253814e-02
1.222342788e+01  8.1759736e-02
1.222953959e+01  7.0729450e-02
1.223565436e+01  6.0238671e-02
1.224177219e+01  5.1525770e-02
1.224789307e+01  4.5831634e-02
1.225401702e+01  4.4234154e-02
1.226014403e+01  4.7502275e-02
1.226627410e+01  5.5978179e-02
1.227240724e+01  6.9487044e-02
1.227854344e+01  8.7278845e-02
1.228468271e+01  1.0801872e-01
1.229082505e+01  1.2985351e-01
1.229697047e+01  1.5057723e-01
1.230311895e+01  1.6789534e-01
1.230927051e+01  1.7975509e-01
1.231542515e+01  1.8467853e-01
1.232158286e+01  1.8201744e-01
1.232774365e+01  1.7206516e-01
1.233390752e+01  1.5599103e-01
1.234007448e+01  1.3561175e-01
1.234624451e+01  1.1305797e-01
1.235241764e+01  9.0416437e-02
1.235859385e+01  6.9430212e-02
1.236477314e+01  5.1310855e-02
1.237095553e+01  3.6682045e-02
1.237714101e+01  2.5637364e-02
1.238332958e+01  1.7873062e-02
1.238952124e+01  1.2849925e-02
1.239571600e+01  9.9463767e-03
1.240191386e+01  8.5790401e-03
1.240811482e+01  8.2807134e-03
1.241431887e+01  8.7344244e-03
1.242052603e+01  9.7672030e-03
1.242673630e+01  1.1309737e-02
1.243294967e+01  1.3332972e-02
1.243916614e+01  1.5777850e-02
1.244538572e+01  1.8498839e-02
1.245160842e+01  2.1241928e-02
1.245783422e+01  2.3667925e-02
1.246406314e+01  2.5417826e-02
1.247029517e+01  2.6200338e-02
1.247653032e+01  2.5871823e-02
1.248276858e+01  2.4480224e-02
1.248900997e+01  2.2257083e-02
1.249525447e+01  1.9560655e-02
1.250150210e+01  1.6790054e-02
1.250775285e+01  1.4297757e-02
1.251400673e+01  1.2324815e-02
1.252026373e+01  1.0971922e-02
1.252652386e+01  1.0206384e-02
1.253278712e+01  9.8952188e-03
1.253905352e+01  9.8508563e-03
1.254532304e+01  9.8774927e-03
1.255159570e+01  9.8092602e-03
1.255787150e+01  9.5360597e-03
1.256415044e+01  9.0156925e-03
1.257043251e+01  8.2731104e-03
1.257671773e+01  7.3889317e-03
1.258300609e+01  6.4815834e-03
1.258929759e+01  5.6872484e-03
1.259559224e+01  5.1414981e-03
1.260189004e+01  4.9641435e-03
1.260819098e+01  5.2465406e-03
1.261449508e+01  6.0388068e-03
1.262080232e+01  7.3373659e-03
1.262711273e+01  9.0745044e-03
1.263342628e+01  1.1115650e-02
1.263974300e+01  1.3269868e-02
1.264606287e+01  1.5315679e-02
1.265238590e+01  1.7037582e-02
1.265871209e+01  1.8263554e-02
1.266504145e+01  1.8891792e-02
1.267137397e+01  1.8900366e-02
1.267770965e+01  1.8338400e-02
1.268404851e+01  1.7308516e-02
1.269039053e+01  1.5950142e-02
1.269673573e+01  1.4432844e-02
1.270308410e+01  1.2961794e-02
1.270943564e+01  1.1789170e-02
1.271579036e+01  1.1224362e-02
1.272214825e+01  1.1629046e-02
1.272850933e+01  1.3389295e-02
1.273487358e+01  1.6861586e-02
1.274124102e+01  2.2294617e-02
1.274761164e+01  2.9742097e-02
1.275398544e+01  3.8990852e-02
1.276036244e+01  4.9536142e-02
1.276674262e+01  6.0626910e-02
1.277312599e+01  7.1386902e-02
1.277951255e+01  8.0988805e-02
1.278590231e+01  8.8829726e-02
1.279229526e+01  9.4651053e-02
1.279869141e+01  9.8561225e-02
1.280509075e+01  1.0095556e-01
1.281149330e+01  1.0237088e-01
1.281789905e+01  1.0333425e-01
1.282430799e+01  1.0426156e-01
1.283072015e+01  1.0543077e-01
1.283713551e+01  1.0701492e-01
1.284355408e+01  1.0913339e-01
1.284997585e+01  1.1187604e-01
1.285640084e+01  1.1527624e-01
1.286282904e+01  1.1924191e-01
1.286926046e+01  1.2348079e-01
1.287569509e+01  1.2746623e-01
1.288213293e+01  1.3047894e-01
1.288857400e+01  1.3173351e-01
1.289501829e+01  1.3056495e-01
1.290146580e+01  1.2662231e-01
1.290791653e+01  1.2000454e-01
1.291437049e+01  1.1128491e-01
1.292082767e+01  1.0140286e-01
1.292728809e+01  9.1447381e-02
1.293375173e+01  8.2395271e-02
1.294021861e+01  7.4886997e-02
1.294668872e+01  6.9107137e-02
1.295316206e+01  6.4801093e-02
1.295963864e+01  6.1408938e-02
1.296611846e+01  5.8261467e-02
1.297260152e+01  5.4771858e-02
1.297908782e+01  5.0567450e-02
1.298557736e+01  4.5540869e-02
1.299207015e+01  3.9825317e-02
1.299856619e+01  3.3720830e-02
1.300506547e+01  2.7604641e-02
1.301156800e+01  2.1849293e-02
1.301807379e+01  1.6763448e-02
1.302458283e+01  1.2558646e-02
1.303109512e+01  9.3410163e-03
1.303761066e+01  7.1196150e-03
1.304412947e+01  5.8235541e-03
1.305065153e+01  5.3225026e-03
1.305717686e+01  5.4442896e-03
1.306370545e+01  5.9894497e-03
1.307023730e+01  6.7457801e-03
1.307677242e+01  7.5048331e-03
1.308331081e+01  8.0825633e-03
1.308985246e+01  8.3415817e-03
1.309639739e+01  8.2094861e-03
1.310294559e+01  7.6869890e-03
1.310949706e+01  6.8411688e-03
1.311605181e+01  5.7856221e-03
1.312260983e+01  4.6526747e-03
1.312917114e+01  3.5653941e-03
1.313573572e+01  2.6167288e-03
1.314230359e+01  1.8598265e-03
1.314887474e+01  1.3091432e-03
1.315544918e+01  9.4896973e-04
1.316202691e+01  7.4502773e-04
1.316860792e+01  6.5557028e-04
1.317519222e+01  6.3999595e-04
1.318177982e+01  6.6448644e-04
1.318837071e+01  7.0498053e-04
1.319496489e+01  7.4793055e-04
1.320156238e+01  7.8911370e-04
1.320816316e+01  8.3078265e-04
1.321476724e+01  8.7766457e-04
1.322137462e+01  9.3277927e-04
1.322798531e+01  9.9426918e-04
1.323459930e+01  1.0543709e-03
1.324121660e+01  1.1008298e-03
1.324783721e+01  1.1204632e-03
1.325446113e+01  1.1036228e-03
1.326108836e+01  1.0480643e-03
1.326771890e+01  9.6112128e-04
1.327435276e+01  8.5979611e-04
1.328098994e+01  7.6911081e-04
1.328763044e+01  7.1947167e-04
1.329427425e+01  7.4366648e-04
1.330092139e+01  8.7359068e-04
1.330757185e+01  1.1362815e-03
1.331422563e+01  1.5487650e-03
1.332088275e+01  2.1118162e-03
1.332754319e+01  2.8038470e-03
1.333420696e+01  3.5772189e-03
1.334087406e+01  4.3596123e-03
1.334754450e+01  5.0621689e-03
1.335421827e+01  5.5940364e-03
1.336089538e+01  5.8802930e-03
1.336757583e+01  5.8783664e-03
1.337425962e+01  5.5878443e-03
1.338094675e+01  5.0504107e-03
1.338763722e+01  4.3398584e-03
1.339433104e+01  3.5454023e-03
1.340102820e+01  2.7534087e-03
1.340772872e+01  2.0326629e-03
1.341443258e+01  1.4263387e-03
1.342113980e+01  9.5129810e-04
1.342785037e+01  6.0301027e-04
1.343456429e+01  3.6327626e-04
1.344128158e+01  2.0800969e-04
1.344800222e+01  1.1324366e-04
1.345472622e+01  5.8685528e-05
1.346145358e+01  2.9051459e-05
1.346818431e+01  1.3880035e-05
1.347491840e+01  6.5840563e-06
1.348165586e+01  3.3216678e-06
1.348839669e+01  2.0055682e-06
1.349514089e+01  1.5901627e-06
1.350188846e+01  1.6131743e-06
1.350863940e+01  1.9513704e-06
1.351539372e+01  2.6924049e-06
1.352215142e+01  4.1203496e-06
1.352891249e+01  6.7596625e-06
1.353567695e+01  1.1467751e-05
1.354244479e+01  1.9534997e-05
1.354921601e+01  3.2754181e-05
1.355599062e+01  5.3386703e-05
1.356276861e+01  8.3936443e-05
1.356955000e+01  1.2666681e-04
1.357633477e+01  1.8287272e-04
1.358312294e+01  2.5204126e-04
1.358991450e+01  3.3116021e-04
1.359670946e+01  4.1449298e-04
1.360350781e+01  4.9406832e-04
1.361030957e+01  5.6092154e-04
1.361711472e+01  6.0683632e-04
1.362392328e+01  6.2610065e-04
1.363073524e+01  6.1673060e-04
1.363755061e+01  5.8078042e-04
1.364436938e+01  5.2368034e-04
1.365119157e+01  4.5287698e-04
1.365801716e+01  3.7624655e-04
1.366484617e+01  3.0074132e-04
1.367167860e+01  2.3155395e-04
1.367851444e+01  1.7185255e-04
1.368535369e+01  1.2295989e-04
1.369219637e+01  8.4776665e-05
1.369904247e+01  5.6268567e-05
1.370589199e+01  3.5903437e-05
1.371274494e+01  2.1989920e-05
1.371960131e+01  1.2911068e-05
1.372646111e+01  7.2647355e-06
1.373332434e+01  3.9274852e-06
1.374019100e+01  2.0612803e-06
1.374706110e+01  1.0817261e-06
1.375393463e+01  6.0667812e-07
1.376081159e+01  4.0006329e-07
1.376769200e+01  3.2745433e-07
1.377457585e+01  3.1302428e-07
1.378146313e+01  3.1713735e-07
1.378835387e+01  3.2151020e-07
1.379524804e+01  3.2118204e-07
1.380214567e+01  3.1966160e-07
1.380904674e+01  3.2662045e-07
1.381595126e+01  3.5382952e-07
1.382285924e+01  4.1527301e-07
1.382977067e+01  5.2392435e-07
1.383668555e+01  6.8942892e-07
1.384360390e+01  9.1589149e-07
1.385052570e+01  1.2000629e-06
1.385745096e+01  1.5302945e-06
1.386437969e+01  1.8866143e-06
1.387131188e+01  2.2421536e-06
1.387824753e+01  2.5659136e-06
1.388518666e+01  2.8265790e-06
1.389212925e+01  2.9968458e-06
1.389907531e+01  3.0575466e-06
1.390602485e+01  3.0018962e-06
1.391297786e+01  2.8385601e-06
1.391993435e+01  2.5883896e-06
1.392689432e+01  2.2938591e-06
1.393385777e+01  2.0219899e-06
1.394082470e+01  1.8795568e-06
1.394779511e+01  2.0432161e-06
1.395476901e+01  2.8099874e-06
1.396174639e+01  4.6691029e-06
1.396872726e+01  8.3848969e-06
1.397571163e+01  1.5062692e-05
1.398269948e+01  2.6149349e-05
1.398969083e+01  4.3307598e-05
1.399668568e+01  6.8113524e-05
1.400368402e+01  1.0157268e-04
1.401068586e+01  1.4353170e-04
1.401769121e+01  1.9215541e-04
1.402470005e+01  2.4369759e-04
1.403171240e+01  2.9276760e-04
1.403872826e+01  3.3316156e-04
1.404574762e+01  3.5911828e-04
1.405277050e+01  3.6666030e-04
1.405979688e+01  3.5459212e-04
1.406682678e+01  3.2481061e-04
1.407386019e+01  2.8181677e-04
1.408089712e+01  2.3160142e-04
1.408793757e+01  1.8028478e-04
1.409498154e+01  1.3293226e-04
1.410202903e+01  9.2847568e-05
1.410908005e+01  6.1433043e-05
1.411613459e+01  3.8508503e-05
1.412319265e+01  2.2870656e-05
1.413025425e+01  1.2871525e-05
1.413731938e+01  6.8659554e-06
1.414438804e+01  3.4724671e-06
1.415146023e+01  1.6663940e-06
1.415853596e+01  7.6088501e-07
1.416561523e+01  3.3488384e-07
1.417269804e+01  1.5134796e-07
1.417978439e+01  8.8793722e-08
1.418687428e+01  9.3355087e-08
1.419396771e+01  1.4902512e-07
1.420106470e+01  2.6165818e-07
1.420816523e+01  4.5200802e-07
1.421526931e+01  7.4255258e-07
1.422237695e+01  1.1563093e-06
1.422948814e+01  1.7065008e-06
1.423660288e+01  2.3867320e-06
1.424372118e+01  3.1634321e-06
1.425084304e+01  3.9734394e-06
1.425796846e+01  4.7295996e-06
1.426509745e+01  5.3349274e-06
1.427223000e+01  5.7026341e-06
1.427936611e+01  5.7764598e-06
1.428650580e+01  5.5447698e-06
1.429364905e+01  5.0435572e-06
1.430079587e+01  4.3472848e-06
1.430794627e+01  3.5507732e-06
1.431510024e+01  2.7481938e-06
1.432225779e+01  2.0155204e-06
1.432941892e+01  1.4006778e-06
1.433658363e+01  9.2235107e-07
1.434375192e+01  5.7551540e-07
1.435092380e+01  3.4026406e-07
1.435809926e+01  1.9062045e-07
1.436527831e+01  1.0118431e-07
1.437246095e+01  5.0891291e-08
1.437964718e+01  2.4252550e-08
1.438683700e+01  1.0950985e-08
1.439403042e+01  4.6852327e-09
1.440122744e+01  1.8993089e-09
1.440842805e+01  7.2954489e-10
1.441563227e+01  2.6434052e-10
1.442284008e+01  8.2234435e-11
1.443005150e+01  1.2384695e-11
1.443726653e+01  2.4647868e-13
1.444448516e+01  3.1148452e-14
1.445170740e+01  3.2299629e-14
1.445893326e+01  5.0996443e-14
1.446616272e+01  9.4514876e-14
1.447339581e+01  1.7604418e-13
1.448063250e+01  3.1473928e-13
1.448787282e+01  5.3420150e-13
1.449511676e+01  8.5859723e-13
1.450236431e+01  1.3060328e-12
1.450961550e+01  1.8799454e-12
1.451687030e+01  2.5606621e-12
1.452412874e+01  3.3004710e-12
1.453139080e+01  4.0255231e-12
1.453865650e+01  4.6462165e-12
1.454592583e+01  5.0747817e-12
1.455319879e+01  5.2455270e-12
1.456047539e+01  5.1313542e-12
1.456775563e+01  4.7508595e-12
1.457503951e+01  4.3922835e-12
1.458232703e+01  5.1481163e-12
1.458961819e+01  1.7601780e-11
1.459691300e+01  4.6474264e-11
1.460421145e+01  1.2302930e-10
1.461151356e+01  3.1602663e-10
1.461881932e+01  7.7406421e-10
1.462612873e+01  1.7992644e-09
1.463344179e+01  3.9638609e-09
1.464075851e+01  8.2734121e-09
1.464807889e+01  1.6358165e-08
1.465540293e+01  3.0636329e-08
1.466273063e+01  5.4346026e-08
1.467006200e+01  9.1307761e-08
1.467739703e+01  1.4529086e-07
1.468473573e+01  2.1894906e-07
1.469207809e+01  3.1246907e-07
1.469942413e+01  4.2229565e-07
1.470677385e+01  5.4045530e-07
1.471412723e+01  6.5497679e-07
1.472148430e+01  7.5163292e-07
1.472884504e+01  8.1675465e-07
1.473620946e+01  8.4038227e-07
1.474357757e+01  8.1875966e-07
1.475094935e+01  7.5531200e-07
1.475832483e+01  6.5975711e-07
1.476570399e+01  5.4566751e-07
1.477308684e+01  4.2732489e-07
1.478047339e+01  3.1686572e-07
1.478786362e+01  2.2247507e-07
1.479525756e+01  1.4790390e-07
1.480265518e+01  9.3105285e-08
1.481005651e+01  5.5497165e-08
1.481746154e+01  3.1323874e-08
1.482487027e+01  1.6741562e-08
1.483228271e+01  8.4730860e-09
1.483969885e+01  4.0609284e-09
1.484711870e+01  1.8431990e-09
1.485454226e+01  7.9242177e-10
1.486196953e+01  3.2289419e-10
1.486940051e+01  1.2504287e-10
1.487683521e+01  4.6474850e-11
1.488427363e+01  1.7085246e-11
1.489171577e+01  4.2935188e-12
1.489916162e+01  3.3875957e-12
1.490661121e+01  4.2271582e-12
1.491406451e+01  5.0936755e-12
1.492152154e+01  5.8233429e-12
1.492898230e+01  6.3083051e-12
1.493644680e+01  6.4752252e-12
1.494391502e+01  6.2979708e-12
1.495138698e+01  5.8043288e-12
1.495886267e+01  5.0690812e-12
1.496634210e+01  4.1951571e-12
1.497382527e+01  3.2909821e-12
1.498131218e+01  2.4493742e-12
1.498880284e+01  1.7350739e-12
1.499629724e+01  1.1826398e-12
1.500379539e+01  8.0351653e-13
1.501129729e+01  5.9873384e-13
1.501880294e+01  5.7296709e-13
1.502631234e+01  7.4600706e-13
1.503382549e+01  1.1583208e-12
1.504134241e+01  1.8680270e-12
1.504886308e+01  2.9376459e-12
1.505638751e+01  4.4126349e-12
1.506391570e+01  6.3181414e-12
1.507144766e+01  8.6036988e-12
1.507898339e+01  1.1179441e-11
1.508652288e+01  1.4021907e-11
1.509406614e+01  1.7322934e-11
1.510161317e+01  2.1814480e-11
1.510916398e+01  3.0338208e-11
1.511671856e+01  5.0455846e-11
1.512427692e+01  9.1007180e-11
1.513183906e+01  1.7642928e-10
1.513940498e+01  3.5277267e-10
1.514697468e+01  7.0725857e-10
1.515454817e+01  1.4009924e-09
1.516212544e+01  2.7190948e-09
1.516970650e+01  5.1399824e-09
1.517729136e+01  9.4151165e-09
1.518488000e+01  1.6634073e-08
1.519247244e+01  2.8229079e-08
1.520006868e+01  4.5858334e-08
1.520766871e+01  7.1114157e-08
1.521527255e+01  1.0504506e-07
1.522288018e+01  1.4756208e-07
1.523049162e+01  1.9689641e-07
1.523810687e+01  2.4934070e-07
1.524572592e+01  2.9948699e-07
1.525334879e+01  3.4104347e-07
1.526097546e+01  3.6809961e-07
1.526860595e+01  3.7650030e-07
1.527624025e+01  3.6489049e-07
1.528387837e+01  3.3506910e-07
1.529152031e+01  2.9152591e-07
1.529916607e+01  2.4032692e-07
1.530681565e+01  1.8773036e-07
1.531446906e+01  1.3896614e-07
1.532212630e+01  9.7492637e-08
1.532978736e+01  6.4830423e-08
1.533745225e+01  4.0869155e-08
1.534512098e+01  2.4428538e-08
1.535279354e+01  1.3847432e-08
1.536046994e+01  7.4456973e-09
1.536815017e+01  3.7984784e-09
1.537583425e+01  1.8390460e-09
1.538352216e+01  8.4523121e-10
1.539121393e+01  3.6888584e-10
1.539890953e+01  1.5292154e-10
1.540660899e+01  6.0234175e-11
1.541431229e+01  2.2550790e-11
1.542201945e+01  7.6829732e-12
1.542973046e+01  1.2898155e-12
1.543744532e+01  2.9977497e-13
1.544516405e+01  1.0244022e-13
1.545288663e+01  1.5403639e-14
1.546061307e+01  2.0317963e-14
1.546834338e+01  2.5375672e-14
1.547607755e+01  3.0005922e-14
1.548381559e+01  3.3592885e-14
1.549155750e+01  3.5607152e-14
1.549930327e+01  3.5733456e-14
1.550705293e+01  3.3951656e-14
1.551480645e+01  3.0578043e-14
1.552256386e+01  2.6122246e-14
1.553032514e+01  2.1284344e-14
1.553809030e+01  1.6833156e-14
1.554585934e+01  1.3627885e-14
1.555363227e+01  1.2781381e-14
1.556140909e+01  1.6011738e-14
1.556918980e+01  2.6184022e-14
1.557697439e+01  4.7972483e-14
1.558476288e+01  8.8460584e-14
1.559255526e+01  1.5735369e-13
1.560035154e+01  2.6636569e-13
1.560815171e+01  4.2736181e-13
1.561595579e+01  6.4910812e-13
1.562376377e+01  9.3302989e-13
1.563157565e+01  1.2690860e-12
1.563939144e+01  1.6334069e-12
1.564721113e+01  1.9893250e-12
1.565503474e+01  2.2925989e-12
1.566286225e+01  2.5001464e-12
1.567069369e+01  2.5800160e-12
1.567852903e+01  2.5194388e-12
1.568636830e+01  2.3281713e-12
1.569421148e+01  2.0359229e-12
1.570205859e+01  1.6848024e-12
1.570990962e+01  1.3194231e-12
1.571776457e+01  9.8024778e-13
1.572562345e+01  1.1366835e-12
1.573348626e+01  2.2832545e-12
1.574135301e+01  5.5076450e-12
1.574922368e+01  1.4796140e-11
1.575709830e+01  3.7798364e-11
1.576497685e+01  9.1585117e-11
1.577285933e+01  2.1074001e-10
1.578074576e+01  4.6005660e-10
1.578863614e+01  9.5280908e-10
1.579653045e+01  1.8724809e-09
1.580442872e+01  3.4926925e-09
1.581233093e+01  6.1853050e-09
1.582023710e+01  1.0402876e-08
1.582814722e+01  1.6621719e-08
1.583606129e+01  2.5238863e-08
1.584397932e+01  3.6431403e-08
1.585190131e+01  5.0007096e-08
1.585982726e+01  6.5293078e-08
1.586775718e+01  8.1115044e-08
1.587569105e+01  9.5904344e-08
1.588362890e+01  1.0793511e-07
1.589157071e+01  1.1564786e-07
1.589951650e+01  1.1797800e-07
1.590746626e+01  1.1459483e-07
1.591541999e+01  1.0597780e-07
1.592337770e+01  9.3306127e-08
1.593133939e+01  7.8196274e-08
1.593930506e+01  6.2367237e-08
1.594727471e+01  4.7327915e-08
1.595524835e+01  3.4162554e-08
1.596322597e+01  2.3449137e-08
1.597120759e+01  1.5300726e-08
1.597919319e+01  9.4878587e-09
1.598718279e+01  5.5893079e-09
1.599517638e+01  3.1271389e-09
1.600317397e+01  1.6611402e-09
1.601117555e+01  8.3755357e-10
1.601918114e+01  4.0072913e-10
1.602719073e+01  1.8189227e-10
1.603520433e+01  7.8307629e-11
1.604322193e+01  3.1968343e-11
1.605124354e+01  1.2231480e-11
1.605926916e+01  4.3367144e-12
1.606729880e+01  1.5034761e-12
1.607533245e+01  3.0127668e-13
1.608337011e+01  1.9100557e-15
1.609141180e+01  3.1232081e-15
1.609945750e+01  5.2565559e-15
1.610750723e+01  8.4324723e-15
1.611556099e+01  1.2799097e-14
1.612361877e+01  1.8380764e-14
1.613168058e+01  2.4975212e-14
1.613974642e+01  3.2108347e-14
1.614781629e+01  3.9056358e-14
1.615589020e+01  4.4950299e-14
1.616396814e+01  4.8948864e-14
1.617205013e+01  5.0434084e-14
1.618013615e+01  4.9167666e-14
1.618822622e+01  4.5353578e-14
1.619632033e+01  3.9584282e-14
1.620441849e+01  3.2690092e-14
1.621252070e+01  2.5544349e-14
1.622062696e+01  1.8886978e-14
1.622873728e+01  1.3213677e-14
1.623685165e+01  8.7475471e-15
1.624497007e+01  5.4798344e-15
1.625309256e+01  3.2487339e-15
1.626121910e+01  1.8233419e-15
1.626934971e+01  9.6977833e-16
1.627748439e+01  4.9037051e-16
1.628562313e+01  2.3810909e-16
1.629376594e+01  1.1437201e-16
1.630191282e+01  5.8605390e-17
1.631006378e+01  3.6411278e-17
1.631821881e+01  2.9516249e-17
1.632637792e+01  2.8722195e-17
1.633454111e+01  2.9583195e-17
1.634270838e+01  2.9809600e-17
1.635087973e+01  2.9196650e-17
1.635905517e+01  2.7102317e-17
1.636723470e+01  2.3817845e-17
1.637541832e+01  2.0390459e-17
1.638360603e+01  1.7733959e-17
1.639179783e+01  1.7638266e-17
1.639999373e+01  2.4240275e-17
1.640819373e+01  4.6000136e-17
1.641639782e+01  1.0041045e-16
1.642460602e+01  2.2165726e-16
1.643281833e+01  4.7200247e-16
1.644103474e+01  9.5630313e-16
1.644925525e+01  1.8366221e-15
1.645747988e+01  3.3403447e-15
1.646570862e+01  5.7517731e-15
1.647394147e+01  9.3762029e-15
1.648217845e+01  1.4469879e-14
1.649041953e+01  2.1140679e-14
1.649866474e+01  2.9241112e-14
1.650691408e+01  3.8290814e-14
1.651516753e+01  4.7470709e-14
1.652342512e+01  5.5717485e-14
1.653168683e+01  6.1914998e-14
1.653995267e+01  6.5139176e-14
1.654822265e+01  6.4883421e-14
1.655649676e+01  6.1188933e-14
1.656477501e+01  5.4633848e-14
1.657305740e+01  4.6185121e-14
1.658134393e+01  3.6965356e-14
1.658963460e+01  2.8011799e-14
1.659792942e+01  2.3120998e-14
1.660622838e+01  6.8416142e-14
1.661453149e+01  3.6503708e-13
1.662283876e+01  1.0456404e-12
1.663115018e+01  2.8320652e-12
1.663946575e+01  7.2888148e-12
1.664778549e+01  1.7780650e-11
1.665610938e+01  4.1089603e-11
1.666443743e+01  8.9939136e-11
1.667276965e+01  1.8645568e-10
1.668110604e+01  3.6609913e-10
1.668944659e+01  6.8077875e-10
1.669779131e+01  1.1989088e-09
1.670614021e+01  1.9995314e-09
1.671449328e+01  3.1580690e-09
1.672285053e+01  4.7234152e-09
1.673121195e+01  6.6899356e-09
1.673957756e+01  8.9724219e-09
1.674794735e+01  1.1394898e-08
1.675632132e+01  1.3703004e-08
1.676469948e+01  1.5603346e-08
1.677308183e+01  1.6823209e-08
1.678146837e+01  1.7174424e-08
1.678985911e+01  1.6600888e-08
1.679825404e+01  1.5193240e-08
1.680665316e+01  1.3165400e-08
1.681505649e+01  1.0801336e-08
1.682346402e+01  8.3902775e-09
1.683187575e+01  6.1705927e-09
1.684029169e+01  4.2966097e-09
1.684871183e+01  2.8325048e-09
1.685713619e+01  1.7679049e-09
1.686556476e+01  1.0446936e-09
1.687399754e+01  5.8446638e-10
1.688243454e+01  3.0957785e-10
1.689087576e+01  1.5524573e-10
1.689932119e+01  7.3707037e-11
1.690777085e+01  3.3131287e-11
1.691622474e+01  1.4099658e-11
1.692468285e+01  5.6809517e-12
1.693314519e+01  2.1670924e-12
1.694161177e+01  7.8170147e-13
1.695008257e+01  2.5262157e-13
1.695855761e+01  1.9140482e-14
1.696703689e+01  2.9317888e-17
1.697552041e+01  1.6183200e-18
1.698400817e+01  1.1091217e-18
1.699250017e+01  1.3423032e-18
1.700099642e+01  1.5377736e-18
1.700949692e+01  1.6687890e-18
1.701800167e+01  1.7180531e-18
1.702651067e+01  1.6844177e-18
1.703502393e+01  1.5873519e-18
1.704354144e+01  1.4690590e-18
1.705206321e+01  1.3950382e-18
1.706058924e+01  1.4541423e-18
1.706911954e+01  1.7580431e-18
1.707765410e+01  2.4377937e-18
1.708619292e+01  3.6330715e-18
1.709473602e+01  5.4694551e-18
1.710328339e+01  8.0222235e-18
1.711183503e+01  1.1271776e-17
1.712039095e+01  1.5063733e-17
1.712895114e+01  1.9092031e-17
1.713751562e+01  2.2921491e-17
1.714608438e+01  2.6055503e-17
1.715465742e+01  2.8037340e-17
1.716323475e+01  2.8557314e-17
1.717181636e+01  2.7531030e-17
1.718040227e+01  2.5121234e-17
1.718899247e+01  2.1695258e-17
1.719758697e+01  1.7733199e-17
1.720618576e+01  1.3718358e-17
1.721478886e+01  1.0043935e-17
1.722339625e+01  6.9596469e-18
1.723200795e+01  4.5640166e-18
1.724062395e+01  2.8325643e-18
1.724924426e+01  1.6637257e-18
1.725786889e+01  9.2480783e-19
1.726649782e+01  4.8650829e-19
1.727513107e+01  2.4221654e-19
1.728376864e+01  1.1413168e-19
1.729241052e+01  5.0900981e-20
1.730105672e+01  2.1489114e-20
1.730970725e+01  8.5898430e-21
1.731836211e+01  3.2524687e-21
1.732702129e+01  1.1674542e-21
1.733568480e+01  3.7341701e-22
1.734435264e+01  6.3692973e-24
1.735302482e+01  2.0388895e-24
1.736170133e+01  1.2103784e-24
1.737038218e+01  1.1081857e-23
1.737906737e+01  3.1465851e-23
1.738775691e+01  8.7036581e-23
1.739645078e+01  2.2906811e-22
1.740514901e+01  5.7093953e-22
1.741385158e+01  1.3466287e-21
1.742255851e+01  3.0052675e-21
1.743126979e+01  6.3457901e-21
1.743998542e+01  1.2678061e-20
1.744870542e+01  2.3965304e-20
1.745742977e+01  4.2862237e-20
1.746615848e+01  7.2531634e-20
1.747489156e+01  1.1612879e-19
1.748362901e+01  1.7591844e-19
1.749237082e+01  2.5213965e-19
1.750111701e+01  3.4192328e-19
1.750986757e+01  4.3870591e-19
1.751862250e+01  5.3256818e-19
1.752738181e+01  6.1169318e-19
1.753614550e+01  6.6473511e-19
1.754491358e+01  6.8347104e-19
1.755368603e+01  6.6488760e-19
1.756246288e+01  6.1197426e-19
1.757124411e+01  5.3293616e-19
1.758002973e+01  4.3911144e-19
1.758881974e+01  3.4232007e-19
1.759761415e+01  2.5249261e-19
1.760641296e+01  1.7620752e-19
1.761521617e+01  1.1634846e-19
1.762402378e+01  7.2687274e-20
1.763283579e+01  4.2965468e-20
1.764165221e+01  2.4029670e-20
1.765047303e+01  1.2716075e-20
1.765929827e+01  6.3674633e-21
1.766812792e+01  3.0178120e-21
1.767696198e+01  1.3548409e-21
1.768580046e+01  5.7781741e-22
1.769464336e+01  2.3638623e-22
1.770349068e+01  9.5753676e-23
1.771234243e+01  4.1955230e-23
1.772119860e+01  2.3238156e-23
1.773005920e+01  1.4452548e-23
1.773892423e+01  1.5346804e-23
1.774779369e+01  1.5651610e-23
1.775666759e+01  1.5157491e-23
1.776554592e+01  1.3945269e-23
1.777442870e+01  1.2204170e-23
1.778331591e+01  2.7979111e-23
1.779220757e+01  2.6943768e-21
1.780110367e+01  2.0510653e-20
1.781000422e+01  5.9796665e-20
1.781890923e+01  1.6351777e-19
1.782781868e+01  4.2338664e-19
1.783673259e+01  1.0379484e-18
1.784565096e+01  2.4091959e-18
1.785457378e+01  5.2944374e-18
1.786350107e+01  1.1015724e-17
1.787243282e+01  2.1699313e-17
1.788136903e+01  4.0468103e-17
1.789030972e+01  7.1450917e-17
1.789925487e+01  1.1943318e-16
1.790820450e+01  1.8899863e-16
1.791715860e+01  2.8314113e-16
1.792611718e+01  4.0156165e-16
1.793508024e+01  5.3913916e-16
1.794404778e+01  6.8524115e-16
1.795301981e+01  8.2446949e-16
1.796199632e+01  9.3905103e-16
1.797097731e+01  1.0124704e-15
1.797996280e+01  1.0333542e-15
1.798895278e+01  9.9835602e-16
1.799794726e+01  9.1303354e-16
1.800694623e+01  7.9040400e-16
1.801594971e+01  6.4769266e-16
1.802495768e+01  5.0239222e-16
1.803397016e+01  3.6886540e-16
1.804298715e+01  2.5635504e-16
1.805200864e+01  1.6864113e-16
1.806103464e+01  1.0501156e-16
1.807006516e+01  6.1899601e-17
1.807910019e+01  3.4548736e-17
1.808813974e+01  1.8280426e-17
1.809718381e+01  9.2175134e-18
1.810623241e+01  4.5288843e-18
1.811528552e+01  2.3604207e-18
1.812434316e+01  3.5937321e-18
1.813340534e+01  9.6396478e-18
1.814247204e+01  2.4845466e-17
1.815154327e+01  6.3690807e-17
1.816061905e+01  1.5756739e-16
1.816969936e+01  3.7282088e-16
1.817878421e+01  8.4015413e-16
1.818787360e+01  1.7988267e-15
1.819696753e+01  3.6540254e-15
1.820606602e+01  7.0361281e-15
1.821516905e+01  1.2836738e-14
1.822427664e+01  2.2182165e-14
1.823338877e+01  3.6299897e-14
1.824250547e+01  5.6249034e-14
1.825162672e+01  8.2529258e-14
1.826075253e+01  1.1464895e-13
1.826988291e+01  1.5079744e-13
1.827901785e+01  1.8779135e-13
1.828815736e+01  2.2141799e-13
1.829730144e+01  2.4717517e-13
1.830645009e+01  2.6124657e-13
1.831560332e+01  2.6142639e-13
1.832476112e+01  2.4768536e-13
1.833392350e+01  2.2217851e-13
1.834309046e+01  1.8869172e-13
1.835226200e+01  1.5172272e-13
1.836143814e+01  1.1550288e-13
1.837061885e+01  8.3248506e-14
1.837980416e+01  5.6806503e-14
1.838899407e+01  3.6698964e-14
1.839818856e+01  2.2446025e-14
1.840738766e+01  1.2997216e-14
1.841659135e+01  7.1249444e-15
1.842579965e+01  3.6976652e-15
1.843501255e+01  1.8166992e-15
1.844423005e+01  8.4497121e-16
1.845345217e+01  3.7204724e-16
1.846267889e+01  1.5507621e-16
1.847191023e+01  6.1189456e-17
1.848114619e+01  2.2855141e-17
1.849038676e+01  8.0809822e-18
1.849963196e+01  2.0724888e-18
1.850888177e+01  7.3934261e-24
1.851813621e+01  2.0109762e-24
1.852739528e+01  6.2882230e-30
1.853665898e+01  1.5096573e-33
1.854592731e+01  2.7865006e-33
1.855520027e+01  4.9605001e-33
1.856447787e+01  8.4031107e-33
1.857376011e+01  1.3491957e-32
1.858304699e+01  2.0508415e-32
1.859233851e+01  2.9503428e-32
1.860163468e+01  9.6385415e-26
1.861093550e+01  1.7567464e-18
1.862024097e+01  7.5613032e-16
1.862955109e+01  2.5074266e-15
1.863886586e+01  8.7397621e-15
1.864818530e+01  2.9323375e-14
1.865750939e+01  7.8177454e-14
1.866683814e+01  1.9678438e-13
1.867617156e+01  4.7101925e-13
1.868550965e+01  1.0722451e-12
1.869485240e+01  2.3216215e-12
1.870419983e+01  4.7812927e-12
1.871355193e+01  9.3659121e-12
1.872290871e+01  1.7449381e-11
1.873227016e+01  3.0916531e-11
1.874163630e+01  5.2085989e-11
1.875100711e+01  8.3424663e-11
1.876038262e+01  1.2700575e-10
1.876976281e+01  1.8374287e-10
1.877914769e+01  2.5255287e-10
1.878853726e+01  3.2971732e-10
1.879793153e+01  4.0876213e-10
1.880733050e+01  4.8109610e-10
1.881673416e+01  5.3742883e-10
1.882614253e+01  5.6968915e-10
1.883555560e+01  5.7291215e-10
1.884497338e+01  5.4649037e-10
1.885439587e+01  4.9435529e-10
1.886382306e+01  4.2401632e-10
1.887325498e+01  3.4478147e-10
1.888269160e+01  2.6574254e-10
1.889213295e+01  1.9412358e-10
1.890157902e+01  1.3438343e-10
1.891102981e+01  8.8149395e-11
1.892048532e+01  5.4784819e-11
1.892994556e+01  3.2257782e-11
1.893941054e+01  1.7993386e-11
1.894888024e+01  9.5076059e-12
1.895835468e+01  4.7587427e-12
1.896783386e+01  2.2561835e-12
1.897731778e+01  1.0133563e-12
1.898680643e+01  4.3137390e-13
1.899629984e+01  1.7433281e-13
1.900579799e+01  6.7042733e-14
1.901530089e+01  2.5137242e-14
1.902480854e+01  9.2544260e-15
1.903432094e+01  2.5689261e-15
1.904383810e+01  2.0546576e-15
1.905336002e+01  2.0883863e-15
1.906288670e+01  2.0177834e-15
1.907241814e+01  1.8458962e-15
1.908195435e+01  1.5992357e-15
1.909149533e+01  1.3127109e-15
1.910104108e+01  1.0215978e-15
1.911059160e+01  7.5465797e-16
1.912014689e+01  5.3016246e-16
1.912970697e+01  3.5529729e-16
1.913927182e+01  2.2823790e-16
1.914884146e+01  1.4155217e-16
1.915841588e+01  8.5606627e-17
1.916799509e+01  5.1109352e-17
1.917757908e+01  3.0502496e-17
1.918716787e+01  1.8362163e-17
1.919676146e+01  1.1170523e-17
1.920635984e+01  6.8253822e-18
1.921596302e+01  4.1411375e-18
1.922557100e+01  2.4633474e-18
1.923518378e+01  1.4206528e-18
1.924480138e+01  7.8667843e-19
1.925442378e+01  4.0847165e-19
1.926405099e+01  2.0810693e-19
1.927368301e+01  1.0040075e-19
1.928331986e+01  4.5858397e-20
1.929296152e+01  1.9830627e-20
1.930260800e+01  8.1188312e-21
1.931225930e+01  3.1469764e-21
1.932191543e+01  1.1548867e-21
1.933157639e+01  4.0075241e-22
1.934124218e+01  6.0455643e-23
1.935091280e+01  8.8339572e-28
1.936058825e+01  2.2461316e-27
1.937026855e+01  5.4285574e-27
1.937995368e+01  1.2421838e-26
1.938964366e+01  2.6911529e-26
1.939933848e+01  5.5200471e-26
1.940903815e+01  1.0720139e-25
1.941874267e+01  1.9711175e-25
1.942845204e+01  3.4314675e-25
1.943816627e+01  5.6559157e-25
1.944788535e+01  8.8263584e-25
1.945760929e+01  1.3041130e-24
1.946733810e+01  1.8243275e-24
1.947707177e+01  2.4162554e-24
1.948681030e+01  3.0299346e-24
1.949655371e+01  3.5972582e-24
1.950630198e+01  4.0434770e-24
1.951605513e+01  4.3030863e-24
1.952581316e+01  4.3355390e-24
1.953557607e+01  4.1356306e-24
1.954534386e+01  3.7348470e-24
1.955511653e+01  3.1932914e-24
1.956489409e+01  2.5849816e-24
1.957467653e+01  1.9815302e-24
1.958446387e+01  1.4391740e-24
1.959425610e+01  9.9221957e-25
1.960405323e+01  6.5331713e-25
1.961385526e+01  4.1873866e-25
1.962366219e+01  2.7579086e-25
1.963347402e+01  2.0967216e-25
1.964329075e+01  2.0802020e-25
1.965311240e+01  2.6251113e-25
1.966293896e+01  3.6778513e-25
1.967277043e+01  5.1857998e-25
1.968260681e+01  7.0630544e-25
1.969244811e+01  9.1641416e-25
1.970229434e+01  1.1277569e-24
1.971214549e+01  1.3145671e-24
1.972200156e+01  1.4508327e-24
1.973186256e+01  1.5159068e-24
1.974172849e+01  1.4994855e-24
1.975159935e+01  1.4041690e-24
1.976147515e+01  1.2448273e-24
1.977135589e+01  1.0455014e-24
1.978124157e+01  8.3269464e-25
1.979113219e+01  6.3464925e-25
1.980102776e+01  4.7270930e-25
1.981092827e+01  3.7273893e-25
1.982083373e+01  3.7145150e-25
1.983074415e+01  5.3754335e-25
1.984065952e+01  1.0038709e-24
1.985057985e+01  2.0129749e-24
1.986050514e+01  3.9730506e-24
1.987043540e+01  7.5127758e-24
1.988037061e+01  1.3510842e-23
1.989031080e+01  2.3063777e-23
1.990025595e+01  3.7352009e-23
1.991020608e+01  5.7379370e-23
1.992016119e+01  8.3601584e-23
1.993012127e+01  1.1551941e-22
1.994008633e+01  1.5137043e-22
1.995005637e+01  1.8807644e-22
1.996003140e+01  2.2156162e-22
1.997001141e+01  2.4744549e-22
1.997999642e+01  2.6196714e-22
1.998998642e+01  2.6287780e-22
1.999998141e+01  2.5001125e-22
