results_atm.txt
# ------------------------------------------------------------------------
# Spectra synthesized with the Planetary and Universal Model of Atmospheric Scattering (PUMAS, Villanueva et al. 2018, 2022)
# Single scattering radiative transfer method
# Radiative transfer took 0.802 seconds
# ------------------------------------------------------------------------
# Wave/freq OGLE-2016-BLG-1227L-b
5.000000000e-01 4.0470182e-100
5.025000000e-01  1.2529075e-99
5.050125000e-01  3.8512493e-99
5.075375625e-01  1.1770479e-98
5.100752503e-01  3.5769988e-98
5.126256266e-01  1.0809143e-97
5.151887547e-01  3.2480358e-97
5.177646985e-01  9.7055305e-97
5.203535220e-01  2.8840225e-96
5.229552896e-01  8.5225794e-96
5.255700660e-01  2.5046597e-95
5.281979164e-01  7.3205322e-95
5.308389059e-01  2.1279692e-94
5.334931005e-01  6.1521753e-94
5.361605660e-01  1.7690678e-93
5.388413688e-01  5.0597022e-93
5.415355756e-01  1.4394152e-92
5.442432535e-01  4.0731194e-92
5.469644698e-01  1.1464726e-91
5.496992921e-01  3.2100578e-91
5.524477886e-01  8.9409707e-91
5.552100275e-01  2.4773642e-90
5.579860777e-01  6.8287167e-90
5.607760081e-01  1.8725946e-89
5.635798881e-01  5.1087514e-89
5.663977875e-01  1.3866396e-88
5.692297765e-01  3.7446532e-88
5.720759254e-01  1.0061103e-87
5.749363050e-01  2.6896130e-87
5.778109865e-01  7.1541151e-87
5.807000414e-01  1.8934587e-86
5.836035417e-01  4.9865487e-86
5.865215594e-01  1.3067776e-85
5.894541672e-01  3.4081791e-85
5.924014380e-01  8.8444671e-85
5.953634452e-01  2.2838006e-84
5.983402624e-01  5.8687958e-84
6.013319637e-01  1.5009617e-83
6.043386235e-01  3.8204350e-83
6.073603167e-01  9.6779702e-83
6.103971182e-01  2.4400228e-82
6.134491038e-01  6.1228575e-82
6.165163494e-01  1.5292429e-81
6.195989311e-01  3.8016044e-81
6.226969258e-01  9.4063309e-81
6.258104104e-01  2.3166725e-80
6.289394624e-01  5.6796834e-80
6.320841597e-01  1.3860465e-79
6.352445805e-01  3.3670500e-79
6.384208035e-01  8.1423966e-79
6.416129075e-01  1.9601819e-78
6.448209720e-01  4.6977491e-78
6.480450769e-01  1.1209708e-77
6.512853022e-01  2.6626312e-77
6.545417288e-01  6.2961724e-77
6.578144374e-01  1.4822761e-76
6.611035096e-01  3.4745655e-76
6.644090271e-01  8.1092966e-76
6.677310723e-01  1.8844159e-75
6.710697276e-01  4.3600762e-75
6.744250763e-01  1.0044886e-74
6.777972017e-01  2.3043082e-74
6.811861877e-01  5.2636884e-74
6.845921186e-01  1.1972955e-73
6.880150792e-01  2.7119434e-73
6.914551546e-01  6.1170703e-73
6.949124304e-01  1.3746339e-72
6.983869925e-01  3.0743915e-72
7.018789275e-01  6.8483721e-72
7.053883221e-01  1.5191061e-71
7.089152637e-01  3.3563026e-71
7.124598400e-01  7.3855563e-71
7.160221392e-01  1.6188391e-70
7.196022499e-01  3.5410404e-70
7.232002612e-01  7.6961801e-70
7.268162625e-01  1.6657710e-69
7.304503438e-01  3.5898747e-69
7.341025955e-01  7.7093279e-69
7.377731085e-01  1.6494913e-68
7.414619740e-01  3.5157499e-68
7.451692839e-01  7.4649895e-68
7.488951303e-01  1.5789303e-67
7.526396060e-01  3.3267834e-67
7.564028040e-01  6.9826777e-67
7.601848180e-01  1.4600431e-66
7.639857421e-01  3.0413181e-66
7.678056708e-01  6.3112694e-66
7.716446992e-01  1.3047911e-65
7.755029227e-01  2.6874791e-65
7.793804373e-01  5.5149292e-65
7.832773395e-01  1.1275349e-64
7.871937262e-01  2.2967423e-64
7.911296948e-01  4.6623508e-64
7.950853433e-01  9.4270467e-64
7.990607700e-01  1.8994824e-63
8.030560739e-01  3.8128060e-63
8.070713542e-01  7.6261869e-63
8.111067110e-01  1.5201069e-62
8.151622446e-01  3.0212682e-62
8.192380558e-01  5.9944004e-62
8.233342461e-01  1.1808273e-61
8.274509173e-01  2.3191398e-61
8.315881719e-01  4.5363746e-61
8.357461127e-01  8.8505574e-61
8.399248433e-01  1.7214285e-60
8.441244675e-01  3.3365711e-60
8.483450899e-01  6.4448140e-60
8.525868153e-01  1.2406645e-59
8.568497494e-01  2.3802576e-59
8.611339981e-01  4.5513480e-59
8.654396681e-01  8.6736972e-59
8.697668665e-01  1.6477804e-58
8.741157008e-01  3.1193018e-58
8.784862793e-01  5.8863914e-58
8.828787107e-01  1.1097181e-57
8.872931042e-01  2.0819280e-57
8.917295698e-01  3.8849101e-57
8.961882176e-01  7.2378584e-57
9.006691587e-01  1.3474241e-56
9.051725045e-01  2.4866902e-56
9.096983670e-01  4.5913380e-56
9.142468589e-01  8.4328705e-56
9.188180931e-01  1.5443399e-55
9.234121836e-01  2.8207844e-55
9.280292445e-01  5.1378629e-55
9.326693908e-01  9.4031688e-55
9.373327377e-01  1.7238945e-54
9.420194014e-01  3.0942627e-54
9.467294984e-01  5.5514809e-54
9.514631459e-01  9.9121280e-54
9.562204616e-01  1.7628016e-53
9.610015639e-01  3.1480251e-53
9.658065718e-01  5.5961023e-53
9.706356046e-01  9.8951432e-53
9.754887826e-01  1.7491068e-52
9.803662265e-01  3.0755324e-52
9.852680577e-01  5.4009609e-52
9.901943980e-01  9.4610201e-52
9.951453700e-01  1.6522181e-51
1.000121097e+00  2.8771523e-51
1.005121702e+00  4.9958102e-51
1.010147311e+00  8.6499880e-51
1.015198047e+00  1.4932769e-50
1.020274038e+00  2.5704888e-50
1.025375408e+00  4.4122947e-50
1.030502285e+00  7.5527069e-50
1.035654796e+00  1.2892662e-49
1.040833070e+00  2.1947306e-49
1.046037236e+00  3.7258244e-49
1.051267422e+00  6.3076887e-49
1.056523759e+00  1.0649451e-48
1.061806378e+00  1.7930845e-48
1.067115410e+00  3.0108896e-48
1.072450987e+00  5.0422102e-48
1.077813242e+00  8.4214726e-48
1.083202308e+00  1.4028893e-47
1.088618319e+00  2.3309283e-47
1.094061411e+00  3.8646740e-47
1.099531718e+00  6.3928222e-47
1.105029377e+00  1.0546038e-46
1.110554523e+00  1.7326713e-46
1.116107296e+00  2.8581564e-46
1.121687832e+00  4.7453329e-46
1.127296272e+00  7.9003158e-46
1.132932753e+00  1.2713942e-45
1.138597417e+00  2.0384478e-45
1.144290404e+00  3.3225260e-45
1.150011856e+00  5.2977602e-45
1.155761915e+00  8.5223226e-45
1.161540725e+00  1.3681897e-44
1.167348428e+00  2.1858369e-44
1.173185171e+00  3.4839798e-44
1.179051096e+00  5.5504480e-44
1.184946352e+00  8.8268323e-44
1.190871084e+00  1.4008904e-43
1.196825439e+00  2.2148184e-43
1.202809566e+00  3.4959189e-43
1.208823614e+00  5.4945529e-43
1.214867732e+00  8.6340790e-43
1.220942071e+00  1.3532704e-42
1.227046781e+00  2.1167315e-42
1.233182015e+00  3.3038177e-42
1.239347925e+00  5.1439209e-42
1.245544665e+00  7.9881322e-42
1.251772388e+00  1.2377080e-41
1.258031250e+00  1.9135343e-41
1.264321406e+00  2.9518560e-41
1.270643013e+00  4.5433153e-41
1.276996228e+00  6.9771073e-41
1.283381209e+00  1.0690751e-40
1.289798116e+00  1.6344640e-40
1.296247106e+00  2.4933160e-40
1.302728342e+00  3.7957616e-40
1.309241983e+00  5.7710501e-40
1.315788193e+00  8.7781208e-40
1.322367134e+00  1.3367469e-39
1.328978970e+00  2.0205724e-39
1.335623865e+00  3.0563562e-39
1.342301984e+00  4.6009614e-39
1.349013494e+00  6.9152638e-39
1.355758561e+00  1.0690051e-38
1.362537354e+00  1.6469928e-38
1.369350041e+00  2.4848588e-38
1.376196791e+00  3.6457831e-38
1.383077775e+00  5.4442950e-38
1.389993164e+00  7.9206678e-38
1.396943130e+00  1.1722047e-37
1.403927846e+00  1.7039708e-37
1.410947485e+00  2.4499153e-37
1.418002222e+00  3.5350848e-37
1.425092233e+00  5.1458148e-37
1.432217694e+00  7.5959087e-37
1.439378783e+00  1.1073916e-36
1.446575677e+00  1.6117135e-36
1.453808555e+00  2.3593913e-36
1.461077598e+00  3.3851801e-36
1.468382986e+00  4.9424482e-36
1.475724901e+00  7.0157191e-36
1.483103525e+00  1.0042651e-35
1.490519043e+00  1.4372504e-35
1.497971638e+00  2.0621622e-35
1.505461496e+00  2.9535963e-35
1.512988804e+00  4.2223775e-35
1.520553748e+00  6.0286011e-35
1.528156517e+00  8.5925527e-35
1.535797299e+00  1.2223848e-34
1.543476286e+00  1.7357967e-34
1.551193667e+00  2.4601121e-34
1.558949636e+00  3.4802524e-34
1.566744384e+00  4.9144292e-34
1.574578106e+00  6.9264388e-34
1.582450996e+00  9.7448150e-34
1.590363251e+00  1.3685030e-33
1.598315067e+00  1.9183675e-33
1.606306643e+00  2.6842766e-33
1.614338176e+00  3.7504581e-33
1.622409867e+00  5.2464447e-33
1.630521916e+00  7.3822320e-33
1.638674526e+00  1.0397639e-32
1.646867898e+00  1.4643205e-32
1.655102238e+00  2.0281241e-32
1.663377749e+00  2.8011500e-32
1.671694638e+00  3.7962911e-32
1.680053111e+00  5.2239282e-32
1.688453377e+00  7.1682801e-32
1.696895643e+00  9.9519185e-32
1.705380122e+00  1.4244286e-31
1.713907022e+00  1.9076392e-31
1.722476557e+00  2.6569351e-31
1.731088940e+00  3.5224447e-31
1.739744385e+00  4.6650615e-31
1.748443107e+00  6.3042510e-31
1.757185322e+00  8.5587004e-31
1.765971249e+00  1.1723027e-30
1.774801105e+00  1.6307762e-30
1.783675111e+00  2.1645394e-30
1.792593486e+00  2.9324063e-30
1.801556454e+00  3.8846969e-30
1.810564236e+00  5.2373281e-30
1.819617057e+00  7.0502635e-30
1.828715142e+00  9.7941971e-30
1.837858718e+00  1.3719198e-29
1.847048012e+00  1.8303043e-29
1.856283252e+00  2.4880533e-29
1.865564668e+00  3.1946805e-29
1.874892491e+00  4.3846020e-29
1.884266954e+00  5.6691897e-29
1.893688289e+00  7.5696708e-29
1.903156730e+00  1.0087497e-28
1.912672514e+00  1.2883396e-28
1.922235876e+00  1.6417668e-28
1.931847056e+00  2.1190804e-28
1.941506291e+00  2.7601012e-28
1.951213822e+00  3.5835894e-28
1.960969892e+00  4.7192190e-28
1.970774741e+00  6.1455416e-28
1.980628615e+00  8.0410120e-28
1.990531758e+00  1.0509671e-27
2.000484417e+00  1.3724456e-27
2.010486839e+00  1.7907437e-27
2.020539273e+00  2.3341435e-27
2.030641969e+00  3.0386375e-27
2.040795179e+00  3.9504351e-27
2.050999155e+00  5.1338760e-27
2.061254151e+00  6.6718384e-27
2.071560421e+00  8.6656517e-27
2.081918224e+00  1.1254209e-26
2.092327815e+00  1.4594086e-26
2.102789454e+00  1.8862039e-26
2.113303401e+00  2.4251318e-26
2.123869918e+00  3.0999841e-26
2.134489268e+00  3.9377111e-26
2.145161714e+00  5.0107667e-26
2.155887523e+00  6.4344490e-26
2.166666960e+00  8.3002823e-26
2.177500295e+00  1.0659614e-25
2.188387796e+00  1.3370196e-25
2.199329735e+00  1.7760129e-25
2.210326384e+00  2.1740224e-25
2.221378016e+00  2.8131564e-25
2.232484906e+00  3.5756108e-25
2.243647331e+00  4.5133323e-25
2.254865567e+00  5.7732977e-25
2.266139895e+00  7.4207685e-25
2.277470595e+00  9.3968759e-25
2.288857948e+00  1.1932546e-24
2.300302237e+00  1.5019229e-24
2.311803748e+00  1.8476458e-24
2.323362767e+00  2.3634411e-24
2.334979581e+00  2.9589502e-24
2.346654479e+00  3.7090960e-24
2.358387751e+00  4.6155766e-24
2.370179690e+00  5.6917918e-24
2.382030589e+00  7.1264531e-24
2.393940742e+00  8.7970054e-24
2.405910445e+00  1.0654709e-23
2.417939997e+00  1.3141384e-23
2.430029697e+00  1.6082339e-23
2.442179846e+00  1.9481786e-23
2.454390745e+00  2.3516037e-23
2.466662699e+00  2.8656554e-23
2.478996012e+00  3.5202793e-23
2.491390992e+00  4.3570385e-23
2.503847947e+00  5.2647005e-23
2.516367187e+00  6.5104746e-23
2.528949023e+00  8.1859737e-23
2.541593768e+00  1.0135030e-22
2.554301737e+00  1.2274089e-22
2.567073246e+00  1.6132103e-22
2.579908612e+00  2.0097724e-22
2.592808155e+00  2.4303867e-22
2.605772196e+00  2.9294117e-22
2.618801057e+00  3.5759928e-22
2.631895062e+00  4.3038106e-22
2.645054537e+00  5.4812993e-22
2.658279810e+00  6.4784907e-22
2.671571209e+00  7.7129118e-22
2.684929065e+00  9.7004309e-22
2.698353710e+00  1.1691974e-21
2.711845479e+00  1.3957890e-21
2.725404706e+00  1.6789975e-21
2.739031730e+00  2.0273385e-21
2.752726889e+00  2.4448727e-21
2.766490523e+00  2.9305398e-21
2.780322976e+00  3.4222153e-21
2.794224591e+00  4.0507917e-21
2.808195713e+00  4.7801217e-21
2.822236692e+00  5.4892741e-21
2.836347875e+00  6.6565419e-21
2.850529615e+00  7.8259864e-21
2.864782263e+00  9.0252488e-21
2.879106174e+00  1.0746566e-20
2.893501705e+00  1.2611493e-20
2.907969214e+00  1.5074969e-20
2.922509060e+00  1.7882208e-20
2.937121605e+00  2.1206389e-20
2.951807213e+00  2.5447144e-20
2.966566249e+00  3.0102952e-20
2.981399080e+00  3.5377628e-20
2.996306076e+00  4.1581443e-20
3.011287606e+00  5.0222768e-20
3.026344044e+00  5.8961970e-20
3.041475764e+00  7.1241475e-20
3.056683143e+00  8.3962511e-20
3.071966559e+00  9.8326902e-20
3.087326392e+00  1.1888873e-19
3.102763024e+00  1.3963102e-19
3.118276839e+00  1.6290319e-19
3.133868223e+00  1.8940704e-19
3.149537564e+00  2.2022278e-19
3.165285252e+00  2.5379222e-19
3.181111678e+00  3.0890426e-19
3.197017237e+00  3.7879936e-19
3.213002323e+00  4.6520780e-19
3.229067334e+00  5.6257582e-19
3.245212671e+00  6.6149048e-19
3.261438734e+00  7.6136153e-19
3.277745928e+00  8.9458990e-19
3.294134658e+00  1.0484633e-18
3.310605331e+00  1.1758988e-18
3.327158358e+00  1.3910712e-18
3.343794149e+00  1.6381537e-18
3.360513120e+00  1.8907944e-18
3.377315686e+00  2.1945679e-18
3.394202264e+00  2.4977920e-18
3.411173276e+00  2.8002533e-18
3.428229142e+00  3.2544315e-18
3.445370288e+00  3.7760811e-18
3.462597139e+00  4.1996898e-18
3.479910125e+00  4.9673033e-18
3.497309675e+00  5.7998207e-18
3.514796224e+00  6.2255656e-18
3.532370205e+00  7.6457376e-18
3.550032056e+00  8.7702263e-18
3.567782216e+00  9.8482886e-18
3.585621127e+00  1.1240920e-17
3.603549233e+00  1.2415587e-17
3.621566979e+00  1.4075090e-17
3.639674814e+00  1.5805673e-17
3.657873188e+00  1.7428145e-17
3.676162554e+00  1.9775114e-17
3.694543367e+00  2.2876218e-17
3.713016084e+00  2.6577626e-17
3.731581164e+00  3.0413695e-17
3.750239070e+00  3.4164583e-17
3.768990265e+00  3.9504808e-17
3.787835216e+00  4.4631336e-17
3.806774393e+00  5.0411310e-17
3.825808265e+00  5.7079626e-17
3.844937306e+00  6.7029236e-17
3.864161992e+00  7.2660845e-17
3.883482802e+00  8.1820613e-17
3.902900216e+00  9.4189019e-17
3.922414717e+00  1.0503274e-16
3.942026791e+00  1.1655157e-16
3.961736925e+00  1.2982234e-16
3.981545610e+00  1.4886185e-16
4.001453338e+00  1.6596118e-16
4.021460604e+00  1.8371933e-16
4.041567907e+00  2.1034686e-16
4.061775747e+00  2.3172592e-16
4.082084626e+00  2.6116227e-16
4.102495049e+00  2.9243488e-16
4.123007524e+00  3.2850211e-16
4.143622562e+00  3.6789932e-16
4.164340674e+00  4.1212213e-16
4.185162378e+00  4.6181072e-16
4.206088190e+00  5.1688094e-16
4.227118631e+00  5.7850523e-16
4.248254224e+00  6.4670888e-16
4.269495495e+00  7.2232427e-16
4.290842972e+00  8.0620402e-16
4.312297187e+00  9.0016473e-16
4.333858673e+00  1.0029772e-15
4.355527967e+00  1.1174673e-15
4.377305606e+00  1.2445872e-15
4.399192134e+00  1.3854071e-15
4.421188095e+00  1.5421172e-15
4.443294036e+00  1.7152216e-15
4.465510506e+00  1.9056129e-15
4.487838058e+00  2.1134231e-15
4.510277249e+00  2.3414406e-15
4.532828635e+00  2.5989803e-15
4.555492778e+00  2.8793307e-15
4.578270242e+00  3.1813515e-15
4.601161593e+00  3.5212661e-15
4.624167401e+00  3.8959229e-15
4.647288238e+00  4.2998840e-15
4.670524679e+00  4.7475913e-15
4.693877303e+00  5.2382149e-15
4.717346689e+00  5.7773255e-15
4.740933423e+00  6.3706966e-15
4.764638090e+00  7.0131467e-15
4.788461280e+00  7.7206574e-15
4.812403587e+00  8.4969692e-15
4.836465604e+00  9.3469373e-15
4.860647933e+00  1.0268038e-14
4.884951172e+00  1.1301003e-14
4.909375928e+00  1.2375887e-14
4.933922808e+00  1.3626590e-14
4.958592422e+00  1.4936112e-14
4.983385384e+00  1.6328039e-14
5.008302311e+00  1.8046357e-14
5.033343822e+00  1.9643062e-14
5.058510541e+00  2.1500351e-14
5.083803094e+00  2.3603816e-14
5.109222110e+00  2.5876757e-14
5.134768220e+00  2.9376194e-14
5.160442061e+00  3.0940832e-14
5.186244272e+00  3.3348104e-14
5.212175493e+00  3.8894177e-14
5.238236370e+00  4.1033954e-14
5.264427552e+00  4.4007529e-14
5.290749690e+00  4.9462436e-14
5.317203438e+00  5.1948049e-14
5.343789456e+00  6.3736512e-14
5.370508403e+00  6.2492328e-14
5.397360945e+00  6.7452605e-14
5.424347750e+00  8.3811993e-14
5.451469488e+00  8.7811656e-14
5.478726836e+00  9.6679227e-14
5.506120470e+00  9.3721444e-14
5.533651072e+00  1.0893824e-13
5.561319328e+00  1.2953304e-13
5.589125924e+00  1.3503065e-13
5.617071554e+00  1.5173557e-13
5.645156912e+00  1.6808485e-13
5.673382696e+00  1.7333968e-13
5.701749610e+00  1.8312987e-13
5.730258358e+00  2.1453854e-13
5.758909650e+00  2.3016792e-13
5.787704198e+00  2.3509466e-13
5.816642719e+00  2.6506004e-13
5.845725932e+00  2.8976395e-13
5.874954562e+00  3.0679295e-13
5.904329335e+00  3.3650984e-13
5.933850982e+00  3.5707544e-13
5.963520237e+00  3.9085451e-13
5.993337838e+00  4.1549517e-13
6.023304527e+00  4.5138138e-13
6.053421050e+00  4.7098468e-13
6.083688155e+00  5.1726253e-13
6.114106596e+00  5.4714213e-13
6.144677129e+00  5.9192691e-13
6.175400514e+00  6.3044855e-13
6.206277517e+00  6.8570183e-13
6.237308904e+00  7.0707068e-13
6.268495449e+00  7.3232524e-13
6.299837926e+00  7.7834993e-13
6.331337116e+00  8.8998000e-13
6.362993801e+00  9.4771937e-13
6.394808770e+00  1.0135618e-12
6.426782814e+00  1.0788295e-12
6.458916728e+00  1.1707026e-12
6.491211312e+00  1.2149960e-12
6.523667368e+00  1.3197213e-12
6.556285705e+00  1.4065960e-12
6.589067134e+00  1.4948609e-12
6.622012469e+00  1.5923707e-12
6.655122532e+00  1.7048905e-12
6.688398144e+00  1.7935470e-12
6.721840135e+00  1.8936465e-12
6.755449336e+00  1.8202415e-12
6.789226583e+00  2.1380479e-12
6.823172715e+00  2.2791290e-12
6.857288579e+00  2.4260999e-12
6.891575022e+00  2.3402345e-12
6.926032897e+00  2.3373053e-12
6.960663062e+00  2.7435798e-12
6.995466377e+00  2.7855831e-12
7.030443709e+00  3.0069580e-12
7.065595927e+00  2.9473698e-12
7.100923907e+00  2.9810385e-12
7.136428526e+00  3.3204831e-12
7.172110669e+00  3.5427316e-12
7.207971222e+00  3.6345709e-12
7.244011079e+00  3.7960317e-12
7.280231134e+00  4.2357919e-12
7.316632290e+00  4.5615301e-12
7.353215451e+00  5.1456436e-12
7.389981528e+00  5.6612913e-12
7.426931436e+00  6.0061422e-12
7.464066093e+00  6.3482048e-12
7.501386424e+00  6.6752270e-12
7.538893356e+00  7.0466254e-12
7.576587822e+00  7.4608731e-12
7.614470762e+00  7.8706390e-12
7.652543115e+00  8.1706311e-12
7.690805831e+00  8.5954769e-12
7.729259860e+00  9.1111651e-12
7.767906159e+00  9.5899091e-12
7.806745690e+00  1.0047178e-11
7.845779419e+00  1.0589597e-11
7.885008316e+00  1.1051167e-11
7.924433357e+00  1.1591243e-11
7.964055524e+00  1.1968288e-11
8.003875802e+00  1.2014568e-11
8.043895181e+00  1.2313769e-11
8.084114657e+00  1.2215544e-11
8.124535230e+00  1.2216047e-11
8.165157906e+00  1.2301097e-11
8.205983696e+00  1.3011254e-11
8.247013614e+00  1.3323106e-11
8.288248682e+00  1.3896358e-11
8.329689926e+00  1.4587319e-11
8.371338375e+00  1.5167080e-11
8.413195067e+00  1.5878249e-11
8.455261042e+00  1.6600762e-11
8.497537348e+00  1.7344986e-11
8.540025034e+00  1.8070252e-11
8.582725160e+00  1.8919854e-11
8.625638785e+00  1.9849562e-11
8.668766979e+00  2.0538818e-11
8.712110814e+00  2.1343470e-11
8.755671368e+00  2.2241107e-11
8.799449725e+00  2.3176829e-11
8.843446974e+00  2.4082094e-11
8.887664209e+00  2.5069667e-11
8.932102530e+00  2.6079033e-11
8.976763042e+00  2.7112388e-11
9.021646857e+00  2.8188052e-11
9.066755092e+00  2.9295988e-11
9.112088867e+00  3.0454587e-11
9.157649312e+00  3.1638244e-11
9.203437558e+00  3.2872575e-11
9.249454746e+00  3.4141994e-11
9.295702020e+00  3.5451228e-11
9.342180530e+00  3.6801060e-11
9.388891432e+00  3.8190636e-11
9.435835890e+00  3.9622475e-11
9.483015069e+00  4.1095078e-11
9.530430144e+00  4.2610081e-11
9.578082295e+00  4.4168351e-11
9.625972707e+00  4.5770082e-11
9.674102570e+00  4.7416806e-11
9.722473083e+00  4.9108373e-11
9.771085448e+00  5.0844195e-11
9.819940876e+00  5.2626047e-11
9.869040580e+00  5.4455872e-11
9.918385783e+00  5.6333828e-11
9.967977712e+00  5.8260737e-11
1.001781760e+01  6.0236934e-11
1.006790669e+01  6.2263147e-11
1.011824622e+01  6.4340214e-11
1.016883745e+01  6.6469695e-11
1.021968164e+01  6.8650226e-11
1.027078005e+01  7.0883251e-11
1.032213395e+01  7.3169303e-11
1.037374462e+01  7.5507089e-11
1.042561334e+01  7.7899104e-11
1.047774141e+01  8.0345733e-11
1.053013012e+01  8.2847437e-11
1.058278077e+01  8.5405509e-11
1.063569467e+01  8.8020278e-11
1.068887314e+01  9.0693784e-11
1.074231751e+01  9.3423637e-11
1.079602910e+01  9.6205849e-11
1.085000924e+01  9.9040211e-11
1.090425929e+01  1.0193866e-10
1.095878058e+01  1.0490181e-10
1.101357449e+01  1.0792540e-10
1.106864236e+01  1.1100863e-10
1.112398557e+01  1.1415391e-10
1.117960550e+01  1.1736237e-10
1.123550353e+01  1.2063370e-10
1.129168104e+01  1.2397748e-10
1.134813945e+01  1.2737352e-10
1.140488015e+01  1.3083846e-10
1.146190455e+01  1.3436938e-10
1.151921407e+01  1.3796432e-10
1.157681014e+01  1.4162575e-10
1.163469419e+01  1.4534575e-10
1.169286766e+01  1.4912653e-10
1.175133200e+01  1.5297374e-10
1.181008866e+01  1.5687641e-10
1.186913910e+01  1.6084466e-10
1.192848480e+01  1.6485808e-10
1.198812722e+01  1.6892696e-10
1.204806786e+01  1.7305711e-10
1.210830820e+01  1.7726528e-10
1.216884974e+01  1.8150002e-10
1.222969399e+01  1.8581494e-10
1.229084246e+01  1.9019966e-10
1.235229667e+01  1.9462511e-10
1.241405815e+01  1.9905672e-10
1.247612845e+01  2.0354320e-10
1.253850909e+01  2.0816474e-10
1.260120163e+01  2.1278911e-10
1.266420764e+01  2.1750430e-10
1.272752868e+01  2.2225580e-10
1.279116632e+01  2.2703876e-10
1.285512215e+01  2.3191839e-10
1.291939776e+01  2.3688069e-10
1.298399475e+01  2.4201399e-10
1.304891473e+01  2.4702130e-10
1.311415930e+01  2.5218157e-10
1.317973010e+01  2.5741968e-10
1.324562875e+01  2.6274446e-10
1.331185689e+01  2.6812129e-10
1.337841618e+01  2.7361218e-10
1.344530826e+01  2.7913655e-10
1.351253480e+01  2.8474678e-10
1.358009747e+01  2.9042533e-10
1.364799796e+01  2.9620834e-10
1.371623795e+01  3.0209070e-10
1.378481914e+01  3.0793441e-10
1.385374323e+01  3.1388826e-10
1.392301195e+01  3.1998416e-10
1.399262701e+01  3.2609151e-10
1.406259015e+01  3.3227302e-10
1.413290310e+01  3.3897949e-10
1.420356761e+01  3.4488274e-10
1.427458545e+01  3.5127381e-10
1.434595838e+01  3.5784287e-10
1.441768817e+01  3.6433050e-10
1.448977661e+01  3.7096810e-10
1.456222549e+01  3.7768366e-10
1.463503662e+01  3.8439350e-10
1.470821180e+01  3.9119796e-10
1.478175286e+01  3.9806258e-10
1.485566163e+01  4.0529818e-10
1.492993994e+01  4.1419065e-10
1.500458964e+01  4.1903766e-10
1.507961258e+01  4.2617156e-10
1.515501065e+01  4.3346917e-10
1.523078570e+01  4.4033992e-10
1.530693963e+01  4.4750788e-10
1.538347433e+01  4.5470958e-10
1.546039170e+01  4.6219249e-10
1.553769366e+01  4.6924647e-10
1.561538212e+01  4.7632991e-10
1.569345903e+01  4.8394528e-10
1.577192633e+01  4.9071735e-10
1.585078596e+01  4.9786333e-10
1.593003989e+01  5.0485123e-10
1.600969009e+01  5.1205929e-10
1.608973854e+01  5.1870530e-10
1.617018723e+01  5.2567826e-10
1.625103817e+01  5.3326573e-10
1.633229336e+01  5.3973024e-10
1.641395483e+01  5.4477611e-10
1.649602460e+01  5.5074437e-10
1.657850473e+01  5.5664086e-10
1.666139725e+01  5.6234712e-10
1.674470424e+01  5.6776095e-10
1.682842776e+01  5.7272142e-10
1.691256990e+01  5.7991333e-10
1.699713274e+01  5.8249517e-10
results_cfg.txt
<OBJECT>Exoplanet
<OBJECT-NAME>OGLE-2016-BLG-1227L b
<OBJECT-DATE>2025/04/28 18:17
<OBJECT-ORBIT>0.00000000,0.00000,1150.71576951,0.00000,3.40000,2460794.511806
<OBJECT-SEASON>180.0
<OBJECT-PERIOD>1150.71576951
<OBJECT-SOLAR-LONGITUDE>0.0
<OBJECT-SOLAR-LATITUDE>0.00
<OBJECT-OBS-LONGITUDE>180.00
<OBJECT-OBS-LATITUDE>0.00
<OBJECT-POSITION-ANGLE>0.00
<OBJECT-GRAVITY>1384.336
<OBJECT-GRAVITY-UNIT>rho
<OBJECT-STAR-TYPE>G
<OBJECT-STAR-TEMPERATURE>5500.0
<OBJECT-OBS-VELOCITY>0.000
<OBJECT-STAR-DISTANCE>3.40000
<OBJECT-STAR-VELOCITY>0.00000
<OBJECT-INCLINATION>90.00
<OBJECT-SHAPE>Sphere
<GEOMETRY-ALTITUDE-UNIT>pc
<GEOMETRY-OBS-ALTITUDE>1.0000
<GEOMETRY-STAR-DISTANCE>0.000000e+00
<GEOMETRY-SOLAR-ANGLE>90.000
<GEOMETRY-OBS-ANGLE>48.121
<GEOMETRY-PLANET-FRACTION>1.000e+00
<GEOMETRY-BRDFSCALER>1.000
<GEOMETRY-TEMISSION>124.100
<GEOMETRY-AZIMUTH>0.000
<GEOMETRY-STAR-FRACTION>8.386316e-05
<GEOMETRY-ROTATION>-0.00,0.00
<GEOMETRY>Observatory
<ATMOSPHERE-DESCRIPTION>Parmentier+2014; Kempton_1.0Xsolar_cond
<ATMOSPHERE-STRUCTURE>Equilibrium
<ATMOSPHERE-WEIGHT>2.36
<ATMOSPHERE-PRESSURE>1.0000
<ATMOSPHERE-PUNIT>bar
<ATMOSPHERE-NGAS>4
<ATMOSPHERE-GAS>H2,He,H2O,CH4
<ATMOSPHERE-TYPE>HIT[45],HIT[0],HIT[1],HIT[6]
<ATMOSPHERE-ABUN>1.0,1.0,1.0,1.0
<ATMOSPHERE-UNIT>scl,scl,scl,scl
<ATMOSPHERE-LAYERS-MOLECULES>H2,He,H2O,CH4,NH3,H2S,HF,N2,HCl
<ATMOSPHERE-LAYERS>50
<ATMOSPHERE-LAYER-1>1.0000e+03,7.0103e+02,8.3684e-01,1.6167e-01,6.7508e-04,4.8846e-04,1.3437e-04,3.0067e-05,5.8038e-08,2.9941e-10,1.0661e-07
<ATMOSPHERE-LAYER-2>6.5513e+02,6.1765e+02,8.3684e-01,1.6167e-01,6.7611e-04,4.8847e-04,1.3440e-04,3.0067e-05,5.8038e-08,5.0946e-11,1.0661e-07
<ATMOSPHERE-LAYER-3>4.2919e+02,5.4362e+02,8.3684e-01,1.6167e-01,6.7714e-04,4.8847e-04,1.3444e-04,3.0067e-05,5.8038e-08,5.8850e-12,1.0661e-07
<ATMOSPHERE-LAYER-4>2.8118e+02,4.7802e+02,8.3684e-01,1.6167e-01,6.7818e-04,4.8847e-04,1.3445e-04,3.0067e-05,5.8038e-08,5.0932e-13,5.4458e-08
<ATMOSPHERE-LAYER-5>1.8421e+02,4.2000e+02,8.3684e-01,1.6167e-01,6.7922e-04,4.8848e-04,1.3444e-04,3.0067e-05,5.8039e-08,2.9572e-14,1.8177e-08
<ATMOSPHERE-LAYER-6>1.2068e+02,3.6875e+02,8.3684e-01,1.6167e-01,6.8025e-04,4.8848e-04,1.3446e-04,3.0067e-05,5.8039e-08,8.0372e-16,1.1139e-24
<ATMOSPHERE-LAYER-7>7.9060e+01,3.2354e+02,8.3684e-01,1.6167e-01,6.8071e-04,4.8848e-04,1.3446e-04,3.0067e-05,5.8039e-08,1.8862e-17,1.2797e-44
<ATMOSPHERE-LAYER-8>5.1795e+01,2.8372e+02,8.3684e-01,1.6167e-01,6.8047e-04,4.8847e-04,1.3445e-04,3.0067e-05,5.8033e-08,1.9188e-19,2.4292e-49
<ATMOSPHERE-LAYER-9>3.3932e+01,2.4868e+02,8.3684e-01,1.6167e-01,6.7996e-04,4.8848e-04,1.3445e-04,3.0067e-05,5.8025e-08,6.4434e-22,7.5122e-50
<ATMOSPHERE-LAYER-10>2.2230e+01,2.1787e+02,8.3684e-01,1.6168e-01,6.7952e-04,4.8850e-04,1.3445e-04,3.0067e-05,5.8024e-08,4.7692e-24,0.0000e+00
<ATMOSPHERE-LAYER-11>1.4563e+01,1.9081e+02,8.3684e-01,1.6168e-01,6.7926e-04,4.8851e-04,1.3445e-04,3.0067e-05,1.2055e-08,8.0215e-27,0.0000e+00
<ATMOSPHERE-LAYER-12>9.5410e+00,1.6705e+02,8.3684e-01,1.6167e-01,6.7926e-04,4.8851e-04,1.3445e-04,3.0067e-05,2.3335e-10,7.9013e-31,0.0000e+00
<ATMOSPHERE-LAYER-13>6.2506e+00,1.4824e+02,8.3684e-01,1.6167e-01,6.7925e-04,4.8849e-04,1.3445e-04,3.0067e-05,1.2027e-11,6.3576e-34,0.0000e+00
<ATMOSPHERE-LAYER-14>4.0949e+00,1.3634e+02,8.3684e-01,1.6167e-01,6.7923e-04,4.8846e-04,1.3445e-04,3.0067e-05,2.1405e-12,9.5394e-36,0.0000e+00
<ATMOSPHERE-LAYER-15>2.6827e+00,1.2968e+02,8.3684e-01,1.6167e-01,6.7922e-04,4.8844e-04,1.3445e-04,3.0067e-05,9.4278e-13,1.3212e-36,0.0000e+00
<ATMOSPHERE-LAYER-16>1.7575e+00,1.2634e+02,8.3684e-01,1.6167e-01,6.7921e-04,4.8841e-04,1.3445e-04,3.0067e-05,7.2337e-13,7.4573e-37,0.0000e+00
<ATMOSPHERE-LAYER-17>1.1514e+00,1.2477e+02,8.3684e-01,1.6167e-01,6.7920e-04,4.8839e-04,1.3445e-04,3.0068e-05,7.4144e-13,8.9363e-37,0.0000e+00
<ATMOSPHERE-LAYER-18>7.5431e-01,1.2406e+02,8.3684e-01,1.6167e-01,6.7920e-04,4.8838e-04,1.3445e-04,3.0068e-05,8.7126e-13,1.5412e-36,0.0000e+00
<ATMOSPHERE-LAYER-19>4.9417e-01,1.2374e+02,8.3684e-01,1.6167e-01,6.7922e-04,4.8839e-04,1.3445e-04,3.0068e-05,1.0885e-12,3.1411e-36,0.0000e+00
<ATMOSPHERE-LAYER-20>3.2375e-01,1.2360e+02,8.3684e-01,1.6167e-01,6.7923e-04,4.8840e-04,1.3445e-04,3.0068e-05,1.3967e-12,6.8986e-36,0.0000e+00
<ATMOSPHERE-LAYER-21>2.1210e-01,1.2354e+02,8.3684e-01,1.6168e-01,6.7925e-04,4.8840e-04,1.3445e-04,3.0069e-05,1.8131e-12,1.5661e-35,0.0000e+00
<ATMOSPHERE-LAYER-22>1.3895e-01,1.2352e+02,8.3684e-01,1.6168e-01,6.7927e-04,4.8841e-04,1.3445e-04,3.0069e-05,2.3654e-12,3.6076e-35,0.0000e+00
<ATMOSPHERE-LAYER-23>9.1030e-02,1.2350e+02,8.3683e-01,1.6168e-01,6.7924e-04,4.8842e-04,1.3445e-04,3.0069e-05,3.0925e-12,8.3634e-35,0.0000e+00
<ATMOSPHERE-LAYER-24>5.9636e-02,1.2350e+02,8.3684e-01,1.6168e-01,6.7906e-04,4.8843e-04,1.3445e-04,3.0069e-05,4.0468e-12,1.9443e-34,0.0000e+00
<ATMOSPHERE-LAYER-25>3.9069e-02,1.2350e+02,8.3684e-01,1.6168e-01,6.7888e-04,4.8843e-04,1.3445e-04,3.0069e-05,5.2975e-12,4.5255e-34,0.0000e+00
<ATMOSPHERE-LAYER-26>2.5595e-02,1.2350e+02,8.3684e-01,1.6167e-01,6.7870e-04,4.8844e-04,1.3445e-04,3.0068e-05,6.9360e-12,1.0539e-33,0.0000e+00
<ATMOSPHERE-LAYER-27>1.6768e-02,1.2350e+02,8.3684e-01,1.6167e-01,6.7852e-04,4.8845e-04,1.3445e-04,3.0068e-05,9.0820e-12,2.4551e-33,0.0000e+00
<ATMOSPHERE-LAYER-28>1.0985e-02,1.2349e+02,8.3684e-01,1.6167e-01,6.7835e-04,4.8845e-04,1.3445e-04,3.0068e-05,1.1892e-11,5.7196e-33,0.0000e+00
<ATMOSPHERE-LAYER-29>7.1969e-03,1.2349e+02,8.3684e-01,1.6167e-01,6.7833e-04,4.8846e-04,1.3445e-04,3.0068e-05,1.5572e-11,1.3326e-32,0.0000e+00
<ATMOSPHERE-LAYER-30>4.7149e-03,1.2349e+02,8.3684e-01,1.6167e-01,6.7835e-04,4.8847e-04,1.3445e-04,3.0068e-05,2.0392e-11,3.1049e-32,0.0000e+00
<ATMOSPHERE-LAYER-31>3.0888e-03,1.2349e+02,8.3684e-01,1.6167e-01,6.7838e-04,4.8848e-04,1.3445e-04,3.0067e-05,2.6703e-11,7.2342e-32,0.0000e+00
<ATMOSPHERE-LAYER-32>2.0236e-03,1.2349e+02,8.3684e-01,1.6168e-01,6.7841e-04,4.8848e-04,1.3445e-04,3.0067e-05,3.4967e-11,1.6856e-31,0.0000e+00
<ATMOSPHERE-LAYER-33>1.3257e-03,1.2349e+02,8.3684e-01,1.6168e-01,6.7843e-04,4.8849e-04,1.3445e-04,3.0067e-05,4.5788e-11,3.9273e-31,0.0000e+00
<ATMOSPHERE-LAYER-34>8.6851e-04,1.2349e+02,8.3684e-01,1.6168e-01,6.7844e-04,4.8849e-04,1.3445e-04,3.0067e-05,5.9959e-11,9.1504e-31,0.0000e+00
<ATMOSPHERE-LAYER-35>5.6899e-04,1.2349e+02,8.3684e-01,1.6167e-01,6.7843e-04,4.8848e-04,1.3445e-04,3.0066e-05,7.8513e-11,2.1320e-30,0.0000e+00
<ATMOSPHERE-LAYER-36>3.7276e-04,1.2349e+02,8.3684e-01,1.6167e-01,6.7841e-04,4.8847e-04,1.3445e-04,3.0066e-05,1.0281e-10,4.9673e-30,0.0000e+00
<ATMOSPHERE-LAYER-37>2.4421e-04,1.2349e+02,8.3684e-01,1.6167e-01,6.7839e-04,4.8846e-04,1.3445e-04,3.0065e-05,1.3463e-10,1.1573e-29,0.0000e+00
<ATMOSPHERE-LAYER-38>1.5999e-04,1.2349e+02,8.3685e-01,1.6167e-01,6.7837e-04,4.8845e-04,1.3445e-04,3.0065e-05,1.7629e-10,2.6965e-29,0.0000e+00
<ATMOSPHERE-LAYER-39>1.0481e-04,1.2349e+02,8.3685e-01,1.6167e-01,6.7835e-04,4.8844e-04,1.3445e-04,3.0064e-05,2.3084e-10,6.2827e-29,0.0000e+00
<ATMOSPHERE-LAYER-40>6.8665e-05,1.2349e+02,8.3684e-01,1.6167e-01,6.8938e-04,4.8844e-04,1.3445e-04,3.0065e-05,3.0225e-10,1.4639e-28,1.0737e-50
<ATMOSPHERE-LAYER-41>4.4984e-05,1.2349e+02,8.3682e-01,1.6167e-01,7.0200e-04,4.8844e-04,1.3445e-04,3.0065e-05,3.9576e-10,3.4111e-28,1.3097e-50
<ATMOSPHERE-LAYER-42>2.9471e-05,1.2349e+02,8.3681e-01,1.6167e-01,7.1486e-04,4.8843e-04,1.3445e-04,3.0065e-05,5.1819e-10,7.9482e-28,1.5977e-50
<ATMOSPHERE-LAYER-43>1.9307e-05,1.2349e+02,8.3679e-01,1.6167e-01,7.2794e-04,4.8843e-04,1.3445e-04,3.0066e-05,6.7850e-10,1.8520e-27,1.9489e-50
<ATMOSPHERE-LAYER-44>1.2649e-05,1.2349e+02,8.3678e-01,1.6167e-01,7.4127e-04,4.8843e-04,1.3445e-04,3.0066e-05,8.8840e-10,4.3154e-27,2.3774e-50
<ATMOSPHERE-LAYER-45>8.2864e-06,1.2349e+02,8.3678e-01,1.6167e-01,7.4271e-04,4.8843e-04,1.3445e-04,3.0118e-05,1.1629e-09,1.0055e-26,2.9001e-50
<ATMOSPHERE-LAYER-46>5.4287e-06,1.2349e+02,8.3679e-01,1.6167e-01,7.2923e-04,4.8843e-04,1.3445e-04,3.0233e-05,1.5217e-09,2.3426e-26,3.5376e-50
<ATMOSPHERE-LAYER-47>3.5565e-06,1.2349e+02,8.3680e-01,1.6167e-01,7.1600e-04,4.8844e-04,1.3445e-04,3.0349e-05,1.9912e-09,5.4579e-26,4.3154e-50
<ATMOSPHERE-LAYER-48>2.3300e-06,1.2349e+02,8.3682e-01,1.6167e-01,7.0300e-04,4.8844e-04,1.3445e-04,3.0466e-05,2.6056e-09,1.2716e-25,5.2641e-50
<ATMOSPHERE-LAYER-49>1.5264e-06,1.2349e+02,8.3683e-01,1.6167e-01,6.9024e-04,4.8845e-04,1.3445e-04,3.0583e-05,3.4096e-09,2.9625e-25,6.4214e-50
<ATMOSPHERE-LAYER-50>1.0000e-06,1.2349e+02,8.3684e-01,1.6167e-01,6.7772e-04,4.8845e-04,1.3445e-04,3.0700e-05,4.4616e-09,6.9022e-25,7.8332e-50
<SURFACE-MODEL>Lambert
<SURFACE-PHASEMODEL>ISO
<SURFACE-ALBEDO>0.264
<SURFACE-EMISSIVITY>0.736
<SURFACE-TEMPERATURE>124.1
<GENERATOR-RANGE1>0.5
<GENERATOR-RANGE2>17
<GENERATOR-RANGEUNIT>um
<GENERATOR-RESOLUTION>200
<GENERATOR-RESOLUTIONUNIT>RP
<GENERATOR-CONT-MODEL>Y
<GENERATOR-GAS-MODEL>Y
<GENERATOR-CONT-STELLAR>N
<GENERATOR-TRANS-APPLY>N
<GENERATOR-TRANS-SHOW>N
results_lyr.txt
# ----------------------------------------------------------------------------------------------
# NASA-GSFC Planetary Spectrum Generator (PSG, Villanueva et al. 2018, 2022)
# Single scattering radiative transfer method, LMAX:0 / gMAX:0.00
# Planetary limb radiation included - Disk+Limb[sr] and FOV[sr]: 1.3402e-19 1.8460e-11
# Synthesized on Tue Apr 29 01:11:00 2025
# Radiative transfer took 0.802 seconds
# Radiative transfer method: correlated-k (low)
# Synthesis resolution [cm-1], l/dl, points and fine scaler: 9.950e+01 2.010e+02 7.080e+02 1
# ----------------------------------------------------------------------------------------------
# Molecular abundance profile: Parmentier+2014; Kempton_1.0Xsolar_cond
# Molecules considered: H2,He,H2O,CH4
# Molecular sources: HIT[45],HIT[0],HIT[1],HIT[6]
# Molecular abundances: 1.0,1.0,1.0,1.0
# Molecular abundance units: scl,scl,scl,scl
# Collisional partners (H2 type): Air:0%, H2:100%, He:0%, CO2:0%
# UV cross-sections included:  H2 H2O CH4
# Collision-Induced-Absorption:  CH4-CH4  CH4-He  H2-CH4  H2-H2  H2-He  H2O-H2O 
# Molecular Rayleigh included
# Refraction included (rmax-1.0, max total bending [deg]): 3.113197e-04 1.664388e+00
# ----------------------------------------------------------------------------------------------
# Input layer-by-layer atmospheric profile
# Molecular abundances in molec/molec and aerosols in kg/kg
# ----------------------------------------------------------------------------------------------
#  Layer Alt[km] Pressure[bar] Temp[K] Density[m-3] Mass[g/mol]         H2         He        H2O        CH4
# ----------------------------------------------------------------------------------------------
#    1     0.000   1.000e+00   124.100   5.836e+25    2.354769   8.368e-01  1.617e-01  6.792e-04  4.884e-04
#    2     0.050   7.543e-01   124.060   4.404e+25    2.354769   8.368e-01  1.617e-01  6.792e-04  4.884e-04
#    3     0.125   4.942e-01   123.740   2.893e+25    2.354769   8.368e-01  1.617e-01  6.792e-04  4.884e-04
#    4     0.200   3.237e-01   123.600   1.897e+25    2.354769   8.368e-01  1.617e-01  6.792e-04  4.884e-04
#    5     0.275   2.121e-01   123.540   1.244e+25    2.354786   8.368e-01  1.617e-01  6.792e-04  4.884e-04
#    6     0.350   1.389e-01   123.520   8.148e+24    2.354786   8.368e-01  1.617e-01  6.793e-04  4.884e-04
#    7     0.425   9.103e-02   123.500   5.339e+24    2.354790   8.368e-01  1.617e-01  6.792e-04  4.884e-04
#    8     0.499   5.964e-02   123.500   3.498e+24    2.354783   8.368e-01  1.617e-01  6.791e-04  4.884e-04
#    9     0.574   3.907e-02   123.500   2.291e+24    2.354781   8.368e-01  1.617e-01  6.789e-04  4.884e-04
#   10     0.649   2.559e-02   123.500   1.501e+24    2.354762   8.368e-01  1.617e-01  6.787e-04  4.884e-04
#   11     0.724   1.677e-02   123.500   9.834e+23    2.354759   8.368e-01  1.617e-01  6.785e-04  4.884e-04
#   12     0.799   1.098e-02   123.490   6.443e+23    2.354756   8.368e-01  1.617e-01  6.783e-04  4.884e-04
#   13     0.873   7.197e-03   123.490   4.221e+23    2.354756   8.368e-01  1.617e-01  6.783e-04  4.885e-04
#   14     0.948   4.715e-03   123.490   2.765e+23    2.354757   8.368e-01  1.617e-01  6.783e-04  4.885e-04
#   15     1.023   3.089e-03   123.490   1.812e+23    2.354757   8.368e-01  1.617e-01  6.784e-04  4.885e-04
#   16     1.098   2.024e-03   123.490   1.187e+23    2.354774   8.368e-01  1.617e-01  6.784e-04  4.885e-04
#   17     1.173   1.326e-03   123.490   7.776e+22    2.354774   8.368e-01  1.617e-01  6.784e-04  4.885e-04
#   18     1.247   8.685e-04   123.490   5.094e+22    2.354775   8.368e-01  1.617e-01  6.784e-04  4.885e-04
#   19     1.322   5.690e-04   123.490   3.337e+22    2.354758   8.368e-01  1.617e-01  6.784e-04  4.885e-04
#   20     1.397   3.728e-04   123.490   2.186e+22    2.354757   8.368e-01  1.617e-01  6.784e-04  4.885e-04
#   21     1.472   2.442e-04   123.490   1.432e+22    2.354757   8.368e-01  1.617e-01  6.784e-04  4.885e-04
#   22     1.547   1.600e-04   123.490   9.384e+21    2.354753   8.368e-01  1.617e-01  6.784e-04  4.884e-04
#   23     1.622   1.048e-04   123.490   6.147e+21    2.354753   8.368e-01  1.617e-01  6.783e-04  4.884e-04
#   24     1.696   6.866e-05   123.490   4.027e+21    2.354929   8.368e-01  1.617e-01  6.894e-04  4.884e-04
#   25     1.771   4.498e-05   123.490   2.638e+21    2.355133   8.368e-01  1.617e-01  7.020e-04  4.884e-04
#   26     1.846   2.947e-05   123.490   1.729e+21    2.355338   8.368e-01  1.617e-01  7.149e-04  4.884e-04
#   27     1.921   1.931e-05   123.490   1.132e+21    2.355550   8.368e-01  1.617e-01  7.279e-04  4.884e-04
#   28     1.996   1.265e-05   123.490   7.419e+20    2.355762   8.368e-01  1.617e-01  7.413e-04  4.884e-04
#   29     2.071   8.286e-06   123.490   4.860e+20    2.355784   8.368e-01  1.617e-01  7.427e-04  4.884e-04
#   30     2.145   5.429e-06   123.490   3.184e+20    2.355570   8.368e-01  1.617e-01  7.292e-04  4.884e-04
#   31     2.220   3.557e-06   123.490   2.086e+20    2.355359   8.368e-01  1.617e-01  7.160e-04  4.884e-04
#   32     2.295   2.330e-06   123.490   1.367e+20    2.355149   8.368e-01  1.617e-01  7.030e-04  4.884e-04
#   33     2.370   1.526e-06   123.490   8.953e+19    2.354946   8.368e-01  1.617e-01  6.902e-04  4.884e-04
#   34     2.445   1.000e-06   123.490   5.865e+19    2.354746   8.368e-01  1.617e-01  6.777e-04  4.884e-04
#
# ----------------------------------------------------------------------------------------------
# Integrated column densities and layer information used by the radiative transfer analysis
# Oblique molecular layer columns in molec/m2 and aerosols in kg/m2
# Layers organized in order of the radiation towards the observer, with last line referring to the location of the observer
# ----------------------------------------------------------------------------------------------
#   Low[km]  High[km]  Path[km] Pressure[bar] Temp[K]   Airmass   dcol[m-2]         H2         He        H2O        CH4
# ----------------------------------------------------------------------------------------------
#     0.000     0.050     0.075   8.754e-01   124.081    1.4906   3.816e+27  3.193e+27  6.169e+26  2.592e+24  1.864e+24
#     0.050     0.125     0.111   6.214e-01   123.913    1.4823   4.041e+27  3.381e+27  6.533e+26  2.744e+24  1.973e+24
#     0.125     0.200     0.111   4.072e-01   123.676    1.4823   2.647e+27  2.215e+27  4.280e+26  1.798e+24  1.293e+24
#     0.200     0.275     0.111   2.668e-01   123.573    1.4824   1.735e+27  1.452e+27  2.805e+26  1.178e+24  8.472e+23
#     0.275     0.350     0.111   1.748e-01   123.531    1.4823   1.137e+27  9.511e+26  1.838e+26  7.720e+23  5.551e+23
#     0.350     0.425     0.111   1.145e-01   123.511    1.4824   7.446e+26  6.231e+26  1.204e+26  5.057e+23  3.637e+23
#     0.425     0.499     0.111   7.500e-02   123.500    1.4823   4.878e+26  4.082e+26  7.887e+25  3.313e+23  2.383e+23
#     0.499     0.574     0.111   4.914e-02   123.500    1.4823   3.196e+26  2.674e+26  5.167e+25  2.170e+23  1.561e+23
#     0.574     0.649     0.111   3.219e-02   123.500    1.4823   2.094e+26  1.752e+26  3.385e+25  1.421e+23  1.023e+23
#     0.649     0.724     0.111   2.109e-02   123.500    1.4823   1.372e+26  1.148e+26  2.218e+25  9.308e+22  6.700e+22
#     0.724     0.799     0.111   1.382e-02   123.495    1.4822   8.986e+25  7.520e+25  1.453e+25  6.096e+22  4.389e+22
#     0.799     0.873     0.111   9.051e-03   123.490    1.4823   5.887e+25  4.926e+25  9.517e+24  3.993e+22  2.875e+22
#     0.873     0.948     0.111   5.930e-03   123.490    1.4822   3.857e+25  3.228e+25  6.235e+24  2.616e+22  1.884e+22
#     0.948     1.023     0.111   3.885e-03   123.490    1.4822   2.527e+25  2.115e+25  4.085e+24  1.714e+22  1.234e+22
#     1.023     1.098     0.111   2.545e-03   123.490    1.4822   1.655e+25  1.385e+25  2.676e+24  1.123e+22  8.086e+21
#     1.098     1.173     0.111   1.667e-03   123.490    1.4822   1.085e+25  9.076e+24  1.754e+24  7.358e+21  5.298e+21
#     1.173     1.247     0.111   1.092e-03   123.490    1.4821   7.105e+24  5.945e+24  1.149e+24  4.820e+21  3.470e+21
#     1.247     1.322     0.111   7.156e-04   123.490    1.4821   4.655e+24  3.895e+24  7.525e+23  3.158e+21  2.274e+21
#     1.322     1.397     0.111   4.688e-04   123.490    1.4821   3.049e+24  2.552e+24  4.930e+23  2.069e+21  1.490e+21
#     1.397     1.472     0.111   3.071e-04   123.490    1.4821   1.998e+24  1.672e+24  3.230e+23  1.355e+21  9.758e+20
#     1.472     1.547     0.111   2.012e-04   123.490    1.4821   1.309e+24  1.095e+24  2.116e+23  8.879e+20  6.393e+20
#     1.547     1.622     0.111   1.318e-04   123.490    1.4820   8.575e+23  7.176e+23  1.386e+23  5.817e+20  4.189e+20
#     1.622     1.696     0.111   8.636e-05   123.490    1.4820   5.617e+23  4.700e+23  9.081e+22  3.838e+20  2.743e+20
#     1.696     1.771     0.111   5.658e-05   123.490    1.4820   3.680e+23  3.079e+23  5.949e+22  2.558e+20  1.797e+20
#     1.771     1.846     0.111   3.707e-05   123.490    1.4820   2.410e+23  2.017e+23  3.897e+22  1.706e+20  1.177e+20
#     1.846     1.921     0.111   2.428e-05   123.490    1.4820   1.579e+23  1.321e+23  2.553e+22  1.138e+20  7.713e+19
#     1.921     1.996     0.111   1.591e-05   123.490    1.4819   1.034e+23  8.655e+22  1.672e+22  7.592e+19  5.052e+19
#     1.996     2.071     0.111   1.042e-05   123.490    1.4819   6.777e+22  5.671e+22  1.096e+22  5.028e+19  3.310e+19
#     2.071     2.145     0.111   6.828e-06   123.490    1.4819   4.440e+22  3.715e+22  7.178e+21  3.270e+19  2.169e+19
#     2.145     2.220     0.111   4.473e-06   123.490    1.4819   2.909e+22  2.434e+22  4.703e+21  2.104e+19  1.421e+19
#     2.220     2.295     0.111   2.930e-06   123.490    1.4819   1.906e+22  1.595e+22  3.081e+21  1.353e+19  9.309e+18
#     2.295     2.370     0.111   1.920e-06   123.490    1.4818   1.249e+22  1.045e+22  2.019e+21  8.706e+18  6.100e+18
#     2.370     2.445     0.111   1.258e-06   123.490    1.4818   8.182e+21  6.847e+21  1.323e+21  5.600e+18  3.996e+18
# ----------------------------------------------------------------------------------------------
# Integrated atmospheric columns                         1.4843   1.553e+28  1.300e+28  2.511e+27  1.055e+25  7.587e+24
# ----------------------------------------------------------------------------------------------
results_rad.txt
# ------------------------------------------------------------------------
# Radiance spectrum
# NASA-GSFC Planetary Spectrum Generator (PSG) (Villanueva et al. 2018, 2022)
# Synthesized on Tue Apr 29 01:11:00 2025
# Doppler velocities [km/s] (vobs,vrot+vorb,vwidth,vrfl,vstr): 0.00000,-0.00000,0.00000,0.00000,-0.00000
# ------------------------------------------------------------------------
# Spectra synthesized with the Planetary and Universal Model of Atmospheric Scattering (PUMAS, Villanueva et al. 2018, 2022)
# Single scattering radiative transfer method
# Radiative transfer took 0.802 seconds
# ------------------------------------------------------------------------
# Spectral unit: Wavelength [um]
# Radiance unit: Spectral radiance [W/sr/m2/um]
# Wave/freq Total Stellar OGLE-2016-BLG-1227L-b Transit
5.000000000e-01  1.7709877e+03  1.77114e+03 -1.48577e-01 -1.48577e-01
5.025000000e-01  1.7731734e+03  1.77332e+03 -1.48761e-01 -1.48761e-01
5.050125000e-01  1.7751373e+03  1.77529e+03 -1.48925e-01 -1.48925e-01
5.075375625e-01  1.7768798e+03  1.77703e+03 -1.49072e-01 -1.49072e-01
5.100752503e-01  1.7784015e+03  1.77855e+03 -1.49199e-01 -1.49199e-01
5.126256266e-01  1.7797032e+03  1.77985e+03 -1.49309e-01 -1.49309e-01
5.151887547e-01  1.7807854e+03  1.78093e+03 -1.49399e-01 -1.49399e-01
5.177646985e-01  1.7816490e+03  1.78180e+03 -1.49472e-01 -1.49472e-01
5.203535220e-01  1.7822949e+03  1.78244e+03 -1.49526e-01 -1.49526e-01
5.229552896e-01  1.7827241e+03  1.78287e+03 -1.49562e-01 -1.49562e-01
5.255700660e-01  1.7829375e+03  1.78309e+03 -1.49580e-01 -1.49580e-01
5.281979164e-01  1.7829364e+03  1.78309e+03 -1.49580e-01 -1.49580e-01
5.308389059e-01  1.7827219e+03  1.78287e+03 -1.49562e-01 -1.49562e-01
5.334931005e-01  1.7822952e+03  1.78244e+03 -1.49526e-01 -1.49526e-01
5.361605660e-01  1.7816576e+03  1.78181e+03 -1.49472e-01 -1.49472e-01
5.388413688e-01  1.7808107e+03  1.78096e+03 -1.49401e-01 -1.49401e-01
5.415355756e-01  1.7797557e+03  1.77991e+03 -1.49313e-01 -1.49313e-01
5.442432535e-01  1.7784943e+03  1.77864e+03 -1.49207e-01 -1.49207e-01
5.469644698e-01  1.7770281e+03  1.77718e+03 -1.49084e-01 -1.49084e-01
5.496992921e-01  1.7753587e+03  1.77551e+03 -1.48944e-01 -1.48944e-01
5.524477886e-01  1.7734877e+03  1.77364e+03 -1.48787e-01 -1.48787e-01
5.552100275e-01  1.7714171e+03  1.77157e+03 -1.48613e-01 -1.48613e-01
5.579860777e-01  1.7691485e+03  1.76930e+03 -1.48423e-01 -1.48423e-01
5.607760081e-01  1.7666840e+03  1.76683e+03 -1.48216e-01 -1.48216e-01
5.635798881e-01  1.7640254e+03  1.76417e+03 -1.47993e-01 -1.47993e-01
5.663977875e-01  1.7611748e+03  1.76132e+03 -1.47754e-01 -1.47754e-01
5.692297765e-01  1.7581341e+03  1.75828e+03 -1.47499e-01 -1.47499e-01
5.720759254e-01  1.7549055e+03  1.75505e+03 -1.47228e-01 -1.47228e-01
5.749363050e-01  1.7514911e+03  1.75164e+03 -1.46942e-01 -1.46942e-01
5.778109865e-01  1.7478931e+03  1.74804e+03 -1.46640e-01 -1.46640e-01
5.807000414e-01  1.7441138e+03  1.74426e+03 -1.46323e-01 -1.46323e-01
5.836035417e-01  1.7401553e+03  1.74030e+03 -1.45991e-01 -1.45991e-01
5.865215594e-01  1.7360201e+03  1.73617e+03 -1.45644e-01 -1.45644e-01
5.894541672e-01  1.7317105e+03  1.73186e+03 -1.45282e-01 -1.45282e-01
5.924014380e-01  1.7272288e+03  1.72737e+03 -1.44906e-01 -1.44906e-01
5.953634452e-01  1.7225775e+03  1.72272e+03 -1.44516e-01 -1.44516e-01
5.983402624e-01  1.7177591e+03  1.71790e+03 -1.44112e-01 -1.44112e-01
6.013319637e-01  1.7127761e+03  1.71292e+03 -1.43694e-01 -1.43694e-01
6.043386235e-01  1.7076309e+03  1.70777e+03 -1.43262e-01 -1.43262e-01
6.073603167e-01  1.7023262e+03  1.70247e+03 -1.42817e-01 -1.42817e-01
6.103971182e-01  1.6968645e+03  1.69701e+03 -1.42359e-01 -1.42359e-01
6.134491038e-01  1.6912485e+03  1.69139e+03 -1.41888e-01 -1.41888e-01
6.165163494e-01  1.6854806e+03  1.68562e+03 -1.41404e-01 -1.41404e-01
6.195989311e-01  1.6795638e+03  1.67970e+03 -1.40907e-01 -1.40907e-01
6.226969258e-01  1.6735005e+03  1.67364e+03 -1.40399e-01 -1.40399e-01
6.258104104e-01  1.6672935e+03  1.66743e+03 -1.39878e-01 -1.39878e-01
6.289394624e-01  1.6609455e+03  1.66108e+03 -1.39345e-01 -1.39345e-01
6.320841597e-01  1.6544593e+03  1.65460e+03 -1.38801e-01 -1.38801e-01
6.352445805e-01  1.6478375e+03  1.64798e+03 -1.38246e-01 -1.38246e-01
6.384208035e-01  1.6410830e+03  1.64122e+03 -1.37679e-01 -1.37679e-01
6.416129075e-01  1.6341985e+03  1.63434e+03 -1.37101e-01 -1.37101e-01
6.448209720e-01  1.6271868e+03  1.62732e+03 -1.36513e-01 -1.36513e-01
6.480450769e-01  1.6200507e+03  1.62019e+03 -1.35914e-01 -1.35914e-01
6.512853022e-01  1.6127930e+03  1.61293e+03 -1.35306e-01 -1.35306e-01
6.545417288e-01  1.6054165e+03  1.60555e+03 -1.34687e-01 -1.34687e-01
6.578144374e-01  1.5979240e+03  1.59806e+03 -1.34058e-01 -1.34058e-01
6.611035096e-01  1.5903183e+03  1.59045e+03 -1.33420e-01 -1.33420e-01
6.644090271e-01  1.5826023e+03  1.58274e+03 -1.32773e-01 -1.32773e-01
6.677310723e-01  1.5747787e+03  1.57491e+03 -1.32116e-01 -1.32116e-01
6.710697276e-01  1.5668503e+03  1.56698e+03 -1.31451e-01 -1.31451e-01
6.744250763e-01  1.5588200e+03  1.55895e+03 -1.30777e-01 -1.30777e-01
6.777972017e-01  1.5506906e+03  1.55082e+03 -1.30095e-01 -1.30095e-01
6.811861877e-01  1.5424649e+03  1.54259e+03 -1.29405e-01 -1.29405e-01
6.845921186e-01  1.5341456e+03  1.53427e+03 -1.28707e-01 -1.28707e-01
6.880150792e-01  1.5257357e+03  1.52586e+03 -1.28002e-01 -1.28002e-01
6.914551546e-01  1.5172378e+03  1.51737e+03 -1.27289e-01 -1.27289e-01
6.949124304e-01  1.5086547e+03  1.50878e+03 -1.26569e-01 -1.26569e-01
6.983869925e-01  1.4999892e+03  1.50012e+03 -1.25842e-01 -1.25842e-01
7.018789275e-01  1.4912441e+03  1.49137e+03 -1.25108e-01 -1.25108e-01
7.053883221e-01  1.4824220e+03  1.48255e+03 -1.24368e-01 -1.24368e-01
7.089152637e-01  1.4735258e+03  1.47365e+03 -1.23622e-01 -1.23622e-01
7.124598400e-01  1.4645582e+03  1.46468e+03 -1.22869e-01 -1.22869e-01
7.160221392e-01  1.4555217e+03  1.45564e+03 -1.22111e-01 -1.22111e-01
7.196022499e-01  1.4464192e+03  1.44654e+03 -1.21348e-01 -1.21348e-01
7.232002612e-01  1.4372532e+03  1.43737e+03 -1.20579e-01 -1.20579e-01
7.268162625e-01  1.4280265e+03  1.42815e+03 -1.19805e-01 -1.19805e-01
7.304503438e-01  1.4187416e+03  1.41886e+03 -1.19026e-01 -1.19026e-01
7.341025955e-01  1.4094011e+03  1.40952e+03 -1.18242e-01 -1.18242e-01
7.377731085e-01  1.4000077e+03  1.40013e+03 -1.17454e-01 -1.17454e-01
7.414619740e-01  1.3905639e+03  1.39068e+03 -1.16662e-01 -1.16662e-01
7.451692839e-01  1.3810723e+03  1.38119e+03 -1.15865e-01 -1.15865e-01
7.488951303e-01  1.3715353e+03  1.37165e+03 -1.15065e-01 -1.15065e-01
7.526396060e-01  1.3619555e+03  1.36207e+03 -1.14261e-01 -1.14261e-01
7.564028040e-01  1.3523354e+03  1.35245e+03 -1.13454e-01 -1.13454e-01
7.601848180e-01  1.3426773e+03  1.34279e+03 -1.12644e-01 -1.12644e-01
7.639857421e-01  1.3329837e+03  1.33310e+03 -1.11831e-01 -1.11831e-01
7.678056708e-01  1.3232571e+03  1.32337e+03 -1.11015e-01 -1.11015e-01
7.716446992e-01  1.3134997e+03  1.31361e+03 -1.10196e-01 -1.10196e-01
7.755029227e-01  1.3037140e+03  1.30382e+03 -1.09375e-01 -1.09375e-01
7.793804373e-01  1.2939021e+03  1.29401e+03 -1.08552e-01 -1.08552e-01
7.832773395e-01  1.2840665e+03  1.28417e+03 -1.07727e-01 -1.07727e-01
7.871937262e-01  1.2742094e+03  1.27432e+03 -1.06900e-01 -1.06900e-01
7.911296948e-01  1.2643330e+03  1.26444e+03 -1.06071e-01 -1.06071e-01
7.950853433e-01  1.2544395e+03  1.25454e+03 -1.05241e-01 -1.05241e-01
7.990607700e-01  1.2445311e+03  1.24464e+03 -1.04410e-01 -1.04410e-01
8.030560739e-01  1.2346099e+03  1.23471e+03 -1.03578e-01 -1.03578e-01
8.070713542e-01  1.2246781e+03  1.22478e+03 -1.02745e-01 -1.02745e-01
8.111067110e-01  1.2147376e+03  1.21484e+03 -1.01911e-01 -1.01911e-01
8.151622446e-01  1.2047907e+03  1.20489e+03 -1.01076e-01 -1.01076e-01
8.192380558e-01  1.1948392e+03  1.19494e+03 -1.00241e-01 -1.00241e-01
8.233342461e-01  1.1848851e+03  1.18498e+03 -9.94062e-02 -9.94062e-02
8.274509173e-01  1.1749305e+03  1.17503e+03 -9.85710e-02 -9.85710e-02
8.315881719e-01  1.1649772e+03  1.16507e+03 -9.77360e-02 -9.77360e-02
8.357461127e-01  1.1550272e+03  1.15512e+03 -9.69012e-02 -9.69012e-02
8.399248433e-01  1.1450822e+03  1.14518e+03 -9.60669e-02 -9.60669e-02
8.441244675e-01  1.1351441e+03  1.13524e+03 -9.52331e-02 -9.52331e-02
8.483450899e-01  1.1252148e+03  1.12531e+03 -9.44001e-02 -9.44001e-02
8.525868153e-01  1.1152959e+03  1.11539e+03 -9.35679e-02 -9.35679e-02
8.568497494e-01  1.1053892e+03  1.10548e+03 -9.27368e-02 -9.27368e-02
8.611339981e-01  1.0954963e+03  1.09559e+03 -9.19068e-02 -9.19068e-02
8.654396681e-01  1.0856191e+03  1.08571e+03 -9.10782e-02 -9.10782e-02
8.697668665e-01  1.0757590e+03  1.07585e+03 -9.02510e-02 -9.02510e-02
8.741157008e-01  1.0659177e+03  1.06601e+03 -8.94253e-02 -8.94253e-02
8.784862793e-01  1.0560967e+03  1.05619e+03 -8.86014e-02 -8.86014e-02
8.828787107e-01  1.0462975e+03  1.04639e+03 -8.77794e-02 -8.77794e-02
8.872931042e-01  1.0365218e+03  1.03661e+03 -8.69592e-02 -8.69592e-02
8.917295698e-01  1.0267709e+03  1.02686e+03 -8.61412e-02 -8.61412e-02
8.961882176e-01  1.0170462e+03  1.01713e+03 -8.53253e-02 -8.53253e-02
9.006691587e-01  1.0073492e+03  1.00743e+03 -8.45118e-02 -8.45118e-02
9.051725045e-01  9.9768121e+02  9.97765e+02 -8.37007e-02 -8.37007e-02
9.096983670e-01  9.8804361e+02  9.88126e+02 -8.28921e-02 -8.28921e-02
9.142468589e-01  9.7843767e+02  9.78520e+02 -8.20862e-02 -8.20862e-02
9.188180931e-01  9.6886467e+02  9.68946e+02 -8.12831e-02 -8.12831e-02
9.234121836e-01  9.5932585e+02  9.59406e+02 -8.04828e-02 -8.04828e-02
9.280292445e-01  9.4982241e+02  9.49902e+02 -7.96855e-02 -7.96855e-02
9.326693908e-01  9.4035555e+02  9.40434e+02 -7.88914e-02 -7.88914e-02
9.373327377e-01  9.3092639e+02  9.31004e+02 -7.81004e-02 -7.81004e-02
9.420194014e-01  9.2153605e+02  9.21613e+02 -7.73126e-02 -7.73126e-02
9.467294984e-01  9.1218563e+02  9.12262e+02 -7.65281e-02 -7.65281e-02
9.514631459e-01  9.0287616e+02  9.02952e+02 -7.57470e-02 -7.57470e-02
9.562204616e-01  8.9360867e+02  8.93684e+02 -7.49695e-02 -7.49695e-02
9.610015639e-01  8.8438416e+02  8.84458e+02 -7.41956e-02 -7.41956e-02
9.658065718e-01  8.7520359e+02  8.75277e+02 -7.34254e-02 -7.34254e-02
9.706356046e-01  8.6606789e+02  8.66141e+02 -7.26589e-02 -7.26589e-02
9.754887826e-01  8.5697795e+02  8.57050e+02 -7.18963e-02 -7.18963e-02
9.803662265e-01  8.4793467e+02  8.48006e+02 -7.11376e-02 -7.11376e-02
9.852680577e-01  8.3893888e+02  8.39009e+02 -7.03829e-02 -7.03829e-02
9.901943980e-01  8.2999139e+02  8.30061e+02 -6.96323e-02 -6.96323e-02
9.951453700e-01  8.2109301e+02  8.21162e+02 -6.88857e-02 -6.88857e-02
1.000121097e+00  8.1224448e+02  8.12313e+02 -6.81434e-02 -6.81434e-02
1.005121702e+00  8.0344655e+02  8.03514e+02 -6.74053e-02 -6.74053e-02
1.010147311e+00  7.9469991e+02  7.94767e+02 -6.66715e-02 -6.66715e-02
1.015198047e+00  7.8600525e+02  7.86071e+02 -6.59420e-02 -6.59420e-02
1.020274038e+00  7.7736322e+02  7.77428e+02 -6.52170e-02 -6.52170e-02
1.025375408e+00  7.6877445e+02  7.68839e+02 -6.44965e-02 -6.44965e-02
1.030502285e+00  7.6023953e+02  7.60303e+02 -6.37804e-02 -6.37804e-02
1.035654796e+00  7.5175905e+02  7.51822e+02 -6.30689e-02 -6.30689e-02
1.040833070e+00  7.4333354e+02  7.43396e+02 -6.23621e-02 -6.23621e-02
1.046037236e+00  7.3496355e+02  7.35025e+02 -6.16599e-02 -6.16599e-02
1.051267422e+00  7.2664955e+02  7.26711e+02 -6.09624e-02 -6.09624e-02
1.056523759e+00  7.1839204e+02  7.18452e+02 -6.02696e-02 -6.02696e-02
1.061806378e+00  7.1019146e+02  7.10251e+02 -5.95816e-02 -5.95816e-02
1.067115410e+00  7.0204824e+02  7.02107e+02 -5.88985e-02 -5.88985e-02
1.072450987e+00  6.9396279e+02  6.94021e+02 -5.82201e-02 -5.82201e-02
1.077813242e+00  6.8593549e+02  6.85993e+02 -5.75467e-02 -5.75467e-02
1.083202308e+00  6.7796670e+02  6.78024e+02 -5.68781e-02 -5.68781e-02
1.088618319e+00  6.7005675e+02  6.70113e+02 -5.62145e-02 -5.62145e-02
1.094061411e+00  6.6220597e+02  6.62262e+02 -5.55559e-02 -5.55559e-02
1.099531718e+00  6.5441465e+02  6.54470e+02 -5.49022e-02 -5.49022e-02
1.105029377e+00  6.4668307e+02  6.46737e+02 -5.42536e-02 -5.42536e-02
1.110554523e+00  6.3901147e+02  6.39065e+02 -5.36100e-02 -5.36100e-02
1.116107296e+00  6.3140009e+02  6.31453e+02 -5.29715e-02 -5.29715e-02
1.121687832e+00  6.2384915e+02  6.23901e+02 -5.23381e-02 -5.23381e-02
1.127296272e+00  6.1635884e+02  6.16411e+02 -5.17098e-02 -5.17098e-02
1.132932753e+00  6.0892934e+02  6.08980e+02 -5.10864e-02 -5.10864e-02
1.138597417e+00  6.0156080e+02  6.01611e+02 -5.04682e-02 -5.04682e-02
1.144290404e+00  5.9425335e+02  5.94303e+02 -4.98551e-02 -4.98551e-02
1.150011856e+00  5.8700713e+02  5.87056e+02 -4.92472e-02 -4.92472e-02
1.155761915e+00  5.7982223e+02  5.79871e+02 -4.86444e-02 -4.86444e-02
1.161540725e+00  5.7269874e+02  5.72747e+02 -4.80468e-02 -4.80468e-02
1.167348428e+00  5.6563672e+02  5.65684e+02 -4.74543e-02 -4.74543e-02
1.173185171e+00  5.5863623e+02  5.58683e+02 -4.68669e-02 -4.68669e-02
1.179051096e+00  5.5169731e+02  5.51744e+02 -4.62848e-02 -4.62848e-02
1.184946352e+00  5.4481997e+02  5.44866e+02 -4.57078e-02 -4.57078e-02
1.190871084e+00  5.3800423e+02  5.38049e+02 -4.51360e-02 -4.51360e-02
1.196825439e+00  5.3125005e+02  5.31295e+02 -4.45693e-02 -4.45693e-02
1.202809566e+00  5.2455744e+02  5.24601e+02 -4.40079e-02 -4.40079e-02
1.208823614e+00  5.1792633e+02  5.17970e+02 -4.34515e-02 -4.34515e-02
1.214867732e+00  5.1135669e+02  5.11400e+02 -4.29004e-02 -4.29004e-02
1.220942071e+00  5.0484843e+02  5.04891e+02 -4.23543e-02 -4.23543e-02
1.227046781e+00  4.9840149e+02  4.98443e+02 -4.18135e-02 -4.18135e-02
1.233182015e+00  4.9201576e+02  4.92057e+02 -4.12777e-02 -4.12777e-02
1.239347925e+00  4.8569115e+02  4.85732e+02 -4.07471e-02 -4.07471e-02
1.245544665e+00  4.7942752e+02  4.79468e+02 -4.02217e-02 -4.02217e-02
1.251772388e+00  4.7322475e+02  4.73264e+02 -3.97013e-02 -3.97013e-02
1.258031250e+00  4.6708270e+02  4.67122e+02 -3.91860e-02 -3.91860e-02
1.264321406e+00  4.6100121e+02  4.61040e+02 -3.86758e-02 -3.86758e-02
1.270643013e+00  4.5498011e+02  4.55018e+02 -3.81706e-02 -3.81706e-02
1.276996228e+00  4.4901924e+02  4.49057e+02 -3.76705e-02 -3.76705e-02
1.283381209e+00  4.4311839e+02  4.43156e+02 -3.71755e-02 -3.71755e-02
1.289798116e+00  4.3727738e+02  4.37314e+02 -3.66855e-02 -3.66855e-02
1.296247106e+00  4.3149600e+02  4.31532e+02 -3.62004e-02 -3.62004e-02
1.302728342e+00  4.2577404e+02  4.25810e+02 -3.57204e-02 -3.57204e-02
1.309241983e+00  4.2011125e+02  4.20146e+02 -3.52453e-02 -3.52453e-02
1.315788193e+00  4.1450742e+02  4.14542e+02 -3.47752e-02 -3.47752e-02
1.322367134e+00  4.0896230e+02  4.08997e+02 -3.43100e-02 -3.43100e-02
1.328978970e+00  4.0347563e+02  4.03509e+02 -3.38497e-02 -3.38497e-02
1.335623865e+00  3.9804715e+02  3.98081e+02 -3.33943e-02 -3.33943e-02
1.342301984e+00  3.9267660e+02  3.92710e+02 -3.29438e-02 -3.29438e-02
1.349013494e+00  3.8736370e+02  3.87396e+02 -3.24980e-02 -3.24980e-02
1.355758561e+00  3.8210817e+02  3.82140e+02 -3.20573e-02 -3.20573e-02
1.362537354e+00  3.7690972e+02  3.76941e+02 -3.16212e-02 -3.16212e-02
1.369350041e+00  3.7176804e+02  3.71799e+02 -3.11898e-02 -3.11898e-02
1.376196791e+00  3.6668285e+02  3.66714e+02 -3.07632e-02 -3.07632e-02
1.383077775e+00  3.6165382e+02  3.61684e+02 -3.03414e-02 -3.03414e-02
1.389993164e+00  3.5668064e+02  3.56711e+02 -2.99240e-02 -2.99240e-02
1.396943130e+00  3.5176298e+02  3.51792e+02 -2.95115e-02 -2.95115e-02
1.403927846e+00  3.4690053e+02  3.46930e+02 -2.91035e-02 -2.91035e-02
1.410947485e+00  3.4209295e+02  3.42122e+02 -2.87001e-02 -2.87001e-02
1.418002222e+00  3.3733990e+02  3.37368e+02 -2.83013e-02 -2.83013e-02
1.425092233e+00  3.3264103e+02  3.32669e+02 -2.79070e-02 -2.79070e-02
1.432217694e+00  3.2799601e+02  3.28024e+02 -2.75174e-02 -2.75174e-02
1.439378783e+00  3.2340447e+02  3.23432e+02 -2.71321e-02 -2.71321e-02
1.446575677e+00  3.1886606e+02  3.18893e+02 -2.67514e-02 -2.67514e-02
1.453808555e+00  3.1438042e+02  3.14407e+02 -2.63751e-02 -2.63751e-02
1.461077598e+00  3.0994719e+02  3.09973e+02 -2.60031e-02 -2.60031e-02
1.468382986e+00  3.0556599e+02  3.05592e+02 -2.56356e-02 -2.56356e-02
1.475724901e+00  3.0123647e+02  3.01262e+02 -2.52723e-02 -2.52723e-02
1.483103525e+00  2.9695823e+02  2.96983e+02 -2.49134e-02 -2.49134e-02
1.490519043e+00  2.9273091e+02  2.92755e+02 -2.45587e-02 -2.45587e-02
1.497971638e+00  2.8855413e+02  2.88578e+02 -2.42083e-02 -2.42083e-02
1.505461496e+00  2.8442749e+02  2.84451e+02 -2.38621e-02 -2.38621e-02
1.512988804e+00  2.8035063e+02  2.80374e+02 -2.35201e-02 -2.35201e-02
1.520553748e+00  2.7632313e+02  2.76346e+02 -2.31822e-02 -2.31822e-02
1.528156517e+00  2.7234463e+02  2.72367e+02 -2.28484e-02 -2.28484e-02
1.535797299e+00  2.6841472e+02  2.68437e+02 -2.25187e-02 -2.25187e-02
1.543476286e+00  2.6453301e+02  2.64555e+02 -2.21930e-02 -2.21930e-02
1.551193667e+00  2.6069910e+02  2.60721e+02 -2.18714e-02 -2.18714e-02
1.558949636e+00  2.5691260e+02  2.56934e+02 -2.15537e-02 -2.15537e-02
1.566744384e+00  2.5317311e+02  2.53194e+02 -2.12400e-02 -2.12400e-02
1.574578106e+00  2.4948023e+02  2.49501e+02 -2.09302e-02 -2.09302e-02
1.582450996e+00  2.4583356e+02  2.45854e+02 -2.06242e-02 -2.06242e-02
1.590363251e+00  2.4223270e+02  2.42253e+02 -2.03222e-02 -2.03222e-02
1.598315067e+00  2.3867724e+02  2.38697e+02 -2.00239e-02 -2.00239e-02
1.606306643e+00  2.3516677e+02  2.35187e+02 -1.97294e-02 -1.97294e-02
1.614338176e+00  2.3170091e+02  2.31720e+02 -1.94386e-02 -1.94386e-02
1.622409867e+00  2.2827923e+02  2.28298e+02 -1.91515e-02 -1.91515e-02
1.630521916e+00  2.2490135e+02  2.24920e+02 -1.88682e-02 -1.88682e-02
1.638674526e+00  2.2156685e+02  2.21585e+02 -1.85885e-02 -1.85885e-02
1.646867898e+00  2.1827532e+02  2.18294e+02 -1.83123e-02 -1.83123e-02
1.655102238e+00  2.1502637e+02  2.15044e+02 -1.80397e-02 -1.80397e-02
1.663377749e+00  2.1181959e+02  2.11837e+02 -1.77707e-02 -1.77707e-02
1.671694638e+00  2.0865457e+02  2.08672e+02 -1.75051e-02 -1.75051e-02
1.680053111e+00  2.0553091e+02  2.05548e+02 -1.72431e-02 -1.72431e-02
1.688453377e+00  2.0244822e+02  2.02465e+02 -1.69845e-02 -1.69845e-02
1.696895643e+00  1.9940608e+02  1.99423e+02 -1.67293e-02 -1.67293e-02
1.705380122e+00  1.9640409e+02  1.96421e+02 -1.64775e-02 -1.64775e-02
1.713907022e+00  1.9344185e+02  1.93458e+02 -1.62289e-02 -1.62289e-02
1.722476557e+00  1.9051897e+02  1.90535e+02 -1.59838e-02 -1.59838e-02
1.731088940e+00  1.8763504e+02  1.87651e+02 -1.57418e-02 -1.57418e-02
1.739744385e+00  1.8478966e+02  1.84805e+02 -1.55030e-02 -1.55030e-02
1.748443107e+00  1.8198244e+02  1.81998e+02 -1.52675e-02 -1.52675e-02
1.757185322e+00  1.7921299e+02  1.79228e+02 -1.50351e-02 -1.50351e-02
1.765971249e+00  1.7648090e+02  1.76496e+02 -1.48059e-02 -1.48059e-02
1.774801105e+00  1.7378579e+02  1.73800e+02 -1.45799e-02 -1.45799e-02
1.783675111e+00  1.7112726e+02  1.71142e+02 -1.43568e-02 -1.43568e-02
1.792593486e+00  1.6850492e+02  1.68519e+02 -1.41368e-02 -1.41368e-02
1.801556454e+00  1.6591839e+02  1.65932e+02 -1.39198e-02 -1.39198e-02
1.810564236e+00  1.6336728e+02  1.63381e+02 -1.37058e-02 -1.37058e-02
1.819617057e+00  1.6085119e+02  1.60865e+02 -1.34947e-02 -1.34947e-02
1.828715142e+00  1.5836976e+02  1.58383e+02 -1.32865e-02 -1.32865e-02
1.837858718e+00  1.5592260e+02  1.55936e+02 -1.30812e-02 -1.30812e-02
1.847048012e+00  1.5350932e+02  1.53522e+02 -1.28788e-02 -1.28788e-02
1.856283252e+00  1.5112955e+02  1.51142e+02 -1.26791e-02 -1.26791e-02
1.865564668e+00  1.4878292e+02  1.48795e+02 -1.24822e-02 -1.24822e-02
1.874892491e+00  1.4646905e+02  1.46481e+02 -1.22882e-02 -1.22882e-02
1.884266954e+00  1.4418757e+02  1.44200e+02 -1.20967e-02 -1.20967e-02
1.893688289e+00  1.4193811e+02  1.41950e+02 -1.19080e-02 -1.19080e-02
1.903156730e+00  1.3972030e+02  1.39732e+02 -1.17219e-02 -1.17219e-02
1.912672514e+00  1.3753379e+02  1.37545e+02 -1.15385e-02 -1.15385e-02
1.922235876e+00  1.3537819e+02  1.35390e+02 -1.13576e-02 -1.13576e-02
1.931847056e+00  1.3325317e+02  1.33264e+02 -1.11793e-02 -1.11793e-02
1.941506291e+00  1.3115835e+02  1.31169e+02 -1.10036e-02 -1.10036e-02
1.951213822e+00  1.2909338e+02  1.29104e+02 -1.08303e-02 -1.08303e-02
1.960969892e+00  1.2705791e+02  1.27069e+02 -1.06596e-02 -1.06596e-02
1.970774741e+00  1.2505159e+02  1.25062e+02 -1.04912e-02 -1.04912e-02
1.980628615e+00  1.2307407e+02  1.23084e+02 -1.03253e-02 -1.03253e-02
1.990531758e+00  1.2112500e+02  1.21135e+02 -1.01618e-02 -1.01618e-02
2.000484417e+00  1.1920405e+02  1.19214e+02 -1.00006e-02 -1.00006e-02
2.010486839e+00  1.1731086e+02  1.17321e+02 -9.84181e-03 -9.84181e-03
2.020539273e+00  1.1544511e+02  1.15455e+02 -9.68529e-03 -9.68529e-03
2.030641969e+00  1.1360645e+02  1.13616e+02 -9.53103e-03 -9.53103e-03
2.040795179e+00  1.1179455e+02  1.11804e+02 -9.37902e-03 -9.37902e-03
2.050999155e+00  1.1000909e+02  1.10018e+02 -9.22923e-03 -9.22923e-03
2.061254151e+00  1.0824974e+02  1.08259e+02 -9.08163e-03 -9.08163e-03
2.071560421e+00  1.0651616e+02  1.06525e+02 -8.93619e-03 -8.93619e-03
2.081918224e+00  1.0480804e+02  1.04817e+02 -8.79289e-03 -8.79289e-03
2.092327815e+00  1.0312507e+02  1.03134e+02 -8.65169e-03 -8.65169e-03
2.102789454e+00  1.0146691e+02  1.01475e+02 -8.51258e-03 -8.51258e-03
2.113303401e+00  9.9833259e+01  9.98416e+01 -8.37553e-03 -8.37553e-03
2.123869918e+00  9.8223806e+01  9.82320e+01 -8.24050e-03 -8.24050e-03
2.134489268e+00  9.6638240e+01  9.66463e+01 -8.10748e-03 -8.10748e-03
2.145161714e+00  9.5076256e+01  9.50842e+01 -7.97644e-03 -7.97644e-03
2.155887523e+00  9.3537550e+01  9.35454e+01 -7.84736e-03 -7.84736e-03
2.166666960e+00  9.2021822e+01  9.20295e+01 -7.72021e-03 -7.72021e-03
2.177500295e+00  9.0528775e+01  9.05364e+01 -7.59496e-03 -7.59496e-03
2.188387796e+00  8.9058112e+01  8.90656e+01 -7.47156e-03 -7.47156e-03
2.199329735e+00  8.7609543e+01  8.76169e+01 -7.35012e-03 -7.35012e-03
2.210326384e+00  8.6182778e+01  8.61900e+01 -7.23034e-03 -7.23034e-03
2.221378016e+00  8.4777530e+01  8.47846e+01 -7.11246e-03 -7.11246e-03
2.232484906e+00  8.3393515e+01  8.34005e+01 -6.99636e-03 -6.99636e-03
2.243647331e+00  8.2030452e+01  8.20373e+01 -6.88201e-03 -6.88201e-03
2.254865567e+00  8.0688064e+01  8.06948e+01 -6.76939e-03 -6.76939e-03
2.266139895e+00  7.9366074e+01  7.93727e+01 -6.65850e-03 -6.65850e-03
2.277470595e+00  7.8064209e+01  7.80708e+01 -6.54929e-03 -6.54929e-03
2.288857948e+00  7.6782200e+01  7.67886e+01 -6.44176e-03 -6.44176e-03
2.300302237e+00  7.5519779e+01  7.55261e+01 -6.33592e-03 -6.33592e-03
2.311803748e+00  7.4276682e+01  7.42829e+01 -6.23155e-03 -6.23155e-03
2.323362767e+00  7.3052647e+01  7.30588e+01 -6.12886e-03 -6.12886e-03
2.334979581e+00  7.1847414e+01  7.18534e+01 -6.02776e-03 -6.02776e-03
2.346654479e+00  7.0660728e+01  7.06667e+01 -5.92821e-03 -5.92821e-03
2.358387751e+00  6.9492335e+01  6.94982e+01 -5.83016e-03 -5.83016e-03
2.370179690e+00  6.8341984e+01  6.83477e+01 -5.73369e-03 -5.73369e-03
2.382030589e+00  6.7209427e+01  6.72151e+01 -5.63861e-03 -5.63861e-03
2.393940742e+00  6.6094417e+01  6.61000e+01 -5.54505e-03 -5.54505e-03
2.405910445e+00  6.4996713e+01  6.50022e+01 -5.45294e-03 -5.45294e-03
2.417939997e+00  6.3916074e+01  6.39214e+01 -5.36228e-03 -5.36228e-03
2.430029697e+00  6.2852262e+01  6.28575e+01 -5.27303e-03 -5.27303e-03
2.442179846e+00  6.1805042e+01  6.18102e+01 -5.18516e-03 -5.18516e-03
2.454390745e+00  6.0774183e+01  6.07793e+01 -5.09867e-03 -5.09867e-03
2.466662699e+00  5.9759454e+01  5.97645e+01 -5.01354e-03 -5.01354e-03
2.478996012e+00  5.8760629e+01  5.87656e+01 -4.92974e-03 -4.92974e-03
2.491390992e+00  5.7777483e+01  5.77823e+01 -4.84726e-03 -4.84726e-03
2.503847947e+00  5.6809793e+01  5.68146e+01 -4.76607e-03 -4.76607e-03
2.516367187e+00  5.5857341e+01  5.58620e+01 -4.68617e-03 -4.68617e-03
2.528949023e+00  5.4919910e+01  5.49245e+01 -4.60753e-03 -4.60753e-03
2.541593768e+00  5.3997286e+01  5.40018e+01 -4.53013e-03 -4.53013e-03
2.554301737e+00  5.3089256e+01  5.30937e+01 -4.45395e-03 -4.45395e-03
2.567073246e+00  5.2195611e+01  5.22000e+01 -4.37900e-03 -4.37900e-03
2.579908612e+00  5.1316145e+01  5.13205e+01 -4.30522e-03 -4.30522e-03
2.592808155e+00  5.0450654e+01  5.04549e+01 -4.23265e-03 -4.23265e-03
2.605772196e+00  4.9598935e+01  4.96031e+01 -4.16118e-03 -4.16118e-03
2.618801057e+00  4.8760788e+01  4.87649e+01 -4.09086e-03 -4.09086e-03
2.631895062e+00  4.7936018e+01  4.79400e+01 -4.02168e-03 -4.02168e-03
2.645054537e+00  4.7124429e+01  4.71284e+01 -3.95355e-03 -3.95355e-03
2.658279810e+00  4.6325829e+01  4.63297e+01 -3.88657e-03 -3.88657e-03
2.671571209e+00  4.5540027e+01  4.55438e+01 -3.82068e-03 -3.82068e-03
2.684929065e+00  4.4766838e+01  4.47706e+01 -3.75577e-03 -3.75577e-03
2.698353710e+00  4.4006074e+01  4.40098e+01 -3.69194e-03 -3.69194e-03
2.711845479e+00  4.3257554e+01  4.32612e+01 -3.62915e-03 -3.62915e-03
2.725404706e+00  4.2521097e+01  4.25247e+01 -3.56735e-03 -3.56735e-03
2.739031730e+00  4.1796523e+01  4.18000e+01 -3.50657e-03 -3.50657e-03
2.752726889e+00  4.1083658e+01  4.10871e+01 -3.44675e-03 -3.44675e-03
2.766490523e+00  4.0382327e+01  4.03857e+01 -3.38791e-03 -3.38791e-03
2.780322976e+00  3.9692359e+01  3.96957e+01 -3.33002e-03 -3.33002e-03
2.794224591e+00  3.9013584e+01  3.90169e+01 -3.27307e-03 -3.27307e-03
2.808195713e+00  3.8345834e+01  3.83491e+01 -3.21704e-03 -3.21704e-03
2.822236692e+00  3.7688945e+01  3.76921e+01 -3.16193e-03 -3.16193e-03
2.836347875e+00  3.7042754e+01  3.70459e+01 -3.10772e-03 -3.10772e-03
2.850529615e+00  3.6407099e+01  3.64102e+01 -3.05439e-03 -3.05439e-03
2.864782263e+00  3.5781822e+01  3.57848e+01 -3.00192e-03 -3.00192e-03
2.879106174e+00  3.5166767e+01  3.51697e+01 -2.95033e-03 -2.95033e-03
2.893501705e+00  3.4561778e+01  3.45647e+01 -2.89957e-03 -2.89957e-03
2.907969214e+00  3.3966703e+01  3.39696e+01 -2.84964e-03 -2.84964e-03
2.922509060e+00  3.3381391e+01  3.33842e+01 -2.80054e-03 -2.80054e-03
2.937121605e+00  3.2805693e+01  3.28084e+01 -2.75224e-03 -2.75224e-03
2.951807213e+00  3.2239464e+01  3.22422e+01 -2.70474e-03 -2.70474e-03
2.966566249e+00  3.1682558e+01  3.16852e+01 -2.65802e-03 -2.65802e-03
2.981399080e+00  3.1134833e+01  3.11374e+01 -2.61206e-03 -2.61206e-03
2.996306076e+00  3.0596148e+01  3.05987e+01 -2.56687e-03 -2.56687e-03
3.011287606e+00  3.0066364e+01  3.00689e+01 -2.52242e-03 -2.52242e-03
3.026344044e+00  2.9545344e+01  2.95478e+01 -2.47871e-03 -2.47871e-03
3.041475764e+00  2.9032952e+01  2.90354e+01 -2.43573e-03 -2.43573e-03
3.056683143e+00  2.8529056e+01  2.85314e+01 -2.39345e-03 -2.39345e-03
3.071966559e+00  2.8033525e+01  2.80359e+01 -2.35188e-03 -2.35188e-03
3.087326392e+00  2.7546228e+01  2.75485e+01 -2.31100e-03 -2.31100e-03
3.102763024e+00  2.7067037e+01  2.70693e+01 -2.27080e-03 -2.27080e-03
3.118276839e+00  2.6595827e+01  2.65981e+01 -2.23126e-03 -2.23126e-03
3.133868223e+00  2.6132473e+01  2.61347e+01 -2.19239e-03 -2.19239e-03
3.149537564e+00  2.5676852e+01  2.56790e+01 -2.15417e-03 -2.15417e-03
3.165285252e+00  2.5228844e+01  2.52310e+01 -2.11658e-03 -2.11658e-03
3.181111678e+00  2.4788330e+01  2.47904e+01 -2.07963e-03 -2.07963e-03
3.197017237e+00  2.4355191e+01  2.43572e+01 -2.04330e-03 -2.04330e-03
3.213002323e+00  2.3929312e+01  2.39313e+01 -2.00758e-03 -2.00758e-03
3.229067334e+00  2.3510579e+01  2.35126e+01 -1.97245e-03 -1.97245e-03
3.245212671e+00  2.3098879e+01  2.31008e+01 -1.93792e-03 -1.93792e-03
3.261438734e+00  2.2694101e+01  2.26960e+01 -1.90396e-03 -1.90396e-03
3.277745928e+00  2.2296135e+01  2.22980e+01 -1.87057e-03 -1.87057e-03
3.294134658e+00  2.1904874e+01  2.19067e+01 -1.83773e-03 -1.83773e-03
3.310605331e+00  2.1520212e+01  2.15220e+01 -1.80556e-03 -1.80556e-03
3.327158358e+00  2.1142043e+01  2.11438e+01 -1.77377e-03 -1.77377e-03
3.343794149e+00  2.0770264e+01  2.07720e+01 -1.74255e-03 -1.74255e-03
3.360513120e+00  2.0404773e+01  2.04065e+01 -1.71189e-03 -1.71189e-03
3.377315686e+00  2.0045471e+01  2.00472e+01 -1.68175e-03 -1.68175e-03
3.394202264e+00  1.9692258e+01  1.96939e+01 -1.65211e-03 -1.65211e-03
3.411173276e+00  1.9345036e+01  1.93467e+01 -1.62298e-03 -1.62298e-03
3.428229142e+00  1.9003710e+01  1.90053e+01 -1.59434e-03 -1.59434e-03
3.445370288e+00  1.8668185e+01  1.86698e+01 -1.56619e-03 -1.56619e-03
3.462597139e+00  1.8338368e+01  1.83399e+01 -1.53851e-03 -1.53851e-03
3.479910125e+00  1.8014166e+01  1.80157e+01 -1.51132e-03 -1.51132e-03
3.497309675e+00  1.7695490e+01  1.76970e+01 -1.48458e-03 -1.48458e-03
3.514796224e+00  1.7382250e+01  1.73837e+01 -1.45830e-03 -1.45830e-03
3.532370205e+00  1.7074359e+01  1.70758e+01 -1.43247e-03 -1.43247e-03
3.550032056e+00  1.6771729e+01  1.67731e+01 -1.40708e-03 -1.40708e-03
3.567782216e+00  1.6474276e+01  1.64757e+01 -1.38213e-03 -1.38213e-03
3.585621127e+00  1.6181915e+01  1.61833e+01 -1.35760e-03 -1.35760e-03
3.603549233e+00  1.5894564e+01  1.58959e+01 -1.33348e-03 -1.33348e-03
3.621566979e+00  1.5612141e+01  1.56135e+01 -1.30979e-03 -1.30979e-03
3.639674814e+00  1.5334566e+01  1.53359e+01 -1.28650e-03 -1.28650e-03
3.657873188e+00  1.5061759e+01  1.50630e+01 -1.26361e-03 -1.26361e-03
3.676162554e+00  1.4793644e+01  1.47949e+01 -1.24112e-03 -1.24112e-03
3.694543367e+00  1.4530142e+01  1.45314e+01 -1.21901e-03 -1.21901e-03
3.713016084e+00  1.4271179e+01  1.42724e+01 -1.19729e-03 -1.19729e-03
3.731581164e+00  1.4016681e+01  1.40179e+01 -1.17594e-03 -1.17594e-03
3.750239070e+00  1.3766573e+01  1.37677e+01 -1.15495e-03 -1.15495e-03
3.768990265e+00  1.3520784e+01  1.35219e+01 -1.13433e-03 -1.13433e-03
3.787835216e+00  1.3279242e+01  1.32804e+01 -1.11407e-03 -1.11407e-03
3.806774393e+00  1.3041878e+01  1.30430e+01 -1.09415e-03 -1.09415e-03
3.825808265e+00  1.2808623e+01  1.28097e+01 -1.07458e-03 -1.07458e-03
3.844937306e+00  1.2579409e+01  1.25805e+01 -1.05536e-03 -1.05536e-03
3.864161992e+00  1.2354168e+01  1.23552e+01 -1.03646e-03 -1.03646e-03
3.883482802e+00  1.2132836e+01  1.21339e+01 -1.01789e-03 -1.01789e-03
3.902900216e+00  1.1915347e+01  1.19163e+01 -9.99643e-04 -9.99643e-04
3.922414717e+00  1.1701638e+01  1.17026e+01 -9.81713e-04 -9.81713e-04
3.942026791e+00  1.1491645e+01  1.14926e+01 -9.64095e-04 -9.64095e-04
3.961736925e+00  1.1285308e+01  1.12863e+01 -9.46784e-04 -9.46784e-04
3.981545610e+00  1.1082564e+01  1.10835e+01 -9.29775e-04 -9.29775e-04
4.001453338e+00  1.0883355e+01  1.08843e+01 -9.13062e-04 -9.13062e-04
4.021460604e+00  1.0687621e+01  1.06885e+01 -8.96640e-04 -8.96640e-04
4.041567907e+00  1.0495304e+01  1.04962e+01 -8.80506e-04 -8.80506e-04
4.061775747e+00  1.0306347e+01  1.03072e+01 -8.64653e-04 -8.64653e-04
4.082084626e+00  1.0120694e+01  1.01215e+01 -8.49078e-04 -8.49078e-04
4.102495049e+00  9.9382892e+00  9.93912e+00 -8.33775e-04 -8.33775e-04
4.123007524e+00  9.7590782e+00  9.75990e+00 -8.18740e-04 -8.18740e-04
4.143622562e+00  9.5830074e+00  9.58381e+00 -8.03968e-04 -8.03968e-04
4.164340674e+00  9.4100241e+00  9.41081e+00 -7.89456e-04 -7.89456e-04
4.185162378e+00  9.2400761e+00  9.24085e+00 -7.75198e-04 -7.75198e-04
4.206088190e+00  9.0731124e+00  9.07387e+00 -7.61190e-04 -7.61190e-04
4.227118631e+00  8.9090826e+00  8.90983e+00 -7.47429e-04 -7.47429e-04
4.248254224e+00  8.7479373e+00  8.74867e+00 -7.33910e-04 -7.33910e-04
4.269495495e+00  8.5896275e+00  8.59035e+00 -7.20628e-04 -7.20628e-04
4.290842972e+00  8.4341055e+00  8.43481e+00 -7.07581e-04 -7.07581e-04
4.312297187e+00  8.2813238e+00  8.28202e+00 -6.94763e-04 -6.94763e-04
4.333858673e+00  8.1312362e+00  8.13192e+00 -6.82171e-04 -6.82171e-04
4.355527967e+00  7.9837968e+00  7.98447e+00 -6.69802e-04 -6.69802e-04
4.377305606e+00  7.8389608e+00  7.83962e+00 -6.57651e-04 -6.57651e-04
4.399192134e+00  7.6966837e+00  7.69733e+00 -6.45715e-04 -6.45715e-04
4.421188095e+00  7.5569222e+00  7.55756e+00 -6.33989e-04 -6.33989e-04
4.443294036e+00  7.4196333e+00  7.42026e+00 -6.22472e-04 -6.22472e-04
4.465510506e+00  7.2847749e+00  7.28539e+00 -6.11158e-04 -6.11158e-04
4.487838058e+00  7.1523054e+00  7.15291e+00 -6.00044e-04 -6.00044e-04
4.510277249e+00  7.0221842e+00  7.02277e+00 -5.89127e-04 -5.89127e-04
4.532828635e+00  6.8943710e+00  6.89495e+00 -5.78405e-04 -5.78405e-04
4.555492778e+00  6.7688263e+00  6.76939e+00 -5.67872e-04 -5.67872e-04
4.578270242e+00  6.6455113e+00  6.64607e+00 -5.57526e-04 -5.57526e-04
4.601161593e+00  6.5243878e+00  6.52494e+00 -5.47365e-04 -5.47365e-04
4.624167401e+00  6.4054181e+00  6.40596e+00 -5.37384e-04 -5.37384e-04
4.647288238e+00  6.2885653e+00  6.28909e+00 -5.27580e-04 -5.27580e-04
4.670524679e+00  6.1737930e+00  6.17431e+00 -5.17951e-04 -5.17951e-04
4.693877303e+00  6.0610653e+00  6.06157e+00 -5.08494e-04 -5.08494e-04
4.717346689e+00  5.9503471e+00  5.95085e+00 -4.99205e-04 -4.99205e-04
4.740933423e+00  5.8416038e+00  5.84209e+00 -4.90082e-04 -4.90082e-04
4.764638090e+00  5.7348012e+00  5.73528e+00 -4.81122e-04 -4.81122e-04
4.788461280e+00  5.6299059e+00  5.63038e+00 -4.72322e-04 -4.72322e-04
4.812403587e+00  5.5268849e+00  5.52735e+00 -4.63679e-04 -4.63679e-04
4.836465604e+00  5.4257058e+00  5.42616e+00 -4.55191e-04 -4.55191e-04
4.860647933e+00  5.3263368e+00  5.32678e+00 -4.46854e-04 -4.46854e-04
4.884951172e+00  5.2287464e+00  5.22919e+00 -4.38667e-04 -4.38667e-04
4.909375928e+00  5.1329038e+00  5.13333e+00 -4.30626e-04 -4.30626e-04
4.933922808e+00  5.0387788e+00  5.03920e+00 -4.22729e-04 -4.22729e-04
4.958592422e+00  4.9463415e+00  4.94676e+00 -4.14974e-04 -4.14974e-04
4.983385384e+00  4.8555625e+00  4.85597e+00 -4.07358e-04 -4.07358e-04
5.008302311e+00  4.7664131e+00  4.76681e+00 -3.99879e-04 -3.99879e-04
5.033343822e+00  4.6788648e+00  4.67926e+00 -3.92534e-04 -3.92534e-04
5.058510541e+00  4.5928898e+00  4.59328e+00 -3.85321e-04 -3.85321e-04
5.083803094e+00  4.5084606e+00  4.50884e+00 -3.78238e-04 -3.78238e-04
5.109222110e+00  4.4255504e+00  4.42592e+00 -3.71282e-04 -3.71282e-04
5.134768220e+00  4.3441325e+00  4.34450e+00 -3.64452e-04 -3.64452e-04
5.160442061e+00  4.2641809e+00  4.26454e+00 -3.57744e-04 -3.57744e-04
5.186244272e+00  4.1856700e+00  4.18602e+00 -3.51157e-04 -3.51157e-04
5.212175493e+00  4.1085745e+00  4.10892e+00 -3.44690e-04 -3.44690e-04
5.238236370e+00  4.0328696e+00  4.03321e+00 -3.38339e-04 -3.38339e-04
5.264427552e+00  3.9585311e+00  3.95886e+00 -3.32102e-04 -3.32102e-04
5.290749690e+00  3.8855349e+00  3.88586e+00 -3.25978e-04 -3.25978e-04
5.317203438e+00  3.8138575e+00  3.81418e+00 -3.19964e-04 -3.19964e-04
5.343789456e+00  3.7434757e+00  3.74379e+00 -3.14061e-04 -3.14061e-04
5.370508403e+00  3.6743667e+00  3.67467e+00 -3.08262e-04 -3.08262e-04
5.397360945e+00  3.6065082e+00  3.60681e+00 -3.02569e-04 -3.02569e-04
5.424347750e+00  3.5398782e+00  3.54018e+00 -2.96980e-04 -2.96980e-04
5.451469488e+00  3.4744550e+00  3.47475e+00 -2.91491e-04 -2.91491e-04
5.478726836e+00  3.4102173e+00  3.41050e+00 -2.86102e-04 -2.86102e-04
5.506120470e+00  3.3471443e+00  3.34743e+00 -2.80809e-04 -2.80809e-04
5.533651072e+00  3.2852154e+00  3.28549e+00 -2.75614e-04 -2.75614e-04
5.561319328e+00  3.2244103e+00  3.22468e+00 -2.70513e-04 -2.70513e-04
5.589125924e+00  3.1647093e+00  3.16497e+00 -2.65505e-04 -2.65505e-04
5.617071554e+00  3.1060928e+00  3.10635e+00 -2.60587e-04 -2.60587e-04
5.645156912e+00  3.0485416e+00  3.04880e+00 -2.55761e-04 -2.55761e-04
5.673382696e+00  2.9920368e+00  2.99229e+00 -2.51018e-04 -2.51018e-04
5.701749610e+00  2.9365600e+00  2.93681e+00 -2.46364e-04 -2.46364e-04
5.730258358e+00  2.8820928e+00  2.88233e+00 -2.41795e-04 -2.41795e-04
5.758909650e+00  2.8286174e+00  2.82885e+00 -2.37311e-04 -2.37311e-04
5.787704198e+00  2.7761161e+00  2.77635e+00 -2.32903e-04 -2.32903e-04
5.816642719e+00  2.7245717e+00  2.72480e+00 -2.28582e-04 -2.28582e-04
5.845725932e+00  2.6739672e+00  2.67419e+00 -2.24334e-04 -2.24334e-04
5.874954562e+00  2.6242858e+00  2.62451e+00 -2.20171e-04 -2.20171e-04
5.904329335e+00  2.5755110e+00  2.57573e+00 -2.16076e-04 -2.16076e-04
5.933850982e+00  2.5276269e+00  2.52784e+00 -2.12060e-04 -2.12060e-04
5.963520237e+00  2.4806174e+00  2.48083e+00 -2.08113e-04 -2.08113e-04
5.993337838e+00  2.4344669e+00  2.43467e+00 -2.04243e-04 -2.04243e-04
6.023304527e+00  2.3891603e+00  2.38936e+00 -2.00440e-04 -2.00440e-04
6.053421050e+00  2.3446823e+00  2.34488e+00 -1.96713e-04 -1.96713e-04
6.083688155e+00  2.3010182e+00  2.30121e+00 -1.93047e-04 -1.93047e-04
6.114106596e+00  2.2581535e+00  2.25834e+00 -1.89453e-04 -1.89453e-04
6.144677129e+00  2.2160738e+00  2.21626e+00 -1.85920e-04 -1.85920e-04
6.175400514e+00  2.1747651e+00  2.17495e+00 -1.82454e-04 -1.82454e-04
6.206277517e+00  2.1342136e+00  2.13439e+00 -1.79051e-04 -1.79051e-04
6.237308904e+00  2.0944057e+00  2.09458e+00 -1.75711e-04 -1.75711e-04
6.268495449e+00  2.0553281e+00  2.05550e+00 -1.72433e-04 -1.72433e-04
6.299837926e+00  2.0169678e+00  2.01714e+00 -1.69214e-04 -1.69214e-04
6.331337116e+00  1.9793117e+00  1.97948e+00 -1.66056e-04 -1.66056e-04
6.362993801e+00  1.9423473e+00  1.94251e+00 -1.62956e-04 -1.62956e-04
6.394808770e+00  1.9060622e+00  1.90622e+00 -1.59912e-04 -1.59912e-04
6.426782814e+00  1.8704441e+00  1.87060e+00 -1.56924e-04 -1.56924e-04
6.458916728e+00  1.8354810e+00  1.83563e+00 -1.53989e-04 -1.53989e-04
6.491211312e+00  1.8011612e+00  1.80131e+00 -1.51114e-04 -1.51114e-04
6.523667368e+00  1.7674731e+00  1.76762e+00 -1.48284e-04 -1.48284e-04
6.556285705e+00  1.7344052e+00  1.73455e+00 -1.45510e-04 -1.45510e-04
6.589067134e+00  1.7019464e+00  1.70209e+00 -1.42787e-04 -1.42787e-04
6.622012469e+00  1.6700858e+00  1.67023e+00 -1.40113e-04 -1.40113e-04
6.655122532e+00  1.6388125e+00  1.63895e+00 -1.37490e-04 -1.37490e-04
6.688398144e+00  1.6081160e+00  1.60825e+00 -1.34914e-04 -1.34914e-04
6.721840135e+00  1.5779857e+00  1.57812e+00 -1.32386e-04 -1.32386e-04
6.755449336e+00  1.5484115e+00  1.54854e+00 -1.29904e-04 -1.29904e-04
6.789226583e+00  1.5193833e+00  1.51951e+00 -1.27470e-04 -1.27470e-04
6.823172715e+00  1.4908912e+00  1.49102e+00 -1.25080e-04 -1.25080e-04
6.857288579e+00  1.4629256e+00  1.46305e+00 -1.22734e-04 -1.22734e-04
6.891575022e+00  1.4354769e+00  1.43560e+00 -1.20430e-04 -1.20430e-04
6.926032897e+00  1.4085357e+00  1.40865e+00 -1.18170e-04 -1.18170e-04
6.960663062e+00  1.3820928e+00  1.38221e+00 -1.15952e-04 -1.15952e-04
6.995466377e+00  1.3561393e+00  1.35625e+00 -1.13774e-04 -1.13774e-04
7.030443709e+00  1.3306661e+00  1.33078e+00 -1.11637e-04 -1.11637e-04
7.065595927e+00  1.3056646e+00  1.30577e+00 -1.09539e-04 -1.09539e-04
7.100923907e+00  1.2811263e+00  1.28123e+00 -1.07480e-04 -1.07480e-04
7.136428526e+00  1.2570426e+00  1.25715e+00 -1.05460e-04 -1.05460e-04
7.172110669e+00  1.2334054e+00  1.23351e+00 -1.03477e-04 -1.03477e-04
7.207971222e+00  1.2102065e+00  1.21031e+00 -1.01531e-04 -1.01531e-04
7.244011079e+00  1.1874379e+00  1.18754e+00 -9.96205e-05 -9.96205e-05
7.280231134e+00  1.1650919e+00  1.16519e+00 -9.77459e-05 -9.77459e-05
7.316632290e+00  1.1431606e+00  1.14326e+00 -9.59061e-05 -9.59061e-05
7.353215451e+00  1.1216366e+00  1.12173e+00 -9.41006e-05 -9.41006e-05
7.389981528e+00  1.1005124e+00  1.10060e+00 -9.23291e-05 -9.23291e-05
7.426931436e+00  1.0797808e+00  1.07987e+00 -9.05901e-05 -9.05901e-05
7.464066093e+00  1.0594345e+00  1.05952e+00 -8.88833e-05 -8.88833e-05
7.501386424e+00  1.0394665e+00  1.03955e+00 -8.72085e-05 -8.72085e-05
7.538893356e+00  1.0198700e+00  1.01996e+00 -8.55635e-05 -8.55635e-05
7.576587822e+00  1.0006380e+00  1.00072e+00 -8.39496e-05 -8.39496e-05
7.614470762e+00  9.8176408e-01  9.81846e-01 -8.23659e-05 -8.23660e-05
7.652543115e+00  9.6324152e-01  9.63322e-01 -8.08151e-05 -8.08151e-05
7.690805831e+00  9.4506396e-01  9.45143e-01 -7.92887e-05 -7.92887e-05
7.729259860e+00  9.2722506e-01  9.27303e-01 -7.77912e-05 -7.77912e-05
7.767906159e+00  9.0971862e-01  9.09795e-01 -7.63221e-05 -7.63221e-05
7.806745690e+00  8.9253856e-01  8.92613e-01 -7.48808e-05 -7.48808e-05
7.845779419e+00  8.7567889e-01  8.75752e-01 -7.34660e-05 -7.34660e-05
7.885008316e+00  8.5913373e-01  8.59206e-01 -7.20785e-05 -7.20785e-05
7.924433357e+00  8.4289732e-01  8.42968e-01 -7.07161e-05 -7.07161e-05
7.964055524e+00  8.2696398e-01  8.27033e-01 -6.93788e-05 -6.93788e-05
8.003875802e+00  8.1132816e-01  8.11396e-01 -6.80670e-05 -6.80670e-05
8.043895181e+00  7.9598439e-01  7.96051e-01 -6.67796e-05 -6.67796e-05
8.084114657e+00  7.8092729e-01  7.80993e-01 -6.55163e-05 -6.55163e-05
8.124535230e+00  7.6615161e-01  7.66216e-01 -6.42766e-05 -6.42766e-05
8.165157906e+00  7.5165215e-01  7.51715e-01 -6.30601e-05 -6.30601e-05
8.205983696e+00  7.3742385e-01  7.37486e-01 -6.18664e-05 -6.18664e-05
8.247013614e+00  7.2346171e-01  7.23522e-01 -6.06950e-05 -6.06950e-05
8.288248682e+00  7.0976083e-01  7.09820e-01 -5.95455e-05 -5.95455e-05
8.329689926e+00  6.9631640e-01  6.96375e-01 -5.84176e-05 -5.84176e-05
8.371338375e+00  6.8312369e-01  6.83181e-01 -5.73108e-05 -5.73108e-05
8.413195067e+00  6.7017805e-01  6.70234e-01 -5.62247e-05 -5.62247e-05
8.455261042e+00  6.5747494e-01  6.57530e-01 -5.51590e-05 -5.51590e-05
8.497537348e+00  6.4500988e-01  6.45064e-01 -5.41132e-05 -5.41132e-05
8.540025034e+00  6.3277847e-01  6.32832e-01 -5.30871e-05 -5.30871e-05
8.582725160e+00  6.2077640e-01  6.20828e-01 -5.20802e-05 -5.20802e-05
8.625638785e+00  6.0899944e-01  6.09051e-01 -5.10922e-05 -5.10922e-05
8.668766979e+00  5.9744342e-01  5.97494e-01 -5.01226e-05 -5.01227e-05
8.712110814e+00  5.8610425e-01  5.86153e-01 -4.91713e-05 -4.91713e-05
8.755671368e+00  5.7497794e-01  5.75026e-01 -4.82379e-05 -4.82379e-05
8.799449725e+00  5.6406054e-01  5.64108e-01 -4.73220e-05 -4.73220e-05
8.843446974e+00  5.5334819e-01  5.53395e-01 -4.64232e-05 -4.64232e-05
8.887664209e+00  5.4283709e-01  5.42883e-01 -4.55414e-05 -4.55414e-05
8.932102530e+00  5.3252351e-01  5.32568e-01 -4.46761e-05 -4.46762e-05
8.976763042e+00  5.2240379e-01  5.22448e-01 -4.38271e-05 -4.38272e-05
9.021646857e+00  5.1247434e-01  5.12517e-01 -4.29941e-05 -4.29941e-05
9.066755092e+00  5.0273164e-01  5.02774e-01 -4.21767e-05 -4.21768e-05
9.112088867e+00  4.9317222e-01  4.93214e-01 -4.13747e-05 -4.13748e-05
9.157649312e+00  4.8379268e-01  4.83833e-01 -4.05878e-05 -4.05879e-05
9.203437558e+00  4.7458968e-01  4.74629e-01 -3.98157e-05 -3.98158e-05
9.249454746e+00  4.6555994e-01  4.65599e-01 -3.90582e-05 -3.90582e-05
9.295702020e+00  4.5670025e-01  4.56739e-01 -3.83149e-05 -3.83149e-05
9.342180530e+00  4.4800744e-01  4.48045e-01 -3.75856e-05 -3.75857e-05
9.388891432e+00  4.3947842e-01  4.39515e-01 -3.68701e-05 -3.68701e-05
9.435835890e+00  4.3111014e-01  4.31146e-01 -3.61680e-05 -3.61681e-05
9.483015069e+00  4.2289961e-01  4.22935e-01 -3.54792e-05 -3.54792e-05
9.530430144e+00  4.1484390e-01  4.14879e-01 -3.48034e-05 -3.48034e-05
9.578082295e+00  4.0694012e-01  4.06974e-01 -3.41403e-05 -3.41403e-05
9.625972707e+00  3.9918545e-01  3.99219e-01 -3.34897e-05 -3.34897e-05
9.674102570e+00  3.9157711e-01  3.91610e-01 -3.28514e-05 -3.28514e-05
9.722473083e+00  3.8411238e-01  3.84145e-01 -3.22251e-05 -3.22252e-05
9.771085448e+00  3.7678857e-01  3.76820e-01 -3.16107e-05 -3.16107e-05
9.819940876e+00  3.6960307e-01  3.69634e-01 -3.10079e-05 -3.10079e-05
9.869040580e+00  3.6255328e-01  3.62584e-01 -3.04164e-05 -3.04165e-05
9.918385783e+00  3.5563669e-01  3.55667e-01 -2.98361e-05 -2.98362e-05
9.967977712e+00  3.4885081e-01  3.48880e-01 -2.92668e-05 -2.92669e-05
1.001781760e+01  3.4219319e-01  3.42222e-01 -2.87083e-05 -2.87084e-05
1.006790669e+01  3.3566144e-01  3.35690e-01 -2.81603e-05 -2.81604e-05
1.011824622e+01  3.2925321e-01  3.29281e-01 -2.76227e-05 -2.76228e-05
1.016883745e+01  3.2296620e-01  3.22993e-01 -2.70952e-05 -2.70953e-05
1.021968164e+01  3.1679814e-01  3.16825e-01 -2.65778e-05 -2.65778e-05
1.027078005e+01  3.1074680e-01  3.10773e-01 -2.60701e-05 -2.60702e-05
1.032213395e+01  3.0481000e-01  3.04836e-01 -2.55720e-05 -2.55721e-05
1.037374462e+01  2.9898561e-01  2.99011e-01 -2.50834e-05 -2.50834e-05
1.042561334e+01  2.9327151e-01  2.93296e-01 -2.46040e-05 -2.46041e-05
1.047774141e+01  2.8766565e-01  2.87690e-01 -2.41337e-05 -2.41338e-05
1.053013012e+01  2.8216599e-01  2.82190e-01 -2.36723e-05 -2.36724e-05
1.058278077e+01  2.7677055e-01  2.76794e-01 -2.32196e-05 -2.32197e-05
1.063569467e+01  2.7147737e-01  2.71500e-01 -2.27756e-05 -2.27756e-05
1.068887314e+01  2.6628455e-01  2.66307e-01 -2.23399e-05 -2.23400e-05
1.074231751e+01  2.6119019e-01  2.61212e-01 -2.19125e-05 -2.19126e-05
1.079602910e+01  2.5619246e-01  2.56214e-01 -2.14932e-05 -2.14933e-05
1.085000924e+01  2.5128953e-01  2.51311e-01 -2.10819e-05 -2.10820e-05
1.090425929e+01  2.4647964e-01  2.46500e-01 -2.06783e-05 -2.06784e-05
1.095878058e+01  2.4176104e-01  2.41781e-01 -2.02825e-05 -2.02826e-05
1.101357449e+01  2.3713200e-01  2.37152e-01 -1.98941e-05 -1.98942e-05
1.106864236e+01  2.3259086e-01  2.32610e-01 -1.95131e-05 -1.95132e-05
1.112398557e+01  2.2813596e-01  2.28155e-01 -1.91394e-05 -1.91395e-05
1.117960550e+01  2.2376568e-01  2.23784e-01 -1.87727e-05 -1.87729e-05
1.123550353e+01  2.1947843e-01  2.19497e-01 -1.84131e-05 -1.84132e-05
1.129168104e+01  2.1527266e-01  2.15291e-01 -1.80602e-05 -1.80603e-05
1.134813945e+01  2.1114681e-01  2.11165e-01 -1.77141e-05 -1.77142e-05
1.140488015e+01  2.0709941e-01  2.07117e-01 -1.73745e-05 -1.73746e-05
1.146190455e+01  2.0312896e-01  2.03146e-01 -1.70414e-05 -1.70415e-05
1.151921407e+01  1.9923403e-01  1.99251e-01 -1.67146e-05 -1.67148e-05
1.157681014e+01  1.9541319e-01  1.95430e-01 -1.63941e-05 -1.63942e-05
1.163469419e+01  1.9166504e-01  1.91681e-01 -1.60796e-05 -1.60798e-05
1.169286766e+01  1.8798822e-01  1.88004e-01 -1.57712e-05 -1.57713e-05
1.175133200e+01  1.8438138e-01  1.84397e-01 -1.54686e-05 -1.54687e-05
1.181008866e+01  1.8084321e-01  1.80858e-01 -1.51717e-05 -1.51719e-05
1.186913910e+01  1.7737240e-01  1.77387e-01 -1.48805e-05 -1.48807e-05
1.192848480e+01  1.7396770e-01  1.73982e-01 -1.45949e-05 -1.45950e-05
1.198812722e+01  1.7062786e-01  1.70642e-01 -1.43147e-05 -1.43149e-05
1.204806786e+01  1.6735164e-01  1.67366e-01 -1.40398e-05 -1.40400e-05
1.210830820e+01  1.6413786e-01  1.64152e-01 -1.37702e-05 -1.37704e-05
1.216884974e+01  1.6098533e-01  1.60999e-01 -1.35057e-05 -1.35059e-05
1.222969399e+01  1.5789289e-01  1.57906e-01 -1.32463e-05 -1.32465e-05
1.229084246e+01  1.5485942e-01  1.54872e-01 -1.29918e-05 -1.29920e-05
1.235229667e+01  1.5188380e-01  1.51897e-01 -1.27421e-05 -1.27423e-05
1.241405815e+01  1.4896493e-01  1.48977e-01 -1.24972e-05 -1.24974e-05
1.247612845e+01  1.4610175e-01  1.46114e-01 -1.22570e-05 -1.22572e-05
1.253850909e+01  1.4329320e-01  1.43305e-01 -1.20214e-05 -1.20216e-05
1.260120163e+01  1.4053825e-01  1.40550e-01 -1.17903e-05 -1.17905e-05
1.266420764e+01  1.3783589e-01  1.37847e-01 -1.15635e-05 -1.15638e-05
1.272752868e+01  1.3518512e-01  1.35196e-01 -1.13412e-05 -1.13414e-05
1.279116632e+01  1.3258496e-01  1.32596e-01 -1.11230e-05 -1.11232e-05
1.285512215e+01  1.3003446e-01  1.30045e-01 -1.09090e-05 -1.09093e-05
1.291939776e+01  1.2753268e-01  1.27543e-01 -1.06991e-05 -1.06994e-05
1.298399475e+01  1.2507870e-01  1.25089e-01 -1.04933e-05 -1.04935e-05
1.304891473e+01  1.2267161e-01  1.22682e-01 -1.02913e-05 -1.02916e-05
1.311415930e+01  1.2031052e-01  1.20321e-01 -1.00932e-05 -1.00935e-05
1.317973010e+01  1.1799456e-01  1.18004e-01 -9.89892e-06 -9.89917e-06
1.324562875e+01  1.1572288e-01  1.15733e-01 -9.70833e-06 -9.70859e-06
1.331185689e+01  1.1349464e-01  1.13504e-01 -9.52138e-06 -9.52165e-06
1.337841618e+01  1.1130902e-01  1.11318e-01 -9.33801e-06 -9.33829e-06
1.344530826e+01  1.0916520e-01  1.09174e-01 -9.15815e-06 -9.15843e-06
1.351253480e+01  1.0706239e-01  1.07071e-01 -8.98173e-06 -8.98202e-06
1.358009747e+01  1.0499982e-01  1.05009e-01 -8.80869e-06 -8.80898e-06
1.364799796e+01  1.0297673e-01  1.02985e-01 -8.63895e-06 -8.63925e-06
1.371623795e+01  1.0099236e-01  1.01001e-01 -8.47247e-06 -8.47277e-06
1.378481914e+01  9.9045976e-02  9.90543e-02 -8.30917e-06 -8.30948e-06
1.385374323e+01  9.7136862e-02  9.71450e-02 -8.14900e-06 -8.14931e-06
1.392301195e+01  9.5264308e-02  9.52723e-02 -7.99190e-06 -7.99222e-06
1.399262701e+01  9.3427621e-02  9.34355e-02 -7.83780e-06 -7.83813e-06
1.406259015e+01  9.1626118e-02  9.16338e-02 -7.68666e-06 -7.68699e-06
1.413290310e+01  8.9859132e-02  8.98667e-02 -7.53841e-06 -7.53875e-06
1.420356761e+01  8.8126006e-02  8.81334e-02 -7.39300e-06 -7.39335e-06
1.427458545e+01  8.6426097e-02  8.64333e-02 -7.25038e-06 -7.25073e-06
1.434595838e+01  8.4758774e-02  8.47659e-02 -7.11049e-06 -7.11085e-06
1.441768817e+01  8.3123417e-02  8.31304e-02 -6.97329e-06 -6.97365e-06
1.448977661e+01  8.1519417e-02  8.15263e-02 -6.83871e-06 -6.83909e-06
1.456222549e+01  7.9946179e-02  7.99529e-02 -6.70672e-06 -6.70710e-06
1.463503662e+01  7.8403117e-02  7.84097e-02 -6.57726e-06 -6.57764e-06
1.470821180e+01  7.6889657e-02  7.68961e-02 -6.45028e-06 -6.45067e-06
1.478175286e+01  7.5405235e-02  7.54116e-02 -6.32574e-06 -6.32613e-06
1.485566163e+01  7.3949299e-02  7.39555e-02 -6.20358e-06 -6.20399e-06
1.492993994e+01  7.2521307e-02  7.25274e-02 -6.08378e-06 -6.08419e-06
1.500458964e+01  7.1120725e-02  7.11267e-02 -5.96627e-06 -5.96669e-06
1.507961258e+01  6.9747033e-02  6.97529e-02 -5.85101e-06 -5.85144e-06
1.515501065e+01  6.8399717e-02  6.84055e-02 -5.73797e-06 -5.73841e-06
1.523078570e+01  6.7078275e-02  6.70839e-02 -5.62710e-06 -5.62754e-06
1.530693963e+01  6.5782214e-02  6.57877e-02 -5.51836e-06 -5.51881e-06
1.538347433e+01  6.4511050e-02  6.45165e-02 -5.41171e-06 -5.41217e-06
1.546039170e+01  6.3264309e-02  6.32696e-02 -5.30711e-06 -5.30757e-06
1.553769366e+01  6.2041524e-02  6.20467e-02 -5.20452e-06 -5.20498e-06
1.561538212e+01  6.0842239e-02  6.08473e-02 -5.10389e-06 -5.10437e-06
1.569345903e+01  5.9666005e-02  5.96710e-02 -5.00521e-06 -5.00569e-06
1.577192633e+01  5.8512383e-02  5.85173e-02 -4.90842e-06 -4.90891e-06
1.585078596e+01  5.7380941e-02  5.73858e-02 -4.81349e-06 -4.81398e-06
1.593003989e+01  5.6271255e-02  5.62760e-02 -4.72038e-06 -4.72089e-06
1.600969009e+01  5.5182911e-02  5.51875e-02 -4.62907e-06 -4.62958e-06
1.608973854e+01  5.4115500e-02  5.41200e-02 -4.53951e-06 -4.54003e-06
1.617018723e+01  5.3068623e-02  5.30731e-02 -4.45168e-06 -4.45220e-06
1.625103817e+01  5.2041888e-02  5.20463e-02 -4.36553e-06 -4.36606e-06
1.633229336e+01  5.1034910e-02  5.10392e-02 -4.28104e-06 -4.28158e-06
1.641395483e+01  5.0047311e-02  5.00515e-02 -4.19818e-06 -4.19873e-06
1.649602460e+01  4.9078721e-02  4.90828e-02 -4.11692e-06 -4.11747e-06
1.657850473e+01  4.8128777e-02  4.81328e-02 -4.03722e-06 -4.03777e-06
1.666139725e+01  4.7197122e-02  4.72011e-02 -3.95905e-06 -3.95961e-06
1.674470424e+01  4.6283407e-02  4.62873e-02 -3.88239e-06 -3.88295e-06
1.682842776e+01  4.5387288e-02  4.53911e-02 -3.80720e-06 -3.80777e-06
1.691256990e+01  4.4508428e-02  4.45122e-02 -3.73346e-06 -3.73404e-06
1.699713274e+01  4.3646499e-02  4.36502e-02 -3.66115e-06 -3.66173e-06
results_trn.txt
# ------------------------------------------------------------------------
# NASA-GSFC Planetary Spectrum Generator (PSG, Villanueva et al. 2018, 2022)
# Atmospheric transmittance spectrum synthesized with PUMAS
# Synthesized on Tue Apr 29 01:11:00 2025
# Radiative transfer took 0.802 seconds
# Spectral unit: Wavelength [um]
# ------------------------------------------------------------------------
# Wave/freq Total H2 He H2O CH4  Rayleigh CIA
5.000000000e-01 2.49793e-08 2.49651e-08 2.49651e-08 2.49651e-08 2.49651e-08 2.49792e-08 2.49651e-08
5.025000000e-01 2.49792e-08 2.49651e-08 2.49651e-08 2.49653e-08 2.49651e-08 2.49790e-08 2.49651e-08
5.050125000e-01 2.49797e-08 2.49651e-08 2.49651e-08 2.49661e-08 2.49651e-08 2.49787e-08 2.49651e-08
5.075375625e-01 2.49789e-08 2.49651e-08 2.49651e-08 2.49655e-08 2.49651e-08 2.49784e-08 2.49651e-08
5.100752503e-01 2.49782e-08 2.49651e-08 2.49651e-08 2.49651e-08 2.49651e-08 2.49782e-08 2.49651e-08
5.126256266e-01 2.49779e-08 2.49651e-08 2.49651e-08 2.49651e-08 2.49651e-08 2.49779e-08 2.49651e-08
5.151887547e-01 2.49777e-08 2.49651e-08 2.49651e-08 2.49651e-08 2.49651e-08 2.49776e-08 2.49651e-08
5.177646985e-01 2.49774e-08 2.49651e-08 2.49651e-08 2.49651e-08 2.49651e-08 2.49774e-08 2.49651e-08
5.203535220e-01 2.49772e-08 2.49651e-08 2.49651e-08 2.49651e-08 2.49651e-08 2.49772e-08 2.49651e-08
5.229552896e-01 2.49769e-08 2.49651e-08 2.49651e-08 2.49651e-08 2.49651e-08 2.49769e-08 2.49651e-08
5.255700660e-01 2.49768e-08 2.49651e-08 2.49651e-08 2.49651e-08 2.49651e-08 2.49767e-08 2.49651e-08
5.281979164e-01 2.49765e-08 2.49651e-08 2.49651e-08 2.49651e-08 2.49651e-08 2.49765e-08 2.49651e-08
5.308389059e-01 2.49763e-08 2.49651e-08 2.49651e-08 2.49651e-08 2.49651e-08 2.49762e-08 2.49651e-08
5.334931005e-01 2.49760e-08 2.49651e-08 2.49651e-08 2.49651e-08 2.49651e-08 2.49760e-08 2.49651e-08
5.361605660e-01 2.49758e-08 2.49651e-08 2.49651e-08 2.49651e-08 2.49651e-08 2.49758e-08 2.49651e-08
5.388413688e-01 2.49757e-08 2.49651e-08 2.49651e-08 2.49651e-08 2.49652e-08 2.49756e-08 2.49651e-08
5.415355756e-01 2.49761e-08 2.49651e-08 2.49651e-08 2.49656e-08 2.49653e-08 2.49754e-08 2.49651e-08
5.442432535e-01 2.49758e-08 2.49651e-08 2.49651e-08 2.49655e-08 2.49653e-08 2.49752e-08 2.49651e-08
5.469644698e-01 2.49752e-08 2.49651e-08 2.49651e-08 2.49652e-08 2.49651e-08 2.49750e-08 2.49651e-08
5.496992921e-01 2.49748e-08 2.49651e-08 2.49651e-08 2.49651e-08 2.49651e-08 2.49748e-08 2.49651e-08
5.524477886e-01 2.49746e-08 2.49651e-08 2.49651e-08 2.49651e-08 2.49651e-08 2.49746e-08 2.49651e-08
5.552100275e-01 2.49744e-08 2.49651e-08 2.49651e-08 2.49651e-08 2.49651e-08 2.49744e-08 2.49651e-08
5.579860777e-01 2.49742e-08 2.49651e-08 2.49651e-08 2.49651e-08 2.49651e-08 2.49742e-08 2.49651e-08
5.607760081e-01 2.49741e-08 2.49651e-08 2.49651e-08 2.49651e-08 2.49651e-08 2.49740e-08 2.49651e-08
5.635798881e-01 2.49739e-08 2.49651e-08 2.49651e-08 2.49651e-08 2.49651e-08 2.49739e-08 2.49651e-08
5.663977875e-01 2.49737e-08 2.49651e-08 2.49651e-08 2.49651e-08 2.49651e-08 2.49737e-08 2.49651e-08
5.692297765e-01 2.49745e-08 2.49651e-08 2.49651e-08 2.49660e-08 2.49651e-08 2.49735e-08 2.49651e-08
5.720759254e-01 2.49741e-08 2.49651e-08 2.49651e-08 2.49657e-08 2.49651e-08 2.49733e-08 2.49651e-08
5.749363050e-01 2.49736e-08 2.49651e-08 2.49651e-08 2.49654e-08 2.49651e-08 2.49732e-08 2.49651e-08
5.778109865e-01 2.49732e-08 2.49651e-08 2.49651e-08 2.49652e-08 2.49651e-08 2.49730e-08 2.49651e-08
5.807000414e-01 2.49729e-08 2.49651e-08 2.49651e-08 2.49651e-08 2.49651e-08 2.49729e-08 2.49651e-08
5.836035417e-01 2.49728e-08 2.49651e-08 2.49651e-08 2.49651e-08 2.49651e-08 2.49727e-08 2.49651e-08
5.865215594e-01 2.49728e-08 2.49651e-08 2.49651e-08 2.49653e-08 2.49651e-08 2.49726e-08 2.49651e-08
5.894541672e-01 2.49772e-08 2.49651e-08 2.49651e-08 2.49698e-08 2.49651e-08 2.49724e-08 2.49651e-08
5.924014380e-01 2.49778e-08 2.49651e-08 2.49651e-08 2.49706e-08 2.49651e-08 2.49723e-08 2.49651e-08
5.953634452e-01 2.49750e-08 2.49651e-08 2.49651e-08 2.49678e-08 2.49651e-08 2.49721e-08 2.49651e-08
5.983402624e-01 2.49725e-08 2.49651e-08 2.49651e-08 2.49655e-08 2.49651e-08 2.49720e-08 2.49651e-08
6.013319637e-01 2.49719e-08 2.49651e-08 2.49651e-08 2.49651e-08 2.49651e-08 2.49718e-08 2.49651e-08
6.043386235e-01 2.49717e-08 2.49651e-08 2.49651e-08 2.49651e-08 2.49651e-08 2.49717e-08 2.49651e-08
6.073603167e-01 2.49716e-08 2.49651e-08 2.49651e-08 2.49651e-08 2.49651e-08 2.49716e-08 2.49651e-08
6.103971182e-01 2.49715e-08 2.49651e-08 2.49651e-08 2.49651e-08 2.49651e-08 2.49714e-08 2.49651e-08
6.134491038e-01 2.49717e-08 2.49651e-08 2.49651e-08 2.49651e-08 2.49654e-08 2.49713e-08 2.49651e-08
6.165163494e-01 2.49720e-08 2.49651e-08 2.49651e-08 2.49651e-08 2.49659e-08 2.49712e-08 2.49651e-08
6.195989311e-01 2.49724e-08 2.49651e-08 2.49651e-08 2.49651e-08 2.49664e-08 2.49711e-08 2.49651e-08
6.226969258e-01 2.49716e-08 2.49651e-08 2.49651e-08 2.49651e-08 2.49657e-08 2.49710e-08 2.49651e-08
6.258104104e-01 2.49710e-08 2.49651e-08 2.49651e-08 2.49651e-08 2.49652e-08 2.49708e-08 2.49651e-08
6.289394624e-01 2.49716e-08 2.49651e-08 2.49651e-08 2.49659e-08 2.49651e-08 2.49707e-08 2.49651e-08
6.320841597e-01 2.49712e-08 2.49651e-08 2.49651e-08 2.49656e-08 2.49651e-08 2.49706e-08 2.49651e-08
6.352445805e-01 2.49707e-08 2.49651e-08 2.49651e-08 2.49653e-08 2.49651e-08 2.49705e-08 2.49651e-08
6.384208035e-01 2.49705e-08 2.49651e-08 2.49651e-08 2.49651e-08 2.49651e-08 2.49704e-08 2.49651e-08
6.416129075e-01 2.49705e-08 2.49651e-08 2.49651e-08 2.49652e-08 2.49651e-08 2.49703e-08 2.49651e-08
6.448209720e-01 2.49705e-08 2.49651e-08 2.49651e-08 2.49653e-08 2.49651e-08 2.49702e-08 2.49651e-08
6.480450769e-01 2.49739e-08 2.49651e-08 2.49651e-08 2.49688e-08 2.49651e-08 2.49701e-08 2.49651e-08
6.512853022e-01 2.49740e-08 2.49651e-08 2.49651e-08 2.49690e-08 2.49651e-08 2.49700e-08 2.49651e-08
6.545417288e-01 2.49721e-08 2.49651e-08 2.49651e-08 2.49671e-08 2.49652e-08 2.49699e-08 2.49651e-08
6.578144374e-01 2.49703e-08 2.49651e-08 2.49651e-08 2.49654e-08 2.49652e-08 2.49698e-08 2.49651e-08
6.611035096e-01 2.49700e-08 2.49651e-08 2.49651e-08 2.49652e-08 2.49653e-08 2.49697e-08 2.49651e-08
6.644090271e-01 2.49701e-08 2.49651e-08 2.49651e-08 2.49651e-08 2.49654e-08 2.49696e-08 2.49651e-08
6.677310723e-01 2.49699e-08 2.49651e-08 2.49651e-08 2.49651e-08 2.49654e-08 2.49695e-08 2.49651e-08
6.710697276e-01 2.49696e-08 2.49651e-08 2.49651e-08 2.49651e-08 2.49652e-08 2.49694e-08 2.49651e-08
6.744250763e-01 2.49694e-08 2.49651e-08 2.49651e-08 2.49651e-08 2.49651e-08 2.49693e-08 2.49651e-08
6.777972017e-01 2.49693e-08 2.49651e-08 2.49651e-08 2.49651e-08 2.49651e-08 2.49693e-08 2.49651e-08
6.811861877e-01 2.49693e-08 2.49651e-08 2.49651e-08 2.49651e-08 2.49651e-08 2.49692e-08 2.49651e-08
6.845921186e-01 2.49693e-08 2.49651e-08 2.49651e-08 2.49652e-08 2.49652e-08 2.49691e-08 2.49651e-08
6.880150792e-01 2.49692e-08 2.49651e-08 2.49651e-08 2.49652e-08 2.49651e-08 2.49690e-08 2.49651e-08
6.914551546e-01 2.49693e-08 2.49651e-08 2.49651e-08 2.49654e-08 2.49651e-08 2.49689e-08 2.49651e-08
6.949124304e-01 2.49803e-08 2.49651e-08 2.49651e-08 2.49765e-08 2.49651e-08 2.49689e-08 2.49651e-08
6.983869925e-01 2.49761e-08 2.49651e-08 2.49651e-08 2.49721e-08 2.49654e-08 2.49688e-08 2.49651e-08
7.018789275e-01 2.49748e-08 2.49651e-08 2.49651e-08 2.49704e-08 2.49657e-08 2.49687e-08 2.49651e-08
7.053883221e-01 2.49709e-08 2.49651e-08 2.49651e-08 2.49668e-08 2.49656e-08 2.49686e-08 2.49651e-08
7.089152637e-01 2.49696e-08 2.49651e-08 2.49651e-08 2.49659e-08 2.49653e-08 2.49686e-08 2.49651e-08
7.124598400e-01 2.49694e-08 2.49651e-08 2.49651e-08 2.49657e-08 2.49652e-08 2.49685e-08 2.49651e-08
7.160221392e-01 2.49721e-08 2.49651e-08 2.49651e-08 2.49682e-08 2.49656e-08 2.49684e-08 2.49651e-08
7.196022499e-01 2.50190e-08 2.49651e-08 2.49651e-08 2.50135e-08 2.49672e-08 2.49684e-08 2.49651e-08
7.232002612e-01 2.50099e-08 2.49651e-08 2.49651e-08 2.50023e-08 2.49695e-08 2.49683e-08 2.49651e-08
7.268162625e-01 2.50045e-08 2.49651e-08 2.49651e-08 2.49929e-08 2.49735e-08 2.49682e-08 2.49651e-08
7.304503438e-01 2.49846e-08 2.49651e-08 2.49651e-08 2.49767e-08 2.49698e-08 2.49682e-08 2.49651e-08
7.341025955e-01 2.49747e-08 2.49651e-08 2.49651e-08 2.49695e-08 2.49672e-08 2.49681e-08 2.49651e-08
7.377731085e-01 2.49703e-08 2.49651e-08 2.49651e-08 2.49665e-08 2.49659e-08 2.49681e-08 2.49651e-08
7.414619740e-01 2.49683e-08 2.49651e-08 2.49651e-08 2.49652e-08 2.49652e-08 2.49680e-08 2.49651e-08
7.451692839e-01 2.49680e-08 2.49651e-08 2.49651e-08 2.49651e-08 2.49651e-08 2.49679e-08 2.49651e-08
7.488951303e-01 2.49679e-08 2.49651e-08 2.49651e-08 2.49651e-08 2.49651e-08 2.49679e-08 2.49651e-08
7.526396060e-01 2.49679e-08 2.49651e-08 2.49651e-08 2.49651e-08 2.49651e-08 2.49678e-08 2.49651e-08
7.564028040e-01 2.49678e-08 2.49651e-08 2.49651e-08 2.49651e-08 2.49651e-08 2.49678e-08 2.49651e-08
7.601848180e-01 2.49679e-08 2.49651e-08 2.49651e-08 2.49651e-08 2.49652e-08 2.49677e-08 2.49651e-08
7.639857421e-01 2.49680e-08 2.49651e-08 2.49651e-08 2.49651e-08 2.49653e-08 2.49677e-08 2.49651e-08
7.678056708e-01 2.49679e-08 2.49651e-08 2.49651e-08 2.49651e-08 2.49654e-08 2.49676e-08 2.49651e-08
7.716446992e-01 2.49679e-08 2.49651e-08 2.49651e-08 2.49651e-08 2.49654e-08 2.49676e-08 2.49651e-08
7.755029227e-01 2.49681e-08 2.49651e-08 2.49651e-08 2.49651e-08 2.49656e-08 2.49675e-08 2.49651e-08
7.793804373e-01 2.49685e-08 2.49651e-08 2.49651e-08 2.49651e-08 2.49661e-08 2.49675e-08 2.49651e-08
7.832773395e-01 2.49691e-08 2.49651e-08 2.49651e-08 2.49651e-08 2.49667e-08 2.49674e-08 2.49651e-08
7.871937262e-01 2.49692e-08 2.49651e-08 2.49651e-08 2.49656e-08 2.49664e-08 2.49674e-08 2.49651e-08
7.911296948e-01 2.49744e-08 2.49651e-08 2.49651e-08 2.49708e-08 2.49664e-08 2.49673e-08 2.49651e-08
7.950853433e-01 2.49725e-08 2.49651e-08 2.49651e-08 2.49683e-08 2.49670e-08 2.49673e-08 2.49651e-08
7.990607700e-01 2.49744e-08 2.49651e-08 2.49651e-08 2.49703e-08 2.49670e-08 2.49672e-08 2.49651e-08
8.030560739e-01 2.49714e-08 2.49651e-08 2.49651e-08 2.49678e-08 2.49664e-08 2.49672e-08 2.49651e-08
8.070713542e-01 2.49695e-08 2.49651e-08 2.49651e-08 2.49665e-08 2.49659e-08 2.49671e-08 2.49651e-08
8.111067110e-01 2.49701e-08 2.49651e-08 2.49651e-08 2.49675e-08 2.49656e-08 2.49671e-08 2.49651e-08
8.151622446e-01 2.49831e-08 2.49651e-08 2.49651e-08 2.49808e-08 2.49653e-08 2.49671e-08 2.49651e-08
8.192380558e-01 2.50221e-08 2.49651e-08 2.49651e-08 2.50200e-08 2.49652e-08 2.49670e-08 2.49651e-08
8.233342461e-01 2.50046e-08 2.49651e-08 2.49651e-08 2.50026e-08 2.49651e-08 2.49670e-08 2.49651e-08
8.274509173e-01 2.49954e-08 2.49651e-08 2.49651e-08 2.49934e-08 2.49651e-08 2.49669e-08 2.49651e-08
8.315881719e-01 2.49738e-08 2.49651e-08 2.49651e-08 2.49720e-08 2.49651e-08 2.49669e-08 2.49651e-08
8.357461127e-01 2.49677e-08 2.49651e-08 2.49651e-08 2.49659e-08 2.49651e-08 2.49669e-08 2.49651e-08
8.399248433e-01 2.49685e-08 2.49651e-08 2.49651e-08 2.49667e-08 2.49651e-08 2.49668e-08 2.49651e-08
8.441244675e-01 2.49685e-08 2.49651e-08 2.49651e-08 2.49668e-08 2.49651e-08 2.49668e-08 2.49651e-08
8.483450899e-01 2.49677e-08 2.49651e-08 2.49651e-08 2.49660e-08 2.49651e-08 2.49668e-08 2.49651e-08
8.525868153e-01 2.49674e-08 2.49651e-08 2.49651e-08 2.49657e-08 2.49651e-08 2.49667e-08 2.49651e-08
8.568497494e-01 2.49668e-08 2.49651e-08 2.49651e-08 2.49652e-08 2.49651e-08 2.49667e-08 2.49651e-08
8.611339981e-01 2.49667e-08 2.49651e-08 2.49651e-08 2.49651e-08 2.49651e-08 2.49667e-08 2.49651e-08
8.654396681e-01 2.49666e-08 2.49651e-08 2.49651e-08 2.49651e-08 2.49651e-08 2.49666e-08 2.49651e-08
8.697668665e-01 2.49701e-08 2.49651e-08 2.49651e-08 2.49651e-08 2.49685e-08 2.49666e-08 2.49651e-08
8.741157008e-01 2.49692e-08 2.49651e-08 2.49651e-08 2.49651e-08 2.49677e-08 2.49666e-08 2.49651e-08
8.784862793e-01 2.49713e-08 2.49651e-08 2.49651e-08 2.49651e-08 2.49698e-08 2.49665e-08 2.49651e-08
8.828787107e-01 2.50191e-08 2.49651e-08 2.49651e-08 2.49651e-08 2.50176e-08 2.49665e-08 2.49651e-08
8.872931042e-01 2.50355e-08 2.49651e-08 2.49651e-08 2.49655e-08 2.50338e-08 2.49665e-08 2.49651e-08
8.917295698e-01 2.50082e-08 2.49651e-08 2.49651e-08 2.49663e-08 2.50057e-08 2.49665e-08 2.49651e-08
8.961882176e-01 2.50123e-08 2.49651e-08 2.49651e-08 2.49764e-08 2.50003e-08 2.49664e-08 2.49651e-08
9.006691587e-01 2.50445e-08 2.49651e-08 2.49651e-08 2.50242e-08 2.49862e-08 2.49664e-08 2.49651e-08
9.051725045e-01 2.50024e-08 2.49651e-08 2.49651e-08 2.49959e-08 2.49705e-08 2.49664e-08 2.49651e-08
9.096983670e-01 2.50205e-08 2.49651e-08 2.49651e-08 2.50174e-08 2.49670e-08 2.49664e-08 2.49651e-08
9.142468589e-01 2.50045e-08 2.49651e-08 2.49651e-08 2.50018e-08 2.49666e-08 2.49663e-08 2.49651e-08
9.188180931e-01 2.49905e-08 2.49651e-08 2.49651e-08 2.49892e-08 2.49651e-08 2.49663e-08 2.49651e-08
9.234121836e-01 2.49847e-08 2.49651e-08 2.49651e-08 2.49834e-08 2.49651e-08 2.49663e-08 2.49651e-08
9.280292445e-01 2.49826e-08 2.49651e-08 2.49651e-08 2.49814e-08 2.49651e-08 2.49663e-08 2.49651e-08
9.326693908e-01 2.50876e-08 2.49651e-08 2.49651e-08 2.50865e-08 2.49651e-08 2.49662e-08 2.49651e-08
9.373327377e-01 2.51878e-08 2.49651e-08 2.49651e-08 2.51867e-08 2.49651e-08 2.49662e-08 2.49651e-08
9.420194014e-01 2.51367e-08 2.49651e-08 2.49651e-08 2.51356e-08 2.49651e-08 2.49662e-08 2.49651e-08
9.467294984e-01 2.51091e-08 2.49651e-08 2.49651e-08 2.51080e-08 2.49651e-08 2.49662e-08 2.49651e-08
9.514631459e-01 2.50744e-08 2.49651e-08 2.49651e-08 2.50733e-08 2.49651e-08 2.49661e-08 2.49651e-08
9.562204616e-01 2.50130e-08 2.49651e-08 2.49651e-08 2.50120e-08 2.49651e-08 2.49661e-08 2.49651e-08
9.610015639e-01 2.50246e-08 2.49651e-08 2.49651e-08 2.50229e-08 2.49659e-08 2.49661e-08 2.49651e-08
9.658065718e-01 2.50279e-08 2.49651e-08 2.49651e-08 2.50255e-08 2.49667e-08 2.49661e-08 2.49651e-08
9.706356046e-01 2.49948e-08 2.49651e-08 2.49651e-08 2.49903e-08 2.49688e-08 2.49661e-08 2.49651e-08
9.754887826e-01 2.50018e-08 2.49651e-08 2.49651e-08 2.49981e-08 2.49679e-08 2.49660e-08 2.49651e-08
9.803662265e-01 2.49761e-08 2.49651e-08 2.49651e-08 2.49710e-08 2.49692e-08 2.49660e-08 2.49651e-08
9.852680577e-01 2.49710e-08 2.49651e-08 2.49651e-08 2.49658e-08 2.49694e-08 2.49660e-08 2.49651e-08
9.901943980e-01 2.49731e-08 2.49651e-08 2.49651e-08 2.49652e-08 2.49720e-08 2.49660e-08 2.49651e-08
9.951453700e-01 2.49722e-08 2.49651e-08 2.49651e-08 2.49652e-08 2.49712e-08 2.49660e-08 2.49651e-08
1.000121097e+00 2.49723e-08 2.49651e-08 2.49651e-08 2.49655e-08 2.49710e-08 2.49659e-08 2.49651e-08
1.005121702e+00 2.49724e-08 2.49651e-08 2.49651e-08 2.49658e-08 2.49708e-08 2.49659e-08 2.49651e-08
1.010147311e+00 2.49731e-08 2.49651e-08 2.49651e-08 2.49668e-08 2.49705e-08 2.49659e-08 2.49651e-08
1.015198047e+00 2.49719e-08 2.49651e-08 2.49651e-08 2.49663e-08 2.49699e-08 2.49659e-08 2.49651e-08
1.020274038e+00 2.49700e-08 2.49651e-08 2.49651e-08 2.49658e-08 2.49684e-08 2.49659e-08 2.49651e-08
1.025375408e+00 2.49683e-08 2.49651e-08 2.49651e-08 2.49654e-08 2.49672e-08 2.49659e-08 2.49651e-08
1.030502285e+00 2.49671e-08 2.49651e-08 2.49651e-08 2.49651e-08 2.49662e-08 2.49658e-08 2.49651e-08
1.035654796e+00 2.49664e-08 2.49651e-08 2.49651e-08 2.49651e-08 2.49656e-08 2.49658e-08 2.49651e-08
1.040833070e+00 2.49661e-08 2.49651e-08 2.49651e-08 2.49651e-08 2.49653e-08 2.49658e-08 2.49651e-08
1.046037236e+00 2.49659e-08 2.49651e-08 2.49651e-08 2.49651e-08 2.49652e-08 2.49658e-08 2.49651e-08
1.051267422e+00 2.49658e-08 2.49651e-08 2.49651e-08 2.49651e-08 2.49651e-08 2.49658e-08 2.49651e-08
1.056523759e+00 2.49658e-08 2.49651e-08 2.49651e-08 2.49651e-08 2.49651e-08 2.49658e-08 2.49651e-08
1.061806378e+00 2.49658e-08 2.49651e-08 2.49651e-08 2.49651e-08 2.49651e-08 2.49658e-08 2.49651e-08
1.067115410e+00 2.49658e-08 2.49651e-08 2.49651e-08 2.49651e-08 2.49651e-08 2.49657e-08 2.49651e-08
1.072450987e+00 2.49658e-08 2.49651e-08 2.49651e-08 2.49651e-08 2.49651e-08 2.49657e-08 2.49651e-08
1.077813242e+00 2.49660e-08 2.49651e-08 2.49651e-08 2.49653e-08 2.49651e-08 2.49657e-08 2.49651e-08
1.083202308e+00 2.49672e-08 2.49651e-08 2.49651e-08 2.49665e-08 2.49651e-08 2.49657e-08 2.49651e-08
1.088618319e+00 2.49693e-08 2.49651e-08 2.49651e-08 2.49683e-08 2.49654e-08 2.49657e-08 2.49651e-08
1.094061411e+00 2.49781e-08 2.49651e-08 2.49651e-08 2.49754e-08 2.49673e-08 2.49657e-08 2.49651e-08
1.099531718e+00 2.49922e-08 2.49651e-08 2.49651e-08 2.49857e-08 2.49724e-08 2.49657e-08 2.49651e-08
1.105029377e+00 2.50013e-08 2.49651e-08 2.49651e-08 2.49946e-08 2.49727e-08 2.49657e-08 2.49651e-08
1.110554523e+00 2.49919e-08 2.49651e-08 2.49651e-08 2.49835e-08 2.49736e-08 2.49656e-08 2.49651e-08
1.116107296e+00 2.50656e-08 2.49651e-08 2.49651e-08 2.50294e-08 2.50134e-08 2.49656e-08 2.49651e-08
1.121687832e+00 2.51986e-08 2.49651e-08 2.49651e-08 2.51631e-08 2.50348e-08 2.49656e-08 2.49651e-08
1.127296272e+00 2.53360e-08 2.49651e-08 2.49651e-08 2.52198e-08 2.51322e-08 2.49656e-08 2.49651e-08
1.132932753e+00 2.52664e-08 2.49651e-08 2.49651e-08 2.51903e-08 2.51047e-08 2.49656e-08 2.49651e-08
1.138597417e+00 2.51558e-08 2.49651e-08 2.49651e-08 2.50966e-08 2.50556e-08 2.49656e-08 2.49651e-08
1.144290404e+00 2.51873e-08 2.49651e-08 2.49651e-08 2.51471e-08 2.50187e-08 2.49656e-08 2.49651e-08
1.150011856e+00 2.51461e-08 2.49651e-08 2.49651e-08 2.50481e-08 2.50705e-08 2.49656e-08 2.49651e-08
1.155761915e+00 2.51568e-08 2.49651e-08 2.49651e-08 2.49939e-08 2.51373e-08 2.49656e-08 2.49651e-08
1.161540725e+00 2.51536e-08 2.49664e-08 2.49651e-08 2.49693e-08 2.51493e-08 2.49655e-08 2.49651e-08
1.167348428e+00 2.51088e-08 2.49651e-08 2.49651e-08 2.49706e-08 2.51042e-08 2.49655e-08 2.49651e-08
1.173185171e+00 2.50648e-08 2.49651e-08 2.49651e-08 2.49792e-08 2.50521e-08 2.49655e-08 2.49651e-08
1.179051096e+00 2.50452e-08 2.49651e-08 2.49651e-08 2.49910e-08 2.50208e-08 2.49655e-08 2.49651e-08
1.184946352e+00 2.50339e-08 2.49651e-08 2.49651e-08 2.49971e-08 2.50033e-08 2.49655e-08 2.49651e-08
1.190871084e+00 2.50311e-08 2.49655e-08 2.49651e-08 2.49981e-08 2.49995e-08 2.49655e-08 2.49651e-08
1.196825439e+00 2.50116e-08 2.49651e-08 2.49651e-08 2.49964e-08 2.49809e-08 2.49655e-08 2.49651e-08
1.202809566e+00 2.50052e-08 2.49651e-08 2.49651e-08 2.49943e-08 2.49762e-08 2.49655e-08 2.49651e-08
1.208823614e+00 2.49757e-08 2.49651e-08 2.49651e-08 2.49710e-08 2.49694e-08 2.49655e-08 2.49651e-08
1.214867732e+00 2.49776e-08 2.49651e-08 2.49651e-08 2.49743e-08 2.49680e-08 2.49655e-08 2.49651e-08
1.220942071e+00 2.49721e-08 2.49651e-08 2.49651e-08 2.49701e-08 2.49667e-08 2.49655e-08 2.49651e-08
1.227046781e+00 2.49688e-08 2.49651e-08 2.49651e-08 2.49666e-08 2.49668e-08 2.49654e-08 2.49651e-08
1.233182015e+00 2.49676e-08 2.49651e-08 2.49651e-08 2.49651e-08 2.49671e-08 2.49654e-08 2.49651e-08
1.239347925e+00 2.49672e-08 2.49658e-08 2.49651e-08 2.49651e-08 2.49661e-08 2.49654e-08 2.49651e-08
1.245544665e+00 2.49662e-08 2.49651e-08 2.49651e-08 2.49651e-08 2.49658e-08 2.49654e-08 2.49651e-08
1.251772388e+00 2.49659e-08 2.49651e-08 2.49651e-08 2.49651e-08 2.49654e-08 2.49654e-08 2.49651e-08
1.258031250e+00 2.49657e-08 2.49651e-08 2.49651e-08 2.49651e-08 2.49653e-08 2.49654e-08 2.49651e-08
1.264321406e+00 2.49659e-08 2.49651e-08 2.49651e-08 2.49651e-08 2.49654e-08 2.49654e-08 2.49651e-08
1.270643013e+00 2.49657e-08 2.49651e-08 2.49651e-08 2.49651e-08 2.49653e-08 2.49654e-08 2.49651e-08
1.276996228e+00 2.49656e-08 2.49651e-08 2.49651e-08 2.49652e-08 2.49651e-08 2.49654e-08 2.49651e-08
1.283381209e+00 2.49655e-08 2.49651e-08 2.49651e-08 2.49652e-08 2.49651e-08 2.49654e-08 2.49651e-08
1.289798116e+00 2.49658e-08 2.49651e-08 2.49651e-08 2.49654e-08 2.49651e-08 2.49654e-08 2.49651e-08
1.296247106e+00 2.49664e-08 2.49651e-08 2.49651e-08 2.49659e-08 2.49653e-08 2.49654e-08 2.49651e-08
1.302728342e+00 2.49700e-08 2.49651e-08 2.49651e-08 2.49680e-08 2.49668e-08 2.49654e-08 2.49651e-08
1.309241983e+00 2.49854e-08 2.49651e-08 2.49651e-08 2.49744e-08 2.49766e-08 2.49654e-08 2.49651e-08
1.315788193e+00 2.50339e-08 2.49651e-08 2.49651e-08 2.49845e-08 2.50228e-08 2.49654e-08 2.49651e-08
1.322367134e+00 2.51165e-08 2.49651e-08 2.49651e-08 2.49982e-08 2.51083e-08 2.49653e-08 2.49651e-08
1.328978970e+00 2.51470e-08 2.49651e-08 2.49651e-08 2.50256e-08 2.51285e-08 2.49653e-08 2.49651e-08
1.335623865e+00 2.51785e-08 2.49651e-08 2.49651e-08 2.50589e-08 2.51435e-08 2.49653e-08 2.49651e-08
1.342301984e+00 2.52118e-08 2.49651e-08 2.49651e-08 2.50189e-08 2.51906e-08 2.49653e-08 2.49651e-08
1.349013494e+00 2.52272e-08 2.49651e-08 2.49651e-08 2.50858e-08 2.51515e-08 2.49653e-08 2.49651e-08
1.355758561e+00 2.55637e-08 2.49651e-08 2.49651e-08 2.53159e-08 2.53289e-08 2.49653e-08 2.49651e-08
1.362537354e+00 2.58835e-08 2.49651e-08 2.49651e-08 2.57079e-08 2.53162e-08 2.49653e-08 2.49651e-08
1.369350041e+00 2.57690e-08 2.49651e-08 2.49651e-08 2.56526e-08 2.52047e-08 2.49653e-08 2.49651e-08
1.376196791e+00 2.57552e-08 2.49651e-08 2.49651e-08 2.56017e-08 2.52609e-08 2.49653e-08 2.49651e-08
1.383077775e+00 2.59822e-08 2.49651e-08 2.49651e-08 2.58139e-08 2.53123e-08 2.49653e-08 2.49651e-08
1.389993164e+00 2.56671e-08 2.49651e-08 2.49651e-08 2.54624e-08 2.53145e-08 2.49653e-08 2.49651e-08
1.396943130e+00 2.56629e-08 2.49651e-08 2.49651e-08 2.54647e-08 2.53180e-08 2.49653e-08 2.49651e-08
1.403927846e+00 2.56143e-08 2.49651e-08 2.49651e-08 2.53749e-08 2.53474e-08 2.49653e-08 2.49651e-08
1.410947485e+00 2.54136e-08 2.49651e-08 2.49651e-08 2.51758e-08 2.52846e-08 2.49653e-08 2.49651e-08
1.418002222e+00 2.52278e-08 2.49651e-08 2.49651e-08 2.51122e-08 2.51283e-08 2.49653e-08 2.49651e-08
1.425092233e+00 2.51627e-08 2.49651e-08 2.49651e-08 2.50798e-08 2.50688e-08 2.49653e-08 2.49651e-08
1.432217694e+00 2.51862e-08 2.49651e-08 2.49651e-08 2.51478e-08 2.50233e-08 2.49653e-08 2.49651e-08
1.439378783e+00 2.51322e-08 2.49651e-08 2.49651e-08 2.51063e-08 2.50037e-08 2.49653e-08 2.49651e-08
1.446575677e+00 2.51833e-08 2.49651e-08 2.49651e-08 2.51602e-08 2.50032e-08 2.49653e-08 2.49651e-08
1.453808555e+00 2.51712e-08 2.49651e-08 2.49651e-08 2.51496e-08 2.49962e-08 2.49653e-08 2.49651e-08
1.461077598e+00 2.50998e-08 2.49651e-08 2.49651e-08 2.50864e-08 2.49855e-08 2.49653e-08 2.49651e-08
1.468382986e+00 2.51548e-08 2.49651e-08 2.49651e-08 2.51438e-08 2.49830e-08 2.49652e-08 2.49651e-08
1.475724901e+00 2.50819e-08 2.49651e-08 2.49651e-08 2.50563e-08 2.50036e-08 2.49652e-08 2.49651e-08
1.483103525e+00 2.50450e-08 2.49651e-08 2.49651e-08 2.50348e-08 2.49794e-08 2.49652e-08 2.49651e-08
1.490519043e+00 2.49968e-08 2.49651e-08 2.49651e-08 2.49937e-08 2.49684e-08 2.49652e-08 2.49651e-08
1.497971638e+00 2.49856e-08 2.49651e-08 2.49651e-08 2.49832e-08 2.49676e-08 2.49652e-08 2.49651e-08
1.505461496e+00 2.49795e-08 2.49651e-08 2.49651e-08 2.49767e-08 2.49679e-08 2.49652e-08 2.49651e-08
1.512988804e+00 2.49689e-08 2.49651e-08 2.49651e-08 2.49665e-08 2.49673e-08 2.49652e-08 2.49651e-08
1.520553748e+00 2.49665e-08 2.49651e-08 2.49651e-08 2.49653e-08 2.49661e-08 2.49652e-08 2.49651e-08
1.528156517e+00 2.49663e-08 2.49651e-08 2.49651e-08 2.49654e-08 2.49658e-08 2.49652e-08 2.49651e-08
1.535797299e+00 2.49661e-08 2.49651e-08 2.49651e-08 2.49655e-08 2.49655e-08 2.49652e-08 2.49651e-08
1.543476286e+00 2.49665e-08 2.49651e-08 2.49651e-08 2.49658e-08 2.49656e-08 2.49652e-08 2.49651e-08
1.551193667e+00 2.49661e-08 2.49651e-08 2.49651e-08 2.49657e-08 2.49653e-08 2.49652e-08 2.49651e-08
1.558949636e+00 2.49660e-08 2.49651e-08 2.49651e-08 2.49654e-08 2.49656e-08 2.49652e-08 2.49651e-08
1.566744384e+00 2.49662e-08 2.49651e-08 2.49651e-08 2.49655e-08 2.49656e-08 2.49652e-08 2.49651e-08
1.574578106e+00 2.49656e-08 2.49651e-08 2.49651e-08 2.49653e-08 2.49652e-08 2.49652e-08 2.49651e-08
1.582450996e+00 2.49657e-08 2.49651e-08 2.49651e-08 2.49654e-08 2.49652e-08 2.49652e-08 2.49651e-08
1.590363251e+00 2.49657e-08 2.49651e-08 2.49651e-08 2.49655e-08 2.49652e-08 2.49652e-08 2.49651e-08
1.598315067e+00 2.49657e-08 2.49651e-08 2.49651e-08 2.49654e-08 2.49653e-08 2.49652e-08 2.49651e-08
1.606306643e+00 2.49656e-08 2.49651e-08 2.49651e-08 2.49651e-08 2.49654e-08 2.49652e-08 2.49651e-08
1.614338176e+00 2.49695e-08 2.49651e-08 2.49651e-08 2.49654e-08 2.49691e-08 2.49652e-08 2.49651e-08
1.622409867e+00 2.50081e-08 2.49651e-08 2.49651e-08 2.49651e-08 2.50080e-08 2.49652e-08 2.49651e-08
1.630521916e+00 2.51230e-08 2.49651e-08 2.49651e-08 2.49651e-08 2.51229e-08 2.49652e-08 2.49651e-08
1.638674526e+00 2.52825e-08 2.49651e-08 2.49651e-08 2.49655e-08 2.52823e-08 2.49652e-08 2.49651e-08
1.646867898e+00 2.54467e-08 2.49651e-08 2.49651e-08 2.49655e-08 2.54466e-08 2.49652e-08 2.49651e-08
1.655102238e+00 2.52966e-08 2.49651e-08 2.49651e-08 2.49653e-08 2.52965e-08 2.49652e-08 2.49651e-08
1.663377749e+00 2.54510e-08 2.49651e-08 2.49651e-08 2.49652e-08 2.54508e-08 2.49652e-08 2.49651e-08
1.671694638e+00 2.51563e-08 2.49651e-08 2.49651e-08 2.49651e-08 2.51562e-08 2.49652e-08 2.49651e-08
1.680053111e+00 2.51992e-08 2.49651e-08 2.49651e-08 2.49651e-08 2.51991e-08 2.49652e-08 2.49651e-08
1.688453377e+00 2.52408e-08 2.49651e-08 2.49651e-08 2.49651e-08 2.52407e-08 2.49652e-08 2.49651e-08
1.696895643e+00 2.53313e-08 2.49651e-08 2.49651e-08 2.49651e-08 2.53312e-08 2.49652e-08 2.49651e-08
1.705380122e+00 2.58966e-08 2.49651e-08 2.49651e-08 2.49651e-08 2.58965e-08 2.49652e-08 2.49651e-08
1.713907022e+00 2.54820e-08 2.49651e-08 2.49651e-08 2.49653e-08 2.54819e-08 2.49652e-08 2.49651e-08
1.722476557e+00 2.56598e-08 2.49651e-08 2.49651e-08 2.49654e-08 2.56597e-08 2.49652e-08 2.49651e-08
1.731088940e+00 2.54349e-08 2.49651e-08 2.49651e-08 2.49666e-08 2.54347e-08 2.49652e-08 2.49651e-08
1.739744385e+00 2.51810e-08 2.49651e-08 2.49651e-08 2.49689e-08 2.51802e-08 2.49652e-08 2.49651e-08
1.748443107e+00 2.51303e-08 2.49651e-08 2.49651e-08 2.49733e-08 2.51279e-08 2.49652e-08 2.49651e-08
1.757185322e+00 2.51290e-08 2.49651e-08 2.49651e-08 2.49696e-08 2.51281e-08 2.49651e-08 2.49651e-08
1.765971249e+00 2.52562e-08 2.49651e-08 2.49651e-08 2.49859e-08 2.52522e-08 2.49651e-08 2.49651e-08
1.774801105e+00 2.55134e-08 2.49651e-08 2.49651e-08 2.49921e-08 2.55108e-08 2.49651e-08 2.49651e-08
1.783675111e+00 2.53382e-08 2.49651e-08 2.49651e-08 2.49894e-08 2.53359e-08 2.49651e-08 2.49651e-08
1.792593486e+00 2.54350e-08 2.49651e-08 2.49651e-08 2.49924e-08 2.54320e-08 2.49651e-08 2.49651e-08
1.801556454e+00 2.51722e-08 2.49651e-08 2.49651e-08 2.50321e-08 2.51561e-08 2.49651e-08 2.49651e-08
1.810564236e+00 2.52137e-08 2.49651e-08 2.49651e-08 2.50816e-08 2.51639e-08 2.49651e-08 2.49651e-08
1.819617057e+00 2.51849e-08 2.49651e-08 2.49651e-08 2.51311e-08 2.50677e-08 2.49651e-08 2.49651e-08
1.828715142e+00 2.53249e-08 2.49651e-08 2.49651e-08 2.53026e-08 2.50119e-08 2.49651e-08 2.49651e-08
1.837858718e+00 2.55271e-08 2.49651e-08 2.49651e-08 2.54962e-08 2.50509e-08 2.49651e-08 2.49651e-08
1.847048012e+00 2.56568e-08 2.49651e-08 2.49651e-08 2.56356e-08 2.50434e-08 2.49651e-08 2.49652e-08
1.856283252e+00 2.56046e-08 2.49651e-08 2.49651e-08 2.55912e-08 2.50203e-08 2.49651e-08 2.49652e-08
1.865564668e+00 2.54345e-08 2.49651e-08 2.49651e-08 2.54285e-08 2.49825e-08 2.49651e-08 2.49652e-08
1.874892491e+00 2.57560e-08 2.49651e-08 2.49651e-08 2.57544e-08 2.49720e-08 2.49651e-08 2.49652e-08
1.884266954e+00 2.54025e-08 2.49651e-08 2.49651e-08 2.54009e-08 2.49686e-08 2.49651e-08 2.49652e-08
1.893688289e+00 2.53720e-08 2.49651e-08 2.49651e-08 2.53703e-08 2.49700e-08 2.49651e-08 2.49653e-08
1.903156730e+00 2.54806e-08 2.49651e-08 2.49651e-08 2.54783e-08 2.49734e-08 2.49651e-08 2.49653e-08
1.912672514e+00 2.53833e-08 2.49651e-08 2.49651e-08 2.53769e-08 2.49879e-08 2.49651e-08 2.49653e-08
1.922235876e+00 2.52377e-08 2.49651e-08 2.49651e-08 2.52243e-08 2.49983e-08 2.49651e-08 2.49653e-08
1.931847056e+00 2.51482e-08 2.49651e-08 2.49651e-08 2.51410e-08 2.49824e-08 2.49651e-08 2.49654e-08
1.941506291e+00 2.50996e-08 2.49651e-08 2.49651e-08 2.50933e-08 2.49836e-08 2.49651e-08 2.49654e-08
1.951213822e+00 2.50162e-08 2.49651e-08 2.49651e-08 2.50070e-08 2.49780e-08 2.49651e-08 2.49655e-08
1.960969892e+00 2.50328e-08 2.49651e-08 2.49651e-08 2.50294e-08 2.49724e-08 2.49651e-08 2.49655e-08
1.970774741e+00 2.49883e-08 2.49651e-08 2.49651e-08 2.49827e-08 2.49721e-08 2.49651e-08 2.49656e-08
1.980628615e+00 2.49842e-08 2.49651e-08 2.49651e-08 2.49799e-08 2.49697e-08 2.49651e-08 2.49656e-08
1.990531758e+00 2.49761e-08 2.49651e-08 2.49651e-08 2.49732e-08 2.49676e-08 2.49651e-08 2.49657e-08
2.000484417e+00 2.49694e-08 2.49651e-08 2.49651e-08 2.49676e-08 2.49660e-08 2.49651e-08 2.49658e-08
2.010486839e+00 2.49673e-08 2.49651e-08 2.49651e-08 2.49660e-08 2.49654e-08 2.49651e-08 2.49659e-08
2.020539273e+00 2.49682e-08 2.49651e-08 2.49651e-08 2.49669e-08 2.49652e-08 2.49651e-08 2.49661e-08
2.030641969e+00 2.49695e-08 2.49653e-08 2.49651e-08 2.49681e-08 2.49651e-08 2.49651e-08 2.49662e-08
2.040795179e+00 2.49669e-08 2.49651e-08 2.49651e-08 2.49655e-08 2.49651e-08 2.49651e-08 2.49663e-08
2.050999155e+00 2.49670e-08 2.49651e-08 2.49651e-08 2.49654e-08 2.49651e-08 2.49651e-08 2.49665e-08
2.061254151e+00 2.49720e-08 2.49651e-08 2.49651e-08 2.49703e-08 2.49651e-08 2.49651e-08 2.49668e-08
2.071560421e+00 2.49690e-08 2.49651e-08 2.49651e-08 2.49670e-08 2.49651e-08 2.49651e-08 2.49671e-08
2.081918224e+00 2.49728e-08 2.49651e-08 2.49651e-08 2.49703e-08 2.49651e-08 2.49651e-08 2.49675e-08
2.092327815e+00 2.49720e-08 2.49651e-08 2.49651e-08 2.49692e-08 2.49651e-08 2.49651e-08 2.49678e-08
2.102789454e+00 2.49722e-08 2.49651e-08 2.49651e-08 2.49690e-08 2.49651e-08 2.49651e-08 2.49681e-08
2.113303401e+00 2.49744e-08 2.49651e-08 2.49651e-08 2.49711e-08 2.49651e-08 2.49651e-08 2.49682e-08
2.123869918e+00 2.49848e-08 2.49729e-08 2.49651e-08 2.49772e-08 2.49655e-08 2.49651e-08 2.49681e-08
2.134489268e+00 2.49707e-08 2.49651e-08 2.49651e-08 2.49658e-08 2.49673e-08 2.49651e-08 2.49677e-08
2.145161714e+00 2.50066e-08 2.49651e-08 2.49651e-08 2.49653e-08 2.50042e-08 2.49651e-08 2.49674e-08
2.155887523e+00 2.51191e-08 2.49651e-08 2.49651e-08 2.49699e-08 2.51163e-08 2.49651e-08 2.49672e-08
2.166666960e+00 2.52800e-08 2.49651e-08 2.49651e-08 2.49736e-08 2.52776e-08 2.49651e-08 2.49671e-08
2.177500295e+00 2.53132e-08 2.49651e-08 2.49651e-08 2.49704e-08 2.53111e-08 2.49651e-08 2.49671e-08
2.188387796e+00 2.51166e-08 2.49651e-08 2.49651e-08 2.49682e-08 2.51143e-08 2.49651e-08 2.49672e-08
2.199329735e+00 2.61032e-08 2.49651e-08 2.49651e-08 2.49673e-08 2.61011e-08 2.49651e-08 2.49674e-08
2.210326384e+00 2.51992e-08 2.49651e-08 2.49651e-08 2.49652e-08 2.51967e-08 2.49651e-08 2.49676e-08
2.221378016e+00 2.53665e-08 2.49741e-08 2.49651e-08 2.49652e-08 2.53639e-08 2.49651e-08 2.49676e-08
2.232484906e+00 2.55357e-08 2.49651e-08 2.49651e-08 2.49651e-08 2.55333e-08 2.49651e-08 2.49676e-08
2.243647331e+00 2.55755e-08 2.49651e-08 2.49651e-08 2.49651e-08 2.55731e-08 2.49651e-08 2.49676e-08
2.254865567e+00 2.56240e-08 2.49651e-08 2.49651e-08 2.49651e-08 2.56217e-08 2.49651e-08 2.49676e-08
2.266139895e+00 2.58706e-08 2.49651e-08 2.49651e-08 2.49651e-08 2.58682e-08 2.49651e-08 2.49676e-08
2.277470595e+00 2.59901e-08 2.49651e-08 2.49651e-08 2.49651e-08 2.59876e-08 2.49651e-08 2.49678e-08
2.288857948e+00 2.63846e-08 2.49651e-08 2.49651e-08 2.49651e-08 2.63820e-08 2.49651e-08 2.49679e-08
2.300302237e+00 2.72302e-08 2.49651e-08 2.49651e-08 2.49651e-08 2.72277e-08 2.49651e-08 2.49681e-08
2.311803748e+00 2.61947e-08 2.49651e-08 2.49651e-08 2.49651e-08 2.61917e-08 2.49651e-08 2.49684e-08
2.323362767e+00 2.62873e-08 2.49651e-08 2.49651e-08 2.49651e-08 2.62842e-08 2.49651e-08 2.49686e-08
2.334979581e+00 2.64835e-08 2.49651e-08 2.49651e-08 2.49653e-08 2.64801e-08 2.49651e-08 2.49689e-08
2.346654479e+00 2.66554e-08 2.49651e-08 2.49651e-08 2.49657e-08 2.66519e-08 2.49651e-08 2.49692e-08
2.358387751e+00 2.62623e-08 2.49651e-08 2.49651e-08 2.49663e-08 2.62584e-08 2.49651e-08 2.49695e-08
2.370179690e+00 2.68972e-08 2.49651e-08 2.49651e-08 2.49685e-08 2.68932e-08 2.49651e-08 2.49697e-08
2.382030589e+00 2.59679e-08 2.49651e-08 2.49651e-08 2.49700e-08 2.59633e-08 2.49651e-08 2.49699e-08
2.393940742e+00 2.56802e-08 2.49651e-08 2.49651e-08 2.49727e-08 2.56753e-08 2.49651e-08 2.49700e-08
2.405910445e+00 2.54480e-08 2.49744e-08 2.49651e-08 2.49767e-08 2.54421e-08 2.49651e-08 2.49697e-08
2.417939997e+00 2.54359e-08 2.49651e-08 2.49651e-08 2.49823e-08 2.54305e-08 2.49651e-08 2.49692e-08
2.430029697e+00 2.54572e-08 2.49651e-08 2.49651e-08 2.49893e-08 2.54516e-08 2.49651e-08 2.49686e-08
2.442179846e+00 2.52982e-08 2.49651e-08 2.49651e-08 2.49994e-08 2.52894e-08 2.49651e-08 2.49679e-08
2.454390745e+00 2.51636e-08 2.49651e-08 2.49651e-08 2.49970e-08 2.51513e-08 2.49651e-08 2.49674e-08
2.466662699e+00 2.51033e-08 2.49651e-08 2.49651e-08 2.49907e-08 2.50954e-08 2.49651e-08 2.49669e-08
2.478996012e+00 2.50963e-08 2.49651e-08 2.49651e-08 2.50491e-08 2.50441e-08 2.49651e-08 2.49665e-08
2.491390992e+00 2.51189e-08 2.49651e-08 2.49651e-08 2.50818e-08 2.50399e-08 2.49651e-08 2.49662e-08
2.503847947e+00 2.50859e-08 2.49651e-08 2.49651e-08 2.50323e-08 2.50532e-08 2.49651e-08 2.49660e-08
2.516367187e+00 2.51229e-08 2.49651e-08 2.49651e-08 2.50550e-08 2.50849e-08 2.49651e-08 2.49658e-08
2.528949023e+00 2.51959e-08 2.49651e-08 2.49651e-08 2.51440e-08 2.50982e-08 2.49651e-08 2.49657e-08
2.541593768e+00 2.52446e-08 2.49651e-08 2.49651e-08 2.52066e-08 2.50650e-08 2.49651e-08 2.49656e-08
2.554301737e+00 2.53179e-08 2.49651e-08 2.49651e-08 2.52139e-08 2.51838e-08 2.49651e-08 2.49655e-08
2.567073246e+00 2.57340e-08 2.49651e-08 2.49651e-08 2.55197e-08 2.55046e-08 2.49651e-08 2.49654e-08
2.579908612e+00 2.57417e-08 2.49651e-08 2.49651e-08 2.56689e-08 2.53385e-08 2.49651e-08 2.49654e-08
2.592808155e+00 2.65627e-08 2.49651e-08 2.49651e-08 2.65286e-08 2.53908e-08 2.49651e-08 2.49654e-08
2.605772196e+00 2.63415e-08 2.49651e-08 2.49651e-08 2.63292e-08 2.52084e-08 2.49651e-08 2.49654e-08
2.618801057e+00 2.63750e-08 2.49651e-08 2.49651e-08 2.63708e-08 2.50728e-08 2.49651e-08 2.49654e-08
2.631895062e+00 2.65727e-08 2.49655e-08 2.49651e-08 2.65716e-08 2.49976e-08 2.49651e-08 2.49654e-08
2.645054537e+00 2.56742e-08 2.49651e-08 2.49651e-08 2.56735e-08 2.49723e-08 2.49651e-08 2.49654e-08
2.658279810e+00 2.62453e-08 2.49651e-08 2.49651e-08 2.62450e-08 2.49692e-08 2.49651e-08 2.49654e-08
2.671571209e+00 2.69364e-08 2.49651e-08 2.49651e-08 2.69361e-08 2.49690e-08 2.49651e-08 2.49653e-08
2.684929065e+00 2.60439e-08 2.49651e-08 2.49651e-08 2.60436e-08 2.49673e-08 2.49651e-08 2.49653e-08
2.698353710e+00 2.60447e-08 2.49651e-08 2.49651e-08 2.60445e-08 2.49660e-08 2.49651e-08 2.49653e-08
2.711845479e+00 2.62131e-08 2.49651e-08 2.49651e-08 2.62129e-08 2.49660e-08 2.49651e-08 2.49652e-08
2.725404706e+00 2.58652e-08 2.49651e-08 2.49651e-08 2.58650e-08 2.49658e-08 2.49651e-08 2.49652e-08
2.739031730e+00 2.59995e-08 2.49651e-08 2.49651e-08 2.59994e-08 2.49655e-08 2.49651e-08 2.49652e-08
2.752726889e+00 2.57315e-08 2.49651e-08 2.49651e-08 2.57313e-08 2.49655e-08 2.49651e-08 2.49652e-08
2.766490523e+00 2.57773e-08 2.49651e-08 2.49651e-08 2.57771e-08 2.49656e-08 2.49651e-08 2.49652e-08
2.780322976e+00 2.55284e-08 2.49651e-08 2.49651e-08 2.55283e-08 2.49652e-08 2.49651e-08 2.49651e-08
2.794224591e+00 2.53929e-08 2.49651e-08 2.49651e-08 2.53927e-08 2.49653e-08 2.49651e-08 2.49651e-08
2.808195713e+00 2.53124e-08 2.49651e-08 2.49651e-08 2.53122e-08 2.49661e-08 2.49651e-08 2.49651e-08
2.822236692e+00 2.52454e-08 2.49652e-08 2.49651e-08 2.52451e-08 2.49677e-08 2.49651e-08 2.49651e-08
2.836347875e+00 2.51980e-08 2.49651e-08 2.49651e-08 2.51978e-08 2.49675e-08 2.49651e-08 2.49651e-08
2.850529615e+00 2.51920e-08 2.49651e-08 2.49651e-08 2.51918e-08 2.49672e-08 2.49651e-08 2.49651e-08
2.864782263e+00 2.50452e-08 2.49651e-08 2.49651e-08 2.50444e-08 2.49673e-08 2.49651e-08 2.49651e-08
2.879106174e+00 2.50796e-08 2.49651e-08 2.49651e-08 2.50795e-08 2.49660e-08 2.49651e-08 2.49651e-08
2.893501705e+00 2.50185e-08 2.49651e-08 2.49651e-08 2.50176e-08 2.49669e-08 2.49651e-08 2.49651e-08
2.907969214e+00 2.50384e-08 2.49651e-08 2.49651e-08 2.50381e-08 2.49657e-08 2.49651e-08 2.49651e-08
2.922509060e+00 2.50224e-08 2.49651e-08 2.49651e-08 2.50222e-08 2.49653e-08 2.49651e-08 2.49651e-08
2.937121605e+00 2.50207e-08 2.49651e-08 2.49651e-08 2.50205e-08 2.49653e-08 2.49651e-08 2.49651e-08
2.951807213e+00 2.50453e-08 2.49651e-08 2.49651e-08 2.50450e-08 2.49656e-08 2.49651e-08 2.49651e-08
2.966566249e+00 2.50203e-08 2.49651e-08 2.49651e-08 2.50197e-08 2.49662e-08 2.49651e-08 2.49651e-08
2.981399080e+00 2.50196e-08 2.49651e-08 2.49651e-08 2.50192e-08 2.49659e-08 2.49651e-08 2.49651e-08
2.996306076e+00 2.49944e-08 2.49651e-08 2.49651e-08 2.49933e-08 2.49664e-08 2.49651e-08 2.49651e-08
3.011287606e+00 2.50409e-08 2.49651e-08 2.49651e-08 2.50407e-08 2.49655e-08 2.49651e-08 2.49651e-08
3.026344044e+00 2.50309e-08 2.49651e-08 2.49651e-08 2.50308e-08 2.49653e-08 2.49651e-08 2.49651e-08
3.041475764e+00 2.51092e-08 2.49651e-08 2.49651e-08 2.51092e-08 2.49651e-08 2.49651e-08 2.49651e-08
3.056683143e+00 2.50782e-08 2.49651e-08 2.49651e-08 2.50782e-08 2.49651e-08 2.49651e-08 2.49651e-08
3.071966559e+00 2.50613e-08 2.49651e-08 2.49651e-08 2.50612e-08 2.49652e-08 2.49651e-08 2.49651e-08
3.087326392e+00 2.51338e-08 2.49651e-08 2.49651e-08 2.51337e-08 2.49655e-08 2.49651e-08 2.49651e-08
3.102763024e+00 2.51189e-08 2.49651e-08 2.49651e-08 2.51184e-08 2.49672e-08 2.49651e-08 2.49651e-08
3.118276839e+00 2.50939e-08 2.49651e-08 2.49651e-08 2.50906e-08 2.49743e-08 2.49651e-08 2.49651e-08
3.133868223e+00 2.50868e-08 2.49651e-08 2.49651e-08 2.50735e-08 2.49974e-08 2.49651e-08 2.49651e-08
3.149537564e+00 2.50770e-08 2.49651e-08 2.49651e-08 2.50432e-08 2.50278e-08 2.49651e-08 2.49651e-08
3.165285252e+00 2.51236e-08 2.49651e-08 2.49651e-08 2.49920e-08 2.51187e-08 2.49651e-08 2.49651e-08
3.181111678e+00 2.54275e-08 2.49651e-08 2.49651e-08 2.50101e-08 2.54226e-08 2.49651e-08 2.49651e-08
3.197017237e+00 2.56964e-08 2.49651e-08 2.49651e-08 2.50950e-08 2.56875e-08 2.49651e-08 2.49651e-08
3.213002323e+00 2.60032e-08 2.49651e-08 2.49651e-08 2.51350e-08 2.59958e-08 2.49651e-08 2.49651e-08
3.229067334e+00 2.61760e-08 2.49651e-08 2.49651e-08 2.51662e-08 2.61685e-08 2.49651e-08 2.49651e-08
3.245212671e+00 2.66526e-08 2.49651e-08 2.49651e-08 2.51048e-08 2.66508e-08 2.49651e-08 2.49651e-08
3.261438734e+00 2.66476e-08 2.49651e-08 2.49651e-08 2.50883e-08 2.66457e-08 2.49651e-08 2.49651e-08
3.277745928e+00 2.61920e-08 2.49651e-08 2.49651e-08 2.50509e-08 2.61912e-08 2.49651e-08 2.49651e-08
3.294134658e+00 2.57099e-08 2.49651e-08 2.49651e-08 2.50561e-08 2.57080e-08 2.49651e-08 2.49651e-08
3.310605331e+00 3.04020e-08 2.49651e-08 2.49651e-08 2.50091e-08 3.04019e-08 2.49651e-08 2.49651e-08
3.327158358e+00 2.75430e-08 2.49651e-08 2.49651e-08 2.50080e-08 2.75429e-08 2.49651e-08 2.49651e-08
3.343794149e+00 2.60782e-08 2.49651e-08 2.49651e-08 2.49836e-08 2.60781e-08 2.49651e-08 2.49651e-08
3.360513120e+00 2.65058e-08 2.49651e-08 2.49651e-08 2.49792e-08 2.65058e-08 2.49651e-08 2.49651e-08
3.377315686e+00 2.63492e-08 2.49651e-08 2.49651e-08 2.49674e-08 2.63491e-08 2.49651e-08 2.49651e-08
3.394202264e+00 2.63167e-08 2.49651e-08 2.49651e-08 2.49660e-08 2.63167e-08 2.49651e-08 2.49651e-08
3.411173276e+00 2.64826e-08 2.49651e-08 2.49651e-08 2.49689e-08 2.64826e-08 2.49651e-08 2.49651e-08
3.428229142e+00 2.61136e-08 2.49651e-08 2.49651e-08 2.49654e-08 2.61136e-08 2.49651e-08 2.49651e-08
3.445370288e+00 2.57646e-08 2.49651e-08 2.49651e-08 2.49673e-08 2.57646e-08 2.49651e-08 2.49651e-08
3.462597139e+00 2.56249e-08 2.49651e-08 2.49651e-08 2.49667e-08 2.56249e-08 2.49651e-08 2.49651e-08
3.479910125e+00 2.58894e-08 2.49651e-08 2.49651e-08 2.49682e-08 2.58894e-08 2.49651e-08 2.49651e-08
3.497309675e+00 2.59221e-08 2.49651e-08 2.49651e-08 2.49684e-08 2.59221e-08 2.49651e-08 2.49651e-08
3.514796224e+00 2.54577e-08 2.49651e-08 2.49651e-08 2.49719e-08 2.54572e-08 2.49651e-08 2.49651e-08
3.532370205e+00 2.58032e-08 2.49651e-08 2.49651e-08 2.49719e-08 2.58030e-08 2.49651e-08 2.49651e-08
3.550032056e+00 2.57652e-08 2.49651e-08 2.49651e-08 2.49808e-08 2.57646e-08 2.49651e-08 2.49651e-08
3.567782216e+00 2.58563e-08 2.49651e-08 2.49651e-08 2.49864e-08 2.58558e-08 2.49651e-08 2.49651e-08
3.585621127e+00 2.57397e-08 2.49651e-08 2.49651e-08 2.49913e-08 2.57390e-08 2.49651e-08 2.49651e-08
3.603549233e+00 2.54389e-08 2.49651e-08 2.49651e-08 2.49896e-08 2.54383e-08 2.49651e-08 2.49651e-08
3.621566979e+00 2.54562e-08 2.49651e-08 2.49651e-08 2.49930e-08 2.54553e-08 2.49651e-08 2.49651e-08
3.639674814e+00 2.53704e-08 2.49651e-08 2.49651e-08 2.49746e-08 2.53700e-08 2.49651e-08 2.49651e-08
3.657873188e+00 2.52181e-08 2.49651e-08 2.49651e-08 2.49840e-08 2.52164e-08 2.49651e-08 2.49651e-08
3.676162554e+00 2.51696e-08 2.49651e-08 2.49651e-08 2.50131e-08 2.51590e-08 2.49651e-08 2.49651e-08
3.694543367e+00 2.52486e-08 2.49651e-08 2.49651e-08 2.49731e-08 2.52479e-08 2.49651e-08 2.49651e-08
3.713016084e+00 2.52961e-08 2.49651e-08 2.49651e-08 2.49849e-08 2.52954e-08 2.49651e-08 2.49651e-08
3.731581164e+00 2.53326e-08 2.49651e-08 2.49651e-08 2.49893e-08 2.53316e-08 2.49651e-08 2.49651e-08
3.750239070e+00 2.52349e-08 2.49651e-08 2.49651e-08 2.49812e-08 2.52342e-08 2.49651e-08 2.49651e-08
3.768990265e+00 2.52481e-08 2.49651e-08 2.49651e-08 2.49793e-08 2.52475e-08 2.49651e-08 2.49651e-08
3.787835216e+00 2.53081e-08 2.49651e-08 2.49651e-08 2.49739e-08 2.53076e-08 2.49651e-08 2.49651e-08
3.806774393e+00 2.52610e-08 2.49651e-08 2.49651e-08 2.49694e-08 2.52608e-08 2.49651e-08 2.49651e-08
3.825808265e+00 2.51537e-08 2.49651e-08 2.49651e-08 2.49665e-08 2.51536e-08 2.49651e-08 2.49651e-08
3.844937306e+00 2.55503e-08 2.49651e-08 2.49651e-08 2.49659e-08 2.55503e-08 2.49651e-08 2.49651e-08
3.864161992e+00 2.52010e-08 2.49651e-08 2.49651e-08 2.49653e-08 2.52009e-08 2.49651e-08 2.49651e-08
3.883482802e+00 2.51733e-08 2.49651e-08 2.49651e-08 2.49651e-08 2.51732e-08 2.49651e-08 2.49651e-08
3.902900216e+00 2.52568e-08 2.49651e-08 2.49651e-08 2.49651e-08 2.52568e-08 2.49651e-08 2.49651e-08
3.922414717e+00 2.51939e-08 2.49651e-08 2.49651e-08 2.49651e-08 2.51939e-08 2.49651e-08 2.49651e-08
3.942026791e+00 2.51276e-08 2.49651e-08 2.49651e-08 2.49651e-08 2.51276e-08 2.49651e-08 2.49651e-08
3.961736925e+00 2.50605e-08 2.49651e-08 2.49651e-08 2.49651e-08 2.50605e-08 2.49651e-08 2.49651e-08
3.981545610e+00 2.51035e-08 2.49651e-08 2.49651e-08 2.49651e-08 2.51035e-08 2.49651e-08 2.49651e-08
4.001453338e+00 2.50944e-08 2.49651e-08 2.49651e-08 2.49651e-08 2.50944e-08 2.49651e-08 2.49651e-08
4.021460604e+00 2.49868e-08 2.49651e-08 2.49651e-08 2.49651e-08 2.49868e-08 2.49651e-08 2.49651e-08
4.041567907e+00 2.50716e-08 2.49651e-08 2.49651e-08 2.49651e-08 2.50716e-08 2.49651e-08 2.49651e-08
4.061775747e+00 2.49887e-08 2.49651e-08 2.49651e-08 2.49651e-08 2.49887e-08 2.49651e-08 2.49651e-08
4.082084626e+00 2.49956e-08 2.49651e-08 2.49651e-08 2.49651e-08 2.49956e-08 2.49651e-08 2.49651e-08
4.102495049e+00 2.49814e-08 2.49651e-08 2.49651e-08 2.49651e-08 2.49813e-08 2.49651e-08 2.49651e-08
4.123007524e+00 2.49859e-08 2.49651e-08 2.49651e-08 2.49651e-08 2.49859e-08 2.49651e-08 2.49651e-08
4.143622562e+00 2.49759e-08 2.49651e-08 2.49651e-08 2.49651e-08 2.49759e-08 2.49651e-08 2.49651e-08
4.164340674e+00 2.49682e-08 2.49651e-08 2.49651e-08 2.49651e-08 2.49682e-08 2.49651e-08 2.49651e-08
4.185162378e+00 2.49717e-08 2.49651e-08 2.49651e-08 2.49651e-08 2.49717e-08 2.49651e-08 2.49651e-08
4.206088190e+00 2.49692e-08 2.49651e-08 2.49651e-08 2.49651e-08 2.49692e-08 2.49651e-08 2.49651e-08
4.227118631e+00 2.49736e-08 2.49651e-08 2.49651e-08 2.49651e-08 2.49736e-08 2.49651e-08 2.49651e-08
4.248254224e+00 2.49731e-08 2.49651e-08 2.49651e-08 2.49651e-08 2.49731e-08 2.49651e-08 2.49651e-08
4.269495495e+00 2.49706e-08 2.49651e-08 2.49651e-08 2.49651e-08 2.49706e-08 2.49651e-08 2.49651e-08
4.290842972e+00 2.49673e-08 2.49651e-08 2.49651e-08 2.49651e-08 2.49673e-08 2.49651e-08 2.49651e-08
4.312297187e+00 2.49747e-08 2.49651e-08 2.49651e-08 2.49651e-08 2.49747e-08 2.49651e-08 2.49651e-08
4.333858673e+00 2.49678e-08 2.49651e-08 2.49651e-08 2.49651e-08 2.49678e-08 2.49651e-08 2.49651e-08
4.355527967e+00 2.49674e-08 2.49651e-08 2.49651e-08 2.49651e-08 2.49674e-08 2.49651e-08 2.49651e-08
4.377305606e+00 2.49699e-08 2.49651e-08 2.49651e-08 2.49651e-08 2.49699e-08 2.49651e-08 2.49651e-08
4.399192134e+00 2.49732e-08 2.49651e-08 2.49651e-08 2.49651e-08 2.49732e-08 2.49651e-08 2.49651e-08
4.421188095e+00 2.49825e-08 2.49651e-08 2.49651e-08 2.49651e-08 2.49825e-08 2.49651e-08 2.49651e-08
4.443294036e+00 2.49874e-08 2.49651e-08 2.49651e-08 2.49651e-08 2.49874e-08 2.49651e-08 2.49651e-08
4.465510506e+00 2.49896e-08 2.49651e-08 2.49651e-08 2.49651e-08 2.49896e-08 2.49651e-08 2.49651e-08
4.487838058e+00 2.49826e-08 2.49651e-08 2.49651e-08 2.49652e-08 2.49825e-08 2.49651e-08 2.49651e-08
4.510277249e+00 2.49745e-08 2.49651e-08 2.49651e-08 2.49651e-08 2.49745e-08 2.49651e-08 2.49651e-08
4.532828635e+00 2.49868e-08 2.49651e-08 2.49651e-08 2.49651e-08 2.49868e-08 2.49651e-08 2.49651e-08
4.555492778e+00 2.49876e-08 2.49651e-08 2.49651e-08 2.49651e-08 2.49876e-08 2.49651e-08 2.49651e-08
4.578270242e+00 2.49716e-08 2.49651e-08 2.49651e-08 2.49653e-08 2.49714e-08 2.49651e-08 2.49651e-08
4.601161593e+00 2.49749e-08 2.49651e-08 2.49651e-08 2.49659e-08 2.49745e-08 2.49651e-08 2.49651e-08
4.624167401e+00 2.49818e-08 2.49651e-08 2.49651e-08 2.49651e-08 2.49818e-08 2.49651e-08 2.49651e-08
4.647288238e+00 2.49713e-08 2.49651e-08 2.49651e-08 2.49651e-08 2.49712e-08 2.49651e-08 2.49651e-08
4.670524679e+00 2.49707e-08 2.49651e-08 2.49651e-08 2.49657e-08 2.49701e-08 2.49651e-08 2.49651e-08
4.693877303e+00 2.49681e-08 2.49651e-08 2.49651e-08 2.49652e-08 2.49679e-08 2.49651e-08 2.49651e-08
4.717346689e+00 2.49680e-08 2.49651e-08 2.49651e-08 2.49669e-08 2.49662e-08 2.49651e-08 2.49651e-08
4.740933423e+00 2.49722e-08 2.49651e-08 2.49651e-08 2.49719e-08 2.49654e-08 2.49651e-08 2.49651e-08
4.764638090e+00 2.49669e-08 2.49651e-08 2.49651e-08 2.49667e-08 2.49652e-08 2.49651e-08 2.49651e-08
4.788461280e+00 2.49665e-08 2.49651e-08 2.49651e-08 2.49664e-08 2.49651e-08 2.49651e-08 2.49651e-08
4.812403587e+00 2.49672e-08 2.49651e-08 2.49651e-08 2.49672e-08 2.49651e-08 2.49651e-08 2.49651e-08
4.836465604e+00 2.49721e-08 2.49651e-08 2.49651e-08 2.49721e-08 2.49651e-08 2.49651e-08 2.49651e-08
4.860647933e+00 2.49660e-08 2.49651e-08 2.49651e-08 2.49660e-08 2.49651e-08 2.49651e-08 2.49651e-08
4.884951172e+00 2.49798e-08 2.49651e-08 2.49651e-08 2.49798e-08 2.49651e-08 2.49651e-08 2.49651e-08
4.909375928e+00 2.49664e-08 2.49651e-08 2.49651e-08 2.49663e-08 2.49651e-08 2.49651e-08 2.49651e-08
4.933922808e+00 2.49819e-08 2.49651e-08 2.49651e-08 2.49819e-08 2.49651e-08 2.49651e-08 2.49651e-08
4.958592422e+00 2.49857e-08 2.49651e-08 2.49651e-08 2.49857e-08 2.49651e-08 2.49651e-08 2.49651e-08
4.983385384e+00 2.49708e-08 2.49651e-08 2.49651e-08 2.49707e-08 2.49651e-08 2.49651e-08 2.49651e-08
5.008302311e+00 2.49991e-08 2.49651e-08 2.49651e-08 2.49991e-08 2.49651e-08 2.49651e-08 2.49651e-08
5.033343822e+00 2.49873e-08 2.49651e-08 2.49651e-08 2.49873e-08 2.49651e-08 2.49651e-08 2.49651e-08
5.058510541e+00 2.49858e-08 2.49651e-08 2.49651e-08 2.49857e-08 2.49651e-08 2.49651e-08 2.49651e-08
5.083803094e+00 2.49967e-08 2.49651e-08 2.49651e-08 2.49967e-08 2.49651e-08 2.49651e-08 2.49651e-08
5.109222110e+00 2.50098e-08 2.49651e-08 2.49651e-08 2.50097e-08 2.49651e-08 2.49651e-08 2.49651e-08
5.134768220e+00 2.50575e-08 2.49651e-08 2.49651e-08 2.50574e-08 2.49651e-08 2.49651e-08 2.49651e-08
5.160442061e+00 2.50120e-08 2.49651e-08 2.49651e-08 2.50120e-08 2.49651e-08 2.49651e-08 2.49651e-08
5.186244272e+00 2.49708e-08 2.49651e-08 2.49651e-08 2.49708e-08 2.49651e-08 2.49651e-08 2.49651e-08
5.212175493e+00 2.51349e-08 2.49651e-08 2.49651e-08 2.51349e-08 2.49651e-08 2.49651e-08 2.49651e-08
5.238236370e+00 2.50467e-08 2.49651e-08 2.49651e-08 2.50467e-08 2.49651e-08 2.49651e-08 2.49651e-08
5.264427552e+00 2.50148e-08 2.49651e-08 2.49651e-08 2.50148e-08 2.49651e-08 2.49651e-08 2.49651e-08
5.290749690e+00 2.50365e-08 2.49651e-08 2.49651e-08 2.50365e-08 2.49651e-08 2.49651e-08 2.49651e-08
5.317203438e+00 2.49978e-08 2.49651e-08 2.49651e-08 2.49977e-08 2.49651e-08 2.49651e-08 2.49651e-08
5.343789456e+00 2.53434e-08 2.49651e-08 2.49651e-08 2.53433e-08 2.49651e-08 2.49651e-08 2.49651e-08
5.370508403e+00 2.50267e-08 2.49651e-08 2.49651e-08 2.50266e-08 2.49651e-08 2.49651e-08 2.49651e-08
5.397360945e+00 2.49936e-08 2.49651e-08 2.49651e-08 2.49936e-08 2.49651e-08 2.49651e-08 2.49651e-08
5.424347750e+00 2.54637e-08 2.49651e-08 2.49651e-08 2.54636e-08 2.49651e-08 2.49651e-08 2.49651e-08
5.451469488e+00 2.52688e-08 2.49651e-08 2.49651e-08 2.52688e-08 2.49651e-08 2.49651e-08 2.49651e-08
5.478726836e+00 2.52400e-08 2.49651e-08 2.49651e-08 2.52400e-08 2.49651e-08 2.49651e-08 2.49651e-08
5.506120470e+00 2.49907e-08 2.49651e-08 2.49651e-08 2.49906e-08 2.49651e-08 2.49651e-08 2.49651e-08
5.533651072e+00 2.51232e-08 2.49651e-08 2.49651e-08 2.51231e-08 2.49651e-08 2.49651e-08 2.49651e-08
5.561319328e+00 2.52538e-08 2.49651e-08 2.49651e-08 2.52537e-08 2.49651e-08 2.49651e-08 2.49651e-08
5.589125924e+00 2.52936e-08 2.49651e-08 2.49651e-08 2.52935e-08 2.49651e-08 2.49651e-08 2.49651e-08
5.617071554e+00 2.52072e-08 2.49651e-08 2.49651e-08 2.52071e-08 2.49651e-08 2.49651e-08 2.49651e-08
5.645156912e+00 2.59423e-08 2.49651e-08 2.49651e-08 2.59423e-08 2.49651e-08 2.49651e-08 2.49652e-08
5.673382696e+00 2.52620e-08 2.49651e-08 2.49651e-08 2.52619e-08 2.49651e-08 2.49651e-08 2.49652e-08
5.701749610e+00 2.52587e-08 2.49651e-08 2.49651e-08 2.52586e-08 2.49651e-08 2.49651e-08 2.49652e-08
5.730258358e+00 2.53699e-08 2.49651e-08 2.49651e-08 2.53697e-08 2.49651e-08 2.49651e-08 2.49652e-08
5.758909650e+00 2.61575e-08 2.49651e-08 2.49651e-08 2.61574e-08 2.49651e-08 2.49651e-08 2.49652e-08
5.787704198e+00 2.52144e-08 2.49651e-08 2.49651e-08 2.52143e-08 2.49651e-08 2.49651e-08 2.49652e-08
5.816642719e+00 2.61118e-08 2.49651e-08 2.49651e-08 2.61117e-08 2.49651e-08 2.49651e-08 2.49652e-08
5.845725932e+00 2.54155e-08 2.49651e-08 2.49651e-08 2.54153e-08 2.49653e-08 2.49651e-08 2.49652e-08
5.874954562e+00 2.72859e-08 2.49651e-08 2.49651e-08 2.72858e-08 2.49653e-08 2.49651e-08 2.49653e-08
5.904329335e+00 2.59715e-08 2.49651e-08 2.49651e-08 2.59712e-08 2.49666e-08 2.49651e-08 2.49653e-08
5.933850982e+00 2.67752e-08 2.49651e-08 2.49651e-08 2.67750e-08 2.49657e-08 2.49651e-08 2.49653e-08
5.963520237e+00 2.56341e-08 2.49651e-08 2.49651e-08 2.56333e-08 2.49725e-08 2.49651e-08 2.49653e-08
5.993337838e+00 2.62307e-08 2.49651e-08 2.49651e-08 2.62303e-08 2.49759e-08 2.49651e-08 2.49653e-08
6.023304527e+00 2.54299e-08 2.49651e-08 2.49651e-08 2.54288e-08 2.49785e-08 2.49651e-08 2.49653e-08
6.053421050e+00 2.73631e-08 2.49651e-08 2.49651e-08 2.73625e-08 2.50064e-08 2.49651e-08 2.49653e-08
6.083688155e+00 2.60037e-08 2.49651e-08 2.49651e-08 2.60015e-08 2.50347e-08 2.49651e-08 2.49653e-08
6.114106596e+00 2.69235e-08 2.49651e-08 2.49651e-08 2.69222e-08 2.50572e-08 2.49651e-08 2.49653e-08
6.144677129e+00 2.60720e-08 2.49651e-08 2.49651e-08 2.60703e-08 2.50474e-08 2.49651e-08 2.49653e-08
6.175400514e+00 2.59749e-08 2.49651e-08 2.49651e-08 2.59679e-08 2.50695e-08 2.49651e-08 2.49653e-08
6.206277517e+00 2.55739e-08 2.49651e-08 2.49651e-08 2.55578e-08 2.51327e-08 2.49651e-08 2.49653e-08
6.237308904e+00 2.53774e-08 2.49651e-08 2.49651e-08 2.53711e-08 2.50587e-08 2.49651e-08 2.49653e-08
6.268495449e+00 2.52387e-08 2.49651e-08 2.49651e-08 2.52362e-08 2.50123e-08 2.49651e-08 2.49653e-08
6.299837926e+00 2.51254e-08 2.49651e-08 2.49651e-08 2.50219e-08 2.51084e-08 2.49651e-08 2.49653e-08
6.331337116e+00 2.58397e-08 2.49651e-08 2.49651e-08 2.58371e-08 2.50486e-08 2.49651e-08 2.49653e-08
6.362993801e+00 2.60509e-08 2.49651e-08 2.49651e-08 2.60506e-08 2.49704e-08 2.49651e-08 2.49653e-08
6.394808770e+00 2.61652e-08 2.49651e-08 2.49651e-08 2.61641e-08 2.50232e-08 2.49651e-08 2.49653e-08
6.426782814e+00 2.66621e-08 2.49651e-08 2.49651e-08 2.66612e-08 2.50128e-08 2.49651e-08 2.49653e-08
6.458916728e+00 2.53046e-08 2.49651e-08 2.49651e-08 2.52788e-08 2.50778e-08 2.49651e-08 2.49653e-08
6.491211312e+00 2.78420e-08 2.49651e-08 2.49651e-08 2.77821e-08 2.56253e-08 2.49651e-08 2.49653e-08
6.523667368e+00 2.59899e-08 2.49651e-08 2.49651e-08 2.59006e-08 2.54155e-08 2.49651e-08 2.49653e-08
6.556285705e+00 2.59275e-08 2.49651e-08 2.49651e-08 2.59272e-08 2.49774e-08 2.49651e-08 2.49652e-08
6.589067134e+00 2.60765e-08 2.49651e-08 2.49651e-08 2.60762e-08 2.49723e-08 2.49651e-08 2.49652e-08
6.622012469e+00 2.57884e-08 2.49651e-08 2.49651e-08 2.57878e-08 2.49831e-08 2.49651e-08 2.49652e-08
6.655122532e+00 2.60340e-08 2.49651e-08 2.49651e-08 2.60310e-08 2.50627e-08 2.49651e-08 2.49652e-08
6.688398144e+00 2.54258e-08 2.49651e-08 2.49651e-08 2.54146e-08 2.50699e-08 2.49651e-08 2.49652e-08
6.721840135e+00 2.56112e-08 2.49651e-08 2.49651e-08 2.56075e-08 2.50432e-08 2.49651e-08 2.49652e-08
6.755449336e+00 2.51183e-08 2.49651e-08 2.49651e-08 2.50981e-08 2.50346e-08 2.49651e-08 2.49652e-08
6.789226583e+00 2.57721e-08 2.49651e-08 2.49651e-08 2.57329e-08 2.52374e-08 2.49651e-08 2.49652e-08
6.823172715e+00 2.56166e-08 2.49651e-08 2.49651e-08 2.55814e-08 2.51740e-08 2.49651e-08 2.49652e-08
6.857288579e+00 2.59197e-08 2.49651e-08 2.49651e-08 2.59133e-08 2.50854e-08 2.49651e-08 2.49652e-08
6.891575022e+00 2.52616e-08 2.49651e-08 2.49651e-08 2.51871e-08 2.51604e-08 2.49651e-08 2.49652e-08
6.926032897e+00 2.51229e-08 2.49651e-08 2.49651e-08 2.50598e-08 2.50762e-08 2.49651e-08 2.49652e-08
6.960663062e+00 2.55458e-08 2.49651e-08 2.49651e-08 2.55375e-08 2.50492e-08 2.49651e-08 2.49652e-08
6.995466377e+00 2.52238e-08 2.49651e-08 2.49651e-08 2.52013e-08 2.50358e-08 2.49651e-08 2.49652e-08
7.030443709e+00 2.52751e-08 2.49651e-08 2.49651e-08 2.52613e-08 2.50365e-08 2.49651e-08 2.49652e-08
7.065595927e+00 2.52537e-08 2.49651e-08 2.49651e-08 2.52385e-08 2.50341e-08 2.49651e-08 2.49651e-08
7.100923907e+00 2.50608e-08 2.49651e-08 2.49651e-08 2.50238e-08 2.50345e-08 2.49651e-08 2.49651e-08
7.136428526e+00 2.51257e-08 2.49651e-08 2.49651e-08 2.51095e-08 2.50259e-08 2.49651e-08 2.49651e-08
7.172110669e+00 2.51873e-08 2.49651e-08 2.49651e-08 2.51769e-08 2.50326e-08 2.49651e-08 2.49651e-08
7.207971222e+00 2.51784e-08 2.49651e-08 2.49651e-08 2.51495e-08 2.50742e-08 2.49651e-08 2.49651e-08
7.244011079e+00 2.51249e-08 2.49651e-08 2.49651e-08 2.50501e-08 2.50945e-08 2.49651e-08 2.49651e-08
7.280231134e+00 2.52686e-08 2.49651e-08 2.49651e-08 2.51951e-08 2.51596e-08 2.49651e-08 2.49651e-08
7.316632290e+00 2.53784e-08 2.49651e-08 2.49651e-08 2.50540e-08 2.53697e-08 2.49651e-08 2.49651e-08
7.353215451e+00 2.55684e-08 2.49651e-08 2.49651e-08 2.50816e-08 2.55603e-08 2.49651e-08 2.49651e-08
7.389981528e+00 2.62541e-08 2.49651e-08 2.49651e-08 2.50139e-08 2.62535e-08 2.49651e-08 2.49651e-08
7.426931436e+00 2.65947e-08 2.49651e-08 2.49651e-08 2.50370e-08 2.65938e-08 2.49651e-08 2.49651e-08
7.464066093e+00 2.67705e-08 2.49651e-08 2.49651e-08 2.50626e-08 2.67690e-08 2.49651e-08 2.49651e-08
7.501386424e+00 2.71234e-08 2.49651e-08 2.49651e-08 2.50142e-08 2.71229e-08 2.49651e-08 2.49651e-08
7.538893356e+00 2.62978e-08 2.49651e-08 2.49651e-08 2.50162e-08 2.62970e-08 2.49651e-08 2.49652e-08
7.576587822e+00 2.58573e-08 2.49651e-08 2.49651e-08 2.50442e-08 2.58550e-08 2.49651e-08 2.49652e-08
7.614470762e+00 2.56755e-08 2.49651e-08 2.49651e-08 2.49967e-08 2.56742e-08 2.49651e-08 2.49652e-08
7.652543115e+00 2.89408e-08 2.49651e-08 2.49651e-08 2.49976e-08 2.89406e-08 2.49651e-08 2.49652e-08
7.690805831e+00 2.74799e-08 2.49651e-08 2.49651e-08 2.49665e-08 2.74798e-08 2.49651e-08 2.49652e-08
7.729259860e+00 2.66256e-08 2.49651e-08 2.49651e-08 2.49715e-08 2.66255e-08 2.49651e-08 2.49652e-08
7.767906159e+00 2.62283e-08 2.49651e-08 2.49651e-08 2.49827e-08 2.62280e-08 2.49651e-08 2.49652e-08
7.806745690e+00 2.62334e-08 2.49651e-08 2.49651e-08 2.49736e-08 2.62332e-08 2.49651e-08 2.49652e-08
7.845779419e+00 2.58774e-08 2.49651e-08 2.49651e-08 2.49777e-08 2.58772e-08 2.49651e-08 2.49652e-08
7.885008316e+00 2.65020e-08 2.49651e-08 2.49651e-08 2.49851e-08 2.65018e-08 2.49651e-08 2.49652e-08
7.924433357e+00 2.62261e-08 2.49651e-08 2.49651e-08 2.49901e-08 2.62259e-08 2.49651e-08 2.49652e-08
7.964055524e+00 2.56098e-08 2.49651e-08 2.49651e-08 2.49724e-08 2.56096e-08 2.49651e-08 2.49652e-08
8.003875802e+00 2.55245e-08 2.49651e-08 2.49651e-08 2.49688e-08 2.55243e-08 2.49651e-08 2.49652e-08
8.043895181e+00 2.53817e-08 2.49651e-08 2.49651e-08 2.49755e-08 2.53815e-08 2.49651e-08 2.49652e-08
8.084114657e+00 2.52891e-08 2.49651e-08 2.49651e-08 2.49679e-08 2.52889e-08 2.49651e-08 2.49652e-08
8.124535230e+00 2.51975e-08 2.49651e-08 2.49651e-08 2.49651e-08 2.51973e-08 2.49651e-08 2.49652e-08
8.165157906e+00 2.50752e-08 2.49651e-08 2.49651e-08 2.49684e-08 2.50747e-08 2.49651e-08 2.49652e-08
8.205983696e+00 2.51206e-08 2.49651e-08 2.49651e-08 2.49673e-08 2.51202e-08 2.49651e-08 2.49652e-08
8.247013614e+00 2.50456e-08 2.49651e-08 2.49651e-08 2.49719e-08 2.50436e-08 2.49651e-08 2.49652e-08
8.288248682e+00 2.50279e-08 2.49651e-08 2.49651e-08 2.49656e-08 2.50275e-08 2.49651e-08 2.49652e-08
8.329689926e+00 2.50525e-08 2.49651e-08 2.49651e-08 2.49667e-08 2.50520e-08 2.49651e-08 2.49653e-08
8.371338375e+00 2.50134e-08 2.49651e-08 2.49651e-08 2.49653e-08 2.50132e-08 2.49651e-08 2.49653e-08
8.413195067e+00 2.50192e-08 2.49651e-08 2.49651e-08 2.49660e-08 2.50188e-08 2.49651e-08 2.49653e-08
8.455261042e+00 2.50240e-08 2.49651e-08 2.49651e-08 2.49651e-08 2.50238e-08 2.49651e-08 2.49653e-08
8.497537348e+00 2.50233e-08 2.49651e-08 2.49651e-08 2.49675e-08 2.50227e-08 2.49651e-08 2.49653e-08
8.540025034e+00 2.50221e-08 2.49651e-08 2.49651e-08 2.49651e-08 2.50219e-08 2.49651e-08 2.49653e-08
8.582725160e+00 2.50447e-08 2.49651e-08 2.49651e-08 2.49664e-08 2.50441e-08 2.49651e-08 2.49653e-08
8.625638785e+00 2.50731e-08 2.49651e-08 2.49651e-08 2.49651e-08 2.50729e-08 2.49651e-08 2.49653e-08
8.668766979e+00 2.50284e-08 2.49651e-08 2.49651e-08 2.49652e-08 2.50281e-08 2.49651e-08 2.49653e-08
8.712110814e+00 2.50075e-08 2.49651e-08 2.49651e-08 2.49651e-08 2.50073e-08 2.49651e-08 2.49653e-08
8.755671368e+00 2.50027e-08 2.49651e-08 2.49651e-08 2.49651e-08 2.50024e-08 2.49651e-08 2.49653e-08
8.799449725e+00 2.50069e-08 2.49651e-08 2.49651e-08 2.49656e-08 2.50065e-08 2.49651e-08 2.49653e-08
8.843446974e+00 2.49891e-08 2.49651e-08 2.49651e-08 2.49651e-08 2.49888e-08 2.49651e-08 2.49653e-08
8.887664209e+00 2.49917e-08 2.49651e-08 2.49651e-08 2.49651e-08 2.49914e-08 2.49651e-08 2.49653e-08
8.932102530e+00 2.49902e-08 2.49651e-08 2.49651e-08 2.49651e-08 2.49900e-08 2.49651e-08 2.49653e-08
8.976763042e+00 2.49829e-08 2.49651e-08 2.49651e-08 2.49651e-08 2.49826e-08 2.49651e-08 2.49653e-08
9.021646857e+00 2.49799e-08 2.49651e-08 2.49651e-08 2.49651e-08 2.49796e-08 2.49651e-08 2.49653e-08
9.066755092e+00 2.49735e-08 2.49651e-08 2.49651e-08 2.49651e-08 2.49732e-08 2.49651e-08 2.49653e-08
9.112088867e+00 2.49732e-08 2.49651e-08 2.49651e-08 2.49651e-08 2.49729e-08 2.49651e-08 2.49653e-08
9.157649312e+00 2.49681e-08 2.49651e-08 2.49651e-08 2.49651e-08 2.49678e-08 2.49651e-08 2.49653e-08
9.203437558e+00 2.49686e-08 2.49651e-08 2.49651e-08 2.49651e-08 2.49683e-08 2.49651e-08 2.49653e-08
9.249454746e+00 2.49673e-08 2.49651e-08 2.49651e-08 2.49651e-08 2.49670e-08 2.49651e-08 2.49653e-08
9.295702020e+00 2.49666e-08 2.49651e-08 2.49651e-08 2.49651e-08 2.49663e-08 2.49651e-08 2.49654e-08
9.342180530e+00 2.49662e-08 2.49651e-08 2.49651e-08 2.49651e-08 2.49659e-08 2.49651e-08 2.49654e-08
9.388891432e+00 2.49657e-08 2.49651e-08 2.49651e-08 2.49651e-08 2.49654e-08 2.49651e-08 2.49654e-08
9.435835890e+00 2.49658e-08 2.49651e-08 2.49651e-08 2.49651e-08 2.49654e-08 2.49651e-08 2.49654e-08
9.483015069e+00 2.49656e-08 2.49651e-08 2.49651e-08 2.49651e-08 2.49653e-08 2.49651e-08 2.49654e-08
9.530430144e+00 2.49655e-08 2.49651e-08 2.49651e-08 2.49651e-08 2.49651e-08 2.49651e-08 2.49654e-08
9.578082295e+00 2.49655e-08 2.49651e-08 2.49651e-08 2.49651e-08 2.49651e-08 2.49651e-08 2.49654e-08
9.625972707e+00 2.49655e-08 2.49651e-08 2.49651e-08 2.49651e-08 2.49651e-08 2.49651e-08 2.49654e-08
9.674102570e+00 2.49655e-08 2.49651e-08 2.49651e-08 2.49651e-08 2.49651e-08 2.49651e-08 2.49654e-08
9.722473083e+00 2.49655e-08 2.49651e-08 2.49651e-08 2.49651e-08 2.49651e-08 2.49651e-08 2.49655e-08
9.771085448e+00 2.49655e-08 2.49651e-08 2.49651e-08 2.49651e-08 2.49651e-08 2.49651e-08 2.49655e-08
9.819940876e+00 2.49655e-08 2.49651e-08 2.49651e-08 2.49651e-08 2.49651e-08 2.49651e-08 2.49655e-08
9.869040580e+00 2.49655e-08 2.49651e-08 2.49651e-08 2.49651e-08 2.49651e-08 2.49651e-08 2.49655e-08
9.918385783e+00 2.49655e-08 2.49651e-08 2.49651e-08 2.49651e-08 2.49651e-08 2.49651e-08 2.49655e-08
9.967977712e+00 2.49655e-08 2.49651e-08 2.49651e-08 2.49651e-08 2.49651e-08 2.49651e-08 2.49655e-08
1.001781760e+01 2.49655e-08 2.49651e-08 2.49651e-08 2.49651e-08 2.49651e-08 2.49651e-08 2.49655e-08
1.006790669e+01 2.49655e-08 2.49651e-08 2.49651e-08 2.49651e-08 2.49651e-08 2.49651e-08 2.49655e-08
1.011824622e+01 2.49656e-08 2.49651e-08 2.49651e-08 2.49651e-08 2.49651e-08 2.49651e-08 2.49656e-08
1.016883745e+01 2.49656e-08 2.49651e-08 2.49651e-08 2.49651e-08 2.49651e-08 2.49651e-08 2.49656e-08
1.021968164e+01 2.49656e-08 2.49651e-08 2.49651e-08 2.49651e-08 2.49651e-08 2.49651e-08 2.49656e-08
1.027078005e+01 2.49656e-08 2.49651e-08 2.49651e-08 2.49651e-08 2.49651e-08 2.49651e-08 2.49656e-08
1.032213395e+01 2.49656e-08 2.49651e-08 2.49651e-08 2.49651e-08 2.49651e-08 2.49651e-08 2.49656e-08
1.037374462e+01 2.49656e-08 2.49651e-08 2.49651e-08 2.49651e-08 2.49651e-08 2.49651e-08 2.49656e-08
1.042561334e+01 2.49657e-08 2.49651e-08 2.49651e-08 2.49651e-08 2.49651e-08 2.49651e-08 2.49657e-08
1.047774141e+01 2.49657e-08 2.49651e-08 2.49651e-08 2.49651e-08 2.49651e-08 2.49651e-08 2.49657e-08
1.053013012e+01 2.49657e-08 2.49651e-08 2.49651e-08 2.49651e-08 2.49651e-08 2.49651e-08 2.49657e-08
1.058278077e+01 2.49657e-08 2.49651e-08 2.49651e-08 2.49651e-08 2.49651e-08 2.49651e-08 2.49657e-08
1.063569467e+01 2.49657e-08 2.49651e-08 2.49651e-08 2.49651e-08 2.49651e-08 2.49651e-08 2.49657e-08
1.068887314e+01 2.49658e-08 2.49651e-08 2.49651e-08 2.49651e-08 2.49651e-08 2.49651e-08 2.49658e-08
1.074231751e+01 2.49658e-08 2.49651e-08 2.49651e-08 2.49651e-08 2.49651e-08 2.49651e-08 2.49658e-08
1.079602910e+01 2.49659e-08 2.49651e-08 2.49651e-08 2.49652e-08 2.49651e-08 2.49651e-08 2.49658e-08
1.085000924e+01 2.49658e-08 2.49651e-08 2.49651e-08 2.49651e-08 2.49651e-08 2.49651e-08 2.49658e-08
1.090425929e+01 2.49658e-08 2.49651e-08 2.49651e-08 2.49651e-08 2.49651e-08 2.49651e-08 2.49658e-08
1.095878058e+01 2.49659e-08 2.49651e-08 2.49651e-08 2.49651e-08 2.49651e-08 2.49651e-08 2.49659e-08
1.101357449e+01 2.49659e-08 2.49651e-08 2.49651e-08 2.49651e-08 2.49651e-08 2.49651e-08 2.49659e-08
1.106864236e+01 2.49659e-08 2.49651e-08 2.49651e-08 2.49651e-08 2.49651e-08 2.49651e-08 2.49659e-08
1.112398557e+01 2.49659e-08 2.49651e-08 2.49651e-08 2.49651e-08 2.49651e-08 2.49651e-08 2.49659e-08
1.117960550e+01 2.49660e-08 2.49651e-08 2.49651e-08 2.49651e-08 2.49651e-08 2.49651e-08 2.49660e-08
1.123550353e+01 2.49660e-08 2.49651e-08 2.49651e-08 2.49651e-08 2.49651e-08 2.49651e-08 2.49660e-08
1.129168104e+01 2.49662e-08 2.49651e-08 2.49651e-08 2.49652e-08 2.49651e-08 2.49651e-08 2.49660e-08
1.134813945e+01 2.49661e-08 2.49651e-08 2.49651e-08 2.49651e-08 2.49651e-08 2.49651e-08 2.49661e-08
1.140488015e+01 2.49661e-08 2.49651e-08 2.49651e-08 2.49651e-08 2.49651e-08 2.49651e-08 2.49661e-08
1.146190455e+01 2.49662e-08 2.49651e-08 2.49651e-08 2.49651e-08 2.49651e-08 2.49651e-08 2.49661e-08
1.151921407e+01 2.49662e-08 2.49651e-08 2.49651e-08 2.49651e-08 2.49651e-08 2.49651e-08 2.49662e-08
1.157681014e+01 2.49662e-08 2.49651e-08 2.49651e-08 2.49651e-08 2.49651e-08 2.49651e-08 2.49662e-08
1.163469419e+01 2.49662e-08 2.49651e-08 2.49651e-08 2.49651e-08 2.49651e-08 2.49651e-08 2.49662e-08
1.169286766e+01 2.49663e-08 2.49651e-08 2.49651e-08 2.49651e-08 2.49651e-08 2.49651e-08 2.49663e-08
1.175133200e+01 2.49663e-08 2.49651e-08 2.49651e-08 2.49651e-08 2.49651e-08 2.49651e-08 2.49663e-08
1.181008866e+01 2.49664e-08 2.49651e-08 2.49651e-08 2.49651e-08 2.49651e-08 2.49651e-08 2.49664e-08
1.186913910e+01 2.49668e-08 2.49651e-08 2.49651e-08 2.49655e-08 2.49651e-08 2.49651e-08 2.49664e-08
1.192848480e+01 2.49664e-08 2.49651e-08 2.49651e-08 2.49651e-08 2.49651e-08 2.49651e-08 2.49664e-08
1.198812722e+01 2.49665e-08 2.49651e-08 2.49651e-08 2.49651e-08 2.49651e-08 2.49651e-08 2.49665e-08
1.204806786e+01 2.49665e-08 2.49651e-08 2.49651e-08 2.49651e-08 2.49651e-08 2.49651e-08 2.49665e-08
1.210830820e+01 2.49676e-08 2.49651e-08 2.49651e-08 2.49662e-08 2.49651e-08 2.49651e-08 2.49665e-08
1.216884974e+01 2.49666e-08 2.49651e-08 2.49651e-08 2.49651e-08 2.49651e-08 2.49651e-08 2.49666e-08
1.222969399e+01 2.49666e-08 2.49651e-08 2.49651e-08 2.49651e-08 2.49651e-08 2.49651e-08 2.49666e-08
1.229084246e+01 2.49673e-08 2.49657e-08 2.49651e-08 2.49651e-08 2.49651e-08 2.49651e-08 2.49666e-08
1.235229667e+01 2.49673e-08 2.49651e-08 2.49651e-08 2.49657e-08 2.49651e-08 2.49651e-08 2.49667e-08
1.241405815e+01 2.49667e-08 2.49651e-08 2.49651e-08 2.49651e-08 2.49651e-08 2.49651e-08 2.49667e-08
1.247612845e+01 2.49667e-08 2.49651e-08 2.49651e-08 2.49651e-08 2.49651e-08 2.49651e-08 2.49667e-08
1.253850909e+01 2.49693e-08 2.49651e-08 2.49651e-08 2.49675e-08 2.49651e-08 2.49651e-08 2.49668e-08
1.260120163e+01 2.49668e-08 2.49651e-08 2.49651e-08 2.49651e-08 2.49651e-08 2.49651e-08 2.49668e-08
1.266420764e+01 2.49669e-08 2.49651e-08 2.49651e-08 2.49651e-08 2.49651e-08 2.49651e-08 2.49669e-08
1.272752868e+01 2.49675e-08 2.49651e-08 2.49651e-08 2.49656e-08 2.49651e-08 2.49651e-08 2.49669e-08
1.279116632e+01 2.49669e-08 2.49651e-08 2.49651e-08 2.49651e-08 2.49651e-08 2.49651e-08 2.49669e-08
1.285512215e+01 2.49670e-08 2.49651e-08 2.49651e-08 2.49651e-08 2.49651e-08 2.49651e-08 2.49670e-08
1.291939776e+01 2.49670e-08 2.49651e-08 2.49651e-08 2.49651e-08 2.49651e-08 2.49651e-08 2.49670e-08
1.298399475e+01 2.49730e-08 2.49651e-08 2.49651e-08 2.49710e-08 2.49651e-08 2.49651e-08 2.49671e-08
1.304891473e+01 2.49671e-08 2.49651e-08 2.49651e-08 2.49651e-08 2.49651e-08 2.49651e-08 2.49671e-08
1.311415930e+01 2.49672e-08 2.49651e-08 2.49651e-08 2.49651e-08 2.49651e-08 2.49651e-08 2.49672e-08
1.317973010e+01 2.49673e-08 2.49651e-08 2.49651e-08 2.49651e-08 2.49651e-08 2.49651e-08 2.49673e-08
1.324562875e+01 2.49676e-08 2.49651e-08 2.49651e-08 2.49653e-08 2.49651e-08 2.49651e-08 2.49673e-08
1.331185689e+01 2.49674e-08 2.49651e-08 2.49651e-08 2.49651e-08 2.49651e-08 2.49651e-08 2.49674e-08
1.337841618e+01 2.49679e-08 2.49651e-08 2.49651e-08 2.49655e-08 2.49651e-08 2.49651e-08 2.49675e-08
1.344530826e+01 2.49676e-08 2.49651e-08 2.49651e-08 2.49651e-08 2.49651e-08 2.49651e-08 2.49675e-08
1.351253480e+01 2.49676e-08 2.49651e-08 2.49651e-08 2.49651e-08 2.49651e-08 2.49651e-08 2.49676e-08
1.358009747e+01 2.49677e-08 2.49651e-08 2.49651e-08 2.49651e-08 2.49651e-08 2.49651e-08 2.49677e-08
1.364799796e+01 2.49679e-08 2.49651e-08 2.49651e-08 2.49652e-08 2.49651e-08 2.49651e-08 2.49678e-08
1.371623795e+01 2.49693e-08 2.49651e-08 2.49651e-08 2.49665e-08 2.49651e-08 2.49651e-08 2.49679e-08
1.378481914e+01 2.49680e-08 2.49651e-08 2.49651e-08 2.49651e-08 2.49651e-08 2.49651e-08 2.49680e-08
1.385374323e+01 2.49681e-08 2.49651e-08 2.49651e-08 2.49651e-08 2.49651e-08 2.49651e-08 2.49681e-08
1.392301195e+01 2.49689e-08 2.49651e-08 2.49651e-08 2.49658e-08 2.49651e-08 2.49651e-08 2.49682e-08
1.399262701e+01 2.49684e-08 2.49651e-08 2.49651e-08 2.49651e-08 2.49651e-08 2.49651e-08 2.49683e-08
1.406259015e+01 2.49685e-08 2.49651e-08 2.49651e-08 2.49651e-08 2.49651e-08 2.49651e-08 2.49684e-08
1.413290310e+01 2.49808e-08 2.49651e-08 2.49651e-08 2.49773e-08 2.49651e-08 2.49651e-08 2.49686e-08
1.420356761e+01 2.49690e-08 2.49651e-08 2.49651e-08 2.49654e-08 2.49651e-08 2.49651e-08 2.49687e-08
1.427458545e+01 2.49688e-08 2.49651e-08 2.49651e-08 2.49651e-08 2.49651e-08 2.49651e-08 2.49688e-08
1.434595838e+01 2.49721e-08 2.49651e-08 2.49651e-08 2.49682e-08 2.49651e-08 2.49651e-08 2.49689e-08
1.441768817e+01 2.49694e-08 2.49651e-08 2.49651e-08 2.49654e-08 2.49651e-08 2.49651e-08 2.49691e-08
1.448977661e+01 2.49696e-08 2.49651e-08 2.49651e-08 2.49654e-08 2.49651e-08 2.49651e-08 2.49692e-08
1.456222549e+01 2.49696e-08 2.49651e-08 2.49651e-08 2.49653e-08 2.49651e-08 2.49651e-08 2.49694e-08
1.463503662e+01 2.49696e-08 2.49651e-08 2.49651e-08 2.49651e-08 2.49651e-08 2.49651e-08 2.49696e-08
1.470821180e+01 2.49699e-08 2.49651e-08 2.49651e-08 2.49652e-08 2.49651e-08 2.49651e-08 2.49697e-08
1.478175286e+01 2.49699e-08 2.49651e-08 2.49651e-08 2.49651e-08 2.49651e-08 2.49651e-08 2.49699e-08
1.485566163e+01 2.49795e-08 2.49651e-08 2.49651e-08 2.49745e-08 2.49651e-08 2.49651e-08 2.49701e-08
1.492993994e+01 2.50019e-08 2.49651e-08 2.49651e-08 2.49968e-08 2.49651e-08 2.49651e-08 2.49702e-08
1.500458964e+01 2.49705e-08 2.49651e-08 2.49651e-08 2.49651e-08 2.49651e-08 2.49651e-08 2.49704e-08
1.507961258e+01 2.49749e-08 2.49651e-08 2.49651e-08 2.49694e-08 2.49651e-08 2.49651e-08 2.49706e-08
1.515501065e+01 2.49791e-08 2.49651e-08 2.49651e-08 2.49734e-08 2.49651e-08 2.49651e-08 2.49708e-08
1.523078570e+01 2.49710e-08 2.49651e-08 2.49651e-08 2.49651e-08 2.49651e-08 2.49651e-08 2.49710e-08
1.530693963e+01 2.49712e-08 2.49651e-08 2.49651e-08 2.49651e-08 2.49651e-08 2.49651e-08 2.49712e-08
1.538347433e+01 2.49714e-08 2.49651e-08 2.49651e-08 2.49651e-08 2.49651e-08 2.49651e-08 2.49714e-08
1.546039170e+01 2.49761e-08 2.49651e-08 2.49651e-08 2.49695e-08 2.49651e-08 2.49651e-08 2.49716e-08
1.553769366e+01 2.49741e-08 2.49651e-08 2.49651e-08 2.49674e-08 2.49651e-08 2.49651e-08 2.49718e-08
1.561538212e+01 2.49721e-08 2.49651e-08 2.49651e-08 2.49652e-08 2.49651e-08 2.49651e-08 2.49720e-08
1.569345903e+01 2.49872e-08 2.49651e-08 2.49651e-08 2.49801e-08 2.49651e-08 2.49651e-08 2.49722e-08
1.577192633e+01 2.49737e-08 2.49651e-08 2.49651e-08 2.49663e-08 2.49651e-08 2.49651e-08 2.49724e-08
1.585078596e+01 2.49730e-08 2.49651e-08 2.49651e-08 2.49654e-08 2.49651e-08 2.49651e-08 2.49726e-08
1.593003989e+01 2.49729e-08 2.49651e-08 2.49651e-08 2.49651e-08 2.49651e-08 2.49651e-08 2.49728e-08
1.600969009e+01 2.49784e-08 2.49651e-08 2.49651e-08 2.49705e-08 2.49651e-08 2.49651e-08 2.49730e-08
1.608973854e+01 2.49732e-08 2.49651e-08 2.49651e-08 2.49651e-08 2.49651e-08 2.49651e-08 2.49732e-08
1.617018723e+01 2.49746e-08 2.49651e-08 2.49651e-08 2.49663e-08 2.49651e-08 2.49651e-08 2.49733e-08
1.625103817e+01 2.49848e-08 2.49651e-08 2.49651e-08 2.49764e-08 2.49651e-08 2.49651e-08 2.49734e-08
1.633229336e+01 2.49912e-08 2.49651e-08 2.49651e-08 2.49827e-08 2.49651e-08 2.49651e-08 2.49736e-08
1.641395483e+01 2.49738e-08 2.49651e-08 2.49651e-08 2.49652e-08 2.49651e-08 2.49651e-08 2.49737e-08
1.649602460e+01 2.49740e-08 2.49651e-08 2.49651e-08 2.49653e-08 2.49651e-08 2.49651e-08 2.49737e-08
1.657850473e+01 2.49738e-08 2.49651e-08 2.49651e-08 2.49651e-08 2.49651e-08 2.49651e-08 2.49738e-08
1.666139725e+01 2.49747e-08 2.49651e-08 2.49651e-08 2.49659e-08 2.49651e-08 2.49651e-08 2.49738e-08
1.674470424e+01 2.49740e-08 2.49651e-08 2.49651e-08 2.49653e-08 2.49651e-08 2.49651e-08 2.49738e-08
1.682842776e+01 2.49827e-08 2.49651e-08 2.49651e-08 2.49741e-08 2.49651e-08 2.49651e-08 2.49736e-08
1.691256990e+01 2.50058e-08 2.49651e-08 2.49651e-08 2.49973e-08 2.49651e-08 2.49651e-08 2.49737e-08
1.699713274e+01 2.49737e-08 2.49651e-08 2.49651e-08 2.49651e-08 2.49651e-08 2.49651e-08 2.49736e-08
